<?xml version="1.0" encoding="UTF-8" standalone="no" ?>
<gpx creator="CompeGPS" version="1.1" xsi:schemaLocation="http://www.topografix.com/GPX/1/1 http://www.topografix.com/GPX/1/1/gpx.xsd http://www.garmin.com/xmlschemas/WaypointExtension/v1 http://www8.garmin.com/xmlschemas/WaypointExtensionv1.xsd http://www.garmin.com/xmlschemas/TrackPointExtension/v1 http://www.garmin.com/xmlschemas/TrackPointExtensionv1.xsd http://www.garmin.com/xmlschemas/GpxExtensions/v3 http://www8.garmin.com/xmlschemas/GpxExtensionsv3.xsd http://www.garmin.com/xmlschemas/ActivityExtension/v1 http://www8.garmin.com/xmlschemas/ActivityExtensionv1.xsd http://www.garmin.com/xmlschemas/AdventuresExtensions/v1 http://www8.garmin.com/xmlschemas/AdventuresExtensionv1.xsd http://www.garmin.com/xmlschemas/PressureExtension/v1 http://www.garmin.com/xmlschemas/PressureExtensionv1.xsd http://www.garmin.com/xmlschemas/TripExtensions/v1 http://www.garmin.com/xmlschemas/TripExtensionsv1.xsd http://www.garmin.com/xmlschemas/TripMetaDataExtensions/v1 http://www.garmin.com/xmlschemas/TripMetaDataExtensionsv1.xsd http://www.garmin.com/xmlschemas/ViaPointTransportationModeExtensions/v1 http://www.garmin.com/xmlschemas/ViaPointTransportationModeExtensionsv1.xsd http://www.garmin.com/xmlschemas/CreationTimeExtension/v1 http://www.garmin.com/xmlschemas/CreationTimeExtensionsv1.xsd http://www.garmin.com/xmlschemas/AccelerationExtension/v1 http://www.garmin.com/xmlschemas/AccelerationExtensionv1.xsd http://www.garmin.com/xmlschemas/PowerExtension/v1 http://www.garmin.com/xmlschemas/PowerExtensionv1.xsd http://www.garmin.com/xmlschemas/VideoExtension/v1 http://www.garmin.com/xmlschemas/VideoExtensionv1.xsd" xmlns="http://www.topografix.com/GPX/1/1" xmlns:xsi="http://www.w3.org/2001/XMLSchema-instance" xmlns:wptx1="http://www.garmin.com/xmlschemas/WaypointExtension/v1" xmlns:gpxtrx="http://www.garmin.com/xmlschemas/GpxExtensions/v3" xmlns:gpxtpx="http://www.garmin.com/xmlschemas/TrackPointExtension/v1" xmlns:gpxx="http://www.garmin.com/xmlschemas/GpxExtensions/v3" xmlns:trp="http://www.garmin.com/xmlschemas/TripExtensions/v1" xmlns:adv="http://www.garmin.com/xmlschemas/AdventuresExtensions/v1" xmlns:prs="http://www.garmin.com/xmlschemas/PressureExtension/v1" xmlns:tmd="http://www.garmin.com/xmlschemas/TripMetaDataExtensions/v1" xmlns:vptm="http://www.garmin.com/xmlschemas/ViaPointTransportationModeExtensions/v1" xmlns:ctx="http://www.garmin.com/xmlschemas/CreationTimeExtension/v1" xmlns:gpxacc="http://www.garmin.com/xmlschemas/AccelerationExtension/v1" xmlns:gpxpx="http://www.garmin.com/xmlschemas/PowerExtension/v1" xmlns:vidx1="http://www.garmin.com/xmlschemas/VideoExtension/v1" xmlns:twonav="http://twonav.com/twonav">
  <metadata>
    <author>
      <email id="" domain=""/>
    </author>
    <copyright author="">
      <license></license>
    </copyright>
    <link href="http://www.compegps.com">
      <text>CompeGPS TEAM, SL</text>
    </link>
    <time>2026-02-11T08:28:08.000Z</time>
    <bounds maxlat="31.151278" maxlon="35.378174" minlat="31.093862" minlon="35.339391"/>
  </metadata>
  <trk>
    <name>amiaz22</name>
    <extensions>
      <line xmlns="http://www.topografix.com/GPX/gpx_style/0/2">
        <width>4</width>
      </line>
      <gpxx:TrackExtension>
        <gpxx:DisplayColor>DarkYellow</gpxx:DisplayColor>
      </gpxx:TrackExtension>
      <twonav:TwoNavExtension>
        <twonav:activity>4</twonav:activity>
        <twonav:terrain>0</twonav:terrain>
      </twonav:TwoNavExtension>
    </extensions>
    <trkseg>
      <trkpt lat="31.151278" lon="35.364571">
        <ele>-370.1</ele>
        <time>2026-02-11T04:53:05.000Z</time>
        <extensions>
          <gpxtpx:TrackPointExtension>
            <gpxtpx:hr>82</gpxtpx:hr>
            <gpxtpx:cad>51</gpxtpx:cad>
            <gpxtpx:atemp>301.65</gpxtpx:atemp>
          </gpxtpx:TrackPointExtension>
        </extensions>
      </trkpt>
      <trkpt lat="31.151160" lon="35.364624">
        <ele>-370.9</ele>
        <time>2026-02-11T04:53:13.000Z</time>
        <extensions>
          <gpxtpx:TrackPointExtension>
            <gpxtpx:hr>86</gpxtpx:hr>
            <gpxtpx:cad>74</gpxtpx:cad>
            <gpxtpx:atemp>301.65</gpxtpx:atemp>
          </gpxtpx:TrackPointExtension>
        </extensions>
      </trkpt>
      <trkpt lat="31.151096" lon="35.364701">
        <ele>-371.6</ele>
        <time>2026-02-11T04:53:18.000Z</time>
        <extensions>
          <gpxtpx:TrackPointExtension>
            <gpxtpx:hr>100</gpxtpx:hr>
            <gpxtpx:cad>70</gpxtpx:cad>
            <gpxtpx:atemp>301.65</gpxtpx:atemp>
          </gpxtpx:TrackPointExtension>
        </extensions>
      </trkpt>
      <trkpt lat="31.151069" lon="35.364838">
        <ele>-372.6</ele>
        <time>2026-02-11T04:53:25.000Z</time>
        <extensions>
          <gpxtpx:TrackPointExtension>
            <gpxtpx:hr>102</gpxtpx:hr>
            <gpxtpx:cad>71</gpxtpx:cad>
            <gpxtpx:atemp>301.65</gpxtpx:atemp>
          </gpxtpx:TrackPointExtension>
        </extensions>
      </trkpt>
      <trkpt lat="31.151081" lon="35.365011">
        <ele>-373.7</ele>
        <time>2026-02-11T04:53:33.000Z</time>
        <extensions>
          <gpxtpx:TrackPointExtension>
            <gpxtpx:hr>102</gpxtpx:hr>
            <gpxtpx:cad>70</gpxtpx:cad>
            <gpxtpx:atemp>301.65</gpxtpx:atemp>
          </gpxtpx:TrackPointExtension>
        </extensions>
      </trkpt>
      <trkpt lat="31.151129" lon="35.365207">
        <ele>-374.8</ele>
        <time>2026-02-11T04:53:43.000Z</time>
        <extensions>
          <gpxtpx:TrackPointExtension>
            <gpxtpx:hr>103</gpxtpx:hr>
            <gpxtpx:cad>75</gpxtpx:cad>
            <gpxtpx:atemp>300.65</gpxtpx:atemp>
          </gpxtpx:TrackPointExtension>
        </extensions>
      </trkpt>
      <trkpt lat="31.151118" lon="35.365357">
        <ele>-375.5</ele>
        <time>2026-02-11T04:53:50.000Z</time>
        <extensions>
          <gpxtpx:TrackPointExtension>
            <gpxtpx:hr>106</gpxtpx:hr>
            <gpxtpx:cad>74</gpxtpx:cad>
            <gpxtpx:atemp>300.65</gpxtpx:atemp>
          </gpxtpx:TrackPointExtension>
        </extensions>
      </trkpt>
      <trkpt lat="31.150995" lon="35.365488">
        <ele>-376.4</ele>
        <time>2026-02-11T04:54:00.000Z</time>
        <extensions>
          <gpxtpx:TrackPointExtension>
            <gpxtpx:hr>109</gpxtpx:hr>
            <gpxtpx:cad>76</gpxtpx:cad>
            <gpxtpx:atemp>300.65</gpxtpx:atemp>
          </gpxtpx:TrackPointExtension>
        </extensions>
      </trkpt>
      <trkpt lat="31.150760" lon="35.365535">
        <ele>-377.3</ele>
        <time>2026-02-11T04:54:12.000Z</time>
        <extensions>
          <gpxtpx:TrackPointExtension>
            <gpxtpx:hr>113</gpxtpx:hr>
            <gpxtpx:cad>78</gpxtpx:cad>
            <gpxtpx:atemp>300.65</gpxtpx:atemp>
          </gpxtpx:TrackPointExtension>
        </extensions>
      </trkpt>
      <trkpt lat="31.150572" lon="35.365545">
        <ele>-378.0</ele>
        <time>2026-02-11T04:54:22.000Z</time>
        <extensions>
          <gpxtpx:TrackPointExtension>
            <gpxtpx:hr>115</gpxtpx:hr>
            <gpxtpx:cad>76</gpxtpx:cad>
            <gpxtpx:atemp>299.65</gpxtpx:atemp>
          </gpxtpx:TrackPointExtension>
        </extensions>
      </trkpt>
      <trkpt lat="31.150356" lon="35.365419">
        <ele>-378.5</ele>
        <time>2026-02-11T04:54:35.000Z</time>
        <extensions>
          <gpxtpx:TrackPointExtension>
            <gpxtpx:hr>119</gpxtpx:hr>
            <gpxtpx:cad>76</gpxtpx:cad>
            <gpxtpx:atemp>299.65</gpxtpx:atemp>
          </gpxtpx:TrackPointExtension>
        </extensions>
      </trkpt>
      <trkpt lat="31.150272" lon="35.365340">
        <ele>-378.4</ele>
        <time>2026-02-11T04:54:41.000Z</time>
        <extensions>
          <gpxtpx:TrackPointExtension>
            <gpxtpx:hr>119</gpxtpx:hr>
            <gpxtpx:cad>75</gpxtpx:cad>
            <gpxtpx:atemp>299.65</gpxtpx:atemp>
          </gpxtpx:TrackPointExtension>
        </extensions>
      </trkpt>
      <trkpt lat="31.150119" lon="35.365244">
        <ele>-378.1</ele>
        <time>2026-02-11T04:54:51.000Z</time>
        <extensions>
          <gpxtpx:TrackPointExtension>
            <gpxtpx:hr>123</gpxtpx:hr>
            <gpxtpx:cad>72</gpxtpx:cad>
            <gpxtpx:atemp>299.65</gpxtpx:atemp>
          </gpxtpx:TrackPointExtension>
        </extensions>
      </trkpt>
      <trkpt lat="31.150066" lon="35.365215">
        <ele>-377.9</ele>
        <time>2026-02-11T04:54:55.000Z</time>
        <extensions>
          <gpxtpx:TrackPointExtension>
            <gpxtpx:hr>124</gpxtpx:hr>
            <gpxtpx:cad>72</gpxtpx:cad>
            <gpxtpx:atemp>299.65</gpxtpx:atemp>
          </gpxtpx:TrackPointExtension>
        </extensions>
      </trkpt>
      <trkpt lat="31.149908" lon="35.365080">
        <ele>-376.5</ele>
        <time>2026-02-11T04:55:07.000Z</time>
        <extensions>
          <gpxtpx:TrackPointExtension>
            <gpxtpx:hr>127</gpxtpx:hr>
            <gpxtpx:cad>74</gpxtpx:cad>
            <gpxtpx:atemp>299.65</gpxtpx:atemp>
          </gpxtpx:TrackPointExtension>
        </extensions>
      </trkpt>
      <trkpt lat="31.149779" lon="35.364998">
        <ele>-374.7</ele>
        <time>2026-02-11T04:55:17.000Z</time>
        <extensions>
          <gpxtpx:TrackPointExtension>
            <gpxtpx:hr>132</gpxtpx:hr>
            <gpxtpx:cad>72</gpxtpx:cad>
            <gpxtpx:atemp>299.65</gpxtpx:atemp>
          </gpxtpx:TrackPointExtension>
        </extensions>
      </trkpt>
      <trkpt lat="31.149600" lon="35.364966">
        <ele>-372.4</ele>
        <time>2026-02-11T04:55:30.000Z</time>
        <extensions>
          <gpxtpx:TrackPointExtension>
            <gpxtpx:hr>137</gpxtpx:hr>
            <gpxtpx:cad>70</gpxtpx:cad>
            <gpxtpx:atemp>298.65</gpxtpx:atemp>
          </gpxtpx:TrackPointExtension>
        </extensions>
      </trkpt>
      <trkpt lat="31.149415" lon="35.365020">
        <ele>-370.9</ele>
        <time>2026-02-11T04:55:42.000Z</time>
        <extensions>
          <gpxtpx:TrackPointExtension>
            <gpxtpx:hr>142</gpxtpx:hr>
            <gpxtpx:cad>71</gpxtpx:cad>
            <gpxtpx:atemp>298.65</gpxtpx:atemp>
          </gpxtpx:TrackPointExtension>
        </extensions>
      </trkpt>
      <trkpt lat="31.149198" lon="35.365096">
        <ele>-370.7</ele>
        <time>2026-02-11T04:55:54.000Z</time>
        <extensions>
          <gpxtpx:TrackPointExtension>
            <gpxtpx:hr>144</gpxtpx:hr>
            <gpxtpx:cad>76</gpxtpx:cad>
            <gpxtpx:atemp>298.65</gpxtpx:atemp>
          </gpxtpx:TrackPointExtension>
        </extensions>
      </trkpt>
      <trkpt lat="31.149098" lon="35.365159">
        <ele>-370.8</ele>
        <time>2026-02-11T04:56:00.000Z</time>
        <extensions>
          <gpxtpx:TrackPointExtension>
            <gpxtpx:hr>142</gpxtpx:hr>
            <gpxtpx:cad>75</gpxtpx:cad>
            <gpxtpx:atemp>298.65</gpxtpx:atemp>
          </gpxtpx:TrackPointExtension>
        </extensions>
      </trkpt>
      <trkpt lat="31.149014" lon="35.365284">
        <ele>-370.9</ele>
        <time>2026-02-11T04:56:07.000Z</time>
        <extensions>
          <gpxtpx:TrackPointExtension>
            <gpxtpx:hr>141</gpxtpx:hr>
            <gpxtpx:cad>76</gpxtpx:cad>
            <gpxtpx:atemp>298.65</gpxtpx:atemp>
          </gpxtpx:TrackPointExtension>
        </extensions>
      </trkpt>
      <trkpt lat="31.148847" lon="35.365485">
        <ele>-370.9</ele>
        <time>2026-02-11T04:56:19.000Z</time>
        <extensions>
          <gpxtpx:TrackPointExtension>
            <gpxtpx:hr>138</gpxtpx:hr>
            <gpxtpx:cad>77</gpxtpx:cad>
            <gpxtpx:atemp>298.65</gpxtpx:atemp>
          </gpxtpx:TrackPointExtension>
        </extensions>
      </trkpt>
      <trkpt lat="31.148731" lon="35.365565">
        <ele>-370.9</ele>
        <time>2026-02-11T04:56:26.000Z</time>
        <extensions>
          <gpxtpx:TrackPointExtension>
            <gpxtpx:hr>138</gpxtpx:hr>
            <gpxtpx:cad>76</gpxtpx:cad>
            <gpxtpx:atemp>298.65</gpxtpx:atemp>
          </gpxtpx:TrackPointExtension>
        </extensions>
      </trkpt>
      <trkpt lat="31.148592" lon="35.365599">
        <ele>-370.9</ele>
        <time>2026-02-11T04:56:33.000Z</time>
        <extensions>
          <gpxtpx:TrackPointExtension>
            <gpxtpx:hr>138</gpxtpx:hr>
            <gpxtpx:cad>76</gpxtpx:cad>
            <gpxtpx:atemp>298.65</gpxtpx:atemp>
          </gpxtpx:TrackPointExtension>
        </extensions>
      </trkpt>
      <trkpt lat="31.148387" lon="35.365575">
        <ele>-371.0</ele>
        <time>2026-02-11T04:56:43.000Z</time>
        <extensions>
          <gpxtpx:TrackPointExtension>
            <gpxtpx:hr>139</gpxtpx:hr>
            <gpxtpx:cad>77</gpxtpx:cad>
            <gpxtpx:atemp>298.65</gpxtpx:atemp>
          </gpxtpx:TrackPointExtension>
        </extensions>
      </trkpt>
      <trkpt lat="31.148195" lon="35.365510">
        <ele>-371.0</ele>
        <time>2026-02-11T04:56:53.000Z</time>
        <extensions>
          <gpxtpx:TrackPointExtension>
            <gpxtpx:hr>138</gpxtpx:hr>
            <gpxtpx:cad>76</gpxtpx:cad>
            <gpxtpx:atemp>298.65</gpxtpx:atemp>
          </gpxtpx:TrackPointExtension>
        </extensions>
      </trkpt>
      <trkpt lat="31.148138" lon="35.365485">
        <ele>-371.0</ele>
        <time>2026-02-11T04:56:56.000Z</time>
        <extensions>
          <gpxtpx:TrackPointExtension>
            <gpxtpx:hr>138</gpxtpx:hr>
            <gpxtpx:cad>77</gpxtpx:cad>
            <gpxtpx:atemp>298.65</gpxtpx:atemp>
          </gpxtpx:TrackPointExtension>
        </extensions>
      </trkpt>
      <trkpt lat="31.147935" lon="35.365445">
        <ele>-370.8</ele>
        <time>2026-02-11T04:57:06.000Z</time>
        <extensions>
          <gpxtpx:TrackPointExtension>
            <gpxtpx:hr>137</gpxtpx:hr>
            <gpxtpx:cad>78</gpxtpx:cad>
            <gpxtpx:atemp>297.65</gpxtpx:atemp>
          </gpxtpx:TrackPointExtension>
        </extensions>
      </trkpt>
      <trkpt lat="31.147810" lon="35.365445">
        <ele>-370.8</ele>
        <time>2026-02-11T04:57:12.000Z</time>
        <extensions>
          <gpxtpx:TrackPointExtension>
            <gpxtpx:hr>137</gpxtpx:hr>
            <gpxtpx:cad>78</gpxtpx:cad>
            <gpxtpx:atemp>297.65</gpxtpx:atemp>
          </gpxtpx:TrackPointExtension>
        </extensions>
      </trkpt>
      <trkpt lat="31.147600" lon="35.365455">
        <ele>-371.0</ele>
        <time>2026-02-11T04:57:22.000Z</time>
        <extensions>
          <gpxtpx:TrackPointExtension>
            <gpxtpx:hr>137</gpxtpx:hr>
            <gpxtpx:cad>78</gpxtpx:cad>
            <gpxtpx:atemp>297.65</gpxtpx:atemp>
          </gpxtpx:TrackPointExtension>
        </extensions>
      </trkpt>
      <trkpt lat="31.147515" lon="35.365448">
        <ele>-371.2</ele>
        <time>2026-02-11T04:57:26.000Z</time>
        <extensions>
          <gpxtpx:TrackPointExtension>
            <gpxtpx:hr>140</gpxtpx:hr>
            <gpxtpx:cad>77</gpxtpx:cad>
            <gpxtpx:atemp>297.65</gpxtpx:atemp>
          </gpxtpx:TrackPointExtension>
        </extensions>
      </trkpt>
      <trkpt lat="31.147362" lon="35.365452">
        <ele>-371.7</ele>
        <time>2026-02-11T04:57:33.000Z</time>
        <extensions>
          <gpxtpx:TrackPointExtension>
            <gpxtpx:hr>140</gpxtpx:hr>
            <gpxtpx:cad>78</gpxtpx:cad>
            <gpxtpx:atemp>297.65</gpxtpx:atemp>
          </gpxtpx:TrackPointExtension>
        </extensions>
      </trkpt>
      <trkpt lat="31.147247" lon="35.365381">
        <ele>-372.3</ele>
        <time>2026-02-11T04:57:50.000Z</time>
        <extensions>
          <gpxtpx:TrackPointExtension>
            <gpxtpx:hr>129</gpxtpx:hr>
            <gpxtpx:cad>0</gpxtpx:cad>
            <gpxtpx:atemp>297.65</gpxtpx:atemp>
          </gpxtpx:TrackPointExtension>
        </extensions>
      </trkpt>
      <trkpt lat="31.147318" lon="35.365573">
        <ele>-372.9</ele>
        <time>2026-02-11T04:58:14.000Z</time>
        <extensions>
          <gpxtpx:TrackPointExtension>
            <gpxtpx:hr>112</gpxtpx:hr>
            <gpxtpx:cad>53</gpxtpx:cad>
            <gpxtpx:atemp>298.65</gpxtpx:atemp>
          </gpxtpx:TrackPointExtension>
        </extensions>
      </trkpt>
      <trkpt lat="31.147359" lon="35.365646">
        <ele>-373.0</ele>
        <time>2026-02-11T04:58:20.000Z</time>
        <extensions>
          <gpxtpx:TrackPointExtension>
            <gpxtpx:hr>110</gpxtpx:hr>
            <gpxtpx:cad>53</gpxtpx:cad>
            <gpxtpx:atemp>298.65</gpxtpx:atemp>
          </gpxtpx:TrackPointExtension>
        </extensions>
      </trkpt>
      <trkpt lat="31.147468" lon="35.365717">
        <ele>-373.1</ele>
        <time>2026-02-11T04:58:37.000Z</time>
        <extensions>
          <gpxtpx:TrackPointExtension>
            <gpxtpx:hr>103</gpxtpx:hr>
            <gpxtpx:cad>0</gpxtpx:cad>
            <gpxtpx:atemp>298.65</gpxtpx:atemp>
          </gpxtpx:TrackPointExtension>
        </extensions>
      </trkpt>
      <trkpt lat="31.147473" lon="35.365706">
        <ele>-373.0</ele>
        <time>2026-02-11T05:01:50.000Z</time>
        <extensions>
          <gpxtpx:TrackPointExtension>
            <gpxtpx:hr>77</gpxtpx:hr>
            <gpxtpx:cad>0</gpxtpx:cad>
            <gpxtpx:atemp>299.65</gpxtpx:atemp>
          </gpxtpx:TrackPointExtension>
        </extensions>
      </trkpt>
      <trkpt lat="31.147319" lon="35.365624">
        <ele>-372.6</ele>
        <time>2026-02-11T05:02:08.000Z</time>
        <extensions>
          <gpxtpx:TrackPointExtension>
            <gpxtpx:hr>84</gpxtpx:hr>
            <gpxtpx:cad>48</gpxtpx:cad>
            <gpxtpx:atemp>299.65</gpxtpx:atemp>
          </gpxtpx:TrackPointExtension>
        </extensions>
      </trkpt>
      <trkpt lat="31.147222" lon="35.365585">
        <ele>-372.2</ele>
        <time>2026-02-11T05:02:13.000Z</time>
        <extensions>
          <gpxtpx:TrackPointExtension>
            <gpxtpx:hr>82</gpxtpx:hr>
            <gpxtpx:cad>72</gpxtpx:cad>
            <gpxtpx:atemp>299.65</gpxtpx:atemp>
          </gpxtpx:TrackPointExtension>
        </extensions>
      </trkpt>
      <trkpt lat="31.147032" lon="35.365527">
        <ele>-371.2</ele>
        <time>2026-02-11T05:02:23.000Z</time>
        <extensions>
          <gpxtpx:TrackPointExtension>
            <gpxtpx:hr>77</gpxtpx:hr>
            <gpxtpx:cad>75</gpxtpx:cad>
            <gpxtpx:atemp>299.65</gpxtpx:atemp>
          </gpxtpx:TrackPointExtension>
        </extensions>
      </trkpt>
      <trkpt lat="31.146970" lon="35.365480">
        <ele>-370.8</ele>
        <time>2026-02-11T05:02:27.000Z</time>
        <extensions>
          <gpxtpx:TrackPointExtension>
            <gpxtpx:hr>80</gpxtpx:hr>
            <gpxtpx:cad>75</gpxtpx:cad>
            <gpxtpx:atemp>299.65</gpxtpx:atemp>
          </gpxtpx:TrackPointExtension>
        </extensions>
      </trkpt>
      <trkpt lat="31.146830" lon="35.365420">
        <ele>-370.1</ele>
        <time>2026-02-11T05:02:34.000Z</time>
        <extensions>
          <gpxtpx:TrackPointExtension>
            <gpxtpx:hr>85</gpxtpx:hr>
            <gpxtpx:cad>76</gpxtpx:cad>
            <gpxtpx:atemp>299.65</gpxtpx:atemp>
          </gpxtpx:TrackPointExtension>
        </extensions>
      </trkpt>
      <trkpt lat="31.146655" lon="35.365369">
        <ele>-369.3</ele>
        <time>2026-02-11T05:02:43.000Z</time>
        <extensions>
          <gpxtpx:TrackPointExtension>
            <gpxtpx:hr>93</gpxtpx:hr>
            <gpxtpx:cad>79</gpxtpx:cad>
            <gpxtpx:atemp>298.65</gpxtpx:atemp>
          </gpxtpx:TrackPointExtension>
        </extensions>
      </trkpt>
      <trkpt lat="31.146565" lon="35.365314">
        <ele>-368.9</ele>
        <time>2026-02-11T05:02:48.000Z</time>
        <extensions>
          <gpxtpx:TrackPointExtension>
            <gpxtpx:hr>98</gpxtpx:hr>
            <gpxtpx:cad>76</gpxtpx:cad>
            <gpxtpx:atemp>298.65</gpxtpx:atemp>
          </gpxtpx:TrackPointExtension>
        </extensions>
      </trkpt>
      <trkpt lat="31.146404" lon="35.365245">
        <ele>-368.5</ele>
        <time>2026-02-11T05:02:57.000Z</time>
        <extensions>
          <gpxtpx:TrackPointExtension>
            <gpxtpx:hr>105</gpxtpx:hr>
            <gpxtpx:cad>77</gpxtpx:cad>
            <gpxtpx:atemp>298.65</gpxtpx:atemp>
          </gpxtpx:TrackPointExtension>
        </extensions>
      </trkpt>
      <trkpt lat="31.146279" lon="35.365220">
        <ele>-368.3</ele>
        <time>2026-02-11T05:03:03.000Z</time>
        <extensions>
          <gpxtpx:TrackPointExtension>
            <gpxtpx:hr>119</gpxtpx:hr>
            <gpxtpx:cad>77</gpxtpx:cad>
            <gpxtpx:atemp>298.65</gpxtpx:atemp>
          </gpxtpx:TrackPointExtension>
        </extensions>
      </trkpt>
      <trkpt lat="31.146055" lon="35.365201">
        <ele>-368.1</ele>
        <time>2026-02-11T05:03:14.000Z</time>
        <extensions>
          <gpxtpx:TrackPointExtension>
            <gpxtpx:hr>138</gpxtpx:hr>
            <gpxtpx:cad>78</gpxtpx:cad>
            <gpxtpx:atemp>298.65</gpxtpx:atemp>
          </gpxtpx:TrackPointExtension>
        </extensions>
      </trkpt>
      <trkpt lat="31.145966" lon="35.365166">
        <ele>-368.0</ele>
        <time>2026-02-11T05:03:19.000Z</time>
        <extensions>
          <gpxtpx:TrackPointExtension>
            <gpxtpx:hr>138</gpxtpx:hr>
            <gpxtpx:cad>76</gpxtpx:cad>
            <gpxtpx:atemp>298.65</gpxtpx:atemp>
          </gpxtpx:TrackPointExtension>
        </extensions>
      </trkpt>
      <trkpt lat="31.145780" lon="35.365127">
        <ele>-367.8</ele>
        <time>2026-02-11T05:03:35.000Z</time>
        <extensions>
          <gpxtpx:TrackPointExtension>
            <gpxtpx:hr>137</gpxtpx:hr>
            <gpxtpx:cad>54</gpxtpx:cad>
            <gpxtpx:atemp>298.65</gpxtpx:atemp>
          </gpxtpx:TrackPointExtension>
        </extensions>
      </trkpt>
      <trkpt lat="31.145667" lon="35.365082">
        <ele>-367.6</ele>
        <time>2026-02-11T05:03:45.000Z</time>
        <extensions>
          <gpxtpx:TrackPointExtension>
            <gpxtpx:hr>134</gpxtpx:hr>
            <gpxtpx:cad>54</gpxtpx:cad>
            <gpxtpx:atemp>298.65</gpxtpx:atemp>
          </gpxtpx:TrackPointExtension>
        </extensions>
      </trkpt>
      <trkpt lat="31.145469" lon="35.364980">
        <ele>-367.0</ele>
        <time>2026-02-11T05:03:57.000Z</time>
        <extensions>
          <gpxtpx:TrackPointExtension>
            <gpxtpx:hr>124</gpxtpx:hr>
            <gpxtpx:cad>75</gpxtpx:cad>
            <gpxtpx:atemp>298.65</gpxtpx:atemp>
          </gpxtpx:TrackPointExtension>
        </extensions>
      </trkpt>
      <trkpt lat="31.145357" lon="35.364948">
        <ele>-366.7</ele>
        <time>2026-02-11T05:04:03.000Z</time>
        <extensions>
          <gpxtpx:TrackPointExtension>
            <gpxtpx:hr>125</gpxtpx:hr>
            <gpxtpx:cad>76</gpxtpx:cad>
            <gpxtpx:atemp>298.65</gpxtpx:atemp>
          </gpxtpx:TrackPointExtension>
        </extensions>
      </trkpt>
      <trkpt lat="31.145234" lon="35.364890">
        <ele>-366.3</ele>
        <time>2026-02-11T05:04:10.000Z</time>
        <extensions>
          <gpxtpx:TrackPointExtension>
            <gpxtpx:hr>130</gpxtpx:hr>
            <gpxtpx:cad>77</gpxtpx:cad>
            <gpxtpx:atemp>298.65</gpxtpx:atemp>
          </gpxtpx:TrackPointExtension>
        </extensions>
      </trkpt>
      <trkpt lat="31.145044" lon="35.364803">
        <ele>-365.8</ele>
        <time>2026-02-11T05:04:20.000Z</time>
        <extensions>
          <gpxtpx:TrackPointExtension>
            <gpxtpx:hr>133</gpxtpx:hr>
            <gpxtpx:cad>77</gpxtpx:cad>
            <gpxtpx:atemp>298.65</gpxtpx:atemp>
          </gpxtpx:TrackPointExtension>
        </extensions>
      </trkpt>
      <trkpt lat="31.144842" lon="35.364695">
        <ele>-365.1</ele>
        <time>2026-02-11T05:04:31.000Z</time>
        <extensions>
          <gpxtpx:TrackPointExtension>
            <gpxtpx:hr>137</gpxtpx:hr>
            <gpxtpx:cad>77</gpxtpx:cad>
            <gpxtpx:atemp>298.65</gpxtpx:atemp>
          </gpxtpx:TrackPointExtension>
        </extensions>
      </trkpt>
      <trkpt lat="31.144701" lon="35.364599">
        <ele>-364.7</ele>
        <time>2026-02-11T05:04:39.000Z</time>
        <extensions>
          <gpxtpx:TrackPointExtension>
            <gpxtpx:hr>137</gpxtpx:hr>
            <gpxtpx:cad>78</gpxtpx:cad>
            <gpxtpx:atemp>298.65</gpxtpx:atemp>
          </gpxtpx:TrackPointExtension>
        </extensions>
      </trkpt>
      <trkpt lat="31.144616" lon="35.364545">
        <ele>-364.4</ele>
        <time>2026-02-11T05:04:44.000Z</time>
        <extensions>
          <gpxtpx:TrackPointExtension>
            <gpxtpx:hr>137</gpxtpx:hr>
            <gpxtpx:cad>78</gpxtpx:cad>
            <gpxtpx:atemp>298.65</gpxtpx:atemp>
          </gpxtpx:TrackPointExtension>
        </extensions>
      </trkpt>
      <trkpt lat="31.144483" lon="35.364443">
        <ele>-364.0</ele>
        <time>2026-02-11T05:04:52.000Z</time>
        <extensions>
          <gpxtpx:TrackPointExtension>
            <gpxtpx:hr>139</gpxtpx:hr>
            <gpxtpx:cad>77</gpxtpx:cad>
            <gpxtpx:atemp>298.65</gpxtpx:atemp>
          </gpxtpx:TrackPointExtension>
        </extensions>
      </trkpt>
      <trkpt lat="31.144305" lon="35.364347">
        <ele>-363.4</ele>
        <time>2026-02-11T05:05:02.000Z</time>
        <extensions>
          <gpxtpx:TrackPointExtension>
            <gpxtpx:hr>138</gpxtpx:hr>
            <gpxtpx:cad>77</gpxtpx:cad>
            <gpxtpx:atemp>298.65</gpxtpx:atemp>
          </gpxtpx:TrackPointExtension>
        </extensions>
      </trkpt>
      <trkpt lat="31.144225" lon="35.364324">
        <ele>-363.2</ele>
        <time>2026-02-11T05:05:06.000Z</time>
        <extensions>
          <gpxtpx:TrackPointExtension>
            <gpxtpx:hr>137</gpxtpx:hr>
            <gpxtpx:cad>78</gpxtpx:cad>
            <gpxtpx:atemp>298.65</gpxtpx:atemp>
          </gpxtpx:TrackPointExtension>
        </extensions>
      </trkpt>
      <trkpt lat="31.144025" lon="35.364300">
        <ele>-362.9</ele>
        <time>2026-02-11T05:05:16.000Z</time>
        <extensions>
          <gpxtpx:TrackPointExtension>
            <gpxtpx:hr>136</gpxtpx:hr>
            <gpxtpx:cad>78</gpxtpx:cad>
            <gpxtpx:atemp>298.65</gpxtpx:atemp>
          </gpxtpx:TrackPointExtension>
        </extensions>
      </trkpt>
      <trkpt lat="31.143863" lon="35.364295">
        <ele>-362.6</ele>
        <time>2026-02-11T05:05:24.000Z</time>
        <extensions>
          <gpxtpx:TrackPointExtension>
            <gpxtpx:hr>137</gpxtpx:hr>
            <gpxtpx:cad>78</gpxtpx:cad>
            <gpxtpx:atemp>298.65</gpxtpx:atemp>
          </gpxtpx:TrackPointExtension>
        </extensions>
      </trkpt>
      <trkpt lat="31.143821" lon="35.364289">
        <ele>-362.5</ele>
        <time>2026-02-11T05:05:26.000Z</time>
        <extensions>
          <gpxtpx:TrackPointExtension>
            <gpxtpx:hr>138</gpxtpx:hr>
            <gpxtpx:cad>78</gpxtpx:cad>
            <gpxtpx:atemp>298.65</gpxtpx:atemp>
          </gpxtpx:TrackPointExtension>
        </extensions>
      </trkpt>
      <trkpt lat="31.143627" lon="35.364306">
        <ele>-362.0</ele>
        <time>2026-02-11T05:05:37.000Z</time>
        <extensions>
          <gpxtpx:TrackPointExtension>
            <gpxtpx:hr>137</gpxtpx:hr>
            <gpxtpx:cad>78</gpxtpx:cad>
            <gpxtpx:atemp>298.65</gpxtpx:atemp>
          </gpxtpx:TrackPointExtension>
        </extensions>
      </trkpt>
      <trkpt lat="31.143494" lon="35.364222">
        <ele>-361.8</ele>
        <time>2026-02-11T05:05:53.000Z</time>
        <extensions>
          <gpxtpx:TrackPointExtension>
            <gpxtpx:hr>131</gpxtpx:hr>
            <gpxtpx:cad>0</gpxtpx:cad>
            <gpxtpx:atemp>298.65</gpxtpx:atemp>
          </gpxtpx:TrackPointExtension>
        </extensions>
      </trkpt>
      <trkpt lat="31.143344" lon="35.364203">
        <ele>-361.9</ele>
        <time>2026-02-11T05:06:02.000Z</time>
        <extensions>
          <gpxtpx:TrackPointExtension>
            <gpxtpx:hr>125</gpxtpx:hr>
            <gpxtpx:cad>76</gpxtpx:cad>
            <gpxtpx:atemp>298.65</gpxtpx:atemp>
          </gpxtpx:TrackPointExtension>
        </extensions>
      </trkpt>
      <trkpt lat="31.143190" lon="35.364189">
        <ele>-362.1</ele>
        <time>2026-02-11T05:06:15.000Z</time>
        <extensions>
          <gpxtpx:TrackPointExtension>
            <gpxtpx:hr>115</gpxtpx:hr>
            <gpxtpx:cad>56</gpxtpx:cad>
            <gpxtpx:atemp>298.65</gpxtpx:atemp>
          </gpxtpx:TrackPointExtension>
        </extensions>
      </trkpt>
      <trkpt lat="31.143087" lon="35.364171">
        <ele>-362.4</ele>
        <time>2026-02-11T05:06:21.000Z</time>
        <extensions>
          <gpxtpx:TrackPointExtension>
            <gpxtpx:hr>113</gpxtpx:hr>
            <gpxtpx:cad>58</gpxtpx:cad>
            <gpxtpx:atemp>298.65</gpxtpx:atemp>
          </gpxtpx:TrackPointExtension>
        </extensions>
      </trkpt>
      <trkpt lat="31.142877" lon="35.364156">
        <ele>-363.2</ele>
        <time>2026-02-11T05:06:31.000Z</time>
        <extensions>
          <gpxtpx:TrackPointExtension>
            <gpxtpx:hr>117</gpxtpx:hr>
            <gpxtpx:cad>76</gpxtpx:cad>
            <gpxtpx:atemp>298.65</gpxtpx:atemp>
          </gpxtpx:TrackPointExtension>
        </extensions>
      </trkpt>
      <trkpt lat="31.142752" lon="35.364141">
        <ele>-363.4</ele>
        <time>2026-02-11T05:06:37.000Z</time>
        <extensions>
          <gpxtpx:TrackPointExtension>
            <gpxtpx:hr>118</gpxtpx:hr>
            <gpxtpx:cad>77</gpxtpx:cad>
            <gpxtpx:atemp>298.65</gpxtpx:atemp>
          </gpxtpx:TrackPointExtension>
        </extensions>
      </trkpt>
      <trkpt lat="31.142553" lon="35.364079">
        <ele>-363.5</ele>
        <time>2026-02-11T05:06:47.000Z</time>
        <extensions>
          <gpxtpx:TrackPointExtension>
            <gpxtpx:hr>122</gpxtpx:hr>
            <gpxtpx:cad>77</gpxtpx:cad>
            <gpxtpx:atemp>298.65</gpxtpx:atemp>
          </gpxtpx:TrackPointExtension>
        </extensions>
      </trkpt>
      <trkpt lat="31.142512" lon="35.364058">
        <ele>-363.4</ele>
        <time>2026-02-11T05:06:49.000Z</time>
        <extensions>
          <gpxtpx:TrackPointExtension>
            <gpxtpx:hr>124</gpxtpx:hr>
            <gpxtpx:cad>77</gpxtpx:cad>
            <gpxtpx:atemp>298.65</gpxtpx:atemp>
          </gpxtpx:TrackPointExtension>
        </extensions>
      </trkpt>
      <trkpt lat="31.142293" lon="35.364000">
        <ele>-363.2</ele>
        <time>2026-02-11T05:07:00.000Z</time>
        <extensions>
          <gpxtpx:TrackPointExtension>
            <gpxtpx:hr>125</gpxtpx:hr>
            <gpxtpx:cad>77</gpxtpx:cad>
            <gpxtpx:atemp>298.65</gpxtpx:atemp>
          </gpxtpx:TrackPointExtension>
        </extensions>
      </trkpt>
      <trkpt lat="31.142183" lon="35.363985">
        <ele>-363.1</ele>
        <time>2026-02-11T05:07:05.000Z</time>
        <extensions>
          <gpxtpx:TrackPointExtension>
            <gpxtpx:hr>126</gpxtpx:hr>
            <gpxtpx:cad>77</gpxtpx:cad>
            <gpxtpx:atemp>298.65</gpxtpx:atemp>
          </gpxtpx:TrackPointExtension>
        </extensions>
      </trkpt>
      <trkpt lat="31.142036" lon="35.363997">
        <ele>-363.0</ele>
        <time>2026-02-11T05:07:12.000Z</time>
        <extensions>
          <gpxtpx:TrackPointExtension>
            <gpxtpx:hr>127</gpxtpx:hr>
            <gpxtpx:cad>77</gpxtpx:cad>
            <gpxtpx:atemp>298.65</gpxtpx:atemp>
          </gpxtpx:TrackPointExtension>
        </extensions>
      </trkpt>
      <trkpt lat="31.141868" lon="35.364012">
        <ele>-362.8</ele>
        <time>2026-02-11T05:07:24.000Z</time>
        <extensions>
          <gpxtpx:TrackPointExtension>
            <gpxtpx:hr>127</gpxtpx:hr>
            <gpxtpx:cad>53</gpxtpx:cad>
            <gpxtpx:atemp>298.65</gpxtpx:atemp>
          </gpxtpx:TrackPointExtension>
        </extensions>
      </trkpt>
      <trkpt lat="31.141768" lon="35.364013">
        <ele>-362.5</ele>
        <time>2026-02-11T05:07:30.000Z</time>
        <extensions>
          <gpxtpx:TrackPointExtension>
            <gpxtpx:hr>126</gpxtpx:hr>
            <gpxtpx:cad>53</gpxtpx:cad>
            <gpxtpx:atemp>298.65</gpxtpx:atemp>
          </gpxtpx:TrackPointExtension>
        </extensions>
      </trkpt>
      <trkpt lat="31.141593" lon="35.364003">
        <ele>-361.9</ele>
        <time>2026-02-11T05:07:43.000Z</time>
        <extensions>
          <gpxtpx:TrackPointExtension>
            <gpxtpx:hr>117</gpxtpx:hr>
            <gpxtpx:cad>76</gpxtpx:cad>
            <gpxtpx:atemp>298.65</gpxtpx:atemp>
          </gpxtpx:TrackPointExtension>
        </extensions>
      </trkpt>
      <trkpt lat="31.141456" lon="35.363985">
        <ele>-361.3</ele>
        <time>2026-02-11T05:07:57.000Z</time>
        <extensions>
          <gpxtpx:TrackPointExtension>
            <gpxtpx:hr>116</gpxtpx:hr>
            <gpxtpx:cad>47</gpxtpx:cad>
            <gpxtpx:atemp>298.65</gpxtpx:atemp>
          </gpxtpx:TrackPointExtension>
        </extensions>
      </trkpt>
      <trkpt lat="31.141278" lon="35.363952">
        <ele>-360.4</ele>
        <time>2026-02-11T05:08:21.000Z</time>
        <extensions>
          <gpxtpx:TrackPointExtension>
            <gpxtpx:hr>111</gpxtpx:hr>
            <gpxtpx:cad>76</gpxtpx:cad>
            <gpxtpx:atemp>298.65</gpxtpx:atemp>
          </gpxtpx:TrackPointExtension>
        </extensions>
      </trkpt>
      <trkpt lat="31.141240" lon="35.363948">
        <ele>-360.2</ele>
        <time>2026-02-11T05:08:23.000Z</time>
        <extensions>
          <gpxtpx:TrackPointExtension>
            <gpxtpx:hr>113</gpxtpx:hr>
            <gpxtpx:cad>77</gpxtpx:cad>
            <gpxtpx:atemp>298.65</gpxtpx:atemp>
          </gpxtpx:TrackPointExtension>
        </extensions>
      </trkpt>
      <trkpt lat="31.141008" lon="35.363951">
        <ele>-359.2</ele>
        <time>2026-02-11T05:08:35.000Z</time>
        <extensions>
          <gpxtpx:TrackPointExtension>
            <gpxtpx:hr>117</gpxtpx:hr>
            <gpxtpx:cad>77</gpxtpx:cad>
            <gpxtpx:atemp>298.65</gpxtpx:atemp>
          </gpxtpx:TrackPointExtension>
        </extensions>
      </trkpt>
      <trkpt lat="31.140934" lon="35.363962">
        <ele>-358.9</ele>
        <time>2026-02-11T05:08:39.000Z</time>
        <extensions>
          <gpxtpx:TrackPointExtension>
            <gpxtpx:hr>123</gpxtpx:hr>
            <gpxtpx:cad>77</gpxtpx:cad>
            <gpxtpx:atemp>298.65</gpxtpx:atemp>
          </gpxtpx:TrackPointExtension>
        </extensions>
      </trkpt>
      <trkpt lat="31.140732" lon="35.364035">
        <ele>-358.1</ele>
        <time>2026-02-11T05:08:50.000Z</time>
        <extensions>
          <gpxtpx:TrackPointExtension>
            <gpxtpx:hr>127</gpxtpx:hr>
            <gpxtpx:cad>75</gpxtpx:cad>
            <gpxtpx:atemp>298.65</gpxtpx:atemp>
          </gpxtpx:TrackPointExtension>
        </extensions>
      </trkpt>
      <trkpt lat="31.140530" lon="35.364119">
        <ele>-358.1</ele>
        <time>2026-02-11T05:09:00.000Z</time>
        <extensions>
          <gpxtpx:TrackPointExtension>
            <gpxtpx:hr>135</gpxtpx:hr>
            <gpxtpx:cad>77</gpxtpx:cad>
            <gpxtpx:atemp>298.65</gpxtpx:atemp>
          </gpxtpx:TrackPointExtension>
        </extensions>
      </trkpt>
      <trkpt lat="31.140443" lon="35.364148">
        <ele>-358.3</ele>
        <time>2026-02-11T05:09:04.000Z</time>
        <extensions>
          <gpxtpx:TrackPointExtension>
            <gpxtpx:hr>135</gpxtpx:hr>
            <gpxtpx:cad>77</gpxtpx:cad>
            <gpxtpx:atemp>298.65</gpxtpx:atemp>
          </gpxtpx:TrackPointExtension>
        </extensions>
      </trkpt>
      <trkpt lat="31.140303" lon="35.364216">
        <ele>-358.5</ele>
        <time>2026-02-11T05:09:11.000Z</time>
        <extensions>
          <gpxtpx:TrackPointExtension>
            <gpxtpx:hr>135</gpxtpx:hr>
            <gpxtpx:cad>77</gpxtpx:cad>
            <gpxtpx:atemp>298.65</gpxtpx:atemp>
          </gpxtpx:TrackPointExtension>
        </extensions>
      </trkpt>
      <trkpt lat="31.140138" lon="35.364280">
        <ele>-358.6</ele>
        <time>2026-02-11T05:09:19.000Z</time>
        <extensions>
          <gpxtpx:TrackPointExtension>
            <gpxtpx:hr>135</gpxtpx:hr>
            <gpxtpx:cad>78</gpxtpx:cad>
            <gpxtpx:atemp>298.65</gpxtpx:atemp>
          </gpxtpx:TrackPointExtension>
        </extensions>
      </trkpt>
      <trkpt lat="31.139877" lon="35.364379">
        <ele>-358.2</ele>
        <time>2026-02-11T05:09:32.000Z</time>
        <extensions>
          <gpxtpx:TrackPointExtension>
            <gpxtpx:hr>140</gpxtpx:hr>
            <gpxtpx:cad>78</gpxtpx:cad>
            <gpxtpx:atemp>298.65</gpxtpx:atemp>
          </gpxtpx:TrackPointExtension>
        </extensions>
      </trkpt>
      <trkpt lat="31.139698" lon="35.364420">
        <ele>-357.7</ele>
        <time>2026-02-11T05:09:41.000Z</time>
        <extensions>
          <gpxtpx:TrackPointExtension>
            <gpxtpx:hr>141</gpxtpx:hr>
            <gpxtpx:cad>77</gpxtpx:cad>
            <gpxtpx:atemp>298.65</gpxtpx:atemp>
          </gpxtpx:TrackPointExtension>
        </extensions>
      </trkpt>
      <trkpt lat="31.139507" lon="35.364453">
        <ele>-357.2</ele>
        <time>2026-02-11T05:09:51.000Z</time>
        <extensions>
          <gpxtpx:TrackPointExtension>
            <gpxtpx:hr>141</gpxtpx:hr>
            <gpxtpx:cad>78</gpxtpx:cad>
            <gpxtpx:atemp>297.65</gpxtpx:atemp>
          </gpxtpx:TrackPointExtension>
        </extensions>
      </trkpt>
      <trkpt lat="31.139310" lon="35.364503">
        <ele>-356.5</ele>
        <time>2026-02-11T05:10:01.000Z</time>
        <extensions>
          <gpxtpx:TrackPointExtension>
            <gpxtpx:hr>142</gpxtpx:hr>
            <gpxtpx:cad>77</gpxtpx:cad>
            <gpxtpx:atemp>297.65</gpxtpx:atemp>
          </gpxtpx:TrackPointExtension>
        </extensions>
      </trkpt>
      <trkpt lat="31.139202" lon="35.364544">
        <ele>-356.1</ele>
        <time>2026-02-11T05:10:07.000Z</time>
        <extensions>
          <gpxtpx:TrackPointExtension>
            <gpxtpx:hr>142</gpxtpx:hr>
            <gpxtpx:cad>78</gpxtpx:cad>
            <gpxtpx:atemp>297.65</gpxtpx:atemp>
          </gpxtpx:TrackPointExtension>
        </extensions>
      </trkpt>
      <trkpt lat="31.139076" lon="35.364578">
        <ele>-355.6</ele>
        <time>2026-02-11T05:10:14.000Z</time>
        <extensions>
          <gpxtpx:TrackPointExtension>
            <gpxtpx:hr>142</gpxtpx:hr>
            <gpxtpx:cad>76</gpxtpx:cad>
            <gpxtpx:atemp>297.65</gpxtpx:atemp>
          </gpxtpx:TrackPointExtension>
        </extensions>
      </trkpt>
      <trkpt lat="31.138979" lon="35.364597">
        <ele>-355.3</ele>
        <time>2026-02-11T05:10:19.000Z</time>
        <extensions>
          <gpxtpx:TrackPointExtension>
            <gpxtpx:hr>142</gpxtpx:hr>
            <gpxtpx:cad>79</gpxtpx:cad>
            <gpxtpx:atemp>297.65</gpxtpx:atemp>
          </gpxtpx:TrackPointExtension>
        </extensions>
      </trkpt>
      <trkpt lat="31.138721" lon="35.364657">
        <ele>-354.7</ele>
        <time>2026-02-11T05:10:32.000Z</time>
        <extensions>
          <gpxtpx:TrackPointExtension>
            <gpxtpx:hr>145</gpxtpx:hr>
            <gpxtpx:cad>77</gpxtpx:cad>
            <gpxtpx:atemp>297.65</gpxtpx:atemp>
          </gpxtpx:TrackPointExtension>
        </extensions>
      </trkpt>
      <trkpt lat="31.138625" lon="35.364689">
        <ele>-354.5</ele>
        <time>2026-02-11T05:10:37.000Z</time>
        <extensions>
          <gpxtpx:TrackPointExtension>
            <gpxtpx:hr>145</gpxtpx:hr>
            <gpxtpx:cad>77</gpxtpx:cad>
            <gpxtpx:atemp>297.65</gpxtpx:atemp>
          </gpxtpx:TrackPointExtension>
        </extensions>
      </trkpt>
      <trkpt lat="31.138487" lon="35.364723">
        <ele>-354.2</ele>
        <time>2026-02-11T05:10:44.000Z</time>
        <extensions>
          <gpxtpx:TrackPointExtension>
            <gpxtpx:hr>144</gpxtpx:hr>
            <gpxtpx:cad>77</gpxtpx:cad>
            <gpxtpx:atemp>297.65</gpxtpx:atemp>
          </gpxtpx:TrackPointExtension>
        </extensions>
      </trkpt>
      <trkpt lat="31.138302" lon="35.364768">
        <ele>-353.7</ele>
        <time>2026-02-11T05:10:54.000Z</time>
        <extensions>
          <gpxtpx:TrackPointExtension>
            <gpxtpx:hr>144</gpxtpx:hr>
            <gpxtpx:cad>77</gpxtpx:cad>
            <gpxtpx:atemp>297.65</gpxtpx:atemp>
          </gpxtpx:TrackPointExtension>
        </extensions>
      </trkpt>
      <trkpt lat="31.138136" lon="35.364798">
        <ele>-353.1</ele>
        <time>2026-02-11T05:11:02.000Z</time>
        <extensions>
          <gpxtpx:TrackPointExtension>
            <gpxtpx:hr>143</gpxtpx:hr>
            <gpxtpx:cad>78</gpxtpx:cad>
            <gpxtpx:atemp>297.65</gpxtpx:atemp>
          </gpxtpx:TrackPointExtension>
        </extensions>
      </trkpt>
      <trkpt lat="31.137946" lon="35.364854">
        <ele>-352.4</ele>
        <time>2026-02-11T05:11:12.000Z</time>
        <extensions>
          <gpxtpx:TrackPointExtension>
            <gpxtpx:hr>143</gpxtpx:hr>
            <gpxtpx:cad>78</gpxtpx:cad>
            <gpxtpx:atemp>297.65</gpxtpx:atemp>
          </gpxtpx:TrackPointExtension>
        </extensions>
      </trkpt>
      <trkpt lat="31.137836" lon="35.364893">
        <ele>-352.0</ele>
        <time>2026-02-11T05:11:18.000Z</time>
        <extensions>
          <gpxtpx:TrackPointExtension>
            <gpxtpx:hr>143</gpxtpx:hr>
            <gpxtpx:cad>76</gpxtpx:cad>
            <gpxtpx:atemp>297.65</gpxtpx:atemp>
          </gpxtpx:TrackPointExtension>
        </extensions>
      </trkpt>
      <trkpt lat="31.137702" lon="35.364918">
        <ele>-351.5</ele>
        <time>2026-02-11T05:11:25.000Z</time>
        <extensions>
          <gpxtpx:TrackPointExtension>
            <gpxtpx:hr>143</gpxtpx:hr>
            <gpxtpx:cad>77</gpxtpx:cad>
            <gpxtpx:atemp>297.65</gpxtpx:atemp>
          </gpxtpx:TrackPointExtension>
        </extensions>
      </trkpt>
      <trkpt lat="31.137567" lon="35.364952">
        <ele>-350.9</ele>
        <time>2026-02-11T05:11:32.000Z</time>
        <extensions>
          <gpxtpx:TrackPointExtension>
            <gpxtpx:hr>143</gpxtpx:hr>
            <gpxtpx:cad>79</gpxtpx:cad>
            <gpxtpx:atemp>297.65</gpxtpx:atemp>
          </gpxtpx:TrackPointExtension>
        </extensions>
      </trkpt>
      <trkpt lat="31.137400" lon="35.364975">
        <ele>-350.3</ele>
        <time>2026-02-11T05:11:40.000Z</time>
        <extensions>
          <gpxtpx:TrackPointExtension>
            <gpxtpx:hr>144</gpxtpx:hr>
            <gpxtpx:cad>78</gpxtpx:cad>
            <gpxtpx:atemp>297.65</gpxtpx:atemp>
          </gpxtpx:TrackPointExtension>
        </extensions>
      </trkpt>
      <trkpt lat="31.137189" lon="35.364928">
        <ele>-349.6</ele>
        <time>2026-02-11T05:11:51.000Z</time>
        <extensions>
          <gpxtpx:TrackPointExtension>
            <gpxtpx:hr>147</gpxtpx:hr>
            <gpxtpx:cad>78</gpxtpx:cad>
            <gpxtpx:atemp>297.65</gpxtpx:atemp>
          </gpxtpx:TrackPointExtension>
        </extensions>
      </trkpt>
      <trkpt lat="31.137076" lon="35.364888">
        <ele>-349.4</ele>
        <time>2026-02-11T05:11:57.000Z</time>
        <extensions>
          <gpxtpx:TrackPointExtension>
            <gpxtpx:hr>147</gpxtpx:hr>
            <gpxtpx:cad>78</gpxtpx:cad>
            <gpxtpx:atemp>297.65</gpxtpx:atemp>
          </gpxtpx:TrackPointExtension>
        </extensions>
      </trkpt>
      <trkpt lat="31.136915" lon="35.364789">
        <ele>-349.4</ele>
        <time>2026-02-11T05:12:06.000Z</time>
        <extensions>
          <gpxtpx:TrackPointExtension>
            <gpxtpx:hr>148</gpxtpx:hr>
            <gpxtpx:cad>76</gpxtpx:cad>
            <gpxtpx:atemp>297.65</gpxtpx:atemp>
          </gpxtpx:TrackPointExtension>
        </extensions>
      </trkpt>
      <trkpt lat="31.136749" lon="35.364682">
        <ele>-349.7</ele>
        <time>2026-02-11T05:12:15.000Z</time>
        <extensions>
          <gpxtpx:TrackPointExtension>
            <gpxtpx:hr>146</gpxtpx:hr>
            <gpxtpx:cad>77</gpxtpx:cad>
            <gpxtpx:atemp>297.65</gpxtpx:atemp>
          </gpxtpx:TrackPointExtension>
        </extensions>
      </trkpt>
      <trkpt lat="31.136650" lon="35.364601">
        <ele>-349.9</ele>
        <time>2026-02-11T05:12:21.000Z</time>
        <extensions>
          <gpxtpx:TrackPointExtension>
            <gpxtpx:hr>146</gpxtpx:hr>
            <gpxtpx:cad>77</gpxtpx:cad>
            <gpxtpx:atemp>297.65</gpxtpx:atemp>
          </gpxtpx:TrackPointExtension>
        </extensions>
      </trkpt>
      <trkpt lat="31.136492" lon="35.364440">
        <ele>-350.1</ele>
        <time>2026-02-11T05:12:31.000Z</time>
        <extensions>
          <gpxtpx:TrackPointExtension>
            <gpxtpx:hr>142</gpxtpx:hr>
            <gpxtpx:cad>77</gpxtpx:cad>
            <gpxtpx:atemp>297.65</gpxtpx:atemp>
          </gpxtpx:TrackPointExtension>
        </extensions>
      </trkpt>
      <trkpt lat="31.136367" lon="35.364360">
        <ele>-350.0</ele>
        <time>2026-02-11T05:12:38.000Z</time>
        <extensions>
          <gpxtpx:TrackPointExtension>
            <gpxtpx:hr>142</gpxtpx:hr>
            <gpxtpx:cad>77</gpxtpx:cad>
            <gpxtpx:atemp>297.65</gpxtpx:atemp>
          </gpxtpx:TrackPointExtension>
        </extensions>
      </trkpt>
      <trkpt lat="31.136251" lon="35.364267">
        <ele>-349.8</ele>
        <time>2026-02-11T05:12:45.000Z</time>
        <extensions>
          <gpxtpx:TrackPointExtension>
            <gpxtpx:hr>143</gpxtpx:hr>
            <gpxtpx:cad>78</gpxtpx:cad>
            <gpxtpx:atemp>297.65</gpxtpx:atemp>
          </gpxtpx:TrackPointExtension>
        </extensions>
      </trkpt>
      <trkpt lat="31.136128" lon="35.364145">
        <ele>-349.3</ele>
        <time>2026-02-11T05:12:53.000Z</time>
        <extensions>
          <gpxtpx:TrackPointExtension>
            <gpxtpx:hr>143</gpxtpx:hr>
            <gpxtpx:cad>77</gpxtpx:cad>
            <gpxtpx:atemp>297.65</gpxtpx:atemp>
          </gpxtpx:TrackPointExtension>
        </extensions>
      </trkpt>
      <trkpt lat="31.135992" lon="35.363947">
        <ele>-348.7</ele>
        <time>2026-02-11T05:13:04.000Z</time>
        <extensions>
          <gpxtpx:TrackPointExtension>
            <gpxtpx:hr>145</gpxtpx:hr>
            <gpxtpx:cad>77</gpxtpx:cad>
            <gpxtpx:atemp>297.65</gpxtpx:atemp>
          </gpxtpx:TrackPointExtension>
        </extensions>
      </trkpt>
      <trkpt lat="31.135859" lon="35.363780">
        <ele>-348.3</ele>
        <time>2026-02-11T05:13:14.000Z</time>
        <extensions>
          <gpxtpx:TrackPointExtension>
            <gpxtpx:hr>144</gpxtpx:hr>
            <gpxtpx:cad>77</gpxtpx:cad>
            <gpxtpx:atemp>297.65</gpxtpx:atemp>
          </gpxtpx:TrackPointExtension>
        </extensions>
      </trkpt>
      <trkpt lat="31.135721" lon="35.363665">
        <ele>-348.0</ele>
        <time>2026-02-11T05:13:23.000Z</time>
        <extensions>
          <gpxtpx:TrackPointExtension>
            <gpxtpx:hr>144</gpxtpx:hr>
            <gpxtpx:cad>77</gpxtpx:cad>
            <gpxtpx:atemp>297.65</gpxtpx:atemp>
          </gpxtpx:TrackPointExtension>
        </extensions>
      </trkpt>
      <trkpt lat="31.135602" lon="35.363613">
        <ele>-348.1</ele>
        <time>2026-02-11T05:13:33.000Z</time>
        <extensions>
          <gpxtpx:TrackPointExtension>
            <gpxtpx:hr>139</gpxtpx:hr>
            <gpxtpx:cad>53</gpxtpx:cad>
            <gpxtpx:atemp>297.65</gpxtpx:atemp>
          </gpxtpx:TrackPointExtension>
        </extensions>
      </trkpt>
      <trkpt lat="31.135515" lon="35.363581">
        <ele>-348.5</ele>
        <time>2026-02-11T05:14:09.000Z</time>
        <extensions>
          <gpxtpx:TrackPointExtension>
            <gpxtpx:hr>123</gpxtpx:hr>
            <gpxtpx:cad>48</gpxtpx:cad>
            <gpxtpx:atemp>297.65</gpxtpx:atemp>
          </gpxtpx:TrackPointExtension>
        </extensions>
      </trkpt>
      <trkpt lat="31.135416" lon="35.363539">
        <ele>-349.2</ele>
        <time>2026-02-11T05:14:19.000Z</time>
        <extensions>
          <gpxtpx:TrackPointExtension>
            <gpxtpx:hr>115</gpxtpx:hr>
            <gpxtpx:cad>52</gpxtpx:cad>
            <gpxtpx:atemp>297.65</gpxtpx:atemp>
          </gpxtpx:TrackPointExtension>
        </extensions>
      </trkpt>
      <trkpt lat="31.135235" lon="35.363502">
        <ele>-350.2</ele>
        <time>2026-02-11T05:14:34.000Z</time>
        <extensions>
          <gpxtpx:TrackPointExtension>
            <gpxtpx:hr>106</gpxtpx:hr>
            <gpxtpx:cad>53</gpxtpx:cad>
            <gpxtpx:atemp>298.65</gpxtpx:atemp>
          </gpxtpx:TrackPointExtension>
        </extensions>
      </trkpt>
      <trkpt lat="31.135113" lon="35.363532">
        <ele>-350.7</ele>
        <time>2026-02-11T05:14:43.000Z</time>
        <extensions>
          <gpxtpx:TrackPointExtension>
            <gpxtpx:hr>104</gpxtpx:hr>
            <gpxtpx:cad>55</gpxtpx:cad>
            <gpxtpx:atemp>298.65</gpxtpx:atemp>
          </gpxtpx:TrackPointExtension>
        </extensions>
      </trkpt>
      <trkpt lat="31.135030" lon="35.363530">
        <ele>-350.8</ele>
        <time>2026-02-11T05:14:47.000Z</time>
        <extensions>
          <gpxtpx:TrackPointExtension>
            <gpxtpx:hr>104</gpxtpx:hr>
            <gpxtpx:cad>76</gpxtpx:cad>
            <gpxtpx:atemp>298.65</gpxtpx:atemp>
          </gpxtpx:TrackPointExtension>
        </extensions>
      </trkpt>
      <trkpt lat="31.134820" lon="35.363569">
        <ele>-351.5</ele>
        <time>2026-02-11T05:14:57.000Z</time>
        <extensions>
          <gpxtpx:TrackPointExtension>
            <gpxtpx:hr>111</gpxtpx:hr>
            <gpxtpx:cad>78</gpxtpx:cad>
            <gpxtpx:atemp>298.65</gpxtpx:atemp>
          </gpxtpx:TrackPointExtension>
        </extensions>
      </trkpt>
      <trkpt lat="31.134631" lon="35.363606">
        <ele>-352.4</ele>
        <time>2026-02-11T05:15:07.000Z</time>
        <extensions>
          <gpxtpx:TrackPointExtension>
            <gpxtpx:hr>115</gpxtpx:hr>
            <gpxtpx:cad>77</gpxtpx:cad>
            <gpxtpx:atemp>298.65</gpxtpx:atemp>
          </gpxtpx:TrackPointExtension>
        </extensions>
      </trkpt>
      <trkpt lat="31.134451" lon="35.363586">
        <ele>-352.7</ele>
        <time>2026-02-11T05:15:16.000Z</time>
        <extensions>
          <gpxtpx:TrackPointExtension>
            <gpxtpx:hr>119</gpxtpx:hr>
            <gpxtpx:cad>76</gpxtpx:cad>
            <gpxtpx:atemp>298.65</gpxtpx:atemp>
          </gpxtpx:TrackPointExtension>
        </extensions>
      </trkpt>
      <trkpt lat="31.134346" lon="35.363612">
        <ele>-352.4</ele>
        <time>2026-02-11T05:15:22.000Z</time>
        <extensions>
          <gpxtpx:TrackPointExtension>
            <gpxtpx:hr>119</gpxtpx:hr>
            <gpxtpx:cad>74</gpxtpx:cad>
            <gpxtpx:atemp>298.65</gpxtpx:atemp>
          </gpxtpx:TrackPointExtension>
        </extensions>
      </trkpt>
      <trkpt lat="31.134215" lon="35.363624">
        <ele>-351.6</ele>
        <time>2026-02-11T05:15:29.000Z</time>
        <extensions>
          <gpxtpx:TrackPointExtension>
            <gpxtpx:hr>120</gpxtpx:hr>
            <gpxtpx:cad>74</gpxtpx:cad>
            <gpxtpx:atemp>298.65</gpxtpx:atemp>
          </gpxtpx:TrackPointExtension>
        </extensions>
      </trkpt>
      <trkpt lat="31.134108" lon="35.363689">
        <ele>-350.3</ele>
        <time>2026-02-11T05:15:37.000Z</time>
        <extensions>
          <gpxtpx:TrackPointExtension>
            <gpxtpx:hr>123</gpxtpx:hr>
            <gpxtpx:cad>73</gpxtpx:cad>
            <gpxtpx:atemp>298.65</gpxtpx:atemp>
          </gpxtpx:TrackPointExtension>
        </extensions>
      </trkpt>
      <trkpt lat="31.133925" lon="35.363779">
        <ele>-348.1</ele>
        <time>2026-02-11T05:15:50.000Z</time>
        <extensions>
          <gpxtpx:TrackPointExtension>
            <gpxtpx:hr>137</gpxtpx:hr>
            <gpxtpx:cad>73</gpxtpx:cad>
            <gpxtpx:atemp>298.65</gpxtpx:atemp>
          </gpxtpx:TrackPointExtension>
        </extensions>
      </trkpt>
      <trkpt lat="31.133863" lon="35.363800">
        <ele>-347.5</ele>
        <time>2026-02-11T05:15:54.000Z</time>
        <extensions>
          <gpxtpx:TrackPointExtension>
            <gpxtpx:hr>142</gpxtpx:hr>
            <gpxtpx:cad>73</gpxtpx:cad>
            <gpxtpx:atemp>298.65</gpxtpx:atemp>
          </gpxtpx:TrackPointExtension>
        </extensions>
      </trkpt>
      <trkpt lat="31.133678" lon="35.363849">
        <ele>-346.1</ele>
        <time>2026-02-11T05:16:05.000Z</time>
        <extensions>
          <gpxtpx:TrackPointExtension>
            <gpxtpx:hr>145</gpxtpx:hr>
            <gpxtpx:cad>75</gpxtpx:cad>
            <gpxtpx:atemp>298.65</gpxtpx:atemp>
          </gpxtpx:TrackPointExtension>
        </extensions>
      </trkpt>
      <trkpt lat="31.133452" lon="35.363900">
        <ele>-344.8</ele>
        <time>2026-02-11T05:16:18.000Z</time>
        <extensions>
          <gpxtpx:TrackPointExtension>
            <gpxtpx:hr>143</gpxtpx:hr>
            <gpxtpx:cad>76</gpxtpx:cad>
            <gpxtpx:atemp>297.65</gpxtpx:atemp>
          </gpxtpx:TrackPointExtension>
        </extensions>
      </trkpt>
      <trkpt lat="31.133361" lon="35.363901">
        <ele>-344.3</ele>
        <time>2026-02-11T05:16:23.000Z</time>
        <extensions>
          <gpxtpx:TrackPointExtension>
            <gpxtpx:hr>145</gpxtpx:hr>
            <gpxtpx:cad>76</gpxtpx:cad>
            <gpxtpx:atemp>297.65</gpxtpx:atemp>
          </gpxtpx:TrackPointExtension>
        </extensions>
      </trkpt>
      <trkpt lat="31.133091" lon="35.363934">
        <ele>-342.7</ele>
        <time>2026-02-11T05:16:38.000Z</time>
        <extensions>
          <gpxtpx:TrackPointExtension>
            <gpxtpx:hr>149</gpxtpx:hr>
            <gpxtpx:cad>76</gpxtpx:cad>
            <gpxtpx:atemp>297.65</gpxtpx:atemp>
          </gpxtpx:TrackPointExtension>
        </extensions>
      </trkpt>
      <trkpt lat="31.132899" lon="35.363986">
        <ele>-341.9</ele>
        <time>2026-02-11T05:16:49.000Z</time>
        <extensions>
          <gpxtpx:TrackPointExtension>
            <gpxtpx:hr>148</gpxtpx:hr>
            <gpxtpx:cad>76</gpxtpx:cad>
            <gpxtpx:atemp>297.65</gpxtpx:atemp>
          </gpxtpx:TrackPointExtension>
        </extensions>
      </trkpt>
      <trkpt lat="31.132815" lon="35.364026">
        <ele>-341.7</ele>
        <time>2026-02-11T05:16:54.000Z</time>
        <extensions>
          <gpxtpx:TrackPointExtension>
            <gpxtpx:hr>149</gpxtpx:hr>
            <gpxtpx:cad>76</gpxtpx:cad>
            <gpxtpx:atemp>297.65</gpxtpx:atemp>
          </gpxtpx:TrackPointExtension>
        </extensions>
      </trkpt>
      <trkpt lat="31.132667" lon="35.364064">
        <ele>-341.6</ele>
        <time>2026-02-11T05:17:02.000Z</time>
        <extensions>
          <gpxtpx:TrackPointExtension>
            <gpxtpx:hr>151</gpxtpx:hr>
            <gpxtpx:cad>77</gpxtpx:cad>
            <gpxtpx:atemp>297.65</gpxtpx:atemp>
          </gpxtpx:TrackPointExtension>
        </extensions>
      </trkpt>
      <trkpt lat="31.132531" lon="35.364190">
        <ele>-341.7</ele>
        <time>2026-02-11T05:17:11.000Z</time>
        <extensions>
          <gpxtpx:TrackPointExtension>
            <gpxtpx:hr>149</gpxtpx:hr>
            <gpxtpx:cad>75</gpxtpx:cad>
            <gpxtpx:atemp>297.65</gpxtpx:atemp>
          </gpxtpx:TrackPointExtension>
        </extensions>
      </trkpt>
      <trkpt lat="31.132429" lon="35.364368">
        <ele>-342.0</ele>
        <time>2026-02-11T05:17:20.000Z</time>
        <extensions>
          <gpxtpx:TrackPointExtension>
            <gpxtpx:hr>149</gpxtpx:hr>
            <gpxtpx:cad>76</gpxtpx:cad>
            <gpxtpx:atemp>297.65</gpxtpx:atemp>
          </gpxtpx:TrackPointExtension>
        </extensions>
      </trkpt>
      <trkpt lat="31.132378" lon="35.364508">
        <ele>-342.4</ele>
        <time>2026-02-11T05:17:27.000Z</time>
        <extensions>
          <gpxtpx:TrackPointExtension>
            <gpxtpx:hr>146</gpxtpx:hr>
            <gpxtpx:cad>76</gpxtpx:cad>
            <gpxtpx:atemp>297.65</gpxtpx:atemp>
          </gpxtpx:TrackPointExtension>
        </extensions>
      </trkpt>
      <trkpt lat="31.132351" lon="35.364646">
        <ele>-342.8</ele>
        <time>2026-02-11T05:17:33.000Z</time>
        <extensions>
          <gpxtpx:TrackPointExtension>
            <gpxtpx:hr>146</gpxtpx:hr>
            <gpxtpx:cad>76</gpxtpx:cad>
            <gpxtpx:atemp>297.65</gpxtpx:atemp>
          </gpxtpx:TrackPointExtension>
        </extensions>
      </trkpt>
      <trkpt lat="31.132315" lon="35.364867">
        <ele>-343.4</ele>
        <time>2026-02-11T05:17:42.000Z</time>
        <extensions>
          <gpxtpx:TrackPointExtension>
            <gpxtpx:hr>145</gpxtpx:hr>
            <gpxtpx:cad>77</gpxtpx:cad>
            <gpxtpx:atemp>297.65</gpxtpx:atemp>
          </gpxtpx:TrackPointExtension>
        </extensions>
      </trkpt>
      <trkpt lat="31.132291" lon="35.365027">
        <ele>-343.9</ele>
        <time>2026-02-11T05:17:49.000Z</time>
        <extensions>
          <gpxtpx:TrackPointExtension>
            <gpxtpx:hr>143</gpxtpx:hr>
            <gpxtpx:cad>77</gpxtpx:cad>
            <gpxtpx:atemp>297.65</gpxtpx:atemp>
          </gpxtpx:TrackPointExtension>
        </extensions>
      </trkpt>
      <trkpt lat="31.132241" lon="35.365316">
        <ele>-344.7</ele>
        <time>2026-02-11T05:18:01.000Z</time>
        <extensions>
          <gpxtpx:TrackPointExtension>
            <gpxtpx:hr>144</gpxtpx:hr>
            <gpxtpx:cad>77</gpxtpx:cad>
            <gpxtpx:atemp>297.65</gpxtpx:atemp>
          </gpxtpx:TrackPointExtension>
        </extensions>
      </trkpt>
      <trkpt lat="31.132199" lon="35.365616">
        <ele>-345.2</ele>
        <time>2026-02-11T05:18:14.000Z</time>
        <extensions>
          <gpxtpx:TrackPointExtension>
            <gpxtpx:hr>141</gpxtpx:hr>
            <gpxtpx:cad>77</gpxtpx:cad>
            <gpxtpx:atemp>297.65</gpxtpx:atemp>
          </gpxtpx:TrackPointExtension>
        </extensions>
      </trkpt>
      <trkpt lat="31.132174" lon="35.365778">
        <ele>-345.3</ele>
        <time>2026-02-11T05:18:21.000Z</time>
        <extensions>
          <gpxtpx:TrackPointExtension>
            <gpxtpx:hr>140</gpxtpx:hr>
            <gpxtpx:cad>77</gpxtpx:cad>
            <gpxtpx:atemp>297.65</gpxtpx:atemp>
          </gpxtpx:TrackPointExtension>
        </extensions>
      </trkpt>
      <trkpt lat="31.132101" lon="35.365981">
        <ele>-345.3</ele>
        <time>2026-02-11T05:18:30.000Z</time>
        <extensions>
          <gpxtpx:TrackPointExtension>
            <gpxtpx:hr>139</gpxtpx:hr>
            <gpxtpx:cad>76</gpxtpx:cad>
            <gpxtpx:atemp>297.65</gpxtpx:atemp>
          </gpxtpx:TrackPointExtension>
        </extensions>
      </trkpt>
      <trkpt lat="31.132062" lon="35.366155">
        <ele>-345.1</ele>
        <time>2026-02-11T05:18:38.000Z</time>
        <extensions>
          <gpxtpx:TrackPointExtension>
            <gpxtpx:hr>137</gpxtpx:hr>
            <gpxtpx:cad>77</gpxtpx:cad>
            <gpxtpx:atemp>297.65</gpxtpx:atemp>
          </gpxtpx:TrackPointExtension>
        </extensions>
      </trkpt>
      <trkpt lat="31.132029" lon="35.366404">
        <ele>-344.6</ele>
        <time>2026-02-11T05:18:49.000Z</time>
        <extensions>
          <gpxtpx:TrackPointExtension>
            <gpxtpx:hr>138</gpxtpx:hr>
            <gpxtpx:cad>77</gpxtpx:cad>
            <gpxtpx:atemp>297.65</gpxtpx:atemp>
          </gpxtpx:TrackPointExtension>
        </extensions>
      </trkpt>
      <trkpt lat="31.131996" lon="35.366587">
        <ele>-344.2</ele>
        <time>2026-02-11T05:18:57.000Z</time>
        <extensions>
          <gpxtpx:TrackPointExtension>
            <gpxtpx:hr>140</gpxtpx:hr>
            <gpxtpx:cad>77</gpxtpx:cad>
            <gpxtpx:atemp>297.65</gpxtpx:atemp>
          </gpxtpx:TrackPointExtension>
        </extensions>
      </trkpt>
      <trkpt lat="31.131940" lon="35.366824">
        <ele>-343.6</ele>
        <time>2026-02-11T05:19:07.000Z</time>
        <extensions>
          <gpxtpx:TrackPointExtension>
            <gpxtpx:hr>142</gpxtpx:hr>
            <gpxtpx:cad>78</gpxtpx:cad>
            <gpxtpx:atemp>297.65</gpxtpx:atemp>
          </gpxtpx:TrackPointExtension>
        </extensions>
      </trkpt>
      <trkpt lat="31.131849" lon="35.367079">
        <ele>-343.0</ele>
        <time>2026-02-11T05:19:20.000Z</time>
        <extensions>
          <gpxtpx:TrackPointExtension>
            <gpxtpx:hr>142</gpxtpx:hr>
            <gpxtpx:cad>76</gpxtpx:cad>
            <gpxtpx:atemp>297.65</gpxtpx:atemp>
          </gpxtpx:TrackPointExtension>
        </extensions>
      </trkpt>
      <trkpt lat="31.131725" lon="35.367158">
        <ele>-342.3</ele>
        <time>2026-02-11T05:19:29.000Z</time>
        <extensions>
          <gpxtpx:TrackPointExtension>
            <gpxtpx:hr>141</gpxtpx:hr>
            <gpxtpx:cad>75</gpxtpx:cad>
            <gpxtpx:atemp>297.65</gpxtpx:atemp>
          </gpxtpx:TrackPointExtension>
        </extensions>
      </trkpt>
      <trkpt lat="31.131612" lon="35.367089">
        <ele>-341.6</ele>
        <time>2026-02-11T05:19:37.000Z</time>
        <extensions>
          <gpxtpx:TrackPointExtension>
            <gpxtpx:hr>142</gpxtpx:hr>
            <gpxtpx:cad>73</gpxtpx:cad>
            <gpxtpx:atemp>297.65</gpxtpx:atemp>
          </gpxtpx:TrackPointExtension>
        </extensions>
      </trkpt>
      <trkpt lat="31.131536" lon="35.367002">
        <ele>-340.9</ele>
        <time>2026-02-11T05:19:43.000Z</time>
        <extensions>
          <gpxtpx:TrackPointExtension>
            <gpxtpx:hr>143</gpxtpx:hr>
            <gpxtpx:cad>74</gpxtpx:cad>
            <gpxtpx:atemp>297.65</gpxtpx:atemp>
          </gpxtpx:TrackPointExtension>
        </extensions>
      </trkpt>
      <trkpt lat="31.131438" lon="35.366808">
        <ele>-339.8</ele>
        <time>2026-02-11T05:19:55.000Z</time>
        <extensions>
          <gpxtpx:TrackPointExtension>
            <gpxtpx:hr>145</gpxtpx:hr>
            <gpxtpx:cad>76</gpxtpx:cad>
            <gpxtpx:atemp>297.65</gpxtpx:atemp>
          </gpxtpx:TrackPointExtension>
        </extensions>
      </trkpt>
      <trkpt lat="31.131357" lon="35.366591">
        <ele>-338.2</ele>
        <time>2026-02-11T05:20:08.000Z</time>
        <extensions>
          <gpxtpx:TrackPointExtension>
            <gpxtpx:hr>151</gpxtpx:hr>
            <gpxtpx:cad>72</gpxtpx:cad>
            <gpxtpx:atemp>297.65</gpxtpx:atemp>
          </gpxtpx:TrackPointExtension>
        </extensions>
      </trkpt>
      <trkpt lat="31.131317" lon="35.366497">
        <ele>-337.5</ele>
        <time>2026-02-11T05:20:16.000Z</time>
        <extensions>
          <gpxtpx:TrackPointExtension>
            <gpxtpx:hr>150</gpxtpx:hr>
            <gpxtpx:cad>54</gpxtpx:cad>
            <gpxtpx:atemp>297.65</gpxtpx:atemp>
          </gpxtpx:TrackPointExtension>
        </extensions>
      </trkpt>
      <trkpt lat="31.131215" lon="35.366275">
        <ele>-336.0</ele>
        <time>2026-02-11T05:20:34.000Z</time>
        <extensions>
          <gpxtpx:TrackPointExtension>
            <gpxtpx:hr>146</gpxtpx:hr>
            <gpxtpx:cad>57</gpxtpx:cad>
            <gpxtpx:atemp>297.65</gpxtpx:atemp>
          </gpxtpx:TrackPointExtension>
        </extensions>
      </trkpt>
      <trkpt lat="31.131150" lon="35.366113">
        <ele>-334.9</ele>
        <time>2026-02-11T05:20:45.000Z</time>
        <extensions>
          <gpxtpx:TrackPointExtension>
            <gpxtpx:hr>148</gpxtpx:hr>
            <gpxtpx:cad>56</gpxtpx:cad>
            <gpxtpx:atemp>297.65</gpxtpx:atemp>
          </gpxtpx:TrackPointExtension>
        </extensions>
      </trkpt>
      <trkpt lat="31.131091" lon="35.365840">
        <ele>-333.2</ele>
        <time>2026-02-11T05:21:04.000Z</time>
        <extensions>
          <gpxtpx:TrackPointExtension>
            <gpxtpx:hr>144</gpxtpx:hr>
            <gpxtpx:cad>57</gpxtpx:cad>
            <gpxtpx:atemp>297.65</gpxtpx:atemp>
          </gpxtpx:TrackPointExtension>
        </extensions>
      </trkpt>
      <trkpt lat="31.131084" lon="35.365733">
        <ele>-332.7</ele>
        <time>2026-02-11T05:21:10.000Z</time>
        <extensions>
          <gpxtpx:TrackPointExtension>
            <gpxtpx:hr>142</gpxtpx:hr>
            <gpxtpx:cad>59</gpxtpx:cad>
            <gpxtpx:atemp>297.65</gpxtpx:atemp>
          </gpxtpx:TrackPointExtension>
        </extensions>
      </trkpt>
      <trkpt lat="31.131062" lon="35.365510">
        <ele>-331.7</ele>
        <time>2026-02-11T05:21:24.000Z</time>
        <extensions>
          <gpxtpx:TrackPointExtension>
            <gpxtpx:hr>139</gpxtpx:hr>
            <gpxtpx:cad>59</gpxtpx:cad>
            <gpxtpx:atemp>297.65</gpxtpx:atemp>
          </gpxtpx:TrackPointExtension>
        </extensions>
      </trkpt>
      <trkpt lat="31.131052" lon="35.365476">
        <ele>-331.6</ele>
        <time>2026-02-11T05:21:26.000Z</time>
        <extensions>
          <gpxtpx:TrackPointExtension>
            <gpxtpx:hr>138</gpxtpx:hr>
            <gpxtpx:cad>59</gpxtpx:cad>
            <gpxtpx:atemp>297.65</gpxtpx:atemp>
          </gpxtpx:TrackPointExtension>
        </extensions>
      </trkpt>
      <trkpt lat="31.130995" lon="35.365247">
        <ele>-330.5</ele>
        <time>2026-02-11T05:21:40.000Z</time>
        <extensions>
          <gpxtpx:TrackPointExtension>
            <gpxtpx:hr>135</gpxtpx:hr>
            <gpxtpx:cad>59</gpxtpx:cad>
            <gpxtpx:atemp>297.65</gpxtpx:atemp>
          </gpxtpx:TrackPointExtension>
        </extensions>
      </trkpt>
      <trkpt lat="31.130908" lon="35.365016">
        <ele>-329.5</ele>
        <time>2026-02-11T05:21:52.000Z</time>
        <extensions>
          <gpxtpx:TrackPointExtension>
            <gpxtpx:hr>134</gpxtpx:hr>
            <gpxtpx:cad>76</gpxtpx:cad>
            <gpxtpx:atemp>297.65</gpxtpx:atemp>
          </gpxtpx:TrackPointExtension>
        </extensions>
      </trkpt>
      <trkpt lat="31.130778" lon="35.364879">
        <ele>-328.9</ele>
        <time>2026-02-11T05:22:01.000Z</time>
        <extensions>
          <gpxtpx:TrackPointExtension>
            <gpxtpx:hr>135</gpxtpx:hr>
            <gpxtpx:cad>77</gpxtpx:cad>
            <gpxtpx:atemp>297.65</gpxtpx:atemp>
          </gpxtpx:TrackPointExtension>
        </extensions>
      </trkpt>
      <trkpt lat="31.130643" lon="35.364829">
        <ele>-328.9</ele>
        <time>2026-02-11T05:22:08.000Z</time>
        <extensions>
          <gpxtpx:TrackPointExtension>
            <gpxtpx:hr>137</gpxtpx:hr>
            <gpxtpx:cad>77</gpxtpx:cad>
            <gpxtpx:atemp>297.65</gpxtpx:atemp>
          </gpxtpx:TrackPointExtension>
        </extensions>
      </trkpt>
      <trkpt lat="31.130522" lon="35.364746">
        <ele>-329.3</ele>
        <time>2026-02-11T05:22:15.000Z</time>
        <extensions>
          <gpxtpx:TrackPointExtension>
            <gpxtpx:hr>139</gpxtpx:hr>
            <gpxtpx:cad>75</gpxtpx:cad>
            <gpxtpx:atemp>297.65</gpxtpx:atemp>
          </gpxtpx:TrackPointExtension>
        </extensions>
      </trkpt>
      <trkpt lat="31.130436" lon="35.364609">
        <ele>-329.8</ele>
        <time>2026-02-11T05:22:22.000Z</time>
        <extensions>
          <gpxtpx:TrackPointExtension>
            <gpxtpx:hr>139</gpxtpx:hr>
            <gpxtpx:cad>76</gpxtpx:cad>
            <gpxtpx:atemp>297.65</gpxtpx:atemp>
          </gpxtpx:TrackPointExtension>
        </extensions>
      </trkpt>
      <trkpt lat="31.130329" lon="35.364594">
        <ele>-329.4</ele>
        <time>2026-02-11T05:22:35.000Z</time>
        <extensions>
          <gpxtpx:TrackPointExtension>
            <gpxtpx:hr>141</gpxtpx:hr>
            <gpxtpx:cad>0</gpxtpx:cad>
            <gpxtpx:atemp>297.65</gpxtpx:atemp>
          </gpxtpx:TrackPointExtension>
        </extensions>
      </trkpt>
      <trkpt lat="31.130262" lon="35.364583">
        <ele>-328.6</ele>
        <time>2026-02-11T05:22:47.000Z</time>
        <extensions>
          <gpxtpx:TrackPointExtension>
            <gpxtpx:hr>141</gpxtpx:hr>
            <gpxtpx:cad>0</gpxtpx:cad>
            <gpxtpx:atemp>297.65</gpxtpx:atemp>
          </gpxtpx:TrackPointExtension>
        </extensions>
      </trkpt>
      <trkpt lat="31.130079" lon="35.364520">
        <ele>-323.7</ele>
        <time>2026-02-11T05:23:12.000Z</time>
        <extensions>
          <gpxtpx:TrackPointExtension>
            <gpxtpx:hr>142</gpxtpx:hr>
            <gpxtpx:cad>0</gpxtpx:cad>
            <gpxtpx:atemp>298.65</gpxtpx:atemp>
          </gpxtpx:TrackPointExtension>
        </extensions>
      </trkpt>
      <trkpt lat="31.129947" lon="35.364414">
        <ele>-320.8</ele>
        <time>2026-02-11T05:23:29.000Z</time>
        <extensions>
          <gpxtpx:TrackPointExtension>
            <gpxtpx:hr>145</gpxtpx:hr>
            <gpxtpx:cad>0</gpxtpx:cad>
            <gpxtpx:atemp>298.65</gpxtpx:atemp>
          </gpxtpx:TrackPointExtension>
        </extensions>
      </trkpt>
      <trkpt lat="31.129835" lon="35.364301">
        <ele>-318.1</ele>
        <time>2026-02-11T05:23:44.000Z</time>
        <extensions>
          <gpxtpx:TrackPointExtension>
            <gpxtpx:hr>151</gpxtpx:hr>
            <gpxtpx:cad>0</gpxtpx:cad>
            <gpxtpx:atemp>298.65</gpxtpx:atemp>
          </gpxtpx:TrackPointExtension>
        </extensions>
      </trkpt>
      <trkpt lat="31.129809" lon="35.364205">
        <ele>-316.5</ele>
        <time>2026-02-11T05:23:54.000Z</time>
        <extensions>
          <gpxtpx:TrackPointExtension>
            <gpxtpx:hr>148</gpxtpx:hr>
            <gpxtpx:cad>48</gpxtpx:cad>
            <gpxtpx:atemp>298.65</gpxtpx:atemp>
          </gpxtpx:TrackPointExtension>
        </extensions>
      </trkpt>
      <trkpt lat="31.129818" lon="35.364091">
        <ele>-314.9</ele>
        <time>2026-02-11T05:24:04.000Z</time>
        <extensions>
          <gpxtpx:TrackPointExtension>
            <gpxtpx:hr>147</gpxtpx:hr>
            <gpxtpx:cad>45</gpxtpx:cad>
            <gpxtpx:atemp>298.65</gpxtpx:atemp>
          </gpxtpx:TrackPointExtension>
        </extensions>
      </trkpt>
      <trkpt lat="31.129833" lon="35.363943">
        <ele>-312.9</ele>
        <time>2026-02-11T05:24:17.000Z</time>
        <extensions>
          <gpxtpx:TrackPointExtension>
            <gpxtpx:hr>147</gpxtpx:hr>
            <gpxtpx:cad>0</gpxtpx:cad>
            <gpxtpx:atemp>298.65</gpxtpx:atemp>
          </gpxtpx:TrackPointExtension>
        </extensions>
      </trkpt>
      <trkpt lat="31.129821" lon="35.363819">
        <ele>-311.3</ele>
        <time>2026-02-11T05:24:26.000Z</time>
        <extensions>
          <gpxtpx:TrackPointExtension>
            <gpxtpx:hr>147</gpxtpx:hr>
            <gpxtpx:cad>51</gpxtpx:cad>
            <gpxtpx:atemp>298.65</gpxtpx:atemp>
          </gpxtpx:TrackPointExtension>
        </extensions>
      </trkpt>
      <trkpt lat="31.129788" lon="35.363716">
        <ele>-310.2</ele>
        <time>2026-02-11T05:24:34.000Z</time>
        <extensions>
          <gpxtpx:TrackPointExtension>
            <gpxtpx:hr>149</gpxtpx:hr>
            <gpxtpx:cad>0</gpxtpx:cad>
            <gpxtpx:atemp>298.65</gpxtpx:atemp>
          </gpxtpx:TrackPointExtension>
        </extensions>
      </trkpt>
      <trkpt lat="31.129712" lon="35.363555">
        <ele>-308.1</ele>
        <time>2026-02-11T05:24:48.000Z</time>
        <extensions>
          <gpxtpx:TrackPointExtension>
            <gpxtpx:hr>146</gpxtpx:hr>
            <gpxtpx:cad>78</gpxtpx:cad>
            <gpxtpx:atemp>298.65</gpxtpx:atemp>
          </gpxtpx:TrackPointExtension>
        </extensions>
      </trkpt>
      <trkpt lat="31.129703" lon="35.363446">
        <ele>-306.3</ele>
        <time>2026-02-11T05:24:58.000Z</time>
        <extensions>
          <gpxtpx:TrackPointExtension>
            <gpxtpx:hr>146</gpxtpx:hr>
            <gpxtpx:cad>0</gpxtpx:cad>
            <gpxtpx:atemp>298.65</gpxtpx:atemp>
          </gpxtpx:TrackPointExtension>
        </extensions>
      </trkpt>
      <trkpt lat="31.129823" lon="35.363249">
        <ele>-303.0</ele>
        <time>2026-02-11T05:25:17.000Z</time>
        <extensions>
          <gpxtpx:TrackPointExtension>
            <gpxtpx:hr>146</gpxtpx:hr>
            <gpxtpx:cad>53</gpxtpx:cad>
            <gpxtpx:atemp>298.65</gpxtpx:atemp>
          </gpxtpx:TrackPointExtension>
        </extensions>
      </trkpt>
      <trkpt lat="31.129848" lon="35.363069">
        <ele>-301.9</ele>
        <time>2026-02-11T05:25:30.000Z</time>
        <extensions>
          <gpxtpx:TrackPointExtension>
            <gpxtpx:hr>146</gpxtpx:hr>
            <gpxtpx:cad>53</gpxtpx:cad>
            <gpxtpx:atemp>298.65</gpxtpx:atemp>
          </gpxtpx:TrackPointExtension>
        </extensions>
      </trkpt>
      <trkpt lat="31.129833" lon="35.362919">
        <ele>-301.4</ele>
        <time>2026-02-11T05:25:39.000Z</time>
        <extensions>
          <gpxtpx:TrackPointExtension>
            <gpxtpx:hr>145</gpxtpx:hr>
            <gpxtpx:cad>56</gpxtpx:cad>
            <gpxtpx:atemp>298.65</gpxtpx:atemp>
          </gpxtpx:TrackPointExtension>
        </extensions>
      </trkpt>
      <trkpt lat="31.129834" lon="35.362808">
        <ele>-301.1</ele>
        <time>2026-02-11T05:25:45.000Z</time>
        <extensions>
          <gpxtpx:TrackPointExtension>
            <gpxtpx:hr>146</gpxtpx:hr>
            <gpxtpx:cad>73</gpxtpx:cad>
            <gpxtpx:atemp>298.65</gpxtpx:atemp>
          </gpxtpx:TrackPointExtension>
        </extensions>
      </trkpt>
      <trkpt lat="31.129857" lon="35.362677">
        <ele>-300.7</ele>
        <time>2026-02-11T05:25:52.000Z</time>
        <extensions>
          <gpxtpx:TrackPointExtension>
            <gpxtpx:hr>146</gpxtpx:hr>
            <gpxtpx:cad>72</gpxtpx:cad>
            <gpxtpx:atemp>298.65</gpxtpx:atemp>
          </gpxtpx:TrackPointExtension>
        </extensions>
      </trkpt>
      <trkpt lat="31.129846" lon="35.362458">
        <ele>-299.9</ele>
        <time>2026-02-11T05:26:03.000Z</time>
        <extensions>
          <gpxtpx:TrackPointExtension>
            <gpxtpx:hr>147</gpxtpx:hr>
            <gpxtpx:cad>73</gpxtpx:cad>
            <gpxtpx:atemp>298.65</gpxtpx:atemp>
          </gpxtpx:TrackPointExtension>
        </extensions>
      </trkpt>
      <trkpt lat="31.129802" lon="35.362238">
        <ele>-299.1</ele>
        <time>2026-02-11T05:26:15.000Z</time>
        <extensions>
          <gpxtpx:TrackPointExtension>
            <gpxtpx:hr>148</gpxtpx:hr>
            <gpxtpx:cad>73</gpxtpx:cad>
            <gpxtpx:atemp>298.65</gpxtpx:atemp>
          </gpxtpx:TrackPointExtension>
        </extensions>
      </trkpt>
      <trkpt lat="31.129759" lon="35.362038">
        <ele>-298.3</ele>
        <time>2026-02-11T05:26:25.000Z</time>
        <extensions>
          <gpxtpx:TrackPointExtension>
            <gpxtpx:hr>147</gpxtpx:hr>
            <gpxtpx:cad>74</gpxtpx:cad>
            <gpxtpx:atemp>298.65</gpxtpx:atemp>
          </gpxtpx:TrackPointExtension>
        </extensions>
      </trkpt>
      <trkpt lat="31.129693" lon="35.361838">
        <ele>-296.8</ele>
        <time>2026-02-11T05:26:38.000Z</time>
        <extensions>
          <gpxtpx:TrackPointExtension>
            <gpxtpx:hr>147</gpxtpx:hr>
            <gpxtpx:cad>72</gpxtpx:cad>
            <gpxtpx:atemp>298.65</gpxtpx:atemp>
          </gpxtpx:TrackPointExtension>
        </extensions>
      </trkpt>
      <trkpt lat="31.129685" lon="35.361764">
        <ele>-296.3</ele>
        <time>2026-02-11T05:26:42.000Z</time>
        <extensions>
          <gpxtpx:TrackPointExtension>
            <gpxtpx:hr>146</gpxtpx:hr>
            <gpxtpx:cad>70</gpxtpx:cad>
            <gpxtpx:atemp>298.65</gpxtpx:atemp>
          </gpxtpx:TrackPointExtension>
        </extensions>
      </trkpt>
      <trkpt lat="31.129687" lon="35.361558">
        <ele>-294.8</ele>
        <time>2026-02-11T05:26:56.000Z</time>
        <extensions>
          <gpxtpx:TrackPointExtension>
            <gpxtpx:hr>147</gpxtpx:hr>
            <gpxtpx:cad>53</gpxtpx:cad>
            <gpxtpx:atemp>298.65</gpxtpx:atemp>
          </gpxtpx:TrackPointExtension>
        </extensions>
      </trkpt>
      <trkpt lat="31.129724" lon="35.361415">
        <ele>-292.8</ele>
        <time>2026-02-11T05:27:10.000Z</time>
        <extensions>
          <gpxtpx:TrackPointExtension>
            <gpxtpx:hr>149</gpxtpx:hr>
            <gpxtpx:cad>0</gpxtpx:cad>
            <gpxtpx:atemp>298.65</gpxtpx:atemp>
          </gpxtpx:TrackPointExtension>
        </extensions>
      </trkpt>
      <trkpt lat="31.129748" lon="35.361298">
        <ele>-291.0</ele>
        <time>2026-02-11T05:27:20.000Z</time>
        <extensions>
          <gpxtpx:TrackPointExtension>
            <gpxtpx:hr>152</gpxtpx:hr>
            <gpxtpx:cad>49</gpxtpx:cad>
            <gpxtpx:atemp>298.65</gpxtpx:atemp>
          </gpxtpx:TrackPointExtension>
        </extensions>
      </trkpt>
      <trkpt lat="31.129837" lon="35.361161">
        <ele>-289.1</ele>
        <time>2026-02-11T05:27:33.000Z</time>
        <extensions>
          <gpxtpx:TrackPointExtension>
            <gpxtpx:hr>151</gpxtpx:hr>
            <gpxtpx:cad>54</gpxtpx:cad>
            <gpxtpx:atemp>298.65</gpxtpx:atemp>
          </gpxtpx:TrackPointExtension>
        </extensions>
      </trkpt>
      <trkpt lat="31.129889" lon="35.361068">
        <ele>-288.4</ele>
        <time>2026-02-11T05:27:41.000Z</time>
        <extensions>
          <gpxtpx:TrackPointExtension>
            <gpxtpx:hr>147</gpxtpx:hr>
            <gpxtpx:cad>53</gpxtpx:cad>
            <gpxtpx:atemp>298.65</gpxtpx:atemp>
          </gpxtpx:TrackPointExtension>
        </extensions>
      </trkpt>
      <trkpt lat="31.129884" lon="35.360990">
        <ele>-288.0</ele>
        <time>2026-02-11T05:27:57.000Z</time>
        <extensions>
          <gpxtpx:TrackPointExtension>
            <gpxtpx:hr>139</gpxtpx:hr>
            <gpxtpx:cad>0</gpxtpx:cad>
            <gpxtpx:atemp>298.65</gpxtpx:atemp>
          </gpxtpx:TrackPointExtension>
        </extensions>
      </trkpt>
      <trkpt lat="31.129904" lon="35.360805">
        <ele>-287.4</ele>
        <time>2026-02-11T05:28:06.000Z</time>
        <extensions>
          <gpxtpx:TrackPointExtension>
            <gpxtpx:hr>139</gpxtpx:hr>
            <gpxtpx:cad>72</gpxtpx:cad>
            <gpxtpx:atemp>298.65</gpxtpx:atemp>
          </gpxtpx:TrackPointExtension>
        </extensions>
      </trkpt>
      <trkpt lat="31.129878" lon="35.360607">
        <ele>-286.6</ele>
        <time>2026-02-11T05:28:16.000Z</time>
        <extensions>
          <gpxtpx:TrackPointExtension>
            <gpxtpx:hr>136</gpxtpx:hr>
            <gpxtpx:cad>73</gpxtpx:cad>
            <gpxtpx:atemp>298.65</gpxtpx:atemp>
          </gpxtpx:TrackPointExtension>
        </extensions>
      </trkpt>
      <trkpt lat="31.129866" lon="35.360467">
        <ele>-285.9</ele>
        <time>2026-02-11T05:28:24.000Z</time>
        <extensions>
          <gpxtpx:TrackPointExtension>
            <gpxtpx:hr>134</gpxtpx:hr>
            <gpxtpx:cad>73</gpxtpx:cad>
            <gpxtpx:atemp>298.65</gpxtpx:atemp>
          </gpxtpx:TrackPointExtension>
        </extensions>
      </trkpt>
      <trkpt lat="31.129871" lon="35.360372">
        <ele>-285.6</ele>
        <time>2026-02-11T05:28:29.000Z</time>
        <extensions>
          <gpxtpx:TrackPointExtension>
            <gpxtpx:hr>133</gpxtpx:hr>
            <gpxtpx:cad>72</gpxtpx:cad>
            <gpxtpx:atemp>298.65</gpxtpx:atemp>
          </gpxtpx:TrackPointExtension>
        </extensions>
      </trkpt>
      <trkpt lat="31.129926" lon="35.360213">
        <ele>-285.7</ele>
        <time>2026-02-11T05:28:37.000Z</time>
        <extensions>
          <gpxtpx:TrackPointExtension>
            <gpxtpx:hr>135</gpxtpx:hr>
            <gpxtpx:cad>72</gpxtpx:cad>
            <gpxtpx:atemp>298.65</gpxtpx:atemp>
          </gpxtpx:TrackPointExtension>
        </extensions>
      </trkpt>
      <trkpt lat="31.129883" lon="35.360099">
        <ele>-285.9</ele>
        <time>2026-02-11T05:28:43.000Z</time>
        <extensions>
          <gpxtpx:TrackPointExtension>
            <gpxtpx:hr>136</gpxtpx:hr>
            <gpxtpx:cad>72</gpxtpx:cad>
            <gpxtpx:atemp>298.65</gpxtpx:atemp>
          </gpxtpx:TrackPointExtension>
        </extensions>
      </trkpt>
      <trkpt lat="31.129794" lon="35.360028">
        <ele>-285.8</ele>
        <time>2026-02-11T05:28:49.000Z</time>
        <extensions>
          <gpxtpx:TrackPointExtension>
            <gpxtpx:hr>136</gpxtpx:hr>
            <gpxtpx:cad>72</gpxtpx:cad>
            <gpxtpx:atemp>298.65</gpxtpx:atemp>
          </gpxtpx:TrackPointExtension>
        </extensions>
      </trkpt>
      <trkpt lat="31.129763" lon="35.359905">
        <ele>-285.3</ele>
        <time>2026-02-11T05:28:57.000Z</time>
        <extensions>
          <gpxtpx:TrackPointExtension>
            <gpxtpx:hr>138</gpxtpx:hr>
            <gpxtpx:cad>71</gpxtpx:cad>
            <gpxtpx:atemp>298.65</gpxtpx:atemp>
          </gpxtpx:TrackPointExtension>
        </extensions>
      </trkpt>
      <trkpt lat="31.129814" lon="35.359798">
        <ele>-284.8</ele>
        <time>2026-02-11T05:29:03.000Z</time>
        <extensions>
          <gpxtpx:TrackPointExtension>
            <gpxtpx:hr>139</gpxtpx:hr>
            <gpxtpx:cad>73</gpxtpx:cad>
            <gpxtpx:atemp>298.65</gpxtpx:atemp>
          </gpxtpx:TrackPointExtension>
        </extensions>
      </trkpt>
      <trkpt lat="31.129839" lon="35.359624">
        <ele>-284.2</ele>
        <time>2026-02-11T05:29:11.000Z</time>
        <extensions>
          <gpxtpx:TrackPointExtension>
            <gpxtpx:hr>144</gpxtpx:hr>
            <gpxtpx:cad>76</gpxtpx:cad>
            <gpxtpx:atemp>298.65</gpxtpx:atemp>
          </gpxtpx:TrackPointExtension>
        </extensions>
      </trkpt>
      <trkpt lat="31.129793" lon="35.359308">
        <ele>-283.6</ele>
        <time>2026-02-11T05:29:26.000Z</time>
        <extensions>
          <gpxtpx:TrackPointExtension>
            <gpxtpx:hr>147</gpxtpx:hr>
            <gpxtpx:cad>73</gpxtpx:cad>
            <gpxtpx:atemp>298.65</gpxtpx:atemp>
          </gpxtpx:TrackPointExtension>
        </extensions>
      </trkpt>
      <trkpt lat="31.129761" lon="35.359213">
        <ele>-283.3</ele>
        <time>2026-02-11T05:29:31.000Z</time>
        <extensions>
          <gpxtpx:TrackPointExtension>
            <gpxtpx:hr>149</gpxtpx:hr>
            <gpxtpx:cad>76</gpxtpx:cad>
            <gpxtpx:atemp>298.65</gpxtpx:atemp>
          </gpxtpx:TrackPointExtension>
        </extensions>
      </trkpt>
      <trkpt lat="31.129733" lon="35.359085">
        <ele>-282.7</ele>
        <time>2026-02-11T05:29:38.000Z</time>
        <extensions>
          <gpxtpx:TrackPointExtension>
            <gpxtpx:hr>149</gpxtpx:hr>
            <gpxtpx:cad>74</gpxtpx:cad>
            <gpxtpx:atemp>298.65</gpxtpx:atemp>
          </gpxtpx:TrackPointExtension>
        </extensions>
      </trkpt>
      <trkpt lat="31.129677" lon="35.358989">
        <ele>-282.0</ele>
        <time>2026-02-11T05:29:45.000Z</time>
        <extensions>
          <gpxtpx:TrackPointExtension>
            <gpxtpx:hr>149</gpxtpx:hr>
            <gpxtpx:cad>72</gpxtpx:cad>
            <gpxtpx:atemp>298.65</gpxtpx:atemp>
          </gpxtpx:TrackPointExtension>
        </extensions>
      </trkpt>
      <trkpt lat="31.129606" lon="35.358903">
        <ele>-280.7</ele>
        <time>2026-02-11T05:29:55.000Z</time>
        <extensions>
          <gpxtpx:TrackPointExtension>
            <gpxtpx:hr>150</gpxtpx:hr>
            <gpxtpx:cad>0</gpxtpx:cad>
            <gpxtpx:atemp>299.65</gpxtpx:atemp>
          </gpxtpx:TrackPointExtension>
        </extensions>
      </trkpt>
      <trkpt lat="31.129581" lon="35.358678">
        <ele>-277.7</ele>
        <time>2026-02-11T05:30:14.000Z</time>
        <extensions>
          <gpxtpx:TrackPointExtension>
            <gpxtpx:hr>151</gpxtpx:hr>
            <gpxtpx:cad>53</gpxtpx:cad>
            <gpxtpx:atemp>298.65</gpxtpx:atemp>
          </gpxtpx:TrackPointExtension>
        </extensions>
      </trkpt>
      <trkpt lat="31.129587" lon="35.358574">
        <ele>-276.3</ele>
        <time>2026-02-11T05:30:22.000Z</time>
        <extensions>
          <gpxtpx:TrackPointExtension>
            <gpxtpx:hr>151</gpxtpx:hr>
            <gpxtpx:cad>0</gpxtpx:cad>
            <gpxtpx:atemp>299.65</gpxtpx:atemp>
          </gpxtpx:TrackPointExtension>
        </extensions>
      </trkpt>
      <trkpt lat="31.129614" lon="35.358399">
        <ele>-274.0</ele>
        <time>2026-02-11T05:30:39.000Z</time>
        <extensions>
          <gpxtpx:TrackPointExtension>
            <gpxtpx:hr>152</gpxtpx:hr>
            <gpxtpx:cad>0</gpxtpx:cad>
            <gpxtpx:atemp>298.65</gpxtpx:atemp>
          </gpxtpx:TrackPointExtension>
        </extensions>
      </trkpt>
      <trkpt lat="31.129624" lon="35.358131">
        <ele>-270.2</ele>
        <time>2026-02-11T05:31:01.000Z</time>
        <extensions>
          <gpxtpx:TrackPointExtension>
            <gpxtpx:hr>150</gpxtpx:hr>
            <gpxtpx:cad>47</gpxtpx:cad>
            <gpxtpx:atemp>299.65</gpxtpx:atemp>
          </gpxtpx:TrackPointExtension>
        </extensions>
      </trkpt>
      <trkpt lat="31.129615" lon="35.358071">
        <ele>-269.3</ele>
        <time>2026-02-11T05:31:06.000Z</time>
        <extensions>
          <gpxtpx:TrackPointExtension>
            <gpxtpx:hr>150</gpxtpx:hr>
            <gpxtpx:cad>73</gpxtpx:cad>
            <gpxtpx:atemp>299.65</gpxtpx:atemp>
          </gpxtpx:TrackPointExtension>
        </extensions>
      </trkpt>
      <trkpt lat="31.129563" lon="35.357896">
        <ele>-266.8</ele>
        <time>2026-02-11T05:31:21.000Z</time>
        <extensions>
          <gpxtpx:TrackPointExtension>
            <gpxtpx:hr>150</gpxtpx:hr>
            <gpxtpx:cad>50</gpxtpx:cad>
            <gpxtpx:atemp>299.65</gpxtpx:atemp>
          </gpxtpx:TrackPointExtension>
        </extensions>
      </trkpt>
      <trkpt lat="31.129492" lon="35.357808">
        <ele>-265.2</ele>
        <time>2026-02-11T05:31:31.000Z</time>
        <extensions>
          <gpxtpx:TrackPointExtension>
            <gpxtpx:hr>150</gpxtpx:hr>
            <gpxtpx:cad>0</gpxtpx:cad>
            <gpxtpx:atemp>299.65</gpxtpx:atemp>
          </gpxtpx:TrackPointExtension>
        </extensions>
      </trkpt>
      <trkpt lat="31.129343" lon="35.357615">
        <ele>-262.7</ele>
        <time>2026-02-11T05:31:50.000Z</time>
        <extensions>
          <gpxtpx:TrackPointExtension>
            <gpxtpx:hr>147</gpxtpx:hr>
            <gpxtpx:cad>54</gpxtpx:cad>
            <gpxtpx:atemp>298.65</gpxtpx:atemp>
          </gpxtpx:TrackPointExtension>
        </extensions>
      </trkpt>
      <trkpt lat="31.129282" lon="35.357457">
        <ele>-261.9</ele>
        <time>2026-02-11T05:32:02.000Z</time>
        <extensions>
          <gpxtpx:TrackPointExtension>
            <gpxtpx:hr>145</gpxtpx:hr>
            <gpxtpx:cad>56</gpxtpx:cad>
            <gpxtpx:atemp>298.65</gpxtpx:atemp>
          </gpxtpx:TrackPointExtension>
        </extensions>
      </trkpt>
      <trkpt lat="31.129242" lon="35.357287">
        <ele>-261.3</ele>
        <time>2026-02-11T05:32:14.000Z</time>
        <extensions>
          <gpxtpx:TrackPointExtension>
            <gpxtpx:hr>141</gpxtpx:hr>
            <gpxtpx:cad>54</gpxtpx:cad>
            <gpxtpx:atemp>298.65</gpxtpx:atemp>
          </gpxtpx:TrackPointExtension>
        </extensions>
      </trkpt>
      <trkpt lat="31.129249" lon="35.357105">
        <ele>-261.2</ele>
        <time>2026-02-11T05:32:26.000Z</time>
        <extensions>
          <gpxtpx:TrackPointExtension>
            <gpxtpx:hr>134</gpxtpx:hr>
            <gpxtpx:cad>52</gpxtpx:cad>
            <gpxtpx:atemp>298.65</gpxtpx:atemp>
          </gpxtpx:TrackPointExtension>
        </extensions>
      </trkpt>
      <trkpt lat="31.129265" lon="35.356938">
        <ele>-261.3</ele>
        <time>2026-02-11T05:32:33.000Z</time>
        <extensions>
          <gpxtpx:TrackPointExtension>
            <gpxtpx:hr>130</gpxtpx:hr>
            <gpxtpx:cad>72</gpxtpx:cad>
            <gpxtpx:atemp>298.65</gpxtpx:atemp>
          </gpxtpx:TrackPointExtension>
        </extensions>
      </trkpt>
      <trkpt lat="31.129259" lon="35.356785">
        <ele>-261.9</ele>
        <time>2026-02-11T05:32:40.000Z</time>
        <extensions>
          <gpxtpx:TrackPointExtension>
            <gpxtpx:hr>130</gpxtpx:hr>
            <gpxtpx:cad>75</gpxtpx:cad>
            <gpxtpx:atemp>298.65</gpxtpx:atemp>
          </gpxtpx:TrackPointExtension>
        </extensions>
      </trkpt>
      <trkpt lat="31.129240" lon="35.356608">
        <ele>-262.6</ele>
        <time>2026-02-11T05:32:48.000Z</time>
        <extensions>
          <gpxtpx:TrackPointExtension>
            <gpxtpx:hr>130</gpxtpx:hr>
            <gpxtpx:cad>76</gpxtpx:cad>
            <gpxtpx:atemp>298.65</gpxtpx:atemp>
          </gpxtpx:TrackPointExtension>
        </extensions>
      </trkpt>
      <trkpt lat="31.129159" lon="35.356365">
        <ele>-262.9</ele>
        <time>2026-02-11T05:33:00.000Z</time>
        <extensions>
          <gpxtpx:TrackPointExtension>
            <gpxtpx:hr>129</gpxtpx:hr>
            <gpxtpx:cad>76</gpxtpx:cad>
            <gpxtpx:atemp>298.65</gpxtpx:atemp>
          </gpxtpx:TrackPointExtension>
        </extensions>
      </trkpt>
      <trkpt lat="31.129145" lon="35.356250">
        <ele>-262.8</ele>
        <time>2026-02-11T05:33:06.000Z</time>
        <extensions>
          <gpxtpx:TrackPointExtension>
            <gpxtpx:hr>134</gpxtpx:hr>
            <gpxtpx:cad>75</gpxtpx:cad>
            <gpxtpx:atemp>298.65</gpxtpx:atemp>
          </gpxtpx:TrackPointExtension>
        </extensions>
      </trkpt>
      <trkpt lat="31.129168" lon="35.356149">
        <ele>-262.6</ele>
        <time>2026-02-11T05:33:31.000Z</time>
        <extensions>
          <gpxtpx:TrackPointExtension>
            <gpxtpx:hr>126</gpxtpx:hr>
            <gpxtpx:cad>75</gpxtpx:cad>
            <gpxtpx:atemp>298.65</gpxtpx:atemp>
          </gpxtpx:TrackPointExtension>
        </extensions>
      </trkpt>
      <trkpt lat="31.129190" lon="35.356122">
        <ele>-262.6</ele>
        <time>2026-02-11T05:33:35.000Z</time>
        <extensions>
          <gpxtpx:TrackPointExtension>
            <gpxtpx:hr>124</gpxtpx:hr>
            <gpxtpx:cad>47</gpxtpx:cad>
            <gpxtpx:atemp>298.65</gpxtpx:atemp>
          </gpxtpx:TrackPointExtension>
        </extensions>
      </trkpt>
      <trkpt lat="31.129304" lon="35.355907">
        <ele>-261.7</ele>
        <time>2026-02-11T05:33:56.000Z</time>
        <extensions>
          <gpxtpx:TrackPointExtension>
            <gpxtpx:hr>116</gpxtpx:hr>
            <gpxtpx:cad>50</gpxtpx:cad>
            <gpxtpx:atemp>298.65</gpxtpx:atemp>
          </gpxtpx:TrackPointExtension>
        </extensions>
      </trkpt>
      <trkpt lat="31.129370" lon="35.355724">
        <ele>-260.9</ele>
        <time>2026-02-11T05:34:41.000Z</time>
        <extensions>
          <gpxtpx:TrackPointExtension>
            <gpxtpx:hr>103</gpxtpx:hr>
            <gpxtpx:cad>0</gpxtpx:cad>
            <gpxtpx:atemp>298.65</gpxtpx:atemp>
          </gpxtpx:TrackPointExtension>
        </extensions>
      </trkpt>
      <trkpt lat="31.129466" lon="35.355569">
        <ele>-260.5</ele>
        <time>2026-02-11T05:34:56.000Z</time>
        <extensions>
          <gpxtpx:TrackPointExtension>
            <gpxtpx:hr>99</gpxtpx:hr>
            <gpxtpx:cad>51</gpxtpx:cad>
            <gpxtpx:atemp>298.65</gpxtpx:atemp>
          </gpxtpx:TrackPointExtension>
        </extensions>
      </trkpt>
      <trkpt lat="31.129499" lon="35.355457">
        <ele>-260.3</ele>
        <time>2026-02-11T05:35:01.000Z</time>
        <extensions>
          <gpxtpx:TrackPointExtension>
            <gpxtpx:hr>96</gpxtpx:hr>
            <gpxtpx:cad>74</gpxtpx:cad>
            <gpxtpx:atemp>298.65</gpxtpx:atemp>
          </gpxtpx:TrackPointExtension>
        </extensions>
      </trkpt>
      <trkpt lat="31.129537" lon="35.355244">
        <ele>-260.1</ele>
        <time>2026-02-11T05:35:10.000Z</time>
        <extensions>
          <gpxtpx:TrackPointExtension>
            <gpxtpx:hr>116</gpxtpx:hr>
            <gpxtpx:cad>76</gpxtpx:cad>
            <gpxtpx:atemp>298.65</gpxtpx:atemp>
          </gpxtpx:TrackPointExtension>
        </extensions>
      </trkpt>
      <trkpt lat="31.129557" lon="35.355114">
        <ele>-259.8</ele>
        <time>2026-02-11T05:35:16.000Z</time>
        <extensions>
          <gpxtpx:TrackPointExtension>
            <gpxtpx:hr>118</gpxtpx:hr>
            <gpxtpx:cad>78</gpxtpx:cad>
            <gpxtpx:atemp>298.65</gpxtpx:atemp>
          </gpxtpx:TrackPointExtension>
        </extensions>
      </trkpt>
      <trkpt lat="31.129605" lon="35.354877">
        <ele>-258.5</ele>
        <time>2026-02-11T05:35:27.000Z</time>
        <extensions>
          <gpxtpx:TrackPointExtension>
            <gpxtpx:hr>125</gpxtpx:hr>
            <gpxtpx:cad>76</gpxtpx:cad>
            <gpxtpx:atemp>298.65</gpxtpx:atemp>
          </gpxtpx:TrackPointExtension>
        </extensions>
      </trkpt>
      <trkpt lat="31.129642" lon="35.354736">
        <ele>-257.7</ele>
        <time>2026-02-11T05:35:34.000Z</time>
        <extensions>
          <gpxtpx:TrackPointExtension>
            <gpxtpx:hr>128</gpxtpx:hr>
            <gpxtpx:cad>76</gpxtpx:cad>
            <gpxtpx:atemp>298.65</gpxtpx:atemp>
          </gpxtpx:TrackPointExtension>
        </extensions>
      </trkpt>
      <trkpt lat="31.129696" lon="35.354546">
        <ele>-256.8</ele>
        <time>2026-02-11T05:35:44.000Z</time>
        <extensions>
          <gpxtpx:TrackPointExtension>
            <gpxtpx:hr>131</gpxtpx:hr>
            <gpxtpx:cad>74</gpxtpx:cad>
            <gpxtpx:atemp>298.65</gpxtpx:atemp>
          </gpxtpx:TrackPointExtension>
        </extensions>
      </trkpt>
      <trkpt lat="31.129735" lon="35.354303">
        <ele>-255.5</ele>
        <time>2026-02-11T05:35:56.000Z</time>
        <extensions>
          <gpxtpx:TrackPointExtension>
            <gpxtpx:hr>135</gpxtpx:hr>
            <gpxtpx:cad>74</gpxtpx:cad>
            <gpxtpx:atemp>298.65</gpxtpx:atemp>
          </gpxtpx:TrackPointExtension>
        </extensions>
      </trkpt>
      <trkpt lat="31.129757" lon="35.354222">
        <ele>-254.9</ele>
        <time>2026-02-11T05:36:00.000Z</time>
        <extensions>
          <gpxtpx:TrackPointExtension>
            <gpxtpx:hr>136</gpxtpx:hr>
            <gpxtpx:cad>75</gpxtpx:cad>
            <gpxtpx:atemp>298.65</gpxtpx:atemp>
          </gpxtpx:TrackPointExtension>
        </extensions>
      </trkpt>
      <trkpt lat="31.129780" lon="35.354074">
        <ele>-254.0</ele>
        <time>2026-02-11T05:36:07.000Z</time>
        <extensions>
          <gpxtpx:TrackPointExtension>
            <gpxtpx:hr>140</gpxtpx:hr>
            <gpxtpx:cad>76</gpxtpx:cad>
            <gpxtpx:atemp>298.65</gpxtpx:atemp>
          </gpxtpx:TrackPointExtension>
        </extensions>
      </trkpt>
      <trkpt lat="31.129830" lon="35.353832">
        <ele>-253.5</ele>
        <time>2026-02-11T05:36:19.000Z</time>
        <extensions>
          <gpxtpx:TrackPointExtension>
            <gpxtpx:hr>144</gpxtpx:hr>
            <gpxtpx:cad>76</gpxtpx:cad>
            <gpxtpx:atemp>298.65</gpxtpx:atemp>
          </gpxtpx:TrackPointExtension>
        </extensions>
      </trkpt>
      <trkpt lat="31.129856" lon="35.353670">
        <ele>-252.8</ele>
        <time>2026-02-11T05:36:27.000Z</time>
        <extensions>
          <gpxtpx:TrackPointExtension>
            <gpxtpx:hr>146</gpxtpx:hr>
            <gpxtpx:cad>76</gpxtpx:cad>
            <gpxtpx:atemp>298.65</gpxtpx:atemp>
          </gpxtpx:TrackPointExtension>
        </extensions>
      </trkpt>
      <trkpt lat="31.129890" lon="35.353554">
        <ele>-252.0</ele>
        <time>2026-02-11T05:36:33.000Z</time>
        <extensions>
          <gpxtpx:TrackPointExtension>
            <gpxtpx:hr>147</gpxtpx:hr>
            <gpxtpx:cad>74</gpxtpx:cad>
            <gpxtpx:atemp>299.65</gpxtpx:atemp>
          </gpxtpx:TrackPointExtension>
        </extensions>
      </trkpt>
      <trkpt lat="31.130008" lon="35.353305">
        <ele>-251.0</ele>
        <time>2026-02-11T05:36:46.000Z</time>
        <extensions>
          <gpxtpx:TrackPointExtension>
            <gpxtpx:hr>146</gpxtpx:hr>
            <gpxtpx:cad>72</gpxtpx:cad>
            <gpxtpx:atemp>299.65</gpxtpx:atemp>
          </gpxtpx:TrackPointExtension>
        </extensions>
      </trkpt>
      <trkpt lat="31.130112" lon="35.353122">
        <ele>-250.4</ele>
        <time>2026-02-11T05:36:58.000Z</time>
        <extensions>
          <gpxtpx:TrackPointExtension>
            <gpxtpx:hr>146</gpxtpx:hr>
            <gpxtpx:cad>74</gpxtpx:cad>
            <gpxtpx:atemp>299.65</gpxtpx:atemp>
          </gpxtpx:TrackPointExtension>
        </extensions>
      </trkpt>
      <trkpt lat="31.130181" lon="35.352937">
        <ele>-249.1</ele>
        <time>2026-02-11T05:37:09.000Z</time>
        <extensions>
          <gpxtpx:TrackPointExtension>
            <gpxtpx:hr>146</gpxtpx:hr>
            <gpxtpx:cad>74</gpxtpx:cad>
            <gpxtpx:atemp>299.65</gpxtpx:atemp>
          </gpxtpx:TrackPointExtension>
        </extensions>
      </trkpt>
      <trkpt lat="31.130193" lon="35.352813">
        <ele>-247.8</ele>
        <time>2026-02-11T05:37:16.000Z</time>
        <extensions>
          <gpxtpx:TrackPointExtension>
            <gpxtpx:hr>150</gpxtpx:hr>
            <gpxtpx:cad>73</gpxtpx:cad>
            <gpxtpx:atemp>299.65</gpxtpx:atemp>
          </gpxtpx:TrackPointExtension>
        </extensions>
      </trkpt>
      <trkpt lat="31.130199" lon="35.352619">
        <ele>-246.2</ele>
        <time>2026-02-11T05:37:26.000Z</time>
        <extensions>
          <gpxtpx:TrackPointExtension>
            <gpxtpx:hr>154</gpxtpx:hr>
            <gpxtpx:cad>73</gpxtpx:cad>
            <gpxtpx:atemp>299.65</gpxtpx:atemp>
          </gpxtpx:TrackPointExtension>
        </extensions>
      </trkpt>
      <trkpt lat="31.130228" lon="35.352460">
        <ele>-245.7</ele>
        <time>2026-02-11T05:37:33.000Z</time>
        <extensions>
          <gpxtpx:TrackPointExtension>
            <gpxtpx:hr>154</gpxtpx:hr>
            <gpxtpx:cad>76</gpxtpx:cad>
            <gpxtpx:atemp>299.65</gpxtpx:atemp>
          </gpxtpx:TrackPointExtension>
        </extensions>
      </trkpt>
      <trkpt lat="31.130284" lon="35.352238">
        <ele>-245.4</ele>
        <time>2026-02-11T05:37:44.000Z</time>
        <extensions>
          <gpxtpx:TrackPointExtension>
            <gpxtpx:hr>156</gpxtpx:hr>
            <gpxtpx:cad>76</gpxtpx:cad>
            <gpxtpx:atemp>299.65</gpxtpx:atemp>
          </gpxtpx:TrackPointExtension>
        </extensions>
      </trkpt>
      <trkpt lat="31.130341" lon="35.352088">
        <ele>-244.9</ele>
        <time>2026-02-11T05:37:52.000Z</time>
        <extensions>
          <gpxtpx:TrackPointExtension>
            <gpxtpx:hr>154</gpxtpx:hr>
            <gpxtpx:cad>75</gpxtpx:cad>
            <gpxtpx:atemp>299.65</gpxtpx:atemp>
          </gpxtpx:TrackPointExtension>
        </extensions>
      </trkpt>
      <trkpt lat="31.130334" lon="35.351968">
        <ele>-244.5</ele>
        <time>2026-02-11T05:37:58.000Z</time>
        <extensions>
          <gpxtpx:TrackPointExtension>
            <gpxtpx:hr>153</gpxtpx:hr>
            <gpxtpx:cad>69</gpxtpx:cad>
            <gpxtpx:atemp>299.65</gpxtpx:atemp>
          </gpxtpx:TrackPointExtension>
        </extensions>
      </trkpt>
      <trkpt lat="31.130306" lon="35.351845">
        <ele>-244.1</ele>
        <time>2026-02-11T05:38:06.000Z</time>
        <extensions>
          <gpxtpx:TrackPointExtension>
            <gpxtpx:hr>151</gpxtpx:hr>
            <gpxtpx:cad>57</gpxtpx:cad>
            <gpxtpx:atemp>298.65</gpxtpx:atemp>
          </gpxtpx:TrackPointExtension>
        </extensions>
      </trkpt>
      <trkpt lat="31.130246" lon="35.351662">
        <ele>-242.7</ele>
        <time>2026-02-11T05:38:26.000Z</time>
        <extensions>
          <gpxtpx:TrackPointExtension>
            <gpxtpx:hr>148</gpxtpx:hr>
            <gpxtpx:cad>48</gpxtpx:cad>
            <gpxtpx:atemp>298.65</gpxtpx:atemp>
          </gpxtpx:TrackPointExtension>
        </extensions>
      </trkpt>
      <trkpt lat="31.130262" lon="35.351448">
        <ele>-239.0</ele>
        <time>2026-02-11T05:38:46.000Z</time>
        <extensions>
          <gpxtpx:TrackPointExtension>
            <gpxtpx:hr>147</gpxtpx:hr>
            <gpxtpx:cad>0</gpxtpx:cad>
            <gpxtpx:atemp>298.65</gpxtpx:atemp>
          </gpxtpx:TrackPointExtension>
        </extensions>
      </trkpt>
      <trkpt lat="31.130264" lon="35.351332">
        <ele>-237.2</ele>
        <time>2026-02-11T05:38:55.000Z</time>
        <extensions>
          <gpxtpx:TrackPointExtension>
            <gpxtpx:hr>149</gpxtpx:hr>
            <gpxtpx:cad>50</gpxtpx:cad>
            <gpxtpx:atemp>298.65</gpxtpx:atemp>
          </gpxtpx:TrackPointExtension>
        </extensions>
      </trkpt>
      <trkpt lat="31.130288" lon="35.351160">
        <ele>-235.7</ele>
        <time>2026-02-11T05:39:07.000Z</time>
        <extensions>
          <gpxtpx:TrackPointExtension>
            <gpxtpx:hr>151</gpxtpx:hr>
            <gpxtpx:cad>56</gpxtpx:cad>
            <gpxtpx:atemp>298.65</gpxtpx:atemp>
          </gpxtpx:TrackPointExtension>
        </extensions>
      </trkpt>
      <trkpt lat="31.130233" lon="35.351094">
        <ele>-235.2</ele>
        <time>2026-02-11T05:39:36.000Z</time>
        <extensions>
          <gpxtpx:TrackPointExtension>
            <gpxtpx:hr>129</gpxtpx:hr>
            <gpxtpx:cad>0</gpxtpx:cad>
            <gpxtpx:atemp>297.65</gpxtpx:atemp>
          </gpxtpx:TrackPointExtension>
        </extensions>
      </trkpt>
      <trkpt lat="31.130290" lon="35.350964">
        <ele>-234.9</ele>
        <time>2026-02-11T05:39:47.000Z</time>
        <extensions>
          <gpxtpx:TrackPointExtension>
            <gpxtpx:hr>125</gpxtpx:hr>
            <gpxtpx:cad>53</gpxtpx:cad>
            <gpxtpx:atemp>297.65</gpxtpx:atemp>
          </gpxtpx:TrackPointExtension>
        </extensions>
      </trkpt>
      <trkpt lat="31.130298" lon="35.350719">
        <ele>-234.1</ele>
        <time>2026-02-11T05:39:58.000Z</time>
        <extensions>
          <gpxtpx:TrackPointExtension>
            <gpxtpx:hr>126</gpxtpx:hr>
            <gpxtpx:cad>77</gpxtpx:cad>
            <gpxtpx:atemp>298.65</gpxtpx:atemp>
          </gpxtpx:TrackPointExtension>
        </extensions>
      </trkpt>
      <trkpt lat="31.130300" lon="35.350489">
        <ele>-232.9</ele>
        <time>2026-02-11T05:40:09.000Z</time>
        <extensions>
          <gpxtpx:TrackPointExtension>
            <gpxtpx:hr>125</gpxtpx:hr>
            <gpxtpx:cad>76</gpxtpx:cad>
            <gpxtpx:atemp>298.65</gpxtpx:atemp>
          </gpxtpx:TrackPointExtension>
        </extensions>
      </trkpt>
      <trkpt lat="31.130315" lon="35.350297">
        <ele>-232.1</ele>
        <time>2026-02-11T05:40:18.000Z</time>
        <extensions>
          <gpxtpx:TrackPointExtension>
            <gpxtpx:hr>130</gpxtpx:hr>
            <gpxtpx:cad>76</gpxtpx:cad>
            <gpxtpx:atemp>298.65</gpxtpx:atemp>
          </gpxtpx:TrackPointExtension>
        </extensions>
      </trkpt>
      <trkpt lat="31.130312" lon="35.350164">
        <ele>-231.8</ele>
        <time>2026-02-11T05:40:24.000Z</time>
        <extensions>
          <gpxtpx:TrackPointExtension>
            <gpxtpx:hr>133</gpxtpx:hr>
            <gpxtpx:cad>75</gpxtpx:cad>
            <gpxtpx:atemp>298.65</gpxtpx:atemp>
          </gpxtpx:TrackPointExtension>
        </extensions>
      </trkpt>
      <trkpt lat="31.130292" lon="35.349961">
        <ele>-231.9</ele>
        <time>2026-02-11T05:40:33.000Z</time>
        <extensions>
          <gpxtpx:TrackPointExtension>
            <gpxtpx:hr>134</gpxtpx:hr>
            <gpxtpx:cad>76</gpxtpx:cad>
            <gpxtpx:atemp>298.65</gpxtpx:atemp>
          </gpxtpx:TrackPointExtension>
        </extensions>
      </trkpt>
      <trkpt lat="31.130238" lon="35.349808">
        <ele>-232.2</ele>
        <time>2026-02-11T05:40:40.000Z</time>
        <extensions>
          <gpxtpx:TrackPointExtension>
            <gpxtpx:hr>135</gpxtpx:hr>
            <gpxtpx:cad>76</gpxtpx:cad>
            <gpxtpx:atemp>298.65</gpxtpx:atemp>
          </gpxtpx:TrackPointExtension>
        </extensions>
      </trkpt>
      <trkpt lat="31.130137" lon="35.349726">
        <ele>-232.4</ele>
        <time>2026-02-11T05:40:46.000Z</time>
        <extensions>
          <gpxtpx:TrackPointExtension>
            <gpxtpx:hr>136</gpxtpx:hr>
            <gpxtpx:cad>78</gpxtpx:cad>
            <gpxtpx:atemp>298.65</gpxtpx:atemp>
          </gpxtpx:TrackPointExtension>
        </extensions>
      </trkpt>
      <trkpt lat="31.130015" lon="35.349693">
        <ele>-232.4</ele>
        <time>2026-02-11T05:40:52.000Z</time>
        <extensions>
          <gpxtpx:TrackPointExtension>
            <gpxtpx:hr>138</gpxtpx:hr>
            <gpxtpx:cad>77</gpxtpx:cad>
            <gpxtpx:atemp>297.65</gpxtpx:atemp>
          </gpxtpx:TrackPointExtension>
        </extensions>
      </trkpt>
      <trkpt lat="31.129864" lon="35.349650">
        <ele>-232.0</ele>
        <time>2026-02-11T05:41:01.000Z</time>
        <extensions>
          <gpxtpx:TrackPointExtension>
            <gpxtpx:hr>139</gpxtpx:hr>
            <gpxtpx:cad>75</gpxtpx:cad>
            <gpxtpx:atemp>297.65</gpxtpx:atemp>
          </gpxtpx:TrackPointExtension>
        </extensions>
      </trkpt>
      <trkpt lat="31.129636" lon="35.349465">
        <ele>-232.3</ele>
        <time>2026-02-11T05:41:15.000Z</time>
        <extensions>
          <gpxtpx:TrackPointExtension>
            <gpxtpx:hr>143</gpxtpx:hr>
            <gpxtpx:cad>77</gpxtpx:cad>
            <gpxtpx:atemp>298.65</gpxtpx:atemp>
          </gpxtpx:TrackPointExtension>
        </extensions>
      </trkpt>
      <trkpt lat="31.129502" lon="35.349353">
        <ele>-231.9</ele>
        <time>2026-02-11T05:41:23.000Z</time>
        <extensions>
          <gpxtpx:TrackPointExtension>
            <gpxtpx:hr>142</gpxtpx:hr>
            <gpxtpx:cad>77</gpxtpx:cad>
            <gpxtpx:atemp>298.65</gpxtpx:atemp>
          </gpxtpx:TrackPointExtension>
        </extensions>
      </trkpt>
      <trkpt lat="31.129430" lon="35.349244">
        <ele>-230.9</ele>
        <time>2026-02-11T05:41:33.000Z</time>
        <extensions>
          <gpxtpx:TrackPointExtension>
            <gpxtpx:hr>144</gpxtpx:hr>
            <gpxtpx:cad>55</gpxtpx:cad>
            <gpxtpx:atemp>298.65</gpxtpx:atemp>
          </gpxtpx:TrackPointExtension>
        </extensions>
      </trkpt>
      <trkpt lat="31.129334" lon="35.349104">
        <ele>-229.8</ele>
        <time>2026-02-11T05:41:48.000Z</time>
        <extensions>
          <gpxtpx:TrackPointExtension>
            <gpxtpx:hr>139</gpxtpx:hr>
            <gpxtpx:cad>53</gpxtpx:cad>
            <gpxtpx:atemp>298.65</gpxtpx:atemp>
          </gpxtpx:TrackPointExtension>
        </extensions>
      </trkpt>
      <trkpt lat="31.129250" lon="35.348992">
        <ele>-229.2</ele>
        <time>2026-02-11T05:41:55.000Z</time>
        <extensions>
          <gpxtpx:TrackPointExtension>
            <gpxtpx:hr>139</gpxtpx:hr>
            <gpxtpx:cad>74</gpxtpx:cad>
            <gpxtpx:atemp>298.65</gpxtpx:atemp>
          </gpxtpx:TrackPointExtension>
        </extensions>
      </trkpt>
      <trkpt lat="31.129095" lon="35.348825">
        <ele>-229.0</ele>
        <time>2026-02-11T05:42:07.000Z</time>
        <extensions>
          <gpxtpx:TrackPointExtension>
            <gpxtpx:hr>137</gpxtpx:hr>
            <gpxtpx:cad>75</gpxtpx:cad>
            <gpxtpx:atemp>298.65</gpxtpx:atemp>
          </gpxtpx:TrackPointExtension>
        </extensions>
      </trkpt>
      <trkpt lat="31.128991" lon="35.348695">
        <ele>-229.8</ele>
        <time>2026-02-11T05:42:15.000Z</time>
        <extensions>
          <gpxtpx:TrackPointExtension>
            <gpxtpx:hr>136</gpxtpx:hr>
            <gpxtpx:cad>75</gpxtpx:cad>
            <gpxtpx:atemp>298.65</gpxtpx:atemp>
          </gpxtpx:TrackPointExtension>
        </extensions>
      </trkpt>
      <trkpt lat="31.128796" lon="35.348769">
        <ele>-231.4</ele>
        <time>2026-02-11T05:42:27.000Z</time>
        <extensions>
          <gpxtpx:TrackPointExtension>
            <gpxtpx:hr>134</gpxtpx:hr>
            <gpxtpx:cad>71</gpxtpx:cad>
            <gpxtpx:atemp>298.65</gpxtpx:atemp>
          </gpxtpx:TrackPointExtension>
        </extensions>
      </trkpt>
      <trkpt lat="31.128708" lon="35.348841">
        <ele>-232.0</ele>
        <time>2026-02-11T05:42:33.000Z</time>
        <extensions>
          <gpxtpx:TrackPointExtension>
            <gpxtpx:hr>131</gpxtpx:hr>
            <gpxtpx:cad>73</gpxtpx:cad>
            <gpxtpx:atemp>298.65</gpxtpx:atemp>
          </gpxtpx:TrackPointExtension>
        </extensions>
      </trkpt>
      <trkpt lat="31.128561" lon="35.348922">
        <ele>-232.8</ele>
        <time>2026-02-11T05:42:42.000Z</time>
        <extensions>
          <gpxtpx:TrackPointExtension>
            <gpxtpx:hr>130</gpxtpx:hr>
            <gpxtpx:cad>74</gpxtpx:cad>
            <gpxtpx:atemp>298.65</gpxtpx:atemp>
          </gpxtpx:TrackPointExtension>
        </extensions>
      </trkpt>
      <trkpt lat="31.128439" lon="35.349069">
        <ele>-233.1</ele>
        <time>2026-02-11T05:42:52.000Z</time>
        <extensions>
          <gpxtpx:TrackPointExtension>
            <gpxtpx:hr>129</gpxtpx:hr>
            <gpxtpx:cad>75</gpxtpx:cad>
            <gpxtpx:atemp>298.65</gpxtpx:atemp>
          </gpxtpx:TrackPointExtension>
        </extensions>
      </trkpt>
      <trkpt lat="31.128354" lon="35.349132">
        <ele>-233.3</ele>
        <time>2026-02-11T05:42:57.000Z</time>
        <extensions>
          <gpxtpx:TrackPointExtension>
            <gpxtpx:hr>129</gpxtpx:hr>
            <gpxtpx:cad>76</gpxtpx:cad>
            <gpxtpx:atemp>298.65</gpxtpx:atemp>
          </gpxtpx:TrackPointExtension>
        </extensions>
      </trkpt>
      <trkpt lat="31.128155" lon="35.349253">
        <ele>-233.6</ele>
        <time>2026-02-11T05:43:08.000Z</time>
        <extensions>
          <gpxtpx:TrackPointExtension>
            <gpxtpx:hr>130</gpxtpx:hr>
            <gpxtpx:cad>77</gpxtpx:cad>
            <gpxtpx:atemp>298.65</gpxtpx:atemp>
          </gpxtpx:TrackPointExtension>
        </extensions>
      </trkpt>
      <trkpt lat="31.127952" lon="35.349296">
        <ele>-234.1</ele>
        <time>2026-02-11T05:43:25.000Z</time>
        <extensions>
          <gpxtpx:TrackPointExtension>
            <gpxtpx:hr>128</gpxtpx:hr>
            <gpxtpx:cad>54</gpxtpx:cad>
            <gpxtpx:atemp>298.65</gpxtpx:atemp>
          </gpxtpx:TrackPointExtension>
        </extensions>
      </trkpt>
      <trkpt lat="31.127772" lon="35.349391">
        <ele>-234.5</ele>
        <time>2026-02-11T05:43:42.000Z</time>
        <extensions>
          <gpxtpx:TrackPointExtension>
            <gpxtpx:hr>120</gpxtpx:hr>
            <gpxtpx:cad>54</gpxtpx:cad>
            <gpxtpx:atemp>298.65</gpxtpx:atemp>
          </gpxtpx:TrackPointExtension>
        </extensions>
      </trkpt>
      <trkpt lat="31.127551" lon="35.349459">
        <ele>-234.9</ele>
        <time>2026-02-11T05:43:53.000Z</time>
        <extensions>
          <gpxtpx:TrackPointExtension>
            <gpxtpx:hr>121</gpxtpx:hr>
            <gpxtpx:cad>76</gpxtpx:cad>
            <gpxtpx:atemp>298.65</gpxtpx:atemp>
          </gpxtpx:TrackPointExtension>
        </extensions>
      </trkpt>
      <trkpt lat="31.127429" lon="35.349484">
        <ele>-235.3</ele>
        <time>2026-02-11T05:44:00.000Z</time>
        <extensions>
          <gpxtpx:TrackPointExtension>
            <gpxtpx:hr>125</gpxtpx:hr>
            <gpxtpx:cad>76</gpxtpx:cad>
            <gpxtpx:atemp>298.65</gpxtpx:atemp>
          </gpxtpx:TrackPointExtension>
        </extensions>
      </trkpt>
      <trkpt lat="31.127295" lon="35.349450">
        <ele>-236.2</ele>
        <time>2026-02-11T05:44:08.000Z</time>
        <extensions>
          <gpxtpx:TrackPointExtension>
            <gpxtpx:hr>129</gpxtpx:hr>
            <gpxtpx:cad>72</gpxtpx:cad>
            <gpxtpx:atemp>298.65</gpxtpx:atemp>
          </gpxtpx:TrackPointExtension>
        </extensions>
      </trkpt>
      <trkpt lat="31.127190" lon="35.349382">
        <ele>-237.1</ele>
        <time>2026-02-11T05:44:15.000Z</time>
        <extensions>
          <gpxtpx:TrackPointExtension>
            <gpxtpx:hr>129</gpxtpx:hr>
            <gpxtpx:cad>74</gpxtpx:cad>
            <gpxtpx:atemp>298.65</gpxtpx:atemp>
          </gpxtpx:TrackPointExtension>
        </extensions>
      </trkpt>
      <trkpt lat="31.127040" lon="35.349360">
        <ele>-237.6</ele>
        <time>2026-02-11T05:44:24.000Z</time>
        <extensions>
          <gpxtpx:TrackPointExtension>
            <gpxtpx:hr>126</gpxtpx:hr>
            <gpxtpx:cad>75</gpxtpx:cad>
            <gpxtpx:atemp>298.65</gpxtpx:atemp>
          </gpxtpx:TrackPointExtension>
        </extensions>
      </trkpt>
      <trkpt lat="31.126929" lon="35.349456">
        <ele>-237.3</ele>
        <time>2026-02-11T05:44:32.000Z</time>
        <extensions>
          <gpxtpx:TrackPointExtension>
            <gpxtpx:hr>127</gpxtpx:hr>
            <gpxtpx:cad>72</gpxtpx:cad>
            <gpxtpx:atemp>298.65</gpxtpx:atemp>
          </gpxtpx:TrackPointExtension>
        </extensions>
      </trkpt>
      <trkpt lat="31.126812" lon="35.349491">
        <ele>-236.9</ele>
        <time>2026-02-11T05:44:39.000Z</time>
        <extensions>
          <gpxtpx:TrackPointExtension>
            <gpxtpx:hr>128</gpxtpx:hr>
            <gpxtpx:cad>74</gpxtpx:cad>
            <gpxtpx:atemp>298.65</gpxtpx:atemp>
          </gpxtpx:TrackPointExtension>
        </extensions>
      </trkpt>
      <trkpt lat="31.126631" lon="35.349472">
        <ele>-236.4</ele>
        <time>2026-02-11T05:44:49.000Z</time>
        <extensions>
          <gpxtpx:TrackPointExtension>
            <gpxtpx:hr>133</gpxtpx:hr>
            <gpxtpx:cad>74</gpxtpx:cad>
            <gpxtpx:atemp>298.65</gpxtpx:atemp>
          </gpxtpx:TrackPointExtension>
        </extensions>
      </trkpt>
      <trkpt lat="31.126471" lon="35.349507">
        <ele>-236.4</ele>
        <time>2026-02-11T05:45:16.000Z</time>
        <extensions>
          <gpxtpx:TrackPointExtension>
            <gpxtpx:hr>131</gpxtpx:hr>
            <gpxtpx:cad>0</gpxtpx:cad>
            <gpxtpx:atemp>298.65</gpxtpx:atemp>
          </gpxtpx:TrackPointExtension>
        </extensions>
      </trkpt>
      <trkpt lat="31.126395" lon="35.349467">
        <ele>-237.0</ele>
        <time>2026-02-11T05:45:39.000Z</time>
        <extensions>
          <gpxtpx:TrackPointExtension>
            <gpxtpx:hr>118</gpxtpx:hr>
            <gpxtpx:cad>52</gpxtpx:cad>
            <gpxtpx:atemp>298.65</gpxtpx:atemp>
          </gpxtpx:TrackPointExtension>
        </extensions>
      </trkpt>
      <trkpt lat="31.126256" lon="35.349347">
        <ele>-238.5</ele>
        <time>2026-02-11T05:45:53.000Z</time>
        <extensions>
          <gpxtpx:TrackPointExtension>
            <gpxtpx:hr>114</gpxtpx:hr>
            <gpxtpx:cad>59</gpxtpx:cad>
            <gpxtpx:atemp>298.65</gpxtpx:atemp>
          </gpxtpx:TrackPointExtension>
        </extensions>
      </trkpt>
      <trkpt lat="31.126211" lon="35.349289">
        <ele>-239.1</ele>
        <time>2026-02-11T05:45:57.000Z</time>
        <extensions>
          <gpxtpx:TrackPointExtension>
            <gpxtpx:hr>114</gpxtpx:hr>
            <gpxtpx:cad>71</gpxtpx:cad>
            <gpxtpx:atemp>298.65</gpxtpx:atemp>
          </gpxtpx:TrackPointExtension>
        </extensions>
      </trkpt>
      <trkpt lat="31.126039" lon="35.349155">
        <ele>-240.9</ele>
        <time>2026-02-11T05:46:08.000Z</time>
        <extensions>
          <gpxtpx:TrackPointExtension>
            <gpxtpx:hr>121</gpxtpx:hr>
            <gpxtpx:cad>71</gpxtpx:cad>
            <gpxtpx:atemp>298.65</gpxtpx:atemp>
          </gpxtpx:TrackPointExtension>
        </extensions>
      </trkpt>
      <trkpt lat="31.125949" lon="35.349106">
        <ele>-241.9</ele>
        <time>2026-02-11T05:46:13.000Z</time>
        <extensions>
          <gpxtpx:TrackPointExtension>
            <gpxtpx:hr>122</gpxtpx:hr>
            <gpxtpx:cad>76</gpxtpx:cad>
            <gpxtpx:atemp>298.65</gpxtpx:atemp>
          </gpxtpx:TrackPointExtension>
        </extensions>
      </trkpt>
      <trkpt lat="31.125749" lon="35.349078">
        <ele>-244.1</ele>
        <time>2026-02-11T05:46:25.000Z</time>
        <extensions>
          <gpxtpx:TrackPointExtension>
            <gpxtpx:hr>122</gpxtpx:hr>
            <gpxtpx:cad>76</gpxtpx:cad>
            <gpxtpx:atemp>298.65</gpxtpx:atemp>
          </gpxtpx:TrackPointExtension>
        </extensions>
      </trkpt>
      <trkpt lat="31.125590" lon="35.349016">
        <ele>-245.9</ele>
        <time>2026-02-11T05:46:34.000Z</time>
        <extensions>
          <gpxtpx:TrackPointExtension>
            <gpxtpx:hr>123</gpxtpx:hr>
            <gpxtpx:cad>74</gpxtpx:cad>
            <gpxtpx:atemp>298.65</gpxtpx:atemp>
          </gpxtpx:TrackPointExtension>
        </extensions>
      </trkpt>
      <trkpt lat="31.125488" lon="35.348942">
        <ele>-247.5</ele>
        <time>2026-02-11T05:46:41.000Z</time>
        <extensions>
          <gpxtpx:TrackPointExtension>
            <gpxtpx:hr>127</gpxtpx:hr>
            <gpxtpx:cad>74</gpxtpx:cad>
            <gpxtpx:atemp>298.65</gpxtpx:atemp>
          </gpxtpx:TrackPointExtension>
        </extensions>
      </trkpt>
      <trkpt lat="31.125356" lon="35.348971">
        <ele>-249.7</ele>
        <time>2026-02-11T05:46:50.000Z</time>
        <extensions>
          <gpxtpx:TrackPointExtension>
            <gpxtpx:hr>128</gpxtpx:hr>
            <gpxtpx:cad>75</gpxtpx:cad>
            <gpxtpx:atemp>298.65</gpxtpx:atemp>
          </gpxtpx:TrackPointExtension>
        </extensions>
      </trkpt>
      <trkpt lat="31.125305" lon="35.349056">
        <ele>-250.9</ele>
        <time>2026-02-11T05:46:56.000Z</time>
        <extensions>
          <gpxtpx:TrackPointExtension>
            <gpxtpx:hr>128</gpxtpx:hr>
            <gpxtpx:cad>84</gpxtpx:cad>
            <gpxtpx:atemp>298.65</gpxtpx:atemp>
          </gpxtpx:TrackPointExtension>
        </extensions>
      </trkpt>
      <trkpt lat="31.125254" lon="35.349192">
        <ele>-252.3</ele>
        <time>2026-02-11T05:47:04.000Z</time>
        <extensions>
          <gpxtpx:TrackPointExtension>
            <gpxtpx:hr>128</gpxtpx:hr>
            <gpxtpx:cad>67</gpxtpx:cad>
            <gpxtpx:atemp>298.65</gpxtpx:atemp>
          </gpxtpx:TrackPointExtension>
        </extensions>
      </trkpt>
      <trkpt lat="31.125147" lon="35.349273">
        <ele>-253.9</ele>
        <time>2026-02-11T05:47:14.000Z</time>
        <extensions>
          <gpxtpx:TrackPointExtension>
            <gpxtpx:hr>127</gpxtpx:hr>
            <gpxtpx:cad>65</gpxtpx:cad>
            <gpxtpx:atemp>298.65</gpxtpx:atemp>
          </gpxtpx:TrackPointExtension>
        </extensions>
      </trkpt>
      <trkpt lat="31.125038" lon="35.349219">
        <ele>-255.5</ele>
        <time>2026-02-11T05:47:22.000Z</time>
        <extensions>
          <gpxtpx:TrackPointExtension>
            <gpxtpx:hr>127</gpxtpx:hr>
            <gpxtpx:cad>72</gpxtpx:cad>
            <gpxtpx:atemp>298.65</gpxtpx:atemp>
          </gpxtpx:TrackPointExtension>
        </extensions>
      </trkpt>
      <trkpt lat="31.124872" lon="35.349282">
        <ele>-259.1</ele>
        <time>2026-02-11T05:47:36.000Z</time>
        <extensions>
          <gpxtpx:TrackPointExtension>
            <gpxtpx:hr>126</gpxtpx:hr>
            <gpxtpx:cad>71</gpxtpx:cad>
            <gpxtpx:atemp>298.65</gpxtpx:atemp>
          </gpxtpx:TrackPointExtension>
        </extensions>
      </trkpt>
      <trkpt lat="31.124829" lon="35.349403">
        <ele>-261.7</ele>
        <time>2026-02-11T05:47:43.000Z</time>
        <extensions>
          <gpxtpx:TrackPointExtension>
            <gpxtpx:hr>123</gpxtpx:hr>
            <gpxtpx:cad>74</gpxtpx:cad>
            <gpxtpx:atemp>298.65</gpxtpx:atemp>
          </gpxtpx:TrackPointExtension>
        </extensions>
      </trkpt>
      <trkpt lat="31.124741" lon="35.349517">
        <ele>-265.0</ele>
        <time>2026-02-11T05:47:52.000Z</time>
        <extensions>
          <gpxtpx:TrackPointExtension>
            <gpxtpx:hr>123</gpxtpx:hr>
            <gpxtpx:cad>81</gpxtpx:cad>
            <gpxtpx:atemp>298.65</gpxtpx:atemp>
          </gpxtpx:TrackPointExtension>
        </extensions>
      </trkpt>
      <trkpt lat="31.124602" lon="35.349615">
        <ele>-268.4</ele>
        <time>2026-02-11T05:48:08.000Z</time>
        <extensions>
          <gpxtpx:TrackPointExtension>
            <gpxtpx:hr>121</gpxtpx:hr>
            <gpxtpx:cad>76</gpxtpx:cad>
            <gpxtpx:atemp>299.65</gpxtpx:atemp>
          </gpxtpx:TrackPointExtension>
        </extensions>
      </trkpt>
      <trkpt lat="31.124653" lon="35.349489">
        <ele>-268.6</ele>
        <time>2026-02-11T05:48:17.000Z</time>
        <extensions>
          <gpxtpx:TrackPointExtension>
            <gpxtpx:hr>119</gpxtpx:hr>
            <gpxtpx:cad>73</gpxtpx:cad>
            <gpxtpx:atemp>299.65</gpxtpx:atemp>
          </gpxtpx:TrackPointExtension>
        </extensions>
      </trkpt>
      <trkpt lat="31.124697" lon="35.349402">
        <ele>-268.4</ele>
        <time>2026-02-11T05:48:22.000Z</time>
        <extensions>
          <gpxtpx:TrackPointExtension>
            <gpxtpx:hr>124</gpxtpx:hr>
            <gpxtpx:cad>73</gpxtpx:cad>
            <gpxtpx:atemp>299.65</gpxtpx:atemp>
          </gpxtpx:TrackPointExtension>
        </extensions>
      </trkpt>
      <trkpt lat="31.124709" lon="35.349271">
        <ele>-267.9</ele>
        <time>2026-02-11T05:48:29.000Z</time>
        <extensions>
          <gpxtpx:TrackPointExtension>
            <gpxtpx:hr>129</gpxtpx:hr>
            <gpxtpx:cad>72</gpxtpx:cad>
            <gpxtpx:atemp>299.65</gpxtpx:atemp>
          </gpxtpx:TrackPointExtension>
        </extensions>
      </trkpt>
      <trkpt lat="31.124609" lon="35.349132">
        <ele>-267.0</ele>
        <time>2026-02-11T05:48:41.000Z</time>
        <extensions>
          <gpxtpx:TrackPointExtension>
            <gpxtpx:hr>131</gpxtpx:hr>
            <gpxtpx:cad>69</gpxtpx:cad>
            <gpxtpx:atemp>299.65</gpxtpx:atemp>
          </gpxtpx:TrackPointExtension>
        </extensions>
      </trkpt>
      <trkpt lat="31.124524" lon="35.349113">
        <ele>-266.2</ele>
        <time>2026-02-11T05:48:48.000Z</time>
        <extensions>
          <gpxtpx:TrackPointExtension>
            <gpxtpx:hr>137</gpxtpx:hr>
            <gpxtpx:cad>67</gpxtpx:cad>
            <gpxtpx:atemp>299.65</gpxtpx:atemp>
          </gpxtpx:TrackPointExtension>
        </extensions>
      </trkpt>
      <trkpt lat="31.124441" lon="35.349011">
        <ele>-265.3</ele>
        <time>2026-02-11T05:48:56.000Z</time>
        <extensions>
          <gpxtpx:TrackPointExtension>
            <gpxtpx:hr>143</gpxtpx:hr>
            <gpxtpx:cad>69</gpxtpx:cad>
            <gpxtpx:atemp>299.65</gpxtpx:atemp>
          </gpxtpx:TrackPointExtension>
        </extensions>
      </trkpt>
      <trkpt lat="31.124445" lon="35.348928">
        <ele>-264.9</ele>
        <time>2026-02-11T05:49:00.000Z</time>
        <extensions>
          <gpxtpx:TrackPointExtension>
            <gpxtpx:hr>147</gpxtpx:hr>
            <gpxtpx:cad>70</gpxtpx:cad>
            <gpxtpx:atemp>299.65</gpxtpx:atemp>
          </gpxtpx:TrackPointExtension>
        </extensions>
      </trkpt>
      <trkpt lat="31.124408" lon="35.348730">
        <ele>-263.1</ele>
        <time>2026-02-11T05:49:12.000Z</time>
        <extensions>
          <gpxtpx:TrackPointExtension>
            <gpxtpx:hr>152</gpxtpx:hr>
            <gpxtpx:cad>66</gpxtpx:cad>
            <gpxtpx:atemp>298.65</gpxtpx:atemp>
          </gpxtpx:TrackPointExtension>
        </extensions>
      </trkpt>
      <trkpt lat="31.124345" lon="35.348571">
        <ele>-261.2</ele>
        <time>2026-02-11T05:49:25.000Z</time>
        <extensions>
          <gpxtpx:TrackPointExtension>
            <gpxtpx:hr>155</gpxtpx:hr>
            <gpxtpx:cad>55</gpxtpx:cad>
            <gpxtpx:atemp>298.65</gpxtpx:atemp>
          </gpxtpx:TrackPointExtension>
        </extensions>
      </trkpt>
      <trkpt lat="31.124376" lon="35.348470">
        <ele>-260.0</ele>
        <time>2026-02-11T05:49:34.000Z</time>
        <extensions>
          <gpxtpx:TrackPointExtension>
            <gpxtpx:hr>155</gpxtpx:hr>
            <gpxtpx:cad>57</gpxtpx:cad>
            <gpxtpx:atemp>298.65</gpxtpx:atemp>
          </gpxtpx:TrackPointExtension>
        </extensions>
      </trkpt>
      <trkpt lat="31.124380" lon="35.348335">
        <ele>-258.6</ele>
        <time>2026-02-11T05:49:44.000Z</time>
        <extensions>
          <gpxtpx:TrackPointExtension>
            <gpxtpx:hr>154</gpxtpx:hr>
            <gpxtpx:cad>55</gpxtpx:cad>
            <gpxtpx:atemp>298.65</gpxtpx:atemp>
          </gpxtpx:TrackPointExtension>
        </extensions>
      </trkpt>
      <trkpt lat="31.124365" lon="35.348107">
        <ele>-256.1</ele>
        <time>2026-02-11T05:50:00.000Z</time>
        <extensions>
          <gpxtpx:TrackPointExtension>
            <gpxtpx:hr>152</gpxtpx:hr>
            <gpxtpx:cad>54</gpxtpx:cad>
            <gpxtpx:atemp>298.65</gpxtpx:atemp>
          </gpxtpx:TrackPointExtension>
        </extensions>
      </trkpt>
      <trkpt lat="31.124414" lon="35.347989">
        <ele>-254.8</ele>
        <time>2026-02-11T05:50:21.000Z</time>
        <extensions>
          <gpxtpx:TrackPointExtension>
            <gpxtpx:hr>145</gpxtpx:hr>
            <gpxtpx:cad>0</gpxtpx:cad>
            <gpxtpx:atemp>298.65</gpxtpx:atemp>
          </gpxtpx:TrackPointExtension>
        </extensions>
      </trkpt>
      <trkpt lat="31.124382" lon="35.347854">
        <ele>-253.7</ele>
        <time>2026-02-11T05:50:29.000Z</time>
        <extensions>
          <gpxtpx:TrackPointExtension>
            <gpxtpx:hr>144</gpxtpx:hr>
            <gpxtpx:cad>71</gpxtpx:cad>
            <gpxtpx:atemp>298.65</gpxtpx:atemp>
          </gpxtpx:TrackPointExtension>
        </extensions>
      </trkpt>
      <trkpt lat="31.124305" lon="35.347769">
        <ele>-252.8</ele>
        <time>2026-02-11T05:50:36.000Z</time>
        <extensions>
          <gpxtpx:TrackPointExtension>
            <gpxtpx:hr>144</gpxtpx:hr>
            <gpxtpx:cad>71</gpxtpx:cad>
            <gpxtpx:atemp>298.65</gpxtpx:atemp>
          </gpxtpx:TrackPointExtension>
        </extensions>
      </trkpt>
      <trkpt lat="31.124293" lon="35.347658">
        <ele>-252.1</ele>
        <time>2026-02-11T05:50:42.000Z</time>
        <extensions>
          <gpxtpx:TrackPointExtension>
            <gpxtpx:hr>144</gpxtpx:hr>
            <gpxtpx:cad>72</gpxtpx:cad>
            <gpxtpx:atemp>298.65</gpxtpx:atemp>
          </gpxtpx:TrackPointExtension>
        </extensions>
      </trkpt>
      <trkpt lat="31.124313" lon="35.347476">
        <ele>-251.3</ele>
        <time>2026-02-11T05:50:51.000Z</time>
        <extensions>
          <gpxtpx:TrackPointExtension>
            <gpxtpx:hr>146</gpxtpx:hr>
            <gpxtpx:cad>73</gpxtpx:cad>
            <gpxtpx:atemp>297.65</gpxtpx:atemp>
          </gpxtpx:TrackPointExtension>
        </extensions>
      </trkpt>
      <trkpt lat="31.124331" lon="35.347397">
        <ele>-251.1</ele>
        <time>2026-02-11T05:50:55.000Z</time>
        <extensions>
          <gpxtpx:TrackPointExtension>
            <gpxtpx:hr>146</gpxtpx:hr>
            <gpxtpx:cad>74</gpxtpx:cad>
            <gpxtpx:atemp>298.65</gpxtpx:atemp>
          </gpxtpx:TrackPointExtension>
        </extensions>
      </trkpt>
      <trkpt lat="31.124412" lon="35.347217">
        <ele>-250.4</ele>
        <time>2026-02-11T05:51:05.000Z</time>
        <extensions>
          <gpxtpx:TrackPointExtension>
            <gpxtpx:hr>146</gpxtpx:hr>
            <gpxtpx:cad>72</gpxtpx:cad>
            <gpxtpx:atemp>298.65</gpxtpx:atemp>
          </gpxtpx:TrackPointExtension>
        </extensions>
      </trkpt>
      <trkpt lat="31.124497" lon="35.347067">
        <ele>-249.5</ele>
        <time>2026-02-11T05:51:14.000Z</time>
        <extensions>
          <gpxtpx:TrackPointExtension>
            <gpxtpx:hr>146</gpxtpx:hr>
            <gpxtpx:cad>74</gpxtpx:cad>
            <gpxtpx:atemp>298.65</gpxtpx:atemp>
          </gpxtpx:TrackPointExtension>
        </extensions>
      </trkpt>
      <trkpt lat="31.124567" lon="35.346974">
        <ele>-248.8</ele>
        <time>2026-02-11T05:51:21.000Z</time>
        <extensions>
          <gpxtpx:TrackPointExtension>
            <gpxtpx:hr>145</gpxtpx:hr>
            <gpxtpx:cad>70</gpxtpx:cad>
            <gpxtpx:atemp>298.65</gpxtpx:atemp>
          </gpxtpx:TrackPointExtension>
        </extensions>
      </trkpt>
      <trkpt lat="31.124603" lon="35.346827">
        <ele>-247.7</ele>
        <time>2026-02-11T05:51:29.000Z</time>
        <extensions>
          <gpxtpx:TrackPointExtension>
            <gpxtpx:hr>144</gpxtpx:hr>
            <gpxtpx:cad>72</gpxtpx:cad>
            <gpxtpx:atemp>298.65</gpxtpx:atemp>
          </gpxtpx:TrackPointExtension>
        </extensions>
      </trkpt>
      <trkpt lat="31.124550" lon="35.346648">
        <ele>-246.6</ele>
        <time>2026-02-11T05:51:41.000Z</time>
        <extensions>
          <gpxtpx:TrackPointExtension>
            <gpxtpx:hr>152</gpxtpx:hr>
            <gpxtpx:cad>56</gpxtpx:cad>
            <gpxtpx:atemp>298.65</gpxtpx:atemp>
          </gpxtpx:TrackPointExtension>
        </extensions>
      </trkpt>
      <trkpt lat="31.124384" lon="35.346585">
        <ele>-247.4</ele>
        <time>2026-02-11T05:51:51.000Z</time>
        <extensions>
          <gpxtpx:TrackPointExtension>
            <gpxtpx:hr>149</gpxtpx:hr>
            <gpxtpx:cad>75</gpxtpx:cad>
            <gpxtpx:atemp>298.65</gpxtpx:atemp>
          </gpxtpx:TrackPointExtension>
        </extensions>
      </trkpt>
      <trkpt lat="31.124211" lon="35.346604">
        <ele>-248.5</ele>
        <time>2026-02-11T05:52:02.000Z</time>
        <extensions>
          <gpxtpx:TrackPointExtension>
            <gpxtpx:hr>147</gpxtpx:hr>
            <gpxtpx:cad>70</gpxtpx:cad>
            <gpxtpx:atemp>298.65</gpxtpx:atemp>
          </gpxtpx:TrackPointExtension>
        </extensions>
      </trkpt>
      <trkpt lat="31.124069" lon="35.346501">
        <ele>-249.0</ele>
        <time>2026-02-11T05:52:13.000Z</time>
        <extensions>
          <gpxtpx:TrackPointExtension>
            <gpxtpx:hr>143</gpxtpx:hr>
            <gpxtpx:cad>77</gpxtpx:cad>
            <gpxtpx:atemp>298.65</gpxtpx:atemp>
          </gpxtpx:TrackPointExtension>
        </extensions>
      </trkpt>
      <trkpt lat="31.123896" lon="35.346598">
        <ele>-247.4</ele>
        <time>2026-02-11T05:52:24.000Z</time>
        <extensions>
          <gpxtpx:TrackPointExtension>
            <gpxtpx:hr>139</gpxtpx:hr>
            <gpxtpx:cad>72</gpxtpx:cad>
            <gpxtpx:atemp>298.65</gpxtpx:atemp>
          </gpxtpx:TrackPointExtension>
        </extensions>
      </trkpt>
      <trkpt lat="31.123831" lon="35.346600">
        <ele>-246.4</ele>
        <time>2026-02-11T05:52:28.000Z</time>
        <extensions>
          <gpxtpx:TrackPointExtension>
            <gpxtpx:hr>137</gpxtpx:hr>
            <gpxtpx:cad>72</gpxtpx:cad>
            <gpxtpx:atemp>298.65</gpxtpx:atemp>
          </gpxtpx:TrackPointExtension>
        </extensions>
      </trkpt>
      <trkpt lat="31.123683" lon="35.346577">
        <ele>-244.2</ele>
        <time>2026-02-11T05:52:40.000Z</time>
        <extensions>
          <gpxtpx:TrackPointExtension>
            <gpxtpx:hr>150</gpxtpx:hr>
            <gpxtpx:cad>56</gpxtpx:cad>
            <gpxtpx:atemp>298.65</gpxtpx:atemp>
          </gpxtpx:TrackPointExtension>
        </extensions>
      </trkpt>
      <trkpt lat="31.123545" lon="35.346540">
        <ele>-243.0</ele>
        <time>2026-02-11T05:52:51.000Z</time>
        <extensions>
          <gpxtpx:TrackPointExtension>
            <gpxtpx:hr>152</gpxtpx:hr>
            <gpxtpx:cad>59</gpxtpx:cad>
            <gpxtpx:atemp>298.65</gpxtpx:atemp>
          </gpxtpx:TrackPointExtension>
        </extensions>
      </trkpt>
      <trkpt lat="31.123440" lon="35.346552">
        <ele>-243.0</ele>
        <time>2026-02-11T05:52:59.000Z</time>
        <extensions>
          <gpxtpx:TrackPointExtension>
            <gpxtpx:hr>151</gpxtpx:hr>
            <gpxtpx:cad>55</gpxtpx:cad>
            <gpxtpx:atemp>298.65</gpxtpx:atemp>
          </gpxtpx:TrackPointExtension>
        </extensions>
      </trkpt>
      <trkpt lat="31.123330" lon="35.346593">
        <ele>-243.5</ele>
        <time>2026-02-11T05:53:06.000Z</time>
        <extensions>
          <gpxtpx:TrackPointExtension>
            <gpxtpx:hr>146</gpxtpx:hr>
            <gpxtpx:cad>72</gpxtpx:cad>
            <gpxtpx:atemp>298.65</gpxtpx:atemp>
          </gpxtpx:TrackPointExtension>
        </extensions>
      </trkpt>
      <trkpt lat="31.123210" lon="35.346611">
        <ele>-244.3</ele>
        <time>2026-02-11T05:53:13.000Z</time>
        <extensions>
          <gpxtpx:TrackPointExtension>
            <gpxtpx:hr>149</gpxtpx:hr>
            <gpxtpx:cad>72</gpxtpx:cad>
            <gpxtpx:atemp>298.65</gpxtpx:atemp>
          </gpxtpx:TrackPointExtension>
        </extensions>
      </trkpt>
      <trkpt lat="31.123132" lon="35.346606">
        <ele>-244.7</ele>
        <time>2026-02-11T05:53:17.000Z</time>
        <extensions>
          <gpxtpx:TrackPointExtension>
            <gpxtpx:hr>149</gpxtpx:hr>
            <gpxtpx:cad>76</gpxtpx:cad>
            <gpxtpx:atemp>298.65</gpxtpx:atemp>
          </gpxtpx:TrackPointExtension>
        </extensions>
      </trkpt>
      <trkpt lat="31.123014" lon="35.346655">
        <ele>-244.5</ele>
        <time>2026-02-11T05:53:25.000Z</time>
        <extensions>
          <gpxtpx:TrackPointExtension>
            <gpxtpx:hr>146</gpxtpx:hr>
            <gpxtpx:cad>73</gpxtpx:cad>
            <gpxtpx:atemp>298.65</gpxtpx:atemp>
          </gpxtpx:TrackPointExtension>
        </extensions>
      </trkpt>
      <trkpt lat="31.122928" lon="35.346661">
        <ele>-244.0</ele>
        <time>2026-02-11T05:53:30.000Z</time>
        <extensions>
          <gpxtpx:TrackPointExtension>
            <gpxtpx:hr>142</gpxtpx:hr>
            <gpxtpx:cad>73</gpxtpx:cad>
            <gpxtpx:atemp>299.65</gpxtpx:atemp>
          </gpxtpx:TrackPointExtension>
        </extensions>
      </trkpt>
      <trkpt lat="31.122804" lon="35.346628">
        <ele>-243.6</ele>
        <time>2026-02-11T05:53:38.000Z</time>
        <extensions>
          <gpxtpx:TrackPointExtension>
            <gpxtpx:hr>149</gpxtpx:hr>
            <gpxtpx:cad>71</gpxtpx:cad>
            <gpxtpx:atemp>299.65</gpxtpx:atemp>
          </gpxtpx:TrackPointExtension>
        </extensions>
      </trkpt>
      <trkpt lat="31.122655" lon="35.346610">
        <ele>-245.3</ele>
        <time>2026-02-11T05:53:49.000Z</time>
        <extensions>
          <gpxtpx:TrackPointExtension>
            <gpxtpx:hr>146</gpxtpx:hr>
            <gpxtpx:cad>80</gpxtpx:cad>
            <gpxtpx:atemp>299.65</gpxtpx:atemp>
          </gpxtpx:TrackPointExtension>
        </extensions>
      </trkpt>
      <trkpt lat="31.122462" lon="35.346639">
        <ele>-249.3</ele>
        <time>2026-02-11T05:54:02.000Z</time>
        <extensions>
          <gpxtpx:TrackPointExtension>
            <gpxtpx:hr>145</gpxtpx:hr>
            <gpxtpx:cad>85</gpxtpx:cad>
            <gpxtpx:atemp>299.65</gpxtpx:atemp>
          </gpxtpx:TrackPointExtension>
        </extensions>
      </trkpt>
      <trkpt lat="31.122354" lon="35.346575">
        <ele>-251.9</ele>
        <time>2026-02-11T05:54:10.000Z</time>
        <extensions>
          <gpxtpx:TrackPointExtension>
            <gpxtpx:hr>143</gpxtpx:hr>
            <gpxtpx:cad>84</gpxtpx:cad>
            <gpxtpx:atemp>298.65</gpxtpx:atemp>
          </gpxtpx:TrackPointExtension>
        </extensions>
      </trkpt>
      <trkpt lat="31.122191" lon="35.346457">
        <ele>-255.2</ele>
        <time>2026-02-11T05:54:23.000Z</time>
        <extensions>
          <gpxtpx:TrackPointExtension>
            <gpxtpx:hr>138</gpxtpx:hr>
            <gpxtpx:cad>77</gpxtpx:cad>
            <gpxtpx:atemp>298.65</gpxtpx:atemp>
          </gpxtpx:TrackPointExtension>
        </extensions>
      </trkpt>
      <trkpt lat="31.122028" lon="35.346398">
        <ele>-258.2</ele>
        <time>2026-02-11T05:54:34.000Z</time>
        <extensions>
          <gpxtpx:TrackPointExtension>
            <gpxtpx:hr>135</gpxtpx:hr>
            <gpxtpx:cad>73</gpxtpx:cad>
            <gpxtpx:atemp>298.65</gpxtpx:atemp>
          </gpxtpx:TrackPointExtension>
        </extensions>
      </trkpt>
      <trkpt lat="31.121917" lon="35.346371">
        <ele>-260.3</ele>
        <time>2026-02-11T05:54:42.000Z</time>
        <extensions>
          <gpxtpx:TrackPointExtension>
            <gpxtpx:hr>134</gpxtpx:hr>
            <gpxtpx:cad>80</gpxtpx:cad>
            <gpxtpx:atemp>298.65</gpxtpx:atemp>
          </gpxtpx:TrackPointExtension>
        </extensions>
      </trkpt>
      <trkpt lat="31.121780" lon="35.346358">
        <ele>-262.7</ele>
        <time>2026-02-11T05:54:51.000Z</time>
        <extensions>
          <gpxtpx:TrackPointExtension>
            <gpxtpx:hr>131</gpxtpx:hr>
            <gpxtpx:cad>76</gpxtpx:cad>
            <gpxtpx:atemp>298.65</gpxtpx:atemp>
          </gpxtpx:TrackPointExtension>
        </extensions>
      </trkpt>
      <trkpt lat="31.121656" lon="35.346391">
        <ele>-264.3</ele>
        <time>2026-02-11T05:54:58.000Z</time>
        <extensions>
          <gpxtpx:TrackPointExtension>
            <gpxtpx:hr>128</gpxtpx:hr>
            <gpxtpx:cad>77</gpxtpx:cad>
            <gpxtpx:atemp>299.65</gpxtpx:atemp>
          </gpxtpx:TrackPointExtension>
        </extensions>
      </trkpt>
      <trkpt lat="31.121542" lon="35.346513">
        <ele>-266.1</ele>
        <time>2026-02-11T05:55:06.000Z</time>
        <extensions>
          <gpxtpx:TrackPointExtension>
            <gpxtpx:hr>126</gpxtpx:hr>
            <gpxtpx:cad>75</gpxtpx:cad>
            <gpxtpx:atemp>299.65</gpxtpx:atemp>
          </gpxtpx:TrackPointExtension>
        </extensions>
      </trkpt>
      <trkpt lat="31.121484" lon="35.346643">
        <ele>-267.2</ele>
        <time>2026-02-11T05:55:13.000Z</time>
        <extensions>
          <gpxtpx:TrackPointExtension>
            <gpxtpx:hr>127</gpxtpx:hr>
            <gpxtpx:cad>76</gpxtpx:cad>
            <gpxtpx:atemp>299.65</gpxtpx:atemp>
          </gpxtpx:TrackPointExtension>
        </extensions>
      </trkpt>
      <trkpt lat="31.121380" lon="35.346844">
        <ele>-269.1</ele>
        <time>2026-02-11T05:55:26.000Z</time>
        <extensions>
          <gpxtpx:TrackPointExtension>
            <gpxtpx:hr>127</gpxtpx:hr>
            <gpxtpx:cad>73</gpxtpx:cad>
            <gpxtpx:atemp>299.65</gpxtpx:atemp>
          </gpxtpx:TrackPointExtension>
        </extensions>
      </trkpt>
      <trkpt lat="31.121228" lon="35.346963">
        <ele>-271.6</ele>
        <time>2026-02-11T05:55:40.000Z</time>
        <extensions>
          <gpxtpx:TrackPointExtension>
            <gpxtpx:hr>126</gpxtpx:hr>
            <gpxtpx:cad>72</gpxtpx:cad>
            <gpxtpx:atemp>299.65</gpxtpx:atemp>
          </gpxtpx:TrackPointExtension>
        </extensions>
      </trkpt>
      <trkpt lat="31.121043" lon="35.346998">
        <ele>-275.0</ele>
        <time>2026-02-11T05:55:55.000Z</time>
        <extensions>
          <gpxtpx:TrackPointExtension>
            <gpxtpx:hr>123</gpxtpx:hr>
            <gpxtpx:cad>72</gpxtpx:cad>
            <gpxtpx:atemp>299.65</gpxtpx:atemp>
          </gpxtpx:TrackPointExtension>
        </extensions>
      </trkpt>
      <trkpt lat="31.121028" lon="35.346830">
        <ele>-275.1</ele>
        <time>2026-02-11T05:56:09.000Z</time>
        <extensions>
          <gpxtpx:TrackPointExtension>
            <gpxtpx:hr>120</gpxtpx:hr>
            <gpxtpx:cad>55</gpxtpx:cad>
            <gpxtpx:atemp>299.65</gpxtpx:atemp>
          </gpxtpx:TrackPointExtension>
        </extensions>
      </trkpt>
      <trkpt lat="31.121070" lon="35.346730">
        <ele>-274.9</ele>
        <time>2026-02-11T05:56:17.000Z</time>
        <extensions>
          <gpxtpx:TrackPointExtension>
            <gpxtpx:hr>118</gpxtpx:hr>
            <gpxtpx:cad>53</gpxtpx:cad>
            <gpxtpx:atemp>299.65</gpxtpx:atemp>
          </gpxtpx:TrackPointExtension>
        </extensions>
      </trkpt>
      <trkpt lat="31.121097" lon="35.346610">
        <ele>-274.8</ele>
        <time>2026-02-11T05:56:24.000Z</time>
        <extensions>
          <gpxtpx:TrackPointExtension>
            <gpxtpx:hr>119</gpxtpx:hr>
            <gpxtpx:cad>72</gpxtpx:cad>
            <gpxtpx:atemp>299.65</gpxtpx:atemp>
          </gpxtpx:TrackPointExtension>
        </extensions>
      </trkpt>
      <trkpt lat="31.121074" lon="35.346503">
        <ele>-274.7</ele>
        <time>2026-02-11T05:56:29.000Z</time>
        <extensions>
          <gpxtpx:TrackPointExtension>
            <gpxtpx:hr>121</gpxtpx:hr>
            <gpxtpx:cad>74</gpxtpx:cad>
            <gpxtpx:atemp>299.65</gpxtpx:atemp>
          </gpxtpx:TrackPointExtension>
        </extensions>
      </trkpt>
      <trkpt lat="31.121074" lon="35.346378">
        <ele>-274.7</ele>
        <time>2026-02-11T05:56:50.000Z</time>
        <extensions>
          <gpxtpx:TrackPointExtension>
            <gpxtpx:hr>127</gpxtpx:hr>
            <gpxtpx:cad>0</gpxtpx:cad>
            <gpxtpx:atemp>298.65</gpxtpx:atemp>
          </gpxtpx:TrackPointExtension>
        </extensions>
      </trkpt>
      <trkpt lat="31.121092" lon="35.346192">
        <ele>-274.7</ele>
        <time>2026-02-11T05:57:00.000Z</time>
        <extensions>
          <gpxtpx:TrackPointExtension>
            <gpxtpx:hr>126</gpxtpx:hr>
            <gpxtpx:cad>74</gpxtpx:cad>
            <gpxtpx:atemp>298.65</gpxtpx:atemp>
          </gpxtpx:TrackPointExtension>
        </extensions>
      </trkpt>
      <trkpt lat="31.121059" lon="35.346111">
        <ele>-274.6</ele>
        <time>2026-02-11T05:57:07.000Z</time>
        <extensions>
          <gpxtpx:TrackPointExtension>
            <gpxtpx:hr>131</gpxtpx:hr>
            <gpxtpx:cad>53</gpxtpx:cad>
            <gpxtpx:atemp>298.65</gpxtpx:atemp>
          </gpxtpx:TrackPointExtension>
        </extensions>
      </trkpt>
      <trkpt lat="31.120956" lon="35.345980">
        <ele>-273.8</ele>
        <time>2026-02-11T05:57:37.000Z</time>
        <extensions>
          <gpxtpx:TrackPointExtension>
            <gpxtpx:hr>117</gpxtpx:hr>
            <gpxtpx:cad>47</gpxtpx:cad>
            <gpxtpx:atemp>299.65</gpxtpx:atemp>
          </gpxtpx:TrackPointExtension>
        </extensions>
      </trkpt>
      <trkpt lat="31.120952" lon="35.345993">
        <ele>-273.5</ele>
        <time>2026-02-11T05:57:50.000Z</time>
        <extensions>
          <gpxtpx:TrackPointExtension>
            <gpxtpx:hr>109</gpxtpx:hr>
            <gpxtpx:cad>0</gpxtpx:cad>
            <gpxtpx:atemp>299.65</gpxtpx:atemp>
          </gpxtpx:TrackPointExtension>
        </extensions>
      </trkpt>
      <trkpt lat="31.120830" lon="35.345927">
        <ele>-272.7</ele>
        <time>2026-02-11T05:58:10.000Z</time>
        <extensions>
          <gpxtpx:TrackPointExtension>
            <gpxtpx:hr>106</gpxtpx:hr>
            <gpxtpx:cad>0</gpxtpx:cad>
            <gpxtpx:atemp>299.65</gpxtpx:atemp>
          </gpxtpx:TrackPointExtension>
        </extensions>
      </trkpt>
      <trkpt lat="31.120687" lon="35.345877">
        <ele>-271.8</ele>
        <time>2026-02-11T05:58:25.000Z</time>
        <extensions>
          <gpxtpx:TrackPointExtension>
            <gpxtpx:hr>109</gpxtpx:hr>
            <gpxtpx:cad>55</gpxtpx:cad>
            <gpxtpx:atemp>299.65</gpxtpx:atemp>
          </gpxtpx:TrackPointExtension>
        </extensions>
      </trkpt>
      <trkpt lat="31.120681" lon="35.345750">
        <ele>-271.1</ele>
        <time>2026-02-11T05:58:35.000Z</time>
        <extensions>
          <gpxtpx:TrackPointExtension>
            <gpxtpx:hr>113</gpxtpx:hr>
            <gpxtpx:cad>0</gpxtpx:cad>
            <gpxtpx:atemp>299.65</gpxtpx:atemp>
          </gpxtpx:TrackPointExtension>
        </extensions>
      </trkpt>
      <trkpt lat="31.120748" lon="35.345614">
        <ele>-270.6</ele>
        <time>2026-02-11T05:58:43.000Z</time>
        <extensions>
          <gpxtpx:TrackPointExtension>
            <gpxtpx:hr>119</gpxtpx:hr>
            <gpxtpx:cad>76</gpxtpx:cad>
            <gpxtpx:atemp>299.65</gpxtpx:atemp>
          </gpxtpx:TrackPointExtension>
        </extensions>
      </trkpt>
      <trkpt lat="31.120843" lon="35.345435">
        <ele>-270.5</ele>
        <time>2026-02-11T05:58:57.000Z</time>
        <extensions>
          <gpxtpx:TrackPointExtension>
            <gpxtpx:hr>130</gpxtpx:hr>
            <gpxtpx:cad>56</gpxtpx:cad>
            <gpxtpx:atemp>298.65</gpxtpx:atemp>
          </gpxtpx:TrackPointExtension>
        </extensions>
      </trkpt>
      <trkpt lat="31.120910" lon="35.345355">
        <ele>-270.3</ele>
        <time>2026-02-11T05:59:20.000Z</time>
        <extensions>
          <gpxtpx:TrackPointExtension>
            <gpxtpx:hr>125</gpxtpx:hr>
            <gpxtpx:cad>53</gpxtpx:cad>
            <gpxtpx:atemp>298.65</gpxtpx:atemp>
          </gpxtpx:TrackPointExtension>
        </extensions>
      </trkpt>
      <trkpt lat="31.121020" lon="35.345220">
        <ele>-269.8</ele>
        <time>2026-02-11T05:59:31.000Z</time>
        <extensions>
          <gpxtpx:TrackPointExtension>
            <gpxtpx:hr>127</gpxtpx:hr>
            <gpxtpx:cad>75</gpxtpx:cad>
            <gpxtpx:atemp>298.65</gpxtpx:atemp>
          </gpxtpx:TrackPointExtension>
        </extensions>
      </trkpt>
      <trkpt lat="31.121114" lon="35.345090">
        <ele>-268.9</ele>
        <time>2026-02-11T05:59:53.000Z</time>
        <extensions>
          <gpxtpx:TrackPointExtension>
            <gpxtpx:hr>123</gpxtpx:hr>
            <gpxtpx:cad>50</gpxtpx:cad>
            <gpxtpx:atemp>298.65</gpxtpx:atemp>
          </gpxtpx:TrackPointExtension>
        </extensions>
      </trkpt>
      <trkpt lat="31.121234" lon="35.344935">
        <ele>-267.4</ele>
        <time>2026-02-11T06:00:06.000Z</time>
        <extensions>
          <gpxtpx:TrackPointExtension>
            <gpxtpx:hr>116</gpxtpx:hr>
            <gpxtpx:cad>64</gpxtpx:cad>
            <gpxtpx:atemp>298.65</gpxtpx:atemp>
          </gpxtpx:TrackPointExtension>
        </extensions>
      </trkpt>
      <trkpt lat="31.121280" lon="35.344827">
        <ele>-265.9</ele>
        <time>2026-02-11T06:00:33.000Z</time>
        <extensions>
          <gpxtpx:TrackPointExtension>
            <gpxtpx:hr>114</gpxtpx:hr>
            <gpxtpx:cad>0</gpxtpx:cad>
            <gpxtpx:atemp>298.65</gpxtpx:atemp>
          </gpxtpx:TrackPointExtension>
        </extensions>
      </trkpt>
      <trkpt lat="31.121366" lon="35.344577">
        <ele>-264.6</ele>
        <time>2026-02-11T06:00:51.000Z</time>
        <extensions>
          <gpxtpx:TrackPointExtension>
            <gpxtpx:hr>122</gpxtpx:hr>
            <gpxtpx:cad>74</gpxtpx:cad>
            <gpxtpx:atemp>299.65</gpxtpx:atemp>
          </gpxtpx:TrackPointExtension>
        </extensions>
      </trkpt>
      <trkpt lat="31.121444" lon="35.344437">
        <ele>-264.2</ele>
        <time>2026-02-11T06:01:01.000Z</time>
        <extensions>
          <gpxtpx:TrackPointExtension>
            <gpxtpx:hr>125</gpxtpx:hr>
            <gpxtpx:cad>71</gpxtpx:cad>
            <gpxtpx:atemp>299.65</gpxtpx:atemp>
          </gpxtpx:TrackPointExtension>
        </extensions>
      </trkpt>
      <trkpt lat="31.121512" lon="35.344368">
        <ele>-263.7</ele>
        <time>2026-02-11T06:01:07.000Z</time>
        <extensions>
          <gpxtpx:TrackPointExtension>
            <gpxtpx:hr>134</gpxtpx:hr>
            <gpxtpx:cad>72</gpxtpx:cad>
            <gpxtpx:atemp>299.65</gpxtpx:atemp>
          </gpxtpx:TrackPointExtension>
        </extensions>
      </trkpt>
      <trkpt lat="31.121637" lon="35.344305">
        <ele>-262.5</ele>
        <time>2026-02-11T06:01:15.000Z</time>
        <extensions>
          <gpxtpx:TrackPointExtension>
            <gpxtpx:hr>138</gpxtpx:hr>
            <gpxtpx:cad>72</gpxtpx:cad>
            <gpxtpx:atemp>299.65</gpxtpx:atemp>
          </gpxtpx:TrackPointExtension>
        </extensions>
      </trkpt>
      <trkpt lat="31.121779" lon="35.344169">
        <ele>-259.8</ele>
        <time>2026-02-11T06:01:28.000Z</time>
        <extensions>
          <gpxtpx:TrackPointExtension>
            <gpxtpx:hr>140</gpxtpx:hr>
            <gpxtpx:cad>72</gpxtpx:cad>
            <gpxtpx:atemp>299.65</gpxtpx:atemp>
          </gpxtpx:TrackPointExtension>
        </extensions>
      </trkpt>
      <trkpt lat="31.121856" lon="35.344036">
        <ele>-257.5</ele>
        <time>2026-02-11T06:01:37.000Z</time>
        <extensions>
          <gpxtpx:TrackPointExtension>
            <gpxtpx:hr>144</gpxtpx:hr>
            <gpxtpx:cad>73</gpxtpx:cad>
            <gpxtpx:atemp>299.65</gpxtpx:atemp>
          </gpxtpx:TrackPointExtension>
        </extensions>
      </trkpt>
      <trkpt lat="31.121925" lon="35.343952">
        <ele>-255.8</ele>
        <time>2026-02-11T06:01:44.000Z</time>
        <extensions>
          <gpxtpx:TrackPointExtension>
            <gpxtpx:hr>149</gpxtpx:hr>
            <gpxtpx:cad>73</gpxtpx:cad>
            <gpxtpx:atemp>299.65</gpxtpx:atemp>
          </gpxtpx:TrackPointExtension>
        </extensions>
      </trkpt>
      <trkpt lat="31.121969" lon="35.343839">
        <ele>-254.4</ele>
        <time>2026-02-11T06:01:55.000Z</time>
        <extensions>
          <gpxtpx:TrackPointExtension>
            <gpxtpx:hr>147</gpxtpx:hr>
            <gpxtpx:cad>0</gpxtpx:cad>
            <gpxtpx:atemp>299.65</gpxtpx:atemp>
          </gpxtpx:TrackPointExtension>
        </extensions>
      </trkpt>
      <trkpt lat="31.122034" lon="35.343746">
        <ele>-253.6</ele>
        <time>2026-02-11T06:02:05.000Z</time>
        <extensions>
          <gpxtpx:TrackPointExtension>
            <gpxtpx:hr>152</gpxtpx:hr>
            <gpxtpx:cad>47</gpxtpx:cad>
            <gpxtpx:atemp>298.65</gpxtpx:atemp>
          </gpxtpx:TrackPointExtension>
        </extensions>
      </trkpt>
      <trkpt lat="31.122141" lon="35.343629">
        <ele>-253.0</ele>
        <time>2026-02-11T06:02:20.000Z</time>
        <extensions>
          <gpxtpx:TrackPointExtension>
            <gpxtpx:hr>153</gpxtpx:hr>
            <gpxtpx:cad>0</gpxtpx:cad>
            <gpxtpx:atemp>298.65</gpxtpx:atemp>
          </gpxtpx:TrackPointExtension>
        </extensions>
      </trkpt>
      <trkpt lat="31.122222" lon="35.343596">
        <ele>-252.7</ele>
        <time>2026-02-11T06:02:26.000Z</time>
        <extensions>
          <gpxtpx:TrackPointExtension>
            <gpxtpx:hr>149</gpxtpx:hr>
            <gpxtpx:cad>75</gpxtpx:cad>
            <gpxtpx:atemp>298.65</gpxtpx:atemp>
          </gpxtpx:TrackPointExtension>
        </extensions>
      </trkpt>
      <trkpt lat="31.122381" lon="35.343466">
        <ele>-251.7</ele>
        <time>2026-02-11T06:02:38.000Z</time>
        <extensions>
          <gpxtpx:TrackPointExtension>
            <gpxtpx:hr>148</gpxtpx:hr>
            <gpxtpx:cad>72</gpxtpx:cad>
            <gpxtpx:atemp>298.65</gpxtpx:atemp>
          </gpxtpx:TrackPointExtension>
        </extensions>
      </trkpt>
      <trkpt lat="31.122524" lon="35.343393">
        <ele>-248.2</ele>
        <time>2026-02-11T06:02:52.000Z</time>
        <extensions>
          <gpxtpx:TrackPointExtension>
            <gpxtpx:hr>150</gpxtpx:hr>
            <gpxtpx:cad>73</gpxtpx:cad>
            <gpxtpx:atemp>298.65</gpxtpx:atemp>
          </gpxtpx:TrackPointExtension>
        </extensions>
      </trkpt>
      <trkpt lat="31.122612" lon="35.343318">
        <ele>-245.2</ele>
        <time>2026-02-11T06:03:05.000Z</time>
        <extensions>
          <gpxtpx:TrackPointExtension>
            <gpxtpx:hr>150</gpxtpx:hr>
            <gpxtpx:cad>0</gpxtpx:cad>
            <gpxtpx:atemp>298.65</gpxtpx:atemp>
          </gpxtpx:TrackPointExtension>
        </extensions>
      </trkpt>
      <trkpt lat="31.122681" lon="35.343279">
        <ele>-243.9</ele>
        <time>2026-02-11T06:03:14.000Z</time>
        <extensions>
          <gpxtpx:TrackPointExtension>
            <gpxtpx:hr>150</gpxtpx:hr>
            <gpxtpx:cad>0</gpxtpx:cad>
            <gpxtpx:atemp>298.65</gpxtpx:atemp>
          </gpxtpx:TrackPointExtension>
        </extensions>
      </trkpt>
      <trkpt lat="31.122786" lon="35.343125">
        <ele>-242.7</ele>
        <time>2026-02-11T06:03:32.000Z</time>
        <extensions>
          <gpxtpx:TrackPointExtension>
            <gpxtpx:hr>146</gpxtpx:hr>
            <gpxtpx:cad>0</gpxtpx:cad>
            <gpxtpx:atemp>298.65</gpxtpx:atemp>
          </gpxtpx:TrackPointExtension>
        </extensions>
      </trkpt>
      <trkpt lat="31.122780" lon="35.342997">
        <ele>-241.7</ele>
        <time>2026-02-11T06:03:41.000Z</time>
        <extensions>
          <gpxtpx:TrackPointExtension>
            <gpxtpx:hr>145</gpxtpx:hr>
            <gpxtpx:cad>0</gpxtpx:cad>
            <gpxtpx:atemp>298.65</gpxtpx:atemp>
          </gpxtpx:TrackPointExtension>
        </extensions>
      </trkpt>
      <trkpt lat="31.122734" lon="35.342849">
        <ele>-239.7</ele>
        <time>2026-02-11T06:03:52.000Z</time>
        <extensions>
          <gpxtpx:TrackPointExtension>
            <gpxtpx:hr>146</gpxtpx:hr>
            <gpxtpx:cad>65</gpxtpx:cad>
            <gpxtpx:atemp>298.65</gpxtpx:atemp>
          </gpxtpx:TrackPointExtension>
        </extensions>
      </trkpt>
      <trkpt lat="31.122724" lon="35.342745">
        <ele>-238.1</ele>
        <time>2026-02-11T06:04:01.000Z</time>
        <extensions>
          <gpxtpx:TrackPointExtension>
            <gpxtpx:hr>147</gpxtpx:hr>
            <gpxtpx:cad>0</gpxtpx:cad>
            <gpxtpx:atemp>298.65</gpxtpx:atemp>
          </gpxtpx:TrackPointExtension>
        </extensions>
      </trkpt>
      <trkpt lat="31.122759" lon="35.342593">
        <ele>-235.6</ele>
        <time>2026-02-11T06:04:17.000Z</time>
        <extensions>
          <gpxtpx:TrackPointExtension>
            <gpxtpx:hr>148</gpxtpx:hr>
            <gpxtpx:cad>42</gpxtpx:cad>
            <gpxtpx:atemp>298.65</gpxtpx:atemp>
          </gpxtpx:TrackPointExtension>
        </extensions>
      </trkpt>
      <trkpt lat="31.122816" lon="35.342386">
        <ele>-232.8</ele>
        <time>2026-02-11T06:04:37.000Z</time>
        <extensions>
          <gpxtpx:TrackPointExtension>
            <gpxtpx:hr>148</gpxtpx:hr>
            <gpxtpx:cad>71</gpxtpx:cad>
            <gpxtpx:atemp>298.65</gpxtpx:atemp>
          </gpxtpx:TrackPointExtension>
        </extensions>
      </trkpt>
      <trkpt lat="31.122888" lon="35.342234">
        <ele>-231.7</ele>
        <time>2026-02-11T06:04:54.000Z</time>
        <extensions>
          <gpxtpx:TrackPointExtension>
            <gpxtpx:hr>146</gpxtpx:hr>
            <gpxtpx:cad>0</gpxtpx:cad>
            <gpxtpx:atemp>298.65</gpxtpx:atemp>
          </gpxtpx:TrackPointExtension>
        </extensions>
      </trkpt>
      <trkpt lat="31.122830" lon="35.342022">
        <ele>-230.7</ele>
        <time>2026-02-11T06:05:05.000Z</time>
        <extensions>
          <gpxtpx:TrackPointExtension>
            <gpxtpx:hr>147</gpxtpx:hr>
            <gpxtpx:cad>73</gpxtpx:cad>
            <gpxtpx:atemp>298.65</gpxtpx:atemp>
          </gpxtpx:TrackPointExtension>
        </extensions>
      </trkpt>
      <trkpt lat="31.122836" lon="35.341804">
        <ele>-228.3</ele>
        <time>2026-02-11T06:05:18.000Z</time>
        <extensions>
          <gpxtpx:TrackPointExtension>
            <gpxtpx:hr>148</gpxtpx:hr>
            <gpxtpx:cad>72</gpxtpx:cad>
            <gpxtpx:atemp>298.65</gpxtpx:atemp>
          </gpxtpx:TrackPointExtension>
        </extensions>
      </trkpt>
      <trkpt lat="31.122830" lon="35.341677">
        <ele>-227.1</ele>
        <time>2026-02-11T06:05:27.000Z</time>
        <extensions>
          <gpxtpx:TrackPointExtension>
            <gpxtpx:hr>149</gpxtpx:hr>
            <gpxtpx:cad>72</gpxtpx:cad>
            <gpxtpx:atemp>298.65</gpxtpx:atemp>
          </gpxtpx:TrackPointExtension>
        </extensions>
      </trkpt>
      <trkpt lat="31.122778" lon="35.341472">
        <ele>-225.7</ele>
        <time>2026-02-11T06:05:40.000Z</time>
        <extensions>
          <gpxtpx:TrackPointExtension>
            <gpxtpx:hr>150</gpxtpx:hr>
            <gpxtpx:cad>73</gpxtpx:cad>
            <gpxtpx:atemp>298.65</gpxtpx:atemp>
          </gpxtpx:TrackPointExtension>
        </extensions>
      </trkpt>
      <trkpt lat="31.122838" lon="35.341294">
        <ele>-223.7</ele>
        <time>2026-02-11T06:05:55.000Z</time>
        <extensions>
          <gpxtpx:TrackPointExtension>
            <gpxtpx:hr>152</gpxtpx:hr>
            <gpxtpx:cad>0</gpxtpx:cad>
            <gpxtpx:atemp>298.65</gpxtpx:atemp>
          </gpxtpx:TrackPointExtension>
        </extensions>
      </trkpt>
      <trkpt lat="31.122839" lon="35.341112">
        <ele>-220.8</ele>
        <time>2026-02-11T06:06:14.000Z</time>
        <extensions>
          <gpxtpx:TrackPointExtension>
            <gpxtpx:hr>151</gpxtpx:hr>
            <gpxtpx:cad>0</gpxtpx:cad>
            <gpxtpx:atemp>298.65</gpxtpx:atemp>
          </gpxtpx:TrackPointExtension>
        </extensions>
      </trkpt>
      <trkpt lat="31.122881" lon="35.340920">
        <ele>-219.3</ele>
        <time>2026-02-11T06:06:33.000Z</time>
        <extensions>
          <gpxtpx:TrackPointExtension>
            <gpxtpx:hr>151</gpxtpx:hr>
            <gpxtpx:cad>43</gpxtpx:cad>
            <gpxtpx:atemp>298.65</gpxtpx:atemp>
          </gpxtpx:TrackPointExtension>
        </extensions>
      </trkpt>
      <trkpt lat="31.122913" lon="35.340833">
        <ele>-218.5</ele>
        <time>2026-02-11T06:06:59.000Z</time>
        <extensions>
          <gpxtpx:TrackPointExtension>
            <gpxtpx:hr>135</gpxtpx:hr>
            <gpxtpx:cad>0</gpxtpx:cad>
            <gpxtpx:atemp>298.65</gpxtpx:atemp>
          </gpxtpx:TrackPointExtension>
        </extensions>
      </trkpt>
      <trkpt lat="31.122962" lon="35.340710">
        <ele>-216.8</ele>
        <time>2026-02-11T06:07:09.000Z</time>
        <extensions>
          <gpxtpx:TrackPointExtension>
            <gpxtpx:hr>130</gpxtpx:hr>
            <gpxtpx:cad>0</gpxtpx:cad>
            <gpxtpx:atemp>298.65</gpxtpx:atemp>
          </gpxtpx:TrackPointExtension>
        </extensions>
      </trkpt>
      <trkpt lat="31.123035" lon="35.340572">
        <ele>-214.3</ele>
        <time>2026-02-11T06:07:27.000Z</time>
        <extensions>
          <gpxtpx:TrackPointExtension>
            <gpxtpx:hr>135</gpxtpx:hr>
            <gpxtpx:cad>40</gpxtpx:cad>
            <gpxtpx:atemp>298.65</gpxtpx:atemp>
          </gpxtpx:TrackPointExtension>
        </extensions>
      </trkpt>
      <trkpt lat="31.123131" lon="35.340376">
        <ele>-211.0</ele>
        <time>2026-02-11T06:07:48.000Z</time>
        <extensions>
          <gpxtpx:TrackPointExtension>
            <gpxtpx:hr>146</gpxtpx:hr>
            <gpxtpx:cad>49</gpxtpx:cad>
            <gpxtpx:atemp>298.65</gpxtpx:atemp>
          </gpxtpx:TrackPointExtension>
        </extensions>
      </trkpt>
      <trkpt lat="31.123203" lon="35.340248">
        <ele>-209.0</ele>
        <time>2026-02-11T06:08:03.000Z</time>
        <extensions>
          <gpxtpx:TrackPointExtension>
            <gpxtpx:hr>144</gpxtpx:hr>
            <gpxtpx:cad>0</gpxtpx:cad>
            <gpxtpx:atemp>298.65</gpxtpx:atemp>
          </gpxtpx:TrackPointExtension>
        </extensions>
      </trkpt>
      <trkpt lat="31.123249" lon="35.340098">
        <ele>-207.4</ele>
        <time>2026-02-11T06:08:19.000Z</time>
        <extensions>
          <gpxtpx:TrackPointExtension>
            <gpxtpx:hr>143</gpxtpx:hr>
            <gpxtpx:cad>47</gpxtpx:cad>
            <gpxtpx:atemp>298.65</gpxtpx:atemp>
          </gpxtpx:TrackPointExtension>
        </extensions>
      </trkpt>
      <trkpt lat="31.123245" lon="35.340044">
        <ele>-206.9</ele>
        <time>2026-02-11T06:08:50.000Z</time>
        <extensions>
          <gpxtpx:TrackPointExtension>
            <gpxtpx:hr>130</gpxtpx:hr>
            <gpxtpx:cad>0</gpxtpx:cad>
            <gpxtpx:atemp>298.65</gpxtpx:atemp>
          </gpxtpx:TrackPointExtension>
        </extensions>
      </trkpt>
      <trkpt lat="31.123253" lon="35.340062">
        <ele>-206.6</ele>
        <time>2026-02-11T06:10:00.000Z</time>
        <extensions>
          <gpxtpx:TrackPointExtension>
            <gpxtpx:hr>102</gpxtpx:hr>
            <gpxtpx:cad>0</gpxtpx:cad>
            <gpxtpx:atemp>299.65</gpxtpx:atemp>
          </gpxtpx:TrackPointExtension>
        </extensions>
      </trkpt>
      <trkpt lat="31.123204" lon="35.340020">
        <ele>-206.5</ele>
        <time>2026-02-11T06:10:26.000Z</time>
        <extensions>
          <gpxtpx:TrackPointExtension>
            <gpxtpx:hr>92</gpxtpx:hr>
            <gpxtpx:cad>0</gpxtpx:cad>
            <gpxtpx:atemp>299.65</gpxtpx:atemp>
          </gpxtpx:TrackPointExtension>
        </extensions>
      </trkpt>
      <trkpt lat="31.123169" lon="35.340021">
        <ele>-206.4</ele>
        <time>2026-02-11T06:10:49.000Z</time>
        <extensions>
          <gpxtpx:TrackPointExtension>
            <gpxtpx:hr>93</gpxtpx:hr>
            <gpxtpx:cad>0</gpxtpx:cad>
            <gpxtpx:atemp>299.65</gpxtpx:atemp>
          </gpxtpx:TrackPointExtension>
        </extensions>
      </trkpt>
      <trkpt lat="31.123097" lon="35.339992">
        <ele>-206.1</ele>
        <time>2026-02-11T06:11:20.000Z</time>
        <extensions>
          <gpxtpx:TrackPointExtension>
            <gpxtpx:hr>82</gpxtpx:hr>
            <gpxtpx:cad>0</gpxtpx:cad>
            <gpxtpx:atemp>299.65</gpxtpx:atemp>
          </gpxtpx:TrackPointExtension>
        </extensions>
      </trkpt>
      <trkpt lat="31.122923" lon="35.339951">
        <ele>-205.3</ele>
        <time>2026-02-11T06:11:46.000Z</time>
        <extensions>
          <gpxtpx:TrackPointExtension>
            <gpxtpx:hr>89</gpxtpx:hr>
            <gpxtpx:cad>0</gpxtpx:cad>
            <gpxtpx:atemp>299.65</gpxtpx:atemp>
          </gpxtpx:TrackPointExtension>
        </extensions>
      </trkpt>
      <trkpt lat="31.122817" lon="35.339868">
        <ele>-205.2</ele>
        <time>2026-02-11T06:11:55.000Z</time>
        <extensions>
          <gpxtpx:TrackPointExtension>
            <gpxtpx:hr>105</gpxtpx:hr>
            <gpxtpx:cad>73</gpxtpx:cad>
            <gpxtpx:atemp>299.65</gpxtpx:atemp>
          </gpxtpx:TrackPointExtension>
        </extensions>
      </trkpt>
      <trkpt lat="31.122704" lon="35.339856">
        <ele>-205.2</ele>
        <time>2026-02-11T06:12:02.000Z</time>
        <extensions>
          <gpxtpx:TrackPointExtension>
            <gpxtpx:hr>113</gpxtpx:hr>
            <gpxtpx:cad>73</gpxtpx:cad>
            <gpxtpx:atemp>299.65</gpxtpx:atemp>
          </gpxtpx:TrackPointExtension>
        </extensions>
      </trkpt>
      <trkpt lat="31.122610" lon="35.339862">
        <ele>-205.2</ele>
        <time>2026-02-11T06:12:09.000Z</time>
        <extensions>
          <gpxtpx:TrackPointExtension>
            <gpxtpx:hr>113</gpxtpx:hr>
            <gpxtpx:cad>69</gpxtpx:cad>
            <gpxtpx:atemp>299.65</gpxtpx:atemp>
          </gpxtpx:TrackPointExtension>
        </extensions>
      </trkpt>
      <trkpt lat="31.122480" lon="35.339848">
        <ele>-205.0</ele>
        <time>2026-02-11T06:12:16.000Z</time>
        <extensions>
          <gpxtpx:TrackPointExtension>
            <gpxtpx:hr>116</gpxtpx:hr>
            <gpxtpx:cad>73</gpxtpx:cad>
            <gpxtpx:atemp>299.65</gpxtpx:atemp>
          </gpxtpx:TrackPointExtension>
        </extensions>
      </trkpt>
      <trkpt lat="31.122333" lon="35.339906">
        <ele>-205.7</ele>
        <time>2026-02-11T06:12:25.000Z</time>
        <extensions>
          <gpxtpx:TrackPointExtension>
            <gpxtpx:hr>126</gpxtpx:hr>
            <gpxtpx:cad>72</gpxtpx:cad>
            <gpxtpx:atemp>299.65</gpxtpx:atemp>
          </gpxtpx:TrackPointExtension>
        </extensions>
      </trkpt>
      <trkpt lat="31.122156" lon="35.339924">
        <ele>-207.6</ele>
        <time>2026-02-11T06:12:40.000Z</time>
        <extensions>
          <gpxtpx:TrackPointExtension>
            <gpxtpx:hr>130</gpxtpx:hr>
            <gpxtpx:cad>55</gpxtpx:cad>
            <gpxtpx:atemp>299.65</gpxtpx:atemp>
          </gpxtpx:TrackPointExtension>
        </extensions>
      </trkpt>
      <trkpt lat="31.121993" lon="35.339912">
        <ele>-209.7</ele>
        <time>2026-02-11T06:12:50.000Z</time>
        <extensions>
          <gpxtpx:TrackPointExtension>
            <gpxtpx:hr>131</gpxtpx:hr>
            <gpxtpx:cad>71</gpxtpx:cad>
            <gpxtpx:atemp>299.65</gpxtpx:atemp>
          </gpxtpx:TrackPointExtension>
        </extensions>
      </trkpt>
      <trkpt lat="31.121924" lon="35.339877">
        <ele>-210.7</ele>
        <time>2026-02-11T06:12:56.000Z</time>
        <extensions>
          <gpxtpx:TrackPointExtension>
            <gpxtpx:hr>132</gpxtpx:hr>
            <gpxtpx:cad>68</gpxtpx:cad>
            <gpxtpx:atemp>299.65</gpxtpx:atemp>
          </gpxtpx:TrackPointExtension>
        </extensions>
      </trkpt>
      <trkpt lat="31.121723" lon="35.339901">
        <ele>-213.4</ele>
        <time>2026-02-11T06:13:11.000Z</time>
        <extensions>
          <gpxtpx:TrackPointExtension>
            <gpxtpx:hr>129</gpxtpx:hr>
            <gpxtpx:cad>60</gpxtpx:cad>
            <gpxtpx:atemp>299.65</gpxtpx:atemp>
          </gpxtpx:TrackPointExtension>
        </extensions>
      </trkpt>
      <trkpt lat="31.121688" lon="35.339895">
        <ele>-213.7</ele>
        <time>2026-02-11T06:13:14.000Z</time>
        <extensions>
          <gpxtpx:TrackPointExtension>
            <gpxtpx:hr>128</gpxtpx:hr>
            <gpxtpx:cad>62</gpxtpx:cad>
            <gpxtpx:atemp>299.65</gpxtpx:atemp>
          </gpxtpx:TrackPointExtension>
        </extensions>
      </trkpt>
      <trkpt lat="31.121495" lon="35.339892">
        <ele>-214.0</ele>
        <time>2026-02-11T06:13:27.000Z</time>
        <extensions>
          <gpxtpx:TrackPointExtension>
            <gpxtpx:hr>125</gpxtpx:hr>
            <gpxtpx:cad>69</gpxtpx:cad>
            <gpxtpx:atemp>298.65</gpxtpx:atemp>
          </gpxtpx:TrackPointExtension>
        </extensions>
      </trkpt>
      <trkpt lat="31.121302" lon="35.339842">
        <ele>-213.8</ele>
        <time>2026-02-11T06:13:39.000Z</time>
        <extensions>
          <gpxtpx:TrackPointExtension>
            <gpxtpx:hr>117</gpxtpx:hr>
            <gpxtpx:cad>73</gpxtpx:cad>
            <gpxtpx:atemp>298.65</gpxtpx:atemp>
          </gpxtpx:TrackPointExtension>
        </extensions>
      </trkpt>
      <trkpt lat="31.121205" lon="35.339833">
        <ele>-214.7</ele>
        <time>2026-02-11T06:13:45.000Z</time>
        <extensions>
          <gpxtpx:TrackPointExtension>
            <gpxtpx:hr>115</gpxtpx:hr>
            <gpxtpx:cad>74</gpxtpx:cad>
            <gpxtpx:atemp>298.65</gpxtpx:atemp>
          </gpxtpx:TrackPointExtension>
        </extensions>
      </trkpt>
      <trkpt lat="31.121056" lon="35.339792">
        <ele>-216.7</ele>
        <time>2026-02-11T06:13:58.000Z</time>
        <extensions>
          <gpxtpx:TrackPointExtension>
            <gpxtpx:hr>117</gpxtpx:hr>
            <gpxtpx:cad>59</gpxtpx:cad>
            <gpxtpx:atemp>298.65</gpxtpx:atemp>
          </gpxtpx:TrackPointExtension>
        </extensions>
      </trkpt>
      <trkpt lat="31.120952" lon="35.339745">
        <ele>-217.5</ele>
        <time>2026-02-11T06:14:07.000Z</time>
        <extensions>
          <gpxtpx:TrackPointExtension>
            <gpxtpx:hr>116</gpxtpx:hr>
            <gpxtpx:cad>64</gpxtpx:cad>
            <gpxtpx:atemp>298.65</gpxtpx:atemp>
          </gpxtpx:TrackPointExtension>
        </extensions>
      </trkpt>
      <trkpt lat="31.120716" lon="35.339769">
        <ele>-218.2</ele>
        <time>2026-02-11T06:14:23.000Z</time>
        <extensions>
          <gpxtpx:TrackPointExtension>
            <gpxtpx:hr>115</gpxtpx:hr>
            <gpxtpx:cad>68</gpxtpx:cad>
            <gpxtpx:atemp>298.65</gpxtpx:atemp>
          </gpxtpx:TrackPointExtension>
        </extensions>
      </trkpt>
      <trkpt lat="31.120605" lon="35.339755">
        <ele>-218.2</ele>
        <time>2026-02-11T06:14:30.000Z</time>
        <extensions>
          <gpxtpx:TrackPointExtension>
            <gpxtpx:hr>115</gpxtpx:hr>
            <gpxtpx:cad>70</gpxtpx:cad>
            <gpxtpx:atemp>298.65</gpxtpx:atemp>
          </gpxtpx:TrackPointExtension>
        </extensions>
      </trkpt>
      <trkpt lat="31.120515" lon="35.339756">
        <ele>-218.1</ele>
        <time>2026-02-11T06:14:35.000Z</time>
        <extensions>
          <gpxtpx:TrackPointExtension>
            <gpxtpx:hr>115</gpxtpx:hr>
            <gpxtpx:cad>72</gpxtpx:cad>
            <gpxtpx:atemp>298.65</gpxtpx:atemp>
          </gpxtpx:TrackPointExtension>
        </extensions>
      </trkpt>
      <trkpt lat="31.120412" lon="35.339710">
        <ele>-218.1</ele>
        <time>2026-02-11T06:14:41.000Z</time>
        <extensions>
          <gpxtpx:TrackPointExtension>
            <gpxtpx:hr>116</gpxtpx:hr>
            <gpxtpx:cad>73</gpxtpx:cad>
            <gpxtpx:atemp>298.65</gpxtpx:atemp>
          </gpxtpx:TrackPointExtension>
        </extensions>
      </trkpt>
      <trkpt lat="31.120203" lon="35.339699">
        <ele>-218.4</ele>
        <time>2026-02-11T06:14:52.000Z</time>
        <extensions>
          <gpxtpx:TrackPointExtension>
            <gpxtpx:hr>124</gpxtpx:hr>
            <gpxtpx:cad>72</gpxtpx:cad>
            <gpxtpx:atemp>298.65</gpxtpx:atemp>
          </gpxtpx:TrackPointExtension>
        </extensions>
      </trkpt>
      <trkpt lat="31.120089" lon="35.339710">
        <ele>-218.6</ele>
        <time>2026-02-11T06:14:58.000Z</time>
        <extensions>
          <gpxtpx:TrackPointExtension>
            <gpxtpx:hr>126</gpxtpx:hr>
            <gpxtpx:cad>74</gpxtpx:cad>
            <gpxtpx:atemp>298.65</gpxtpx:atemp>
          </gpxtpx:TrackPointExtension>
        </extensions>
      </trkpt>
      <trkpt lat="31.119930" lon="35.339679">
        <ele>-219.7</ele>
        <time>2026-02-11T06:15:09.000Z</time>
        <extensions>
          <gpxtpx:TrackPointExtension>
            <gpxtpx:hr>131</gpxtpx:hr>
            <gpxtpx:cad>0</gpxtpx:cad>
            <gpxtpx:atemp>299.65</gpxtpx:atemp>
          </gpxtpx:TrackPointExtension>
        </extensions>
      </trkpt>
      <trkpt lat="31.119781" lon="35.339604">
        <ele>-220.7</ele>
        <time>2026-02-11T06:15:28.000Z</time>
        <extensions>
          <gpxtpx:TrackPointExtension>
            <gpxtpx:hr>121</gpxtpx:hr>
            <gpxtpx:cad>60</gpxtpx:cad>
            <gpxtpx:atemp>299.65</gpxtpx:atemp>
          </gpxtpx:TrackPointExtension>
        </extensions>
      </trkpt>
      <trkpt lat="31.119668" lon="35.339497">
        <ele>-221.3</ele>
        <time>2026-02-11T06:15:37.000Z</time>
        <extensions>
          <gpxtpx:TrackPointExtension>
            <gpxtpx:hr>121</gpxtpx:hr>
            <gpxtpx:cad>75</gpxtpx:cad>
            <gpxtpx:atemp>299.65</gpxtpx:atemp>
          </gpxtpx:TrackPointExtension>
        </extensions>
      </trkpt>
      <trkpt lat="31.119483" lon="35.339408">
        <ele>-222.2</ele>
        <time>2026-02-11T06:15:49.000Z</time>
        <extensions>
          <gpxtpx:TrackPointExtension>
            <gpxtpx:hr>118</gpxtpx:hr>
            <gpxtpx:cad>74</gpxtpx:cad>
            <gpxtpx:atemp>299.65</gpxtpx:atemp>
          </gpxtpx:TrackPointExtension>
        </extensions>
      </trkpt>
      <trkpt lat="31.119369" lon="35.339391">
        <ele>-223.3</ele>
        <time>2026-02-11T06:15:56.000Z</time>
        <extensions>
          <gpxtpx:TrackPointExtension>
            <gpxtpx:hr>121</gpxtpx:hr>
            <gpxtpx:cad>69</gpxtpx:cad>
            <gpxtpx:atemp>299.65</gpxtpx:atemp>
          </gpxtpx:TrackPointExtension>
        </extensions>
      </trkpt>
      <trkpt lat="31.119281" lon="35.339419">
        <ele>-224.2</ele>
        <time>2026-02-11T06:16:02.000Z</time>
        <extensions>
          <gpxtpx:TrackPointExtension>
            <gpxtpx:hr>122</gpxtpx:hr>
            <gpxtpx:cad>71</gpxtpx:cad>
            <gpxtpx:atemp>299.65</gpxtpx:atemp>
          </gpxtpx:TrackPointExtension>
        </extensions>
      </trkpt>
      <trkpt lat="31.119109" lon="35.339489">
        <ele>-224.4</ele>
        <time>2026-02-11T06:16:33.000Z</time>
        <extensions>
          <gpxtpx:TrackPointExtension>
            <gpxtpx:hr>118</gpxtpx:hr>
            <gpxtpx:cad>50</gpxtpx:cad>
            <gpxtpx:atemp>299.65</gpxtpx:atemp>
          </gpxtpx:TrackPointExtension>
        </extensions>
      </trkpt>
      <trkpt lat="31.118998" lon="35.339604">
        <ele>-222.1</ele>
        <time>2026-02-11T06:16:48.000Z</time>
        <extensions>
          <gpxtpx:TrackPointExtension>
            <gpxtpx:hr>113</gpxtpx:hr>
            <gpxtpx:cad>44</gpxtpx:cad>
            <gpxtpx:atemp>299.65</gpxtpx:atemp>
          </gpxtpx:TrackPointExtension>
        </extensions>
      </trkpt>
      <trkpt lat="31.118816" lon="35.339779">
        <ele>-220.5</ele>
        <time>2026-02-11T06:17:07.000Z</time>
        <extensions>
          <gpxtpx:TrackPointExtension>
            <gpxtpx:hr>116</gpxtpx:hr>
            <gpxtpx:cad>71</gpxtpx:cad>
            <gpxtpx:atemp>300.65</gpxtpx:atemp>
          </gpxtpx:TrackPointExtension>
        </extensions>
      </trkpt>
      <trkpt lat="31.118703" lon="35.339922">
        <ele>-220.3</ele>
        <time>2026-02-11T06:17:17.000Z</time>
        <extensions>
          <gpxtpx:TrackPointExtension>
            <gpxtpx:hr>125</gpxtpx:hr>
            <gpxtpx:cad>72</gpxtpx:cad>
            <gpxtpx:atemp>300.65</gpxtpx:atemp>
          </gpxtpx:TrackPointExtension>
        </extensions>
      </trkpt>
      <trkpt lat="31.118581" lon="35.340074">
        <ele>-219.9</ele>
        <time>2026-02-11T06:17:27.000Z</time>
        <extensions>
          <gpxtpx:TrackPointExtension>
            <gpxtpx:hr>127</gpxtpx:hr>
            <gpxtpx:cad>72</gpxtpx:cad>
            <gpxtpx:atemp>300.65</gpxtpx:atemp>
          </gpxtpx:TrackPointExtension>
        </extensions>
      </trkpt>
      <trkpt lat="31.118425" lon="35.340222">
        <ele>-219.7</ele>
        <time>2026-02-11T06:17:37.000Z</time>
        <extensions>
          <gpxtpx:TrackPointExtension>
            <gpxtpx:hr>136</gpxtpx:hr>
            <gpxtpx:cad>76</gpxtpx:cad>
            <gpxtpx:atemp>300.65</gpxtpx:atemp>
          </gpxtpx:TrackPointExtension>
        </extensions>
      </trkpt>
      <trkpt lat="31.118361" lon="35.340253">
        <ele>-219.6</ele>
        <time>2026-02-11T06:17:41.000Z</time>
        <extensions>
          <gpxtpx:TrackPointExtension>
            <gpxtpx:hr>138</gpxtpx:hr>
            <gpxtpx:cad>76</gpxtpx:cad>
            <gpxtpx:atemp>300.65</gpxtpx:atemp>
          </gpxtpx:TrackPointExtension>
        </extensions>
      </trkpt>
      <trkpt lat="31.118118" lon="35.340323">
        <ele>-220.0</ele>
        <time>2026-02-11T06:17:53.000Z</time>
        <extensions>
          <gpxtpx:TrackPointExtension>
            <gpxtpx:hr>143</gpxtpx:hr>
            <gpxtpx:cad>78</gpxtpx:cad>
            <gpxtpx:atemp>300.65</gpxtpx:atemp>
          </gpxtpx:TrackPointExtension>
        </extensions>
      </trkpt>
      <trkpt lat="31.118103" lon="35.340330">
        <ele>-220.0</ele>
        <time>2026-02-11T06:17:54.000Z</time>
        <extensions>
          <gpxtpx:TrackPointExtension>
            <gpxtpx:hr>144</gpxtpx:hr>
            <gpxtpx:cad>77</gpxtpx:cad>
            <gpxtpx:atemp>300.65</gpxtpx:atemp>
          </gpxtpx:TrackPointExtension>
        </extensions>
      </trkpt>
      <trkpt lat="31.117922" lon="35.340358">
        <ele>-220.4</ele>
        <time>2026-02-11T06:18:05.000Z</time>
        <extensions>
          <gpxtpx:TrackPointExtension>
            <gpxtpx:hr>144</gpxtpx:hr>
            <gpxtpx:cad>71</gpxtpx:cad>
            <gpxtpx:atemp>300.65</gpxtpx:atemp>
          </gpxtpx:TrackPointExtension>
        </extensions>
      </trkpt>
      <trkpt lat="31.117846" lon="35.340478">
        <ele>-220.7</ele>
        <time>2026-02-11T06:18:11.000Z</time>
        <extensions>
          <gpxtpx:TrackPointExtension>
            <gpxtpx:hr>141</gpxtpx:hr>
            <gpxtpx:cad>74</gpxtpx:cad>
            <gpxtpx:atemp>300.65</gpxtpx:atemp>
          </gpxtpx:TrackPointExtension>
        </extensions>
      </trkpt>
      <trkpt lat="31.117715" lon="35.340628">
        <ele>-220.9</ele>
        <time>2026-02-11T06:18:25.000Z</time>
        <extensions>
          <gpxtpx:TrackPointExtension>
            <gpxtpx:hr>140</gpxtpx:hr>
            <gpxtpx:cad>50</gpxtpx:cad>
            <gpxtpx:atemp>300.65</gpxtpx:atemp>
          </gpxtpx:TrackPointExtension>
        </extensions>
      </trkpt>
      <trkpt lat="31.117533" lon="35.340722">
        <ele>-221.1</ele>
        <time>2026-02-11T06:18:42.000Z</time>
        <extensions>
          <gpxtpx:TrackPointExtension>
            <gpxtpx:hr>134</gpxtpx:hr>
            <gpxtpx:cad>60</gpxtpx:cad>
            <gpxtpx:atemp>300.65</gpxtpx:atemp>
          </gpxtpx:TrackPointExtension>
        </extensions>
      </trkpt>
      <trkpt lat="31.117435" lon="35.340756">
        <ele>-221.2</ele>
        <time>2026-02-11T06:18:47.000Z</time>
        <extensions>
          <gpxtpx:TrackPointExtension>
            <gpxtpx:hr>127</gpxtpx:hr>
            <gpxtpx:cad>75</gpxtpx:cad>
            <gpxtpx:atemp>300.65</gpxtpx:atemp>
          </gpxtpx:TrackPointExtension>
        </extensions>
      </trkpt>
      <trkpt lat="31.117225" lon="35.340854">
        <ele>-221.6</ele>
        <time>2026-02-11T06:18:58.000Z</time>
        <extensions>
          <gpxtpx:TrackPointExtension>
            <gpxtpx:hr>127</gpxtpx:hr>
            <gpxtpx:cad>78</gpxtpx:cad>
            <gpxtpx:atemp>300.65</gpxtpx:atemp>
          </gpxtpx:TrackPointExtension>
        </extensions>
      </trkpt>
      <trkpt lat="31.117110" lon="35.340880">
        <ele>-221.9</ele>
        <time>2026-02-11T06:19:04.000Z</time>
        <extensions>
          <gpxtpx:TrackPointExtension>
            <gpxtpx:hr>127</gpxtpx:hr>
            <gpxtpx:cad>77</gpxtpx:cad>
            <gpxtpx:atemp>300.65</gpxtpx:atemp>
          </gpxtpx:TrackPointExtension>
        </extensions>
      </trkpt>
      <trkpt lat="31.116942" lon="35.340928">
        <ele>-222.3</ele>
        <time>2026-02-11T06:19:12.000Z</time>
        <extensions>
          <gpxtpx:TrackPointExtension>
            <gpxtpx:hr>126</gpxtpx:hr>
            <gpxtpx:cad>76</gpxtpx:cad>
            <gpxtpx:atemp>300.65</gpxtpx:atemp>
          </gpxtpx:TrackPointExtension>
        </extensions>
      </trkpt>
      <trkpt lat="31.116836" lon="35.340974">
        <ele>-222.7</ele>
        <time>2026-02-11T06:19:17.000Z</time>
        <extensions>
          <gpxtpx:TrackPointExtension>
            <gpxtpx:hr>127</gpxtpx:hr>
            <gpxtpx:cad>76</gpxtpx:cad>
            <gpxtpx:atemp>300.65</gpxtpx:atemp>
          </gpxtpx:TrackPointExtension>
        </extensions>
      </trkpt>
      <trkpt lat="31.116742" lon="35.341032">
        <ele>-223.1</ele>
        <time>2026-02-11T06:19:22.000Z</time>
        <extensions>
          <gpxtpx:TrackPointExtension>
            <gpxtpx:hr>129</gpxtpx:hr>
            <gpxtpx:cad>78</gpxtpx:cad>
            <gpxtpx:atemp>300.65</gpxtpx:atemp>
          </gpxtpx:TrackPointExtension>
        </extensions>
      </trkpt>
      <trkpt lat="31.116595" lon="35.341083">
        <ele>-223.4</ele>
        <time>2026-02-11T06:19:30.000Z</time>
        <extensions>
          <gpxtpx:TrackPointExtension>
            <gpxtpx:hr>131</gpxtpx:hr>
            <gpxtpx:cad>76</gpxtpx:cad>
            <gpxtpx:atemp>300.65</gpxtpx:atemp>
          </gpxtpx:TrackPointExtension>
        </extensions>
      </trkpt>
      <trkpt lat="31.116509" lon="35.341123">
        <ele>-223.4</ele>
        <time>2026-02-11T06:19:34.000Z</time>
        <extensions>
          <gpxtpx:TrackPointExtension>
            <gpxtpx:hr>132</gpxtpx:hr>
            <gpxtpx:cad>76</gpxtpx:cad>
            <gpxtpx:atemp>300.65</gpxtpx:atemp>
          </gpxtpx:TrackPointExtension>
        </extensions>
      </trkpt>
      <trkpt lat="31.116363" lon="35.341159">
        <ele>-223.1</ele>
        <time>2026-02-11T06:19:41.000Z</time>
        <extensions>
          <gpxtpx:TrackPointExtension>
            <gpxtpx:hr>133</gpxtpx:hr>
            <gpxtpx:cad>79</gpxtpx:cad>
            <gpxtpx:atemp>300.65</gpxtpx:atemp>
          </gpxtpx:TrackPointExtension>
        </extensions>
      </trkpt>
      <trkpt lat="31.116167" lon="35.341249">
        <ele>-222.9</ele>
        <time>2026-02-11T06:19:52.000Z</time>
        <extensions>
          <gpxtpx:TrackPointExtension>
            <gpxtpx:hr>133</gpxtpx:hr>
            <gpxtpx:cad>76</gpxtpx:cad>
            <gpxtpx:atemp>300.65</gpxtpx:atemp>
          </gpxtpx:TrackPointExtension>
        </extensions>
      </trkpt>
      <trkpt lat="31.116091" lon="35.341309">
        <ele>-223.0</ele>
        <time>2026-02-11T06:20:08.000Z</time>
        <extensions>
          <gpxtpx:TrackPointExtension>
            <gpxtpx:hr>130</gpxtpx:hr>
            <gpxtpx:cad>42</gpxtpx:cad>
            <gpxtpx:atemp>300.65</gpxtpx:atemp>
          </gpxtpx:TrackPointExtension>
        </extensions>
      </trkpt>
      <trkpt lat="31.115972" lon="35.341371">
        <ele>-223.3</ele>
        <time>2026-02-11T06:20:19.000Z</time>
        <extensions>
          <gpxtpx:TrackPointExtension>
            <gpxtpx:hr>131</gpxtpx:hr>
            <gpxtpx:cad>53</gpxtpx:cad>
            <gpxtpx:atemp>300.65</gpxtpx:atemp>
          </gpxtpx:TrackPointExtension>
        </extensions>
      </trkpt>
      <trkpt lat="31.115781" lon="35.341504">
        <ele>-224.5</ele>
        <time>2026-02-11T06:20:43.000Z</time>
        <extensions>
          <gpxtpx:TrackPointExtension>
            <gpxtpx:hr>121</gpxtpx:hr>
            <gpxtpx:cad>47</gpxtpx:cad>
            <gpxtpx:atemp>300.65</gpxtpx:atemp>
          </gpxtpx:TrackPointExtension>
        </extensions>
      </trkpt>
      <trkpt lat="31.115774" lon="35.341481">
        <ele>-225.4</ele>
        <time>2026-02-11T06:21:37.000Z</time>
        <extensions>
          <gpxtpx:TrackPointExtension>
            <gpxtpx:hr>112</gpxtpx:hr>
            <gpxtpx:cad>0</gpxtpx:cad>
            <gpxtpx:atemp>300.65</gpxtpx:atemp>
          </gpxtpx:TrackPointExtension>
        </extensions>
      </trkpt>
      <trkpt lat="31.115628" lon="35.341534">
        <ele>-226.6</ele>
        <time>2026-02-11T06:22:27.000Z</time>
        <extensions>
          <gpxtpx:TrackPointExtension>
            <gpxtpx:hr>105</gpxtpx:hr>
            <gpxtpx:cad>73</gpxtpx:cad>
            <gpxtpx:atemp>300.65</gpxtpx:atemp>
          </gpxtpx:TrackPointExtension>
        </extensions>
      </trkpt>
      <trkpt lat="31.115517" lon="35.341602">
        <ele>-227.3</ele>
        <time>2026-02-11T06:22:33.000Z</time>
        <extensions>
          <gpxtpx:TrackPointExtension>
            <gpxtpx:hr>109</gpxtpx:hr>
            <gpxtpx:cad>76</gpxtpx:cad>
            <gpxtpx:atemp>300.65</gpxtpx:atemp>
          </gpxtpx:TrackPointExtension>
        </extensions>
      </trkpt>
      <trkpt lat="31.115422" lon="35.341630">
        <ele>-227.6</ele>
        <time>2026-02-11T06:22:39.000Z</time>
        <extensions>
          <gpxtpx:TrackPointExtension>
            <gpxtpx:hr>113</gpxtpx:hr>
            <gpxtpx:cad>74</gpxtpx:cad>
            <gpxtpx:atemp>300.65</gpxtpx:atemp>
          </gpxtpx:TrackPointExtension>
        </extensions>
      </trkpt>
      <trkpt lat="31.115254" lon="35.341596">
        <ele>-227.5</ele>
        <time>2026-02-11T06:22:48.000Z</time>
        <extensions>
          <gpxtpx:TrackPointExtension>
            <gpxtpx:hr>110</gpxtpx:hr>
            <gpxtpx:cad>74</gpxtpx:cad>
            <gpxtpx:atemp>300.65</gpxtpx:atemp>
          </gpxtpx:TrackPointExtension>
        </extensions>
      </trkpt>
      <trkpt lat="31.115138" lon="35.341578">
        <ele>-226.8</ele>
        <time>2026-02-11T06:22:55.000Z</time>
        <extensions>
          <gpxtpx:TrackPointExtension>
            <gpxtpx:hr>117</gpxtpx:hr>
            <gpxtpx:cad>75</gpxtpx:cad>
            <gpxtpx:atemp>300.65</gpxtpx:atemp>
          </gpxtpx:TrackPointExtension>
        </extensions>
      </trkpt>
      <trkpt lat="31.114972" lon="35.341546">
        <ele>-225.7</ele>
        <time>2026-02-11T06:23:07.000Z</time>
        <extensions>
          <gpxtpx:TrackPointExtension>
            <gpxtpx:hr>124</gpxtpx:hr>
            <gpxtpx:cad>68</gpxtpx:cad>
            <gpxtpx:atemp>300.65</gpxtpx:atemp>
          </gpxtpx:TrackPointExtension>
        </extensions>
      </trkpt>
      <trkpt lat="31.114816" lon="35.341487">
        <ele>-225.5</ele>
        <time>2026-02-11T06:23:17.000Z</time>
        <extensions>
          <gpxtpx:TrackPointExtension>
            <gpxtpx:hr>130</gpxtpx:hr>
            <gpxtpx:cad>72</gpxtpx:cad>
            <gpxtpx:atemp>300.65</gpxtpx:atemp>
          </gpxtpx:TrackPointExtension>
        </extensions>
      </trkpt>
      <trkpt lat="31.114648" lon="35.341439">
        <ele>-227.1</ele>
        <time>2026-02-11T06:23:30.000Z</time>
        <extensions>
          <gpxtpx:TrackPointExtension>
            <gpxtpx:hr>135</gpxtpx:hr>
            <gpxtpx:cad>65</gpxtpx:cad>
            <gpxtpx:atemp>300.65</gpxtpx:atemp>
          </gpxtpx:TrackPointExtension>
        </extensions>
      </trkpt>
      <trkpt lat="31.114535" lon="35.341391">
        <ele>-228.7</ele>
        <time>2026-02-11T06:23:44.000Z</time>
        <extensions>
          <gpxtpx:TrackPointExtension>
            <gpxtpx:hr>133</gpxtpx:hr>
            <gpxtpx:cad>62</gpxtpx:cad>
            <gpxtpx:atemp>300.65</gpxtpx:atemp>
          </gpxtpx:TrackPointExtension>
        </extensions>
      </trkpt>
      <trkpt lat="31.114456" lon="35.341350">
        <ele>-229.2</ele>
        <time>2026-02-11T06:23:57.000Z</time>
        <extensions>
          <gpxtpx:TrackPointExtension>
            <gpxtpx:hr>143</gpxtpx:hr>
            <gpxtpx:cad>0</gpxtpx:cad>
            <gpxtpx:atemp>300.65</gpxtpx:atemp>
          </gpxtpx:TrackPointExtension>
        </extensions>
      </trkpt>
      <trkpt lat="31.114376" lon="35.341351">
        <ele>-228.9</ele>
        <time>2026-02-11T06:24:04.000Z</time>
        <extensions>
          <gpxtpx:TrackPointExtension>
            <gpxtpx:hr>140</gpxtpx:hr>
            <gpxtpx:cad>79</gpxtpx:cad>
            <gpxtpx:atemp>300.65</gpxtpx:atemp>
          </gpxtpx:TrackPointExtension>
        </extensions>
      </trkpt>
      <trkpt lat="31.114225" lon="35.341341">
        <ele>-228.5</ele>
        <time>2026-02-11T06:24:15.000Z</time>
        <extensions>
          <gpxtpx:TrackPointExtension>
            <gpxtpx:hr>137</gpxtpx:hr>
            <gpxtpx:cad>63</gpxtpx:cad>
            <gpxtpx:atemp>300.65</gpxtpx:atemp>
          </gpxtpx:TrackPointExtension>
        </extensions>
      </trkpt>
      <trkpt lat="31.114150" lon="35.341467">
        <ele>-229.2</ele>
        <time>2026-02-11T06:24:22.000Z</time>
        <extensions>
          <gpxtpx:TrackPointExtension>
            <gpxtpx:hr>137</gpxtpx:hr>
            <gpxtpx:cad>71</gpxtpx:cad>
            <gpxtpx:atemp>300.65</gpxtpx:atemp>
          </gpxtpx:TrackPointExtension>
        </extensions>
      </trkpt>
      <trkpt lat="31.114002" lon="35.341586">
        <ele>-230.0</ele>
        <time>2026-02-11T06:24:33.000Z</time>
        <extensions>
          <gpxtpx:TrackPointExtension>
            <gpxtpx:hr>145</gpxtpx:hr>
            <gpxtpx:cad>72</gpxtpx:cad>
            <gpxtpx:atemp>300.65</gpxtpx:atemp>
          </gpxtpx:TrackPointExtension>
        </extensions>
      </trkpt>
      <trkpt lat="31.113874" lon="35.341678">
        <ele>-230.3</ele>
        <time>2026-02-11T06:24:41.000Z</time>
        <extensions>
          <gpxtpx:TrackPointExtension>
            <gpxtpx:hr>149</gpxtpx:hr>
            <gpxtpx:cad>74</gpxtpx:cad>
            <gpxtpx:atemp>300.65</gpxtpx:atemp>
          </gpxtpx:TrackPointExtension>
        </extensions>
      </trkpt>
      <trkpt lat="31.113749" lon="35.341757">
        <ele>-230.3</ele>
        <time>2026-02-11T06:24:49.000Z</time>
        <extensions>
          <gpxtpx:TrackPointExtension>
            <gpxtpx:hr>149</gpxtpx:hr>
            <gpxtpx:cad>76</gpxtpx:cad>
            <gpxtpx:atemp>300.65</gpxtpx:atemp>
          </gpxtpx:TrackPointExtension>
        </extensions>
      </trkpt>
      <trkpt lat="31.113588" lon="35.341815">
        <ele>-229.8</ele>
        <time>2026-02-11T06:24:59.000Z</time>
        <extensions>
          <gpxtpx:TrackPointExtension>
            <gpxtpx:hr>146</gpxtpx:hr>
            <gpxtpx:cad>73</gpxtpx:cad>
            <gpxtpx:atemp>300.65</gpxtpx:atemp>
          </gpxtpx:TrackPointExtension>
        </extensions>
      </trkpt>
      <trkpt lat="31.113464" lon="35.341836">
        <ele>-229.5</ele>
        <time>2026-02-11T06:25:06.000Z</time>
        <extensions>
          <gpxtpx:TrackPointExtension>
            <gpxtpx:hr>146</gpxtpx:hr>
            <gpxtpx:cad>74</gpxtpx:cad>
            <gpxtpx:atemp>300.65</gpxtpx:atemp>
          </gpxtpx:TrackPointExtension>
        </extensions>
      </trkpt>
      <trkpt lat="31.113246" lon="35.341900">
        <ele>-229.6</ele>
        <time>2026-02-11T06:25:17.000Z</time>
        <extensions>
          <gpxtpx:TrackPointExtension>
            <gpxtpx:hr>152</gpxtpx:hr>
            <gpxtpx:cad>76</gpxtpx:cad>
            <gpxtpx:atemp>300.65</gpxtpx:atemp>
          </gpxtpx:TrackPointExtension>
        </extensions>
      </trkpt>
      <trkpt lat="31.113072" lon="35.341938">
        <ele>-229.7</ele>
        <time>2026-02-11T06:25:26.000Z</time>
        <extensions>
          <gpxtpx:TrackPointExtension>
            <gpxtpx:hr>154</gpxtpx:hr>
            <gpxtpx:cad>76</gpxtpx:cad>
            <gpxtpx:atemp>300.65</gpxtpx:atemp>
          </gpxtpx:TrackPointExtension>
        </extensions>
      </trkpt>
      <trkpt lat="31.112905" lon="35.341989">
        <ele>-229.0</ele>
        <time>2026-02-11T06:25:35.000Z</time>
        <extensions>
          <gpxtpx:TrackPointExtension>
            <gpxtpx:hr>149</gpxtpx:hr>
            <gpxtpx:cad>75</gpxtpx:cad>
            <gpxtpx:atemp>300.65</gpxtpx:atemp>
          </gpxtpx:TrackPointExtension>
        </extensions>
      </trkpt>
      <trkpt lat="31.112805" lon="35.342036">
        <ele>-228.5</ele>
        <time>2026-02-11T06:25:44.000Z</time>
        <extensions>
          <gpxtpx:TrackPointExtension>
            <gpxtpx:hr>148</gpxtpx:hr>
            <gpxtpx:cad>75</gpxtpx:cad>
            <gpxtpx:atemp>300.65</gpxtpx:atemp>
          </gpxtpx:TrackPointExtension>
        </extensions>
      </trkpt>
      <trkpt lat="31.112608" lon="35.342086">
        <ele>-227.8</ele>
        <time>2026-02-11T06:26:00.000Z</time>
        <extensions>
          <gpxtpx:TrackPointExtension>
            <gpxtpx:hr>147</gpxtpx:hr>
            <gpxtpx:cad>56</gpxtpx:cad>
            <gpxtpx:atemp>300.65</gpxtpx:atemp>
          </gpxtpx:TrackPointExtension>
        </extensions>
      </trkpt>
      <trkpt lat="31.112432" lon="35.342112">
        <ele>-227.8</ele>
        <time>2026-02-11T06:26:17.000Z</time>
        <extensions>
          <gpxtpx:TrackPointExtension>
            <gpxtpx:hr>141</gpxtpx:hr>
            <gpxtpx:cad>47</gpxtpx:cad>
            <gpxtpx:atemp>300.65</gpxtpx:atemp>
          </gpxtpx:TrackPointExtension>
        </extensions>
      </trkpt>
      <trkpt lat="31.112238" lon="35.342219">
        <ele>-228.6</ele>
        <time>2026-02-11T06:26:30.000Z</time>
        <extensions>
          <gpxtpx:TrackPointExtension>
            <gpxtpx:hr>133</gpxtpx:hr>
            <gpxtpx:cad>70</gpxtpx:cad>
            <gpxtpx:atemp>300.65</gpxtpx:atemp>
          </gpxtpx:TrackPointExtension>
        </extensions>
      </trkpt>
      <trkpt lat="31.112136" lon="35.342373">
        <ele>-229.1</ele>
        <time>2026-02-11T06:26:39.000Z</time>
        <extensions>
          <gpxtpx:TrackPointExtension>
            <gpxtpx:hr>130</gpxtpx:hr>
            <gpxtpx:cad>72</gpxtpx:cad>
            <gpxtpx:atemp>300.65</gpxtpx:atemp>
          </gpxtpx:TrackPointExtension>
        </extensions>
      </trkpt>
      <trkpt lat="31.112040" lon="35.342454">
        <ele>-229.8</ele>
        <time>2026-02-11T06:26:45.000Z</time>
        <extensions>
          <gpxtpx:TrackPointExtension>
            <gpxtpx:hr>130</gpxtpx:hr>
            <gpxtpx:cad>75</gpxtpx:cad>
            <gpxtpx:atemp>300.65</gpxtpx:atemp>
          </gpxtpx:TrackPointExtension>
        </extensions>
      </trkpt>
      <trkpt lat="31.111920" lon="35.342569">
        <ele>-230.8</ele>
        <time>2026-02-11T06:26:54.000Z</time>
        <extensions>
          <gpxtpx:TrackPointExtension>
            <gpxtpx:hr>131</gpxtpx:hr>
            <gpxtpx:cad>72</gpxtpx:cad>
            <gpxtpx:atemp>300.65</gpxtpx:atemp>
          </gpxtpx:TrackPointExtension>
        </extensions>
      </trkpt>
      <trkpt lat="31.111821" lon="35.342691">
        <ele>-231.6</ele>
        <time>2026-02-11T06:27:02.000Z</time>
        <extensions>
          <gpxtpx:TrackPointExtension>
            <gpxtpx:hr>127</gpxtpx:hr>
            <gpxtpx:cad>75</gpxtpx:cad>
            <gpxtpx:atemp>300.65</gpxtpx:atemp>
          </gpxtpx:TrackPointExtension>
        </extensions>
      </trkpt>
      <trkpt lat="31.111717" lon="35.342879">
        <ele>-232.9</ele>
        <time>2026-02-11T06:27:13.000Z</time>
        <extensions>
          <gpxtpx:TrackPointExtension>
            <gpxtpx:hr>127</gpxtpx:hr>
            <gpxtpx:cad>75</gpxtpx:cad>
            <gpxtpx:atemp>300.65</gpxtpx:atemp>
          </gpxtpx:TrackPointExtension>
        </extensions>
      </trkpt>
      <trkpt lat="31.111598" lon="35.342977">
        <ele>-233.6</ele>
        <time>2026-02-11T06:27:22.000Z</time>
        <extensions>
          <gpxtpx:TrackPointExtension>
            <gpxtpx:hr>127</gpxtpx:hr>
            <gpxtpx:cad>79</gpxtpx:cad>
            <gpxtpx:atemp>301.65</gpxtpx:atemp>
          </gpxtpx:TrackPointExtension>
        </extensions>
      </trkpt>
      <trkpt lat="31.111464" lon="35.343175">
        <ele>-233.2</ele>
        <time>2026-02-11T06:27:32.000Z</time>
        <extensions>
          <gpxtpx:TrackPointExtension>
            <gpxtpx:hr>132</gpxtpx:hr>
            <gpxtpx:cad>76</gpxtpx:cad>
            <gpxtpx:atemp>301.65</gpxtpx:atemp>
          </gpxtpx:TrackPointExtension>
        </extensions>
      </trkpt>
      <trkpt lat="31.111321" lon="35.343350">
        <ele>-233.1</ele>
        <time>2026-02-11T06:27:43.000Z</time>
        <extensions>
          <gpxtpx:TrackPointExtension>
            <gpxtpx:hr>135</gpxtpx:hr>
            <gpxtpx:cad>76</gpxtpx:cad>
            <gpxtpx:atemp>301.65</gpxtpx:atemp>
          </gpxtpx:TrackPointExtension>
        </extensions>
      </trkpt>
      <trkpt lat="31.111249" lon="35.343406">
        <ele>-232.7</ele>
        <time>2026-02-11T06:27:48.000Z</time>
        <extensions>
          <gpxtpx:TrackPointExtension>
            <gpxtpx:hr>135</gpxtpx:hr>
            <gpxtpx:cad>76</gpxtpx:cad>
            <gpxtpx:atemp>301.65</gpxtpx:atemp>
          </gpxtpx:TrackPointExtension>
        </extensions>
      </trkpt>
      <trkpt lat="31.111140" lon="35.343531">
        <ele>-232.9</ele>
        <time>2026-02-11T06:27:56.000Z</time>
        <extensions>
          <gpxtpx:TrackPointExtension>
            <gpxtpx:hr>135</gpxtpx:hr>
            <gpxtpx:cad>74</gpxtpx:cad>
            <gpxtpx:atemp>301.65</gpxtpx:atemp>
          </gpxtpx:TrackPointExtension>
        </extensions>
      </trkpt>
      <trkpt lat="31.110975" lon="35.343694">
        <ele>-233.9</ele>
        <time>2026-02-11T06:28:08.000Z</time>
        <extensions>
          <gpxtpx:TrackPointExtension>
            <gpxtpx:hr>135</gpxtpx:hr>
            <gpxtpx:cad>76</gpxtpx:cad>
            <gpxtpx:atemp>301.65</gpxtpx:atemp>
          </gpxtpx:TrackPointExtension>
        </extensions>
      </trkpt>
      <trkpt lat="31.110853" lon="35.343799">
        <ele>-234.4</ele>
        <time>2026-02-11T06:28:15.000Z</time>
        <extensions>
          <gpxtpx:TrackPointExtension>
            <gpxtpx:hr>136</gpxtpx:hr>
            <gpxtpx:cad>75</gpxtpx:cad>
            <gpxtpx:atemp>301.65</gpxtpx:atemp>
          </gpxtpx:TrackPointExtension>
        </extensions>
      </trkpt>
      <trkpt lat="31.110762" lon="35.343940">
        <ele>-234.2</ele>
        <time>2026-02-11T06:28:22.000Z</time>
        <extensions>
          <gpxtpx:TrackPointExtension>
            <gpxtpx:hr>138</gpxtpx:hr>
            <gpxtpx:cad>78</gpxtpx:cad>
            <gpxtpx:atemp>301.65</gpxtpx:atemp>
          </gpxtpx:TrackPointExtension>
        </extensions>
      </trkpt>
      <trkpt lat="31.110686" lon="35.344004">
        <ele>-234.1</ele>
        <time>2026-02-11T06:28:27.000Z</time>
        <extensions>
          <gpxtpx:TrackPointExtension>
            <gpxtpx:hr>138</gpxtpx:hr>
            <gpxtpx:cad>78</gpxtpx:cad>
            <gpxtpx:atemp>301.65</gpxtpx:atemp>
          </gpxtpx:TrackPointExtension>
        </extensions>
      </trkpt>
      <trkpt lat="31.110581" lon="35.344069">
        <ele>-234.4</ele>
        <time>2026-02-11T06:28:33.000Z</time>
        <extensions>
          <gpxtpx:TrackPointExtension>
            <gpxtpx:hr>140</gpxtpx:hr>
            <gpxtpx:cad>77</gpxtpx:cad>
            <gpxtpx:atemp>301.65</gpxtpx:atemp>
          </gpxtpx:TrackPointExtension>
        </extensions>
      </trkpt>
      <trkpt lat="31.110489" lon="35.344105">
        <ele>-234.6</ele>
        <time>2026-02-11T06:28:38.000Z</time>
        <extensions>
          <gpxtpx:TrackPointExtension>
            <gpxtpx:hr>144</gpxtpx:hr>
            <gpxtpx:cad>77</gpxtpx:cad>
            <gpxtpx:atemp>301.65</gpxtpx:atemp>
          </gpxtpx:TrackPointExtension>
        </extensions>
      </trkpt>
      <trkpt lat="31.110317" lon="35.344241">
        <ele>-234.2</ele>
        <time>2026-02-11T06:28:49.000Z</time>
        <extensions>
          <gpxtpx:TrackPointExtension>
            <gpxtpx:hr>146</gpxtpx:hr>
            <gpxtpx:cad>76</gpxtpx:cad>
            <gpxtpx:atemp>301.65</gpxtpx:atemp>
          </gpxtpx:TrackPointExtension>
        </extensions>
      </trkpt>
      <trkpt lat="31.110129" lon="35.344362">
        <ele>-233.2</ele>
        <time>2026-02-11T06:29:04.000Z</time>
        <extensions>
          <gpxtpx:TrackPointExtension>
            <gpxtpx:hr>145</gpxtpx:hr>
            <gpxtpx:cad>75</gpxtpx:cad>
            <gpxtpx:atemp>301.65</gpxtpx:atemp>
          </gpxtpx:TrackPointExtension>
        </extensions>
      </trkpt>
      <trkpt lat="31.109991" lon="35.344406">
        <ele>-232.9</ele>
        <time>2026-02-11T06:29:12.000Z</time>
        <extensions>
          <gpxtpx:TrackPointExtension>
            <gpxtpx:hr>147</gpxtpx:hr>
            <gpxtpx:cad>75</gpxtpx:cad>
            <gpxtpx:atemp>301.65</gpxtpx:atemp>
          </gpxtpx:TrackPointExtension>
        </extensions>
      </trkpt>
      <trkpt lat="31.109912" lon="35.344435">
        <ele>-233.1</ele>
        <time>2026-02-11T06:29:16.000Z</time>
        <extensions>
          <gpxtpx:TrackPointExtension>
            <gpxtpx:hr>149</gpxtpx:hr>
            <gpxtpx:cad>74</gpxtpx:cad>
            <gpxtpx:atemp>301.65</gpxtpx:atemp>
          </gpxtpx:TrackPointExtension>
        </extensions>
      </trkpt>
      <trkpt lat="31.109778" lon="35.344512">
        <ele>-233.4</ele>
        <time>2026-02-11T06:29:24.000Z</time>
        <extensions>
          <gpxtpx:TrackPointExtension>
            <gpxtpx:hr>149</gpxtpx:hr>
            <gpxtpx:cad>76</gpxtpx:cad>
            <gpxtpx:atemp>301.65</gpxtpx:atemp>
          </gpxtpx:TrackPointExtension>
        </extensions>
      </trkpt>
      <trkpt lat="31.109608" lon="35.344492">
        <ele>-233.7</ele>
        <time>2026-02-11T06:29:33.000Z</time>
        <extensions>
          <gpxtpx:TrackPointExtension>
            <gpxtpx:hr>149</gpxtpx:hr>
            <gpxtpx:cad>75</gpxtpx:cad>
            <gpxtpx:atemp>301.65</gpxtpx:atemp>
          </gpxtpx:TrackPointExtension>
        </extensions>
      </trkpt>
      <trkpt lat="31.109436" lon="35.344486">
        <ele>-233.9</ele>
        <time>2026-02-11T06:29:42.000Z</time>
        <extensions>
          <gpxtpx:TrackPointExtension>
            <gpxtpx:hr>149</gpxtpx:hr>
            <gpxtpx:cad>78</gpxtpx:cad>
            <gpxtpx:atemp>301.65</gpxtpx:atemp>
          </gpxtpx:TrackPointExtension>
        </extensions>
      </trkpt>
      <trkpt lat="31.109301" lon="35.344448">
        <ele>-234.0</ele>
        <time>2026-02-11T06:29:49.000Z</time>
        <extensions>
          <gpxtpx:TrackPointExtension>
            <gpxtpx:hr>150</gpxtpx:hr>
            <gpxtpx:cad>77</gpxtpx:cad>
            <gpxtpx:atemp>301.65</gpxtpx:atemp>
          </gpxtpx:TrackPointExtension>
        </extensions>
      </trkpt>
      <trkpt lat="31.109080" lon="35.344362">
        <ele>-233.8</ele>
        <time>2026-02-11T06:30:02.000Z</time>
        <extensions>
          <gpxtpx:TrackPointExtension>
            <gpxtpx:hr>150</gpxtpx:hr>
            <gpxtpx:cad>74</gpxtpx:cad>
            <gpxtpx:atemp>301.65</gpxtpx:atemp>
          </gpxtpx:TrackPointExtension>
        </extensions>
      </trkpt>
      <trkpt lat="31.108914" lon="35.344287">
        <ele>-233.5</ele>
        <time>2026-02-11T06:30:21.000Z</time>
        <extensions>
          <gpxtpx:TrackPointExtension>
            <gpxtpx:hr>142</gpxtpx:hr>
            <gpxtpx:cad>45</gpxtpx:cad>
            <gpxtpx:atemp>301.65</gpxtpx:atemp>
          </gpxtpx:TrackPointExtension>
        </extensions>
      </trkpt>
      <trkpt lat="31.108736" lon="35.344196">
        <ele>-232.6</ele>
        <time>2026-02-11T06:30:46.000Z</time>
        <extensions>
          <gpxtpx:TrackPointExtension>
            <gpxtpx:hr>138</gpxtpx:hr>
            <gpxtpx:cad>0</gpxtpx:cad>
            <gpxtpx:atemp>301.65</gpxtpx:atemp>
          </gpxtpx:TrackPointExtension>
        </extensions>
      </trkpt>
      <trkpt lat="31.108623" lon="35.344035">
        <ele>-231.0</ele>
        <time>2026-02-11T06:31:08.000Z</time>
        <extensions>
          <gpxtpx:TrackPointExtension>
            <gpxtpx:hr>126</gpxtpx:hr>
            <gpxtpx:cad>0</gpxtpx:cad>
            <gpxtpx:atemp>301.65</gpxtpx:atemp>
          </gpxtpx:TrackPointExtension>
        </extensions>
      </trkpt>
      <trkpt lat="31.108505" lon="35.343875">
        <ele>-229.5</ele>
        <time>2026-02-11T06:31:31.000Z</time>
        <extensions>
          <gpxtpx:TrackPointExtension>
            <gpxtpx:hr>129</gpxtpx:hr>
            <gpxtpx:cad>78</gpxtpx:cad>
            <gpxtpx:atemp>301.65</gpxtpx:atemp>
          </gpxtpx:TrackPointExtension>
        </extensions>
      </trkpt>
      <trkpt lat="31.108363" lon="35.343868">
        <ele>-229.3</ele>
        <time>2026-02-11T06:31:45.000Z</time>
        <extensions>
          <gpxtpx:TrackPointExtension>
            <gpxtpx:hr>131</gpxtpx:hr>
            <gpxtpx:cad>70</gpxtpx:cad>
            <gpxtpx:atemp>302.65</gpxtpx:atemp>
          </gpxtpx:TrackPointExtension>
        </extensions>
      </trkpt>
      <trkpt lat="31.108267" lon="35.343861">
        <ele>-229.8</ele>
        <time>2026-02-11T06:31:54.000Z</time>
        <extensions>
          <gpxtpx:TrackPointExtension>
            <gpxtpx:hr>133</gpxtpx:hr>
            <gpxtpx:cad>0</gpxtpx:cad>
            <gpxtpx:atemp>302.65</gpxtpx:atemp>
          </gpxtpx:TrackPointExtension>
        </extensions>
      </trkpt>
      <trkpt lat="31.108157" lon="35.343811">
        <ele>-231.1</ele>
        <time>2026-02-11T06:32:06.000Z</time>
        <extensions>
          <gpxtpx:TrackPointExtension>
            <gpxtpx:hr>137</gpxtpx:hr>
            <gpxtpx:cad>0</gpxtpx:cad>
            <gpxtpx:atemp>302.65</gpxtpx:atemp>
          </gpxtpx:TrackPointExtension>
        </extensions>
      </trkpt>
      <trkpt lat="31.108054" lon="35.343868">
        <ele>-231.7</ele>
        <time>2026-02-11T06:32:14.000Z</time>
        <extensions>
          <gpxtpx:TrackPointExtension>
            <gpxtpx:hr>135</gpxtpx:hr>
            <gpxtpx:cad>66</gpxtpx:cad>
            <gpxtpx:atemp>302.65</gpxtpx:atemp>
          </gpxtpx:TrackPointExtension>
        </extensions>
      </trkpt>
      <trkpt lat="31.107984" lon="35.343942">
        <ele>-231.6</ele>
        <time>2026-02-11T06:32:22.000Z</time>
        <extensions>
          <gpxtpx:TrackPointExtension>
            <gpxtpx:hr>133</gpxtpx:hr>
            <gpxtpx:cad>57</gpxtpx:cad>
            <gpxtpx:atemp>301.65</gpxtpx:atemp>
          </gpxtpx:TrackPointExtension>
        </extensions>
      </trkpt>
      <trkpt lat="31.107926" lon="35.344017">
        <ele>-231.3</ele>
        <time>2026-02-11T06:32:35.000Z</time>
        <extensions>
          <gpxtpx:TrackPointExtension>
            <gpxtpx:hr>139</gpxtpx:hr>
            <gpxtpx:cad>45</gpxtpx:cad>
            <gpxtpx:atemp>301.65</gpxtpx:atemp>
          </gpxtpx:TrackPointExtension>
        </extensions>
      </trkpt>
      <trkpt lat="31.107906" lon="35.344108">
        <ele>-231.4</ele>
        <time>2026-02-11T06:32:39.000Z</time>
        <extensions>
          <gpxtpx:TrackPointExtension>
            <gpxtpx:hr>139</gpxtpx:hr>
            <gpxtpx:cad>74</gpxtpx:cad>
            <gpxtpx:atemp>301.65</gpxtpx:atemp>
          </gpxtpx:TrackPointExtension>
        </extensions>
      </trkpt>
      <trkpt lat="31.107876" lon="35.344334">
        <ele>-231.8</ele>
        <time>2026-02-11T06:32:50.000Z</time>
        <extensions>
          <gpxtpx:TrackPointExtension>
            <gpxtpx:hr>140</gpxtpx:hr>
            <gpxtpx:cad>74</gpxtpx:cad>
            <gpxtpx:atemp>301.65</gpxtpx:atemp>
          </gpxtpx:TrackPointExtension>
        </extensions>
      </trkpt>
      <trkpt lat="31.107851" lon="35.344419">
        <ele>-231.9</ele>
        <time>2026-02-11T06:33:08.000Z</time>
        <extensions>
          <gpxtpx:TrackPointExtension>
            <gpxtpx:hr>131</gpxtpx:hr>
            <gpxtpx:cad>0</gpxtpx:cad>
            <gpxtpx:atemp>302.65</gpxtpx:atemp>
          </gpxtpx:TrackPointExtension>
        </extensions>
      </trkpt>
      <trkpt lat="31.107794" lon="35.344698">
        <ele>-232.2</ele>
        <time>2026-02-11T06:33:22.000Z</time>
        <extensions>
          <gpxtpx:TrackPointExtension>
            <gpxtpx:hr>135</gpxtpx:hr>
            <gpxtpx:cad>71</gpxtpx:cad>
            <gpxtpx:atemp>302.65</gpxtpx:atemp>
          </gpxtpx:TrackPointExtension>
        </extensions>
      </trkpt>
      <trkpt lat="31.107731" lon="35.344817">
        <ele>-232.3</ele>
        <time>2026-02-11T06:33:28.000Z</time>
        <extensions>
          <gpxtpx:TrackPointExtension>
            <gpxtpx:hr>130</gpxtpx:hr>
            <gpxtpx:cad>73</gpxtpx:cad>
            <gpxtpx:atemp>301.65</gpxtpx:atemp>
          </gpxtpx:TrackPointExtension>
        </extensions>
      </trkpt>
      <trkpt lat="31.107598" lon="35.344960">
        <ele>-232.8</ele>
        <time>2026-02-11T06:33:38.000Z</time>
        <extensions>
          <gpxtpx:TrackPointExtension>
            <gpxtpx:hr>129</gpxtpx:hr>
            <gpxtpx:cad>75</gpxtpx:cad>
            <gpxtpx:atemp>301.65</gpxtpx:atemp>
          </gpxtpx:TrackPointExtension>
        </extensions>
      </trkpt>
      <trkpt lat="31.107510" lon="35.345061">
        <ele>-233.3</ele>
        <time>2026-02-11T06:33:45.000Z</time>
        <extensions>
          <gpxtpx:TrackPointExtension>
            <gpxtpx:hr>127</gpxtpx:hr>
            <gpxtpx:cad>72</gpxtpx:cad>
            <gpxtpx:atemp>301.65</gpxtpx:atemp>
          </gpxtpx:TrackPointExtension>
        </extensions>
      </trkpt>
      <trkpt lat="31.107370" lon="35.345185">
        <ele>-234.3</ele>
        <time>2026-02-11T06:33:56.000Z</time>
        <extensions>
          <gpxtpx:TrackPointExtension>
            <gpxtpx:hr>126</gpxtpx:hr>
            <gpxtpx:cad>70</gpxtpx:cad>
            <gpxtpx:atemp>301.65</gpxtpx:atemp>
          </gpxtpx:TrackPointExtension>
        </extensions>
      </trkpt>
      <trkpt lat="31.107258" lon="35.345270">
        <ele>-235.1</ele>
        <time>2026-02-11T06:34:03.000Z</time>
        <extensions>
          <gpxtpx:TrackPointExtension>
            <gpxtpx:hr>126</gpxtpx:hr>
            <gpxtpx:cad>74</gpxtpx:cad>
            <gpxtpx:atemp>301.65</gpxtpx:atemp>
          </gpxtpx:TrackPointExtension>
        </extensions>
      </trkpt>
      <trkpt lat="31.107078" lon="35.345424">
        <ele>-236.4</ele>
        <time>2026-02-11T06:34:16.000Z</time>
        <extensions>
          <gpxtpx:TrackPointExtension>
            <gpxtpx:hr>128</gpxtpx:hr>
            <gpxtpx:cad>72</gpxtpx:cad>
            <gpxtpx:atemp>301.65</gpxtpx:atemp>
          </gpxtpx:TrackPointExtension>
        </extensions>
      </trkpt>
      <trkpt lat="31.106916" lon="35.345493">
        <ele>-237.6</ele>
        <time>2026-02-11T06:34:26.000Z</time>
        <extensions>
          <gpxtpx:TrackPointExtension>
            <gpxtpx:hr>130</gpxtpx:hr>
            <gpxtpx:cad>76</gpxtpx:cad>
            <gpxtpx:atemp>301.65</gpxtpx:atemp>
          </gpxtpx:TrackPointExtension>
        </extensions>
      </trkpt>
      <trkpt lat="31.106723" lon="35.345539">
        <ele>-238.5</ele>
        <time>2026-02-11T06:34:35.000Z</time>
        <extensions>
          <gpxtpx:TrackPointExtension>
            <gpxtpx:hr>133</gpxtpx:hr>
            <gpxtpx:cad>78</gpxtpx:cad>
            <gpxtpx:atemp>301.65</gpxtpx:atemp>
          </gpxtpx:TrackPointExtension>
        </extensions>
      </trkpt>
      <trkpt lat="31.106606" lon="35.345553">
        <ele>-239.0</ele>
        <time>2026-02-11T06:34:40.000Z</time>
        <extensions>
          <gpxtpx:TrackPointExtension>
            <gpxtpx:hr>136</gpxtpx:hr>
            <gpxtpx:cad>77</gpxtpx:cad>
            <gpxtpx:atemp>301.65</gpxtpx:atemp>
          </gpxtpx:TrackPointExtension>
        </extensions>
      </trkpt>
      <trkpt lat="31.106425" lon="35.345592">
        <ele>-239.8</ele>
        <time>2026-02-11T06:34:48.000Z</time>
        <extensions>
          <gpxtpx:TrackPointExtension>
            <gpxtpx:hr>140</gpxtpx:hr>
            <gpxtpx:cad>79</gpxtpx:cad>
            <gpxtpx:atemp>301.65</gpxtpx:atemp>
          </gpxtpx:TrackPointExtension>
        </extensions>
      </trkpt>
      <trkpt lat="31.106344" lon="35.345596">
        <ele>-240.1</ele>
        <time>2026-02-11T06:34:52.000Z</time>
        <extensions>
          <gpxtpx:TrackPointExtension>
            <gpxtpx:hr>141</gpxtpx:hr>
            <gpxtpx:cad>80</gpxtpx:cad>
            <gpxtpx:atemp>301.65</gpxtpx:atemp>
          </gpxtpx:TrackPointExtension>
        </extensions>
      </trkpt>
      <trkpt lat="31.106134" lon="35.345584">
        <ele>-240.1</ele>
        <time>2026-02-11T06:35:02.000Z</time>
        <extensions>
          <gpxtpx:TrackPointExtension>
            <gpxtpx:hr>143</gpxtpx:hr>
            <gpxtpx:cad>76</gpxtpx:cad>
            <gpxtpx:atemp>301.65</gpxtpx:atemp>
          </gpxtpx:TrackPointExtension>
        </extensions>
      </trkpt>
      <trkpt lat="31.105982" lon="35.345483">
        <ele>-239.4</ele>
        <time>2026-02-11T06:35:11.000Z</time>
        <extensions>
          <gpxtpx:TrackPointExtension>
            <gpxtpx:hr>146</gpxtpx:hr>
            <gpxtpx:cad>75</gpxtpx:cad>
            <gpxtpx:atemp>301.65</gpxtpx:atemp>
          </gpxtpx:TrackPointExtension>
        </extensions>
      </trkpt>
      <trkpt lat="31.105863" lon="35.345427">
        <ele>-239.0</ele>
        <time>2026-02-11T06:35:18.000Z</time>
        <extensions>
          <gpxtpx:TrackPointExtension>
            <gpxtpx:hr>154</gpxtpx:hr>
            <gpxtpx:cad>75</gpxtpx:cad>
            <gpxtpx:atemp>301.65</gpxtpx:atemp>
          </gpxtpx:TrackPointExtension>
        </extensions>
      </trkpt>
      <trkpt lat="31.105744" lon="35.345628">
        <ele>-238.7</ele>
        <time>2026-02-11T06:35:28.000Z</time>
        <extensions>
          <gpxtpx:TrackPointExtension>
            <gpxtpx:hr>159</gpxtpx:hr>
            <gpxtpx:cad>77</gpxtpx:cad>
            <gpxtpx:atemp>301.65</gpxtpx:atemp>
          </gpxtpx:TrackPointExtension>
        </extensions>
      </trkpt>
      <trkpt lat="31.105672" lon="35.345684">
        <ele>-238.6</ele>
        <time>2026-02-11T06:35:32.000Z</time>
        <extensions>
          <gpxtpx:TrackPointExtension>
            <gpxtpx:hr>158</gpxtpx:hr>
            <gpxtpx:cad>78</gpxtpx:cad>
            <gpxtpx:atemp>301.65</gpxtpx:atemp>
          </gpxtpx:TrackPointExtension>
        </extensions>
      </trkpt>
      <trkpt lat="31.105528" lon="35.345744">
        <ele>-238.5</ele>
        <time>2026-02-11T06:35:39.000Z</time>
        <extensions>
          <gpxtpx:TrackPointExtension>
            <gpxtpx:hr>158</gpxtpx:hr>
            <gpxtpx:cad>78</gpxtpx:cad>
            <gpxtpx:atemp>301.65</gpxtpx:atemp>
          </gpxtpx:TrackPointExtension>
        </extensions>
      </trkpt>
      <trkpt lat="31.105368" lon="35.345794">
        <ele>-238.4</ele>
        <time>2026-02-11T06:35:47.000Z</time>
        <extensions>
          <gpxtpx:TrackPointExtension>
            <gpxtpx:hr>156</gpxtpx:hr>
            <gpxtpx:cad>78</gpxtpx:cad>
            <gpxtpx:atemp>301.65</gpxtpx:atemp>
          </gpxtpx:TrackPointExtension>
        </extensions>
      </trkpt>
      <trkpt lat="31.105246" lon="35.345817">
        <ele>-238.3</ele>
        <time>2026-02-11T06:35:53.000Z</time>
        <extensions>
          <gpxtpx:TrackPointExtension>
            <gpxtpx:hr>156</gpxtpx:hr>
            <gpxtpx:cad>79</gpxtpx:cad>
            <gpxtpx:atemp>301.65</gpxtpx:atemp>
          </gpxtpx:TrackPointExtension>
        </extensions>
      </trkpt>
      <trkpt lat="31.105167" lon="35.345845">
        <ele>-238.4</ele>
        <time>2026-02-11T06:35:57.000Z</time>
        <extensions>
          <gpxtpx:TrackPointExtension>
            <gpxtpx:hr>155</gpxtpx:hr>
            <gpxtpx:cad>77</gpxtpx:cad>
            <gpxtpx:atemp>301.65</gpxtpx:atemp>
          </gpxtpx:TrackPointExtension>
        </extensions>
      </trkpt>
      <trkpt lat="31.105055" lon="35.345911">
        <ele>-238.6</ele>
        <time>2026-02-11T06:36:03.000Z</time>
        <extensions>
          <gpxtpx:TrackPointExtension>
            <gpxtpx:hr>155</gpxtpx:hr>
            <gpxtpx:cad>78</gpxtpx:cad>
            <gpxtpx:atemp>301.65</gpxtpx:atemp>
          </gpxtpx:TrackPointExtension>
        </extensions>
      </trkpt>
      <trkpt lat="31.104938" lon="35.346012">
        <ele>-239.2</ele>
        <time>2026-02-11T06:36:11.000Z</time>
        <extensions>
          <gpxtpx:TrackPointExtension>
            <gpxtpx:hr>157</gpxtpx:hr>
            <gpxtpx:cad>75</gpxtpx:cad>
            <gpxtpx:atemp>302.65</gpxtpx:atemp>
          </gpxtpx:TrackPointExtension>
        </extensions>
      </trkpt>
      <trkpt lat="31.104754" lon="35.346073">
        <ele>-240.4</ele>
        <time>2026-02-11T06:36:23.000Z</time>
        <extensions>
          <gpxtpx:TrackPointExtension>
            <gpxtpx:hr>154</gpxtpx:hr>
            <gpxtpx:cad>75</gpxtpx:cad>
            <gpxtpx:atemp>302.65</gpxtpx:atemp>
          </gpxtpx:TrackPointExtension>
        </extensions>
      </trkpt>
      <trkpt lat="31.104574" lon="35.346163">
        <ele>-241.4</ele>
        <time>2026-02-11T06:36:33.000Z</time>
        <extensions>
          <gpxtpx:TrackPointExtension>
            <gpxtpx:hr>155</gpxtpx:hr>
            <gpxtpx:cad>77</gpxtpx:cad>
            <gpxtpx:atemp>302.65</gpxtpx:atemp>
          </gpxtpx:TrackPointExtension>
        </extensions>
      </trkpt>
      <trkpt lat="31.104427" lon="35.346138">
        <ele>-242.1</ele>
        <time>2026-02-11T06:36:40.000Z</time>
        <extensions>
          <gpxtpx:TrackPointExtension>
            <gpxtpx:hr>155</gpxtpx:hr>
            <gpxtpx:cad>78</gpxtpx:cad>
            <gpxtpx:atemp>302.65</gpxtpx:atemp>
          </gpxtpx:TrackPointExtension>
        </extensions>
      </trkpt>
      <trkpt lat="31.104335" lon="35.346173">
        <ele>-242.4</ele>
        <time>2026-02-11T06:36:45.000Z</time>
        <extensions>
          <gpxtpx:TrackPointExtension>
            <gpxtpx:hr>153</gpxtpx:hr>
            <gpxtpx:cad>0</gpxtpx:cad>
            <gpxtpx:atemp>302.65</gpxtpx:atemp>
          </gpxtpx:TrackPointExtension>
        </extensions>
      </trkpt>
      <trkpt lat="31.104203" lon="35.346304">
        <ele>-242.6</ele>
        <time>2026-02-11T06:36:54.000Z</time>
        <extensions>
          <gpxtpx:TrackPointExtension>
            <gpxtpx:hr>152</gpxtpx:hr>
            <gpxtpx:cad>77</gpxtpx:cad>
            <gpxtpx:atemp>302.65</gpxtpx:atemp>
          </gpxtpx:TrackPointExtension>
        </extensions>
      </trkpt>
      <trkpt lat="31.103987" lon="35.346395">
        <ele>-242.8</ele>
        <time>2026-02-11T06:37:05.000Z</time>
        <extensions>
          <gpxtpx:TrackPointExtension>
            <gpxtpx:hr>153</gpxtpx:hr>
            <gpxtpx:cad>76</gpxtpx:cad>
            <gpxtpx:atemp>302.65</gpxtpx:atemp>
          </gpxtpx:TrackPointExtension>
        </extensions>
      </trkpt>
      <trkpt lat="31.103857" lon="35.346406">
        <ele>-242.9</ele>
        <time>2026-02-11T06:37:11.000Z</time>
        <extensions>
          <gpxtpx:TrackPointExtension>
            <gpxtpx:hr>153</gpxtpx:hr>
            <gpxtpx:cad>78</gpxtpx:cad>
            <gpxtpx:atemp>302.65</gpxtpx:atemp>
          </gpxtpx:TrackPointExtension>
        </extensions>
      </trkpt>
      <trkpt lat="31.103690" lon="35.346389">
        <ele>-242.9</ele>
        <time>2026-02-11T06:37:20.000Z</time>
        <extensions>
          <gpxtpx:TrackPointExtension>
            <gpxtpx:hr>153</gpxtpx:hr>
            <gpxtpx:cad>78</gpxtpx:cad>
            <gpxtpx:atemp>301.65</gpxtpx:atemp>
          </gpxtpx:TrackPointExtension>
        </extensions>
      </trkpt>
      <trkpt lat="31.103560" lon="35.346377">
        <ele>-242.7</ele>
        <time>2026-02-11T06:37:27.000Z</time>
        <extensions>
          <gpxtpx:TrackPointExtension>
            <gpxtpx:hr>152</gpxtpx:hr>
            <gpxtpx:cad>74</gpxtpx:cad>
            <gpxtpx:atemp>301.65</gpxtpx:atemp>
          </gpxtpx:TrackPointExtension>
        </extensions>
      </trkpt>
      <trkpt lat="31.103455" lon="35.346377">
        <ele>-242.4</ele>
        <time>2026-02-11T06:37:32.000Z</time>
        <extensions>
          <gpxtpx:TrackPointExtension>
            <gpxtpx:hr>151</gpxtpx:hr>
            <gpxtpx:cad>76</gpxtpx:cad>
            <gpxtpx:atemp>301.65</gpxtpx:atemp>
          </gpxtpx:TrackPointExtension>
        </extensions>
      </trkpt>
      <trkpt lat="31.103351" lon="35.346347">
        <ele>-242.3</ele>
        <time>2026-02-11T06:37:37.000Z</time>
        <extensions>
          <gpxtpx:TrackPointExtension>
            <gpxtpx:hr>156</gpxtpx:hr>
            <gpxtpx:cad>78</gpxtpx:cad>
            <gpxtpx:atemp>301.65</gpxtpx:atemp>
          </gpxtpx:TrackPointExtension>
        </extensions>
      </trkpt>
      <trkpt lat="31.103100" lon="35.346329">
        <ele>-242.2</ele>
        <time>2026-02-11T06:37:49.000Z</time>
        <extensions>
          <gpxtpx:TrackPointExtension>
            <gpxtpx:hr>156</gpxtpx:hr>
            <gpxtpx:cad>77</gpxtpx:cad>
            <gpxtpx:atemp>301.65</gpxtpx:atemp>
          </gpxtpx:TrackPointExtension>
        </extensions>
      </trkpt>
      <trkpt lat="31.102952" lon="35.346315">
        <ele>-242.0</ele>
        <time>2026-02-11T06:37:57.000Z</time>
        <extensions>
          <gpxtpx:TrackPointExtension>
            <gpxtpx:hr>155</gpxtpx:hr>
            <gpxtpx:cad>76</gpxtpx:cad>
            <gpxtpx:atemp>301.65</gpxtpx:atemp>
          </gpxtpx:TrackPointExtension>
        </extensions>
      </trkpt>
      <trkpt lat="31.102897" lon="35.346332">
        <ele>-241.9</ele>
        <time>2026-02-11T06:38:01.000Z</time>
        <extensions>
          <gpxtpx:TrackPointExtension>
            <gpxtpx:hr>155</gpxtpx:hr>
            <gpxtpx:cad>0</gpxtpx:cad>
            <gpxtpx:atemp>301.65</gpxtpx:atemp>
          </gpxtpx:TrackPointExtension>
        </extensions>
      </trkpt>
      <trkpt lat="31.102708" lon="35.346397">
        <ele>-241.5</ele>
        <time>2026-02-11T06:38:13.000Z</time>
        <extensions>
          <gpxtpx:TrackPointExtension>
            <gpxtpx:hr>158</gpxtpx:hr>
            <gpxtpx:cad>72</gpxtpx:cad>
            <gpxtpx:atemp>301.65</gpxtpx:atemp>
          </gpxtpx:TrackPointExtension>
        </extensions>
      </trkpt>
      <trkpt lat="31.102605" lon="35.346398">
        <ele>-241.0</ele>
        <time>2026-02-11T06:38:19.000Z</time>
        <extensions>
          <gpxtpx:TrackPointExtension>
            <gpxtpx:hr>158</gpxtpx:hr>
            <gpxtpx:cad>72</gpxtpx:cad>
            <gpxtpx:atemp>301.65</gpxtpx:atemp>
          </gpxtpx:TrackPointExtension>
        </extensions>
      </trkpt>
      <trkpt lat="31.102476" lon="35.346376">
        <ele>-240.1</ele>
        <time>2026-02-11T06:38:29.000Z</time>
        <extensions>
          <gpxtpx:TrackPointExtension>
            <gpxtpx:hr>158</gpxtpx:hr>
            <gpxtpx:cad>66</gpxtpx:cad>
            <gpxtpx:atemp>301.65</gpxtpx:atemp>
          </gpxtpx:TrackPointExtension>
        </extensions>
      </trkpt>
      <trkpt lat="31.102369" lon="35.346365">
        <ele>-239.4</ele>
        <time>2026-02-11T06:38:36.000Z</time>
        <extensions>
          <gpxtpx:TrackPointExtension>
            <gpxtpx:hr>157</gpxtpx:hr>
            <gpxtpx:cad>69</gpxtpx:cad>
            <gpxtpx:atemp>301.65</gpxtpx:atemp>
          </gpxtpx:TrackPointExtension>
        </extensions>
      </trkpt>
      <trkpt lat="31.102199" lon="35.346387">
        <ele>-238.3</ele>
        <time>2026-02-11T06:38:46.000Z</time>
        <extensions>
          <gpxtpx:TrackPointExtension>
            <gpxtpx:hr>163</gpxtpx:hr>
            <gpxtpx:cad>72</gpxtpx:cad>
            <gpxtpx:atemp>301.65</gpxtpx:atemp>
          </gpxtpx:TrackPointExtension>
        </extensions>
      </trkpt>
      <trkpt lat="31.102061" lon="35.346383">
        <ele>-237.9</ele>
        <time>2026-02-11T06:38:53.000Z</time>
        <extensions>
          <gpxtpx:TrackPointExtension>
            <gpxtpx:hr>162</gpxtpx:hr>
            <gpxtpx:cad>76</gpxtpx:cad>
            <gpxtpx:atemp>301.65</gpxtpx:atemp>
          </gpxtpx:TrackPointExtension>
        </extensions>
      </trkpt>
      <trkpt lat="31.101957" lon="35.346421">
        <ele>-237.7</ele>
        <time>2026-02-11T06:38:59.000Z</time>
        <extensions>
          <gpxtpx:TrackPointExtension>
            <gpxtpx:hr>162</gpxtpx:hr>
            <gpxtpx:cad>76</gpxtpx:cad>
            <gpxtpx:atemp>301.65</gpxtpx:atemp>
          </gpxtpx:TrackPointExtension>
        </extensions>
      </trkpt>
      <trkpt lat="31.101740" lon="35.346602">
        <ele>-238.5</ele>
        <time>2026-02-11T06:39:16.000Z</time>
        <extensions>
          <gpxtpx:TrackPointExtension>
            <gpxtpx:hr>157</gpxtpx:hr>
            <gpxtpx:cad>73</gpxtpx:cad>
            <gpxtpx:atemp>301.65</gpxtpx:atemp>
          </gpxtpx:TrackPointExtension>
        </extensions>
      </trkpt>
      <trkpt lat="31.101625" lon="35.346739">
        <ele>-239.5</ele>
        <time>2026-02-11T06:39:35.000Z</time>
        <extensions>
          <gpxtpx:TrackPointExtension>
            <gpxtpx:hr>152</gpxtpx:hr>
            <gpxtpx:cad>51</gpxtpx:cad>
            <gpxtpx:atemp>301.65</gpxtpx:atemp>
          </gpxtpx:TrackPointExtension>
        </extensions>
      </trkpt>
      <trkpt lat="31.101524" lon="35.346863">
        <ele>-240.0</ele>
        <time>2026-02-11T06:39:42.000Z</time>
        <extensions>
          <gpxtpx:TrackPointExtension>
            <gpxtpx:hr>152</gpxtpx:hr>
            <gpxtpx:cad>77</gpxtpx:cad>
            <gpxtpx:atemp>301.65</gpxtpx:atemp>
          </gpxtpx:TrackPointExtension>
        </extensions>
      </trkpt>
      <trkpt lat="31.101325" lon="35.347021">
        <ele>-240.5</ele>
        <time>2026-02-11T06:39:54.000Z</time>
        <extensions>
          <gpxtpx:TrackPointExtension>
            <gpxtpx:hr>147</gpxtpx:hr>
            <gpxtpx:cad>76</gpxtpx:cad>
            <gpxtpx:atemp>301.65</gpxtpx:atemp>
          </gpxtpx:TrackPointExtension>
        </extensions>
      </trkpt>
      <trkpt lat="31.101145" lon="35.347215">
        <ele>-241.5</ele>
        <time>2026-02-11T06:40:07.000Z</time>
        <extensions>
          <gpxtpx:TrackPointExtension>
            <gpxtpx:hr>144</gpxtpx:hr>
            <gpxtpx:cad>72</gpxtpx:cad>
            <gpxtpx:atemp>301.65</gpxtpx:atemp>
          </gpxtpx:TrackPointExtension>
        </extensions>
      </trkpt>
      <trkpt lat="31.101050" lon="35.347277">
        <ele>-242.1</ele>
        <time>2026-02-11T06:40:13.000Z</time>
        <extensions>
          <gpxtpx:TrackPointExtension>
            <gpxtpx:hr>142</gpxtpx:hr>
            <gpxtpx:cad>76</gpxtpx:cad>
            <gpxtpx:atemp>301.65</gpxtpx:atemp>
          </gpxtpx:TrackPointExtension>
        </extensions>
      </trkpt>
      <trkpt lat="31.100919" lon="35.347347">
        <ele>-242.7</ele>
        <time>2026-02-11T06:40:21.000Z</time>
        <extensions>
          <gpxtpx:TrackPointExtension>
            <gpxtpx:hr>141</gpxtpx:hr>
            <gpxtpx:cad>76</gpxtpx:cad>
            <gpxtpx:atemp>301.65</gpxtpx:atemp>
          </gpxtpx:TrackPointExtension>
        </extensions>
      </trkpt>
      <trkpt lat="31.100860" lon="35.347395">
        <ele>-243.0</ele>
        <time>2026-02-11T06:40:26.000Z</time>
        <extensions>
          <gpxtpx:TrackPointExtension>
            <gpxtpx:hr>141</gpxtpx:hr>
            <gpxtpx:cad>75</gpxtpx:cad>
            <gpxtpx:atemp>301.65</gpxtpx:atemp>
          </gpxtpx:TrackPointExtension>
        </extensions>
      </trkpt>
      <trkpt lat="31.100746" lon="35.347466">
        <ele>-243.8</ele>
        <time>2026-02-11T06:40:35.000Z</time>
        <extensions>
          <gpxtpx:TrackPointExtension>
            <gpxtpx:hr>138</gpxtpx:hr>
            <gpxtpx:cad>69</gpxtpx:cad>
            <gpxtpx:atemp>301.65</gpxtpx:atemp>
          </gpxtpx:TrackPointExtension>
        </extensions>
      </trkpt>
      <trkpt lat="31.100599" lon="35.347520">
        <ele>-244.7</ele>
        <time>2026-02-11T06:40:45.000Z</time>
        <extensions>
          <gpxtpx:TrackPointExtension>
            <gpxtpx:hr>136</gpxtpx:hr>
            <gpxtpx:cad>65</gpxtpx:cad>
            <gpxtpx:atemp>301.65</gpxtpx:atemp>
          </gpxtpx:TrackPointExtension>
        </extensions>
      </trkpt>
      <trkpt lat="31.100385" lon="35.347623">
        <ele>-245.5</ele>
        <time>2026-02-11T06:40:59.000Z</time>
        <extensions>
          <gpxtpx:TrackPointExtension>
            <gpxtpx:hr>134</gpxtpx:hr>
            <gpxtpx:cad>73</gpxtpx:cad>
            <gpxtpx:atemp>301.65</gpxtpx:atemp>
          </gpxtpx:TrackPointExtension>
        </extensions>
      </trkpt>
      <trkpt lat="31.100324" lon="35.347672">
        <ele>-245.6</ele>
        <time>2026-02-11T06:41:03.000Z</time>
        <extensions>
          <gpxtpx:TrackPointExtension>
            <gpxtpx:hr>133</gpxtpx:hr>
            <gpxtpx:cad>70</gpxtpx:cad>
            <gpxtpx:atemp>301.65</gpxtpx:atemp>
          </gpxtpx:TrackPointExtension>
        </extensions>
      </trkpt>
      <trkpt lat="31.100245" lon="35.347794">
        <ele>-246.1</ele>
        <time>2026-02-11T06:41:12.000Z</time>
        <extensions>
          <gpxtpx:TrackPointExtension>
            <gpxtpx:hr>133</gpxtpx:hr>
            <gpxtpx:cad>69</gpxtpx:cad>
            <gpxtpx:atemp>301.65</gpxtpx:atemp>
          </gpxtpx:TrackPointExtension>
        </extensions>
      </trkpt>
      <trkpt lat="31.100137" lon="35.348001">
        <ele>-246.8</ele>
        <time>2026-02-11T06:41:24.000Z</time>
        <extensions>
          <gpxtpx:TrackPointExtension>
            <gpxtpx:hr>132</gpxtpx:hr>
            <gpxtpx:cad>73</gpxtpx:cad>
            <gpxtpx:atemp>301.65</gpxtpx:atemp>
          </gpxtpx:TrackPointExtension>
        </extensions>
      </trkpt>
      <trkpt lat="31.100107" lon="35.348115">
        <ele>-247.1</ele>
        <time>2026-02-11T06:41:30.000Z</time>
        <extensions>
          <gpxtpx:TrackPointExtension>
            <gpxtpx:hr>131</gpxtpx:hr>
            <gpxtpx:cad>74</gpxtpx:cad>
            <gpxtpx:atemp>301.65</gpxtpx:atemp>
          </gpxtpx:TrackPointExtension>
        </extensions>
      </trkpt>
      <trkpt lat="31.099991" lon="35.348228">
        <ele>-248.4</ele>
        <time>2026-02-11T06:41:42.000Z</time>
        <extensions>
          <gpxtpx:TrackPointExtension>
            <gpxtpx:hr>129</gpxtpx:hr>
            <gpxtpx:cad>72</gpxtpx:cad>
            <gpxtpx:atemp>301.65</gpxtpx:atemp>
          </gpxtpx:TrackPointExtension>
        </extensions>
      </trkpt>
      <trkpt lat="31.099903" lon="35.348302">
        <ele>-250.1</ele>
        <time>2026-02-11T06:41:52.000Z</time>
        <extensions>
          <gpxtpx:TrackPointExtension>
            <gpxtpx:hr>134</gpxtpx:hr>
            <gpxtpx:cad>80</gpxtpx:cad>
            <gpxtpx:atemp>301.65</gpxtpx:atemp>
          </gpxtpx:TrackPointExtension>
        </extensions>
      </trkpt>
      <trkpt lat="31.099884" lon="35.348403">
        <ele>-251.7</ele>
        <time>2026-02-11T06:42:06.000Z</time>
        <extensions>
          <gpxtpx:TrackPointExtension>
            <gpxtpx:hr>130</gpxtpx:hr>
            <gpxtpx:cad>0</gpxtpx:cad>
            <gpxtpx:atemp>301.65</gpxtpx:atemp>
          </gpxtpx:TrackPointExtension>
        </extensions>
      </trkpt>
      <trkpt lat="31.099852" lon="35.348465">
        <ele>-252.7</ele>
        <time>2026-02-11T06:42:17.000Z</time>
        <extensions>
          <gpxtpx:TrackPointExtension>
            <gpxtpx:hr>136</gpxtpx:hr>
            <gpxtpx:cad>74</gpxtpx:cad>
            <gpxtpx:atemp>301.65</gpxtpx:atemp>
          </gpxtpx:TrackPointExtension>
        </extensions>
      </trkpt>
      <trkpt lat="31.099802" lon="35.348508">
        <ele>-253.8</ele>
        <time>2026-02-11T06:42:26.000Z</time>
        <extensions>
          <gpxtpx:TrackPointExtension>
            <gpxtpx:hr>141</gpxtpx:hr>
            <gpxtpx:cad>70</gpxtpx:cad>
            <gpxtpx:atemp>302.65</gpxtpx:atemp>
          </gpxtpx:TrackPointExtension>
        </extensions>
      </trkpt>
      <trkpt lat="31.099735" lon="35.348619">
        <ele>-255.4</ele>
        <time>2026-02-11T06:42:45.000Z</time>
        <extensions>
          <gpxtpx:TrackPointExtension>
            <gpxtpx:hr>133</gpxtpx:hr>
            <gpxtpx:cad>53</gpxtpx:cad>
            <gpxtpx:atemp>302.65</gpxtpx:atemp>
          </gpxtpx:TrackPointExtension>
        </extensions>
      </trkpt>
      <trkpt lat="31.099658" lon="35.348693">
        <ele>-256.4</ele>
        <time>2026-02-11T06:42:58.000Z</time>
        <extensions>
          <gpxtpx:TrackPointExtension>
            <gpxtpx:hr>127</gpxtpx:hr>
            <gpxtpx:cad>60</gpxtpx:cad>
            <gpxtpx:atemp>302.65</gpxtpx:atemp>
          </gpxtpx:TrackPointExtension>
        </extensions>
      </trkpt>
      <trkpt lat="31.099536" lon="35.348803">
        <ele>-257.6</ele>
        <time>2026-02-11T06:43:30.000Z</time>
        <extensions>
          <gpxtpx:TrackPointExtension>
            <gpxtpx:hr>121</gpxtpx:hr>
            <gpxtpx:cad>0</gpxtpx:cad>
            <gpxtpx:atemp>302.65</gpxtpx:atemp>
          </gpxtpx:TrackPointExtension>
        </extensions>
      </trkpt>
      <trkpt lat="31.099450" lon="35.348835">
        <ele>-258.0</ele>
        <time>2026-02-11T06:44:19.000Z</time>
        <extensions>
          <gpxtpx:TrackPointExtension>
            <gpxtpx:hr>115</gpxtpx:hr>
            <gpxtpx:cad>57</gpxtpx:cad>
            <gpxtpx:atemp>302.65</gpxtpx:atemp>
          </gpxtpx:TrackPointExtension>
        </extensions>
      </trkpt>
      <trkpt lat="31.099395" lon="35.348854">
        <ele>-258.0</ele>
        <time>2026-02-11T06:44:24.000Z</time>
        <extensions>
          <gpxtpx:TrackPointExtension>
            <gpxtpx:hr>113</gpxtpx:hr>
            <gpxtpx:cad>0</gpxtpx:cad>
            <gpxtpx:atemp>302.65</gpxtpx:atemp>
          </gpxtpx:TrackPointExtension>
        </extensions>
      </trkpt>
      <trkpt lat="31.099288" lon="35.348978">
        <ele>-258.3</ele>
        <time>2026-02-11T06:44:34.000Z</time>
        <extensions>
          <gpxtpx:TrackPointExtension>
            <gpxtpx:hr>116</gpxtpx:hr>
            <gpxtpx:cad>75</gpxtpx:cad>
            <gpxtpx:atemp>302.65</gpxtpx:atemp>
          </gpxtpx:TrackPointExtension>
        </extensions>
      </trkpt>
      <trkpt lat="31.099227" lon="35.349122">
        <ele>-261.1</ele>
        <time>2026-02-11T06:45:32.000Z</time>
        <extensions>
          <gpxtpx:TrackPointExtension>
            <gpxtpx:hr>98</gpxtpx:hr>
            <gpxtpx:cad>0</gpxtpx:cad>
            <gpxtpx:atemp>302.65</gpxtpx:atemp>
          </gpxtpx:TrackPointExtension>
        </extensions>
      </trkpt>
      <trkpt lat="31.099182" lon="35.349170">
        <ele>-261.8</ele>
        <time>2026-02-11T06:45:42.000Z</time>
        <extensions>
          <gpxtpx:TrackPointExtension>
            <gpxtpx:hr>100</gpxtpx:hr>
            <gpxtpx:cad>0</gpxtpx:cad>
            <gpxtpx:atemp>302.65</gpxtpx:atemp>
          </gpxtpx:TrackPointExtension>
        </extensions>
      </trkpt>
      <trkpt lat="31.099060" lon="35.349368">
        <ele>-262.6</ele>
        <time>2026-02-11T06:45:53.000Z</time>
        <extensions>
          <gpxtpx:TrackPointExtension>
            <gpxtpx:hr>106</gpxtpx:hr>
            <gpxtpx:cad>76</gpxtpx:cad>
            <gpxtpx:atemp>302.65</gpxtpx:atemp>
          </gpxtpx:TrackPointExtension>
        </extensions>
      </trkpt>
      <trkpt lat="31.098959" lon="35.349559">
        <ele>-262.5</ele>
        <time>2026-02-11T06:46:04.000Z</time>
        <extensions>
          <gpxtpx:TrackPointExtension>
            <gpxtpx:hr>118</gpxtpx:hr>
            <gpxtpx:cad>77</gpxtpx:cad>
            <gpxtpx:atemp>302.65</gpxtpx:atemp>
          </gpxtpx:TrackPointExtension>
        </extensions>
      </trkpt>
      <trkpt lat="31.098879" lon="35.349633">
        <ele>-262.6</ele>
        <time>2026-02-11T06:46:10.000Z</time>
        <extensions>
          <gpxtpx:TrackPointExtension>
            <gpxtpx:hr>121</gpxtpx:hr>
            <gpxtpx:cad>0</gpxtpx:cad>
            <gpxtpx:atemp>302.65</gpxtpx:atemp>
          </gpxtpx:TrackPointExtension>
        </extensions>
      </trkpt>
      <trkpt lat="31.098710" lon="35.349640">
        <ele>-262.7</ele>
        <time>2026-02-11T06:46:23.000Z</time>
        <extensions>
          <gpxtpx:TrackPointExtension>
            <gpxtpx:hr>121</gpxtpx:hr>
            <gpxtpx:cad>66</gpxtpx:cad>
            <gpxtpx:atemp>301.65</gpxtpx:atemp>
          </gpxtpx:TrackPointExtension>
        </extensions>
      </trkpt>
      <trkpt lat="31.098547" lon="35.349726">
        <ele>-261.2</ele>
        <time>2026-02-11T06:46:33.000Z</time>
        <extensions>
          <gpxtpx:TrackPointExtension>
            <gpxtpx:hr>124</gpxtpx:hr>
            <gpxtpx:cad>71</gpxtpx:cad>
            <gpxtpx:atemp>301.65</gpxtpx:atemp>
          </gpxtpx:TrackPointExtension>
        </extensions>
      </trkpt>
      <trkpt lat="31.098461" lon="35.349816">
        <ele>-261.2</ele>
        <time>2026-02-11T06:46:40.000Z</time>
        <extensions>
          <gpxtpx:TrackPointExtension>
            <gpxtpx:hr>127</gpxtpx:hr>
            <gpxtpx:cad>69</gpxtpx:cad>
            <gpxtpx:atemp>301.65</gpxtpx:atemp>
          </gpxtpx:TrackPointExtension>
        </extensions>
      </trkpt>
      <trkpt lat="31.098341" lon="35.349860">
        <ele>-262.1</ele>
        <time>2026-02-11T06:46:47.000Z</time>
        <extensions>
          <gpxtpx:TrackPointExtension>
            <gpxtpx:hr>128</gpxtpx:hr>
            <gpxtpx:cad>73</gpxtpx:cad>
            <gpxtpx:atemp>301.65</gpxtpx:atemp>
          </gpxtpx:TrackPointExtension>
        </extensions>
      </trkpt>
      <trkpt lat="31.098204" lon="35.349963">
        <ele>-263.2</ele>
        <time>2026-02-11T06:46:55.000Z</time>
        <extensions>
          <gpxtpx:TrackPointExtension>
            <gpxtpx:hr>130</gpxtpx:hr>
            <gpxtpx:cad>74</gpxtpx:cad>
            <gpxtpx:atemp>301.65</gpxtpx:atemp>
          </gpxtpx:TrackPointExtension>
        </extensions>
      </trkpt>
      <trkpt lat="31.098159" lon="35.350010">
        <ele>-263.6</ele>
        <time>2026-02-11T06:46:58.000Z</time>
        <extensions>
          <gpxtpx:TrackPointExtension>
            <gpxtpx:hr>132</gpxtpx:hr>
            <gpxtpx:cad>74</gpxtpx:cad>
            <gpxtpx:atemp>301.65</gpxtpx:atemp>
          </gpxtpx:TrackPointExtension>
        </extensions>
      </trkpt>
      <trkpt lat="31.098080" lon="35.350146">
        <ele>-265.6</ele>
        <time>2026-02-11T06:47:07.000Z</time>
        <extensions>
          <gpxtpx:TrackPointExtension>
            <gpxtpx:hr>134</gpxtpx:hr>
            <gpxtpx:cad>69</gpxtpx:cad>
            <gpxtpx:atemp>301.65</gpxtpx:atemp>
          </gpxtpx:TrackPointExtension>
        </extensions>
      </trkpt>
      <trkpt lat="31.097930" lon="35.350252">
        <ele>-266.1</ele>
        <time>2026-02-11T06:47:20.000Z</time>
        <extensions>
          <gpxtpx:TrackPointExtension>
            <gpxtpx:hr>133</gpxtpx:hr>
            <gpxtpx:cad>73</gpxtpx:cad>
            <gpxtpx:atemp>301.65</gpxtpx:atemp>
          </gpxtpx:TrackPointExtension>
        </extensions>
      </trkpt>
      <trkpt lat="31.097932" lon="35.350329">
        <ele>-267.1</ele>
        <time>2026-02-11T06:47:39.000Z</time>
        <extensions>
          <gpxtpx:TrackPointExtension>
            <gpxtpx:hr>123</gpxtpx:hr>
            <gpxtpx:cad>0</gpxtpx:cad>
            <gpxtpx:atemp>301.65</gpxtpx:atemp>
          </gpxtpx:TrackPointExtension>
        </extensions>
      </trkpt>
      <trkpt lat="31.097874" lon="35.350445">
        <ele>-268.0</ele>
        <time>2026-02-11T06:47:51.000Z</time>
        <extensions>
          <gpxtpx:TrackPointExtension>
            <gpxtpx:hr>122</gpxtpx:hr>
            <gpxtpx:cad>0</gpxtpx:cad>
            <gpxtpx:atemp>301.65</gpxtpx:atemp>
          </gpxtpx:TrackPointExtension>
        </extensions>
      </trkpt>
      <trkpt lat="31.097828" lon="35.350506">
        <ele>-267.9</ele>
        <time>2026-02-11T06:47:55.000Z</time>
        <extensions>
          <gpxtpx:TrackPointExtension>
            <gpxtpx:hr>117</gpxtpx:hr>
            <gpxtpx:cad>0</gpxtpx:cad>
            <gpxtpx:atemp>301.65</gpxtpx:atemp>
          </gpxtpx:TrackPointExtension>
        </extensions>
      </trkpt>
      <trkpt lat="31.097761" lon="35.350623">
        <ele>-268.3</ele>
        <time>2026-02-11T06:48:12.000Z</time>
        <extensions>
          <gpxtpx:TrackPointExtension>
            <gpxtpx:hr>112</gpxtpx:hr>
            <gpxtpx:cad>0</gpxtpx:cad>
            <gpxtpx:atemp>301.65</gpxtpx:atemp>
          </gpxtpx:TrackPointExtension>
        </extensions>
      </trkpt>
      <trkpt lat="31.097717" lon="35.350721">
        <ele>-268.3</ele>
        <time>2026-02-11T06:48:22.000Z</time>
        <extensions>
          <gpxtpx:TrackPointExtension>
            <gpxtpx:hr>114</gpxtpx:hr>
            <gpxtpx:cad>51</gpxtpx:cad>
            <gpxtpx:atemp>301.65</gpxtpx:atemp>
          </gpxtpx:TrackPointExtension>
        </extensions>
      </trkpt>
      <trkpt lat="31.097801" lon="35.350916">
        <ele>-270.7</ele>
        <time>2026-02-11T06:48:40.000Z</time>
        <extensions>
          <gpxtpx:TrackPointExtension>
            <gpxtpx:hr>114</gpxtpx:hr>
            <gpxtpx:cad>51</gpxtpx:cad>
            <gpxtpx:atemp>301.65</gpxtpx:atemp>
          </gpxtpx:TrackPointExtension>
        </extensions>
      </trkpt>
      <trkpt lat="31.097868" lon="35.351044">
        <ele>-271.6</ele>
        <time>2026-02-11T06:48:49.000Z</time>
        <extensions>
          <gpxtpx:TrackPointExtension>
            <gpxtpx:hr>109</gpxtpx:hr>
            <gpxtpx:cad>73</gpxtpx:cad>
            <gpxtpx:atemp>301.65</gpxtpx:atemp>
          </gpxtpx:TrackPointExtension>
        </extensions>
      </trkpt>
      <trkpt lat="31.097810" lon="35.351220">
        <ele>-270.1</ele>
        <time>2026-02-11T06:49:00.000Z</time>
        <extensions>
          <gpxtpx:TrackPointExtension>
            <gpxtpx:hr>115</gpxtpx:hr>
            <gpxtpx:cad>61</gpxtpx:cad>
            <gpxtpx:atemp>301.65</gpxtpx:atemp>
          </gpxtpx:TrackPointExtension>
        </extensions>
      </trkpt>
      <trkpt lat="31.097783" lon="35.351419">
        <ele>-270.9</ele>
        <time>2026-02-11T06:49:13.000Z</time>
        <extensions>
          <gpxtpx:TrackPointExtension>
            <gpxtpx:hr>120</gpxtpx:hr>
            <gpxtpx:cad>64</gpxtpx:cad>
            <gpxtpx:atemp>301.65</gpxtpx:atemp>
          </gpxtpx:TrackPointExtension>
        </extensions>
      </trkpt>
      <trkpt lat="31.097733" lon="35.351566">
        <ele>-270.8</ele>
        <time>2026-02-11T06:49:24.000Z</time>
        <extensions>
          <gpxtpx:TrackPointExtension>
            <gpxtpx:hr>118</gpxtpx:hr>
            <gpxtpx:cad>0</gpxtpx:cad>
            <gpxtpx:atemp>301.65</gpxtpx:atemp>
          </gpxtpx:TrackPointExtension>
        </extensions>
      </trkpt>
      <trkpt lat="31.097612" lon="35.351679">
        <ele>-270.1</ele>
        <time>2026-02-11T06:49:37.000Z</time>
        <extensions>
          <gpxtpx:TrackPointExtension>
            <gpxtpx:hr>118</gpxtpx:hr>
            <gpxtpx:cad>56</gpxtpx:cad>
            <gpxtpx:atemp>301.65</gpxtpx:atemp>
          </gpxtpx:TrackPointExtension>
        </extensions>
      </trkpt>
      <trkpt lat="31.097628" lon="35.351847">
        <ele>-270.9</ele>
        <time>2026-02-11T06:49:49.000Z</time>
        <extensions>
          <gpxtpx:TrackPointExtension>
            <gpxtpx:hr>116</gpxtpx:hr>
            <gpxtpx:cad>69</gpxtpx:cad>
            <gpxtpx:atemp>301.65</gpxtpx:atemp>
          </gpxtpx:TrackPointExtension>
        </extensions>
      </trkpt>
      <trkpt lat="31.097713" lon="35.351951">
        <ele>-274.2</ele>
        <time>2026-02-11T06:49:58.000Z</time>
        <extensions>
          <gpxtpx:TrackPointExtension>
            <gpxtpx:hr>120</gpxtpx:hr>
            <gpxtpx:cad>59</gpxtpx:cad>
            <gpxtpx:atemp>301.65</gpxtpx:atemp>
          </gpxtpx:TrackPointExtension>
        </extensions>
      </trkpt>
      <trkpt lat="31.097802" lon="35.352068">
        <ele>-274.7</ele>
        <time>2026-02-11T06:50:04.000Z</time>
        <extensions>
          <gpxtpx:TrackPointExtension>
            <gpxtpx:hr>119</gpxtpx:hr>
            <gpxtpx:cad>77</gpxtpx:cad>
            <gpxtpx:atemp>301.65</gpxtpx:atemp>
          </gpxtpx:TrackPointExtension>
        </extensions>
      </trkpt>
      <trkpt lat="31.097837" lon="35.352261">
        <ele>-273.5</ele>
        <time>2026-02-11T06:50:14.000Z</time>
        <extensions>
          <gpxtpx:TrackPointExtension>
            <gpxtpx:hr>127</gpxtpx:hr>
            <gpxtpx:cad>72</gpxtpx:cad>
            <gpxtpx:atemp>301.65</gpxtpx:atemp>
          </gpxtpx:TrackPointExtension>
        </extensions>
      </trkpt>
      <trkpt lat="31.097824" lon="35.352470">
        <ele>-273.2</ele>
        <time>2026-02-11T06:50:24.000Z</time>
        <extensions>
          <gpxtpx:TrackPointExtension>
            <gpxtpx:hr>127</gpxtpx:hr>
            <gpxtpx:cad>76</gpxtpx:cad>
            <gpxtpx:atemp>301.65</gpxtpx:atemp>
          </gpxtpx:TrackPointExtension>
        </extensions>
      </trkpt>
      <trkpt lat="31.097834" lon="35.352586">
        <ele>-273.4</ele>
        <time>2026-02-11T06:50:30.000Z</time>
        <extensions>
          <gpxtpx:TrackPointExtension>
            <gpxtpx:hr>127</gpxtpx:hr>
            <gpxtpx:cad>69</gpxtpx:cad>
            <gpxtpx:atemp>300.65</gpxtpx:atemp>
          </gpxtpx:TrackPointExtension>
        </extensions>
      </trkpt>
      <trkpt lat="31.097812" lon="35.352818">
        <ele>-273.8</ele>
        <time>2026-02-11T06:50:42.000Z</time>
        <extensions>
          <gpxtpx:TrackPointExtension>
            <gpxtpx:hr>130</gpxtpx:hr>
            <gpxtpx:cad>73</gpxtpx:cad>
            <gpxtpx:atemp>300.65</gpxtpx:atemp>
          </gpxtpx:TrackPointExtension>
        </extensions>
      </trkpt>
      <trkpt lat="31.097837" lon="35.353088">
        <ele>-276.5</ele>
        <time>2026-02-11T06:50:56.000Z</time>
        <extensions>
          <gpxtpx:TrackPointExtension>
            <gpxtpx:hr>136</gpxtpx:hr>
            <gpxtpx:cad>76</gpxtpx:cad>
            <gpxtpx:atemp>300.65</gpxtpx:atemp>
          </gpxtpx:TrackPointExtension>
        </extensions>
      </trkpt>
      <trkpt lat="31.097854" lon="35.353180">
        <ele>-278.0</ele>
        <time>2026-02-11T06:51:00.000Z</time>
        <extensions>
          <gpxtpx:TrackPointExtension>
            <gpxtpx:hr>136</gpxtpx:hr>
            <gpxtpx:cad>71</gpxtpx:cad>
            <gpxtpx:atemp>300.65</gpxtpx:atemp>
          </gpxtpx:TrackPointExtension>
        </extensions>
      </trkpt>
      <trkpt lat="31.097902" lon="35.353379">
        <ele>-279.5</ele>
        <time>2026-02-11T06:51:14.000Z</time>
        <extensions>
          <gpxtpx:TrackPointExtension>
            <gpxtpx:hr>137</gpxtpx:hr>
            <gpxtpx:cad>55</gpxtpx:cad>
            <gpxtpx:atemp>300.65</gpxtpx:atemp>
          </gpxtpx:TrackPointExtension>
        </extensions>
      </trkpt>
      <trkpt lat="31.097934" lon="35.353512">
        <ele>-279.4</ele>
        <time>2026-02-11T06:51:21.000Z</time>
        <extensions>
          <gpxtpx:TrackPointExtension>
            <gpxtpx:hr>134</gpxtpx:hr>
            <gpxtpx:cad>71</gpxtpx:cad>
            <gpxtpx:atemp>300.65</gpxtpx:atemp>
          </gpxtpx:TrackPointExtension>
        </extensions>
      </trkpt>
      <trkpt lat="31.097920" lon="35.353643">
        <ele>-278.4</ele>
        <time>2026-02-11T06:51:27.000Z</time>
        <extensions>
          <gpxtpx:TrackPointExtension>
            <gpxtpx:hr>135</gpxtpx:hr>
            <gpxtpx:cad>73</gpxtpx:cad>
            <gpxtpx:atemp>300.65</gpxtpx:atemp>
          </gpxtpx:TrackPointExtension>
        </extensions>
      </trkpt>
      <trkpt lat="31.097935" lon="35.353757">
        <ele>-279.2</ele>
        <time>2026-02-11T06:51:32.000Z</time>
        <extensions>
          <gpxtpx:TrackPointExtension>
            <gpxtpx:hr>135</gpxtpx:hr>
            <gpxtpx:cad>74</gpxtpx:cad>
            <gpxtpx:atemp>300.65</gpxtpx:atemp>
          </gpxtpx:TrackPointExtension>
        </extensions>
      </trkpt>
      <trkpt lat="31.097922" lon="35.353958">
        <ele>-280.0</ele>
        <time>2026-02-11T06:51:41.000Z</time>
        <extensions>
          <gpxtpx:TrackPointExtension>
            <gpxtpx:hr>136</gpxtpx:hr>
            <gpxtpx:cad>75</gpxtpx:cad>
            <gpxtpx:atemp>300.65</gpxtpx:atemp>
          </gpxtpx:TrackPointExtension>
        </extensions>
      </trkpt>
      <trkpt lat="31.097881" lon="35.354153">
        <ele>-280.2</ele>
        <time>2026-02-11T06:51:50.000Z</time>
        <extensions>
          <gpxtpx:TrackPointExtension>
            <gpxtpx:hr>138</gpxtpx:hr>
            <gpxtpx:cad>76</gpxtpx:cad>
            <gpxtpx:atemp>300.65</gpxtpx:atemp>
          </gpxtpx:TrackPointExtension>
        </extensions>
      </trkpt>
      <trkpt lat="31.097924" lon="35.354297">
        <ele>-283.4</ele>
        <time>2026-02-11T06:51:57.000Z</time>
        <extensions>
          <gpxtpx:TrackPointExtension>
            <gpxtpx:hr>139</gpxtpx:hr>
            <gpxtpx:cad>76</gpxtpx:cad>
            <gpxtpx:atemp>300.65</gpxtpx:atemp>
          </gpxtpx:TrackPointExtension>
        </extensions>
      </trkpt>
      <trkpt lat="31.097966" lon="35.354546">
        <ele>-286.1</ele>
        <time>2026-02-11T06:52:13.000Z</time>
        <extensions>
          <gpxtpx:TrackPointExtension>
            <gpxtpx:hr>139</gpxtpx:hr>
            <gpxtpx:cad>68</gpxtpx:cad>
            <gpxtpx:atemp>300.65</gpxtpx:atemp>
          </gpxtpx:TrackPointExtension>
        </extensions>
      </trkpt>
      <trkpt lat="31.098025" lon="35.354637">
        <ele>-287.1</ele>
        <time>2026-02-11T06:52:19.000Z</time>
        <extensions>
          <gpxtpx:TrackPointExtension>
            <gpxtpx:hr>138</gpxtpx:hr>
            <gpxtpx:cad>68</gpxtpx:cad>
            <gpxtpx:atemp>300.65</gpxtpx:atemp>
          </gpxtpx:TrackPointExtension>
        </extensions>
      </trkpt>
      <trkpt lat="31.098039" lon="35.354757">
        <ele>-288.0</ele>
        <time>2026-02-11T06:52:29.000Z</time>
        <extensions>
          <gpxtpx:TrackPointExtension>
            <gpxtpx:hr>138</gpxtpx:hr>
            <gpxtpx:cad>0</gpxtpx:cad>
            <gpxtpx:atemp>300.65</gpxtpx:atemp>
          </gpxtpx:TrackPointExtension>
        </extensions>
      </trkpt>
      <trkpt lat="31.098076" lon="35.355021">
        <ele>-288.7</ele>
        <time>2026-02-11T06:52:48.000Z</time>
        <extensions>
          <gpxtpx:TrackPointExtension>
            <gpxtpx:hr>124</gpxtpx:hr>
            <gpxtpx:cad>0</gpxtpx:cad>
            <gpxtpx:atemp>300.65</gpxtpx:atemp>
          </gpxtpx:TrackPointExtension>
        </extensions>
      </trkpt>
      <trkpt lat="31.098057" lon="35.355197">
        <ele>-286.9</ele>
        <time>2026-02-11T06:52:58.000Z</time>
        <extensions>
          <gpxtpx:TrackPointExtension>
            <gpxtpx:hr>123</gpxtpx:hr>
            <gpxtpx:cad>72</gpxtpx:cad>
            <gpxtpx:atemp>300.65</gpxtpx:atemp>
          </gpxtpx:TrackPointExtension>
        </extensions>
      </trkpt>
      <trkpt lat="31.097951" lon="35.355379">
        <ele>-286.0</ele>
        <time>2026-02-11T06:53:12.000Z</time>
        <extensions>
          <gpxtpx:TrackPointExtension>
            <gpxtpx:hr>123</gpxtpx:hr>
            <gpxtpx:cad>72</gpxtpx:cad>
            <gpxtpx:atemp>301.65</gpxtpx:atemp>
          </gpxtpx:TrackPointExtension>
        </extensions>
      </trkpt>
      <trkpt lat="31.097803" lon="35.355441">
        <ele>-286.5</ele>
        <time>2026-02-11T06:53:21.000Z</time>
        <extensions>
          <gpxtpx:TrackPointExtension>
            <gpxtpx:hr>123</gpxtpx:hr>
            <gpxtpx:cad>74</gpxtpx:cad>
            <gpxtpx:atemp>301.65</gpxtpx:atemp>
          </gpxtpx:TrackPointExtension>
        </extensions>
      </trkpt>
      <trkpt lat="31.097701" lon="35.355481">
        <ele>-287.4</ele>
        <time>2026-02-11T06:53:27.000Z</time>
        <extensions>
          <gpxtpx:TrackPointExtension>
            <gpxtpx:hr>124</gpxtpx:hr>
            <gpxtpx:cad>74</gpxtpx:cad>
            <gpxtpx:atemp>301.65</gpxtpx:atemp>
          </gpxtpx:TrackPointExtension>
        </extensions>
      </trkpt>
      <trkpt lat="31.097603" lon="35.355601">
        <ele>-290.6</ele>
        <time>2026-02-11T06:53:37.000Z</time>
        <extensions>
          <gpxtpx:TrackPointExtension>
            <gpxtpx:hr>126</gpxtpx:hr>
            <gpxtpx:cad>68</gpxtpx:cad>
            <gpxtpx:atemp>301.65</gpxtpx:atemp>
          </gpxtpx:TrackPointExtension>
        </extensions>
      </trkpt>
      <trkpt lat="31.097522" lon="35.355700">
        <ele>-291.8</ele>
        <time>2026-02-11T06:53:44.000Z</time>
        <extensions>
          <gpxtpx:TrackPointExtension>
            <gpxtpx:hr>126</gpxtpx:hr>
            <gpxtpx:cad>77</gpxtpx:cad>
            <gpxtpx:atemp>301.65</gpxtpx:atemp>
          </gpxtpx:TrackPointExtension>
        </extensions>
      </trkpt>
      <trkpt lat="31.097499" lon="35.355826">
        <ele>-292.4</ele>
        <time>2026-02-11T06:53:50.000Z</time>
        <extensions>
          <gpxtpx:TrackPointExtension>
            <gpxtpx:hr>133</gpxtpx:hr>
            <gpxtpx:cad>75</gpxtpx:cad>
            <gpxtpx:atemp>301.65</gpxtpx:atemp>
          </gpxtpx:TrackPointExtension>
        </extensions>
      </trkpt>
      <trkpt lat="31.097529" lon="35.356013">
        <ele>-292.4</ele>
        <time>2026-02-11T06:53:59.000Z</time>
        <extensions>
          <gpxtpx:TrackPointExtension>
            <gpxtpx:hr>136</gpxtpx:hr>
            <gpxtpx:cad>74</gpxtpx:cad>
            <gpxtpx:atemp>301.65</gpxtpx:atemp>
          </gpxtpx:TrackPointExtension>
        </extensions>
      </trkpt>
      <trkpt lat="31.097537" lon="35.356148">
        <ele>-292.6</ele>
        <time>2026-02-11T06:54:06.000Z</time>
        <extensions>
          <gpxtpx:TrackPointExtension>
            <gpxtpx:hr>137</gpxtpx:hr>
            <gpxtpx:cad>74</gpxtpx:cad>
            <gpxtpx:atemp>301.65</gpxtpx:atemp>
          </gpxtpx:TrackPointExtension>
        </extensions>
      </trkpt>
      <trkpt lat="31.097587" lon="35.356321">
        <ele>-293.9</ele>
        <time>2026-02-11T06:54:15.000Z</time>
        <extensions>
          <gpxtpx:TrackPointExtension>
            <gpxtpx:hr>136</gpxtpx:hr>
            <gpxtpx:cad>70</gpxtpx:cad>
            <gpxtpx:atemp>301.65</gpxtpx:atemp>
          </gpxtpx:TrackPointExtension>
        </extensions>
      </trkpt>
      <trkpt lat="31.097643" lon="35.356534">
        <ele>-292.2</ele>
        <time>2026-02-11T06:54:25.000Z</time>
        <extensions>
          <gpxtpx:TrackPointExtension>
            <gpxtpx:hr>138</gpxtpx:hr>
            <gpxtpx:cad>76</gpxtpx:cad>
            <gpxtpx:atemp>301.65</gpxtpx:atemp>
          </gpxtpx:TrackPointExtension>
        </extensions>
      </trkpt>
      <trkpt lat="31.097698" lon="35.356619">
        <ele>-290.6</ele>
        <time>2026-02-11T06:54:31.000Z</time>
        <extensions>
          <gpxtpx:TrackPointExtension>
            <gpxtpx:hr>140</gpxtpx:hr>
            <gpxtpx:cad>71</gpxtpx:cad>
            <gpxtpx:atemp>301.65</gpxtpx:atemp>
          </gpxtpx:TrackPointExtension>
        </extensions>
      </trkpt>
      <trkpt lat="31.097700" lon="35.356746">
        <ele>-290.5</ele>
        <time>2026-02-11T06:54:40.000Z</time>
        <extensions>
          <gpxtpx:TrackPointExtension>
            <gpxtpx:hr>139</gpxtpx:hr>
            <gpxtpx:cad>64</gpxtpx:cad>
            <gpxtpx:atemp>301.65</gpxtpx:atemp>
          </gpxtpx:TrackPointExtension>
        </extensions>
      </trkpt>
      <trkpt lat="31.097709" lon="35.356898">
        <ele>-291.4</ele>
        <time>2026-02-11T06:54:49.000Z</time>
        <extensions>
          <gpxtpx:TrackPointExtension>
            <gpxtpx:hr>141</gpxtpx:hr>
            <gpxtpx:cad>66</gpxtpx:cad>
            <gpxtpx:atemp>301.65</gpxtpx:atemp>
          </gpxtpx:TrackPointExtension>
        </extensions>
      </trkpt>
      <trkpt lat="31.097681" lon="35.356971">
        <ele>-293.4</ele>
        <time>2026-02-11T06:54:53.000Z</time>
        <extensions>
          <gpxtpx:TrackPointExtension>
            <gpxtpx:hr>141</gpxtpx:hr>
            <gpxtpx:cad>71</gpxtpx:cad>
            <gpxtpx:atemp>301.65</gpxtpx:atemp>
          </gpxtpx:TrackPointExtension>
        </extensions>
      </trkpt>
      <trkpt lat="31.097704" lon="35.357136">
        <ele>-293.3</ele>
        <time>2026-02-11T06:55:01.000Z</time>
        <extensions>
          <gpxtpx:TrackPointExtension>
            <gpxtpx:hr>136</gpxtpx:hr>
            <gpxtpx:cad>72</gpxtpx:cad>
            <gpxtpx:atemp>301.65</gpxtpx:atemp>
          </gpxtpx:TrackPointExtension>
        </extensions>
      </trkpt>
      <trkpt lat="31.097715" lon="35.357312">
        <ele>-296.6</ele>
        <time>2026-02-11T06:55:09.000Z</time>
        <extensions>
          <gpxtpx:TrackPointExtension>
            <gpxtpx:hr>135</gpxtpx:hr>
            <gpxtpx:cad>76</gpxtpx:cad>
            <gpxtpx:atemp>301.65</gpxtpx:atemp>
          </gpxtpx:TrackPointExtension>
        </extensions>
      </trkpt>
      <trkpt lat="31.097691" lon="35.357585">
        <ele>-301.4</ele>
        <time>2026-02-11T06:55:21.000Z</time>
        <extensions>
          <gpxtpx:TrackPointExtension>
            <gpxtpx:hr>134</gpxtpx:hr>
            <gpxtpx:cad>76</gpxtpx:cad>
            <gpxtpx:atemp>301.65</gpxtpx:atemp>
          </gpxtpx:TrackPointExtension>
        </extensions>
      </trkpt>
      <trkpt lat="31.097628" lon="35.357738">
        <ele>-301.9</ele>
        <time>2026-02-11T06:55:34.000Z</time>
        <extensions>
          <gpxtpx:TrackPointExtension>
            <gpxtpx:hr>137</gpxtpx:hr>
            <gpxtpx:cad>55</gpxtpx:cad>
            <gpxtpx:atemp>301.65</gpxtpx:atemp>
          </gpxtpx:TrackPointExtension>
        </extensions>
      </trkpt>
      <trkpt lat="31.097603" lon="35.357832">
        <ele>-302.2</ele>
        <time>2026-02-11T06:55:40.000Z</time>
        <extensions>
          <gpxtpx:TrackPointExtension>
            <gpxtpx:hr>137</gpxtpx:hr>
            <gpxtpx:cad>53</gpxtpx:cad>
            <gpxtpx:atemp>301.65</gpxtpx:atemp>
          </gpxtpx:TrackPointExtension>
        </extensions>
      </trkpt>
      <trkpt lat="31.097611" lon="35.358029">
        <ele>-302.6</ele>
        <time>2026-02-11T06:55:50.000Z</time>
        <extensions>
          <gpxtpx:TrackPointExtension>
            <gpxtpx:hr>137</gpxtpx:hr>
            <gpxtpx:cad>71</gpxtpx:cad>
            <gpxtpx:atemp>301.65</gpxtpx:atemp>
          </gpxtpx:TrackPointExtension>
        </extensions>
      </trkpt>
      <trkpt lat="31.097656" lon="35.358076">
        <ele>-302.7</ele>
        <time>2026-02-11T06:55:53.000Z</time>
        <extensions>
          <gpxtpx:TrackPointExtension>
            <gpxtpx:hr>136</gpxtpx:hr>
            <gpxtpx:cad>71</gpxtpx:cad>
            <gpxtpx:atemp>301.65</gpxtpx:atemp>
          </gpxtpx:TrackPointExtension>
        </extensions>
      </trkpt>
      <trkpt lat="31.097854" lon="35.358196">
        <ele>-303.8</ele>
        <time>2026-02-11T06:56:05.000Z</time>
        <extensions>
          <gpxtpx:TrackPointExtension>
            <gpxtpx:hr>133</gpxtpx:hr>
            <gpxtpx:cad>73</gpxtpx:cad>
            <gpxtpx:atemp>301.65</gpxtpx:atemp>
          </gpxtpx:TrackPointExtension>
        </extensions>
      </trkpt>
      <trkpt lat="31.097976" lon="35.358276">
        <ele>-304.8</ele>
        <time>2026-02-11T06:56:28.000Z</time>
        <extensions>
          <gpxtpx:TrackPointExtension>
            <gpxtpx:hr>132</gpxtpx:hr>
            <gpxtpx:cad>0</gpxtpx:cad>
            <gpxtpx:atemp>301.65</gpxtpx:atemp>
          </gpxtpx:TrackPointExtension>
        </extensions>
      </trkpt>
      <trkpt lat="31.098027" lon="35.358315">
        <ele>-305.1</ele>
        <time>2026-02-11T06:56:33.000Z</time>
        <extensions>
          <gpxtpx:TrackPointExtension>
            <gpxtpx:hr>132</gpxtpx:hr>
            <gpxtpx:cad>53</gpxtpx:cad>
            <gpxtpx:atemp>301.65</gpxtpx:atemp>
          </gpxtpx:TrackPointExtension>
        </extensions>
      </trkpt>
      <trkpt lat="31.098153" lon="35.358459">
        <ele>-304.4</ele>
        <time>2026-02-11T06:56:46.000Z</time>
        <extensions>
          <gpxtpx:TrackPointExtension>
            <gpxtpx:hr>137</gpxtpx:hr>
            <gpxtpx:cad>68</gpxtpx:cad>
            <gpxtpx:atemp>301.65</gpxtpx:atemp>
          </gpxtpx:TrackPointExtension>
        </extensions>
      </trkpt>
      <trkpt lat="31.098248" lon="35.358579">
        <ele>-304.1</ele>
        <time>2026-02-11T06:56:53.000Z</time>
        <extensions>
          <gpxtpx:TrackPointExtension>
            <gpxtpx:hr>138</gpxtpx:hr>
            <gpxtpx:cad>76</gpxtpx:cad>
            <gpxtpx:atemp>301.65</gpxtpx:atemp>
          </gpxtpx:TrackPointExtension>
        </extensions>
      </trkpt>
      <trkpt lat="31.098394" lon="35.358755">
        <ele>-304.4</ele>
        <time>2026-02-11T06:57:03.000Z</time>
        <extensions>
          <gpxtpx:TrackPointExtension>
            <gpxtpx:hr>129</gpxtpx:hr>
            <gpxtpx:cad>76</gpxtpx:cad>
            <gpxtpx:atemp>301.65</gpxtpx:atemp>
          </gpxtpx:TrackPointExtension>
        </extensions>
      </trkpt>
      <trkpt lat="31.098489" lon="35.358856">
        <ele>-304.9</ele>
        <time>2026-02-11T06:57:10.000Z</time>
        <extensions>
          <gpxtpx:TrackPointExtension>
            <gpxtpx:hr>129</gpxtpx:hr>
            <gpxtpx:cad>74</gpxtpx:cad>
            <gpxtpx:atemp>301.65</gpxtpx:atemp>
          </gpxtpx:TrackPointExtension>
        </extensions>
      </trkpt>
      <trkpt lat="31.098574" lon="35.359084">
        <ele>-308.8</ele>
        <time>2026-02-11T06:57:20.000Z</time>
        <extensions>
          <gpxtpx:TrackPointExtension>
            <gpxtpx:hr>130</gpxtpx:hr>
            <gpxtpx:cad>77</gpxtpx:cad>
            <gpxtpx:atemp>301.65</gpxtpx:atemp>
          </gpxtpx:TrackPointExtension>
        </extensions>
      </trkpt>
      <trkpt lat="31.098713" lon="35.359316">
        <ele>-307.4</ele>
        <time>2026-02-11T06:57:31.000Z</time>
        <extensions>
          <gpxtpx:TrackPointExtension>
            <gpxtpx:hr>138</gpxtpx:hr>
            <gpxtpx:cad>77</gpxtpx:cad>
            <gpxtpx:atemp>301.65</gpxtpx:atemp>
          </gpxtpx:TrackPointExtension>
        </extensions>
      </trkpt>
      <trkpt lat="31.098719" lon="35.359527">
        <ele>-306.5</ele>
        <time>2026-02-11T06:57:44.000Z</time>
        <extensions>
          <gpxtpx:TrackPointExtension>
            <gpxtpx:hr>142</gpxtpx:hr>
            <gpxtpx:cad>55</gpxtpx:cad>
            <gpxtpx:atemp>301.65</gpxtpx:atemp>
          </gpxtpx:TrackPointExtension>
        </extensions>
      </trkpt>
      <trkpt lat="31.098666" lon="35.359746">
        <ele>-306.4</ele>
        <time>2026-02-11T06:57:58.000Z</time>
        <extensions>
          <gpxtpx:TrackPointExtension>
            <gpxtpx:hr>139</gpxtpx:hr>
            <gpxtpx:cad>53</gpxtpx:cad>
            <gpxtpx:atemp>301.65</gpxtpx:atemp>
          </gpxtpx:TrackPointExtension>
        </extensions>
      </trkpt>
      <trkpt lat="31.098687" lon="35.359970">
        <ele>-304.7</ele>
        <time>2026-02-11T06:58:07.000Z</time>
        <extensions>
          <gpxtpx:TrackPointExtension>
            <gpxtpx:hr>140</gpxtpx:hr>
            <gpxtpx:cad>77</gpxtpx:cad>
            <gpxtpx:atemp>301.65</gpxtpx:atemp>
          </gpxtpx:TrackPointExtension>
        </extensions>
      </trkpt>
      <trkpt lat="31.098703" lon="35.360093">
        <ele>-305.4</ele>
        <time>2026-02-11T06:58:12.000Z</time>
        <extensions>
          <gpxtpx:TrackPointExtension>
            <gpxtpx:hr>139</gpxtpx:hr>
            <gpxtpx:cad>78</gpxtpx:cad>
            <gpxtpx:atemp>301.65</gpxtpx:atemp>
          </gpxtpx:TrackPointExtension>
        </extensions>
      </trkpt>
      <trkpt lat="31.098730" lon="35.360404">
        <ele>-311.6</ele>
        <time>2026-02-11T06:58:24.000Z</time>
        <extensions>
          <gpxtpx:TrackPointExtension>
            <gpxtpx:hr>138</gpxtpx:hr>
            <gpxtpx:cad>78</gpxtpx:cad>
            <gpxtpx:atemp>301.65</gpxtpx:atemp>
          </gpxtpx:TrackPointExtension>
        </extensions>
      </trkpt>
      <trkpt lat="31.098732" lon="35.360529">
        <ele>-313.1</ele>
        <time>2026-02-11T06:58:29.000Z</time>
        <extensions>
          <gpxtpx:TrackPointExtension>
            <gpxtpx:hr>140</gpxtpx:hr>
            <gpxtpx:cad>79</gpxtpx:cad>
            <gpxtpx:atemp>301.65</gpxtpx:atemp>
          </gpxtpx:TrackPointExtension>
        </extensions>
      </trkpt>
      <trkpt lat="31.098716" lon="35.360768">
        <ele>-311.6</ele>
        <time>2026-02-11T06:58:42.000Z</time>
        <extensions>
          <gpxtpx:TrackPointExtension>
            <gpxtpx:hr>142</gpxtpx:hr>
            <gpxtpx:cad>55</gpxtpx:cad>
            <gpxtpx:atemp>301.65</gpxtpx:atemp>
          </gpxtpx:TrackPointExtension>
        </extensions>
      </trkpt>
      <trkpt lat="31.098626" lon="35.360881">
        <ele>-310.4</ele>
        <time>2026-02-11T06:58:54.000Z</time>
        <extensions>
          <gpxtpx:TrackPointExtension>
            <gpxtpx:hr>139</gpxtpx:hr>
            <gpxtpx:cad>51</gpxtpx:cad>
            <gpxtpx:atemp>301.65</gpxtpx:atemp>
          </gpxtpx:TrackPointExtension>
        </extensions>
      </trkpt>
      <trkpt lat="31.098533" lon="35.360939">
        <ele>-310.9</ele>
        <time>2026-02-11T06:59:04.000Z</time>
        <extensions>
          <gpxtpx:TrackPointExtension>
            <gpxtpx:hr>133</gpxtpx:hr>
            <gpxtpx:cad>55</gpxtpx:cad>
            <gpxtpx:atemp>301.65</gpxtpx:atemp>
          </gpxtpx:TrackPointExtension>
        </extensions>
      </trkpt>
      <trkpt lat="31.098397" lon="35.361006">
        <ele>-311.3</ele>
        <time>2026-02-11T06:59:21.000Z</time>
        <extensions>
          <gpxtpx:TrackPointExtension>
            <gpxtpx:hr>120</gpxtpx:hr>
            <gpxtpx:cad>0</gpxtpx:cad>
            <gpxtpx:atemp>301.65</gpxtpx:atemp>
          </gpxtpx:TrackPointExtension>
        </extensions>
      </trkpt>
      <trkpt lat="31.098209" lon="35.360899">
        <ele>-311.0</ele>
        <time>2026-02-11T06:59:32.000Z</time>
        <extensions>
          <gpxtpx:TrackPointExtension>
            <gpxtpx:hr>121</gpxtpx:hr>
            <gpxtpx:cad>77</gpxtpx:cad>
            <gpxtpx:atemp>301.65</gpxtpx:atemp>
          </gpxtpx:TrackPointExtension>
        </extensions>
      </trkpt>
      <trkpt lat="31.098046" lon="35.360831">
        <ele>-310.8</ele>
        <time>2026-02-11T06:59:40.000Z</time>
        <extensions>
          <gpxtpx:TrackPointExtension>
            <gpxtpx:hr>126</gpxtpx:hr>
            <gpxtpx:cad>80</gpxtpx:cad>
            <gpxtpx:atemp>301.65</gpxtpx:atemp>
          </gpxtpx:TrackPointExtension>
        </extensions>
      </trkpt>
      <trkpt lat="31.097934" lon="35.360759">
        <ele>-310.7</ele>
        <time>2026-02-11T06:59:46.000Z</time>
        <extensions>
          <gpxtpx:TrackPointExtension>
            <gpxtpx:hr>131</gpxtpx:hr>
            <gpxtpx:cad>79</gpxtpx:cad>
            <gpxtpx:atemp>301.65</gpxtpx:atemp>
          </gpxtpx:TrackPointExtension>
        </extensions>
      </trkpt>
      <trkpt lat="31.097752" lon="35.360617">
        <ele>-310.6</ele>
        <time>2026-02-11T06:59:56.000Z</time>
        <extensions>
          <gpxtpx:TrackPointExtension>
            <gpxtpx:hr>134</gpxtpx:hr>
            <gpxtpx:cad>81</gpxtpx:cad>
            <gpxtpx:atemp>301.65</gpxtpx:atemp>
          </gpxtpx:TrackPointExtension>
        </extensions>
      </trkpt>
      <trkpt lat="31.097607" lon="35.360501">
        <ele>-310.4</ele>
        <time>2026-02-11T07:00:04.000Z</time>
        <extensions>
          <gpxtpx:TrackPointExtension>
            <gpxtpx:hr>139</gpxtpx:hr>
            <gpxtpx:cad>80</gpxtpx:cad>
            <gpxtpx:atemp>301.65</gpxtpx:atemp>
          </gpxtpx:TrackPointExtension>
        </extensions>
      </trkpt>
      <trkpt lat="31.097494" lon="35.360452">
        <ele>-310.3</ele>
        <time>2026-02-11T07:00:10.000Z</time>
        <extensions>
          <gpxtpx:TrackPointExtension>
            <gpxtpx:hr>141</gpxtpx:hr>
            <gpxtpx:cad>80</gpxtpx:cad>
            <gpxtpx:atemp>301.65</gpxtpx:atemp>
          </gpxtpx:TrackPointExtension>
        </extensions>
      </trkpt>
      <trkpt lat="31.097386" lon="35.360438">
        <ele>-310.1</ele>
        <time>2026-02-11T07:00:15.000Z</time>
        <extensions>
          <gpxtpx:TrackPointExtension>
            <gpxtpx:hr>142</gpxtpx:hr>
            <gpxtpx:cad>80</gpxtpx:cad>
            <gpxtpx:atemp>301.65</gpxtpx:atemp>
          </gpxtpx:TrackPointExtension>
        </extensions>
      </trkpt>
      <trkpt lat="31.097282" lon="35.360448">
        <ele>-310.0</ele>
        <time>2026-02-11T07:00:20.000Z</time>
        <extensions>
          <gpxtpx:TrackPointExtension>
            <gpxtpx:hr>143</gpxtpx:hr>
            <gpxtpx:cad>78</gpxtpx:cad>
            <gpxtpx:atemp>301.65</gpxtpx:atemp>
          </gpxtpx:TrackPointExtension>
        </extensions>
      </trkpt>
      <trkpt lat="31.097049" lon="35.360505">
        <ele>-309.6</ele>
        <time>2026-02-11T07:00:31.000Z</time>
        <extensions>
          <gpxtpx:TrackPointExtension>
            <gpxtpx:hr>144</gpxtpx:hr>
            <gpxtpx:cad>78</gpxtpx:cad>
            <gpxtpx:atemp>301.65</gpxtpx:atemp>
          </gpxtpx:TrackPointExtension>
        </extensions>
      </trkpt>
      <trkpt lat="31.096787" lon="35.360597">
        <ele>-309.2</ele>
        <time>2026-02-11T07:00:44.000Z</time>
        <extensions>
          <gpxtpx:TrackPointExtension>
            <gpxtpx:hr>150</gpxtpx:hr>
            <gpxtpx:cad>78</gpxtpx:cad>
            <gpxtpx:atemp>301.65</gpxtpx:atemp>
          </gpxtpx:TrackPointExtension>
        </extensions>
      </trkpt>
      <trkpt lat="31.096527" lon="35.360714">
        <ele>-309.0</ele>
        <time>2026-02-11T07:00:57.000Z</time>
        <extensions>
          <gpxtpx:TrackPointExtension>
            <gpxtpx:hr>152</gpxtpx:hr>
            <gpxtpx:cad>78</gpxtpx:cad>
            <gpxtpx:atemp>301.65</gpxtpx:atemp>
          </gpxtpx:TrackPointExtension>
        </extensions>
      </trkpt>
      <trkpt lat="31.096427" lon="35.360771">
        <ele>-308.9</ele>
        <time>2026-02-11T07:01:02.000Z</time>
        <extensions>
          <gpxtpx:TrackPointExtension>
            <gpxtpx:hr>152</gpxtpx:hr>
            <gpxtpx:cad>78</gpxtpx:cad>
            <gpxtpx:atemp>301.65</gpxtpx:atemp>
          </gpxtpx:TrackPointExtension>
        </extensions>
      </trkpt>
      <trkpt lat="31.096280" lon="35.360870">
        <ele>-308.8</ele>
        <time>2026-02-11T07:01:10.000Z</time>
        <extensions>
          <gpxtpx:TrackPointExtension>
            <gpxtpx:hr>152</gpxtpx:hr>
            <gpxtpx:cad>78</gpxtpx:cad>
            <gpxtpx:atemp>301.65</gpxtpx:atemp>
          </gpxtpx:TrackPointExtension>
        </extensions>
      </trkpt>
      <trkpt lat="31.096218" lon="35.360933">
        <ele>-308.7</ele>
        <time>2026-02-11T07:01:14.000Z</time>
        <extensions>
          <gpxtpx:TrackPointExtension>
            <gpxtpx:hr>152</gpxtpx:hr>
            <gpxtpx:cad>77</gpxtpx:cad>
            <gpxtpx:atemp>301.65</gpxtpx:atemp>
          </gpxtpx:TrackPointExtension>
        </extensions>
      </trkpt>
      <trkpt lat="31.096063" lon="35.361084">
        <ele>-308.5</ele>
        <time>2026-02-11T07:01:31.000Z</time>
        <extensions>
          <gpxtpx:TrackPointExtension>
            <gpxtpx:hr>151</gpxtpx:hr>
            <gpxtpx:cad>56</gpxtpx:cad>
            <gpxtpx:atemp>301.65</gpxtpx:atemp>
          </gpxtpx:TrackPointExtension>
        </extensions>
      </trkpt>
      <trkpt lat="31.096037" lon="35.361117">
        <ele>-308.5</ele>
        <time>2026-02-11T07:01:34.000Z</time>
        <extensions>
          <gpxtpx:TrackPointExtension>
            <gpxtpx:hr>150</gpxtpx:hr>
            <gpxtpx:cad>57</gpxtpx:cad>
            <gpxtpx:atemp>301.65</gpxtpx:atemp>
          </gpxtpx:TrackPointExtension>
        </extensions>
      </trkpt>
      <trkpt lat="31.095907" lon="35.361234">
        <ele>-308.4</ele>
        <time>2026-02-11T07:01:42.000Z</time>
        <extensions>
          <gpxtpx:TrackPointExtension>
            <gpxtpx:hr>147</gpxtpx:hr>
            <gpxtpx:cad>79</gpxtpx:cad>
            <gpxtpx:atemp>301.65</gpxtpx:atemp>
          </gpxtpx:TrackPointExtension>
        </extensions>
      </trkpt>
      <trkpt lat="31.095700" lon="35.361403">
        <ele>-308.1</ele>
        <time>2026-02-11T07:01:54.000Z</time>
        <extensions>
          <gpxtpx:TrackPointExtension>
            <gpxtpx:hr>144</gpxtpx:hr>
            <gpxtpx:cad>80</gpxtpx:cad>
            <gpxtpx:atemp>301.65</gpxtpx:atemp>
          </gpxtpx:TrackPointExtension>
        </extensions>
      </trkpt>
      <trkpt lat="31.095514" lon="35.361515">
        <ele>-307.9</ele>
        <time>2026-02-11T07:02:04.000Z</time>
        <extensions>
          <gpxtpx:TrackPointExtension>
            <gpxtpx:hr>143</gpxtpx:hr>
            <gpxtpx:cad>80</gpxtpx:cad>
            <gpxtpx:atemp>301.65</gpxtpx:atemp>
          </gpxtpx:TrackPointExtension>
        </extensions>
      </trkpt>
      <trkpt lat="31.095338" lon="35.361581">
        <ele>-307.6</ele>
        <time>2026-02-11T07:02:13.000Z</time>
        <extensions>
          <gpxtpx:TrackPointExtension>
            <gpxtpx:hr>143</gpxtpx:hr>
            <gpxtpx:cad>78</gpxtpx:cad>
            <gpxtpx:atemp>301.65</gpxtpx:atemp>
          </gpxtpx:TrackPointExtension>
        </extensions>
      </trkpt>
      <trkpt lat="31.095094" lon="35.361625">
        <ele>-307.2</ele>
        <time>2026-02-11T07:02:24.000Z</time>
        <extensions>
          <gpxtpx:TrackPointExtension>
            <gpxtpx:hr>145</gpxtpx:hr>
            <gpxtpx:cad>79</gpxtpx:cad>
            <gpxtpx:atemp>301.65</gpxtpx:atemp>
          </gpxtpx:TrackPointExtension>
        </extensions>
      </trkpt>
      <trkpt lat="31.094991" lon="35.361649">
        <ele>-307.0</ele>
        <time>2026-02-11T07:02:29.000Z</time>
        <extensions>
          <gpxtpx:TrackPointExtension>
            <gpxtpx:hr>145</gpxtpx:hr>
            <gpxtpx:cad>80</gpxtpx:cad>
            <gpxtpx:atemp>301.65</gpxtpx:atemp>
          </gpxtpx:TrackPointExtension>
        </extensions>
      </trkpt>
      <trkpt lat="31.094883" lon="35.361652">
        <ele>-306.8</ele>
        <time>2026-02-11T07:02:34.000Z</time>
        <extensions>
          <gpxtpx:TrackPointExtension>
            <gpxtpx:hr>146</gpxtpx:hr>
            <gpxtpx:cad>79</gpxtpx:cad>
            <gpxtpx:atemp>301.65</gpxtpx:atemp>
          </gpxtpx:TrackPointExtension>
        </extensions>
      </trkpt>
      <trkpt lat="31.094769" lon="35.361710">
        <ele>-306.2</ele>
        <time>2026-02-11T07:02:40.000Z</time>
        <extensions>
          <gpxtpx:TrackPointExtension>
            <gpxtpx:hr>148</gpxtpx:hr>
            <gpxtpx:cad>79</gpxtpx:cad>
            <gpxtpx:atemp>301.65</gpxtpx:atemp>
          </gpxtpx:TrackPointExtension>
        </extensions>
      </trkpt>
      <trkpt lat="31.094711" lon="35.361772">
        <ele>-305.8</ele>
        <time>2026-02-11T07:02:44.000Z</time>
        <extensions>
          <gpxtpx:TrackPointExtension>
            <gpxtpx:hr>150</gpxtpx:hr>
            <gpxtpx:cad>79</gpxtpx:cad>
            <gpxtpx:atemp>301.65</gpxtpx:atemp>
          </gpxtpx:TrackPointExtension>
        </extensions>
      </trkpt>
      <trkpt lat="31.094606" lon="35.361901">
        <ele>-305.1</ele>
        <time>2026-02-11T07:02:52.000Z</time>
        <extensions>
          <gpxtpx:TrackPointExtension>
            <gpxtpx:hr>151</gpxtpx:hr>
            <gpxtpx:cad>77</gpxtpx:cad>
            <gpxtpx:atemp>301.65</gpxtpx:atemp>
          </gpxtpx:TrackPointExtension>
        </extensions>
      </trkpt>
      <trkpt lat="31.094548" lon="35.362005">
        <ele>-304.7</ele>
        <time>2026-02-11T07:02:57.000Z</time>
        <extensions>
          <gpxtpx:TrackPointExtension>
            <gpxtpx:hr>152</gpxtpx:hr>
            <gpxtpx:cad>78</gpxtpx:cad>
            <gpxtpx:atemp>301.65</gpxtpx:atemp>
          </gpxtpx:TrackPointExtension>
        </extensions>
      </trkpt>
      <trkpt lat="31.094441" lon="35.362219">
        <ele>-304.1</ele>
        <time>2026-02-11T07:03:07.000Z</time>
        <extensions>
          <gpxtpx:TrackPointExtension>
            <gpxtpx:hr>151</gpxtpx:hr>
            <gpxtpx:cad>79</gpxtpx:cad>
            <gpxtpx:atemp>301.65</gpxtpx:atemp>
          </gpxtpx:TrackPointExtension>
        </extensions>
      </trkpt>
      <trkpt lat="31.094344" lon="35.362425">
        <ele>-303.5</ele>
        <time>2026-02-11T07:03:18.000Z</time>
        <extensions>
          <gpxtpx:TrackPointExtension>
            <gpxtpx:hr>152</gpxtpx:hr>
            <gpxtpx:cad>79</gpxtpx:cad>
            <gpxtpx:atemp>301.65</gpxtpx:atemp>
          </gpxtpx:TrackPointExtension>
        </extensions>
      </trkpt>
      <trkpt lat="31.094318" lon="35.362504">
        <ele>-303.3</ele>
        <time>2026-02-11T07:03:25.000Z</time>
        <extensions>
          <gpxtpx:TrackPointExtension>
            <gpxtpx:hr>150</gpxtpx:hr>
            <gpxtpx:cad>0</gpxtpx:cad>
            <gpxtpx:atemp>301.65</gpxtpx:atemp>
          </gpxtpx:TrackPointExtension>
        </extensions>
      </trkpt>
      <trkpt lat="31.094315" lon="35.362653">
        <ele>-302.8</ele>
        <time>2026-02-11T07:03:33.000Z</time>
        <extensions>
          <gpxtpx:TrackPointExtension>
            <gpxtpx:hr>146</gpxtpx:hr>
            <gpxtpx:cad>76</gpxtpx:cad>
            <gpxtpx:atemp>301.65</gpxtpx:atemp>
          </gpxtpx:TrackPointExtension>
        </extensions>
      </trkpt>
      <trkpt lat="31.094325" lon="35.362771">
        <ele>-302.5</ele>
        <time>2026-02-11T07:03:38.000Z</time>
        <extensions>
          <gpxtpx:TrackPointExtension>
            <gpxtpx:hr>146</gpxtpx:hr>
            <gpxtpx:cad>76</gpxtpx:cad>
            <gpxtpx:atemp>301.65</gpxtpx:atemp>
          </gpxtpx:TrackPointExtension>
        </extensions>
      </trkpt>
      <trkpt lat="31.094305" lon="35.362929">
        <ele>-301.9</ele>
        <time>2026-02-11T07:03:45.000Z</time>
        <extensions>
          <gpxtpx:TrackPointExtension>
            <gpxtpx:hr>147</gpxtpx:hr>
            <gpxtpx:cad>78</gpxtpx:cad>
            <gpxtpx:atemp>301.65</gpxtpx:atemp>
          </gpxtpx:TrackPointExtension>
        </extensions>
      </trkpt>
      <trkpt lat="31.094273" lon="35.363113">
        <ele>-301.4</ele>
        <time>2026-02-11T07:03:59.000Z</time>
        <extensions>
          <gpxtpx:TrackPointExtension>
            <gpxtpx:hr>142</gpxtpx:hr>
            <gpxtpx:cad>55</gpxtpx:cad>
            <gpxtpx:atemp>301.65</gpxtpx:atemp>
          </gpxtpx:TrackPointExtension>
        </extensions>
      </trkpt>
      <trkpt lat="31.094231" lon="35.363262">
        <ele>-300.9</ele>
        <time>2026-02-11T07:04:09.000Z</time>
        <extensions>
          <gpxtpx:TrackPointExtension>
            <gpxtpx:hr>141</gpxtpx:hr>
            <gpxtpx:cad>57</gpxtpx:cad>
            <gpxtpx:atemp>301.65</gpxtpx:atemp>
          </gpxtpx:TrackPointExtension>
        </extensions>
      </trkpt>
      <trkpt lat="31.094188" lon="35.363367">
        <ele>-300.5</ele>
        <time>2026-02-11T07:04:14.000Z</time>
        <extensions>
          <gpxtpx:TrackPointExtension>
            <gpxtpx:hr>141</gpxtpx:hr>
            <gpxtpx:cad>76</gpxtpx:cad>
            <gpxtpx:atemp>301.65</gpxtpx:atemp>
          </gpxtpx:TrackPointExtension>
        </extensions>
      </trkpt>
      <trkpt lat="31.094165" lon="35.363480">
        <ele>-299.8</ele>
        <time>2026-02-11T07:04:19.000Z</time>
        <extensions>
          <gpxtpx:TrackPointExtension>
            <gpxtpx:hr>136</gpxtpx:hr>
            <gpxtpx:cad>78</gpxtpx:cad>
            <gpxtpx:atemp>301.65</gpxtpx:atemp>
          </gpxtpx:TrackPointExtension>
        </extensions>
      </trkpt>
      <trkpt lat="31.094175" lon="35.363649">
        <ele>-298.4</ele>
        <time>2026-02-11T07:04:27.000Z</time>
        <extensions>
          <gpxtpx:TrackPointExtension>
            <gpxtpx:hr>137</gpxtpx:hr>
            <gpxtpx:cad>76</gpxtpx:cad>
            <gpxtpx:atemp>301.65</gpxtpx:atemp>
          </gpxtpx:TrackPointExtension>
        </extensions>
      </trkpt>
      <trkpt lat="31.094238" lon="35.363709">
        <ele>-297.0</ele>
        <time>2026-02-11T07:04:37.000Z</time>
        <extensions>
          <gpxtpx:TrackPointExtension>
            <gpxtpx:hr>142</gpxtpx:hr>
            <gpxtpx:cad>75</gpxtpx:cad>
            <gpxtpx:atemp>301.65</gpxtpx:atemp>
          </gpxtpx:TrackPointExtension>
        </extensions>
      </trkpt>
      <trkpt lat="31.094347" lon="35.363576">
        <ele>-294.6</ele>
        <time>2026-02-11T07:04:57.000Z</time>
        <extensions>
          <gpxtpx:TrackPointExtension>
            <gpxtpx:hr>151</gpxtpx:hr>
            <gpxtpx:cad>47</gpxtpx:cad>
            <gpxtpx:atemp>301.65</gpxtpx:atemp>
          </gpxtpx:TrackPointExtension>
        </extensions>
      </trkpt>
      <trkpt lat="31.094434" lon="35.363463">
        <ele>-292.9</ele>
        <time>2026-02-11T07:05:14.000Z</time>
        <extensions>
          <gpxtpx:TrackPointExtension>
            <gpxtpx:hr>158</gpxtpx:hr>
            <gpxtpx:cad>48</gpxtpx:cad>
            <gpxtpx:atemp>301.65</gpxtpx:atemp>
          </gpxtpx:TrackPointExtension>
        </extensions>
      </trkpt>
      <trkpt lat="31.094536" lon="35.363342">
        <ele>-290.8</ele>
        <time>2026-02-11T07:05:35.000Z</time>
        <extensions>
          <gpxtpx:TrackPointExtension>
            <gpxtpx:hr>158</gpxtpx:hr>
            <gpxtpx:cad>48</gpxtpx:cad>
            <gpxtpx:atemp>302.65</gpxtpx:atemp>
          </gpxtpx:TrackPointExtension>
        </extensions>
      </trkpt>
      <trkpt lat="31.094639" lon="35.363204">
        <ele>-287.7</ele>
        <time>2026-02-11T07:06:00.000Z</time>
        <extensions>
          <gpxtpx:TrackPointExtension>
            <gpxtpx:hr>158</gpxtpx:hr>
            <gpxtpx:cad>41</gpxtpx:cad>
            <gpxtpx:atemp>302.65</gpxtpx:atemp>
          </gpxtpx:TrackPointExtension>
        </extensions>
      </trkpt>
      <trkpt lat="31.094698" lon="35.363145">
        <ele>-285.3</ele>
        <time>2026-02-11T07:06:15.000Z</time>
        <extensions>
          <gpxtpx:TrackPointExtension>
            <gpxtpx:hr>159</gpxtpx:hr>
            <gpxtpx:cad>44</gpxtpx:cad>
            <gpxtpx:atemp>302.65</gpxtpx:atemp>
          </gpxtpx:TrackPointExtension>
        </extensions>
      </trkpt>
      <trkpt lat="31.094780" lon="35.363075">
        <ele>-282.6</ele>
        <time>2026-02-11T07:06:32.000Z</time>
        <extensions>
          <gpxtpx:TrackPointExtension>
            <gpxtpx:hr>160</gpxtpx:hr>
            <gpxtpx:cad>46</gpxtpx:cad>
            <gpxtpx:atemp>302.65</gpxtpx:atemp>
          </gpxtpx:TrackPointExtension>
        </extensions>
      </trkpt>
      <trkpt lat="31.094861" lon="35.363028">
        <ele>-280.9</ele>
        <time>2026-02-11T07:06:48.000Z</time>
        <extensions>
          <gpxtpx:TrackPointExtension>
            <gpxtpx:hr>161</gpxtpx:hr>
            <gpxtpx:cad>0</gpxtpx:cad>
            <gpxtpx:atemp>302.65</gpxtpx:atemp>
          </gpxtpx:TrackPointExtension>
        </extensions>
      </trkpt>
      <trkpt lat="31.095036" lon="35.363017">
        <ele>-279.0</ele>
        <time>2026-02-11T07:07:14.000Z</time>
        <extensions>
          <gpxtpx:TrackPointExtension>
            <gpxtpx:hr>159</gpxtpx:hr>
            <gpxtpx:cad>45</gpxtpx:cad>
            <gpxtpx:atemp>302.65</gpxtpx:atemp>
          </gpxtpx:TrackPointExtension>
        </extensions>
      </trkpt>
      <trkpt lat="31.095045" lon="35.363199">
        <ele>-279.0</ele>
        <time>2026-02-11T07:07:27.000Z</time>
        <extensions>
          <gpxtpx:TrackPointExtension>
            <gpxtpx:hr>156</gpxtpx:hr>
            <gpxtpx:cad>52</gpxtpx:cad>
            <gpxtpx:atemp>302.65</gpxtpx:atemp>
          </gpxtpx:TrackPointExtension>
        </extensions>
      </trkpt>
      <trkpt lat="31.095065" lon="35.363303">
        <ele>-279.0</ele>
        <time>2026-02-11T07:07:35.000Z</time>
        <extensions>
          <gpxtpx:TrackPointExtension>
            <gpxtpx:hr>154</gpxtpx:hr>
            <gpxtpx:cad>53</gpxtpx:cad>
            <gpxtpx:atemp>302.65</gpxtpx:atemp>
          </gpxtpx:TrackPointExtension>
        </extensions>
      </trkpt>
      <trkpt lat="31.095057" lon="35.363443">
        <ele>-278.9</ele>
        <time>2026-02-11T07:07:45.000Z</time>
        <extensions>
          <gpxtpx:TrackPointExtension>
            <gpxtpx:hr>149</gpxtpx:hr>
            <gpxtpx:cad>53</gpxtpx:cad>
            <gpxtpx:atemp>302.65</gpxtpx:atemp>
          </gpxtpx:TrackPointExtension>
        </extensions>
      </trkpt>
      <trkpt lat="31.095076" lon="35.363555">
        <ele>-278.8</ele>
        <time>2026-02-11T07:07:53.000Z</time>
        <extensions>
          <gpxtpx:TrackPointExtension>
            <gpxtpx:hr>143</gpxtpx:hr>
            <gpxtpx:cad>55</gpxtpx:cad>
            <gpxtpx:atemp>302.65</gpxtpx:atemp>
          </gpxtpx:TrackPointExtension>
        </extensions>
      </trkpt>
      <trkpt lat="31.095061" lon="35.363740">
        <ele>-278.7</ele>
        <time>2026-02-11T07:08:06.000Z</time>
        <extensions>
          <gpxtpx:TrackPointExtension>
            <gpxtpx:hr>128</gpxtpx:hr>
            <gpxtpx:cad>55</gpxtpx:cad>
            <gpxtpx:atemp>302.65</gpxtpx:atemp>
          </gpxtpx:TrackPointExtension>
        </extensions>
      </trkpt>
      <trkpt lat="31.095073" lon="35.363932">
        <ele>-278.5</ele>
        <time>2026-02-11T07:08:16.000Z</time>
        <extensions>
          <gpxtpx:TrackPointExtension>
            <gpxtpx:hr>127</gpxtpx:hr>
            <gpxtpx:cad>75</gpxtpx:cad>
            <gpxtpx:atemp>302.65</gpxtpx:atemp>
          </gpxtpx:TrackPointExtension>
        </extensions>
      </trkpt>
      <trkpt lat="31.095089" lon="35.364227">
        <ele>-278.2</ele>
        <time>2026-02-11T07:08:29.000Z</time>
        <extensions>
          <gpxtpx:TrackPointExtension>
            <gpxtpx:hr>132</gpxtpx:hr>
            <gpxtpx:cad>76</gpxtpx:cad>
            <gpxtpx:atemp>302.65</gpxtpx:atemp>
          </gpxtpx:TrackPointExtension>
        </extensions>
      </trkpt>
      <trkpt lat="31.095103" lon="35.364453">
        <ele>-277.9</ele>
        <time>2026-02-11T07:08:39.000Z</time>
        <extensions>
          <gpxtpx:TrackPointExtension>
            <gpxtpx:hr>132</gpxtpx:hr>
            <gpxtpx:cad>77</gpxtpx:cad>
            <gpxtpx:atemp>302.65</gpxtpx:atemp>
          </gpxtpx:TrackPointExtension>
        </extensions>
      </trkpt>
      <trkpt lat="31.095114" lon="35.364587">
        <ele>-277.7</ele>
        <time>2026-02-11T07:08:45.000Z</time>
        <extensions>
          <gpxtpx:TrackPointExtension>
            <gpxtpx:hr>133</gpxtpx:hr>
            <gpxtpx:cad>79</gpxtpx:cad>
            <gpxtpx:atemp>302.65</gpxtpx:atemp>
          </gpxtpx:TrackPointExtension>
        </extensions>
      </trkpt>
      <trkpt lat="31.095111" lon="35.364707">
        <ele>-277.4</ele>
        <time>2026-02-11T07:08:50.000Z</time>
        <extensions>
          <gpxtpx:TrackPointExtension>
            <gpxtpx:hr>134</gpxtpx:hr>
            <gpxtpx:cad>77</gpxtpx:cad>
            <gpxtpx:atemp>302.65</gpxtpx:atemp>
          </gpxtpx:TrackPointExtension>
        </extensions>
      </trkpt>
      <trkpt lat="31.095123" lon="35.364908">
        <ele>-276.9</ele>
        <time>2026-02-11T07:08:59.000Z</time>
        <extensions>
          <gpxtpx:TrackPointExtension>
            <gpxtpx:hr>135</gpxtpx:hr>
            <gpxtpx:cad>77</gpxtpx:cad>
            <gpxtpx:atemp>302.65</gpxtpx:atemp>
          </gpxtpx:TrackPointExtension>
        </extensions>
      </trkpt>
      <trkpt lat="31.095142" lon="35.365233">
        <ele>-276.1</ele>
        <time>2026-02-11T07:09:13.000Z</time>
        <extensions>
          <gpxtpx:TrackPointExtension>
            <gpxtpx:hr>141</gpxtpx:hr>
            <gpxtpx:cad>76</gpxtpx:cad>
            <gpxtpx:atemp>302.65</gpxtpx:atemp>
          </gpxtpx:TrackPointExtension>
        </extensions>
      </trkpt>
      <trkpt lat="31.095148" lon="35.365419">
        <ele>-275.7</ele>
        <time>2026-02-11T07:09:21.000Z</time>
        <extensions>
          <gpxtpx:TrackPointExtension>
            <gpxtpx:hr>141</gpxtpx:hr>
            <gpxtpx:cad>77</gpxtpx:cad>
            <gpxtpx:atemp>302.65</gpxtpx:atemp>
          </gpxtpx:TrackPointExtension>
        </extensions>
      </trkpt>
      <trkpt lat="31.095156" lon="35.365536">
        <ele>-275.4</ele>
        <time>2026-02-11T07:09:26.000Z</time>
        <extensions>
          <gpxtpx:TrackPointExtension>
            <gpxtpx:hr>142</gpxtpx:hr>
            <gpxtpx:cad>77</gpxtpx:cad>
            <gpxtpx:atemp>302.65</gpxtpx:atemp>
          </gpxtpx:TrackPointExtension>
        </extensions>
      </trkpt>
      <trkpt lat="31.095149" lon="35.365661">
        <ele>-275.1</ele>
        <time>2026-02-11T07:09:31.000Z</time>
        <extensions>
          <gpxtpx:TrackPointExtension>
            <gpxtpx:hr>143</gpxtpx:hr>
            <gpxtpx:cad>78</gpxtpx:cad>
            <gpxtpx:atemp>302.65</gpxtpx:atemp>
          </gpxtpx:TrackPointExtension>
        </extensions>
      </trkpt>
      <trkpt lat="31.095145" lon="35.365799">
        <ele>-274.8</ele>
        <time>2026-02-11T07:09:37.000Z</time>
        <extensions>
          <gpxtpx:TrackPointExtension>
            <gpxtpx:hr>144</gpxtpx:hr>
            <gpxtpx:cad>77</gpxtpx:cad>
            <gpxtpx:atemp>302.65</gpxtpx:atemp>
          </gpxtpx:TrackPointExtension>
        </extensions>
      </trkpt>
      <trkpt lat="31.095126" lon="35.365991">
        <ele>-274.4</ele>
        <time>2026-02-11T07:09:45.000Z</time>
        <extensions>
          <gpxtpx:TrackPointExtension>
            <gpxtpx:hr>145</gpxtpx:hr>
            <gpxtpx:cad>77</gpxtpx:cad>
            <gpxtpx:atemp>302.65</gpxtpx:atemp>
          </gpxtpx:TrackPointExtension>
        </extensions>
      </trkpt>
      <trkpt lat="31.095143" lon="35.366103">
        <ele>-274.4</ele>
        <time>2026-02-11T07:09:50.000Z</time>
        <extensions>
          <gpxtpx:TrackPointExtension>
            <gpxtpx:hr>145</gpxtpx:hr>
            <gpxtpx:cad>77</gpxtpx:cad>
            <gpxtpx:atemp>302.65</gpxtpx:atemp>
          </gpxtpx:TrackPointExtension>
        </extensions>
      </trkpt>
      <trkpt lat="31.095110" lon="35.366316">
        <ele>-274.4</ele>
        <time>2026-02-11T07:09:59.000Z</time>
        <extensions>
          <gpxtpx:TrackPointExtension>
            <gpxtpx:hr>146</gpxtpx:hr>
            <gpxtpx:cad>77</gpxtpx:cad>
            <gpxtpx:atemp>302.65</gpxtpx:atemp>
          </gpxtpx:TrackPointExtension>
        </extensions>
      </trkpt>
      <trkpt lat="31.095033" lon="35.366516">
        <ele>-274.2</ele>
        <time>2026-02-11T07:10:15.000Z</time>
        <extensions>
          <gpxtpx:TrackPointExtension>
            <gpxtpx:hr>142</gpxtpx:hr>
            <gpxtpx:cad>53</gpxtpx:cad>
            <gpxtpx:atemp>302.65</gpxtpx:atemp>
          </gpxtpx:TrackPointExtension>
        </extensions>
      </trkpt>
      <trkpt lat="31.095032" lon="35.366579">
        <ele>-274.2</ele>
        <time>2026-02-11T07:10:19.000Z</time>
        <extensions>
          <gpxtpx:TrackPointExtension>
            <gpxtpx:hr>143</gpxtpx:hr>
            <gpxtpx:cad>52</gpxtpx:cad>
            <gpxtpx:atemp>302.65</gpxtpx:atemp>
          </gpxtpx:TrackPointExtension>
        </extensions>
      </trkpt>
      <trkpt lat="31.094980" lon="35.366785">
        <ele>-274.0</ele>
        <time>2026-02-11T07:10:30.000Z</time>
        <extensions>
          <gpxtpx:TrackPointExtension>
            <gpxtpx:hr>139</gpxtpx:hr>
            <gpxtpx:cad>76</gpxtpx:cad>
            <gpxtpx:atemp>302.65</gpxtpx:atemp>
          </gpxtpx:TrackPointExtension>
        </extensions>
      </trkpt>
      <trkpt lat="31.094944" lon="35.366936">
        <ele>-273.6</ele>
        <time>2026-02-11T07:10:37.000Z</time>
        <extensions>
          <gpxtpx:TrackPointExtension>
            <gpxtpx:hr>139</gpxtpx:hr>
            <gpxtpx:cad>76</gpxtpx:cad>
            <gpxtpx:atemp>302.65</gpxtpx:atemp>
          </gpxtpx:TrackPointExtension>
        </extensions>
      </trkpt>
      <trkpt lat="31.094914" lon="35.367139">
        <ele>-273.2</ele>
        <time>2026-02-11T07:10:46.000Z</time>
        <extensions>
          <gpxtpx:TrackPointExtension>
            <gpxtpx:hr>139</gpxtpx:hr>
            <gpxtpx:cad>76</gpxtpx:cad>
            <gpxtpx:atemp>302.65</gpxtpx:atemp>
          </gpxtpx:TrackPointExtension>
        </extensions>
      </trkpt>
      <trkpt lat="31.094882" lon="35.367271">
        <ele>-272.5</ele>
        <time>2026-02-11T07:10:52.000Z</time>
        <extensions>
          <gpxtpx:TrackPointExtension>
            <gpxtpx:hr>140</gpxtpx:hr>
            <gpxtpx:cad>77</gpxtpx:cad>
            <gpxtpx:atemp>302.65</gpxtpx:atemp>
          </gpxtpx:TrackPointExtension>
        </extensions>
      </trkpt>
      <trkpt lat="31.094866" lon="35.367406">
        <ele>-272.0</ele>
        <time>2026-02-11T07:10:58.000Z</time>
        <extensions>
          <gpxtpx:TrackPointExtension>
            <gpxtpx:hr>140</gpxtpx:hr>
            <gpxtpx:cad>77</gpxtpx:cad>
            <gpxtpx:atemp>302.65</gpxtpx:atemp>
          </gpxtpx:TrackPointExtension>
        </extensions>
      </trkpt>
      <trkpt lat="31.094885" lon="35.367538">
        <ele>-271.6</ele>
        <time>2026-02-11T07:11:04.000Z</time>
        <extensions>
          <gpxtpx:TrackPointExtension>
            <gpxtpx:hr>142</gpxtpx:hr>
            <gpxtpx:cad>77</gpxtpx:cad>
            <gpxtpx:atemp>302.65</gpxtpx:atemp>
          </gpxtpx:TrackPointExtension>
        </extensions>
      </trkpt>
      <trkpt lat="31.094850" lon="35.367746">
        <ele>-271.8</ele>
        <time>2026-02-11T07:11:13.000Z</time>
        <extensions>
          <gpxtpx:TrackPointExtension>
            <gpxtpx:hr>143</gpxtpx:hr>
            <gpxtpx:cad>77</gpxtpx:cad>
            <gpxtpx:atemp>301.65</gpxtpx:atemp>
          </gpxtpx:TrackPointExtension>
        </extensions>
      </trkpt>
      <trkpt lat="31.094860" lon="35.367860">
        <ele>-271.6</ele>
        <time>2026-02-11T07:11:18.000Z</time>
        <extensions>
          <gpxtpx:TrackPointExtension>
            <gpxtpx:hr>144</gpxtpx:hr>
            <gpxtpx:cad>78</gpxtpx:cad>
            <gpxtpx:atemp>301.65</gpxtpx:atemp>
          </gpxtpx:TrackPointExtension>
        </extensions>
      </trkpt>
      <trkpt lat="31.094826" lon="35.368116">
        <ele>-271.0</ele>
        <time>2026-02-11T07:11:29.000Z</time>
        <extensions>
          <gpxtpx:TrackPointExtension>
            <gpxtpx:hr>146</gpxtpx:hr>
            <gpxtpx:cad>77</gpxtpx:cad>
            <gpxtpx:atemp>301.65</gpxtpx:atemp>
          </gpxtpx:TrackPointExtension>
        </extensions>
      </trkpt>
      <trkpt lat="31.094783" lon="35.368224">
        <ele>-271.7</ele>
        <time>2026-02-11T07:11:34.000Z</time>
        <extensions>
          <gpxtpx:TrackPointExtension>
            <gpxtpx:hr>146</gpxtpx:hr>
            <gpxtpx:cad>77</gpxtpx:cad>
            <gpxtpx:atemp>301.65</gpxtpx:atemp>
          </gpxtpx:TrackPointExtension>
        </extensions>
      </trkpt>
      <trkpt lat="31.094749" lon="35.368400">
        <ele>-272.9</ele>
        <time>2026-02-11T07:11:42.000Z</time>
        <extensions>
          <gpxtpx:TrackPointExtension>
            <gpxtpx:hr>148</gpxtpx:hr>
            <gpxtpx:cad>77</gpxtpx:cad>
            <gpxtpx:atemp>301.65</gpxtpx:atemp>
          </gpxtpx:TrackPointExtension>
        </extensions>
      </trkpt>
      <trkpt lat="31.094720" lon="35.368559">
        <ele>-274.0</ele>
        <time>2026-02-11T07:11:49.000Z</time>
        <extensions>
          <gpxtpx:TrackPointExtension>
            <gpxtpx:hr>149</gpxtpx:hr>
            <gpxtpx:cad>77</gpxtpx:cad>
            <gpxtpx:atemp>301.65</gpxtpx:atemp>
          </gpxtpx:TrackPointExtension>
        </extensions>
      </trkpt>
      <trkpt lat="31.094659" lon="35.368735">
        <ele>-274.0</ele>
        <time>2026-02-11T07:11:57.000Z</time>
        <extensions>
          <gpxtpx:TrackPointExtension>
            <gpxtpx:hr>149</gpxtpx:hr>
            <gpxtpx:cad>78</gpxtpx:cad>
            <gpxtpx:atemp>301.65</gpxtpx:atemp>
          </gpxtpx:TrackPointExtension>
        </extensions>
      </trkpt>
      <trkpt lat="31.094584" lon="35.369019">
        <ele>-272.4</ele>
        <time>2026-02-11T07:12:10.000Z</time>
        <extensions>
          <gpxtpx:TrackPointExtension>
            <gpxtpx:hr>153</gpxtpx:hr>
            <gpxtpx:cad>77</gpxtpx:cad>
            <gpxtpx:atemp>301.65</gpxtpx:atemp>
          </gpxtpx:TrackPointExtension>
        </extensions>
      </trkpt>
      <trkpt lat="31.094505" lon="35.369232">
        <ele>-271.3</ele>
        <time>2026-02-11T07:12:20.000Z</time>
        <extensions>
          <gpxtpx:TrackPointExtension>
            <gpxtpx:hr>153</gpxtpx:hr>
            <gpxtpx:cad>78</gpxtpx:cad>
            <gpxtpx:atemp>301.65</gpxtpx:atemp>
          </gpxtpx:TrackPointExtension>
        </extensions>
      </trkpt>
      <trkpt lat="31.094494" lon="35.369402">
        <ele>-270.5</ele>
        <time>2026-02-11T07:12:27.000Z</time>
        <extensions>
          <gpxtpx:TrackPointExtension>
            <gpxtpx:hr>154</gpxtpx:hr>
            <gpxtpx:cad>77</gpxtpx:cad>
            <gpxtpx:atemp>301.65</gpxtpx:atemp>
          </gpxtpx:TrackPointExtension>
        </extensions>
      </trkpt>
      <trkpt lat="31.094484" lon="35.369637">
        <ele>-270.6</ele>
        <time>2026-02-11T07:12:37.000Z</time>
        <extensions>
          <gpxtpx:TrackPointExtension>
            <gpxtpx:hr>156</gpxtpx:hr>
            <gpxtpx:cad>78</gpxtpx:cad>
            <gpxtpx:atemp>301.65</gpxtpx:atemp>
          </gpxtpx:TrackPointExtension>
        </extensions>
      </trkpt>
      <trkpt lat="31.094470" lon="35.369919">
        <ele>-270.7</ele>
        <time>2026-02-11T07:12:49.000Z</time>
        <extensions>
          <gpxtpx:TrackPointExtension>
            <gpxtpx:hr>152</gpxtpx:hr>
            <gpxtpx:cad>78</gpxtpx:cad>
            <gpxtpx:atemp>301.65</gpxtpx:atemp>
          </gpxtpx:TrackPointExtension>
        </extensions>
      </trkpt>
      <trkpt lat="31.094460" lon="35.370014">
        <ele>-270.4</ele>
        <time>2026-02-11T07:12:53.000Z</time>
        <extensions>
          <gpxtpx:TrackPointExtension>
            <gpxtpx:hr>153</gpxtpx:hr>
            <gpxtpx:cad>79</gpxtpx:cad>
            <gpxtpx:atemp>301.65</gpxtpx:atemp>
          </gpxtpx:TrackPointExtension>
        </extensions>
      </trkpt>
      <trkpt lat="31.094443" lon="35.370278">
        <ele>-270.4</ele>
        <time>2026-02-11T07:13:04.000Z</time>
        <extensions>
          <gpxtpx:TrackPointExtension>
            <gpxtpx:hr>154</gpxtpx:hr>
            <gpxtpx:cad>80</gpxtpx:cad>
            <gpxtpx:atemp>301.65</gpxtpx:atemp>
          </gpxtpx:TrackPointExtension>
        </extensions>
      </trkpt>
      <trkpt lat="31.094421" lon="35.370472">
        <ele>-270.1</ele>
        <time>2026-02-11T07:13:12.000Z</time>
        <extensions>
          <gpxtpx:TrackPointExtension>
            <gpxtpx:hr>153</gpxtpx:hr>
            <gpxtpx:cad>79</gpxtpx:cad>
            <gpxtpx:atemp>301.65</gpxtpx:atemp>
          </gpxtpx:TrackPointExtension>
        </extensions>
      </trkpt>
      <trkpt lat="31.094418" lon="35.370567">
        <ele>-269.8</ele>
        <time>2026-02-11T07:13:16.000Z</time>
        <extensions>
          <gpxtpx:TrackPointExtension>
            <gpxtpx:hr>153</gpxtpx:hr>
            <gpxtpx:cad>79</gpxtpx:cad>
            <gpxtpx:atemp>301.65</gpxtpx:atemp>
          </gpxtpx:TrackPointExtension>
        </extensions>
      </trkpt>
      <trkpt lat="31.094386" lon="35.370862">
        <ele>-268.3</ele>
        <time>2026-02-11T07:13:28.000Z</time>
        <extensions>
          <gpxtpx:TrackPointExtension>
            <gpxtpx:hr>153</gpxtpx:hr>
            <gpxtpx:cad>78</gpxtpx:cad>
            <gpxtpx:atemp>301.65</gpxtpx:atemp>
          </gpxtpx:TrackPointExtension>
        </extensions>
      </trkpt>
      <trkpt lat="31.094335" lon="35.371068">
        <ele>-266.5</ele>
        <time>2026-02-11T07:13:37.000Z</time>
        <extensions>
          <gpxtpx:TrackPointExtension>
            <gpxtpx:hr>155</gpxtpx:hr>
            <gpxtpx:cad>78</gpxtpx:cad>
            <gpxtpx:atemp>301.65</gpxtpx:atemp>
          </gpxtpx:TrackPointExtension>
        </extensions>
      </trkpt>
      <trkpt lat="31.094316" lon="35.371227">
        <ele>-265.6</ele>
        <time>2026-02-11T07:13:46.000Z</time>
        <extensions>
          <gpxtpx:TrackPointExtension>
            <gpxtpx:hr>155</gpxtpx:hr>
            <gpxtpx:cad>57</gpxtpx:cad>
            <gpxtpx:atemp>301.65</gpxtpx:atemp>
          </gpxtpx:TrackPointExtension>
        </extensions>
      </trkpt>
      <trkpt lat="31.094287" lon="35.371315">
        <ele>-265.1</ele>
        <time>2026-02-11T07:13:53.000Z</time>
        <extensions>
          <gpxtpx:TrackPointExtension>
            <gpxtpx:hr>151</gpxtpx:hr>
            <gpxtpx:cad>55</gpxtpx:cad>
            <gpxtpx:atemp>301.65</gpxtpx:atemp>
          </gpxtpx:TrackPointExtension>
        </extensions>
      </trkpt>
      <trkpt lat="31.094300" lon="35.371525">
        <ele>-264.4</ele>
        <time>2026-02-11T07:14:07.000Z</time>
        <extensions>
          <gpxtpx:TrackPointExtension>
            <gpxtpx:hr>151</gpxtpx:hr>
            <gpxtpx:cad>59</gpxtpx:cad>
            <gpxtpx:atemp>301.65</gpxtpx:atemp>
          </gpxtpx:TrackPointExtension>
        </extensions>
      </trkpt>
      <trkpt lat="31.094314" lon="35.371641">
        <ele>-264.2</ele>
        <time>2026-02-11T07:14:40.000Z</time>
        <extensions>
          <gpxtpx:TrackPointExtension>
            <gpxtpx:hr>138</gpxtpx:hr>
            <gpxtpx:cad>0</gpxtpx:cad>
            <gpxtpx:atemp>301.65</gpxtpx:atemp>
          </gpxtpx:TrackPointExtension>
        </extensions>
      </trkpt>
      <trkpt lat="31.094256" lon="35.371828">
        <ele>-263.1</ele>
        <time>2026-02-11T07:14:58.000Z</time>
        <extensions>
          <gpxtpx:TrackPointExtension>
            <gpxtpx:hr>126</gpxtpx:hr>
            <gpxtpx:cad>54</gpxtpx:cad>
            <gpxtpx:atemp>301.65</gpxtpx:atemp>
          </gpxtpx:TrackPointExtension>
        </extensions>
      </trkpt>
      <trkpt lat="31.094248" lon="35.372053">
        <ele>-262.9</ele>
        <time>2026-02-11T07:15:09.000Z</time>
        <extensions>
          <gpxtpx:TrackPointExtension>
            <gpxtpx:hr>124</gpxtpx:hr>
            <gpxtpx:cad>76</gpxtpx:cad>
            <gpxtpx:atemp>301.65</gpxtpx:atemp>
          </gpxtpx:TrackPointExtension>
        </extensions>
      </trkpt>
      <trkpt lat="31.094234" lon="35.372208">
        <ele>-263.1</ele>
        <time>2026-02-11T07:15:16.000Z</time>
        <extensions>
          <gpxtpx:TrackPointExtension>
            <gpxtpx:hr>128</gpxtpx:hr>
            <gpxtpx:cad>77</gpxtpx:cad>
            <gpxtpx:atemp>301.65</gpxtpx:atemp>
          </gpxtpx:TrackPointExtension>
        </extensions>
      </trkpt>
      <trkpt lat="31.094213" lon="35.372430">
        <ele>-263.3</ele>
        <time>2026-02-11T07:15:26.000Z</time>
        <extensions>
          <gpxtpx:TrackPointExtension>
            <gpxtpx:hr>133</gpxtpx:hr>
            <gpxtpx:cad>77</gpxtpx:cad>
            <gpxtpx:atemp>301.65</gpxtpx:atemp>
          </gpxtpx:TrackPointExtension>
        </extensions>
      </trkpt>
      <trkpt lat="31.094205" lon="35.372711">
        <ele>-263.3</ele>
        <time>2026-02-11T07:15:39.000Z</time>
        <extensions>
          <gpxtpx:TrackPointExtension>
            <gpxtpx:hr>136</gpxtpx:hr>
            <gpxtpx:cad>76</gpxtpx:cad>
            <gpxtpx:atemp>301.65</gpxtpx:atemp>
          </gpxtpx:TrackPointExtension>
        </extensions>
      </trkpt>
      <trkpt lat="31.094202" lon="35.372916">
        <ele>-262.7</ele>
        <time>2026-02-11T07:15:48.000Z</time>
        <extensions>
          <gpxtpx:TrackPointExtension>
            <gpxtpx:hr>142</gpxtpx:hr>
            <gpxtpx:cad>76</gpxtpx:cad>
            <gpxtpx:atemp>301.65</gpxtpx:atemp>
          </gpxtpx:TrackPointExtension>
        </extensions>
      </trkpt>
      <trkpt lat="31.094185" lon="35.373117">
        <ele>-262.3</ele>
        <time>2026-02-11T07:15:57.000Z</time>
        <extensions>
          <gpxtpx:TrackPointExtension>
            <gpxtpx:hr>144</gpxtpx:hr>
            <gpxtpx:cad>76</gpxtpx:cad>
            <gpxtpx:atemp>301.65</gpxtpx:atemp>
          </gpxtpx:TrackPointExtension>
        </extensions>
      </trkpt>
      <trkpt lat="31.094172" lon="35.373326">
        <ele>-261.1</ele>
        <time>2026-02-11T07:16:06.000Z</time>
        <extensions>
          <gpxtpx:TrackPointExtension>
            <gpxtpx:hr>144</gpxtpx:hr>
            <gpxtpx:cad>77</gpxtpx:cad>
            <gpxtpx:atemp>301.65</gpxtpx:atemp>
          </gpxtpx:TrackPointExtension>
        </extensions>
      </trkpt>
      <trkpt lat="31.094139" lon="35.373510">
        <ele>-261.1</ele>
        <time>2026-02-11T07:16:16.000Z</time>
        <extensions>
          <gpxtpx:TrackPointExtension>
            <gpxtpx:hr>146</gpxtpx:hr>
            <gpxtpx:cad>0</gpxtpx:cad>
            <gpxtpx:atemp>301.65</gpxtpx:atemp>
          </gpxtpx:TrackPointExtension>
        </extensions>
      </trkpt>
      <trkpt lat="31.094136" lon="35.373624">
        <ele>-260.3</ele>
        <time>2026-02-11T07:16:24.000Z</time>
        <extensions>
          <gpxtpx:TrackPointExtension>
            <gpxtpx:hr>146</gpxtpx:hr>
            <gpxtpx:cad>54</gpxtpx:cad>
            <gpxtpx:atemp>301.65</gpxtpx:atemp>
          </gpxtpx:TrackPointExtension>
        </extensions>
      </trkpt>
      <trkpt lat="31.094127" lon="35.373848">
        <ele>-258.1</ele>
        <time>2026-02-11T07:16:34.000Z</time>
        <extensions>
          <gpxtpx:TrackPointExtension>
            <gpxtpx:hr>146</gpxtpx:hr>
            <gpxtpx:cad>75</gpxtpx:cad>
            <gpxtpx:atemp>301.65</gpxtpx:atemp>
          </gpxtpx:TrackPointExtension>
        </extensions>
      </trkpt>
      <trkpt lat="31.094132" lon="35.374097">
        <ele>-255.1</ele>
        <time>2026-02-11T07:16:48.000Z</time>
        <extensions>
          <gpxtpx:TrackPointExtension>
            <gpxtpx:hr>146</gpxtpx:hr>
            <gpxtpx:cad>76</gpxtpx:cad>
            <gpxtpx:atemp>301.65</gpxtpx:atemp>
          </gpxtpx:TrackPointExtension>
        </extensions>
      </trkpt>
      <trkpt lat="31.094099" lon="35.374241">
        <ele>-253.9</ele>
        <time>2026-02-11T07:16:58.000Z</time>
        <extensions>
          <gpxtpx:TrackPointExtension>
            <gpxtpx:hr>154</gpxtpx:hr>
            <gpxtpx:cad>72</gpxtpx:cad>
            <gpxtpx:atemp>301.65</gpxtpx:atemp>
          </gpxtpx:TrackPointExtension>
        </extensions>
      </trkpt>
      <trkpt lat="31.094077" lon="35.374436">
        <ele>-252.4</ele>
        <time>2026-02-11T07:17:10.000Z</time>
        <extensions>
          <gpxtpx:TrackPointExtension>
            <gpxtpx:hr>161</gpxtpx:hr>
            <gpxtpx:cad>72</gpxtpx:cad>
            <gpxtpx:atemp>301.65</gpxtpx:atemp>
          </gpxtpx:TrackPointExtension>
        </extensions>
      </trkpt>
      <trkpt lat="31.094074" lon="35.374688">
        <ele>-250.5</ele>
        <time>2026-02-11T07:17:25.000Z</time>
        <extensions>
          <gpxtpx:TrackPointExtension>
            <gpxtpx:hr>162</gpxtpx:hr>
            <gpxtpx:cad>72</gpxtpx:cad>
            <gpxtpx:atemp>301.65</gpxtpx:atemp>
          </gpxtpx:TrackPointExtension>
        </extensions>
      </trkpt>
      <trkpt lat="31.094070" lon="35.374897">
        <ele>-249.7</ele>
        <time>2026-02-11T07:17:37.000Z</time>
        <extensions>
          <gpxtpx:TrackPointExtension>
            <gpxtpx:hr>160</gpxtpx:hr>
            <gpxtpx:cad>72</gpxtpx:cad>
            <gpxtpx:atemp>301.65</gpxtpx:atemp>
          </gpxtpx:TrackPointExtension>
        </extensions>
      </trkpt>
      <trkpt lat="31.094053" lon="35.374968">
        <ele>-249.5</ele>
        <time>2026-02-11T07:17:42.000Z</time>
        <extensions>
          <gpxtpx:TrackPointExtension>
            <gpxtpx:hr>158</gpxtpx:hr>
            <gpxtpx:cad>57</gpxtpx:cad>
            <gpxtpx:atemp>301.65</gpxtpx:atemp>
          </gpxtpx:TrackPointExtension>
        </extensions>
      </trkpt>
      <trkpt lat="31.094154" lon="35.375135">
        <ele>-248.5</ele>
        <time>2026-02-11T07:17:57.000Z</time>
        <extensions>
          <gpxtpx:TrackPointExtension>
            <gpxtpx:hr>156</gpxtpx:hr>
            <gpxtpx:cad>56</gpxtpx:cad>
            <gpxtpx:atemp>301.65</gpxtpx:atemp>
          </gpxtpx:TrackPointExtension>
        </extensions>
      </trkpt>
      <trkpt lat="31.094268" lon="35.375306">
        <ele>-247.4</ele>
        <time>2026-02-11T07:18:10.000Z</time>
        <extensions>
          <gpxtpx:TrackPointExtension>
            <gpxtpx:hr>154</gpxtpx:hr>
            <gpxtpx:cad>70</gpxtpx:cad>
            <gpxtpx:atemp>301.65</gpxtpx:atemp>
          </gpxtpx:TrackPointExtension>
        </extensions>
      </trkpt>
      <trkpt lat="31.094293" lon="35.375447">
        <ele>-246.7</ele>
        <time>2026-02-11T07:18:17.000Z</time>
        <extensions>
          <gpxtpx:TrackPointExtension>
            <gpxtpx:hr>152</gpxtpx:hr>
            <gpxtpx:cad>72</gpxtpx:cad>
            <gpxtpx:atemp>301.65</gpxtpx:atemp>
          </gpxtpx:TrackPointExtension>
        </extensions>
      </trkpt>
      <trkpt lat="31.094273" lon="35.375672">
        <ele>-245.2</ele>
        <time>2026-02-11T07:18:37.000Z</time>
        <extensions>
          <gpxtpx:TrackPointExtension>
            <gpxtpx:hr>149</gpxtpx:hr>
            <gpxtpx:cad>0</gpxtpx:cad>
            <gpxtpx:atemp>301.65</gpxtpx:atemp>
          </gpxtpx:TrackPointExtension>
        </extensions>
      </trkpt>
      <trkpt lat="31.094264" lon="35.375803">
        <ele>-244.5</ele>
        <time>2026-02-11T07:18:49.000Z</time>
        <extensions>
          <gpxtpx:TrackPointExtension>
            <gpxtpx:hr>148</gpxtpx:hr>
            <gpxtpx:cad>73</gpxtpx:cad>
            <gpxtpx:atemp>301.65</gpxtpx:atemp>
          </gpxtpx:TrackPointExtension>
        </extensions>
      </trkpt>
      <trkpt lat="31.094176" lon="35.375953">
        <ele>-243.0</ele>
        <time>2026-02-11T07:19:02.000Z</time>
        <extensions>
          <gpxtpx:TrackPointExtension>
            <gpxtpx:hr>151</gpxtpx:hr>
            <gpxtpx:cad>69</gpxtpx:cad>
            <gpxtpx:atemp>301.65</gpxtpx:atemp>
          </gpxtpx:TrackPointExtension>
        </extensions>
      </trkpt>
      <trkpt lat="31.094137" lon="35.376088">
        <ele>-241.8</ele>
        <time>2026-02-11T07:19:16.000Z</time>
        <extensions>
          <gpxtpx:TrackPointExtension>
            <gpxtpx:hr>154</gpxtpx:hr>
            <gpxtpx:cad>0</gpxtpx:cad>
            <gpxtpx:atemp>301.65</gpxtpx:atemp>
          </gpxtpx:TrackPointExtension>
        </extensions>
      </trkpt>
      <trkpt lat="31.094033" lon="35.376291">
        <ele>-242.1</ele>
        <time>2026-02-11T07:19:36.000Z</time>
        <extensions>
          <gpxtpx:TrackPointExtension>
            <gpxtpx:hr>160</gpxtpx:hr>
            <gpxtpx:cad>0</gpxtpx:cad>
            <gpxtpx:atemp>301.65</gpxtpx:atemp>
          </gpxtpx:TrackPointExtension>
        </extensions>
      </trkpt>
      <trkpt lat="31.093958" lon="35.376448">
        <ele>-242.1</ele>
        <time>2026-02-11T07:19:48.000Z</time>
        <extensions>
          <gpxtpx:TrackPointExtension>
            <gpxtpx:hr>159</gpxtpx:hr>
            <gpxtpx:cad>71</gpxtpx:cad>
            <gpxtpx:atemp>301.65</gpxtpx:atemp>
          </gpxtpx:TrackPointExtension>
        </extensions>
      </trkpt>
      <trkpt lat="31.093909" lon="35.376705">
        <ele>-242.1</ele>
        <time>2026-02-11T07:20:02.000Z</time>
        <extensions>
          <gpxtpx:TrackPointExtension>
            <gpxtpx:hr>152</gpxtpx:hr>
            <gpxtpx:cad>73</gpxtpx:cad>
            <gpxtpx:atemp>301.65</gpxtpx:atemp>
          </gpxtpx:TrackPointExtension>
        </extensions>
      </trkpt>
      <trkpt lat="31.093886" lon="35.376860">
        <ele>-241.4</ele>
        <time>2026-02-11T07:20:09.000Z</time>
        <extensions>
          <gpxtpx:TrackPointExtension>
            <gpxtpx:hr>150</gpxtpx:hr>
            <gpxtpx:cad>76</gpxtpx:cad>
            <gpxtpx:atemp>301.65</gpxtpx:atemp>
          </gpxtpx:TrackPointExtension>
        </extensions>
      </trkpt>
      <trkpt lat="31.093868" lon="35.377033">
        <ele>-241.1</ele>
        <time>2026-02-11T07:20:21.000Z</time>
        <extensions>
          <gpxtpx:TrackPointExtension>
            <gpxtpx:hr>148</gpxtpx:hr>
            <gpxtpx:cad>54</gpxtpx:cad>
            <gpxtpx:atemp>301.65</gpxtpx:atemp>
          </gpxtpx:TrackPointExtension>
        </extensions>
      </trkpt>
      <trkpt lat="31.093862" lon="35.377260">
        <ele>-241.1</ele>
        <time>2026-02-11T07:20:33.000Z</time>
        <extensions>
          <gpxtpx:TrackPointExtension>
            <gpxtpx:hr>140</gpxtpx:hr>
            <gpxtpx:cad>77</gpxtpx:cad>
            <gpxtpx:atemp>301.65</gpxtpx:atemp>
          </gpxtpx:TrackPointExtension>
        </extensions>
      </trkpt>
      <trkpt lat="31.093888" lon="35.377394">
        <ele>-241.0</ele>
        <time>2026-02-11T07:20:42.000Z</time>
        <extensions>
          <gpxtpx:TrackPointExtension>
            <gpxtpx:hr>140</gpxtpx:hr>
            <gpxtpx:cad>71</gpxtpx:cad>
            <gpxtpx:atemp>301.65</gpxtpx:atemp>
          </gpxtpx:TrackPointExtension>
        </extensions>
      </trkpt>
      <trkpt lat="31.094031" lon="35.377428">
        <ele>-241.0</ele>
        <time>2026-02-11T07:20:49.000Z</time>
        <extensions>
          <gpxtpx:TrackPointExtension>
            <gpxtpx:hr>134</gpxtpx:hr>
            <gpxtpx:cad>76</gpxtpx:cad>
            <gpxtpx:atemp>301.65</gpxtpx:atemp>
          </gpxtpx:TrackPointExtension>
        </extensions>
      </trkpt>
      <trkpt lat="31.094227" lon="35.377560">
        <ele>-241.3</ele>
        <time>2026-02-11T07:21:02.000Z</time>
        <extensions>
          <gpxtpx:TrackPointExtension>
            <gpxtpx:hr>135</gpxtpx:hr>
            <gpxtpx:cad>76</gpxtpx:cad>
            <gpxtpx:atemp>301.65</gpxtpx:atemp>
          </gpxtpx:TrackPointExtension>
        </extensions>
      </trkpt>
      <trkpt lat="31.094261" lon="35.377577">
        <ele>-241.6</ele>
        <time>2026-02-11T07:21:04.000Z</time>
        <extensions>
          <gpxtpx:TrackPointExtension>
            <gpxtpx:hr>136</gpxtpx:hr>
            <gpxtpx:cad>79</gpxtpx:cad>
            <gpxtpx:atemp>301.65</gpxtpx:atemp>
          </gpxtpx:TrackPointExtension>
        </extensions>
      </trkpt>
      <trkpt lat="31.094420" lon="35.377672">
        <ele>-241.9</ele>
        <time>2026-02-11T07:21:13.000Z</time>
        <extensions>
          <gpxtpx:TrackPointExtension>
            <gpxtpx:hr>138</gpxtpx:hr>
            <gpxtpx:cad>76</gpxtpx:cad>
            <gpxtpx:atemp>301.65</gpxtpx:atemp>
          </gpxtpx:TrackPointExtension>
        </extensions>
      </trkpt>
      <trkpt lat="31.094502" lon="35.377660">
        <ele>-242.0</ele>
        <time>2026-02-11T07:21:17.000Z</time>
        <extensions>
          <gpxtpx:TrackPointExtension>
            <gpxtpx:hr>138</gpxtpx:hr>
            <gpxtpx:cad>76</gpxtpx:cad>
            <gpxtpx:atemp>301.65</gpxtpx:atemp>
          </gpxtpx:TrackPointExtension>
        </extensions>
      </trkpt>
      <trkpt lat="31.094690" lon="35.377678">
        <ele>-242.0</ele>
        <time>2026-02-11T07:21:26.000Z</time>
        <extensions>
          <gpxtpx:TrackPointExtension>
            <gpxtpx:hr>140</gpxtpx:hr>
            <gpxtpx:cad>77</gpxtpx:cad>
            <gpxtpx:atemp>301.65</gpxtpx:atemp>
          </gpxtpx:TrackPointExtension>
        </extensions>
      </trkpt>
      <trkpt lat="31.094799" lon="35.377717">
        <ele>-242.0</ele>
        <time>2026-02-11T07:21:31.000Z</time>
        <extensions>
          <gpxtpx:TrackPointExtension>
            <gpxtpx:hr>141</gpxtpx:hr>
            <gpxtpx:cad>77</gpxtpx:cad>
            <gpxtpx:atemp>301.65</gpxtpx:atemp>
          </gpxtpx:TrackPointExtension>
        </extensions>
      </trkpt>
      <trkpt lat="31.094913" lon="35.377783">
        <ele>-242.0</ele>
        <time>2026-02-11T07:21:37.000Z</time>
        <extensions>
          <gpxtpx:TrackPointExtension>
            <gpxtpx:hr>141</gpxtpx:hr>
            <gpxtpx:cad>78</gpxtpx:cad>
            <gpxtpx:atemp>301.65</gpxtpx:atemp>
          </gpxtpx:TrackPointExtension>
        </extensions>
      </trkpt>
      <trkpt lat="31.094988" lon="35.377840">
        <ele>-242.0</ele>
        <time>2026-02-11T07:21:47.000Z</time>
        <extensions>
          <gpxtpx:TrackPointExtension>
            <gpxtpx:hr>141</gpxtpx:hr>
            <gpxtpx:cad>0</gpxtpx:cad>
            <gpxtpx:atemp>301.65</gpxtpx:atemp>
          </gpxtpx:TrackPointExtension>
        </extensions>
      </trkpt>
      <trkpt lat="31.095079" lon="35.377913">
        <ele>-242.1</ele>
        <time>2026-02-11T07:21:54.000Z</time>
        <extensions>
          <gpxtpx:TrackPointExtension>
            <gpxtpx:hr>137</gpxtpx:hr>
            <gpxtpx:cad>52</gpxtpx:cad>
            <gpxtpx:atemp>301.65</gpxtpx:atemp>
          </gpxtpx:TrackPointExtension>
        </extensions>
      </trkpt>
      <trkpt lat="31.095253" lon="35.378091">
        <ele>-243.0</ele>
        <time>2026-02-11T07:22:05.000Z</time>
        <extensions>
          <gpxtpx:TrackPointExtension>
            <gpxtpx:hr>141</gpxtpx:hr>
            <gpxtpx:cad>78</gpxtpx:cad>
            <gpxtpx:atemp>301.65</gpxtpx:atemp>
          </gpxtpx:TrackPointExtension>
        </extensions>
      </trkpt>
      <trkpt lat="31.095400" lon="35.378174">
        <ele>-243.2</ele>
        <time>2026-02-11T07:22:13.000Z</time>
        <extensions>
          <gpxtpx:TrackPointExtension>
            <gpxtpx:hr>141</gpxtpx:hr>
            <gpxtpx:cad>78</gpxtpx:cad>
            <gpxtpx:atemp>301.65</gpxtpx:atemp>
          </gpxtpx:TrackPointExtension>
        </extensions>
      </trkpt>
      <trkpt lat="31.095507" lon="35.378133">
        <ele>-243.5</ele>
        <time>2026-02-11T07:22:18.000Z</time>
        <extensions>
          <gpxtpx:TrackPointExtension>
            <gpxtpx:hr>140</gpxtpx:hr>
            <gpxtpx:cad>79</gpxtpx:cad>
            <gpxtpx:atemp>301.65</gpxtpx:atemp>
          </gpxtpx:TrackPointExtension>
        </extensions>
      </trkpt>
      <trkpt lat="31.095617" lon="35.378122">
        <ele>-243.7</ele>
        <time>2026-02-11T07:22:23.000Z</time>
        <extensions>
          <gpxtpx:TrackPointExtension>
            <gpxtpx:hr>141</gpxtpx:hr>
            <gpxtpx:cad>79</gpxtpx:cad>
            <gpxtpx:atemp>301.65</gpxtpx:atemp>
          </gpxtpx:TrackPointExtension>
        </extensions>
      </trkpt>
      <trkpt lat="31.095805" lon="35.378016">
        <ele>-244.3</ele>
        <time>2026-02-11T07:22:32.000Z</time>
        <extensions>
          <gpxtpx:TrackPointExtension>
            <gpxtpx:hr>143</gpxtpx:hr>
            <gpxtpx:cad>80</gpxtpx:cad>
            <gpxtpx:atemp>302.65</gpxtpx:atemp>
          </gpxtpx:TrackPointExtension>
        </extensions>
      </trkpt>
      <trkpt lat="31.095879" lon="35.377959">
        <ele>-244.5</ele>
        <time>2026-02-11T07:22:36.000Z</time>
        <extensions>
          <gpxtpx:TrackPointExtension>
            <gpxtpx:hr>144</gpxtpx:hr>
            <gpxtpx:cad>80</gpxtpx:cad>
            <gpxtpx:atemp>302.65</gpxtpx:atemp>
          </gpxtpx:TrackPointExtension>
        </extensions>
      </trkpt>
      <trkpt lat="31.095983" lon="35.377910">
        <ele>-244.9</ele>
        <time>2026-02-11T07:22:41.000Z</time>
        <extensions>
          <gpxtpx:TrackPointExtension>
            <gpxtpx:hr>145</gpxtpx:hr>
            <gpxtpx:cad>80</gpxtpx:cad>
            <gpxtpx:atemp>302.65</gpxtpx:atemp>
          </gpxtpx:TrackPointExtension>
        </extensions>
      </trkpt>
      <trkpt lat="31.096083" lon="35.377845">
        <ele>-245.2</ele>
        <time>2026-02-11T07:22:46.000Z</time>
        <extensions>
          <gpxtpx:TrackPointExtension>
            <gpxtpx:hr>146</gpxtpx:hr>
            <gpxtpx:cad>79</gpxtpx:cad>
            <gpxtpx:atemp>302.65</gpxtpx:atemp>
          </gpxtpx:TrackPointExtension>
        </extensions>
      </trkpt>
      <trkpt lat="31.096203" lon="35.377779">
        <ele>-245.6</ele>
        <time>2026-02-11T07:22:52.000Z</time>
        <extensions>
          <gpxtpx:TrackPointExtension>
            <gpxtpx:hr>147</gpxtpx:hr>
            <gpxtpx:cad>80</gpxtpx:cad>
            <gpxtpx:atemp>302.65</gpxtpx:atemp>
          </gpxtpx:TrackPointExtension>
        </extensions>
      </trkpt>
      <trkpt lat="31.096418" lon="35.377675">
        <ele>-246.2</ele>
        <time>2026-02-11T07:23:02.000Z</time>
        <extensions>
          <gpxtpx:TrackPointExtension>
            <gpxtpx:hr>148</gpxtpx:hr>
            <gpxtpx:cad>81</gpxtpx:cad>
            <gpxtpx:atemp>302.65</gpxtpx:atemp>
          </gpxtpx:TrackPointExtension>
        </extensions>
      </trkpt>
      <trkpt lat="31.096527" lon="35.377628">
        <ele>-246.6</ele>
        <time>2026-02-11T07:23:07.000Z</time>
        <extensions>
          <gpxtpx:TrackPointExtension>
            <gpxtpx:hr>148</gpxtpx:hr>
            <gpxtpx:cad>80</gpxtpx:cad>
            <gpxtpx:atemp>302.65</gpxtpx:atemp>
          </gpxtpx:TrackPointExtension>
        </extensions>
      </trkpt>
      <trkpt lat="31.096619" lon="35.377603">
        <ele>-246.8</ele>
        <time>2026-02-11T07:23:11.000Z</time>
        <extensions>
          <gpxtpx:TrackPointExtension>
            <gpxtpx:hr>148</gpxtpx:hr>
            <gpxtpx:cad>79</gpxtpx:cad>
            <gpxtpx:atemp>302.65</gpxtpx:atemp>
          </gpxtpx:TrackPointExtension>
        </extensions>
      </trkpt>
      <trkpt lat="31.096829" lon="35.377466">
        <ele>-247.4</ele>
        <time>2026-02-11T07:23:22.000Z</time>
        <extensions>
          <gpxtpx:TrackPointExtension>
            <gpxtpx:hr>150</gpxtpx:hr>
            <gpxtpx:cad>80</gpxtpx:cad>
            <gpxtpx:atemp>302.65</gpxtpx:atemp>
          </gpxtpx:TrackPointExtension>
        </extensions>
      </trkpt>
      <trkpt lat="31.097059" lon="35.377418">
        <ele>-248.1</ele>
        <time>2026-02-11T07:23:34.000Z</time>
        <extensions>
          <gpxtpx:TrackPointExtension>
            <gpxtpx:hr>149</gpxtpx:hr>
            <gpxtpx:cad>79</gpxtpx:cad>
            <gpxtpx:atemp>302.65</gpxtpx:atemp>
          </gpxtpx:TrackPointExtension>
        </extensions>
      </trkpt>
      <trkpt lat="31.097248" lon="35.377455">
        <ele>-248.7</ele>
        <time>2026-02-11T07:23:50.000Z</time>
        <extensions>
          <gpxtpx:TrackPointExtension>
            <gpxtpx:hr>147</gpxtpx:hr>
            <gpxtpx:cad>61</gpxtpx:cad>
            <gpxtpx:atemp>302.65</gpxtpx:atemp>
          </gpxtpx:TrackPointExtension>
        </extensions>
      </trkpt>
      <trkpt lat="31.097422" lon="35.377525">
        <ele>-249.2</ele>
        <time>2026-02-11T07:24:05.000Z</time>
        <extensions>
          <gpxtpx:TrackPointExtension>
            <gpxtpx:hr>137</gpxtpx:hr>
            <gpxtpx:cad>56</gpxtpx:cad>
            <gpxtpx:atemp>302.65</gpxtpx:atemp>
          </gpxtpx:TrackPointExtension>
        </extensions>
      </trkpt>
      <trkpt lat="31.097515" lon="35.377578">
        <ele>-249.4</ele>
        <time>2026-02-11T07:24:14.000Z</time>
        <extensions>
          <gpxtpx:TrackPointExtension>
            <gpxtpx:hr>136</gpxtpx:hr>
            <gpxtpx:cad>55</gpxtpx:cad>
            <gpxtpx:atemp>302.65</gpxtpx:atemp>
          </gpxtpx:TrackPointExtension>
        </extensions>
      </trkpt>
      <trkpt lat="31.097643" lon="35.377597">
        <ele>-249.7</ele>
        <time>2026-02-11T07:24:24.000Z</time>
        <extensions>
          <gpxtpx:TrackPointExtension>
            <gpxtpx:hr>132</gpxtpx:hr>
            <gpxtpx:cad>56</gpxtpx:cad>
            <gpxtpx:atemp>302.65</gpxtpx:atemp>
          </gpxtpx:TrackPointExtension>
        </extensions>
      </trkpt>
      <trkpt lat="31.097846" lon="35.377664">
        <ele>-250.1</ele>
        <time>2026-02-11T07:24:42.000Z</time>
        <extensions>
          <gpxtpx:TrackPointExtension>
            <gpxtpx:hr>130</gpxtpx:hr>
            <gpxtpx:cad>55</gpxtpx:cad>
            <gpxtpx:atemp>302.65</gpxtpx:atemp>
          </gpxtpx:TrackPointExtension>
        </extensions>
      </trkpt>
      <trkpt lat="31.097982" lon="35.377697">
        <ele>-250.4</ele>
        <time>2026-02-11T07:24:53.000Z</time>
        <extensions>
          <gpxtpx:TrackPointExtension>
            <gpxtpx:hr>127</gpxtpx:hr>
            <gpxtpx:cad>58</gpxtpx:cad>
            <gpxtpx:atemp>302.65</gpxtpx:atemp>
          </gpxtpx:TrackPointExtension>
        </extensions>
      </trkpt>
      <trkpt lat="31.098088" lon="35.377707">
        <ele>-250.6</ele>
        <time>2026-02-11T07:25:02.000Z</time>
        <extensions>
          <gpxtpx:TrackPointExtension>
            <gpxtpx:hr>126</gpxtpx:hr>
            <gpxtpx:cad>55</gpxtpx:cad>
            <gpxtpx:atemp>302.65</gpxtpx:atemp>
          </gpxtpx:TrackPointExtension>
        </extensions>
      </trkpt>
      <trkpt lat="31.098270" lon="35.377657">
        <ele>-251.0</ele>
        <time>2026-02-11T07:25:17.000Z</time>
        <extensions>
          <gpxtpx:TrackPointExtension>
            <gpxtpx:hr>123</gpxtpx:hr>
            <gpxtpx:cad>56</gpxtpx:cad>
            <gpxtpx:atemp>303.65</gpxtpx:atemp>
          </gpxtpx:TrackPointExtension>
        </extensions>
      </trkpt>
      <trkpt lat="31.098359" lon="35.377549">
        <ele>-251.3</ele>
        <time>2026-02-11T07:25:28.000Z</time>
        <extensions>
          <gpxtpx:TrackPointExtension>
            <gpxtpx:hr>128</gpxtpx:hr>
            <gpxtpx:cad>57</gpxtpx:cad>
            <gpxtpx:atemp>303.65</gpxtpx:atemp>
          </gpxtpx:TrackPointExtension>
        </extensions>
      </trkpt>
      <trkpt lat="31.098393" lon="35.377480">
        <ele>-251.5</ele>
        <time>2026-02-11T07:25:33.000Z</time>
        <extensions>
          <gpxtpx:TrackPointExtension>
            <gpxtpx:hr>129</gpxtpx:hr>
            <gpxtpx:cad>56</gpxtpx:cad>
            <gpxtpx:atemp>303.65</gpxtpx:atemp>
          </gpxtpx:TrackPointExtension>
        </extensions>
      </trkpt>
      <trkpt lat="31.098506" lon="35.377370">
        <ele>-251.8</ele>
        <time>2026-02-11T07:25:45.000Z</time>
        <extensions>
          <gpxtpx:TrackPointExtension>
            <gpxtpx:hr>127</gpxtpx:hr>
            <gpxtpx:cad>56</gpxtpx:cad>
            <gpxtpx:atemp>303.65</gpxtpx:atemp>
          </gpxtpx:TrackPointExtension>
        </extensions>
      </trkpt>
      <trkpt lat="31.098622" lon="35.377284">
        <ele>-252.1</ele>
        <time>2026-02-11T07:25:51.000Z</time>
        <extensions>
          <gpxtpx:TrackPointExtension>
            <gpxtpx:hr>127</gpxtpx:hr>
            <gpxtpx:cad>78</gpxtpx:cad>
            <gpxtpx:atemp>303.65</gpxtpx:atemp>
          </gpxtpx:TrackPointExtension>
        </extensions>
      </trkpt>
      <trkpt lat="31.098709" lon="35.377262">
        <ele>-252.4</ele>
        <time>2026-02-11T07:25:55.000Z</time>
        <extensions>
          <gpxtpx:TrackPointExtension>
            <gpxtpx:hr>128</gpxtpx:hr>
            <gpxtpx:cad>78</gpxtpx:cad>
            <gpxtpx:atemp>303.65</gpxtpx:atemp>
          </gpxtpx:TrackPointExtension>
        </extensions>
      </trkpt>
      <trkpt lat="31.098940" lon="35.377337">
        <ele>-253.2</ele>
        <time>2026-02-11T07:26:06.000Z</time>
        <extensions>
          <gpxtpx:TrackPointExtension>
            <gpxtpx:hr>137</gpxtpx:hr>
            <gpxtpx:cad>78</gpxtpx:cad>
            <gpxtpx:atemp>303.65</gpxtpx:atemp>
          </gpxtpx:TrackPointExtension>
        </extensions>
      </trkpt>
      <trkpt lat="31.099084" lon="35.377341">
        <ele>-253.6</ele>
        <time>2026-02-11T07:26:13.000Z</time>
        <extensions>
          <gpxtpx:TrackPointExtension>
            <gpxtpx:hr>141</gpxtpx:hr>
            <gpxtpx:cad>78</gpxtpx:cad>
            <gpxtpx:atemp>303.65</gpxtpx:atemp>
          </gpxtpx:TrackPointExtension>
        </extensions>
      </trkpt>
      <trkpt lat="31.099161" lon="35.377303">
        <ele>-253.8</ele>
        <time>2026-02-11T07:26:17.000Z</time>
        <extensions>
          <gpxtpx:TrackPointExtension>
            <gpxtpx:hr>142</gpxtpx:hr>
            <gpxtpx:cad>79</gpxtpx:cad>
            <gpxtpx:atemp>303.65</gpxtpx:atemp>
          </gpxtpx:TrackPointExtension>
        </extensions>
      </trkpt>
      <trkpt lat="31.099303" lon="35.377202">
        <ele>-254.3</ele>
        <time>2026-02-11T07:26:25.000Z</time>
        <extensions>
          <gpxtpx:TrackPointExtension>
            <gpxtpx:hr>146</gpxtpx:hr>
            <gpxtpx:cad>77</gpxtpx:cad>
            <gpxtpx:atemp>303.65</gpxtpx:atemp>
          </gpxtpx:TrackPointExtension>
        </extensions>
      </trkpt>
      <trkpt lat="31.099368" lon="35.377130">
        <ele>-254.7</ele>
        <time>2026-02-11T07:26:30.000Z</time>
        <extensions>
          <gpxtpx:TrackPointExtension>
            <gpxtpx:hr>146</gpxtpx:hr>
            <gpxtpx:cad>75</gpxtpx:cad>
            <gpxtpx:atemp>303.65</gpxtpx:atemp>
          </gpxtpx:TrackPointExtension>
        </extensions>
      </trkpt>
      <trkpt lat="31.099382" lon="35.376954">
        <ele>-255.3</ele>
        <time>2026-02-11T07:26:39.000Z</time>
        <extensions>
          <gpxtpx:TrackPointExtension>
            <gpxtpx:hr>148</gpxtpx:hr>
            <gpxtpx:cad>77</gpxtpx:cad>
            <gpxtpx:atemp>303.65</gpxtpx:atemp>
          </gpxtpx:TrackPointExtension>
        </extensions>
      </trkpt>
      <trkpt lat="31.099440" lon="35.376890">
        <ele>-255.6</ele>
        <time>2026-02-11T07:26:43.000Z</time>
        <extensions>
          <gpxtpx:TrackPointExtension>
            <gpxtpx:hr>149</gpxtpx:hr>
            <gpxtpx:cad>78</gpxtpx:cad>
            <gpxtpx:atemp>303.65</gpxtpx:atemp>
          </gpxtpx:TrackPointExtension>
        </extensions>
      </trkpt>
      <trkpt lat="31.099614" lon="35.376771">
        <ele>-256.5</ele>
        <time>2026-02-11T07:26:56.000Z</time>
        <extensions>
          <gpxtpx:TrackPointExtension>
            <gpxtpx:hr>151</gpxtpx:hr>
            <gpxtpx:cad>75</gpxtpx:cad>
            <gpxtpx:atemp>303.65</gpxtpx:atemp>
          </gpxtpx:TrackPointExtension>
        </extensions>
      </trkpt>
      <trkpt lat="31.099736" lon="35.376689">
        <ele>-257.0</ele>
        <time>2026-02-11T07:27:04.000Z</time>
        <extensions>
          <gpxtpx:TrackPointExtension>
            <gpxtpx:hr>154</gpxtpx:hr>
            <gpxtpx:cad>74</gpxtpx:cad>
            <gpxtpx:atemp>303.65</gpxtpx:atemp>
          </gpxtpx:TrackPointExtension>
        </extensions>
      </trkpt>
      <trkpt lat="31.099773" lon="35.376606">
        <ele>-257.3</ele>
        <time>2026-02-11T07:27:10.000Z</time>
        <extensions>
          <gpxtpx:TrackPointExtension>
            <gpxtpx:hr>155</gpxtpx:hr>
            <gpxtpx:cad>72</gpxtpx:cad>
            <gpxtpx:atemp>303.65</gpxtpx:atemp>
          </gpxtpx:TrackPointExtension>
        </extensions>
      </trkpt>
      <trkpt lat="31.099844" lon="35.376355">
        <ele>-258.2</ele>
        <time>2026-02-11T07:27:21.000Z</time>
        <extensions>
          <gpxtpx:TrackPointExtension>
            <gpxtpx:hr>153</gpxtpx:hr>
            <gpxtpx:cad>77</gpxtpx:cad>
            <gpxtpx:atemp>303.65</gpxtpx:atemp>
          </gpxtpx:TrackPointExtension>
        </extensions>
      </trkpt>
      <trkpt lat="31.100007" lon="35.376266">
        <ele>-258.8</ele>
        <time>2026-02-11T07:27:30.000Z</time>
        <extensions>
          <gpxtpx:TrackPointExtension>
            <gpxtpx:hr>152</gpxtpx:hr>
            <gpxtpx:cad>76</gpxtpx:cad>
            <gpxtpx:atemp>303.65</gpxtpx:atemp>
          </gpxtpx:TrackPointExtension>
        </extensions>
      </trkpt>
      <trkpt lat="31.100124" lon="35.376200">
        <ele>-259.3</ele>
        <time>2026-02-11T07:27:36.000Z</time>
        <extensions>
          <gpxtpx:TrackPointExtension>
            <gpxtpx:hr>150</gpxtpx:hr>
            <gpxtpx:cad>77</gpxtpx:cad>
            <gpxtpx:atemp>303.65</gpxtpx:atemp>
          </gpxtpx:TrackPointExtension>
        </extensions>
      </trkpt>
      <trkpt lat="31.100265" lon="35.376104">
        <ele>-260.1</ele>
        <time>2026-02-11T07:27:44.000Z</time>
        <extensions>
          <gpxtpx:TrackPointExtension>
            <gpxtpx:hr>150</gpxtpx:hr>
            <gpxtpx:cad>78</gpxtpx:cad>
            <gpxtpx:atemp>303.65</gpxtpx:atemp>
          </gpxtpx:TrackPointExtension>
        </extensions>
      </trkpt>
      <trkpt lat="31.100407" lon="35.376042">
        <ele>-260.7</ele>
        <time>2026-02-11T07:27:51.000Z</time>
        <extensions>
          <gpxtpx:TrackPointExtension>
            <gpxtpx:hr>149</gpxtpx:hr>
            <gpxtpx:cad>78</gpxtpx:cad>
            <gpxtpx:atemp>303.65</gpxtpx:atemp>
          </gpxtpx:TrackPointExtension>
        </extensions>
      </trkpt>
      <trkpt lat="31.100527" lon="35.376019">
        <ele>-261.0</ele>
        <time>2026-02-11T07:27:57.000Z</time>
        <extensions>
          <gpxtpx:TrackPointExtension>
            <gpxtpx:hr>149</gpxtpx:hr>
            <gpxtpx:cad>78</gpxtpx:cad>
            <gpxtpx:atemp>303.65</gpxtpx:atemp>
          </gpxtpx:TrackPointExtension>
        </extensions>
      </trkpt>
      <trkpt lat="31.100623" lon="35.375960">
        <ele>-261.2</ele>
        <time>2026-02-11T07:28:02.000Z</time>
        <extensions>
          <gpxtpx:TrackPointExtension>
            <gpxtpx:hr>149</gpxtpx:hr>
            <gpxtpx:cad>78</gpxtpx:cad>
            <gpxtpx:atemp>303.65</gpxtpx:atemp>
          </gpxtpx:TrackPointExtension>
        </extensions>
      </trkpt>
      <trkpt lat="31.100639" lon="35.375781">
        <ele>-261.3</ele>
        <time>2026-02-11T07:28:10.000Z</time>
        <extensions>
          <gpxtpx:TrackPointExtension>
            <gpxtpx:hr>149</gpxtpx:hr>
            <gpxtpx:cad>76</gpxtpx:cad>
            <gpxtpx:atemp>303.65</gpxtpx:atemp>
          </gpxtpx:TrackPointExtension>
        </extensions>
      </trkpt>
      <trkpt lat="31.100680" lon="35.375554">
        <ele>-262.0</ele>
        <time>2026-02-11T07:28:19.000Z</time>
        <extensions>
          <gpxtpx:TrackPointExtension>
            <gpxtpx:hr>147</gpxtpx:hr>
            <gpxtpx:cad>77</gpxtpx:cad>
            <gpxtpx:atemp>303.65</gpxtpx:atemp>
          </gpxtpx:TrackPointExtension>
        </extensions>
      </trkpt>
      <trkpt lat="31.100693" lon="35.375432">
        <ele>-262.3</ele>
        <time>2026-02-11T07:28:24.000Z</time>
        <extensions>
          <gpxtpx:TrackPointExtension>
            <gpxtpx:hr>147</gpxtpx:hr>
            <gpxtpx:cad>79</gpxtpx:cad>
            <gpxtpx:atemp>303.65</gpxtpx:atemp>
          </gpxtpx:TrackPointExtension>
        </extensions>
      </trkpt>
      <trkpt lat="31.100722" lon="35.375329">
        <ele>-262.5</ele>
        <time>2026-02-11T07:28:28.000Z</time>
        <extensions>
          <gpxtpx:TrackPointExtension>
            <gpxtpx:hr>148</gpxtpx:hr>
            <gpxtpx:cad>79</gpxtpx:cad>
            <gpxtpx:atemp>303.65</gpxtpx:atemp>
          </gpxtpx:TrackPointExtension>
        </extensions>
      </trkpt>
      <trkpt lat="31.100830" lon="35.375246">
        <ele>-262.7</ele>
        <time>2026-02-11T07:28:35.000Z</time>
        <extensions>
          <gpxtpx:TrackPointExtension>
            <gpxtpx:hr>148</gpxtpx:hr>
            <gpxtpx:cad>80</gpxtpx:cad>
            <gpxtpx:atemp>303.65</gpxtpx:atemp>
          </gpxtpx:TrackPointExtension>
        </extensions>
      </trkpt>
      <trkpt lat="31.100914" lon="35.375377">
        <ele>-263.0</ele>
        <time>2026-02-11T07:28:41.000Z</time>
        <extensions>
          <gpxtpx:TrackPointExtension>
            <gpxtpx:hr>147</gpxtpx:hr>
            <gpxtpx:cad>79</gpxtpx:cad>
            <gpxtpx:atemp>303.65</gpxtpx:atemp>
          </gpxtpx:TrackPointExtension>
        </extensions>
      </trkpt>
      <trkpt lat="31.100975" lon="35.375519">
        <ele>-263.8</ele>
        <time>2026-02-11T07:28:47.000Z</time>
        <extensions>
          <gpxtpx:TrackPointExtension>
            <gpxtpx:hr>147</gpxtpx:hr>
            <gpxtpx:cad>79</gpxtpx:cad>
            <gpxtpx:atemp>303.65</gpxtpx:atemp>
          </gpxtpx:TrackPointExtension>
        </extensions>
      </trkpt>
      <trkpt lat="31.101079" lon="35.375686">
        <ele>-264.7</ele>
        <time>2026-02-11T07:28:55.000Z</time>
        <extensions>
          <gpxtpx:TrackPointExtension>
            <gpxtpx:hr>148</gpxtpx:hr>
            <gpxtpx:cad>81</gpxtpx:cad>
            <gpxtpx:atemp>303.65</gpxtpx:atemp>
          </gpxtpx:TrackPointExtension>
        </extensions>
      </trkpt>
      <trkpt lat="31.101125" lon="35.375781">
        <ele>-265.1</ele>
        <time>2026-02-11T07:28:59.000Z</time>
        <extensions>
          <gpxtpx:TrackPointExtension>
            <gpxtpx:hr>148</gpxtpx:hr>
            <gpxtpx:cad>80</gpxtpx:cad>
            <gpxtpx:atemp>303.65</gpxtpx:atemp>
          </gpxtpx:TrackPointExtension>
        </extensions>
      </trkpt>
      <trkpt lat="31.101228" lon="35.376067">
        <ele>-265.7</ele>
        <time>2026-02-11T07:29:11.000Z</time>
        <extensions>
          <gpxtpx:TrackPointExtension>
            <gpxtpx:hr>149</gpxtpx:hr>
            <gpxtpx:cad>80</gpxtpx:cad>
            <gpxtpx:atemp>302.65</gpxtpx:atemp>
          </gpxtpx:TrackPointExtension>
        </extensions>
      </trkpt>
      <trkpt lat="31.101271" lon="35.376116">
        <ele>-265.8</ele>
        <time>2026-02-11T07:29:14.000Z</time>
        <extensions>
          <gpxtpx:TrackPointExtension>
            <gpxtpx:hr>148</gpxtpx:hr>
            <gpxtpx:cad>80</gpxtpx:cad>
            <gpxtpx:atemp>302.65</gpxtpx:atemp>
          </gpxtpx:TrackPointExtension>
        </extensions>
      </trkpt>
      <trkpt lat="31.101411" lon="35.376148">
        <ele>-266.1</ele>
        <time>2026-02-11T07:29:20.000Z</time>
        <extensions>
          <gpxtpx:TrackPointExtension>
            <gpxtpx:hr>149</gpxtpx:hr>
            <gpxtpx:cad>78</gpxtpx:cad>
            <gpxtpx:atemp>302.65</gpxtpx:atemp>
          </gpxtpx:TrackPointExtension>
        </extensions>
      </trkpt>
      <trkpt lat="31.101597" lon="35.376136">
        <ele>-266.6</ele>
        <time>2026-02-11T07:29:29.000Z</time>
        <extensions>
          <gpxtpx:TrackPointExtension>
            <gpxtpx:hr>151</gpxtpx:hr>
            <gpxtpx:cad>80</gpxtpx:cad>
            <gpxtpx:atemp>302.65</gpxtpx:atemp>
          </gpxtpx:TrackPointExtension>
        </extensions>
      </trkpt>
      <trkpt lat="31.101685" lon="35.376061">
        <ele>-266.9</ele>
        <time>2026-02-11T07:29:35.000Z</time>
        <extensions>
          <gpxtpx:TrackPointExtension>
            <gpxtpx:hr>152</gpxtpx:hr>
            <gpxtpx:cad>79</gpxtpx:cad>
            <gpxtpx:atemp>302.65</gpxtpx:atemp>
          </gpxtpx:TrackPointExtension>
        </extensions>
      </trkpt>
      <trkpt lat="31.101798" lon="35.375986">
        <ele>-267.2</ele>
        <time>2026-02-11T07:29:42.000Z</time>
        <extensions>
          <gpxtpx:TrackPointExtension>
            <gpxtpx:hr>150</gpxtpx:hr>
            <gpxtpx:cad>74</gpxtpx:cad>
            <gpxtpx:atemp>302.65</gpxtpx:atemp>
          </gpxtpx:TrackPointExtension>
        </extensions>
      </trkpt>
      <trkpt lat="31.101892" lon="35.375814">
        <ele>-267.6</ele>
        <time>2026-02-11T07:29:55.000Z</time>
        <extensions>
          <gpxtpx:TrackPointExtension>
            <gpxtpx:hr>148</gpxtpx:hr>
            <gpxtpx:cad>65</gpxtpx:cad>
            <gpxtpx:atemp>303.65</gpxtpx:atemp>
          </gpxtpx:TrackPointExtension>
        </extensions>
      </trkpt>
      <trkpt lat="31.102054" lon="35.375735">
        <ele>-268.3</ele>
        <time>2026-02-11T07:30:03.000Z</time>
        <extensions>
          <gpxtpx:TrackPointExtension>
            <gpxtpx:hr>146</gpxtpx:hr>
            <gpxtpx:cad>78</gpxtpx:cad>
            <gpxtpx:atemp>303.65</gpxtpx:atemp>
          </gpxtpx:TrackPointExtension>
        </extensions>
      </trkpt>
      <trkpt lat="31.102102" lon="35.375590">
        <ele>-268.8</ele>
        <time>2026-02-11T07:30:09.000Z</time>
        <extensions>
          <gpxtpx:TrackPointExtension>
            <gpxtpx:hr>147</gpxtpx:hr>
            <gpxtpx:cad>78</gpxtpx:cad>
            <gpxtpx:atemp>303.65</gpxtpx:atemp>
          </gpxtpx:TrackPointExtension>
        </extensions>
      </trkpt>
      <trkpt lat="31.102158" lon="35.375397">
        <ele>-269.6</ele>
        <time>2026-02-11T07:30:17.000Z</time>
        <extensions>
          <gpxtpx:TrackPointExtension>
            <gpxtpx:hr>147</gpxtpx:hr>
            <gpxtpx:cad>80</gpxtpx:cad>
            <gpxtpx:atemp>303.65</gpxtpx:atemp>
          </gpxtpx:TrackPointExtension>
        </extensions>
      </trkpt>
      <trkpt lat="31.102233" lon="35.375202">
        <ele>-270.1</ele>
        <time>2026-02-11T07:30:25.000Z</time>
        <extensions>
          <gpxtpx:TrackPointExtension>
            <gpxtpx:hr>148</gpxtpx:hr>
            <gpxtpx:cad>80</gpxtpx:cad>
            <gpxtpx:atemp>303.65</gpxtpx:atemp>
          </gpxtpx:TrackPointExtension>
        </extensions>
      </trkpt>
      <trkpt lat="31.102276" lon="35.375003">
        <ele>-270.5</ele>
        <time>2026-02-11T07:30:33.000Z</time>
        <extensions>
          <gpxtpx:TrackPointExtension>
            <gpxtpx:hr>152</gpxtpx:hr>
            <gpxtpx:cad>81</gpxtpx:cad>
            <gpxtpx:atemp>303.65</gpxtpx:atemp>
          </gpxtpx:TrackPointExtension>
        </extensions>
      </trkpt>
      <trkpt lat="31.102324" lon="35.374923">
        <ele>-270.6</ele>
        <time>2026-02-11T07:30:37.000Z</time>
        <extensions>
          <gpxtpx:TrackPointExtension>
            <gpxtpx:hr>152</gpxtpx:hr>
            <gpxtpx:cad>81</gpxtpx:cad>
            <gpxtpx:atemp>303.65</gpxtpx:atemp>
          </gpxtpx:TrackPointExtension>
        </extensions>
      </trkpt>
      <trkpt lat="31.102515" lon="35.374838">
        <ele>-271.1</ele>
        <time>2026-02-11T07:30:46.000Z</time>
        <extensions>
          <gpxtpx:TrackPointExtension>
            <gpxtpx:hr>151</gpxtpx:hr>
            <gpxtpx:cad>80</gpxtpx:cad>
            <gpxtpx:atemp>303.65</gpxtpx:atemp>
          </gpxtpx:TrackPointExtension>
        </extensions>
      </trkpt>
      <trkpt lat="31.102616" lon="35.374672">
        <ele>-271.4</ele>
        <time>2026-02-11T07:30:54.000Z</time>
        <extensions>
          <gpxtpx:TrackPointExtension>
            <gpxtpx:hr>152</gpxtpx:hr>
            <gpxtpx:cad>79</gpxtpx:cad>
            <gpxtpx:atemp>303.65</gpxtpx:atemp>
          </gpxtpx:TrackPointExtension>
        </extensions>
      </trkpt>
      <trkpt lat="31.102665" lon="35.374493">
        <ele>-271.8</ele>
        <time>2026-02-11T07:31:02.000Z</time>
        <extensions>
          <gpxtpx:TrackPointExtension>
            <gpxtpx:hr>152</gpxtpx:hr>
            <gpxtpx:cad>80</gpxtpx:cad>
            <gpxtpx:atemp>303.65</gpxtpx:atemp>
          </gpxtpx:TrackPointExtension>
        </extensions>
      </trkpt>
      <trkpt lat="31.102761" lon="35.374546">
        <ele>-272.3</ele>
        <time>2026-02-11T07:31:07.000Z</time>
        <extensions>
          <gpxtpx:TrackPointExtension>
            <gpxtpx:hr>151</gpxtpx:hr>
            <gpxtpx:cad>78</gpxtpx:cad>
            <gpxtpx:atemp>303.65</gpxtpx:atemp>
          </gpxtpx:TrackPointExtension>
        </extensions>
      </trkpt>
      <trkpt lat="31.102913" lon="35.374662">
        <ele>-273.3</ele>
        <time>2026-02-11T07:31:15.000Z</time>
        <extensions>
          <gpxtpx:TrackPointExtension>
            <gpxtpx:hr>153</gpxtpx:hr>
            <gpxtpx:cad>79</gpxtpx:cad>
            <gpxtpx:atemp>302.65</gpxtpx:atemp>
          </gpxtpx:TrackPointExtension>
        </extensions>
      </trkpt>
      <trkpt lat="31.103088" lon="35.374720">
        <ele>-274.1</ele>
        <time>2026-02-11T07:31:23.000Z</time>
        <extensions>
          <gpxtpx:TrackPointExtension>
            <gpxtpx:hr>152</gpxtpx:hr>
            <gpxtpx:cad>80</gpxtpx:cad>
            <gpxtpx:atemp>302.65</gpxtpx:atemp>
          </gpxtpx:TrackPointExtension>
        </extensions>
      </trkpt>
      <trkpt lat="31.103224" lon="35.374744">
        <ele>-274.6</ele>
        <time>2026-02-11T07:31:29.000Z</time>
        <extensions>
          <gpxtpx:TrackPointExtension>
            <gpxtpx:hr>153</gpxtpx:hr>
            <gpxtpx:cad>81</gpxtpx:cad>
            <gpxtpx:atemp>302.65</gpxtpx:atemp>
          </gpxtpx:TrackPointExtension>
        </extensions>
      </trkpt>
      <trkpt lat="31.103327" lon="35.374760">
        <ele>-274.9</ele>
        <time>2026-02-11T07:31:34.000Z</time>
        <extensions>
          <gpxtpx:TrackPointExtension>
            <gpxtpx:hr>153</gpxtpx:hr>
            <gpxtpx:cad>80</gpxtpx:cad>
            <gpxtpx:atemp>302.65</gpxtpx:atemp>
          </gpxtpx:TrackPointExtension>
        </extensions>
      </trkpt>
      <trkpt lat="31.103601" lon="35.374904">
        <ele>-275.6</ele>
        <time>2026-02-11T07:31:47.000Z</time>
        <extensions>
          <gpxtpx:TrackPointExtension>
            <gpxtpx:hr>153</gpxtpx:hr>
            <gpxtpx:cad>80</gpxtpx:cad>
            <gpxtpx:atemp>302.65</gpxtpx:atemp>
          </gpxtpx:TrackPointExtension>
        </extensions>
      </trkpt>
      <trkpt lat="31.103788" lon="35.374929">
        <ele>-275.8</ele>
        <time>2026-02-11T07:31:56.000Z</time>
        <extensions>
          <gpxtpx:TrackPointExtension>
            <gpxtpx:hr>153</gpxtpx:hr>
            <gpxtpx:cad>81</gpxtpx:cad>
            <gpxtpx:atemp>302.65</gpxtpx:atemp>
          </gpxtpx:TrackPointExtension>
        </extensions>
      </trkpt>
      <trkpt lat="31.103870" lon="35.374881">
        <ele>-276.0</ele>
        <time>2026-02-11T07:32:01.000Z</time>
        <extensions>
          <gpxtpx:TrackPointExtension>
            <gpxtpx:hr>153</gpxtpx:hr>
            <gpxtpx:cad>79</gpxtpx:cad>
            <gpxtpx:atemp>302.65</gpxtpx:atemp>
          </gpxtpx:TrackPointExtension>
        </extensions>
      </trkpt>
      <trkpt lat="31.103925" lon="35.374633">
        <ele>-276.9</ele>
        <time>2026-02-11T07:32:11.000Z</time>
        <extensions>
          <gpxtpx:TrackPointExtension>
            <gpxtpx:hr>153</gpxtpx:hr>
            <gpxtpx:cad>80</gpxtpx:cad>
            <gpxtpx:atemp>302.65</gpxtpx:atemp>
          </gpxtpx:TrackPointExtension>
        </extensions>
      </trkpt>
      <trkpt lat="31.103946" lon="35.374581">
        <ele>-277.1</ele>
        <time>2026-02-11T07:32:13.000Z</time>
        <extensions>
          <gpxtpx:TrackPointExtension>
            <gpxtpx:hr>153</gpxtpx:hr>
            <gpxtpx:cad>80</gpxtpx:cad>
            <gpxtpx:atemp>302.65</gpxtpx:atemp>
          </gpxtpx:TrackPointExtension>
        </extensions>
      </trkpt>
      <trkpt lat="31.103980" lon="35.374400">
        <ele>-277.6</ele>
        <time>2026-02-11T07:32:20.000Z</time>
        <extensions>
          <gpxtpx:TrackPointExtension>
            <gpxtpx:hr>153</gpxtpx:hr>
            <gpxtpx:cad>82</gpxtpx:cad>
            <gpxtpx:atemp>302.65</gpxtpx:atemp>
          </gpxtpx:TrackPointExtension>
        </extensions>
      </trkpt>
      <trkpt lat="31.104116" lon="35.374264">
        <ele>-278.1</ele>
        <time>2026-02-11T07:32:29.000Z</time>
        <extensions>
          <gpxtpx:TrackPointExtension>
            <gpxtpx:hr>153</gpxtpx:hr>
            <gpxtpx:cad>80</gpxtpx:cad>
            <gpxtpx:atemp>302.65</gpxtpx:atemp>
          </gpxtpx:TrackPointExtension>
        </extensions>
      </trkpt>
      <trkpt lat="31.104243" lon="35.374339">
        <ele>-278.5</ele>
        <time>2026-02-11T07:32:35.000Z</time>
        <extensions>
          <gpxtpx:TrackPointExtension>
            <gpxtpx:hr>153</gpxtpx:hr>
            <gpxtpx:cad>80</gpxtpx:cad>
            <gpxtpx:atemp>302.65</gpxtpx:atemp>
          </gpxtpx:TrackPointExtension>
        </extensions>
      </trkpt>
      <trkpt lat="31.104377" lon="35.374403">
        <ele>-279.0</ele>
        <time>2026-02-11T07:32:43.000Z</time>
        <extensions>
          <gpxtpx:TrackPointExtension>
            <gpxtpx:hr>153</gpxtpx:hr>
            <gpxtpx:cad>81</gpxtpx:cad>
            <gpxtpx:atemp>302.65</gpxtpx:atemp>
          </gpxtpx:TrackPointExtension>
        </extensions>
      </trkpt>
      <trkpt lat="31.104561" lon="35.374535">
        <ele>-279.3</ele>
        <time>2026-02-11T07:32:59.000Z</time>
        <extensions>
          <gpxtpx:TrackPointExtension>
            <gpxtpx:hr>148</gpxtpx:hr>
            <gpxtpx:cad>59</gpxtpx:cad>
            <gpxtpx:atemp>302.65</gpxtpx:atemp>
          </gpxtpx:TrackPointExtension>
        </extensions>
      </trkpt>
      <trkpt lat="31.104626" lon="35.374557">
        <ele>-279.3</ele>
        <time>2026-02-11T07:33:04.000Z</time>
        <extensions>
          <gpxtpx:TrackPointExtension>
            <gpxtpx:hr>149</gpxtpx:hr>
            <gpxtpx:cad>60</gpxtpx:cad>
            <gpxtpx:atemp>302.65</gpxtpx:atemp>
          </gpxtpx:TrackPointExtension>
        </extensions>
      </trkpt>
      <trkpt lat="31.104668" lon="35.374437">
        <ele>-279.6</ele>
        <time>2026-02-11T07:33:14.000Z</time>
        <extensions>
          <gpxtpx:TrackPointExtension>
            <gpxtpx:hr>148</gpxtpx:hr>
            <gpxtpx:cad>59</gpxtpx:cad>
            <gpxtpx:atemp>303.65</gpxtpx:atemp>
          </gpxtpx:TrackPointExtension>
        </extensions>
      </trkpt>
      <trkpt lat="31.104602" lon="35.374272">
        <ele>-280.1</ele>
        <time>2026-02-11T07:33:21.000Z</time>
        <extensions>
          <gpxtpx:TrackPointExtension>
            <gpxtpx:hr>146</gpxtpx:hr>
            <gpxtpx:cad>78</gpxtpx:cad>
            <gpxtpx:atemp>303.65</gpxtpx:atemp>
          </gpxtpx:TrackPointExtension>
        </extensions>
      </trkpt>
      <trkpt lat="31.104697" lon="35.374213">
        <ele>-280.6</ele>
        <time>2026-02-11T07:33:26.000Z</time>
        <extensions>
          <gpxtpx:TrackPointExtension>
            <gpxtpx:hr>143</gpxtpx:hr>
            <gpxtpx:cad>79</gpxtpx:cad>
            <gpxtpx:atemp>303.65</gpxtpx:atemp>
          </gpxtpx:TrackPointExtension>
        </extensions>
      </trkpt>
      <trkpt lat="31.104922" lon="35.374326">
        <ele>-281.5</ele>
        <time>2026-02-11T07:33:37.000Z</time>
        <extensions>
          <gpxtpx:TrackPointExtension>
            <gpxtpx:hr>142</gpxtpx:hr>
            <gpxtpx:cad>80</gpxtpx:cad>
            <gpxtpx:atemp>303.65</gpxtpx:atemp>
          </gpxtpx:TrackPointExtension>
        </extensions>
      </trkpt>
      <trkpt lat="31.105080" lon="35.374306">
        <ele>-281.8</ele>
        <time>2026-02-11T07:33:45.000Z</time>
        <extensions>
          <gpxtpx:TrackPointExtension>
            <gpxtpx:hr>143</gpxtpx:hr>
            <gpxtpx:cad>79</gpxtpx:cad>
            <gpxtpx:atemp>303.65</gpxtpx:atemp>
          </gpxtpx:TrackPointExtension>
        </extensions>
      </trkpt>
      <trkpt lat="31.105120" lon="35.374173">
        <ele>-282.2</ele>
        <time>2026-02-11T07:33:51.000Z</time>
        <extensions>
          <gpxtpx:TrackPointExtension>
            <gpxtpx:hr>143</gpxtpx:hr>
            <gpxtpx:cad>78</gpxtpx:cad>
            <gpxtpx:atemp>303.65</gpxtpx:atemp>
          </gpxtpx:TrackPointExtension>
        </extensions>
      </trkpt>
      <trkpt lat="31.105153" lon="35.374076">
        <ele>-282.6</ele>
        <time>2026-02-11T07:33:55.000Z</time>
        <extensions>
          <gpxtpx:TrackPointExtension>
            <gpxtpx:hr>142</gpxtpx:hr>
            <gpxtpx:cad>78</gpxtpx:cad>
            <gpxtpx:atemp>302.65</gpxtpx:atemp>
          </gpxtpx:TrackPointExtension>
        </extensions>
      </trkpt>
      <trkpt lat="31.105254" lon="35.373975">
        <ele>-283.1</ele>
        <time>2026-02-11T07:34:01.000Z</time>
        <extensions>
          <gpxtpx:TrackPointExtension>
            <gpxtpx:hr>144</gpxtpx:hr>
            <gpxtpx:cad>79</gpxtpx:cad>
            <gpxtpx:atemp>302.65</gpxtpx:atemp>
          </gpxtpx:TrackPointExtension>
        </extensions>
      </trkpt>
      <trkpt lat="31.105379" lon="35.374021">
        <ele>-283.7</ele>
        <time>2026-02-11T07:34:07.000Z</time>
        <extensions>
          <gpxtpx:TrackPointExtension>
            <gpxtpx:hr>145</gpxtpx:hr>
            <gpxtpx:cad>79</gpxtpx:cad>
            <gpxtpx:atemp>302.65</gpxtpx:atemp>
          </gpxtpx:TrackPointExtension>
        </extensions>
      </trkpt>
      <trkpt lat="31.105479" lon="35.374120">
        <ele>-284.1</ele>
        <time>2026-02-11T07:34:13.000Z</time>
        <extensions>
          <gpxtpx:TrackPointExtension>
            <gpxtpx:hr>146</gpxtpx:hr>
            <gpxtpx:cad>79</gpxtpx:cad>
            <gpxtpx:atemp>302.65</gpxtpx:atemp>
          </gpxtpx:TrackPointExtension>
        </extensions>
      </trkpt>
      <trkpt lat="31.105581" lon="35.374221">
        <ele>-284.3</ele>
        <time>2026-02-11T07:34:19.000Z</time>
        <extensions>
          <gpxtpx:TrackPointExtension>
            <gpxtpx:hr>147</gpxtpx:hr>
            <gpxtpx:cad>80</gpxtpx:cad>
            <gpxtpx:atemp>303.65</gpxtpx:atemp>
          </gpxtpx:TrackPointExtension>
        </extensions>
      </trkpt>
      <trkpt lat="31.105711" lon="35.374209">
        <ele>-284.5</ele>
        <time>2026-02-11T07:34:25.000Z</time>
        <extensions>
          <gpxtpx:TrackPointExtension>
            <gpxtpx:hr>150</gpxtpx:hr>
            <gpxtpx:cad>79</gpxtpx:cad>
            <gpxtpx:atemp>303.65</gpxtpx:atemp>
          </gpxtpx:TrackPointExtension>
        </extensions>
      </trkpt>
      <trkpt lat="31.105649" lon="35.373919">
        <ele>-285.5</ele>
        <time>2026-02-11T07:34:36.000Z</time>
        <extensions>
          <gpxtpx:TrackPointExtension>
            <gpxtpx:hr>151</gpxtpx:hr>
            <gpxtpx:cad>81</gpxtpx:cad>
            <gpxtpx:atemp>302.65</gpxtpx:atemp>
          </gpxtpx:TrackPointExtension>
        </extensions>
      </trkpt>
      <trkpt lat="31.105741" lon="35.373848">
        <ele>-286.0</ele>
        <time>2026-02-11T07:34:43.000Z</time>
        <extensions>
          <gpxtpx:TrackPointExtension>
            <gpxtpx:hr>150</gpxtpx:hr>
            <gpxtpx:cad>79</gpxtpx:cad>
            <gpxtpx:atemp>302.65</gpxtpx:atemp>
          </gpxtpx:TrackPointExtension>
        </extensions>
      </trkpt>
      <trkpt lat="31.105812" lon="35.373920">
        <ele>-286.5</ele>
        <time>2026-02-11T07:34:47.000Z</time>
        <extensions>
          <gpxtpx:TrackPointExtension>
            <gpxtpx:hr>150</gpxtpx:hr>
            <gpxtpx:cad>78</gpxtpx:cad>
            <gpxtpx:atemp>302.65</gpxtpx:atemp>
          </gpxtpx:TrackPointExtension>
        </extensions>
      </trkpt>
      <trkpt lat="31.105863" lon="35.374041">
        <ele>-287.0</ele>
        <time>2026-02-11T07:34:52.000Z</time>
        <extensions>
          <gpxtpx:TrackPointExtension>
            <gpxtpx:hr>149</gpxtpx:hr>
            <gpxtpx:cad>79</gpxtpx:cad>
            <gpxtpx:atemp>302.65</gpxtpx:atemp>
          </gpxtpx:TrackPointExtension>
        </extensions>
      </trkpt>
      <trkpt lat="31.105913" lon="35.374203">
        <ele>-287.4</ele>
        <time>2026-02-11T07:34:59.000Z</time>
        <extensions>
          <gpxtpx:TrackPointExtension>
            <gpxtpx:hr>151</gpxtpx:hr>
            <gpxtpx:cad>79</gpxtpx:cad>
            <gpxtpx:atemp>302.65</gpxtpx:atemp>
          </gpxtpx:TrackPointExtension>
        </extensions>
      </trkpt>
      <trkpt lat="31.105978" lon="35.374309">
        <ele>-287.6</ele>
        <time>2026-02-11T07:35:04.000Z</time>
        <extensions>
          <gpxtpx:TrackPointExtension>
            <gpxtpx:hr>150</gpxtpx:hr>
            <gpxtpx:cad>80</gpxtpx:cad>
            <gpxtpx:atemp>302.65</gpxtpx:atemp>
          </gpxtpx:TrackPointExtension>
        </extensions>
      </trkpt>
      <trkpt lat="31.106126" lon="35.374242">
        <ele>-288.4</ele>
        <time>2026-02-11T07:35:14.000Z</time>
        <extensions>
          <gpxtpx:TrackPointExtension>
            <gpxtpx:hr>150</gpxtpx:hr>
            <gpxtpx:cad>80</gpxtpx:cad>
            <gpxtpx:atemp>302.65</gpxtpx:atemp>
          </gpxtpx:TrackPointExtension>
        </extensions>
      </trkpt>
      <trkpt lat="31.106102" lon="35.374129">
        <ele>-289.0</ele>
        <time>2026-02-11T07:35:18.000Z</time>
        <extensions>
          <gpxtpx:TrackPointExtension>
            <gpxtpx:hr>150</gpxtpx:hr>
            <gpxtpx:cad>80</gpxtpx:cad>
            <gpxtpx:atemp>302.65</gpxtpx:atemp>
          </gpxtpx:TrackPointExtension>
        </extensions>
      </trkpt>
      <trkpt lat="31.106046" lon="35.374017">
        <ele>-289.7</ele>
        <time>2026-02-11T07:35:23.000Z</time>
        <extensions>
          <gpxtpx:TrackPointExtension>
            <gpxtpx:hr>151</gpxtpx:hr>
            <gpxtpx:cad>80</gpxtpx:cad>
            <gpxtpx:atemp>302.65</gpxtpx:atemp>
          </gpxtpx:TrackPointExtension>
        </extensions>
      </trkpt>
      <trkpt lat="31.105963" lon="35.373793">
        <ele>-290.3</ele>
        <time>2026-02-11T07:35:32.000Z</time>
        <extensions>
          <gpxtpx:TrackPointExtension>
            <gpxtpx:hr>154</gpxtpx:hr>
            <gpxtpx:cad>80</gpxtpx:cad>
            <gpxtpx:atemp>302.65</gpxtpx:atemp>
          </gpxtpx:TrackPointExtension>
        </extensions>
      </trkpt>
      <trkpt lat="31.105943" lon="35.373712">
        <ele>-290.4</ele>
        <time>2026-02-11T07:35:35.000Z</time>
        <extensions>
          <gpxtpx:TrackPointExtension>
            <gpxtpx:hr>154</gpxtpx:hr>
            <gpxtpx:cad>81</gpxtpx:cad>
            <gpxtpx:atemp>302.65</gpxtpx:atemp>
          </gpxtpx:TrackPointExtension>
        </extensions>
      </trkpt>
      <trkpt lat="31.106037" lon="35.373630">
        <ele>-290.9</ele>
        <time>2026-02-11T07:35:41.000Z</time>
        <extensions>
          <gpxtpx:TrackPointExtension>
            <gpxtpx:hr>155</gpxtpx:hr>
            <gpxtpx:cad>80</gpxtpx:cad>
            <gpxtpx:atemp>302.65</gpxtpx:atemp>
          </gpxtpx:TrackPointExtension>
        </extensions>
      </trkpt>
      <trkpt lat="31.106184" lon="35.373714">
        <ele>-291.7</ele>
        <time>2026-02-11T07:35:48.000Z</time>
        <extensions>
          <gpxtpx:TrackPointExtension>
            <gpxtpx:hr>155</gpxtpx:hr>
            <gpxtpx:cad>80</gpxtpx:cad>
            <gpxtpx:atemp>302.65</gpxtpx:atemp>
          </gpxtpx:TrackPointExtension>
        </extensions>
      </trkpt>
      <trkpt lat="31.106384" lon="35.373800">
        <ele>-292.4</ele>
        <time>2026-02-11T07:35:57.000Z</time>
        <extensions>
          <gpxtpx:TrackPointExtension>
            <gpxtpx:hr>155</gpxtpx:hr>
            <gpxtpx:cad>80</gpxtpx:cad>
            <gpxtpx:atemp>302.65</gpxtpx:atemp>
          </gpxtpx:TrackPointExtension>
        </extensions>
      </trkpt>
      <trkpt lat="31.106473" lon="35.373813">
        <ele>-292.6</ele>
        <time>2026-02-11T07:36:01.000Z</time>
        <extensions>
          <gpxtpx:TrackPointExtension>
            <gpxtpx:hr>155</gpxtpx:hr>
            <gpxtpx:cad>79</gpxtpx:cad>
            <gpxtpx:atemp>302.65</gpxtpx:atemp>
          </gpxtpx:TrackPointExtension>
        </extensions>
      </trkpt>
      <trkpt lat="31.106609" lon="35.373854">
        <ele>-293.0</ele>
        <time>2026-02-11T07:36:07.000Z</time>
        <extensions>
          <gpxtpx:TrackPointExtension>
            <gpxtpx:hr>154</gpxtpx:hr>
            <gpxtpx:cad>81</gpxtpx:cad>
            <gpxtpx:atemp>303.65</gpxtpx:atemp>
          </gpxtpx:TrackPointExtension>
        </extensions>
      </trkpt>
      <trkpt lat="31.106720" lon="35.373937">
        <ele>-293.3</ele>
        <time>2026-02-11T07:36:13.000Z</time>
        <extensions>
          <gpxtpx:TrackPointExtension>
            <gpxtpx:hr>154</gpxtpx:hr>
            <gpxtpx:cad>80</gpxtpx:cad>
            <gpxtpx:atemp>303.65</gpxtpx:atemp>
          </gpxtpx:TrackPointExtension>
        </extensions>
      </trkpt>
      <trkpt lat="31.106810" lon="35.374163">
        <ele>-293.8</ele>
        <time>2026-02-11T07:36:22.000Z</time>
        <extensions>
          <gpxtpx:TrackPointExtension>
            <gpxtpx:hr>156</gpxtpx:hr>
            <gpxtpx:cad>81</gpxtpx:cad>
            <gpxtpx:atemp>303.65</gpxtpx:atemp>
          </gpxtpx:TrackPointExtension>
        </extensions>
      </trkpt>
      <trkpt lat="31.106938" lon="35.374309">
        <ele>-294.2</ele>
        <time>2026-02-11T07:36:30.000Z</time>
        <extensions>
          <gpxtpx:TrackPointExtension>
            <gpxtpx:hr>158</gpxtpx:hr>
            <gpxtpx:cad>80</gpxtpx:cad>
            <gpxtpx:atemp>303.65</gpxtpx:atemp>
          </gpxtpx:TrackPointExtension>
        </extensions>
      </trkpt>
      <trkpt lat="31.107054" lon="35.374366">
        <ele>-294.5</ele>
        <time>2026-02-11T07:36:35.000Z</time>
        <extensions>
          <gpxtpx:TrackPointExtension>
            <gpxtpx:hr>158</gpxtpx:hr>
            <gpxtpx:cad>80</gpxtpx:cad>
            <gpxtpx:atemp>303.65</gpxtpx:atemp>
          </gpxtpx:TrackPointExtension>
        </extensions>
      </trkpt>
      <trkpt lat="31.107186" lon="35.374245">
        <ele>-295.0</ele>
        <time>2026-02-11T07:36:43.000Z</time>
        <extensions>
          <gpxtpx:TrackPointExtension>
            <gpxtpx:hr>157</gpxtpx:hr>
            <gpxtpx:cad>80</gpxtpx:cad>
            <gpxtpx:atemp>303.65</gpxtpx:atemp>
          </gpxtpx:TrackPointExtension>
        </extensions>
      </trkpt>
      <trkpt lat="31.107251" lon="35.374097">
        <ele>-295.4</ele>
        <time>2026-02-11T07:36:49.000Z</time>
        <extensions>
          <gpxtpx:TrackPointExtension>
            <gpxtpx:hr>157</gpxtpx:hr>
            <gpxtpx:cad>81</gpxtpx:cad>
            <gpxtpx:atemp>303.65</gpxtpx:atemp>
          </gpxtpx:TrackPointExtension>
        </extensions>
      </trkpt>
      <trkpt lat="31.107348" lon="35.374014">
        <ele>-295.6</ele>
        <time>2026-02-11T07:36:54.000Z</time>
        <extensions>
          <gpxtpx:TrackPointExtension>
            <gpxtpx:hr>159</gpxtpx:hr>
            <gpxtpx:cad>81</gpxtpx:cad>
            <gpxtpx:atemp>303.65</gpxtpx:atemp>
          </gpxtpx:TrackPointExtension>
        </extensions>
      </trkpt>
      <trkpt lat="31.107466" lon="35.374043">
        <ele>-295.8</ele>
        <time>2026-02-11T07:36:59.000Z</time>
        <extensions>
          <gpxtpx:TrackPointExtension>
            <gpxtpx:hr>159</gpxtpx:hr>
            <gpxtpx:cad>80</gpxtpx:cad>
            <gpxtpx:atemp>303.65</gpxtpx:atemp>
          </gpxtpx:TrackPointExtension>
        </extensions>
      </trkpt>
      <trkpt lat="31.107594" lon="35.374058">
        <ele>-296.2</ele>
        <time>2026-02-11T07:37:05.000Z</time>
        <extensions>
          <gpxtpx:TrackPointExtension>
            <gpxtpx:hr>159</gpxtpx:hr>
            <gpxtpx:cad>79</gpxtpx:cad>
            <gpxtpx:atemp>303.65</gpxtpx:atemp>
          </gpxtpx:TrackPointExtension>
        </extensions>
      </trkpt>
      <trkpt lat="31.107727" lon="35.373950">
        <ele>-296.6</ele>
        <time>2026-02-11T07:37:12.000Z</time>
        <extensions>
          <gpxtpx:TrackPointExtension>
            <gpxtpx:hr>157</gpxtpx:hr>
            <gpxtpx:cad>79</gpxtpx:cad>
            <gpxtpx:atemp>303.65</gpxtpx:atemp>
          </gpxtpx:TrackPointExtension>
        </extensions>
      </trkpt>
      <trkpt lat="31.107826" lon="35.374030">
        <ele>-297.1</ele>
        <time>2026-02-11T07:37:18.000Z</time>
        <extensions>
          <gpxtpx:TrackPointExtension>
            <gpxtpx:hr>158</gpxtpx:hr>
            <gpxtpx:cad>78</gpxtpx:cad>
            <gpxtpx:atemp>303.65</gpxtpx:atemp>
          </gpxtpx:TrackPointExtension>
        </extensions>
      </trkpt>
      <trkpt lat="31.107955" lon="35.374020">
        <ele>-297.7</ele>
        <time>2026-02-11T07:37:26.000Z</time>
        <extensions>
          <gpxtpx:TrackPointExtension>
            <gpxtpx:hr>163</gpxtpx:hr>
            <gpxtpx:cad>81</gpxtpx:cad>
            <gpxtpx:atemp>303.65</gpxtpx:atemp>
          </gpxtpx:TrackPointExtension>
        </extensions>
      </trkpt>
      <trkpt lat="31.108087" lon="35.373852">
        <ele>-298.6</ele>
        <time>2026-02-11T07:37:35.000Z</time>
        <extensions>
          <gpxtpx:TrackPointExtension>
            <gpxtpx:hr>164</gpxtpx:hr>
            <gpxtpx:cad>79</gpxtpx:cad>
            <gpxtpx:atemp>303.65</gpxtpx:atemp>
          </gpxtpx:TrackPointExtension>
        </extensions>
      </trkpt>
      <trkpt lat="31.108209" lon="35.373794">
        <ele>-299.1</ele>
        <time>2026-02-11T07:37:41.000Z</time>
        <extensions>
          <gpxtpx:TrackPointExtension>
            <gpxtpx:hr>163</gpxtpx:hr>
            <gpxtpx:cad>79</gpxtpx:cad>
            <gpxtpx:atemp>303.65</gpxtpx:atemp>
          </gpxtpx:TrackPointExtension>
        </extensions>
      </trkpt>
      <trkpt lat="31.108367" lon="35.373926">
        <ele>-299.5</ele>
        <time>2026-02-11T07:37:50.000Z</time>
        <extensions>
          <gpxtpx:TrackPointExtension>
            <gpxtpx:hr>162</gpxtpx:hr>
            <gpxtpx:cad>79</gpxtpx:cad>
            <gpxtpx:atemp>303.65</gpxtpx:atemp>
          </gpxtpx:TrackPointExtension>
        </extensions>
      </trkpt>
      <trkpt lat="31.108451" lon="35.373810">
        <ele>-299.9</ele>
        <time>2026-02-11T07:37:56.000Z</time>
        <extensions>
          <gpxtpx:TrackPointExtension>
            <gpxtpx:hr>162</gpxtpx:hr>
            <gpxtpx:cad>79</gpxtpx:cad>
            <gpxtpx:atemp>303.65</gpxtpx:atemp>
          </gpxtpx:TrackPointExtension>
        </extensions>
      </trkpt>
      <trkpt lat="31.108551" lon="35.373694">
        <ele>-300.4</ele>
        <time>2026-02-11T07:38:02.000Z</time>
        <extensions>
          <gpxtpx:TrackPointExtension>
            <gpxtpx:hr>162</gpxtpx:hr>
            <gpxtpx:cad>80</gpxtpx:cad>
            <gpxtpx:atemp>303.65</gpxtpx:atemp>
          </gpxtpx:TrackPointExtension>
        </extensions>
      </trkpt>
      <trkpt lat="31.108626" lon="35.373720">
        <ele>-300.7</ele>
        <time>2026-02-11T07:38:06.000Z</time>
        <extensions>
          <gpxtpx:TrackPointExtension>
            <gpxtpx:hr>162</gpxtpx:hr>
            <gpxtpx:cad>79</gpxtpx:cad>
            <gpxtpx:atemp>303.65</gpxtpx:atemp>
          </gpxtpx:TrackPointExtension>
        </extensions>
      </trkpt>
      <trkpt lat="31.108705" lon="35.373851">
        <ele>-301.2</ele>
        <time>2026-02-11T07:38:12.000Z</time>
        <extensions>
          <gpxtpx:TrackPointExtension>
            <gpxtpx:hr>162</gpxtpx:hr>
            <gpxtpx:cad>80</gpxtpx:cad>
            <gpxtpx:atemp>303.65</gpxtpx:atemp>
          </gpxtpx:TrackPointExtension>
        </extensions>
      </trkpt>
      <trkpt lat="31.108806" lon="35.373873">
        <ele>-301.6</ele>
        <time>2026-02-11T07:38:17.000Z</time>
        <extensions>
          <gpxtpx:TrackPointExtension>
            <gpxtpx:hr>162</gpxtpx:hr>
            <gpxtpx:cad>79</gpxtpx:cad>
            <gpxtpx:atemp>303.65</gpxtpx:atemp>
          </gpxtpx:TrackPointExtension>
        </extensions>
      </trkpt>
      <trkpt lat="31.108865" lon="35.373704">
        <ele>-302.2</ele>
        <time>2026-02-11T07:38:24.000Z</time>
        <extensions>
          <gpxtpx:TrackPointExtension>
            <gpxtpx:hr>162</gpxtpx:hr>
            <gpxtpx:cad>79</gpxtpx:cad>
            <gpxtpx:atemp>303.65</gpxtpx:atemp>
          </gpxtpx:TrackPointExtension>
        </extensions>
      </trkpt>
      <trkpt lat="31.108932" lon="35.373610">
        <ele>-302.6</ele>
        <time>2026-02-11T07:38:29.000Z</time>
        <extensions>
          <gpxtpx:TrackPointExtension>
            <gpxtpx:hr>162</gpxtpx:hr>
            <gpxtpx:cad>80</gpxtpx:cad>
            <gpxtpx:atemp>303.65</gpxtpx:atemp>
          </gpxtpx:TrackPointExtension>
        </extensions>
      </trkpt>
      <trkpt lat="31.109131" lon="35.373630">
        <ele>-303.3</ele>
        <time>2026-02-11T07:38:38.000Z</time>
        <extensions>
          <gpxtpx:TrackPointExtension>
            <gpxtpx:hr>164</gpxtpx:hr>
            <gpxtpx:cad>79</gpxtpx:cad>
            <gpxtpx:atemp>303.65</gpxtpx:atemp>
          </gpxtpx:TrackPointExtension>
        </extensions>
      </trkpt>
      <trkpt lat="31.109185" lon="35.373575">
        <ele>-303.6</ele>
        <time>2026-02-11T07:38:41.000Z</time>
        <extensions>
          <gpxtpx:TrackPointExtension>
            <gpxtpx:hr>164</gpxtpx:hr>
            <gpxtpx:cad>79</gpxtpx:cad>
            <gpxtpx:atemp>303.65</gpxtpx:atemp>
          </gpxtpx:TrackPointExtension>
        </extensions>
      </trkpt>
      <trkpt lat="31.109236" lon="35.373432">
        <ele>-303.8</ele>
        <time>2026-02-11T07:38:51.000Z</time>
        <extensions>
          <gpxtpx:TrackPointExtension>
            <gpxtpx:hr>163</gpxtpx:hr>
            <gpxtpx:cad>58</gpxtpx:cad>
            <gpxtpx:atemp>303.65</gpxtpx:atemp>
          </gpxtpx:TrackPointExtension>
        </extensions>
      </trkpt>
      <trkpt lat="31.109384" lon="35.373466">
        <ele>-304.5</ele>
        <time>2026-02-11T07:39:05.000Z</time>
        <extensions>
          <gpxtpx:TrackPointExtension>
            <gpxtpx:hr>153</gpxtpx:hr>
            <gpxtpx:cad>58</gpxtpx:cad>
            <gpxtpx:atemp>303.65</gpxtpx:atemp>
          </gpxtpx:TrackPointExtension>
        </extensions>
      </trkpt>
      <trkpt lat="31.109476" lon="35.373599">
        <ele>-305.2</ele>
        <time>2026-02-11T07:39:15.000Z</time>
        <extensions>
          <gpxtpx:TrackPointExtension>
            <gpxtpx:hr>147</gpxtpx:hr>
            <gpxtpx:cad>57</gpxtpx:cad>
            <gpxtpx:atemp>303.65</gpxtpx:atemp>
          </gpxtpx:TrackPointExtension>
        </extensions>
      </trkpt>
      <trkpt lat="31.109551" lon="35.373660">
        <ele>-305.5</ele>
        <time>2026-02-11T07:39:22.000Z</time>
        <extensions>
          <gpxtpx:TrackPointExtension>
            <gpxtpx:hr>143</gpxtpx:hr>
            <gpxtpx:cad>57</gpxtpx:cad>
            <gpxtpx:atemp>303.65</gpxtpx:atemp>
          </gpxtpx:TrackPointExtension>
        </extensions>
      </trkpt>
      <trkpt lat="31.109707" lon="35.373595">
        <ele>-306.0</ele>
        <time>2026-02-11T07:39:35.000Z</time>
        <extensions>
          <gpxtpx:TrackPointExtension>
            <gpxtpx:hr>140</gpxtpx:hr>
            <gpxtpx:cad>58</gpxtpx:cad>
            <gpxtpx:atemp>303.65</gpxtpx:atemp>
          </gpxtpx:TrackPointExtension>
        </extensions>
      </trkpt>
      <trkpt lat="31.109838" lon="35.373459">
        <ele>-306.0</ele>
        <time>2026-02-11T07:39:48.000Z</time>
        <extensions>
          <gpxtpx:TrackPointExtension>
            <gpxtpx:hr>139</gpxtpx:hr>
            <gpxtpx:cad>77</gpxtpx:cad>
            <gpxtpx:atemp>304.65</gpxtpx:atemp>
          </gpxtpx:TrackPointExtension>
        </extensions>
      </trkpt>
      <trkpt lat="31.109697" lon="35.373404">
        <ele>-306.5</ele>
        <time>2026-02-11T07:39:54.000Z</time>
        <extensions>
          <gpxtpx:TrackPointExtension>
            <gpxtpx:hr>134</gpxtpx:hr>
            <gpxtpx:cad>79</gpxtpx:cad>
            <gpxtpx:atemp>304.65</gpxtpx:atemp>
          </gpxtpx:TrackPointExtension>
        </extensions>
      </trkpt>
      <trkpt lat="31.109675" lon="35.373286">
        <ele>-307.0</ele>
        <time>2026-02-11T07:39:59.000Z</time>
        <extensions>
          <gpxtpx:TrackPointExtension>
            <gpxtpx:hr>137</gpxtpx:hr>
            <gpxtpx:cad>79</gpxtpx:cad>
            <gpxtpx:atemp>303.65</gpxtpx:atemp>
          </gpxtpx:TrackPointExtension>
        </extensions>
      </trkpt>
      <trkpt lat="31.109816" lon="35.373220">
        <ele>-307.8</ele>
        <time>2026-02-11T07:40:06.000Z</time>
        <extensions>
          <gpxtpx:TrackPointExtension>
            <gpxtpx:hr>139</gpxtpx:hr>
            <gpxtpx:cad>80</gpxtpx:cad>
            <gpxtpx:atemp>303.65</gpxtpx:atemp>
          </gpxtpx:TrackPointExtension>
        </extensions>
      </trkpt>
      <trkpt lat="31.109913" lon="35.373278">
        <ele>-308.2</ele>
        <time>2026-02-11T07:40:11.000Z</time>
        <extensions>
          <gpxtpx:TrackPointExtension>
            <gpxtpx:hr>140</gpxtpx:hr>
            <gpxtpx:cad>81</gpxtpx:cad>
            <gpxtpx:atemp>303.65</gpxtpx:atemp>
          </gpxtpx:TrackPointExtension>
        </extensions>
      </trkpt>
      <trkpt lat="31.110053" lon="35.373393">
        <ele>-308.5</ele>
        <time>2026-02-11T07:40:18.000Z</time>
        <extensions>
          <gpxtpx:TrackPointExtension>
            <gpxtpx:hr>143</gpxtpx:hr>
            <gpxtpx:cad>81</gpxtpx:cad>
            <gpxtpx:atemp>303.65</gpxtpx:atemp>
          </gpxtpx:TrackPointExtension>
        </extensions>
      </trkpt>
      <trkpt lat="31.110205" lon="35.373334">
        <ele>-308.6</ele>
        <time>2026-02-11T07:40:27.000Z</time>
        <extensions>
          <gpxtpx:TrackPointExtension>
            <gpxtpx:hr>145</gpxtpx:hr>
            <gpxtpx:cad>82</gpxtpx:cad>
            <gpxtpx:atemp>303.65</gpxtpx:atemp>
          </gpxtpx:TrackPointExtension>
        </extensions>
      </trkpt>
      <trkpt lat="31.110172" lon="35.373225">
        <ele>-309.0</ele>
        <time>2026-02-11T07:40:32.000Z</time>
        <extensions>
          <gpxtpx:TrackPointExtension>
            <gpxtpx:hr>147</gpxtpx:hr>
            <gpxtpx:cad>78</gpxtpx:cad>
            <gpxtpx:atemp>303.65</gpxtpx:atemp>
          </gpxtpx:TrackPointExtension>
        </extensions>
      </trkpt>
      <trkpt lat="31.110285" lon="35.373142">
        <ele>-310.3</ele>
        <time>2026-02-11T07:40:40.000Z</time>
        <extensions>
          <gpxtpx:TrackPointExtension>
            <gpxtpx:hr>149</gpxtpx:hr>
            <gpxtpx:cad>40</gpxtpx:cad>
            <gpxtpx:atemp>303.65</gpxtpx:atemp>
          </gpxtpx:TrackPointExtension>
        </extensions>
      </trkpt>
      <trkpt lat="31.110468" lon="35.373255">
        <ele>-311.8</ele>
        <time>2026-02-11T07:40:49.000Z</time>
        <extensions>
          <gpxtpx:TrackPointExtension>
            <gpxtpx:hr>151</gpxtpx:hr>
            <gpxtpx:cad>79</gpxtpx:cad>
            <gpxtpx:atemp>303.65</gpxtpx:atemp>
          </gpxtpx:TrackPointExtension>
        </extensions>
      </trkpt>
      <trkpt lat="31.110650" lon="35.373352">
        <ele>-312.7</ele>
        <time>2026-02-11T07:40:58.000Z</time>
        <extensions>
          <gpxtpx:TrackPointExtension>
            <gpxtpx:hr>152</gpxtpx:hr>
            <gpxtpx:cad>80</gpxtpx:cad>
            <gpxtpx:atemp>303.65</gpxtpx:atemp>
          </gpxtpx:TrackPointExtension>
        </extensions>
      </trkpt>
      <trkpt lat="31.110836" lon="35.373380">
        <ele>-313.3</ele>
        <time>2026-02-11T07:41:06.000Z</time>
        <extensions>
          <gpxtpx:TrackPointExtension>
            <gpxtpx:hr>153</gpxtpx:hr>
            <gpxtpx:cad>81</gpxtpx:cad>
            <gpxtpx:atemp>303.65</gpxtpx:atemp>
          </gpxtpx:TrackPointExtension>
        </extensions>
      </trkpt>
      <trkpt lat="31.111041" lon="35.373369">
        <ele>-313.9</ele>
        <time>2026-02-11T07:41:15.000Z</time>
        <extensions>
          <gpxtpx:TrackPointExtension>
            <gpxtpx:hr>154</gpxtpx:hr>
            <gpxtpx:cad>80</gpxtpx:cad>
            <gpxtpx:atemp>303.65</gpxtpx:atemp>
          </gpxtpx:TrackPointExtension>
        </extensions>
      </trkpt>
      <trkpt lat="31.111240" lon="35.373342">
        <ele>-314.2</ele>
        <time>2026-02-11T07:41:24.000Z</time>
        <extensions>
          <gpxtpx:TrackPointExtension>
            <gpxtpx:hr>158</gpxtpx:hr>
            <gpxtpx:cad>81</gpxtpx:cad>
            <gpxtpx:atemp>303.65</gpxtpx:atemp>
          </gpxtpx:TrackPointExtension>
        </extensions>
      </trkpt>
      <trkpt lat="31.111323" lon="35.373318">
        <ele>-314.3</ele>
        <time>2026-02-11T07:41:28.000Z</time>
        <extensions>
          <gpxtpx:TrackPointExtension>
            <gpxtpx:hr>158</gpxtpx:hr>
            <gpxtpx:cad>80</gpxtpx:cad>
            <gpxtpx:atemp>303.65</gpxtpx:atemp>
          </gpxtpx:TrackPointExtension>
        </extensions>
      </trkpt>
      <trkpt lat="31.111418" lon="35.373245">
        <ele>-314.3</ele>
        <time>2026-02-11T07:41:33.000Z</time>
        <extensions>
          <gpxtpx:TrackPointExtension>
            <gpxtpx:hr>158</gpxtpx:hr>
            <gpxtpx:cad>80</gpxtpx:cad>
            <gpxtpx:atemp>303.65</gpxtpx:atemp>
          </gpxtpx:TrackPointExtension>
        </extensions>
      </trkpt>
      <trkpt lat="31.111486" lon="35.373140">
        <ele>-314.3</ele>
        <time>2026-02-11T07:41:38.000Z</time>
        <extensions>
          <gpxtpx:TrackPointExtension>
            <gpxtpx:hr>157</gpxtpx:hr>
            <gpxtpx:cad>80</gpxtpx:cad>
            <gpxtpx:atemp>303.65</gpxtpx:atemp>
          </gpxtpx:TrackPointExtension>
        </extensions>
      </trkpt>
      <trkpt lat="31.111617" lon="35.373094">
        <ele>-314.6</ele>
        <time>2026-02-11T07:41:46.000Z</time>
        <extensions>
          <gpxtpx:TrackPointExtension>
            <gpxtpx:hr>158</gpxtpx:hr>
            <gpxtpx:cad>78</gpxtpx:cad>
            <gpxtpx:atemp>303.65</gpxtpx:atemp>
          </gpxtpx:TrackPointExtension>
        </extensions>
      </trkpt>
      <trkpt lat="31.111724" lon="35.373189">
        <ele>-315.3</ele>
        <time>2026-02-11T07:41:52.000Z</time>
        <extensions>
          <gpxtpx:TrackPointExtension>
            <gpxtpx:hr>158</gpxtpx:hr>
            <gpxtpx:cad>80</gpxtpx:cad>
            <gpxtpx:atemp>303.65</gpxtpx:atemp>
          </gpxtpx:TrackPointExtension>
        </extensions>
      </trkpt>
      <trkpt lat="31.111907" lon="35.373245">
        <ele>-316.1</ele>
        <time>2026-02-11T07:42:00.000Z</time>
        <extensions>
          <gpxtpx:TrackPointExtension>
            <gpxtpx:hr>156</gpxtpx:hr>
            <gpxtpx:cad>79</gpxtpx:cad>
            <gpxtpx:atemp>303.65</gpxtpx:atemp>
          </gpxtpx:TrackPointExtension>
        </extensions>
      </trkpt>
      <trkpt lat="31.112134" lon="35.373257">
        <ele>-316.3</ele>
        <time>2026-02-11T07:42:11.000Z</time>
        <extensions>
          <gpxtpx:TrackPointExtension>
            <gpxtpx:hr>159</gpxtpx:hr>
            <gpxtpx:cad>80</gpxtpx:cad>
            <gpxtpx:atemp>303.65</gpxtpx:atemp>
          </gpxtpx:TrackPointExtension>
        </extensions>
      </trkpt>
      <trkpt lat="31.112264" lon="35.373339">
        <ele>-316.8</ele>
        <time>2026-02-11T07:42:19.000Z</time>
        <extensions>
          <gpxtpx:TrackPointExtension>
            <gpxtpx:hr>159</gpxtpx:hr>
            <gpxtpx:cad>79</gpxtpx:cad>
            <gpxtpx:atemp>303.65</gpxtpx:atemp>
          </gpxtpx:TrackPointExtension>
        </extensions>
      </trkpt>
      <trkpt lat="31.112335" lon="35.373470">
        <ele>-317.2</ele>
        <time>2026-02-11T07:42:25.000Z</time>
        <extensions>
          <gpxtpx:TrackPointExtension>
            <gpxtpx:hr>159</gpxtpx:hr>
            <gpxtpx:cad>80</gpxtpx:cad>
            <gpxtpx:atemp>303.65</gpxtpx:atemp>
          </gpxtpx:TrackPointExtension>
        </extensions>
      </trkpt>
      <trkpt lat="31.112446" lon="35.373468">
        <ele>-317.6</ele>
        <time>2026-02-11T07:42:32.000Z</time>
        <extensions>
          <gpxtpx:TrackPointExtension>
            <gpxtpx:hr>160</gpxtpx:hr>
            <gpxtpx:cad>78</gpxtpx:cad>
            <gpxtpx:atemp>303.65</gpxtpx:atemp>
          </gpxtpx:TrackPointExtension>
        </extensions>
      </trkpt>
      <trkpt lat="31.112611" lon="35.373406">
        <ele>-318.5</ele>
        <time>2026-02-11T07:42:41.000Z</time>
        <extensions>
          <gpxtpx:TrackPointExtension>
            <gpxtpx:hr>160</gpxtpx:hr>
            <gpxtpx:cad>78</gpxtpx:cad>
            <gpxtpx:atemp>303.65</gpxtpx:atemp>
          </gpxtpx:TrackPointExtension>
        </extensions>
      </trkpt>
      <trkpt lat="31.112738" lon="35.373353">
        <ele>-319.1</ele>
        <time>2026-02-11T07:42:47.000Z</time>
        <extensions>
          <gpxtpx:TrackPointExtension>
            <gpxtpx:hr>162</gpxtpx:hr>
            <gpxtpx:cad>80</gpxtpx:cad>
            <gpxtpx:atemp>303.65</gpxtpx:atemp>
          </gpxtpx:TrackPointExtension>
        </extensions>
      </trkpt>
      <trkpt lat="31.112822" lon="35.373278">
        <ele>-319.5</ele>
        <time>2026-02-11T07:42:52.000Z</time>
        <extensions>
          <gpxtpx:TrackPointExtension>
            <gpxtpx:hr>162</gpxtpx:hr>
            <gpxtpx:cad>80</gpxtpx:cad>
            <gpxtpx:atemp>303.65</gpxtpx:atemp>
          </gpxtpx:TrackPointExtension>
        </extensions>
      </trkpt>
      <trkpt lat="31.112950" lon="35.373184">
        <ele>-319.8</ele>
        <time>2026-02-11T07:42:59.000Z</time>
        <extensions>
          <gpxtpx:TrackPointExtension>
            <gpxtpx:hr>162</gpxtpx:hr>
            <gpxtpx:cad>79</gpxtpx:cad>
            <gpxtpx:atemp>303.65</gpxtpx:atemp>
          </gpxtpx:TrackPointExtension>
        </extensions>
      </trkpt>
      <trkpt lat="31.113047" lon="35.373134">
        <ele>-320.0</ele>
        <time>2026-02-11T07:43:04.000Z</time>
        <extensions>
          <gpxtpx:TrackPointExtension>
            <gpxtpx:hr>161</gpxtpx:hr>
            <gpxtpx:cad>79</gpxtpx:cad>
            <gpxtpx:atemp>303.65</gpxtpx:atemp>
          </gpxtpx:TrackPointExtension>
        </extensions>
      </trkpt>
      <trkpt lat="31.113153" lon="35.373208">
        <ele>-320.2</ele>
        <time>2026-02-11T07:43:10.000Z</time>
        <extensions>
          <gpxtpx:TrackPointExtension>
            <gpxtpx:hr>160</gpxtpx:hr>
            <gpxtpx:cad>80</gpxtpx:cad>
            <gpxtpx:atemp>303.65</gpxtpx:atemp>
          </gpxtpx:TrackPointExtension>
        </extensions>
      </trkpt>
      <trkpt lat="31.113190" lon="35.373339">
        <ele>-320.4</ele>
        <time>2026-02-11T07:43:15.000Z</time>
        <extensions>
          <gpxtpx:TrackPointExtension>
            <gpxtpx:hr>156</gpxtpx:hr>
            <gpxtpx:cad>79</gpxtpx:cad>
            <gpxtpx:atemp>303.65</gpxtpx:atemp>
          </gpxtpx:TrackPointExtension>
        </extensions>
      </trkpt>
      <trkpt lat="31.113310" lon="35.373447">
        <ele>-320.8</ele>
        <time>2026-02-11T07:43:22.000Z</time>
        <extensions>
          <gpxtpx:TrackPointExtension>
            <gpxtpx:hr>157</gpxtpx:hr>
            <gpxtpx:cad>80</gpxtpx:cad>
            <gpxtpx:atemp>303.65</gpxtpx:atemp>
          </gpxtpx:TrackPointExtension>
        </extensions>
      </trkpt>
      <trkpt lat="31.113400" lon="35.373467">
        <ele>-321.0</ele>
        <time>2026-02-11T07:43:26.000Z</time>
        <extensions>
          <gpxtpx:TrackPointExtension>
            <gpxtpx:hr>157</gpxtpx:hr>
            <gpxtpx:cad>79</gpxtpx:cad>
            <gpxtpx:atemp>303.65</gpxtpx:atemp>
          </gpxtpx:TrackPointExtension>
        </extensions>
      </trkpt>
      <trkpt lat="31.113481" lon="35.373312">
        <ele>-321.4</ele>
        <time>2026-02-11T07:43:34.000Z</time>
        <extensions>
          <gpxtpx:TrackPointExtension>
            <gpxtpx:hr>157</gpxtpx:hr>
            <gpxtpx:cad>79</gpxtpx:cad>
            <gpxtpx:atemp>303.65</gpxtpx:atemp>
          </gpxtpx:TrackPointExtension>
        </extensions>
      </trkpt>
      <trkpt lat="31.113587" lon="35.373143">
        <ele>-322.2</ele>
        <time>2026-02-11T07:43:43.000Z</time>
        <extensions>
          <gpxtpx:TrackPointExtension>
            <gpxtpx:hr>157</gpxtpx:hr>
            <gpxtpx:cad>79</gpxtpx:cad>
            <gpxtpx:atemp>303.65</gpxtpx:atemp>
          </gpxtpx:TrackPointExtension>
        </extensions>
      </trkpt>
      <trkpt lat="31.113533" lon="35.373035">
        <ele>-322.7</ele>
        <time>2026-02-11T07:43:48.000Z</time>
        <extensions>
          <gpxtpx:TrackPointExtension>
            <gpxtpx:hr>158</gpxtpx:hr>
            <gpxtpx:cad>78</gpxtpx:cad>
            <gpxtpx:atemp>303.65</gpxtpx:atemp>
          </gpxtpx:TrackPointExtension>
        </extensions>
      </trkpt>
      <trkpt lat="31.113618" lon="35.372907">
        <ele>-323.6</ele>
        <time>2026-02-11T07:43:55.000Z</time>
        <extensions>
          <gpxtpx:TrackPointExtension>
            <gpxtpx:hr>161</gpxtpx:hr>
            <gpxtpx:cad>79</gpxtpx:cad>
            <gpxtpx:atemp>303.65</gpxtpx:atemp>
          </gpxtpx:TrackPointExtension>
        </extensions>
      </trkpt>
      <trkpt lat="31.113748" lon="35.372967">
        <ele>-324.3</ele>
        <time>2026-02-11T07:44:01.000Z</time>
        <extensions>
          <gpxtpx:TrackPointExtension>
            <gpxtpx:hr>160</gpxtpx:hr>
            <gpxtpx:cad>79</gpxtpx:cad>
            <gpxtpx:atemp>303.65</gpxtpx:atemp>
          </gpxtpx:TrackPointExtension>
        </extensions>
      </trkpt>
      <trkpt lat="31.113825" lon="35.373027">
        <ele>-324.6</ele>
        <time>2026-02-11T07:44:05.000Z</time>
        <extensions>
          <gpxtpx:TrackPointExtension>
            <gpxtpx:hr>161</gpxtpx:hr>
            <gpxtpx:cad>80</gpxtpx:cad>
            <gpxtpx:atemp>303.65</gpxtpx:atemp>
          </gpxtpx:TrackPointExtension>
        </extensions>
      </trkpt>
      <trkpt lat="31.113907" lon="35.373115">
        <ele>-325.0</ele>
        <time>2026-02-11T07:44:10.000Z</time>
        <extensions>
          <gpxtpx:TrackPointExtension>
            <gpxtpx:hr>161</gpxtpx:hr>
            <gpxtpx:cad>80</gpxtpx:cad>
            <gpxtpx:atemp>303.65</gpxtpx:atemp>
          </gpxtpx:TrackPointExtension>
        </extensions>
      </trkpt>
      <trkpt lat="31.114060" lon="35.373239">
        <ele>-325.3</ele>
        <time>2026-02-11T07:44:18.000Z</time>
        <extensions>
          <gpxtpx:TrackPointExtension>
            <gpxtpx:hr>159</gpxtpx:hr>
            <gpxtpx:cad>80</gpxtpx:cad>
            <gpxtpx:atemp>303.65</gpxtpx:atemp>
          </gpxtpx:TrackPointExtension>
        </extensions>
      </trkpt>
      <trkpt lat="31.114128" lon="35.373312">
        <ele>-325.4</ele>
        <time>2026-02-11T07:44:22.000Z</time>
        <extensions>
          <gpxtpx:TrackPointExtension>
            <gpxtpx:hr>159</gpxtpx:hr>
            <gpxtpx:cad>80</gpxtpx:cad>
            <gpxtpx:atemp>303.65</gpxtpx:atemp>
          </gpxtpx:TrackPointExtension>
        </extensions>
      </trkpt>
      <trkpt lat="31.114238" lon="35.373288">
        <ele>-325.4</ele>
        <time>2026-02-11T07:44:28.000Z</time>
        <extensions>
          <gpxtpx:TrackPointExtension>
            <gpxtpx:hr>159</gpxtpx:hr>
            <gpxtpx:cad>79</gpxtpx:cad>
            <gpxtpx:atemp>303.65</gpxtpx:atemp>
          </gpxtpx:TrackPointExtension>
        </extensions>
      </trkpt>
      <trkpt lat="31.114265" lon="35.373228">
        <ele>-325.6</ele>
        <time>2026-02-11T07:44:31.000Z</time>
        <extensions>
          <gpxtpx:TrackPointExtension>
            <gpxtpx:hr>159</gpxtpx:hr>
            <gpxtpx:cad>78</gpxtpx:cad>
            <gpxtpx:atemp>303.65</gpxtpx:atemp>
          </gpxtpx:TrackPointExtension>
        </extensions>
      </trkpt>
      <trkpt lat="31.114450" lon="35.373203">
        <ele>-326.4</ele>
        <time>2026-02-11T07:44:40.000Z</time>
        <extensions>
          <gpxtpx:TrackPointExtension>
            <gpxtpx:hr>158</gpxtpx:hr>
            <gpxtpx:cad>78</gpxtpx:cad>
            <gpxtpx:atemp>303.65</gpxtpx:atemp>
          </gpxtpx:TrackPointExtension>
        </extensions>
      </trkpt>
      <trkpt lat="31.114560" lon="35.373213">
        <ele>-326.9</ele>
        <time>2026-02-11T07:44:45.000Z</time>
        <extensions>
          <gpxtpx:TrackPointExtension>
            <gpxtpx:hr>158</gpxtpx:hr>
            <gpxtpx:cad>81</gpxtpx:cad>
            <gpxtpx:atemp>303.65</gpxtpx:atemp>
          </gpxtpx:TrackPointExtension>
        </extensions>
      </trkpt>
      <trkpt lat="31.114783" lon="35.373252">
        <ele>-327.7</ele>
        <time>2026-02-11T07:44:55.000Z</time>
        <extensions>
          <gpxtpx:TrackPointExtension>
            <gpxtpx:hr>160</gpxtpx:hr>
            <gpxtpx:cad>79</gpxtpx:cad>
            <gpxtpx:atemp>303.65</gpxtpx:atemp>
          </gpxtpx:TrackPointExtension>
        </extensions>
      </trkpt>
      <trkpt lat="31.114966" lon="35.373204">
        <ele>-328.2</ele>
        <time>2026-02-11T07:45:03.000Z</time>
        <extensions>
          <gpxtpx:TrackPointExtension>
            <gpxtpx:hr>158</gpxtpx:hr>
            <gpxtpx:cad>79</gpxtpx:cad>
            <gpxtpx:atemp>303.65</gpxtpx:atemp>
          </gpxtpx:TrackPointExtension>
        </extensions>
      </trkpt>
      <trkpt lat="31.115204" lon="35.373086">
        <ele>-328.9</ele>
        <time>2026-02-11T07:45:15.000Z</time>
        <extensions>
          <gpxtpx:TrackPointExtension>
            <gpxtpx:hr>160</gpxtpx:hr>
            <gpxtpx:cad>81</gpxtpx:cad>
            <gpxtpx:atemp>303.65</gpxtpx:atemp>
          </gpxtpx:TrackPointExtension>
        </extensions>
      </trkpt>
      <trkpt lat="31.115289" lon="35.373035">
        <ele>-329.0</ele>
        <time>2026-02-11T07:45:19.000Z</time>
        <extensions>
          <gpxtpx:TrackPointExtension>
            <gpxtpx:hr>160</gpxtpx:hr>
            <gpxtpx:cad>80</gpxtpx:cad>
            <gpxtpx:atemp>303.65</gpxtpx:atemp>
          </gpxtpx:TrackPointExtension>
        </extensions>
      </trkpt>
      <trkpt lat="31.115416" lon="35.373028">
        <ele>-329.1</ele>
        <time>2026-02-11T07:45:25.000Z</time>
        <extensions>
          <gpxtpx:TrackPointExtension>
            <gpxtpx:hr>160</gpxtpx:hr>
            <gpxtpx:cad>80</gpxtpx:cad>
            <gpxtpx:atemp>303.65</gpxtpx:atemp>
          </gpxtpx:TrackPointExtension>
        </extensions>
      </trkpt>
      <trkpt lat="31.115483" lon="35.373175">
        <ele>-329.3</ele>
        <time>2026-02-11T07:45:32.000Z</time>
        <extensions>
          <gpxtpx:TrackPointExtension>
            <gpxtpx:hr>161</gpxtpx:hr>
            <gpxtpx:cad>79</gpxtpx:cad>
            <gpxtpx:atemp>303.65</gpxtpx:atemp>
          </gpxtpx:TrackPointExtension>
        </extensions>
      </trkpt>
      <trkpt lat="31.115558" lon="35.373205">
        <ele>-329.6</ele>
        <time>2026-02-11T07:45:35.000Z</time>
        <extensions>
          <gpxtpx:TrackPointExtension>
            <gpxtpx:hr>161</gpxtpx:hr>
            <gpxtpx:cad>80</gpxtpx:cad>
            <gpxtpx:atemp>303.65</gpxtpx:atemp>
          </gpxtpx:TrackPointExtension>
        </extensions>
      </trkpt>
      <trkpt lat="31.115692" lon="35.373184">
        <ele>-330.2</ele>
        <time>2026-02-11T07:45:42.000Z</time>
        <extensions>
          <gpxtpx:TrackPointExtension>
            <gpxtpx:hr>161</gpxtpx:hr>
            <gpxtpx:cad>77</gpxtpx:cad>
            <gpxtpx:atemp>303.65</gpxtpx:atemp>
          </gpxtpx:TrackPointExtension>
        </extensions>
      </trkpt>
      <trkpt lat="31.115784" lon="35.373110">
        <ele>-330.8</ele>
        <time>2026-02-11T07:45:47.000Z</time>
        <extensions>
          <gpxtpx:TrackPointExtension>
            <gpxtpx:hr>162</gpxtpx:hr>
            <gpxtpx:cad>80</gpxtpx:cad>
            <gpxtpx:atemp>303.65</gpxtpx:atemp>
          </gpxtpx:TrackPointExtension>
        </extensions>
      </trkpt>
      <trkpt lat="31.115825" lon="35.373000">
        <ele>-331.2</ele>
        <time>2026-02-11T07:45:52.000Z</time>
        <extensions>
          <gpxtpx:TrackPointExtension>
            <gpxtpx:hr>161</gpxtpx:hr>
            <gpxtpx:cad>79</gpxtpx:cad>
            <gpxtpx:atemp>303.65</gpxtpx:atemp>
          </gpxtpx:TrackPointExtension>
        </extensions>
      </trkpt>
      <trkpt lat="31.115859" lon="35.372746">
        <ele>-332.3</ele>
        <time>2026-02-11T07:46:04.000Z</time>
        <extensions>
          <gpxtpx:TrackPointExtension>
            <gpxtpx:hr>160</gpxtpx:hr>
            <gpxtpx:cad>80</gpxtpx:cad>
            <gpxtpx:atemp>303.65</gpxtpx:atemp>
          </gpxtpx:TrackPointExtension>
        </extensions>
      </trkpt>
      <trkpt lat="31.115894" lon="35.372657">
        <ele>-332.7</ele>
        <time>2026-02-11T07:46:11.000Z</time>
        <extensions>
          <gpxtpx:TrackPointExtension>
            <gpxtpx:hr>159</gpxtpx:hr>
            <gpxtpx:cad>57</gpxtpx:cad>
            <gpxtpx:atemp>303.65</gpxtpx:atemp>
          </gpxtpx:TrackPointExtension>
        </extensions>
      </trkpt>
      <trkpt lat="31.116037" lon="35.372530">
        <ele>-333.5</ele>
        <time>2026-02-11T07:46:26.000Z</time>
        <extensions>
          <gpxtpx:TrackPointExtension>
            <gpxtpx:hr>154</gpxtpx:hr>
            <gpxtpx:cad>56</gpxtpx:cad>
            <gpxtpx:atemp>303.65</gpxtpx:atemp>
          </gpxtpx:TrackPointExtension>
        </extensions>
      </trkpt>
      <trkpt lat="31.116188" lon="35.372520">
        <ele>-334.1</ele>
        <time>2026-02-11T07:46:38.000Z</time>
        <extensions>
          <gpxtpx:TrackPointExtension>
            <gpxtpx:hr>147</gpxtpx:hr>
            <gpxtpx:cad>57</gpxtpx:cad>
            <gpxtpx:atemp>303.65</gpxtpx:atemp>
          </gpxtpx:TrackPointExtension>
        </extensions>
      </trkpt>
      <trkpt lat="31.116361" lon="35.372412">
        <ele>-334.9</ele>
        <time>2026-02-11T07:46:52.000Z</time>
        <extensions>
          <gpxtpx:TrackPointExtension>
            <gpxtpx:hr>144</gpxtpx:hr>
            <gpxtpx:cad>60</gpxtpx:cad>
            <gpxtpx:atemp>303.65</gpxtpx:atemp>
          </gpxtpx:TrackPointExtension>
        </extensions>
      </trkpt>
      <trkpt lat="31.116522" lon="35.372336">
        <ele>-335.5</ele>
        <time>2026-02-11T07:47:05.000Z</time>
        <extensions>
          <gpxtpx:TrackPointExtension>
            <gpxtpx:hr>144</gpxtpx:hr>
            <gpxtpx:cad>58</gpxtpx:cad>
            <gpxtpx:atemp>303.65</gpxtpx:atemp>
          </gpxtpx:TrackPointExtension>
        </extensions>
      </trkpt>
      <trkpt lat="31.116647" lon="35.372223">
        <ele>-336.0</ele>
        <time>2026-02-11T07:47:13.000Z</time>
        <extensions>
          <gpxtpx:TrackPointExtension>
            <gpxtpx:hr>140</gpxtpx:hr>
            <gpxtpx:cad>78</gpxtpx:cad>
            <gpxtpx:atemp>304.65</gpxtpx:atemp>
          </gpxtpx:TrackPointExtension>
        </extensions>
      </trkpt>
      <trkpt lat="31.116800" lon="35.372114">
        <ele>-336.4</ele>
        <time>2026-02-11T07:47:22.000Z</time>
        <extensions>
          <gpxtpx:TrackPointExtension>
            <gpxtpx:hr>138</gpxtpx:hr>
            <gpxtpx:cad>79</gpxtpx:cad>
            <gpxtpx:atemp>304.65</gpxtpx:atemp>
          </gpxtpx:TrackPointExtension>
        </extensions>
      </trkpt>
      <trkpt lat="31.116893" lon="35.372063">
        <ele>-336.7</ele>
        <time>2026-02-11T07:47:27.000Z</time>
        <extensions>
          <gpxtpx:TrackPointExtension>
            <gpxtpx:hr>139</gpxtpx:hr>
            <gpxtpx:cad>78</gpxtpx:cad>
            <gpxtpx:atemp>304.65</gpxtpx:atemp>
          </gpxtpx:TrackPointExtension>
        </extensions>
      </trkpt>
      <trkpt lat="31.117032" lon="35.371927">
        <ele>-336.9</ele>
        <time>2026-02-11T07:47:36.000Z</time>
        <extensions>
          <gpxtpx:TrackPointExtension>
            <gpxtpx:hr>141</gpxtpx:hr>
            <gpxtpx:cad>78</gpxtpx:cad>
            <gpxtpx:atemp>304.65</gpxtpx:atemp>
          </gpxtpx:TrackPointExtension>
        </extensions>
      </trkpt>
      <trkpt lat="31.117130" lon="35.371803">
        <ele>-336.9</ele>
        <time>2026-02-11T07:47:43.000Z</time>
        <extensions>
          <gpxtpx:TrackPointExtension>
            <gpxtpx:hr>142</gpxtpx:hr>
            <gpxtpx:cad>78</gpxtpx:cad>
            <gpxtpx:atemp>304.65</gpxtpx:atemp>
          </gpxtpx:TrackPointExtension>
        </extensions>
      </trkpt>
      <trkpt lat="31.117250" lon="35.371702">
        <ele>-337.4</ele>
        <time>2026-02-11T07:47:51.000Z</time>
        <extensions>
          <gpxtpx:TrackPointExtension>
            <gpxtpx:hr>143</gpxtpx:hr>
            <gpxtpx:cad>79</gpxtpx:cad>
            <gpxtpx:atemp>304.65</gpxtpx:atemp>
          </gpxtpx:TrackPointExtension>
        </extensions>
      </trkpt>
      <trkpt lat="31.117358" lon="35.371707">
        <ele>-337.6</ele>
        <time>2026-02-11T07:47:57.000Z</time>
        <extensions>
          <gpxtpx:TrackPointExtension>
            <gpxtpx:hr>144</gpxtpx:hr>
            <gpxtpx:cad>71</gpxtpx:cad>
            <gpxtpx:atemp>304.65</gpxtpx:atemp>
          </gpxtpx:TrackPointExtension>
        </extensions>
      </trkpt>
      <trkpt lat="31.117562" lon="35.371852">
        <ele>-338.0</ele>
        <time>2026-02-11T07:48:08.000Z</time>
        <extensions>
          <gpxtpx:TrackPointExtension>
            <gpxtpx:hr>148</gpxtpx:hr>
            <gpxtpx:cad>79</gpxtpx:cad>
            <gpxtpx:atemp>304.65</gpxtpx:atemp>
          </gpxtpx:TrackPointExtension>
        </extensions>
      </trkpt>
      <trkpt lat="31.117798" lon="35.371985">
        <ele>-338.5</ele>
        <time>2026-02-11T07:48:21.000Z</time>
        <extensions>
          <gpxtpx:TrackPointExtension>
            <gpxtpx:hr>150</gpxtpx:hr>
            <gpxtpx:cad>78</gpxtpx:cad>
            <gpxtpx:atemp>304.65</gpxtpx:atemp>
          </gpxtpx:TrackPointExtension>
        </extensions>
      </trkpt>
      <trkpt lat="31.118018" lon="35.372087">
        <ele>-338.9</ele>
        <time>2026-02-11T07:48:35.000Z</time>
        <extensions>
          <gpxtpx:TrackPointExtension>
            <gpxtpx:hr>151</gpxtpx:hr>
            <gpxtpx:cad>59</gpxtpx:cad>
            <gpxtpx:atemp>304.65</gpxtpx:atemp>
          </gpxtpx:TrackPointExtension>
        </extensions>
      </trkpt>
      <trkpt lat="31.118088" lon="35.372099">
        <ele>-339.0</ele>
        <time>2026-02-11T07:48:40.000Z</time>
        <extensions>
          <gpxtpx:TrackPointExtension>
            <gpxtpx:hr>151</gpxtpx:hr>
            <gpxtpx:cad>58</gpxtpx:cad>
            <gpxtpx:atemp>304.65</gpxtpx:atemp>
          </gpxtpx:TrackPointExtension>
        </extensions>
      </trkpt>
      <trkpt lat="31.118211" lon="35.372168">
        <ele>-339.3</ele>
        <time>2026-02-11T07:48:50.000Z</time>
        <extensions>
          <gpxtpx:TrackPointExtension>
            <gpxtpx:hr>150</gpxtpx:hr>
            <gpxtpx:cad>60</gpxtpx:cad>
            <gpxtpx:atemp>304.65</gpxtpx:atemp>
          </gpxtpx:TrackPointExtension>
        </extensions>
      </trkpt>
      <trkpt lat="31.118375" lon="35.372288">
        <ele>-339.6</ele>
        <time>2026-02-11T07:49:05.000Z</time>
        <extensions>
          <gpxtpx:TrackPointExtension>
            <gpxtpx:hr>140</gpxtpx:hr>
            <gpxtpx:cad>59</gpxtpx:cad>
            <gpxtpx:atemp>304.65</gpxtpx:atemp>
          </gpxtpx:TrackPointExtension>
        </extensions>
      </trkpt>
      <trkpt lat="31.118437" lon="35.372356">
        <ele>-339.7</ele>
        <time>2026-02-11T07:49:11.000Z</time>
        <extensions>
          <gpxtpx:TrackPointExtension>
            <gpxtpx:hr>138</gpxtpx:hr>
            <gpxtpx:cad>60</gpxtpx:cad>
            <gpxtpx:atemp>304.65</gpxtpx:atemp>
          </gpxtpx:TrackPointExtension>
        </extensions>
      </trkpt>
      <trkpt lat="31.118660" lon="35.372557">
        <ele>-340.1</ele>
        <time>2026-02-11T07:49:27.000Z</time>
        <extensions>
          <gpxtpx:TrackPointExtension>
            <gpxtpx:hr>130</gpxtpx:hr>
            <gpxtpx:cad>80</gpxtpx:cad>
            <gpxtpx:atemp>304.65</gpxtpx:atemp>
          </gpxtpx:TrackPointExtension>
        </extensions>
      </trkpt>
      <trkpt lat="31.118733" lon="35.372636">
        <ele>-340.2</ele>
        <time>2026-02-11T07:49:32.000Z</time>
        <extensions>
          <gpxtpx:TrackPointExtension>
            <gpxtpx:hr>134</gpxtpx:hr>
            <gpxtpx:cad>80</gpxtpx:cad>
            <gpxtpx:atemp>304.65</gpxtpx:atemp>
          </gpxtpx:TrackPointExtension>
        </extensions>
      </trkpt>
      <trkpt lat="31.118911" lon="35.372800">
        <ele>-340.4</ele>
        <time>2026-02-11T07:49:43.000Z</time>
        <extensions>
          <gpxtpx:TrackPointExtension>
            <gpxtpx:hr>136</gpxtpx:hr>
            <gpxtpx:cad>81</gpxtpx:cad>
            <gpxtpx:atemp>304.65</gpxtpx:atemp>
          </gpxtpx:TrackPointExtension>
        </extensions>
      </trkpt>
      <trkpt lat="31.119093" lon="35.372975">
        <ele>-340.8</ele>
        <time>2026-02-11T07:49:54.000Z</time>
        <extensions>
          <gpxtpx:TrackPointExtension>
            <gpxtpx:hr>141</gpxtpx:hr>
            <gpxtpx:cad>79</gpxtpx:cad>
            <gpxtpx:atemp>304.65</gpxtpx:atemp>
          </gpxtpx:TrackPointExtension>
        </extensions>
      </trkpt>
      <trkpt lat="31.119246" lon="35.373121">
        <ele>-341.0</ele>
        <time>2026-02-11T07:50:03.000Z</time>
        <extensions>
          <gpxtpx:TrackPointExtension>
            <gpxtpx:hr>142</gpxtpx:hr>
            <gpxtpx:cad>80</gpxtpx:cad>
            <gpxtpx:atemp>304.65</gpxtpx:atemp>
          </gpxtpx:TrackPointExtension>
        </extensions>
      </trkpt>
      <trkpt lat="31.119295" lon="35.373164">
        <ele>-341.0</ele>
        <time>2026-02-11T07:50:06.000Z</time>
        <extensions>
          <gpxtpx:TrackPointExtension>
            <gpxtpx:hr>143</gpxtpx:hr>
            <gpxtpx:cad>81</gpxtpx:cad>
            <gpxtpx:atemp>304.65</gpxtpx:atemp>
          </gpxtpx:TrackPointExtension>
        </extensions>
      </trkpt>
      <trkpt lat="31.119480" lon="35.373291">
        <ele>-341.2</ele>
        <time>2026-02-11T07:50:16.000Z</time>
        <extensions>
          <gpxtpx:TrackPointExtension>
            <gpxtpx:hr>146</gpxtpx:hr>
            <gpxtpx:cad>81</gpxtpx:cad>
            <gpxtpx:atemp>304.65</gpxtpx:atemp>
          </gpxtpx:TrackPointExtension>
        </extensions>
      </trkpt>
      <trkpt lat="31.119655" lon="35.373409">
        <ele>-341.4</ele>
        <time>2026-02-11T07:50:25.000Z</time>
        <extensions>
          <gpxtpx:TrackPointExtension>
            <gpxtpx:hr>148</gpxtpx:hr>
            <gpxtpx:cad>80</gpxtpx:cad>
            <gpxtpx:atemp>304.65</gpxtpx:atemp>
          </gpxtpx:TrackPointExtension>
        </extensions>
      </trkpt>
      <trkpt lat="31.119691" lon="35.373438">
        <ele>-341.5</ele>
        <time>2026-02-11T07:50:27.000Z</time>
        <extensions>
          <gpxtpx:TrackPointExtension>
            <gpxtpx:hr>149</gpxtpx:hr>
            <gpxtpx:cad>80</gpxtpx:cad>
            <gpxtpx:atemp>304.65</gpxtpx:atemp>
          </gpxtpx:TrackPointExtension>
        </extensions>
      </trkpt>
      <trkpt lat="31.119827" lon="35.373564">
        <ele>-341.6</ele>
        <time>2026-02-11T07:50:37.000Z</time>
        <extensions>
          <gpxtpx:TrackPointExtension>
            <gpxtpx:hr>151</gpxtpx:hr>
            <gpxtpx:cad>80</gpxtpx:cad>
            <gpxtpx:atemp>304.65</gpxtpx:atemp>
          </gpxtpx:TrackPointExtension>
        </extensions>
      </trkpt>
      <trkpt lat="31.119927" lon="35.373625">
        <ele>-341.6</ele>
        <time>2026-02-11T07:50:45.000Z</time>
        <extensions>
          <gpxtpx:TrackPointExtension>
            <gpxtpx:hr>152</gpxtpx:hr>
            <gpxtpx:cad>59</gpxtpx:cad>
            <gpxtpx:atemp>304.65</gpxtpx:atemp>
          </gpxtpx:TrackPointExtension>
        </extensions>
      </trkpt>
      <trkpt lat="31.120067" lon="35.373660">
        <ele>-341.7</ele>
        <time>2026-02-11T07:50:56.000Z</time>
        <extensions>
          <gpxtpx:TrackPointExtension>
            <gpxtpx:hr>150</gpxtpx:hr>
            <gpxtpx:cad>60</gpxtpx:cad>
            <gpxtpx:atemp>304.65</gpxtpx:atemp>
          </gpxtpx:TrackPointExtension>
        </extensions>
      </trkpt>
      <trkpt lat="31.120167" lon="35.373712">
        <ele>-341.8</ele>
        <time>2026-02-11T07:51:05.000Z</time>
        <extensions>
          <gpxtpx:TrackPointExtension>
            <gpxtpx:hr>145</gpxtpx:hr>
            <gpxtpx:cad>60</gpxtpx:cad>
            <gpxtpx:atemp>304.65</gpxtpx:atemp>
          </gpxtpx:TrackPointExtension>
        </extensions>
      </trkpt>
      <trkpt lat="31.120355" lon="35.373762">
        <ele>-342.0</ele>
        <time>2026-02-11T07:51:20.000Z</time>
        <extensions>
          <gpxtpx:TrackPointExtension>
            <gpxtpx:hr>138</gpxtpx:hr>
            <gpxtpx:cad>59</gpxtpx:cad>
            <gpxtpx:atemp>304.65</gpxtpx:atemp>
          </gpxtpx:TrackPointExtension>
        </extensions>
      </trkpt>
      <trkpt lat="31.120604" lon="35.373753">
        <ele>-342.2</ele>
        <time>2026-02-11T07:51:38.000Z</time>
        <extensions>
          <gpxtpx:TrackPointExtension>
            <gpxtpx:hr>134</gpxtpx:hr>
            <gpxtpx:cad>59</gpxtpx:cad>
            <gpxtpx:atemp>304.65</gpxtpx:atemp>
          </gpxtpx:TrackPointExtension>
        </extensions>
      </trkpt>
      <trkpt lat="31.120729" lon="35.373811">
        <ele>-342.0</ele>
        <time>2026-02-11T07:51:48.000Z</time>
        <extensions>
          <gpxtpx:TrackPointExtension>
            <gpxtpx:hr>132</gpxtpx:hr>
            <gpxtpx:cad>59</gpxtpx:cad>
            <gpxtpx:atemp>304.65</gpxtpx:atemp>
          </gpxtpx:TrackPointExtension>
        </extensions>
      </trkpt>
      <trkpt lat="31.120925" lon="35.373797">
        <ele>-341.3</ele>
        <time>2026-02-11T07:51:58.000Z</time>
        <extensions>
          <gpxtpx:TrackPointExtension>
            <gpxtpx:hr>131</gpxtpx:hr>
            <gpxtpx:cad>78</gpxtpx:cad>
            <gpxtpx:atemp>304.65</gpxtpx:atemp>
          </gpxtpx:TrackPointExtension>
        </extensions>
      </trkpt>
      <trkpt lat="31.121166" lon="35.373747">
        <ele>-340.7</ele>
        <time>2026-02-11T07:52:10.000Z</time>
        <extensions>
          <gpxtpx:TrackPointExtension>
            <gpxtpx:hr>143</gpxtpx:hr>
            <gpxtpx:cad>77</gpxtpx:cad>
            <gpxtpx:atemp>304.65</gpxtpx:atemp>
          </gpxtpx:TrackPointExtension>
        </extensions>
      </trkpt>
      <trkpt lat="31.121355" lon="35.373686">
        <ele>-340.9</ele>
        <time>2026-02-11T07:52:19.000Z</time>
        <extensions>
          <gpxtpx:TrackPointExtension>
            <gpxtpx:hr>147</gpxtpx:hr>
            <gpxtpx:cad>79</gpxtpx:cad>
            <gpxtpx:atemp>304.65</gpxtpx:atemp>
          </gpxtpx:TrackPointExtension>
        </extensions>
      </trkpt>
      <trkpt lat="31.121601" lon="35.373594">
        <ele>-341.4</ele>
        <time>2026-02-11T07:52:31.000Z</time>
        <extensions>
          <gpxtpx:TrackPointExtension>
            <gpxtpx:hr>148</gpxtpx:hr>
            <gpxtpx:cad>80</gpxtpx:cad>
            <gpxtpx:atemp>304.65</gpxtpx:atemp>
          </gpxtpx:TrackPointExtension>
        </extensions>
      </trkpt>
      <trkpt lat="31.121627" lon="35.373587">
        <ele>-341.5</ele>
        <time>2026-02-11T07:52:32.000Z</time>
        <extensions>
          <gpxtpx:TrackPointExtension>
            <gpxtpx:hr>148</gpxtpx:hr>
            <gpxtpx:cad>80</gpxtpx:cad>
            <gpxtpx:atemp>304.65</gpxtpx:atemp>
          </gpxtpx:TrackPointExtension>
        </extensions>
      </trkpt>
      <trkpt lat="31.121854" lon="35.373511">
        <ele>-342.2</ele>
        <time>2026-02-11T07:52:43.000Z</time>
        <extensions>
          <gpxtpx:TrackPointExtension>
            <gpxtpx:hr>150</gpxtpx:hr>
            <gpxtpx:cad>79</gpxtpx:cad>
            <gpxtpx:atemp>304.65</gpxtpx:atemp>
          </gpxtpx:TrackPointExtension>
        </extensions>
      </trkpt>
      <trkpt lat="31.122098" lon="35.373436">
        <ele>-343.0</ele>
        <time>2026-02-11T07:52:54.000Z</time>
        <extensions>
          <gpxtpx:TrackPointExtension>
            <gpxtpx:hr>154</gpxtpx:hr>
            <gpxtpx:cad>79</gpxtpx:cad>
            <gpxtpx:atemp>305.65</gpxtpx:atemp>
          </gpxtpx:TrackPointExtension>
        </extensions>
      </trkpt>
      <trkpt lat="31.122243" lon="35.373383">
        <ele>-343.5</ele>
        <time>2026-02-11T07:53:01.000Z</time>
        <extensions>
          <gpxtpx:TrackPointExtension>
            <gpxtpx:hr>154</gpxtpx:hr>
            <gpxtpx:cad>79</gpxtpx:cad>
            <gpxtpx:atemp>305.65</gpxtpx:atemp>
          </gpxtpx:TrackPointExtension>
        </extensions>
      </trkpt>
      <trkpt lat="31.122495" lon="35.373320">
        <ele>-344.2</ele>
        <time>2026-02-11T07:53:12.000Z</time>
        <extensions>
          <gpxtpx:TrackPointExtension>
            <gpxtpx:hr>154</gpxtpx:hr>
            <gpxtpx:cad>80</gpxtpx:cad>
            <gpxtpx:atemp>305.65</gpxtpx:atemp>
          </gpxtpx:TrackPointExtension>
        </extensions>
      </trkpt>
      <trkpt lat="31.122758" lon="35.373245">
        <ele>-345.0</ele>
        <time>2026-02-11T07:53:24.000Z</time>
        <extensions>
          <gpxtpx:TrackPointExtension>
            <gpxtpx:hr>156</gpxtpx:hr>
            <gpxtpx:cad>80</gpxtpx:cad>
            <gpxtpx:atemp>305.65</gpxtpx:atemp>
          </gpxtpx:TrackPointExtension>
        </extensions>
      </trkpt>
      <trkpt lat="31.122999" lon="35.373165">
        <ele>-345.7</ele>
        <time>2026-02-11T07:53:35.000Z</time>
        <extensions>
          <gpxtpx:TrackPointExtension>
            <gpxtpx:hr>157</gpxtpx:hr>
            <gpxtpx:cad>80</gpxtpx:cad>
            <gpxtpx:atemp>305.65</gpxtpx:atemp>
          </gpxtpx:TrackPointExtension>
        </extensions>
      </trkpt>
      <trkpt lat="31.123145" lon="35.373097">
        <ele>-346.0</ele>
        <time>2026-02-11T07:53:42.000Z</time>
        <extensions>
          <gpxtpx:TrackPointExtension>
            <gpxtpx:hr>156</gpxtpx:hr>
            <gpxtpx:cad>80</gpxtpx:cad>
            <gpxtpx:atemp>305.65</gpxtpx:atemp>
          </gpxtpx:TrackPointExtension>
        </extensions>
      </trkpt>
      <trkpt lat="31.123293" lon="35.373052">
        <ele>-346.2</ele>
        <time>2026-02-11T07:53:49.000Z</time>
        <extensions>
          <gpxtpx:TrackPointExtension>
            <gpxtpx:hr>156</gpxtpx:hr>
            <gpxtpx:cad>79</gpxtpx:cad>
            <gpxtpx:atemp>305.65</gpxtpx:atemp>
          </gpxtpx:TrackPointExtension>
        </extensions>
      </trkpt>
      <trkpt lat="31.123400" lon="35.373019">
        <ele>-346.4</ele>
        <time>2026-02-11T07:53:54.000Z</time>
        <extensions>
          <gpxtpx:TrackPointExtension>
            <gpxtpx:hr>156</gpxtpx:hr>
            <gpxtpx:cad>79</gpxtpx:cad>
            <gpxtpx:atemp>305.65</gpxtpx:atemp>
          </gpxtpx:TrackPointExtension>
        </extensions>
      </trkpt>
      <trkpt lat="31.123637" lon="35.372903">
        <ele>-346.7</ele>
        <time>2026-02-11T07:54:06.000Z</time>
        <extensions>
          <gpxtpx:TrackPointExtension>
            <gpxtpx:hr>157</gpxtpx:hr>
            <gpxtpx:cad>79</gpxtpx:cad>
            <gpxtpx:atemp>305.65</gpxtpx:atemp>
          </gpxtpx:TrackPointExtension>
        </extensions>
      </trkpt>
      <trkpt lat="31.123735" lon="35.372841">
        <ele>-346.8</ele>
        <time>2026-02-11T07:54:11.000Z</time>
        <extensions>
          <gpxtpx:TrackPointExtension>
            <gpxtpx:hr>156</gpxtpx:hr>
            <gpxtpx:cad>79</gpxtpx:cad>
            <gpxtpx:atemp>305.65</gpxtpx:atemp>
          </gpxtpx:TrackPointExtension>
        </extensions>
      </trkpt>
      <trkpt lat="31.123893" lon="35.372768">
        <ele>-347.0</ele>
        <time>2026-02-11T07:54:21.000Z</time>
        <extensions>
          <gpxtpx:TrackPointExtension>
            <gpxtpx:hr>158</gpxtpx:hr>
            <gpxtpx:cad>0</gpxtpx:cad>
            <gpxtpx:atemp>305.65</gpxtpx:atemp>
          </gpxtpx:TrackPointExtension>
        </extensions>
      </trkpt>
      <trkpt lat="31.123988" lon="35.372717">
        <ele>-347.2</ele>
        <time>2026-02-11T07:54:29.000Z</time>
        <extensions>
          <gpxtpx:TrackPointExtension>
            <gpxtpx:hr>154</gpxtpx:hr>
            <gpxtpx:cad>57</gpxtpx:cad>
            <gpxtpx:atemp>305.65</gpxtpx:atemp>
          </gpxtpx:TrackPointExtension>
        </extensions>
      </trkpt>
      <trkpt lat="31.124186" lon="35.372647">
        <ele>-347.5</ele>
        <time>2026-02-11T07:54:44.000Z</time>
        <extensions>
          <gpxtpx:TrackPointExtension>
            <gpxtpx:hr>152</gpxtpx:hr>
            <gpxtpx:cad>61</gpxtpx:cad>
            <gpxtpx:atemp>305.65</gpxtpx:atemp>
          </gpxtpx:TrackPointExtension>
        </extensions>
      </trkpt>
      <trkpt lat="31.124293" lon="35.372617">
        <ele>-347.6</ele>
        <time>2026-02-11T07:54:52.000Z</time>
        <extensions>
          <gpxtpx:TrackPointExtension>
            <gpxtpx:hr>149</gpxtpx:hr>
            <gpxtpx:cad>59</gpxtpx:cad>
            <gpxtpx:atemp>305.65</gpxtpx:atemp>
          </gpxtpx:TrackPointExtension>
        </extensions>
      </trkpt>
      <trkpt lat="31.124479" lon="35.372584">
        <ele>-347.9</ele>
        <time>2026-02-11T07:55:06.000Z</time>
        <extensions>
          <gpxtpx:TrackPointExtension>
            <gpxtpx:hr>143</gpxtpx:hr>
            <gpxtpx:cad>60</gpxtpx:cad>
            <gpxtpx:atemp>304.65</gpxtpx:atemp>
          </gpxtpx:TrackPointExtension>
        </extensions>
      </trkpt>
      <trkpt lat="31.124684" lon="35.372593">
        <ele>-348.1</ele>
        <time>2026-02-11T07:55:20.000Z</time>
        <extensions>
          <gpxtpx:TrackPointExtension>
            <gpxtpx:hr>136</gpxtpx:hr>
            <gpxtpx:cad>61</gpxtpx:cad>
            <gpxtpx:atemp>305.65</gpxtpx:atemp>
          </gpxtpx:TrackPointExtension>
        </extensions>
      </trkpt>
      <trkpt lat="31.124725" lon="35.372604">
        <ele>-348.1</ele>
        <time>2026-02-11T07:55:23.000Z</time>
        <extensions>
          <gpxtpx:TrackPointExtension>
            <gpxtpx:hr>136</gpxtpx:hr>
            <gpxtpx:cad>61</gpxtpx:cad>
            <gpxtpx:atemp>305.65</gpxtpx:atemp>
          </gpxtpx:TrackPointExtension>
        </extensions>
      </trkpt>
      <trkpt lat="31.124979" lon="35.372650">
        <ele>-348.4</ele>
        <time>2026-02-11T07:55:37.000Z</time>
        <extensions>
          <gpxtpx:TrackPointExtension>
            <gpxtpx:hr>136</gpxtpx:hr>
            <gpxtpx:cad>80</gpxtpx:cad>
            <gpxtpx:atemp>305.65</gpxtpx:atemp>
          </gpxtpx:TrackPointExtension>
        </extensions>
      </trkpt>
      <trkpt lat="31.125040" lon="35.372668">
        <ele>-348.4</ele>
        <time>2026-02-11T07:55:40.000Z</time>
        <extensions>
          <gpxtpx:TrackPointExtension>
            <gpxtpx:hr>136</gpxtpx:hr>
            <gpxtpx:cad>80</gpxtpx:cad>
            <gpxtpx:atemp>305.65</gpxtpx:atemp>
          </gpxtpx:TrackPointExtension>
        </extensions>
      </trkpt>
      <trkpt lat="31.125241" lon="35.372711">
        <ele>-348.6</ele>
        <time>2026-02-11T07:55:50.000Z</time>
        <extensions>
          <gpxtpx:TrackPointExtension>
            <gpxtpx:hr>138</gpxtpx:hr>
            <gpxtpx:cad>80</gpxtpx:cad>
            <gpxtpx:atemp>305.65</gpxtpx:atemp>
          </gpxtpx:TrackPointExtension>
        </extensions>
      </trkpt>
      <trkpt lat="31.125449" lon="35.372784">
        <ele>-348.8</ele>
        <time>2026-02-11T07:56:00.000Z</time>
        <extensions>
          <gpxtpx:TrackPointExtension>
            <gpxtpx:hr>138</gpxtpx:hr>
            <gpxtpx:cad>80</gpxtpx:cad>
            <gpxtpx:atemp>305.65</gpxtpx:atemp>
          </gpxtpx:TrackPointExtension>
        </extensions>
      </trkpt>
      <trkpt lat="31.125651" lon="35.372844">
        <ele>-349.1</ele>
        <time>2026-02-11T07:56:10.000Z</time>
        <extensions>
          <gpxtpx:TrackPointExtension>
            <gpxtpx:hr>144</gpxtpx:hr>
            <gpxtpx:cad>79</gpxtpx:cad>
            <gpxtpx:atemp>305.65</gpxtpx:atemp>
          </gpxtpx:TrackPointExtension>
        </extensions>
      </trkpt>
      <trkpt lat="31.125781" lon="35.372889">
        <ele>-349.2</ele>
        <time>2026-02-11T07:56:16.000Z</time>
        <extensions>
          <gpxtpx:TrackPointExtension>
            <gpxtpx:hr>146</gpxtpx:hr>
            <gpxtpx:cad>81</gpxtpx:cad>
            <gpxtpx:atemp>305.65</gpxtpx:atemp>
          </gpxtpx:TrackPointExtension>
        </extensions>
      </trkpt>
      <trkpt lat="31.126062" lon="35.372985">
        <ele>-349.5</ele>
        <time>2026-02-11T07:56:30.000Z</time>
        <extensions>
          <gpxtpx:TrackPointExtension>
            <gpxtpx:hr>150</gpxtpx:hr>
            <gpxtpx:cad>80</gpxtpx:cad>
            <gpxtpx:atemp>305.65</gpxtpx:atemp>
          </gpxtpx:TrackPointExtension>
        </extensions>
      </trkpt>
      <trkpt lat="31.126259" lon="35.373063">
        <ele>-349.6</ele>
        <time>2026-02-11T07:56:40.000Z</time>
        <extensions>
          <gpxtpx:TrackPointExtension>
            <gpxtpx:hr>153</gpxtpx:hr>
            <gpxtpx:cad>80</gpxtpx:cad>
            <gpxtpx:atemp>305.65</gpxtpx:atemp>
          </gpxtpx:TrackPointExtension>
        </extensions>
      </trkpt>
      <trkpt lat="31.126328" lon="35.373068">
        <ele>-349.6</ele>
        <time>2026-02-11T07:56:45.000Z</time>
        <extensions>
          <gpxtpx:TrackPointExtension>
            <gpxtpx:hr>153</gpxtpx:hr>
            <gpxtpx:cad>79</gpxtpx:cad>
            <gpxtpx:atemp>305.65</gpxtpx:atemp>
          </gpxtpx:TrackPointExtension>
        </extensions>
      </trkpt>
      <trkpt lat="31.126550" lon="35.373131">
        <ele>-349.7</ele>
        <time>2026-02-11T07:57:02.000Z</time>
        <extensions>
          <gpxtpx:TrackPointExtension>
            <gpxtpx:hr>150</gpxtpx:hr>
            <gpxtpx:cad>57</gpxtpx:cad>
            <gpxtpx:atemp>305.65</gpxtpx:atemp>
          </gpxtpx:TrackPointExtension>
        </extensions>
      </trkpt>
      <trkpt lat="31.126737" lon="35.373153">
        <ele>-349.9</ele>
        <time>2026-02-11T07:57:16.000Z</time>
        <extensions>
          <gpxtpx:TrackPointExtension>
            <gpxtpx:hr>143</gpxtpx:hr>
            <gpxtpx:cad>57</gpxtpx:cad>
            <gpxtpx:atemp>305.65</gpxtpx:atemp>
          </gpxtpx:TrackPointExtension>
        </extensions>
      </trkpt>
      <trkpt lat="31.126896" lon="35.373185">
        <ele>-349.9</ele>
        <time>2026-02-11T07:57:28.000Z</time>
        <extensions>
          <gpxtpx:TrackPointExtension>
            <gpxtpx:hr>138</gpxtpx:hr>
            <gpxtpx:cad>57</gpxtpx:cad>
            <gpxtpx:atemp>305.65</gpxtpx:atemp>
          </gpxtpx:TrackPointExtension>
        </extensions>
      </trkpt>
      <trkpt lat="31.127079" lon="35.373266">
        <ele>-350.0</ele>
        <time>2026-02-11T07:57:41.000Z</time>
        <extensions>
          <gpxtpx:TrackPointExtension>
            <gpxtpx:hr>132</gpxtpx:hr>
            <gpxtpx:cad>0</gpxtpx:cad>
            <gpxtpx:atemp>305.65</gpxtpx:atemp>
          </gpxtpx:TrackPointExtension>
        </extensions>
      </trkpt>
      <trkpt lat="31.127199" lon="35.373277">
        <ele>-350.0</ele>
        <time>2026-02-11T07:57:47.000Z</time>
        <extensions>
          <gpxtpx:TrackPointExtension>
            <gpxtpx:hr>131</gpxtpx:hr>
            <gpxtpx:cad>79</gpxtpx:cad>
            <gpxtpx:atemp>305.65</gpxtpx:atemp>
          </gpxtpx:TrackPointExtension>
        </extensions>
      </trkpt>
      <trkpt lat="31.127393" lon="35.373243">
        <ele>-350.1</ele>
        <time>2026-02-11T07:57:56.000Z</time>
        <extensions>
          <gpxtpx:TrackPointExtension>
            <gpxtpx:hr>136</gpxtpx:hr>
            <gpxtpx:cad>81</gpxtpx:cad>
            <gpxtpx:atemp>305.65</gpxtpx:atemp>
          </gpxtpx:TrackPointExtension>
        </extensions>
      </trkpt>
      <trkpt lat="31.127526" lon="35.373204">
        <ele>-350.1</ele>
        <time>2026-02-11T07:58:02.000Z</time>
        <extensions>
          <gpxtpx:TrackPointExtension>
            <gpxtpx:hr>140</gpxtpx:hr>
            <gpxtpx:cad>81</gpxtpx:cad>
            <gpxtpx:atemp>305.65</gpxtpx:atemp>
          </gpxtpx:TrackPointExtension>
        </extensions>
      </trkpt>
      <trkpt lat="31.127588" lon="35.373195">
        <ele>-350.1</ele>
        <time>2026-02-11T07:58:05.000Z</time>
        <extensions>
          <gpxtpx:TrackPointExtension>
            <gpxtpx:hr>143</gpxtpx:hr>
            <gpxtpx:cad>81</gpxtpx:cad>
            <gpxtpx:atemp>305.65</gpxtpx:atemp>
          </gpxtpx:TrackPointExtension>
        </extensions>
      </trkpt>
      <trkpt lat="31.127803" lon="35.373202">
        <ele>-349.8</ele>
        <time>2026-02-11T07:58:15.000Z</time>
        <extensions>
          <gpxtpx:TrackPointExtension>
            <gpxtpx:hr>147</gpxtpx:hr>
            <gpxtpx:cad>80</gpxtpx:cad>
            <gpxtpx:atemp>305.65</gpxtpx:atemp>
          </gpxtpx:TrackPointExtension>
        </extensions>
      </trkpt>
      <trkpt lat="31.127937" lon="35.373157">
        <ele>-349.5</ele>
        <time>2026-02-11T07:58:22.000Z</time>
        <extensions>
          <gpxtpx:TrackPointExtension>
            <gpxtpx:hr>149</gpxtpx:hr>
            <gpxtpx:cad>79</gpxtpx:cad>
            <gpxtpx:atemp>305.65</gpxtpx:atemp>
          </gpxtpx:TrackPointExtension>
        </extensions>
      </trkpt>
      <trkpt lat="31.128025" lon="35.373068">
        <ele>-349.2</ele>
        <time>2026-02-11T07:58:28.000Z</time>
        <extensions>
          <gpxtpx:TrackPointExtension>
            <gpxtpx:hr>151</gpxtpx:hr>
            <gpxtpx:cad>79</gpxtpx:cad>
            <gpxtpx:atemp>305.65</gpxtpx:atemp>
          </gpxtpx:TrackPointExtension>
        </extensions>
      </trkpt>
      <trkpt lat="31.128140" lon="35.372848">
        <ele>-348.6</ele>
        <time>2026-02-11T07:58:40.000Z</time>
        <extensions>
          <gpxtpx:TrackPointExtension>
            <gpxtpx:hr>154</gpxtpx:hr>
            <gpxtpx:cad>76</gpxtpx:cad>
            <gpxtpx:atemp>305.65</gpxtpx:atemp>
          </gpxtpx:TrackPointExtension>
        </extensions>
      </trkpt>
      <trkpt lat="31.128207" lon="35.372763">
        <ele>-348.4</ele>
        <time>2026-02-11T07:58:45.000Z</time>
        <extensions>
          <gpxtpx:TrackPointExtension>
            <gpxtpx:hr>156</gpxtpx:hr>
            <gpxtpx:cad>77</gpxtpx:cad>
            <gpxtpx:atemp>305.65</gpxtpx:atemp>
          </gpxtpx:TrackPointExtension>
        </extensions>
      </trkpt>
      <trkpt lat="31.128298" lon="35.372647">
        <ele>-348.2</ele>
        <time>2026-02-11T07:58:52.000Z</time>
        <extensions>
          <gpxtpx:TrackPointExtension>
            <gpxtpx:hr>156</gpxtpx:hr>
            <gpxtpx:cad>77</gpxtpx:cad>
            <gpxtpx:atemp>305.65</gpxtpx:atemp>
          </gpxtpx:TrackPointExtension>
        </extensions>
      </trkpt>
      <trkpt lat="31.128372" lon="35.372508">
        <ele>-348.1</ele>
        <time>2026-02-11T07:59:00.000Z</time>
        <extensions>
          <gpxtpx:TrackPointExtension>
            <gpxtpx:hr>156</gpxtpx:hr>
            <gpxtpx:cad>77</gpxtpx:cad>
            <gpxtpx:atemp>304.65</gpxtpx:atemp>
          </gpxtpx:TrackPointExtension>
        </extensions>
      </trkpt>
      <trkpt lat="31.128416" lon="35.372438">
        <ele>-348.0</ele>
        <time>2026-02-11T07:59:04.000Z</time>
        <extensions>
          <gpxtpx:TrackPointExtension>
            <gpxtpx:hr>155</gpxtpx:hr>
            <gpxtpx:cad>77</gpxtpx:cad>
            <gpxtpx:atemp>304.65</gpxtpx:atemp>
          </gpxtpx:TrackPointExtension>
        </extensions>
      </trkpt>
      <trkpt lat="31.128473" lon="35.372298">
        <ele>-347.8</ele>
        <time>2026-02-11T07:59:11.000Z</time>
        <extensions>
          <gpxtpx:TrackPointExtension>
            <gpxtpx:hr>158</gpxtpx:hr>
            <gpxtpx:cad>78</gpxtpx:cad>
            <gpxtpx:atemp>304.65</gpxtpx:atemp>
          </gpxtpx:TrackPointExtension>
        </extensions>
      </trkpt>
      <trkpt lat="31.128548" lon="35.372096">
        <ele>-347.4</ele>
        <time>2026-02-11T07:59:22.000Z</time>
        <extensions>
          <gpxtpx:TrackPointExtension>
            <gpxtpx:hr>158</gpxtpx:hr>
            <gpxtpx:cad>75</gpxtpx:cad>
            <gpxtpx:atemp>304.65</gpxtpx:atemp>
          </gpxtpx:TrackPointExtension>
        </extensions>
      </trkpt>
      <trkpt lat="31.128609" lon="35.371912">
        <ele>-347.1</ele>
        <time>2026-02-11T07:59:35.000Z</time>
        <extensions>
          <gpxtpx:TrackPointExtension>
            <gpxtpx:hr>156</gpxtpx:hr>
            <gpxtpx:cad>55</gpxtpx:cad>
            <gpxtpx:atemp>304.65</gpxtpx:atemp>
          </gpxtpx:TrackPointExtension>
        </extensions>
      </trkpt>
      <trkpt lat="31.128672" lon="35.371802">
        <ele>-347.0</ele>
        <time>2026-02-11T07:59:44.000Z</time>
        <extensions>
          <gpxtpx:TrackPointExtension>
            <gpxtpx:hr>156</gpxtpx:hr>
            <gpxtpx:cad>57</gpxtpx:cad>
            <gpxtpx:atemp>304.65</gpxtpx:atemp>
          </gpxtpx:TrackPointExtension>
        </extensions>
      </trkpt>
      <trkpt lat="31.128751" lon="35.371725">
        <ele>-346.9</ele>
        <time>2026-02-11T07:59:52.000Z</time>
        <extensions>
          <gpxtpx:TrackPointExtension>
            <gpxtpx:hr>149</gpxtpx:hr>
            <gpxtpx:cad>58</gpxtpx:cad>
            <gpxtpx:atemp>304.65</gpxtpx:atemp>
          </gpxtpx:TrackPointExtension>
        </extensions>
      </trkpt>
      <trkpt lat="31.128931" lon="35.371637">
        <ele>-347.0</ele>
        <time>2026-02-11T08:00:09.000Z</time>
        <extensions>
          <gpxtpx:TrackPointExtension>
            <gpxtpx:hr>141</gpxtpx:hr>
            <gpxtpx:cad>54</gpxtpx:cad>
            <gpxtpx:atemp>304.65</gpxtpx:atemp>
          </gpxtpx:TrackPointExtension>
        </extensions>
      </trkpt>
      <trkpt lat="31.129071" lon="35.371478">
        <ele>-347.1</ele>
        <time>2026-02-11T08:00:24.000Z</time>
        <extensions>
          <gpxtpx:TrackPointExtension>
            <gpxtpx:hr>133</gpxtpx:hr>
            <gpxtpx:cad>55</gpxtpx:cad>
            <gpxtpx:atemp>304.65</gpxtpx:atemp>
          </gpxtpx:TrackPointExtension>
        </extensions>
      </trkpt>
      <trkpt lat="31.129132" lon="35.371335">
        <ele>-347.2</ele>
        <time>2026-02-11T08:00:36.000Z</time>
        <extensions>
          <gpxtpx:TrackPointExtension>
            <gpxtpx:hr>130</gpxtpx:hr>
            <gpxtpx:cad>0</gpxtpx:cad>
            <gpxtpx:atemp>304.65</gpxtpx:atemp>
          </gpxtpx:TrackPointExtension>
        </extensions>
      </trkpt>
      <trkpt lat="31.129250" lon="35.371145">
        <ele>-347.2</ele>
        <time>2026-02-11T08:00:52.000Z</time>
        <extensions>
          <gpxtpx:TrackPointExtension>
            <gpxtpx:hr>130</gpxtpx:hr>
            <gpxtpx:cad>54</gpxtpx:cad>
            <gpxtpx:atemp>304.65</gpxtpx:atemp>
          </gpxtpx:TrackPointExtension>
        </extensions>
      </trkpt>
      <trkpt lat="31.129385" lon="35.370939">
        <ele>-347.2</ele>
        <time>2026-02-11T08:01:05.000Z</time>
        <extensions>
          <gpxtpx:TrackPointExtension>
            <gpxtpx:hr>130</gpxtpx:hr>
            <gpxtpx:cad>77</gpxtpx:cad>
            <gpxtpx:atemp>304.65</gpxtpx:atemp>
          </gpxtpx:TrackPointExtension>
        </extensions>
      </trkpt>
      <trkpt lat="31.129434" lon="35.370873">
        <ele>-347.2</ele>
        <time>2026-02-11T08:01:09.000Z</time>
        <extensions>
          <gpxtpx:TrackPointExtension>
            <gpxtpx:hr>131</gpxtpx:hr>
            <gpxtpx:cad>78</gpxtpx:cad>
            <gpxtpx:atemp>304.65</gpxtpx:atemp>
          </gpxtpx:TrackPointExtension>
        </extensions>
      </trkpt>
      <trkpt lat="31.129565" lon="35.370684">
        <ele>-347.2</ele>
        <time>2026-02-11T08:01:20.000Z</time>
        <extensions>
          <gpxtpx:TrackPointExtension>
            <gpxtpx:hr>132</gpxtpx:hr>
            <gpxtpx:cad>78</gpxtpx:cad>
            <gpxtpx:atemp>304.65</gpxtpx:atemp>
          </gpxtpx:TrackPointExtension>
        </extensions>
      </trkpt>
      <trkpt lat="31.129730" lon="35.370467">
        <ele>-347.0</ele>
        <time>2026-02-11T08:01:33.000Z</time>
        <extensions>
          <gpxtpx:TrackPointExtension>
            <gpxtpx:hr>144</gpxtpx:hr>
            <gpxtpx:cad>78</gpxtpx:cad>
            <gpxtpx:atemp>304.65</gpxtpx:atemp>
          </gpxtpx:TrackPointExtension>
        </extensions>
      </trkpt>
      <trkpt lat="31.129830" lon="35.370279">
        <ele>-346.9</ele>
        <time>2026-02-11T08:01:43.000Z</time>
        <extensions>
          <gpxtpx:TrackPointExtension>
            <gpxtpx:hr>148</gpxtpx:hr>
            <gpxtpx:cad>77</gpxtpx:cad>
            <gpxtpx:atemp>304.65</gpxtpx:atemp>
          </gpxtpx:TrackPointExtension>
        </extensions>
      </trkpt>
      <trkpt lat="31.129907" lon="35.370153">
        <ele>-346.8</ele>
        <time>2026-02-11T08:01:50.000Z</time>
        <extensions>
          <gpxtpx:TrackPointExtension>
            <gpxtpx:hr>150</gpxtpx:hr>
            <gpxtpx:cad>77</gpxtpx:cad>
            <gpxtpx:atemp>304.65</gpxtpx:atemp>
          </gpxtpx:TrackPointExtension>
        </extensions>
      </trkpt>
      <trkpt lat="31.130038" lon="35.369977">
        <ele>-346.8</ele>
        <time>2026-02-11T08:02:00.000Z</time>
        <extensions>
          <gpxtpx:TrackPointExtension>
            <gpxtpx:hr>149</gpxtpx:hr>
            <gpxtpx:cad>76</gpxtpx:cad>
            <gpxtpx:atemp>304.65</gpxtpx:atemp>
          </gpxtpx:TrackPointExtension>
        </extensions>
      </trkpt>
      <trkpt lat="31.130163" lon="35.369820">
        <ele>-346.7</ele>
        <time>2026-02-11T08:02:09.000Z</time>
        <extensions>
          <gpxtpx:TrackPointExtension>
            <gpxtpx:hr>154</gpxtpx:hr>
            <gpxtpx:cad>77</gpxtpx:cad>
            <gpxtpx:atemp>304.65</gpxtpx:atemp>
          </gpxtpx:TrackPointExtension>
        </extensions>
      </trkpt>
      <trkpt lat="31.130266" lon="35.369644">
        <ele>-346.5</ele>
        <time>2026-02-11T08:02:21.000Z</time>
        <extensions>
          <gpxtpx:TrackPointExtension>
            <gpxtpx:hr>155</gpxtpx:hr>
            <gpxtpx:cad>79</gpxtpx:cad>
            <gpxtpx:atemp>304.65</gpxtpx:atemp>
          </gpxtpx:TrackPointExtension>
        </extensions>
      </trkpt>
      <trkpt lat="31.130374" lon="35.369482">
        <ele>-346.3</ele>
        <time>2026-02-11T08:02:34.000Z</time>
        <extensions>
          <gpxtpx:TrackPointExtension>
            <gpxtpx:hr>151</gpxtpx:hr>
            <gpxtpx:cad>57</gpxtpx:cad>
            <gpxtpx:atemp>304.65</gpxtpx:atemp>
          </gpxtpx:TrackPointExtension>
        </extensions>
      </trkpt>
      <trkpt lat="31.130515" lon="35.369254">
        <ele>-346.0</ele>
        <time>2026-02-11T08:02:54.000Z</time>
        <extensions>
          <gpxtpx:TrackPointExtension>
            <gpxtpx:hr>146</gpxtpx:hr>
            <gpxtpx:cad>55</gpxtpx:cad>
            <gpxtpx:atemp>304.65</gpxtpx:atemp>
          </gpxtpx:TrackPointExtension>
        </extensions>
      </trkpt>
      <trkpt lat="31.130630" lon="35.369091">
        <ele>-345.9</ele>
        <time>2026-02-11T08:03:09.000Z</time>
        <extensions>
          <gpxtpx:TrackPointExtension>
            <gpxtpx:hr>133</gpxtpx:hr>
            <gpxtpx:cad>55</gpxtpx:cad>
            <gpxtpx:atemp>304.65</gpxtpx:atemp>
          </gpxtpx:TrackPointExtension>
        </extensions>
      </trkpt>
      <trkpt lat="31.130676" lon="35.369035">
        <ele>-345.8</ele>
        <time>2026-02-11T08:03:14.000Z</time>
        <extensions>
          <gpxtpx:TrackPointExtension>
            <gpxtpx:hr>133</gpxtpx:hr>
            <gpxtpx:cad>59</gpxtpx:cad>
            <gpxtpx:atemp>304.65</gpxtpx:atemp>
          </gpxtpx:TrackPointExtension>
        </extensions>
      </trkpt>
      <trkpt lat="31.130825" lon="35.368819">
        <ele>-345.7</ele>
        <time>2026-02-11T08:03:26.000Z</time>
        <extensions>
          <gpxtpx:TrackPointExtension>
            <gpxtpx:hr>130</gpxtpx:hr>
            <gpxtpx:cad>78</gpxtpx:cad>
            <gpxtpx:atemp>304.65</gpxtpx:atemp>
          </gpxtpx:TrackPointExtension>
        </extensions>
      </trkpt>
      <trkpt lat="31.130967" lon="35.368585">
        <ele>-345.5</ele>
        <time>2026-02-11T08:03:38.000Z</time>
        <extensions>
          <gpxtpx:TrackPointExtension>
            <gpxtpx:hr>137</gpxtpx:hr>
            <gpxtpx:cad>78</gpxtpx:cad>
            <gpxtpx:atemp>304.65</gpxtpx:atemp>
          </gpxtpx:TrackPointExtension>
        </extensions>
      </trkpt>
      <trkpt lat="31.131078" lon="35.368401">
        <ele>-345.4</ele>
        <time>2026-02-11T08:03:48.000Z</time>
        <extensions>
          <gpxtpx:TrackPointExtension>
            <gpxtpx:hr>144</gpxtpx:hr>
            <gpxtpx:cad>78</gpxtpx:cad>
            <gpxtpx:atemp>304.65</gpxtpx:atemp>
          </gpxtpx:TrackPointExtension>
        </extensions>
      </trkpt>
      <trkpt lat="31.131233" lon="35.368171">
        <ele>-345.0</ele>
        <time>2026-02-11T08:04:00.000Z</time>
        <extensions>
          <gpxtpx:TrackPointExtension>
            <gpxtpx:hr>147</gpxtpx:hr>
            <gpxtpx:cad>78</gpxtpx:cad>
            <gpxtpx:atemp>304.65</gpxtpx:atemp>
          </gpxtpx:TrackPointExtension>
        </extensions>
      </trkpt>
      <trkpt lat="31.131365" lon="35.367999">
        <ele>-344.6</ele>
        <time>2026-02-11T08:04:10.000Z</time>
        <extensions>
          <gpxtpx:TrackPointExtension>
            <gpxtpx:hr>150</gpxtpx:hr>
            <gpxtpx:cad>79</gpxtpx:cad>
            <gpxtpx:atemp>304.65</gpxtpx:atemp>
          </gpxtpx:TrackPointExtension>
        </extensions>
      </trkpt>
      <trkpt lat="31.131406" lon="35.367922">
        <ele>-344.4</ele>
        <time>2026-02-11T08:04:14.000Z</time>
        <extensions>
          <gpxtpx:TrackPointExtension>
            <gpxtpx:hr>151</gpxtpx:hr>
            <gpxtpx:cad>78</gpxtpx:cad>
            <gpxtpx:atemp>304.65</gpxtpx:atemp>
          </gpxtpx:TrackPointExtension>
        </extensions>
      </trkpt>
      <trkpt lat="31.131527" lon="35.367732">
        <ele>-344.2</ele>
        <time>2026-02-11T08:04:24.000Z</time>
        <extensions>
          <gpxtpx:TrackPointExtension>
            <gpxtpx:hr>153</gpxtpx:hr>
            <gpxtpx:cad>78</gpxtpx:cad>
            <gpxtpx:atemp>304.65</gpxtpx:atemp>
          </gpxtpx:TrackPointExtension>
        </extensions>
      </trkpt>
      <trkpt lat="31.131555" lon="35.367696">
        <ele>-344.2</ele>
        <time>2026-02-11T08:04:26.000Z</time>
        <extensions>
          <gpxtpx:TrackPointExtension>
            <gpxtpx:hr>155</gpxtpx:hr>
            <gpxtpx:cad>79</gpxtpx:cad>
            <gpxtpx:atemp>304.65</gpxtpx:atemp>
          </gpxtpx:TrackPointExtension>
        </extensions>
      </trkpt>
      <trkpt lat="31.131682" lon="35.367473">
        <ele>-343.8</ele>
        <time>2026-02-11T08:04:37.000Z</time>
        <extensions>
          <gpxtpx:TrackPointExtension>
            <gpxtpx:hr>157</gpxtpx:hr>
            <gpxtpx:cad>79</gpxtpx:cad>
            <gpxtpx:atemp>304.65</gpxtpx:atemp>
          </gpxtpx:TrackPointExtension>
        </extensions>
      </trkpt>
      <trkpt lat="31.131757" lon="35.367364">
        <ele>-343.3</ele>
        <time>2026-02-11T08:04:43.000Z</time>
        <extensions>
          <gpxtpx:TrackPointExtension>
            <gpxtpx:hr>159</gpxtpx:hr>
            <gpxtpx:cad>78</gpxtpx:cad>
            <gpxtpx:atemp>304.65</gpxtpx:atemp>
          </gpxtpx:TrackPointExtension>
        </extensions>
      </trkpt>
      <trkpt lat="31.131836" lon="35.367167">
        <ele>-342.8</ele>
        <time>2026-02-11T08:04:53.000Z</time>
        <extensions>
          <gpxtpx:TrackPointExtension>
            <gpxtpx:hr>161</gpxtpx:hr>
            <gpxtpx:cad>78</gpxtpx:cad>
            <gpxtpx:atemp>304.65</gpxtpx:atemp>
          </gpxtpx:TrackPointExtension>
        </extensions>
      </trkpt>
      <trkpt lat="31.131909" lon="35.367004">
        <ele>-343.1</ele>
        <time>2026-02-11T08:05:01.000Z</time>
        <extensions>
          <gpxtpx:TrackPointExtension>
            <gpxtpx:hr>163</gpxtpx:hr>
            <gpxtpx:cad>77</gpxtpx:cad>
            <gpxtpx:atemp>304.65</gpxtpx:atemp>
          </gpxtpx:TrackPointExtension>
        </extensions>
      </trkpt>
      <trkpt lat="31.131931" lon="35.366872">
        <ele>-343.4</ele>
        <time>2026-02-11T08:05:07.000Z</time>
        <extensions>
          <gpxtpx:TrackPointExtension>
            <gpxtpx:hr>164</gpxtpx:hr>
            <gpxtpx:cad>76</gpxtpx:cad>
            <gpxtpx:atemp>304.65</gpxtpx:atemp>
          </gpxtpx:TrackPointExtension>
        </extensions>
      </trkpt>
      <trkpt lat="31.131968" lon="35.366743">
        <ele>-343.7</ele>
        <time>2026-02-11T08:05:13.000Z</time>
        <extensions>
          <gpxtpx:TrackPointExtension>
            <gpxtpx:hr>163</gpxtpx:hr>
            <gpxtpx:cad>77</gpxtpx:cad>
            <gpxtpx:atemp>304.65</gpxtpx:atemp>
          </gpxtpx:TrackPointExtension>
        </extensions>
      </trkpt>
      <trkpt lat="31.131975" lon="35.366746">
        <ele>-343.8</ele>
        <time>2026-02-11T08:05:26.000Z</time>
        <extensions>
          <gpxtpx:TrackPointExtension>
            <gpxtpx:hr>156</gpxtpx:hr>
            <gpxtpx:cad>0</gpxtpx:cad>
            <gpxtpx:atemp>304.65</gpxtpx:atemp>
          </gpxtpx:TrackPointExtension>
        </extensions>
      </trkpt>
      <trkpt lat="31.131973" lon="35.366781">
        <ele>-343.9</ele>
        <time>2026-02-11T08:05:37.000Z</time>
        <extensions>
          <gpxtpx:TrackPointExtension>
            <gpxtpx:hr>157</gpxtpx:hr>
            <gpxtpx:cad>0</gpxtpx:cad>
            <gpxtpx:atemp>304.65</gpxtpx:atemp>
          </gpxtpx:TrackPointExtension>
        </extensions>
      </trkpt>
      <trkpt lat="31.132020" lon="35.366560">
        <ele>-344.5</ele>
        <time>2026-02-11T08:05:54.000Z</time>
        <extensions>
          <gpxtpx:TrackPointExtension>
            <gpxtpx:hr>141</gpxtpx:hr>
            <gpxtpx:cad>79</gpxtpx:cad>
            <gpxtpx:atemp>304.65</gpxtpx:atemp>
          </gpxtpx:TrackPointExtension>
        </extensions>
      </trkpt>
      <trkpt lat="31.132061" lon="35.366330">
        <ele>-345.0</ele>
        <time>2026-02-11T08:06:04.000Z</time>
        <extensions>
          <gpxtpx:TrackPointExtension>
            <gpxtpx:hr>138</gpxtpx:hr>
            <gpxtpx:cad>78</gpxtpx:cad>
            <gpxtpx:atemp>304.65</gpxtpx:atemp>
          </gpxtpx:TrackPointExtension>
        </extensions>
      </trkpt>
      <trkpt lat="31.132068" lon="35.366147">
        <ele>-345.2</ele>
        <time>2026-02-11T08:06:12.000Z</time>
        <extensions>
          <gpxtpx:TrackPointExtension>
            <gpxtpx:hr>136</gpxtpx:hr>
            <gpxtpx:cad>79</gpxtpx:cad>
            <gpxtpx:atemp>304.65</gpxtpx:atemp>
          </gpxtpx:TrackPointExtension>
        </extensions>
      </trkpt>
      <trkpt lat="31.132175" lon="35.365852">
        <ele>-345.3</ele>
        <time>2026-02-11T08:06:25.000Z</time>
        <extensions>
          <gpxtpx:TrackPointExtension>
            <gpxtpx:hr>139</gpxtpx:hr>
            <gpxtpx:cad>80</gpxtpx:cad>
            <gpxtpx:atemp>304.65</gpxtpx:atemp>
          </gpxtpx:TrackPointExtension>
        </extensions>
      </trkpt>
      <trkpt lat="31.132191" lon="35.365776">
        <ele>-345.2</ele>
        <time>2026-02-11T08:06:28.000Z</time>
        <extensions>
          <gpxtpx:TrackPointExtension>
            <gpxtpx:hr>140</gpxtpx:hr>
            <gpxtpx:cad>80</gpxtpx:cad>
            <gpxtpx:atemp>304.65</gpxtpx:atemp>
          </gpxtpx:TrackPointExtension>
        </extensions>
      </trkpt>
      <trkpt lat="31.132223" lon="35.365519">
        <ele>-345.0</ele>
        <time>2026-02-11T08:06:38.000Z</time>
        <extensions>
          <gpxtpx:TrackPointExtension>
            <gpxtpx:hr>144</gpxtpx:hr>
            <gpxtpx:cad>81</gpxtpx:cad>
            <gpxtpx:atemp>304.65</gpxtpx:atemp>
          </gpxtpx:TrackPointExtension>
        </extensions>
      </trkpt>
      <trkpt lat="31.132250" lon="35.365298">
        <ele>-344.5</ele>
        <time>2026-02-11T08:06:47.000Z</time>
        <extensions>
          <gpxtpx:TrackPointExtension>
            <gpxtpx:hr>146</gpxtpx:hr>
            <gpxtpx:cad>80</gpxtpx:cad>
            <gpxtpx:atemp>304.65</gpxtpx:atemp>
          </gpxtpx:TrackPointExtension>
        </extensions>
      </trkpt>
      <trkpt lat="31.132282" lon="35.365151">
        <ele>-344.2</ele>
        <time>2026-02-11T08:06:53.000Z</time>
        <extensions>
          <gpxtpx:TrackPointExtension>
            <gpxtpx:hr>148</gpxtpx:hr>
            <gpxtpx:cad>80</gpxtpx:cad>
            <gpxtpx:atemp>304.65</gpxtpx:atemp>
          </gpxtpx:TrackPointExtension>
        </extensions>
      </trkpt>
      <trkpt lat="31.132332" lon="35.364916">
        <ele>-343.5</ele>
        <time>2026-02-11T08:07:03.000Z</time>
        <extensions>
          <gpxtpx:TrackPointExtension>
            <gpxtpx:hr>149</gpxtpx:hr>
            <gpxtpx:cad>80</gpxtpx:cad>
            <gpxtpx:atemp>304.65</gpxtpx:atemp>
          </gpxtpx:TrackPointExtension>
        </extensions>
      </trkpt>
      <trkpt lat="31.132351" lon="35.364691">
        <ele>-342.8</ele>
        <time>2026-02-11T08:07:14.000Z</time>
        <extensions>
          <gpxtpx:TrackPointExtension>
            <gpxtpx:hr>152</gpxtpx:hr>
            <gpxtpx:cad>78</gpxtpx:cad>
            <gpxtpx:atemp>304.65</gpxtpx:atemp>
          </gpxtpx:TrackPointExtension>
        </extensions>
      </trkpt>
      <trkpt lat="31.132367" lon="35.364613">
        <ele>-342.6</ele>
        <time>2026-02-11T08:07:19.000Z</time>
        <extensions>
          <gpxtpx:TrackPointExtension>
            <gpxtpx:hr>153</gpxtpx:hr>
            <gpxtpx:cad>78</gpxtpx:cad>
            <gpxtpx:atemp>304.65</gpxtpx:atemp>
          </gpxtpx:TrackPointExtension>
        </extensions>
      </trkpt>
      <trkpt lat="31.132428" lon="35.364423">
        <ele>-342.1</ele>
        <time>2026-02-11T08:07:33.000Z</time>
        <extensions>
          <gpxtpx:TrackPointExtension>
            <gpxtpx:hr>152</gpxtpx:hr>
            <gpxtpx:cad>55</gpxtpx:cad>
            <gpxtpx:atemp>304.65</gpxtpx:atemp>
          </gpxtpx:TrackPointExtension>
        </extensions>
      </trkpt>
      <trkpt lat="31.132467" lon="35.364315">
        <ele>-341.9</ele>
        <time>2026-02-11T08:07:41.000Z</time>
        <extensions>
          <gpxtpx:TrackPointExtension>
            <gpxtpx:hr>152</gpxtpx:hr>
            <gpxtpx:cad>57</gpxtpx:cad>
            <gpxtpx:atemp>304.65</gpxtpx:atemp>
          </gpxtpx:TrackPointExtension>
        </extensions>
      </trkpt>
      <trkpt lat="31.132573" lon="35.364151">
        <ele>-341.6</ele>
        <time>2026-02-11T08:07:55.000Z</time>
        <extensions>
          <gpxtpx:TrackPointExtension>
            <gpxtpx:hr>150</gpxtpx:hr>
            <gpxtpx:cad>56</gpxtpx:cad>
            <gpxtpx:atemp>304.65</gpxtpx:atemp>
          </gpxtpx:TrackPointExtension>
        </extensions>
      </trkpt>
      <trkpt lat="31.132672" lon="35.364069">
        <ele>-341.6</ele>
        <time>2026-02-11T08:08:04.000Z</time>
        <extensions>
          <gpxtpx:TrackPointExtension>
            <gpxtpx:hr>141</gpxtpx:hr>
            <gpxtpx:cad>56</gpxtpx:cad>
            <gpxtpx:atemp>304.65</gpxtpx:atemp>
          </gpxtpx:TrackPointExtension>
        </extensions>
      </trkpt>
      <trkpt lat="31.132852" lon="35.364008">
        <ele>-341.7</ele>
        <time>2026-02-11T08:08:19.000Z</time>
        <extensions>
          <gpxtpx:TrackPointExtension>
            <gpxtpx:hr>139</gpxtpx:hr>
            <gpxtpx:cad>57</gpxtpx:cad>
            <gpxtpx:atemp>304.65</gpxtpx:atemp>
          </gpxtpx:TrackPointExtension>
        </extensions>
      </trkpt>
      <trkpt lat="31.133001" lon="35.363969">
        <ele>-342.1</ele>
        <time>2026-02-11T08:08:28.000Z</time>
        <extensions>
          <gpxtpx:TrackPointExtension>
            <gpxtpx:hr>136</gpxtpx:hr>
            <gpxtpx:cad>77</gpxtpx:cad>
            <gpxtpx:atemp>304.65</gpxtpx:atemp>
          </gpxtpx:TrackPointExtension>
        </extensions>
      </trkpt>
      <trkpt lat="31.133159" lon="35.363947">
        <ele>-342.8</ele>
        <time>2026-02-11T08:08:36.000Z</time>
        <extensions>
          <gpxtpx:TrackPointExtension>
            <gpxtpx:hr>136</gpxtpx:hr>
            <gpxtpx:cad>78</gpxtpx:cad>
            <gpxtpx:atemp>304.65</gpxtpx:atemp>
          </gpxtpx:TrackPointExtension>
        </extensions>
      </trkpt>
      <trkpt lat="31.133402" lon="35.363903">
        <ele>-344.2</ele>
        <time>2026-02-11T08:08:48.000Z</time>
        <extensions>
          <gpxtpx:TrackPointExtension>
            <gpxtpx:hr>135</gpxtpx:hr>
            <gpxtpx:cad>79</gpxtpx:cad>
            <gpxtpx:atemp>304.65</gpxtpx:atemp>
          </gpxtpx:TrackPointExtension>
        </extensions>
      </trkpt>
      <trkpt lat="31.133482" lon="35.363900">
        <ele>-344.7</ele>
        <time>2026-02-11T08:08:52.000Z</time>
        <extensions>
          <gpxtpx:TrackPointExtension>
            <gpxtpx:hr>135</gpxtpx:hr>
            <gpxtpx:cad>78</gpxtpx:cad>
            <gpxtpx:atemp>305.65</gpxtpx:atemp>
          </gpxtpx:TrackPointExtension>
        </extensions>
      </trkpt>
      <trkpt lat="31.133734" lon="35.363852">
        <ele>-346.1</ele>
        <time>2026-02-11T08:09:05.000Z</time>
        <extensions>
          <gpxtpx:TrackPointExtension>
            <gpxtpx:hr>136</gpxtpx:hr>
            <gpxtpx:cad>78</gpxtpx:cad>
            <gpxtpx:atemp>305.65</gpxtpx:atemp>
          </gpxtpx:TrackPointExtension>
        </extensions>
      </trkpt>
      <trkpt lat="31.133867" lon="35.363810">
        <ele>-347.0</ele>
        <time>2026-02-11T08:09:12.000Z</time>
        <extensions>
          <gpxtpx:TrackPointExtension>
            <gpxtpx:hr>138</gpxtpx:hr>
            <gpxtpx:cad>78</gpxtpx:cad>
            <gpxtpx:atemp>305.65</gpxtpx:atemp>
          </gpxtpx:TrackPointExtension>
        </extensions>
      </trkpt>
      <trkpt lat="31.134029" lon="35.363714">
        <ele>-348.5</ele>
        <time>2026-02-11T08:09:22.000Z</time>
        <extensions>
          <gpxtpx:TrackPointExtension>
            <gpxtpx:hr>140</gpxtpx:hr>
            <gpxtpx:cad>78</gpxtpx:cad>
            <gpxtpx:atemp>305.65</gpxtpx:atemp>
          </gpxtpx:TrackPointExtension>
        </extensions>
      </trkpt>
      <trkpt lat="31.134206" lon="35.363631">
        <ele>-350.7</ele>
        <time>2026-02-11T08:09:35.000Z</time>
        <extensions>
          <gpxtpx:TrackPointExtension>
            <gpxtpx:hr>141</gpxtpx:hr>
            <gpxtpx:cad>78</gpxtpx:cad>
            <gpxtpx:atemp>305.65</gpxtpx:atemp>
          </gpxtpx:TrackPointExtension>
        </extensions>
      </trkpt>
      <trkpt lat="31.134404" lon="35.363607">
        <ele>-352.3</ele>
        <time>2026-02-11T08:09:48.000Z</time>
        <extensions>
          <gpxtpx:TrackPointExtension>
            <gpxtpx:hr>141</gpxtpx:hr>
            <gpxtpx:cad>76</gpxtpx:cad>
            <gpxtpx:atemp>305.65</gpxtpx:atemp>
          </gpxtpx:TrackPointExtension>
        </extensions>
      </trkpt>
      <trkpt lat="31.134498" lon="35.363599">
        <ele>-352.6</ele>
        <time>2026-02-11T08:10:00.000Z</time>
        <extensions>
          <gpxtpx:TrackPointExtension>
            <gpxtpx:hr>136</gpxtpx:hr>
            <gpxtpx:cad>45</gpxtpx:cad>
            <gpxtpx:atemp>305.65</gpxtpx:atemp>
          </gpxtpx:TrackPointExtension>
        </extensions>
      </trkpt>
      <trkpt lat="31.134585" lon="35.363532">
        <ele>-352.7</ele>
        <time>2026-02-11T08:10:16.000Z</time>
        <extensions>
          <gpxtpx:TrackPointExtension>
            <gpxtpx:hr>136</gpxtpx:hr>
            <gpxtpx:cad>48</gpxtpx:cad>
            <gpxtpx:atemp>305.65</gpxtpx:atemp>
          </gpxtpx:TrackPointExtension>
        </extensions>
      </trkpt>
      <trkpt lat="31.134585" lon="35.363537">
        <ele>-352.4</ele>
        <time>2026-02-11T08:12:02.000Z</time>
        <extensions>
          <gpxtpx:TrackPointExtension>
            <gpxtpx:hr>126</gpxtpx:hr>
            <gpxtpx:cad>0</gpxtpx:cad>
            <gpxtpx:atemp>305.65</gpxtpx:atemp>
          </gpxtpx:TrackPointExtension>
        </extensions>
      </trkpt>
      <trkpt lat="31.134609" lon="35.363603">
        <ele>-351.9</ele>
        <time>2026-02-11T08:12:27.000Z</time>
        <extensions>
          <gpxtpx:TrackPointExtension>
            <gpxtpx:hr>125</gpxtpx:hr>
            <gpxtpx:cad>55</gpxtpx:cad>
            <gpxtpx:atemp>306.65</gpxtpx:atemp>
          </gpxtpx:TrackPointExtension>
        </extensions>
      </trkpt>
      <trkpt lat="31.134712" lon="35.363587">
        <ele>-351.4</ele>
        <time>2026-02-11T08:12:35.000Z</time>
        <extensions>
          <gpxtpx:TrackPointExtension>
            <gpxtpx:hr>129</gpxtpx:hr>
            <gpxtpx:cad>0</gpxtpx:cad>
            <gpxtpx:atemp>306.65</gpxtpx:atemp>
          </gpxtpx:TrackPointExtension>
        </extensions>
      </trkpt>
      <trkpt lat="31.134844" lon="35.363552">
        <ele>-351.0</ele>
        <time>2026-02-11T08:12:43.000Z</time>
        <extensions>
          <gpxtpx:TrackPointExtension>
            <gpxtpx:hr>134</gpxtpx:hr>
            <gpxtpx:cad>72</gpxtpx:cad>
            <gpxtpx:atemp>306.65</gpxtpx:atemp>
          </gpxtpx:TrackPointExtension>
        </extensions>
      </trkpt>
      <trkpt lat="31.134983" lon="35.363523">
        <ele>-350.7</ele>
        <time>2026-02-11T08:12:51.000Z</time>
        <extensions>
          <gpxtpx:TrackPointExtension>
            <gpxtpx:hr>138</gpxtpx:hr>
            <gpxtpx:cad>74</gpxtpx:cad>
            <gpxtpx:atemp>306.65</gpxtpx:atemp>
          </gpxtpx:TrackPointExtension>
        </extensions>
      </trkpt>
      <trkpt lat="31.135169" lon="35.363524">
        <ele>-350.1</ele>
        <time>2026-02-11T08:13:01.000Z</time>
        <extensions>
          <gpxtpx:TrackPointExtension>
            <gpxtpx:hr>144</gpxtpx:hr>
            <gpxtpx:cad>76</gpxtpx:cad>
            <gpxtpx:atemp>306.65</gpxtpx:atemp>
          </gpxtpx:TrackPointExtension>
        </extensions>
      </trkpt>
      <trkpt lat="31.135345" lon="35.363545">
        <ele>-349.1</ele>
        <time>2026-02-11T08:13:11.000Z</time>
        <extensions>
          <gpxtpx:TrackPointExtension>
            <gpxtpx:hr>147</gpxtpx:hr>
            <gpxtpx:cad>77</gpxtpx:cad>
            <gpxtpx:atemp>306.65</gpxtpx:atemp>
          </gpxtpx:TrackPointExtension>
        </extensions>
      </trkpt>
      <trkpt lat="31.135478" lon="35.363565">
        <ele>-348.4</ele>
        <time>2026-02-11T08:13:19.000Z</time>
        <extensions>
          <gpxtpx:TrackPointExtension>
            <gpxtpx:hr>151</gpxtpx:hr>
            <gpxtpx:cad>76</gpxtpx:cad>
            <gpxtpx:atemp>306.65</gpxtpx:atemp>
          </gpxtpx:TrackPointExtension>
        </extensions>
      </trkpt>
      <trkpt lat="31.135585" lon="35.363620">
        <ele>-348.0</ele>
        <time>2026-02-11T08:13:25.000Z</time>
        <extensions>
          <gpxtpx:TrackPointExtension>
            <gpxtpx:hr>156</gpxtpx:hr>
            <gpxtpx:cad>77</gpxtpx:cad>
            <gpxtpx:atemp>306.65</gpxtpx:atemp>
          </gpxtpx:TrackPointExtension>
        </extensions>
      </trkpt>
      <trkpt lat="31.135729" lon="35.363667">
        <ele>-348.0</ele>
        <time>2026-02-11T08:13:33.000Z</time>
        <extensions>
          <gpxtpx:TrackPointExtension>
            <gpxtpx:hr>158</gpxtpx:hr>
            <gpxtpx:cad>77</gpxtpx:cad>
            <gpxtpx:atemp>306.65</gpxtpx:atemp>
          </gpxtpx:TrackPointExtension>
        </extensions>
      </trkpt>
      <trkpt lat="31.135846" lon="35.363746">
        <ele>-348.2</ele>
        <time>2026-02-11T08:13:40.000Z</time>
        <extensions>
          <gpxtpx:TrackPointExtension>
            <gpxtpx:hr>160</gpxtpx:hr>
            <gpxtpx:cad>77</gpxtpx:cad>
            <gpxtpx:atemp>306.65</gpxtpx:atemp>
          </gpxtpx:TrackPointExtension>
        </extensions>
      </trkpt>
      <trkpt lat="31.135976" lon="35.363900">
        <ele>-348.7</ele>
        <time>2026-02-11T08:13:49.000Z</time>
        <extensions>
          <gpxtpx:TrackPointExtension>
            <gpxtpx:hr>160</gpxtpx:hr>
            <gpxtpx:cad>79</gpxtpx:cad>
            <gpxtpx:atemp>306.65</gpxtpx:atemp>
          </gpxtpx:TrackPointExtension>
        </extensions>
      </trkpt>
      <trkpt lat="31.136131" lon="35.364132">
        <ele>-349.3</ele>
        <time>2026-02-11T08:14:01.000Z</time>
        <extensions>
          <gpxtpx:TrackPointExtension>
            <gpxtpx:hr>162</gpxtpx:hr>
            <gpxtpx:cad>81</gpxtpx:cad>
            <gpxtpx:atemp>306.65</gpxtpx:atemp>
          </gpxtpx:TrackPointExtension>
        </extensions>
      </trkpt>
      <trkpt lat="31.136285" lon="35.364307">
        <ele>-349.9</ele>
        <time>2026-02-11T08:14:11.000Z</time>
        <extensions>
          <gpxtpx:TrackPointExtension>
            <gpxtpx:hr>160</gpxtpx:hr>
            <gpxtpx:cad>81</gpxtpx:cad>
            <gpxtpx:atemp>306.65</gpxtpx:atemp>
          </gpxtpx:TrackPointExtension>
        </extensions>
      </trkpt>
      <trkpt lat="31.136523" lon="35.364477">
        <ele>-350.1</ele>
        <time>2026-02-11T08:14:23.000Z</time>
        <extensions>
          <gpxtpx:TrackPointExtension>
            <gpxtpx:hr>160</gpxtpx:hr>
            <gpxtpx:cad>80</gpxtpx:cad>
            <gpxtpx:atemp>306.65</gpxtpx:atemp>
          </gpxtpx:TrackPointExtension>
        </extensions>
      </trkpt>
      <trkpt lat="31.136622" lon="35.364570">
        <ele>-349.9</ele>
        <time>2026-02-11T08:14:29.000Z</time>
        <extensions>
          <gpxtpx:TrackPointExtension>
            <gpxtpx:hr>161</gpxtpx:hr>
            <gpxtpx:cad>79</gpxtpx:cad>
            <gpxtpx:atemp>306.65</gpxtpx:atemp>
          </gpxtpx:TrackPointExtension>
        </extensions>
      </trkpt>
      <trkpt lat="31.136824" lon="35.364732">
        <ele>-349.5</ele>
        <time>2026-02-11T08:14:41.000Z</time>
        <extensions>
          <gpxtpx:TrackPointExtension>
            <gpxtpx:hr>161</gpxtpx:hr>
            <gpxtpx:cad>78</gpxtpx:cad>
            <gpxtpx:atemp>306.65</gpxtpx:atemp>
          </gpxtpx:TrackPointExtension>
        </extensions>
      </trkpt>
      <trkpt lat="31.137036" lon="35.364879">
        <ele>-349.3</ele>
        <time>2026-02-11T08:14:54.000Z</time>
        <extensions>
          <gpxtpx:TrackPointExtension>
            <gpxtpx:hr>161</gpxtpx:hr>
            <gpxtpx:cad>78</gpxtpx:cad>
            <gpxtpx:atemp>306.65</gpxtpx:atemp>
          </gpxtpx:TrackPointExtension>
        </extensions>
      </trkpt>
      <trkpt lat="31.137309" lon="35.364960">
        <ele>-350.0</ele>
        <time>2026-02-11T08:15:07.000Z</time>
        <extensions>
          <gpxtpx:TrackPointExtension>
            <gpxtpx:hr>163</gpxtpx:hr>
            <gpxtpx:cad>80</gpxtpx:cad>
            <gpxtpx:atemp>306.65</gpxtpx:atemp>
          </gpxtpx:TrackPointExtension>
        </extensions>
      </trkpt>
      <trkpt lat="31.137530" lon="35.364958">
        <ele>-350.8</ele>
        <time>2026-02-11T08:15:17.000Z</time>
        <extensions>
          <gpxtpx:TrackPointExtension>
            <gpxtpx:hr>164</gpxtpx:hr>
            <gpxtpx:cad>78</gpxtpx:cad>
            <gpxtpx:atemp>306.65</gpxtpx:atemp>
          </gpxtpx:TrackPointExtension>
        </extensions>
      </trkpt>
      <trkpt lat="31.137570" lon="35.364961">
        <ele>-350.9</ele>
        <time>2026-02-11T08:15:20.000Z</time>
        <extensions>
          <gpxtpx:TrackPointExtension>
            <gpxtpx:hr>162</gpxtpx:hr>
            <gpxtpx:cad>78</gpxtpx:cad>
            <gpxtpx:atemp>306.65</gpxtpx:atemp>
          </gpxtpx:TrackPointExtension>
        </extensions>
      </trkpt>
      <trkpt lat="31.137784" lon="35.364925">
        <ele>-351.8</ele>
        <time>2026-02-11T08:15:29.000Z</time>
        <extensions>
          <gpxtpx:TrackPointExtension>
            <gpxtpx:hr>159</gpxtpx:hr>
            <gpxtpx:cad>80</gpxtpx:cad>
            <gpxtpx:atemp>306.65</gpxtpx:atemp>
          </gpxtpx:TrackPointExtension>
        </extensions>
      </trkpt>
      <trkpt lat="31.137870" lon="35.364892">
        <ele>-352.1</ele>
        <time>2026-02-11T08:15:34.000Z</time>
        <extensions>
          <gpxtpx:TrackPointExtension>
            <gpxtpx:hr>159</gpxtpx:hr>
            <gpxtpx:cad>79</gpxtpx:cad>
            <gpxtpx:atemp>306.65</gpxtpx:atemp>
          </gpxtpx:TrackPointExtension>
        </extensions>
      </trkpt>
      <trkpt lat="31.138093" lon="35.364826">
        <ele>-352.9</ele>
        <time>2026-02-11T08:15:45.000Z</time>
        <extensions>
          <gpxtpx:TrackPointExtension>
            <gpxtpx:hr>158</gpxtpx:hr>
            <gpxtpx:cad>79</gpxtpx:cad>
            <gpxtpx:atemp>306.65</gpxtpx:atemp>
          </gpxtpx:TrackPointExtension>
        </extensions>
      </trkpt>
      <trkpt lat="31.138309" lon="35.364785">
        <ele>-353.7</ele>
        <time>2026-02-11T08:15:55.000Z</time>
        <extensions>
          <gpxtpx:TrackPointExtension>
            <gpxtpx:hr>156</gpxtpx:hr>
            <gpxtpx:cad>80</gpxtpx:cad>
            <gpxtpx:atemp>306.65</gpxtpx:atemp>
          </gpxtpx:TrackPointExtension>
        </extensions>
      </trkpt>
      <trkpt lat="31.138387" lon="35.364761">
        <ele>-353.9</ele>
        <time>2026-02-11T08:15:59.000Z</time>
        <extensions>
          <gpxtpx:TrackPointExtension>
            <gpxtpx:hr>156</gpxtpx:hr>
            <gpxtpx:cad>82</gpxtpx:cad>
            <gpxtpx:atemp>306.65</gpxtpx:atemp>
          </gpxtpx:TrackPointExtension>
        </extensions>
      </trkpt>
      <trkpt lat="31.138729" lon="35.364671">
        <ele>-354.7</ele>
        <time>2026-02-11T08:16:15.000Z</time>
        <extensions>
          <gpxtpx:TrackPointExtension>
            <gpxtpx:hr>155</gpxtpx:hr>
            <gpxtpx:cad>80</gpxtpx:cad>
            <gpxtpx:atemp>306.65</gpxtpx:atemp>
          </gpxtpx:TrackPointExtension>
        </extensions>
      </trkpt>
      <trkpt lat="31.138765" lon="35.364656">
        <ele>-354.8</ele>
        <time>2026-02-11T08:16:16.000Z</time>
        <extensions>
          <gpxtpx:TrackPointExtension>
            <gpxtpx:hr>154</gpxtpx:hr>
            <gpxtpx:cad>80</gpxtpx:cad>
            <gpxtpx:atemp>306.65</gpxtpx:atemp>
          </gpxtpx:TrackPointExtension>
        </extensions>
      </trkpt>
      <trkpt lat="31.139041" lon="35.364602">
        <ele>-355.5</ele>
        <time>2026-02-11T08:16:30.000Z</time>
        <extensions>
          <gpxtpx:TrackPointExtension>
            <gpxtpx:hr>153</gpxtpx:hr>
            <gpxtpx:cad>80</gpxtpx:cad>
            <gpxtpx:atemp>306.65</gpxtpx:atemp>
          </gpxtpx:TrackPointExtension>
        </extensions>
      </trkpt>
      <trkpt lat="31.139169" lon="35.364558">
        <ele>-355.9</ele>
        <time>2026-02-11T08:16:36.000Z</time>
        <extensions>
          <gpxtpx:TrackPointExtension>
            <gpxtpx:hr>153</gpxtpx:hr>
            <gpxtpx:cad>80</gpxtpx:cad>
            <gpxtpx:atemp>306.65</gpxtpx:atemp>
          </gpxtpx:TrackPointExtension>
        </extensions>
      </trkpt>
      <trkpt lat="31.139329" lon="35.364488">
        <ele>-356.5</ele>
        <time>2026-02-11T08:16:44.000Z</time>
        <extensions>
          <gpxtpx:TrackPointExtension>
            <gpxtpx:hr>155</gpxtpx:hr>
            <gpxtpx:cad>80</gpxtpx:cad>
            <gpxtpx:atemp>306.65</gpxtpx:atemp>
          </gpxtpx:TrackPointExtension>
        </extensions>
      </trkpt>
      <trkpt lat="31.139548" lon="35.364442">
        <ele>-357.3</ele>
        <time>2026-02-11T08:16:54.000Z</time>
        <extensions>
          <gpxtpx:TrackPointExtension>
            <gpxtpx:hr>156</gpxtpx:hr>
            <gpxtpx:cad>80</gpxtpx:cad>
            <gpxtpx:atemp>306.65</gpxtpx:atemp>
          </gpxtpx:TrackPointExtension>
        </extensions>
      </trkpt>
      <trkpt lat="31.139764" lon="35.364384">
        <ele>-357.9</ele>
        <time>2026-02-11T08:17:04.000Z</time>
        <extensions>
          <gpxtpx:TrackPointExtension>
            <gpxtpx:hr>161</gpxtpx:hr>
            <gpxtpx:cad>81</gpxtpx:cad>
            <gpxtpx:atemp>306.65</gpxtpx:atemp>
          </gpxtpx:TrackPointExtension>
        </extensions>
      </trkpt>
      <trkpt lat="31.140025" lon="35.364316">
        <ele>-358.5</ele>
        <time>2026-02-11T08:17:16.000Z</time>
        <extensions>
          <gpxtpx:TrackPointExtension>
            <gpxtpx:hr>159</gpxtpx:hr>
            <gpxtpx:cad>80</gpxtpx:cad>
            <gpxtpx:atemp>306.65</gpxtpx:atemp>
          </gpxtpx:TrackPointExtension>
        </extensions>
      </trkpt>
      <trkpt lat="31.140172" lon="35.364257">
        <ele>-358.6</ele>
        <time>2026-02-11T08:17:23.000Z</time>
        <extensions>
          <gpxtpx:TrackPointExtension>
            <gpxtpx:hr>159</gpxtpx:hr>
            <gpxtpx:cad>80</gpxtpx:cad>
            <gpxtpx:atemp>306.65</gpxtpx:atemp>
          </gpxtpx:TrackPointExtension>
        </extensions>
      </trkpt>
      <trkpt lat="31.140319" lon="35.364193">
        <ele>-358.5</ele>
        <time>2026-02-11T08:17:30.000Z</time>
        <extensions>
          <gpxtpx:TrackPointExtension>
            <gpxtpx:hr>161</gpxtpx:hr>
            <gpxtpx:cad>79</gpxtpx:cad>
            <gpxtpx:atemp>305.65</gpxtpx:atemp>
          </gpxtpx:TrackPointExtension>
        </extensions>
      </trkpt>
      <trkpt lat="31.140534" lon="35.364108">
        <ele>-358.1</ele>
        <time>2026-02-11T08:17:40.000Z</time>
        <extensions>
          <gpxtpx:TrackPointExtension>
            <gpxtpx:hr>161</gpxtpx:hr>
            <gpxtpx:cad>80</gpxtpx:cad>
            <gpxtpx:atemp>305.65</gpxtpx:atemp>
          </gpxtpx:TrackPointExtension>
        </extensions>
      </trkpt>
      <trkpt lat="31.140793" lon="35.364005">
        <ele>-358.3</ele>
        <time>2026-02-11T08:17:53.000Z</time>
        <extensions>
          <gpxtpx:TrackPointExtension>
            <gpxtpx:hr>162</gpxtpx:hr>
            <gpxtpx:cad>78</gpxtpx:cad>
            <gpxtpx:atemp>306.65</gpxtpx:atemp>
          </gpxtpx:TrackPointExtension>
        </extensions>
      </trkpt>
      <trkpt lat="31.140925" lon="35.363956">
        <ele>-358.9</ele>
        <time>2026-02-11T08:17:59.000Z</time>
        <extensions>
          <gpxtpx:TrackPointExtension>
            <gpxtpx:hr>159</gpxtpx:hr>
            <gpxtpx:cad>79</gpxtpx:cad>
            <gpxtpx:atemp>306.65</gpxtpx:atemp>
          </gpxtpx:TrackPointExtension>
        </extensions>
      </trkpt>
      <trkpt lat="31.141078" lon="35.363934">
        <ele>-359.5</ele>
        <time>2026-02-11T08:18:07.000Z</time>
        <extensions>
          <gpxtpx:TrackPointExtension>
            <gpxtpx:hr>161</gpxtpx:hr>
            <gpxtpx:cad>79</gpxtpx:cad>
            <gpxtpx:atemp>306.65</gpxtpx:atemp>
          </gpxtpx:TrackPointExtension>
        </extensions>
      </trkpt>
      <trkpt lat="31.141394" lon="35.363971">
        <ele>-360.9</ele>
        <time>2026-02-11T08:18:21.000Z</time>
        <extensions>
          <gpxtpx:TrackPointExtension>
            <gpxtpx:hr>162</gpxtpx:hr>
            <gpxtpx:cad>79</gpxtpx:cad>
            <gpxtpx:atemp>306.65</gpxtpx:atemp>
          </gpxtpx:TrackPointExtension>
        </extensions>
      </trkpt>
      <trkpt lat="31.141465" lon="35.363973">
        <ele>-361.3</ele>
        <time>2026-02-11T08:18:24.000Z</time>
        <extensions>
          <gpxtpx:TrackPointExtension>
            <gpxtpx:hr>161</gpxtpx:hr>
            <gpxtpx:cad>81</gpxtpx:cad>
            <gpxtpx:atemp>306.65</gpxtpx:atemp>
          </gpxtpx:TrackPointExtension>
        </extensions>
      </trkpt>
      <trkpt lat="31.141722" lon="35.363998">
        <ele>-362.4</ele>
        <time>2026-02-11T08:18:35.000Z</time>
        <extensions>
          <gpxtpx:TrackPointExtension>
            <gpxtpx:hr>162</gpxtpx:hr>
            <gpxtpx:cad>80</gpxtpx:cad>
            <gpxtpx:atemp>306.65</gpxtpx:atemp>
          </gpxtpx:TrackPointExtension>
        </extensions>
      </trkpt>
      <trkpt lat="31.141892" lon="35.363979">
        <ele>-362.8</ele>
        <time>2026-02-11T08:18:42.000Z</time>
        <extensions>
          <gpxtpx:TrackPointExtension>
            <gpxtpx:hr>164</gpxtpx:hr>
            <gpxtpx:cad>80</gpxtpx:cad>
            <gpxtpx:atemp>306.65</gpxtpx:atemp>
          </gpxtpx:TrackPointExtension>
        </extensions>
      </trkpt>
      <trkpt lat="31.142146" lon="35.363999">
        <ele>-363.1</ele>
        <time>2026-02-11T08:18:53.000Z</time>
        <extensions>
          <gpxtpx:TrackPointExtension>
            <gpxtpx:hr>165</gpxtpx:hr>
            <gpxtpx:cad>80</gpxtpx:cad>
            <gpxtpx:atemp>306.65</gpxtpx:atemp>
          </gpxtpx:TrackPointExtension>
        </extensions>
      </trkpt>
      <trkpt lat="31.142298" lon="35.364005">
        <ele>-363.2</ele>
        <time>2026-02-11T08:18:59.000Z</time>
        <extensions>
          <gpxtpx:TrackPointExtension>
            <gpxtpx:hr>167</gpxtpx:hr>
            <gpxtpx:cad>81</gpxtpx:cad>
            <gpxtpx:atemp>306.65</gpxtpx:atemp>
          </gpxtpx:TrackPointExtension>
        </extensions>
      </trkpt>
      <trkpt lat="31.142524" lon="35.364071">
        <ele>-363.4</ele>
        <time>2026-02-11T08:19:10.000Z</time>
        <extensions>
          <gpxtpx:TrackPointExtension>
            <gpxtpx:hr>167</gpxtpx:hr>
            <gpxtpx:cad>81</gpxtpx:cad>
            <gpxtpx:atemp>306.65</gpxtpx:atemp>
          </gpxtpx:TrackPointExtension>
        </extensions>
      </trkpt>
      <trkpt lat="31.142634" lon="35.364093">
        <ele>-363.5</ele>
        <time>2026-02-11T08:19:15.000Z</time>
        <extensions>
          <gpxtpx:TrackPointExtension>
            <gpxtpx:hr>168</gpxtpx:hr>
            <gpxtpx:cad>81</gpxtpx:cad>
            <gpxtpx:atemp>306.65</gpxtpx:atemp>
          </gpxtpx:TrackPointExtension>
        </extensions>
      </trkpt>
      <trkpt lat="31.142806" lon="35.364160">
        <ele>-363.3</ele>
        <time>2026-02-11T08:19:23.000Z</time>
        <extensions>
          <gpxtpx:TrackPointExtension>
            <gpxtpx:hr>168</gpxtpx:hr>
            <gpxtpx:cad>79</gpxtpx:cad>
            <gpxtpx:atemp>306.65</gpxtpx:atemp>
          </gpxtpx:TrackPointExtension>
        </extensions>
      </trkpt>
      <trkpt lat="31.142924" lon="35.364167">
        <ele>-362.9</ele>
        <time>2026-02-11T08:19:31.000Z</time>
        <extensions>
          <gpxtpx:TrackPointExtension>
            <gpxtpx:hr>170</gpxtpx:hr>
            <gpxtpx:cad>20</gpxtpx:cad>
            <gpxtpx:atemp>306.65</gpxtpx:atemp>
          </gpxtpx:TrackPointExtension>
        </extensions>
      </trkpt>
      <trkpt lat="31.143085" lon="35.364189">
        <ele>-362.3</ele>
        <time>2026-02-11T08:19:43.000Z</time>
        <extensions>
          <gpxtpx:TrackPointExtension>
            <gpxtpx:hr>168</gpxtpx:hr>
            <gpxtpx:cad>55</gpxtpx:cad>
            <gpxtpx:atemp>306.65</gpxtpx:atemp>
          </gpxtpx:TrackPointExtension>
        </extensions>
      </trkpt>
      <trkpt lat="31.143193" lon="35.364208">
        <ele>-362.0</ele>
        <time>2026-02-11T08:19:51.000Z</time>
        <extensions>
          <gpxtpx:TrackPointExtension>
            <gpxtpx:hr>164</gpxtpx:hr>
            <gpxtpx:cad>58</gpxtpx:cad>
            <gpxtpx:atemp>306.65</gpxtpx:atemp>
          </gpxtpx:TrackPointExtension>
        </extensions>
      </trkpt>
      <trkpt lat="31.143308" lon="35.364197">
        <ele>-361.9</ele>
        <time>2026-02-11T08:20:00.000Z</time>
        <extensions>
          <gpxtpx:TrackPointExtension>
            <gpxtpx:hr>164</gpxtpx:hr>
            <gpxtpx:cad>61</gpxtpx:cad>
            <gpxtpx:atemp>306.65</gpxtpx:atemp>
          </gpxtpx:TrackPointExtension>
        </extensions>
      </trkpt>
      <trkpt lat="31.143479" lon="35.364210">
        <ele>-361.8</ele>
        <time>2026-02-11T08:20:13.000Z</time>
        <extensions>
          <gpxtpx:TrackPointExtension>
            <gpxtpx:hr>157</gpxtpx:hr>
            <gpxtpx:cad>57</gpxtpx:cad>
            <gpxtpx:atemp>306.65</gpxtpx:atemp>
          </gpxtpx:TrackPointExtension>
        </extensions>
      </trkpt>
      <trkpt lat="31.143669" lon="35.364282">
        <ele>-362.3</ele>
        <time>2026-02-11T08:20:28.000Z</time>
        <extensions>
          <gpxtpx:TrackPointExtension>
            <gpxtpx:hr>147</gpxtpx:hr>
            <gpxtpx:cad>61</gpxtpx:cad>
            <gpxtpx:atemp>306.65</gpxtpx:atemp>
          </gpxtpx:TrackPointExtension>
        </extensions>
      </trkpt>
      <trkpt lat="31.143719" lon="35.364266">
        <ele>-362.4</ele>
        <time>2026-02-11T08:20:32.000Z</time>
        <extensions>
          <gpxtpx:TrackPointExtension>
            <gpxtpx:hr>145</gpxtpx:hr>
            <gpxtpx:cad>61</gpxtpx:cad>
            <gpxtpx:atemp>306.65</gpxtpx:atemp>
          </gpxtpx:TrackPointExtension>
        </extensions>
      </trkpt>
      <trkpt lat="31.143894" lon="35.364297">
        <ele>-362.8</ele>
        <time>2026-02-11T08:20:45.000Z</time>
        <extensions>
          <gpxtpx:TrackPointExtension>
            <gpxtpx:hr>141</gpxtpx:hr>
            <gpxtpx:cad>59</gpxtpx:cad>
            <gpxtpx:atemp>306.65</gpxtpx:atemp>
          </gpxtpx:TrackPointExtension>
        </extensions>
      </trkpt>
      <trkpt lat="31.144055" lon="35.364297">
        <ele>-363.1</ele>
        <time>2026-02-11T08:20:56.000Z</time>
        <extensions>
          <gpxtpx:TrackPointExtension>
            <gpxtpx:hr>139</gpxtpx:hr>
            <gpxtpx:cad>0</gpxtpx:cad>
            <gpxtpx:atemp>306.65</gpxtpx:atemp>
          </gpxtpx:TrackPointExtension>
        </extensions>
      </trkpt>
      <trkpt lat="31.144256" lon="35.364330">
        <ele>-363.6</ele>
        <time>2026-02-11T08:21:10.000Z</time>
        <extensions>
          <gpxtpx:TrackPointExtension>
            <gpxtpx:hr>139</gpxtpx:hr>
            <gpxtpx:cad>59</gpxtpx:cad>
            <gpxtpx:atemp>306.65</gpxtpx:atemp>
          </gpxtpx:TrackPointExtension>
        </extensions>
      </trkpt>
      <trkpt lat="31.144360" lon="35.364365">
        <ele>-364.0</ele>
        <time>2026-02-11T08:21:19.000Z</time>
        <extensions>
          <gpxtpx:TrackPointExtension>
            <gpxtpx:hr>134</gpxtpx:hr>
            <gpxtpx:cad>61</gpxtpx:cad>
            <gpxtpx:atemp>306.65</gpxtpx:atemp>
          </gpxtpx:TrackPointExtension>
        </extensions>
      </trkpt>
      <trkpt lat="31.144526" lon="35.364480">
        <ele>-364.6</ele>
        <time>2026-02-11T08:21:28.000Z</time>
        <extensions>
          <gpxtpx:TrackPointExtension>
            <gpxtpx:hr>134</gpxtpx:hr>
            <gpxtpx:cad>82</gpxtpx:cad>
            <gpxtpx:atemp>306.65</gpxtpx:atemp>
          </gpxtpx:TrackPointExtension>
        </extensions>
      </trkpt>
      <trkpt lat="31.144720" lon="35.364608">
        <ele>-365.3</ele>
        <time>2026-02-11T08:21:37.000Z</time>
        <extensions>
          <gpxtpx:TrackPointExtension>
            <gpxtpx:hr>141</gpxtpx:hr>
            <gpxtpx:cad>83</gpxtpx:cad>
            <gpxtpx:atemp>306.65</gpxtpx:atemp>
          </gpxtpx:TrackPointExtension>
        </extensions>
      </trkpt>
      <trkpt lat="31.144765" lon="35.364627">
        <ele>-365.4</ele>
        <time>2026-02-11T08:21:39.000Z</time>
        <extensions>
          <gpxtpx:TrackPointExtension>
            <gpxtpx:hr>142</gpxtpx:hr>
            <gpxtpx:cad>83</gpxtpx:cad>
            <gpxtpx:atemp>306.65</gpxtpx:atemp>
          </gpxtpx:TrackPointExtension>
        </extensions>
      </trkpt>
      <trkpt lat="31.144897" lon="35.364714">
        <ele>-365.9</ele>
        <time>2026-02-11T08:21:45.000Z</time>
        <extensions>
          <gpxtpx:TrackPointExtension>
            <gpxtpx:hr>146</gpxtpx:hr>
            <gpxtpx:cad>83</gpxtpx:cad>
            <gpxtpx:atemp>306.65</gpxtpx:atemp>
          </gpxtpx:TrackPointExtension>
        </extensions>
      </trkpt>
      <trkpt lat="31.144946" lon="35.364736">
        <ele>-366.1</ele>
        <time>2026-02-11T08:21:46.000Z</time>
        <extensions>
          <gpxtpx:TrackPointExtension>
            <gpxtpx:hr>147</gpxtpx:hr>
            <gpxtpx:cad>83</gpxtpx:cad>
            <gpxtpx:atemp>306.65</gpxtpx:atemp>
          </gpxtpx:TrackPointExtension>
        </extensions>
      </trkpt>
      <trkpt lat="31.145066" lon="35.364813">
        <ele>-366.5</ele>
        <time>2026-02-11T08:21:53.000Z</time>
        <extensions>
          <gpxtpx:TrackPointExtension>
            <gpxtpx:hr>150</gpxtpx:hr>
            <gpxtpx:cad>83</gpxtpx:cad>
            <gpxtpx:atemp>305.65</gpxtpx:atemp>
          </gpxtpx:TrackPointExtension>
        </extensions>
      </trkpt>
      <trkpt lat="31.145297" lon="35.364923">
        <ele>-367.3</ele>
        <time>2026-02-11T08:22:03.000Z</time>
        <extensions>
          <gpxtpx:TrackPointExtension>
            <gpxtpx:hr>156</gpxtpx:hr>
            <gpxtpx:cad>82</gpxtpx:cad>
            <gpxtpx:atemp>305.65</gpxtpx:atemp>
          </gpxtpx:TrackPointExtension>
        </extensions>
      </trkpt>
      <trkpt lat="31.145568" lon="35.365027">
        <ele>-367.9</ele>
        <time>2026-02-11T08:22:15.000Z</time>
        <extensions>
          <gpxtpx:TrackPointExtension>
            <gpxtpx:hr>157</gpxtpx:hr>
            <gpxtpx:cad>82</gpxtpx:cad>
            <gpxtpx:atemp>305.65</gpxtpx:atemp>
          </gpxtpx:TrackPointExtension>
        </extensions>
      </trkpt>
      <trkpt lat="31.145671" lon="35.365092">
        <ele>-368.0</ele>
        <time>2026-02-11T08:22:20.000Z</time>
        <extensions>
          <gpxtpx:TrackPointExtension>
            <gpxtpx:hr>159</gpxtpx:hr>
            <gpxtpx:cad>83</gpxtpx:cad>
            <gpxtpx:atemp>305.65</gpxtpx:atemp>
          </gpxtpx:TrackPointExtension>
        </extensions>
      </trkpt>
      <trkpt lat="31.145884" lon="35.365175">
        <ele>-368.2</ele>
        <time>2026-02-11T08:22:29.000Z</time>
        <extensions>
          <gpxtpx:TrackPointExtension>
            <gpxtpx:hr>160</gpxtpx:hr>
            <gpxtpx:cad>82</gpxtpx:cad>
            <gpxtpx:atemp>305.65</gpxtpx:atemp>
          </gpxtpx:TrackPointExtension>
        </extensions>
      </trkpt>
      <trkpt lat="31.146126" lon="35.365226">
        <ele>-368.7</ele>
        <time>2026-02-11T08:22:40.000Z</time>
        <extensions>
          <gpxtpx:TrackPointExtension>
            <gpxtpx:hr>161</gpxtpx:hr>
            <gpxtpx:cad>81</gpxtpx:cad>
            <gpxtpx:atemp>305.65</gpxtpx:atemp>
          </gpxtpx:TrackPointExtension>
        </extensions>
      </trkpt>
      <trkpt lat="31.146374" lon="35.365249">
        <ele>-369.7</ele>
        <time>2026-02-11T08:22:51.000Z</time>
        <extensions>
          <gpxtpx:TrackPointExtension>
            <gpxtpx:hr>163</gpxtpx:hr>
            <gpxtpx:cad>80</gpxtpx:cad>
            <gpxtpx:atemp>305.65</gpxtpx:atemp>
          </gpxtpx:TrackPointExtension>
        </extensions>
      </trkpt>
      <trkpt lat="31.146501" lon="35.365284">
        <ele>-370.4</ele>
        <time>2026-02-11T08:22:59.000Z</time>
        <extensions>
          <gpxtpx:TrackPointExtension>
            <gpxtpx:hr>164</gpxtpx:hr>
            <gpxtpx:cad>60</gpxtpx:cad>
            <gpxtpx:atemp>305.65</gpxtpx:atemp>
          </gpxtpx:TrackPointExtension>
        </extensions>
      </trkpt>
      <trkpt lat="31.146690" lon="35.365367">
        <ele>-371.6</ele>
        <time>2026-02-11T08:23:16.000Z</time>
        <extensions>
          <gpxtpx:TrackPointExtension>
            <gpxtpx:hr>156</gpxtpx:hr>
            <gpxtpx:cad>57</gpxtpx:cad>
            <gpxtpx:atemp>305.65</gpxtpx:atemp>
          </gpxtpx:TrackPointExtension>
        </extensions>
      </trkpt>
      <trkpt lat="31.146869" lon="35.365447">
        <ele>-372.5</ele>
        <time>2026-02-11T08:23:30.000Z</time>
        <extensions>
          <gpxtpx:TrackPointExtension>
            <gpxtpx:hr>145</gpxtpx:hr>
            <gpxtpx:cad>58</gpxtpx:cad>
            <gpxtpx:atemp>305.65</gpxtpx:atemp>
          </gpxtpx:TrackPointExtension>
        </extensions>
      </trkpt>
      <trkpt lat="31.147039" lon="35.365473">
        <ele>-373.0</ele>
        <time>2026-02-11T08:23:41.000Z</time>
        <extensions>
          <gpxtpx:TrackPointExtension>
            <gpxtpx:hr>135</gpxtpx:hr>
            <gpxtpx:cad>57</gpxtpx:cad>
            <gpxtpx:atemp>305.65</gpxtpx:atemp>
          </gpxtpx:TrackPointExtension>
        </extensions>
      </trkpt>
      <trkpt lat="31.147156" lon="35.365487">
        <ele>-373.1</ele>
        <time>2026-02-11T08:23:46.000Z</time>
        <extensions>
          <gpxtpx:TrackPointExtension>
            <gpxtpx:hr>132</gpxtpx:hr>
            <gpxtpx:cad>81</gpxtpx:cad>
            <gpxtpx:atemp>305.65</gpxtpx:atemp>
          </gpxtpx:TrackPointExtension>
        </extensions>
      </trkpt>
      <trkpt lat="31.147310" lon="35.365466">
        <ele>-373.0</ele>
        <time>2026-02-11T08:23:54.000Z</time>
        <extensions>
          <gpxtpx:TrackPointExtension>
            <gpxtpx:hr>137</gpxtpx:hr>
            <gpxtpx:cad>80</gpxtpx:cad>
            <gpxtpx:atemp>306.65</gpxtpx:atemp>
          </gpxtpx:TrackPointExtension>
        </extensions>
      </trkpt>
      <trkpt lat="31.147414" lon="35.365464">
        <ele>-372.7</ele>
        <time>2026-02-11T08:23:59.000Z</time>
        <extensions>
          <gpxtpx:TrackPointExtension>
            <gpxtpx:hr>139</gpxtpx:hr>
            <gpxtpx:cad>80</gpxtpx:cad>
            <gpxtpx:atemp>306.65</gpxtpx:atemp>
          </gpxtpx:TrackPointExtension>
        </extensions>
      </trkpt>
      <trkpt lat="31.147602" lon="35.365467">
        <ele>-371.9</ele>
        <time>2026-02-11T08:24:08.000Z</time>
        <extensions>
          <gpxtpx:TrackPointExtension>
            <gpxtpx:hr>146</gpxtpx:hr>
            <gpxtpx:cad>81</gpxtpx:cad>
            <gpxtpx:atemp>306.65</gpxtpx:atemp>
          </gpxtpx:TrackPointExtension>
        </extensions>
      </trkpt>
      <trkpt lat="31.147816" lon="35.365467">
        <ele>-371.1</ele>
        <time>2026-02-11T08:24:17.000Z</time>
        <extensions>
          <gpxtpx:TrackPointExtension>
            <gpxtpx:hr>150</gpxtpx:hr>
            <gpxtpx:cad>79</gpxtpx:cad>
            <gpxtpx:atemp>306.65</gpxtpx:atemp>
          </gpxtpx:TrackPointExtension>
        </extensions>
      </trkpt>
      <trkpt lat="31.147904" lon="35.365463">
        <ele>-371.0</ele>
        <time>2026-02-11T08:24:22.000Z</time>
        <extensions>
          <gpxtpx:TrackPointExtension>
            <gpxtpx:hr>154</gpxtpx:hr>
            <gpxtpx:cad>81</gpxtpx:cad>
            <gpxtpx:atemp>306.65</gpxtpx:atemp>
          </gpxtpx:TrackPointExtension>
        </extensions>
      </trkpt>
      <trkpt lat="31.148026" lon="35.365466">
        <ele>-370.8</ele>
        <time>2026-02-11T08:24:28.000Z</time>
        <extensions>
          <gpxtpx:TrackPointExtension>
            <gpxtpx:hr>157</gpxtpx:hr>
            <gpxtpx:cad>79</gpxtpx:cad>
            <gpxtpx:atemp>306.65</gpxtpx:atemp>
          </gpxtpx:TrackPointExtension>
        </extensions>
      </trkpt>
      <trkpt lat="31.148136" lon="35.365493">
        <ele>-370.8</ele>
        <time>2026-02-11T08:24:33.000Z</time>
        <extensions>
          <gpxtpx:TrackPointExtension>
            <gpxtpx:hr>158</gpxtpx:hr>
            <gpxtpx:cad>80</gpxtpx:cad>
            <gpxtpx:atemp>306.65</gpxtpx:atemp>
          </gpxtpx:TrackPointExtension>
        </extensions>
      </trkpt>
      <trkpt lat="31.148381" lon="35.365565">
        <ele>-371.0</ele>
        <time>2026-02-11T08:24:44.000Z</time>
        <extensions>
          <gpxtpx:TrackPointExtension>
            <gpxtpx:hr>158</gpxtpx:hr>
            <gpxtpx:cad>80</gpxtpx:cad>
            <gpxtpx:atemp>306.65</gpxtpx:atemp>
          </gpxtpx:TrackPointExtension>
        </extensions>
      </trkpt>
      <trkpt lat="31.148582" lon="35.365587">
        <ele>-371.0</ele>
        <time>2026-02-11T08:24:53.000Z</time>
        <extensions>
          <gpxtpx:TrackPointExtension>
            <gpxtpx:hr>162</gpxtpx:hr>
            <gpxtpx:cad>81</gpxtpx:cad>
            <gpxtpx:atemp>306.65</gpxtpx:atemp>
          </gpxtpx:TrackPointExtension>
        </extensions>
      </trkpt>
      <trkpt lat="31.148681" lon="35.365580">
        <ele>-370.9</ele>
        <time>2026-02-11T08:24:57.000Z</time>
        <extensions>
          <gpxtpx:TrackPointExtension>
            <gpxtpx:hr>165</gpxtpx:hr>
            <gpxtpx:cad>80</gpxtpx:cad>
            <gpxtpx:atemp>306.65</gpxtpx:atemp>
          </gpxtpx:TrackPointExtension>
        </extensions>
      </trkpt>
      <trkpt lat="31.148776" lon="35.365539">
        <ele>-370.9</ele>
        <time>2026-02-11T08:25:02.000Z</time>
        <extensions>
          <gpxtpx:TrackPointExtension>
            <gpxtpx:hr>166</gpxtpx:hr>
            <gpxtpx:cad>80</gpxtpx:cad>
            <gpxtpx:atemp>306.65</gpxtpx:atemp>
          </gpxtpx:TrackPointExtension>
        </extensions>
      </trkpt>
      <trkpt lat="31.148871" lon="35.365463">
        <ele>-370.9</ele>
        <time>2026-02-11T08:25:07.000Z</time>
        <extensions>
          <gpxtpx:TrackPointExtension>
            <gpxtpx:hr>167</gpxtpx:hr>
            <gpxtpx:cad>80</gpxtpx:cad>
            <gpxtpx:atemp>306.65</gpxtpx:atemp>
          </gpxtpx:TrackPointExtension>
        </extensions>
      </trkpt>
      <trkpt lat="31.149022" lon="35.365251">
        <ele>-370.9</ele>
        <time>2026-02-11T08:25:18.000Z</time>
        <extensions>
          <gpxtpx:TrackPointExtension>
            <gpxtpx:hr>168</gpxtpx:hr>
            <gpxtpx:cad>81</gpxtpx:cad>
            <gpxtpx:atemp>306.65</gpxtpx:atemp>
          </gpxtpx:TrackPointExtension>
        </extensions>
      </trkpt>
      <trkpt lat="31.149127" lon="35.365147">
        <ele>-370.9</ele>
        <time>2026-02-11T08:25:24.000Z</time>
        <extensions>
          <gpxtpx:TrackPointExtension>
            <gpxtpx:hr>169</gpxtpx:hr>
            <gpxtpx:cad>80</gpxtpx:cad>
            <gpxtpx:atemp>305.65</gpxtpx:atemp>
          </gpxtpx:TrackPointExtension>
        </extensions>
      </trkpt>
      <trkpt lat="31.149232" lon="35.365093">
        <ele>-370.8</ele>
        <time>2026-02-11T08:25:29.000Z</time>
        <extensions>
          <gpxtpx:TrackPointExtension>
            <gpxtpx:hr>170</gpxtpx:hr>
            <gpxtpx:cad>78</gpxtpx:cad>
            <gpxtpx:atemp>305.65</gpxtpx:atemp>
          </gpxtpx:TrackPointExtension>
        </extensions>
      </trkpt>
      <trkpt lat="31.149433" lon="35.365017">
        <ele>-370.8</ele>
        <time>2026-02-11T08:25:39.000Z</time>
        <extensions>
          <gpxtpx:TrackPointExtension>
            <gpxtpx:hr>171</gpxtpx:hr>
            <gpxtpx:cad>79</gpxtpx:cad>
            <gpxtpx:atemp>305.65</gpxtpx:atemp>
          </gpxtpx:TrackPointExtension>
        </extensions>
      </trkpt>
      <trkpt lat="31.149538" lon="35.365006">
        <ele>-371.3</ele>
        <time>2026-02-11T08:25:44.000Z</time>
        <extensions>
          <gpxtpx:TrackPointExtension>
            <gpxtpx:hr>170</gpxtpx:hr>
            <gpxtpx:cad>77</gpxtpx:cad>
            <gpxtpx:atemp>305.65</gpxtpx:atemp>
          </gpxtpx:TrackPointExtension>
        </extensions>
      </trkpt>
      <trkpt lat="31.149668" lon="35.364974">
        <ele>-372.9</ele>
        <time>2026-02-11T08:25:52.000Z</time>
        <extensions>
          <gpxtpx:TrackPointExtension>
            <gpxtpx:hr>169</gpxtpx:hr>
            <gpxtpx:cad>79</gpxtpx:cad>
            <gpxtpx:atemp>305.65</gpxtpx:atemp>
          </gpxtpx:TrackPointExtension>
        </extensions>
      </trkpt>
      <trkpt lat="31.149795" lon="35.365010">
        <ele>-374.7</ele>
        <time>2026-02-11T08:25:59.000Z</time>
        <extensions>
          <gpxtpx:TrackPointExtension>
            <gpxtpx:hr>168</gpxtpx:hr>
            <gpxtpx:cad>79</gpxtpx:cad>
            <gpxtpx:atemp>305.65</gpxtpx:atemp>
          </gpxtpx:TrackPointExtension>
        </extensions>
      </trkpt>
      <trkpt lat="31.149919" lon="35.365085">
        <ele>-376.6</ele>
        <time>2026-02-11T08:26:06.000Z</time>
        <extensions>
          <gpxtpx:TrackPointExtension>
            <gpxtpx:hr>168</gpxtpx:hr>
            <gpxtpx:cad>80</gpxtpx:cad>
            <gpxtpx:atemp>305.65</gpxtpx:atemp>
          </gpxtpx:TrackPointExtension>
        </extensions>
      </trkpt>
      <trkpt lat="31.150055" lon="35.365211">
        <ele>-377.8</ele>
        <time>2026-02-11T08:26:14.000Z</time>
        <extensions>
          <gpxtpx:TrackPointExtension>
            <gpxtpx:hr>166</gpxtpx:hr>
            <gpxtpx:cad>81</gpxtpx:cad>
            <gpxtpx:atemp>305.65</gpxtpx:atemp>
          </gpxtpx:TrackPointExtension>
        </extensions>
      </trkpt>
      <trkpt lat="31.150260" lon="35.365342">
        <ele>-378.4</ele>
        <time>2026-02-11T08:26:25.000Z</time>
        <extensions>
          <gpxtpx:TrackPointExtension>
            <gpxtpx:hr>166</gpxtpx:hr>
            <gpxtpx:cad>79</gpxtpx:cad>
            <gpxtpx:atemp>305.65</gpxtpx:atemp>
          </gpxtpx:TrackPointExtension>
        </extensions>
      </trkpt>
      <trkpt lat="31.150453" lon="35.365489">
        <ele>-378.3</ele>
        <time>2026-02-11T08:26:36.000Z</time>
        <extensions>
          <gpxtpx:TrackPointExtension>
            <gpxtpx:hr>164</gpxtpx:hr>
            <gpxtpx:cad>80</gpxtpx:cad>
            <gpxtpx:atemp>305.65</gpxtpx:atemp>
          </gpxtpx:TrackPointExtension>
        </extensions>
      </trkpt>
      <trkpt lat="31.150616" lon="35.365564">
        <ele>-377.8</ele>
        <time>2026-02-11T08:26:44.000Z</time>
        <extensions>
          <gpxtpx:TrackPointExtension>
            <gpxtpx:hr>163</gpxtpx:hr>
            <gpxtpx:cad>79</gpxtpx:cad>
            <gpxtpx:atemp>305.65</gpxtpx:atemp>
          </gpxtpx:TrackPointExtension>
        </extensions>
      </trkpt>
      <trkpt lat="31.150736" lon="35.365571">
        <ele>-377.4</ele>
        <time>2026-02-11T08:26:49.000Z</time>
        <extensions>
          <gpxtpx:TrackPointExtension>
            <gpxtpx:hr>164</gpxtpx:hr>
            <gpxtpx:cad>79</gpxtpx:cad>
            <gpxtpx:atemp>305.65</gpxtpx:atemp>
          </gpxtpx:TrackPointExtension>
        </extensions>
      </trkpt>
      <trkpt lat="31.150851" lon="35.365533">
        <ele>-376.9</ele>
        <time>2026-02-11T08:26:55.000Z</time>
        <extensions>
          <gpxtpx:TrackPointExtension>
            <gpxtpx:hr>167</gpxtpx:hr>
            <gpxtpx:cad>79</gpxtpx:cad>
            <gpxtpx:atemp>305.65</gpxtpx:atemp>
          </gpxtpx:TrackPointExtension>
        </extensions>
      </trkpt>
      <trkpt lat="31.151018" lon="35.365485">
        <ele>-376.3</ele>
        <time>2026-02-11T08:27:03.000Z</time>
        <extensions>
          <gpxtpx:TrackPointExtension>
            <gpxtpx:hr>170</gpxtpx:hr>
            <gpxtpx:cad>80</gpxtpx:cad>
            <gpxtpx:atemp>305.65</gpxtpx:atemp>
          </gpxtpx:TrackPointExtension>
        </extensions>
      </trkpt>
      <trkpt lat="31.151099" lon="35.365449">
        <ele>-376.0</ele>
        <time>2026-02-11T08:27:07.000Z</time>
        <extensions>
          <gpxtpx:TrackPointExtension>
            <gpxtpx:hr>169</gpxtpx:hr>
            <gpxtpx:cad>80</gpxtpx:cad>
            <gpxtpx:atemp>305.65</gpxtpx:atemp>
          </gpxtpx:TrackPointExtension>
        </extensions>
      </trkpt>
      <trkpt lat="31.151160" lon="35.365310">
        <ele>-375.1</ele>
        <time>2026-02-11T08:27:14.000Z</time>
        <extensions>
          <gpxtpx:TrackPointExtension>
            <gpxtpx:hr>171</gpxtpx:hr>
            <gpxtpx:cad>79</gpxtpx:cad>
            <gpxtpx:atemp>305.65</gpxtpx:atemp>
          </gpxtpx:TrackPointExtension>
        </extensions>
      </trkpt>
      <trkpt lat="31.151139" lon="35.365181">
        <ele>-374.5</ele>
        <time>2026-02-11T08:27:22.000Z</time>
        <extensions>
          <gpxtpx:TrackPointExtension>
            <gpxtpx:hr>174</gpxtpx:hr>
            <gpxtpx:cad>56</gpxtpx:cad>
            <gpxtpx:atemp>305.65</gpxtpx:atemp>
          </gpxtpx:TrackPointExtension>
        </extensions>
      </trkpt>
      <trkpt lat="31.151075" lon="35.364995">
        <ele>-373.4</ele>
        <time>2026-02-11T08:27:38.000Z</time>
        <extensions>
          <gpxtpx:TrackPointExtension>
            <gpxtpx:hr>168</gpxtpx:hr>
            <gpxtpx:cad>52</gpxtpx:cad>
            <gpxtpx:atemp>305.65</gpxtpx:atemp>
          </gpxtpx:TrackPointExtension>
        </extensions>
      </trkpt>
      <trkpt lat="31.151065" lon="35.364828">
        <ele>-372.3</ele>
        <time>2026-02-11T08:27:51.000Z</time>
        <extensions>
          <gpxtpx:TrackPointExtension>
            <gpxtpx:hr>167</gpxtpx:hr>
            <gpxtpx:cad>53</gpxtpx:cad>
            <gpxtpx:atemp>305.65</gpxtpx:atemp>
          </gpxtpx:TrackPointExtension>
        </extensions>
      </trkpt>
      <trkpt lat="31.151115" lon="35.364695">
        <ele>-371.3</ele>
        <time>2026-02-11T08:28:00.000Z</time>
        <extensions>
          <gpxtpx:TrackPointExtension>
            <gpxtpx:hr>167</gpxtpx:hr>
            <gpxtpx:cad>53</gpxtpx:cad>
            <gpxtpx:atemp>305.65</gpxtpx:atemp>
          </gpxtpx:TrackPointExtension>
        </extensions>
      </trkpt>
      <trkpt lat="31.151188" lon="35.364636">
        <ele>-370.7</ele>
        <time>2026-02-11T08:28:08.000Z</time>
        <extensions>
          <gpxtpx:TrackPointExtension>
            <gpxtpx:hr>166</gpxtpx:hr>
            <gpxtpx:cad>53</gpxtpx:cad>
            <gpxtpx:atemp>305.65</gpxtpx:atemp>
          </gpxtpx:TrackPointExtension>
        </extensions>
      </trkpt>
    </trkseg>
  </trk>
</gpx>
