<?xml version="1.0" encoding="UTF-8" standalone="no" ?>
<gpx creator="CompeGPS" version="1.1" xsi:schemaLocation="http://www.topografix.com/GPX/1/1 http://www.topografix.com/GPX/1/1/gpx.xsd http://www.garmin.com/xmlschemas/WaypointExtension/v1 http://www8.garmin.com/xmlschemas/WaypointExtensionv1.xsd http://www.garmin.com/xmlschemas/TrackPointExtension/v1 http://www.garmin.com/xmlschemas/TrackPointExtensionv1.xsd http://www.garmin.com/xmlschemas/GpxExtensions/v3 http://www8.garmin.com/xmlschemas/GpxExtensionsv3.xsd http://www.garmin.com/xmlschemas/ActivityExtension/v1 http://www8.garmin.com/xmlschemas/ActivityExtensionv1.xsd http://www.garmin.com/xmlschemas/AdventuresExtensions/v1 http://www8.garmin.com/xmlschemas/AdventuresExtensionv1.xsd http://www.garmin.com/xmlschemas/PressureExtension/v1 http://www.garmin.com/xmlschemas/PressureExtensionv1.xsd http://www.garmin.com/xmlschemas/TripExtensions/v1 http://www.garmin.com/xmlschemas/TripExtensionsv1.xsd http://www.garmin.com/xmlschemas/TripMetaDataExtensions/v1 http://www.garmin.com/xmlschemas/TripMetaDataExtensionsv1.xsd http://www.garmin.com/xmlschemas/ViaPointTransportationModeExtensions/v1 http://www.garmin.com/xmlschemas/ViaPointTransportationModeExtensionsv1.xsd http://www.garmin.com/xmlschemas/CreationTimeExtension/v1 http://www.garmin.com/xmlschemas/CreationTimeExtensionsv1.xsd http://www.garmin.com/xmlschemas/AccelerationExtension/v1 http://www.garmin.com/xmlschemas/AccelerationExtensionv1.xsd http://www.garmin.com/xmlschemas/PowerExtension/v1 http://www.garmin.com/xmlschemas/PowerExtensionv1.xsd http://www.garmin.com/xmlschemas/VideoExtension/v1 http://www.garmin.com/xmlschemas/VideoExtensionv1.xsd" xmlns="http://www.topografix.com/GPX/1/1" xmlns:xsi="http://www.w3.org/2001/XMLSchema-instance" xmlns:wptx1="http://www.garmin.com/xmlschemas/WaypointExtension/v1" xmlns:gpxtrx="http://www.garmin.com/xmlschemas/GpxExtensions/v3" xmlns:gpxtpx="http://www.garmin.com/xmlschemas/TrackPointExtension/v1" xmlns:gpxx="http://www.garmin.com/xmlschemas/GpxExtensions/v3" xmlns:trp="http://www.garmin.com/xmlschemas/TripExtensions/v1" xmlns:adv="http://www.garmin.com/xmlschemas/AdventuresExtensions/v1" xmlns:prs="http://www.garmin.com/xmlschemas/PressureExtension/v1" xmlns:tmd="http://www.garmin.com/xmlschemas/TripMetaDataExtensions/v1" xmlns:vptm="http://www.garmin.com/xmlschemas/ViaPointTransportationModeExtensions/v1" xmlns:ctx="http://www.garmin.com/xmlschemas/CreationTimeExtension/v1" xmlns:gpxacc="http://www.garmin.com/xmlschemas/AccelerationExtension/v1" xmlns:gpxpx="http://www.garmin.com/xmlschemas/PowerExtension/v1" xmlns:vidx1="http://www.garmin.com/xmlschemas/VideoExtension/v1" xmlns:twonav="http://twonav.com/twonav">
  <metadata>
    <author>
      <email id="" domain=""/>
    </author>
    <copyright author="">
      <license></license>
    </copyright>
    <link href="http://www.compegps.com">
      <text>CompeGPS TEAM, SL</text>
    </link>
    <time>2026-04-07T08:17:25.000Z</time>
    <bounds maxlat="30.626910" maxlon="34.709492" minlat="30.580622" minlon="34.656039"/>
  </metadata>
  <trk>
    <name>cabir21</name>
    <extensions>
      <line xmlns="http://www.topografix.com/GPX/gpx_style/0/2">
        <width>4</width>
      </line>
      <gpxx:TrackExtension>
        <gpxx:DisplayColor>Yellow</gpxx:DisplayColor>
      </gpxx:TrackExtension>
      <twonav:TwoNavExtension>
        <twonav:activity>4</twonav:activity>
        <twonav:terrain>0</twonav:terrain>
      </twonav:TwoNavExtension>
    </extensions>
    <trkseg>
      <trkpt lat="30.593134" lon="34.709264">
        <ele>797.6</ele>
        <time>2026-04-07T03:35:37.000Z</time>
        <extensions>
          <gpxtpx:TrackPointExtension>
            <gpxtpx:hr>69</gpxtpx:hr>
            <gpxtpx:cad>0</gpxtpx:cad>
            <gpxtpx:atemp>300.65</gpxtpx:atemp>
          </gpxtpx:TrackPointExtension>
        </extensions>
      </trkpt>
      <trkpt lat="30.593130" lon="34.709353">
        <ele>797.4</ele>
        <time>2026-04-07T03:35:46.000Z</time>
        <extensions>
          <gpxtpx:TrackPointExtension>
            <gpxtpx:hr>70</gpxtpx:hr>
            <gpxtpx:cad>51</gpxtpx:cad>
            <gpxtpx:atemp>300.65</gpxtpx:atemp>
          </gpxtpx:TrackPointExtension>
        </extensions>
      </trkpt>
      <trkpt lat="30.593073" lon="34.709382">
        <ele>797.0</ele>
        <time>2026-04-07T03:35:50.000Z</time>
        <extensions>
          <gpxtpx:TrackPointExtension>
            <gpxtpx:hr>75</gpxtpx:hr>
            <gpxtpx:cad>0</gpxtpx:cad>
            <gpxtpx:atemp>300.65</gpxtpx:atemp>
          </gpxtpx:TrackPointExtension>
        </extensions>
      </trkpt>
      <trkpt lat="30.593011" lon="34.709451">
        <ele>796.5</ele>
        <time>2026-04-07T03:35:56.000Z</time>
        <extensions>
          <gpxtpx:TrackPointExtension>
            <gpxtpx:hr>82</gpxtpx:hr>
            <gpxtpx:cad>68</gpxtpx:cad>
            <gpxtpx:atemp>299.65</gpxtpx:atemp>
          </gpxtpx:TrackPointExtension>
        </extensions>
      </trkpt>
      <trkpt lat="30.592957" lon="34.709492">
        <ele>796.2</ele>
        <time>2026-04-07T03:36:02.000Z</time>
        <extensions>
          <gpxtpx:TrackPointExtension>
            <gpxtpx:hr>87</gpxtpx:hr>
            <gpxtpx:cad>62</gpxtpx:cad>
            <gpxtpx:atemp>299.65</gpxtpx:atemp>
          </gpxtpx:TrackPointExtension>
        </extensions>
      </trkpt>
      <trkpt lat="30.592791" lon="34.709464">
        <ele>796.2</ele>
        <time>2026-04-07T03:36:12.000Z</time>
        <extensions>
          <gpxtpx:TrackPointExtension>
            <gpxtpx:hr>98</gpxtpx:hr>
            <gpxtpx:cad>70</gpxtpx:cad>
            <gpxtpx:atemp>299.65</gpxtpx:atemp>
          </gpxtpx:TrackPointExtension>
        </extensions>
      </trkpt>
      <trkpt lat="30.592727" lon="34.709444">
        <ele>796.3</ele>
        <time>2026-04-07T03:36:17.000Z</time>
        <extensions>
          <gpxtpx:TrackPointExtension>
            <gpxtpx:hr>105</gpxtpx:hr>
            <gpxtpx:cad>70</gpxtpx:cad>
            <gpxtpx:atemp>299.65</gpxtpx:atemp>
          </gpxtpx:TrackPointExtension>
        </extensions>
      </trkpt>
      <trkpt lat="30.592544" lon="34.709360">
        <ele>797.2</ele>
        <time>2026-04-07T03:36:35.000Z</time>
        <extensions>
          <gpxtpx:TrackPointExtension>
            <gpxtpx:hr>114</gpxtpx:hr>
            <gpxtpx:cad>75</gpxtpx:cad>
            <gpxtpx:atemp>298.65</gpxtpx:atemp>
          </gpxtpx:TrackPointExtension>
        </extensions>
      </trkpt>
      <trkpt lat="30.592449" lon="34.709342">
        <ele>797.6</ele>
        <time>2026-04-07T03:36:40.000Z</time>
        <extensions>
          <gpxtpx:TrackPointExtension>
            <gpxtpx:hr>118</gpxtpx:hr>
            <gpxtpx:cad>75</gpxtpx:cad>
            <gpxtpx:atemp>298.65</gpxtpx:atemp>
          </gpxtpx:TrackPointExtension>
        </extensions>
      </trkpt>
      <trkpt lat="30.592330" lon="34.709344">
        <ele>798.3</ele>
        <time>2026-04-07T03:36:48.000Z</time>
        <extensions>
          <gpxtpx:TrackPointExtension>
            <gpxtpx:hr>124</gpxtpx:hr>
            <gpxtpx:cad>72</gpxtpx:cad>
            <gpxtpx:atemp>298.65</gpxtpx:atemp>
          </gpxtpx:TrackPointExtension>
        </extensions>
      </trkpt>
      <trkpt lat="30.592248" lon="34.709327">
        <ele>799.2</ele>
        <time>2026-04-07T03:36:53.000Z</time>
        <extensions>
          <gpxtpx:TrackPointExtension>
            <gpxtpx:hr>129</gpxtpx:hr>
            <gpxtpx:cad>70</gpxtpx:cad>
            <gpxtpx:atemp>298.65</gpxtpx:atemp>
          </gpxtpx:TrackPointExtension>
        </extensions>
      </trkpt>
      <trkpt lat="30.592200" lon="34.709299">
        <ele>799.7</ele>
        <time>2026-04-07T03:36:56.000Z</time>
        <extensions>
          <gpxtpx:TrackPointExtension>
            <gpxtpx:hr>131</gpxtpx:hr>
            <gpxtpx:cad>71</gpxtpx:cad>
            <gpxtpx:atemp>298.65</gpxtpx:atemp>
          </gpxtpx:TrackPointExtension>
        </extensions>
      </trkpt>
      <trkpt lat="30.592026" lon="34.709226">
        <ele>801.1</ele>
        <time>2026-04-07T03:37:06.000Z</time>
        <extensions>
          <gpxtpx:TrackPointExtension>
            <gpxtpx:hr>139</gpxtpx:hr>
            <gpxtpx:cad>76</gpxtpx:cad>
            <gpxtpx:atemp>298.65</gpxtpx:atemp>
          </gpxtpx:TrackPointExtension>
        </extensions>
      </trkpt>
      <trkpt lat="30.591972" lon="34.709197">
        <ele>801.4</ele>
        <time>2026-04-07T03:37:09.000Z</time>
        <extensions>
          <gpxtpx:TrackPointExtension>
            <gpxtpx:hr>141</gpxtpx:hr>
            <gpxtpx:cad>76</gpxtpx:cad>
            <gpxtpx:atemp>298.65</gpxtpx:atemp>
          </gpxtpx:TrackPointExtension>
        </extensions>
      </trkpt>
      <trkpt lat="30.591800" lon="34.709094">
        <ele>802.2</ele>
        <time>2026-04-07T03:37:19.000Z</time>
        <extensions>
          <gpxtpx:TrackPointExtension>
            <gpxtpx:hr>140</gpxtpx:hr>
            <gpxtpx:cad>75</gpxtpx:cad>
            <gpxtpx:atemp>297.65</gpxtpx:atemp>
          </gpxtpx:TrackPointExtension>
        </extensions>
      </trkpt>
      <trkpt lat="30.591784" lon="34.709089">
        <ele>802.2</ele>
        <time>2026-04-07T03:37:20.000Z</time>
        <extensions>
          <gpxtpx:TrackPointExtension>
            <gpxtpx:hr>139</gpxtpx:hr>
            <gpxtpx:cad>75</gpxtpx:cad>
            <gpxtpx:atemp>297.65</gpxtpx:atemp>
          </gpxtpx:TrackPointExtension>
        </extensions>
      </trkpt>
      <trkpt lat="30.591678" lon="34.709025">
        <ele>802.0</ele>
        <time>2026-04-07T03:37:26.000Z</time>
        <extensions>
          <gpxtpx:TrackPointExtension>
            <gpxtpx:hr>138</gpxtpx:hr>
            <gpxtpx:cad>75</gpxtpx:cad>
            <gpxtpx:atemp>297.65</gpxtpx:atemp>
          </gpxtpx:TrackPointExtension>
        </extensions>
      </trkpt>
      <trkpt lat="30.591535" lon="34.708913">
        <ele>801.6</ele>
        <time>2026-04-07T03:37:35.000Z</time>
        <extensions>
          <gpxtpx:TrackPointExtension>
            <gpxtpx:hr>140</gpxtpx:hr>
            <gpxtpx:cad>76</gpxtpx:cad>
            <gpxtpx:atemp>296.65</gpxtpx:atemp>
          </gpxtpx:TrackPointExtension>
        </extensions>
      </trkpt>
      <trkpt lat="30.591451" lon="34.708877">
        <ele>801.3</ele>
        <time>2026-04-07T03:37:40.000Z</time>
        <extensions>
          <gpxtpx:TrackPointExtension>
            <gpxtpx:hr>140</gpxtpx:hr>
            <gpxtpx:cad>75</gpxtpx:cad>
            <gpxtpx:atemp>296.65</gpxtpx:atemp>
          </gpxtpx:TrackPointExtension>
        </extensions>
      </trkpt>
      <trkpt lat="30.591304" lon="34.708840">
        <ele>800.8</ele>
        <time>2026-04-07T03:37:49.000Z</time>
        <extensions>
          <gpxtpx:TrackPointExtension>
            <gpxtpx:hr>141</gpxtpx:hr>
            <gpxtpx:cad>70</gpxtpx:cad>
            <gpxtpx:atemp>296.65</gpxtpx:atemp>
          </gpxtpx:TrackPointExtension>
        </extensions>
      </trkpt>
      <trkpt lat="30.591179" lon="34.708808">
        <ele>799.9</ele>
        <time>2026-04-07T03:37:58.000Z</time>
        <extensions>
          <gpxtpx:TrackPointExtension>
            <gpxtpx:hr>140</gpxtpx:hr>
            <gpxtpx:cad>62</gpxtpx:cad>
            <gpxtpx:atemp>296.65</gpxtpx:atemp>
          </gpxtpx:TrackPointExtension>
        </extensions>
      </trkpt>
      <trkpt lat="30.591078" lon="34.708762">
        <ele>798.8</ele>
        <time>2026-04-07T03:38:04.000Z</time>
        <extensions>
          <gpxtpx:TrackPointExtension>
            <gpxtpx:hr>138</gpxtpx:hr>
            <gpxtpx:cad>63</gpxtpx:cad>
            <gpxtpx:atemp>295.65</gpxtpx:atemp>
          </gpxtpx:TrackPointExtension>
        </extensions>
      </trkpt>
      <trkpt lat="30.590992" lon="34.708696">
        <ele>797.8</ele>
        <time>2026-04-07T03:38:12.000Z</time>
        <extensions>
          <gpxtpx:TrackPointExtension>
            <gpxtpx:hr>135</gpxtpx:hr>
            <gpxtpx:cad>70</gpxtpx:cad>
            <gpxtpx:atemp>295.65</gpxtpx:atemp>
          </gpxtpx:TrackPointExtension>
        </extensions>
      </trkpt>
      <trkpt lat="30.590985" lon="34.708635">
        <ele>797.3</ele>
        <time>2026-04-07T03:38:16.000Z</time>
        <extensions>
          <gpxtpx:TrackPointExtension>
            <gpxtpx:hr>136</gpxtpx:hr>
            <gpxtpx:cad>56</gpxtpx:cad>
            <gpxtpx:atemp>295.65</gpxtpx:atemp>
          </gpxtpx:TrackPointExtension>
        </extensions>
      </trkpt>
      <trkpt lat="30.590865" lon="34.708513">
        <ele>795.1</ele>
        <time>2026-04-07T03:38:28.000Z</time>
        <extensions>
          <gpxtpx:TrackPointExtension>
            <gpxtpx:hr>130</gpxtpx:hr>
            <gpxtpx:cad>0</gpxtpx:cad>
            <gpxtpx:atemp>295.65</gpxtpx:atemp>
          </gpxtpx:TrackPointExtension>
        </extensions>
      </trkpt>
      <trkpt lat="30.590830" lon="34.708365">
        <ele>794.1</ele>
        <time>2026-04-07T03:38:44.000Z</time>
        <extensions>
          <gpxtpx:TrackPointExtension>
            <gpxtpx:hr>124</gpxtpx:hr>
            <gpxtpx:cad>0</gpxtpx:cad>
            <gpxtpx:atemp>295.65</gpxtpx:atemp>
          </gpxtpx:TrackPointExtension>
        </extensions>
      </trkpt>
      <trkpt lat="30.590830" lon="34.708261">
        <ele>793.7</ele>
        <time>2026-04-07T03:38:50.000Z</time>
        <extensions>
          <gpxtpx:TrackPointExtension>
            <gpxtpx:hr>123</gpxtpx:hr>
            <gpxtpx:cad>65</gpxtpx:cad>
            <gpxtpx:atemp>295.65</gpxtpx:atemp>
          </gpxtpx:TrackPointExtension>
        </extensions>
      </trkpt>
      <trkpt lat="30.590808" lon="34.708025">
        <ele>793.0</ele>
        <time>2026-04-07T03:39:03.000Z</time>
        <extensions>
          <gpxtpx:TrackPointExtension>
            <gpxtpx:hr>120</gpxtpx:hr>
            <gpxtpx:cad>68</gpxtpx:cad>
            <gpxtpx:atemp>295.65</gpxtpx:atemp>
          </gpxtpx:TrackPointExtension>
        </extensions>
      </trkpt>
      <trkpt lat="30.590783" lon="34.707935">
        <ele>792.7</ele>
        <time>2026-04-07T03:39:08.000Z</time>
        <extensions>
          <gpxtpx:TrackPointExtension>
            <gpxtpx:hr>118</gpxtpx:hr>
            <gpxtpx:cad>67</gpxtpx:cad>
            <gpxtpx:atemp>295.65</gpxtpx:atemp>
          </gpxtpx:TrackPointExtension>
        </extensions>
      </trkpt>
      <trkpt lat="30.590779" lon="34.707893">
        <ele>792.6</ele>
        <time>2026-04-07T03:39:10.000Z</time>
        <extensions>
          <gpxtpx:TrackPointExtension>
            <gpxtpx:hr>117</gpxtpx:hr>
            <gpxtpx:cad>67</gpxtpx:cad>
            <gpxtpx:atemp>295.65</gpxtpx:atemp>
          </gpxtpx:TrackPointExtension>
        </extensions>
      </trkpt>
      <trkpt lat="30.590750" lon="34.707783">
        <ele>792.3</ele>
        <time>2026-04-07T03:39:18.000Z</time>
        <extensions>
          <gpxtpx:TrackPointExtension>
            <gpxtpx:hr>116</gpxtpx:hr>
            <gpxtpx:cad>66</gpxtpx:cad>
            <gpxtpx:atemp>295.65</gpxtpx:atemp>
          </gpxtpx:TrackPointExtension>
        </extensions>
      </trkpt>
      <trkpt lat="30.590692" lon="34.707627">
        <ele>792.0</ele>
        <time>2026-04-07T03:39:28.000Z</time>
        <extensions>
          <gpxtpx:TrackPointExtension>
            <gpxtpx:hr>114</gpxtpx:hr>
            <gpxtpx:cad>0</gpxtpx:cad>
            <gpxtpx:atemp>295.65</gpxtpx:atemp>
          </gpxtpx:TrackPointExtension>
        </extensions>
      </trkpt>
      <trkpt lat="30.590604" lon="34.707475">
        <ele>791.9</ele>
        <time>2026-04-07T03:39:37.000Z</time>
        <extensions>
          <gpxtpx:TrackPointExtension>
            <gpxtpx:hr>113</gpxtpx:hr>
            <gpxtpx:cad>68</gpxtpx:cad>
            <gpxtpx:atemp>295.65</gpxtpx:atemp>
          </gpxtpx:TrackPointExtension>
        </extensions>
      </trkpt>
      <trkpt lat="30.590538" lon="34.707282">
        <ele>792.0</ele>
        <time>2026-04-07T03:39:50.000Z</time>
        <extensions>
          <gpxtpx:TrackPointExtension>
            <gpxtpx:hr>115</gpxtpx:hr>
            <gpxtpx:cad>0</gpxtpx:cad>
            <gpxtpx:atemp>294.65</gpxtpx:atemp>
          </gpxtpx:TrackPointExtension>
        </extensions>
      </trkpt>
      <trkpt lat="30.590474" lon="34.707204">
        <ele>792.0</ele>
        <time>2026-04-07T03:40:00.000Z</time>
        <extensions>
          <gpxtpx:TrackPointExtension>
            <gpxtpx:hr>117</gpxtpx:hr>
            <gpxtpx:cad>0</gpxtpx:cad>
            <gpxtpx:atemp>294.65</gpxtpx:atemp>
          </gpxtpx:TrackPointExtension>
        </extensions>
      </trkpt>
      <trkpt lat="30.590425" lon="34.707103">
        <ele>792.0</ele>
        <time>2026-04-07T03:40:14.000Z</time>
        <extensions>
          <gpxtpx:TrackPointExtension>
            <gpxtpx:hr>116</gpxtpx:hr>
            <gpxtpx:cad>41</gpxtpx:cad>
            <gpxtpx:atemp>294.65</gpxtpx:atemp>
          </gpxtpx:TrackPointExtension>
        </extensions>
      </trkpt>
      <trkpt lat="30.590361" lon="34.706995">
        <ele>791.8</ele>
        <time>2026-04-07T03:40:28.000Z</time>
        <extensions>
          <gpxtpx:TrackPointExtension>
            <gpxtpx:hr>113</gpxtpx:hr>
            <gpxtpx:cad>58</gpxtpx:cad>
            <gpxtpx:atemp>294.65</gpxtpx:atemp>
          </gpxtpx:TrackPointExtension>
        </extensions>
      </trkpt>
      <trkpt lat="30.590334" lon="34.706962">
        <ele>791.7</ele>
        <time>2026-04-07T03:40:32.000Z</time>
        <extensions>
          <gpxtpx:TrackPointExtension>
            <gpxtpx:hr>112</gpxtpx:hr>
            <gpxtpx:cad>53</gpxtpx:cad>
            <gpxtpx:atemp>294.65</gpxtpx:atemp>
          </gpxtpx:TrackPointExtension>
        </extensions>
      </trkpt>
      <trkpt lat="30.590217" lon="34.706875">
        <ele>791.4</ele>
        <time>2026-04-07T03:40:44.000Z</time>
        <extensions>
          <gpxtpx:TrackPointExtension>
            <gpxtpx:hr>109</gpxtpx:hr>
            <gpxtpx:cad>65</gpxtpx:cad>
            <gpxtpx:atemp>294.65</gpxtpx:atemp>
          </gpxtpx:TrackPointExtension>
        </extensions>
      </trkpt>
      <trkpt lat="30.590145" lon="34.706863">
        <ele>791.4</ele>
        <time>2026-04-07T03:40:49.000Z</time>
        <extensions>
          <gpxtpx:TrackPointExtension>
            <gpxtpx:hr>109</gpxtpx:hr>
            <gpxtpx:cad>70</gpxtpx:cad>
            <gpxtpx:atemp>294.65</gpxtpx:atemp>
          </gpxtpx:TrackPointExtension>
        </extensions>
      </trkpt>
      <trkpt lat="30.590085" lon="34.706827">
        <ele>791.2</ele>
        <time>2026-04-07T03:40:53.000Z</time>
        <extensions>
          <gpxtpx:TrackPointExtension>
            <gpxtpx:hr>108</gpxtpx:hr>
            <gpxtpx:cad>74</gpxtpx:cad>
            <gpxtpx:atemp>294.65</gpxtpx:atemp>
          </gpxtpx:TrackPointExtension>
        </extensions>
      </trkpt>
      <trkpt lat="30.590045" lon="34.706784">
        <ele>790.8</ele>
        <time>2026-04-07T03:40:56.000Z</time>
        <extensions>
          <gpxtpx:TrackPointExtension>
            <gpxtpx:hr>108</gpxtpx:hr>
            <gpxtpx:cad>74</gpxtpx:cad>
            <gpxtpx:atemp>294.65</gpxtpx:atemp>
          </gpxtpx:TrackPointExtension>
        </extensions>
      </trkpt>
      <trkpt lat="30.589991" lon="34.706763">
        <ele>790.5</ele>
        <time>2026-04-07T03:41:00.000Z</time>
        <extensions>
          <gpxtpx:TrackPointExtension>
            <gpxtpx:hr>108</gpxtpx:hr>
            <gpxtpx:cad>68</gpxtpx:cad>
            <gpxtpx:atemp>294.65</gpxtpx:atemp>
          </gpxtpx:TrackPointExtension>
        </extensions>
      </trkpt>
      <trkpt lat="30.589971" lon="34.706714">
        <ele>790.0</ele>
        <time>2026-04-07T03:41:03.000Z</time>
        <extensions>
          <gpxtpx:TrackPointExtension>
            <gpxtpx:hr>108</gpxtpx:hr>
            <gpxtpx:cad>68</gpxtpx:cad>
            <gpxtpx:atemp>294.65</gpxtpx:atemp>
          </gpxtpx:TrackPointExtension>
        </extensions>
      </trkpt>
      <trkpt lat="30.589902" lon="34.706652">
        <ele>789.3</ele>
        <time>2026-04-07T03:41:11.000Z</time>
        <extensions>
          <gpxtpx:TrackPointExtension>
            <gpxtpx:hr>109</gpxtpx:hr>
            <gpxtpx:cad>60</gpxtpx:cad>
            <gpxtpx:atemp>294.65</gpxtpx:atemp>
          </gpxtpx:TrackPointExtension>
        </extensions>
      </trkpt>
      <trkpt lat="30.589848" lon="34.706690">
        <ele>789.7</ele>
        <time>2026-04-07T03:41:17.000Z</time>
        <extensions>
          <gpxtpx:TrackPointExtension>
            <gpxtpx:hr>108</gpxtpx:hr>
            <gpxtpx:cad>57</gpxtpx:cad>
            <gpxtpx:atemp>294.65</gpxtpx:atemp>
          </gpxtpx:TrackPointExtension>
        </extensions>
      </trkpt>
      <trkpt lat="30.589764" lon="34.706728">
        <ele>789.8</ele>
        <time>2026-04-07T03:41:27.000Z</time>
        <extensions>
          <gpxtpx:TrackPointExtension>
            <gpxtpx:hr>107</gpxtpx:hr>
            <gpxtpx:cad>71</gpxtpx:cad>
            <gpxtpx:atemp>294.65</gpxtpx:atemp>
          </gpxtpx:TrackPointExtension>
        </extensions>
      </trkpt>
      <trkpt lat="30.589660" lon="34.706625">
        <ele>788.3</ele>
        <time>2026-04-07T03:41:41.000Z</time>
        <extensions>
          <gpxtpx:TrackPointExtension>
            <gpxtpx:hr>104</gpxtpx:hr>
            <gpxtpx:cad>44</gpxtpx:cad>
            <gpxtpx:atemp>294.65</gpxtpx:atemp>
          </gpxtpx:TrackPointExtension>
        </extensions>
      </trkpt>
      <trkpt lat="30.589596" lon="34.706599">
        <ele>787.8</ele>
        <time>2026-04-07T03:41:46.000Z</time>
        <extensions>
          <gpxtpx:TrackPointExtension>
            <gpxtpx:hr>102</gpxtpx:hr>
            <gpxtpx:cad>57</gpxtpx:cad>
            <gpxtpx:atemp>294.65</gpxtpx:atemp>
          </gpxtpx:TrackPointExtension>
        </extensions>
      </trkpt>
      <trkpt lat="30.589492" lon="34.706654">
        <ele>787.6</ele>
        <time>2026-04-07T03:41:59.000Z</time>
        <extensions>
          <gpxtpx:TrackPointExtension>
            <gpxtpx:hr>107</gpxtpx:hr>
            <gpxtpx:cad>0</gpxtpx:cad>
            <gpxtpx:atemp>294.65</gpxtpx:atemp>
          </gpxtpx:TrackPointExtension>
        </extensions>
      </trkpt>
      <trkpt lat="30.589434" lon="34.706709">
        <ele>787.5</ele>
        <time>2026-04-07T03:42:05.000Z</time>
        <extensions>
          <gpxtpx:TrackPointExtension>
            <gpxtpx:hr>110</gpxtpx:hr>
            <gpxtpx:cad>47</gpxtpx:cad>
            <gpxtpx:atemp>294.65</gpxtpx:atemp>
          </gpxtpx:TrackPointExtension>
        </extensions>
      </trkpt>
      <trkpt lat="30.589373" lon="34.706746">
        <ele>787.2</ele>
        <time>2026-04-07T03:42:10.000Z</time>
        <extensions>
          <gpxtpx:TrackPointExtension>
            <gpxtpx:hr>108</gpxtpx:hr>
            <gpxtpx:cad>51</gpxtpx:cad>
            <gpxtpx:atemp>294.65</gpxtpx:atemp>
          </gpxtpx:TrackPointExtension>
        </extensions>
      </trkpt>
      <trkpt lat="30.589309" lon="34.706714">
        <ele>786.4</ele>
        <time>2026-04-07T03:42:20.000Z</time>
        <extensions>
          <gpxtpx:TrackPointExtension>
            <gpxtpx:hr>111</gpxtpx:hr>
            <gpxtpx:cad>55</gpxtpx:cad>
            <gpxtpx:atemp>294.65</gpxtpx:atemp>
          </gpxtpx:TrackPointExtension>
        </extensions>
      </trkpt>
      <trkpt lat="30.589232" lon="34.706749">
        <ele>785.6</ele>
        <time>2026-04-07T03:42:27.000Z</time>
        <extensions>
          <gpxtpx:TrackPointExtension>
            <gpxtpx:hr>112</gpxtpx:hr>
            <gpxtpx:cad>57</gpxtpx:cad>
            <gpxtpx:atemp>294.65</gpxtpx:atemp>
          </gpxtpx:TrackPointExtension>
        </extensions>
      </trkpt>
      <trkpt lat="30.589130" lon="34.706831">
        <ele>784.7</ele>
        <time>2026-04-07T03:42:37.000Z</time>
        <extensions>
          <gpxtpx:TrackPointExtension>
            <gpxtpx:hr>120</gpxtpx:hr>
            <gpxtpx:cad>0</gpxtpx:cad>
            <gpxtpx:atemp>294.65</gpxtpx:atemp>
          </gpxtpx:TrackPointExtension>
        </extensions>
      </trkpt>
      <trkpt lat="30.589101" lon="34.706895">
        <ele>784.7</ele>
        <time>2026-04-07T03:42:42.000Z</time>
        <extensions>
          <gpxtpx:TrackPointExtension>
            <gpxtpx:hr>122</gpxtpx:hr>
            <gpxtpx:cad>0</gpxtpx:cad>
            <gpxtpx:atemp>294.65</gpxtpx:atemp>
          </gpxtpx:TrackPointExtension>
        </extensions>
      </trkpt>
      <trkpt lat="30.589042" lon="34.706953">
        <ele>784.3</ele>
        <time>2026-04-07T03:42:49.000Z</time>
        <extensions>
          <gpxtpx:TrackPointExtension>
            <gpxtpx:hr>125</gpxtpx:hr>
            <gpxtpx:cad>0</gpxtpx:cad>
            <gpxtpx:atemp>294.65</gpxtpx:atemp>
          </gpxtpx:TrackPointExtension>
        </extensions>
      </trkpt>
      <trkpt lat="30.588979" lon="34.706960">
        <ele>783.6</ele>
        <time>2026-04-07T03:42:56.000Z</time>
        <extensions>
          <gpxtpx:TrackPointExtension>
            <gpxtpx:hr>128</gpxtpx:hr>
            <gpxtpx:cad>44</gpxtpx:cad>
            <gpxtpx:atemp>294.65</gpxtpx:atemp>
          </gpxtpx:TrackPointExtension>
        </extensions>
      </trkpt>
      <trkpt lat="30.588935" lon="34.707016">
        <ele>783.3</ele>
        <time>2026-04-07T03:43:05.000Z</time>
        <extensions>
          <gpxtpx:TrackPointExtension>
            <gpxtpx:hr>131</gpxtpx:hr>
            <gpxtpx:cad>0</gpxtpx:cad>
            <gpxtpx:atemp>294.65</gpxtpx:atemp>
          </gpxtpx:TrackPointExtension>
        </extensions>
      </trkpt>
      <trkpt lat="30.588939" lon="34.707062">
        <ele>783.6</ele>
        <time>2026-04-07T03:43:10.000Z</time>
        <extensions>
          <gpxtpx:TrackPointExtension>
            <gpxtpx:hr>130</gpxtpx:hr>
            <gpxtpx:cad>50</gpxtpx:cad>
            <gpxtpx:atemp>294.65</gpxtpx:atemp>
          </gpxtpx:TrackPointExtension>
        </extensions>
      </trkpt>
      <trkpt lat="30.588888" lon="34.707108">
        <ele>783.2</ele>
        <time>2026-04-07T03:43:17.000Z</time>
        <extensions>
          <gpxtpx:TrackPointExtension>
            <gpxtpx:hr>128</gpxtpx:hr>
            <gpxtpx:cad>55</gpxtpx:cad>
            <gpxtpx:atemp>294.65</gpxtpx:atemp>
          </gpxtpx:TrackPointExtension>
        </extensions>
      </trkpt>
      <trkpt lat="30.588832" lon="34.707143">
        <ele>782.8</ele>
        <time>2026-04-07T03:43:23.000Z</time>
        <extensions>
          <gpxtpx:TrackPointExtension>
            <gpxtpx:hr>128</gpxtpx:hr>
            <gpxtpx:cad>55</gpxtpx:cad>
            <gpxtpx:atemp>294.65</gpxtpx:atemp>
          </gpxtpx:TrackPointExtension>
        </extensions>
      </trkpt>
      <trkpt lat="30.588796" lon="34.707177">
        <ele>782.6</ele>
        <time>2026-04-07T03:43:27.000Z</time>
        <extensions>
          <gpxtpx:TrackPointExtension>
            <gpxtpx:hr>128</gpxtpx:hr>
            <gpxtpx:cad>55</gpxtpx:cad>
            <gpxtpx:atemp>294.65</gpxtpx:atemp>
          </gpxtpx:TrackPointExtension>
        </extensions>
      </trkpt>
      <trkpt lat="30.588730" lon="34.707196">
        <ele>782.2</ele>
        <time>2026-04-07T03:43:34.000Z</time>
        <extensions>
          <gpxtpx:TrackPointExtension>
            <gpxtpx:hr>131</gpxtpx:hr>
            <gpxtpx:cad>48</gpxtpx:cad>
            <gpxtpx:atemp>294.65</gpxtpx:atemp>
          </gpxtpx:TrackPointExtension>
        </extensions>
      </trkpt>
      <trkpt lat="30.588688" lon="34.707188">
        <ele>782.0</ele>
        <time>2026-04-07T03:43:38.000Z</time>
        <extensions>
          <gpxtpx:TrackPointExtension>
            <gpxtpx:hr>132</gpxtpx:hr>
            <gpxtpx:cad>48</gpxtpx:cad>
            <gpxtpx:atemp>294.65</gpxtpx:atemp>
          </gpxtpx:TrackPointExtension>
        </extensions>
      </trkpt>
      <trkpt lat="30.588555" lon="34.707228">
        <ele>782.2</ele>
        <time>2026-04-07T03:43:52.000Z</time>
        <extensions>
          <gpxtpx:TrackPointExtension>
            <gpxtpx:hr>134</gpxtpx:hr>
            <gpxtpx:cad>49</gpxtpx:cad>
            <gpxtpx:atemp>294.65</gpxtpx:atemp>
          </gpxtpx:TrackPointExtension>
        </extensions>
      </trkpt>
      <trkpt lat="30.588520" lon="34.707262">
        <ele>782.4</ele>
        <time>2026-04-07T03:43:56.000Z</time>
        <extensions>
          <gpxtpx:TrackPointExtension>
            <gpxtpx:hr>134</gpxtpx:hr>
            <gpxtpx:cad>43</gpxtpx:cad>
            <gpxtpx:atemp>294.65</gpxtpx:atemp>
          </gpxtpx:TrackPointExtension>
        </extensions>
      </trkpt>
      <trkpt lat="30.588462" lon="34.707273">
        <ele>782.6</ele>
        <time>2026-04-07T03:44:03.000Z</time>
        <extensions>
          <gpxtpx:TrackPointExtension>
            <gpxtpx:hr>134</gpxtpx:hr>
            <gpxtpx:cad>45</gpxtpx:cad>
            <gpxtpx:atemp>294.65</gpxtpx:atemp>
          </gpxtpx:TrackPointExtension>
        </extensions>
      </trkpt>
      <trkpt lat="30.588386" lon="34.707264">
        <ele>783.9</ele>
        <time>2026-04-07T03:44:11.000Z</time>
        <extensions>
          <gpxtpx:TrackPointExtension>
            <gpxtpx:hr>135</gpxtpx:hr>
            <gpxtpx:cad>0</gpxtpx:cad>
            <gpxtpx:atemp>294.65</gpxtpx:atemp>
          </gpxtpx:TrackPointExtension>
        </extensions>
      </trkpt>
      <trkpt lat="30.588257" lon="34.707320">
        <ele>786.6</ele>
        <time>2026-04-07T03:44:26.000Z</time>
        <extensions>
          <gpxtpx:TrackPointExtension>
            <gpxtpx:hr>136</gpxtpx:hr>
            <gpxtpx:cad>49</gpxtpx:cad>
            <gpxtpx:atemp>294.65</gpxtpx:atemp>
          </gpxtpx:TrackPointExtension>
        </extensions>
      </trkpt>
      <trkpt lat="30.588149" lon="34.707284">
        <ele>789.0</ele>
        <time>2026-04-07T03:44:40.000Z</time>
        <extensions>
          <gpxtpx:TrackPointExtension>
            <gpxtpx:hr>135</gpxtpx:hr>
            <gpxtpx:cad>0</gpxtpx:cad>
            <gpxtpx:atemp>294.65</gpxtpx:atemp>
          </gpxtpx:TrackPointExtension>
        </extensions>
      </trkpt>
      <trkpt lat="30.588096" lon="34.707279">
        <ele>790.7</ele>
        <time>2026-04-07T03:44:54.000Z</time>
        <extensions>
          <gpxtpx:TrackPointExtension>
            <gpxtpx:hr>131</gpxtpx:hr>
            <gpxtpx:cad>0</gpxtpx:cad>
            <gpxtpx:atemp>294.65</gpxtpx:atemp>
          </gpxtpx:TrackPointExtension>
        </extensions>
      </trkpt>
      <trkpt lat="30.588043" lon="34.707253">
        <ele>792.3</ele>
        <time>2026-04-07T03:45:02.000Z</time>
        <extensions>
          <gpxtpx:TrackPointExtension>
            <gpxtpx:hr>127</gpxtpx:hr>
            <gpxtpx:cad>0</gpxtpx:cad>
            <gpxtpx:atemp>294.65</gpxtpx:atemp>
          </gpxtpx:TrackPointExtension>
        </extensions>
      </trkpt>
      <trkpt lat="30.587984" lon="34.707257">
        <ele>794.4</ele>
        <time>2026-04-07T03:45:09.000Z</time>
        <extensions>
          <gpxtpx:TrackPointExtension>
            <gpxtpx:hr>126</gpxtpx:hr>
            <gpxtpx:cad>0</gpxtpx:cad>
            <gpxtpx:atemp>294.65</gpxtpx:atemp>
          </gpxtpx:TrackPointExtension>
        </extensions>
      </trkpt>
      <trkpt lat="30.587937" lon="34.707207">
        <ele>795.7</ele>
        <time>2026-04-07T03:45:16.000Z</time>
        <extensions>
          <gpxtpx:TrackPointExtension>
            <gpxtpx:hr>129</gpxtpx:hr>
            <gpxtpx:cad>0</gpxtpx:cad>
            <gpxtpx:atemp>294.65</gpxtpx:atemp>
          </gpxtpx:TrackPointExtension>
        </extensions>
      </trkpt>
      <trkpt lat="30.587845" lon="34.707186">
        <ele>798.9</ele>
        <time>2026-04-07T03:45:24.000Z</time>
        <extensions>
          <gpxtpx:TrackPointExtension>
            <gpxtpx:hr>133</gpxtpx:hr>
            <gpxtpx:cad>52</gpxtpx:cad>
            <gpxtpx:atemp>294.65</gpxtpx:atemp>
          </gpxtpx:TrackPointExtension>
        </extensions>
      </trkpt>
      <trkpt lat="30.587771" lon="34.707195">
        <ele>801.4</ele>
        <time>2026-04-07T03:45:31.000Z</time>
        <extensions>
          <gpxtpx:TrackPointExtension>
            <gpxtpx:hr>135</gpxtpx:hr>
            <gpxtpx:cad>49</gpxtpx:cad>
            <gpxtpx:atemp>294.65</gpxtpx:atemp>
          </gpxtpx:TrackPointExtension>
        </extensions>
      </trkpt>
      <trkpt lat="30.587709" lon="34.707163">
        <ele>803.6</ele>
        <time>2026-04-07T03:45:36.000Z</time>
        <extensions>
          <gpxtpx:TrackPointExtension>
            <gpxtpx:hr>138</gpxtpx:hr>
            <gpxtpx:cad>47</gpxtpx:cad>
            <gpxtpx:atemp>294.65</gpxtpx:atemp>
          </gpxtpx:TrackPointExtension>
        </extensions>
      </trkpt>
      <trkpt lat="30.587626" lon="34.707124">
        <ele>806.3</ele>
        <time>2026-04-07T03:45:45.000Z</time>
        <extensions>
          <gpxtpx:TrackPointExtension>
            <gpxtpx:hr>141</gpxtpx:hr>
            <gpxtpx:cad>50</gpxtpx:cad>
            <gpxtpx:atemp>294.65</gpxtpx:atemp>
          </gpxtpx:TrackPointExtension>
        </extensions>
      </trkpt>
      <trkpt lat="30.587547" lon="34.707104">
        <ele>808.3</ele>
        <time>2026-04-07T03:45:51.000Z</time>
        <extensions>
          <gpxtpx:TrackPointExtension>
            <gpxtpx:hr>142</gpxtpx:hr>
            <gpxtpx:cad>0</gpxtpx:cad>
            <gpxtpx:atemp>294.65</gpxtpx:atemp>
          </gpxtpx:TrackPointExtension>
        </extensions>
      </trkpt>
      <trkpt lat="30.587465" lon="34.707038">
        <ele>810.5</ele>
        <time>2026-04-07T03:46:02.000Z</time>
        <extensions>
          <gpxtpx:TrackPointExtension>
            <gpxtpx:hr>145</gpxtpx:hr>
            <gpxtpx:cad>0</gpxtpx:cad>
            <gpxtpx:atemp>293.65</gpxtpx:atemp>
          </gpxtpx:TrackPointExtension>
        </extensions>
      </trkpt>
      <trkpt lat="30.587431" lon="34.707037">
        <ele>811.4</ele>
        <time>2026-04-07T03:46:05.000Z</time>
        <extensions>
          <gpxtpx:TrackPointExtension>
            <gpxtpx:hr>145</gpxtpx:hr>
            <gpxtpx:cad>47</gpxtpx:cad>
            <gpxtpx:atemp>293.65</gpxtpx:atemp>
          </gpxtpx:TrackPointExtension>
        </extensions>
      </trkpt>
      <trkpt lat="30.587363" lon="34.707050">
        <ele>813.1</ele>
        <time>2026-04-07T03:46:11.000Z</time>
        <extensions>
          <gpxtpx:TrackPointExtension>
            <gpxtpx:hr>147</gpxtpx:hr>
            <gpxtpx:cad>49</gpxtpx:cad>
            <gpxtpx:atemp>293.65</gpxtpx:atemp>
          </gpxtpx:TrackPointExtension>
        </extensions>
      </trkpt>
      <trkpt lat="30.587283" lon="34.707037">
        <ele>814.6</ele>
        <time>2026-04-07T03:46:20.000Z</time>
        <extensions>
          <gpxtpx:TrackPointExtension>
            <gpxtpx:hr>150</gpxtpx:hr>
            <gpxtpx:cad>0</gpxtpx:cad>
            <gpxtpx:atemp>293.65</gpxtpx:atemp>
          </gpxtpx:TrackPointExtension>
        </extensions>
      </trkpt>
      <trkpt lat="30.587246" lon="34.707013">
        <ele>815.4</ele>
        <time>2026-04-07T03:46:27.000Z</time>
        <extensions>
          <gpxtpx:TrackPointExtension>
            <gpxtpx:hr>129</gpxtpx:hr>
            <gpxtpx:cad>0</gpxtpx:cad>
            <gpxtpx:atemp>293.65</gpxtpx:atemp>
          </gpxtpx:TrackPointExtension>
        </extensions>
      </trkpt>
      <trkpt lat="30.587167" lon="34.707001">
        <ele>817.0</ele>
        <time>2026-04-07T03:46:35.000Z</time>
        <extensions>
          <gpxtpx:TrackPointExtension>
            <gpxtpx:hr>132</gpxtpx:hr>
            <gpxtpx:cad>51</gpxtpx:cad>
            <gpxtpx:atemp>293.65</gpxtpx:atemp>
          </gpxtpx:TrackPointExtension>
        </extensions>
      </trkpt>
      <trkpt lat="30.587036" lon="34.706996">
        <ele>819.4</ele>
        <time>2026-04-07T03:46:50.000Z</time>
        <extensions>
          <gpxtpx:TrackPointExtension>
            <gpxtpx:hr>133</gpxtpx:hr>
            <gpxtpx:cad>0</gpxtpx:cad>
            <gpxtpx:atemp>293.65</gpxtpx:atemp>
          </gpxtpx:TrackPointExtension>
        </extensions>
      </trkpt>
      <trkpt lat="30.586994" lon="34.706938">
        <ele>820.5</ele>
        <time>2026-04-07T03:46:56.000Z</time>
        <extensions>
          <gpxtpx:TrackPointExtension>
            <gpxtpx:hr>132</gpxtpx:hr>
            <gpxtpx:cad>0</gpxtpx:cad>
            <gpxtpx:atemp>293.65</gpxtpx:atemp>
          </gpxtpx:TrackPointExtension>
        </extensions>
      </trkpt>
      <trkpt lat="30.586942" lon="34.706906">
        <ele>821.6</ele>
        <time>2026-04-07T03:47:03.000Z</time>
        <extensions>
          <gpxtpx:TrackPointExtension>
            <gpxtpx:hr>131</gpxtpx:hr>
            <gpxtpx:cad>0</gpxtpx:cad>
            <gpxtpx:atemp>293.65</gpxtpx:atemp>
          </gpxtpx:TrackPointExtension>
        </extensions>
      </trkpt>
      <trkpt lat="30.586895" lon="34.706894">
        <ele>822.5</ele>
        <time>2026-04-07T03:47:10.000Z</time>
        <extensions>
          <gpxtpx:TrackPointExtension>
            <gpxtpx:hr>130</gpxtpx:hr>
            <gpxtpx:cad>47</gpxtpx:cad>
            <gpxtpx:atemp>293.65</gpxtpx:atemp>
          </gpxtpx:TrackPointExtension>
        </extensions>
      </trkpt>
      <trkpt lat="30.586860" lon="34.706832">
        <ele>823.8</ele>
        <time>2026-04-07T03:47:18.000Z</time>
        <extensions>
          <gpxtpx:TrackPointExtension>
            <gpxtpx:hr>132</gpxtpx:hr>
            <gpxtpx:cad>47</gpxtpx:cad>
            <gpxtpx:atemp>293.65</gpxtpx:atemp>
          </gpxtpx:TrackPointExtension>
        </extensions>
      </trkpt>
      <trkpt lat="30.586829" lon="34.706656">
        <ele>826.2</ele>
        <time>2026-04-07T03:47:31.000Z</time>
        <extensions>
          <gpxtpx:TrackPointExtension>
            <gpxtpx:hr>130</gpxtpx:hr>
            <gpxtpx:cad>53</gpxtpx:cad>
            <gpxtpx:atemp>293.65</gpxtpx:atemp>
          </gpxtpx:TrackPointExtension>
        </extensions>
      </trkpt>
      <trkpt lat="30.586802" lon="34.706503">
        <ele>828.3</ele>
        <time>2026-04-07T03:47:44.000Z</time>
        <extensions>
          <gpxtpx:TrackPointExtension>
            <gpxtpx:hr>131</gpxtpx:hr>
            <gpxtpx:cad>50</gpxtpx:cad>
            <gpxtpx:atemp>293.65</gpxtpx:atemp>
          </gpxtpx:TrackPointExtension>
        </extensions>
      </trkpt>
      <trkpt lat="30.586733" lon="34.706456">
        <ele>829.8</ele>
        <time>2026-04-07T03:47:54.000Z</time>
        <extensions>
          <gpxtpx:TrackPointExtension>
            <gpxtpx:hr>132</gpxtpx:hr>
            <gpxtpx:cad>45</gpxtpx:cad>
            <gpxtpx:atemp>293.65</gpxtpx:atemp>
          </gpxtpx:TrackPointExtension>
        </extensions>
      </trkpt>
      <trkpt lat="30.586716" lon="34.706423">
        <ele>830.3</ele>
        <time>2026-04-07T03:47:59.000Z</time>
        <extensions>
          <gpxtpx:TrackPointExtension>
            <gpxtpx:hr>133</gpxtpx:hr>
            <gpxtpx:cad>49</gpxtpx:cad>
            <gpxtpx:atemp>293.65</gpxtpx:atemp>
          </gpxtpx:TrackPointExtension>
        </extensions>
      </trkpt>
      <trkpt lat="30.586574" lon="34.706308">
        <ele>833.0</ele>
        <time>2026-04-07T03:48:22.000Z</time>
        <extensions>
          <gpxtpx:TrackPointExtension>
            <gpxtpx:hr>139</gpxtpx:hr>
            <gpxtpx:cad>75</gpxtpx:cad>
            <gpxtpx:atemp>292.65</gpxtpx:atemp>
          </gpxtpx:TrackPointExtension>
        </extensions>
      </trkpt>
      <trkpt lat="30.586550" lon="34.706264">
        <ele>833.7</ele>
        <time>2026-04-07T03:48:29.000Z</time>
        <extensions>
          <gpxtpx:TrackPointExtension>
            <gpxtpx:hr>141</gpxtpx:hr>
            <gpxtpx:cad>0</gpxtpx:cad>
            <gpxtpx:atemp>292.65</gpxtpx:atemp>
          </gpxtpx:TrackPointExtension>
        </extensions>
      </trkpt>
      <trkpt lat="30.586463" lon="34.706223">
        <ele>834.8</ele>
        <time>2026-04-07T03:48:40.000Z</time>
        <extensions>
          <gpxtpx:TrackPointExtension>
            <gpxtpx:hr>140</gpxtpx:hr>
            <gpxtpx:cad>47</gpxtpx:cad>
            <gpxtpx:atemp>292.65</gpxtpx:atemp>
          </gpxtpx:TrackPointExtension>
        </extensions>
      </trkpt>
      <trkpt lat="30.586405" lon="34.706177">
        <ele>835.6</ele>
        <time>2026-04-07T03:48:48.000Z</time>
        <extensions>
          <gpxtpx:TrackPointExtension>
            <gpxtpx:hr>140</gpxtpx:hr>
            <gpxtpx:cad>46</gpxtpx:cad>
            <gpxtpx:atemp>292.65</gpxtpx:atemp>
          </gpxtpx:TrackPointExtension>
        </extensions>
      </trkpt>
      <trkpt lat="30.586342" lon="34.706164">
        <ele>836.3</ele>
        <time>2026-04-07T03:48:54.000Z</time>
        <extensions>
          <gpxtpx:TrackPointExtension>
            <gpxtpx:hr>138</gpxtpx:hr>
            <gpxtpx:cad>49</gpxtpx:cad>
            <gpxtpx:atemp>292.65</gpxtpx:atemp>
          </gpxtpx:TrackPointExtension>
        </extensions>
      </trkpt>
      <trkpt lat="30.586309" lon="34.706149">
        <ele>836.7</ele>
        <time>2026-04-07T03:48:57.000Z</time>
        <extensions>
          <gpxtpx:TrackPointExtension>
            <gpxtpx:hr>138</gpxtpx:hr>
            <gpxtpx:cad>51</gpxtpx:cad>
            <gpxtpx:atemp>292.65</gpxtpx:atemp>
          </gpxtpx:TrackPointExtension>
        </extensions>
      </trkpt>
      <trkpt lat="30.586153" lon="34.706053">
        <ele>838.4</ele>
        <time>2026-04-07T03:49:15.000Z</time>
        <extensions>
          <gpxtpx:TrackPointExtension>
            <gpxtpx:hr>139</gpxtpx:hr>
            <gpxtpx:cad>51</gpxtpx:cad>
            <gpxtpx:atemp>292.65</gpxtpx:atemp>
          </gpxtpx:TrackPointExtension>
        </extensions>
      </trkpt>
      <trkpt lat="30.586101" lon="34.706013">
        <ele>838.9</ele>
        <time>2026-04-07T03:49:22.000Z</time>
        <extensions>
          <gpxtpx:TrackPointExtension>
            <gpxtpx:hr>138</gpxtpx:hr>
            <gpxtpx:cad>50</gpxtpx:cad>
            <gpxtpx:atemp>292.65</gpxtpx:atemp>
          </gpxtpx:TrackPointExtension>
        </extensions>
      </trkpt>
      <trkpt lat="30.586057" lon="34.705957">
        <ele>839.4</ele>
        <time>2026-04-07T03:49:29.000Z</time>
        <extensions>
          <gpxtpx:TrackPointExtension>
            <gpxtpx:hr>138</gpxtpx:hr>
            <gpxtpx:cad>49</gpxtpx:cad>
            <gpxtpx:atemp>292.65</gpxtpx:atemp>
          </gpxtpx:TrackPointExtension>
        </extensions>
      </trkpt>
      <trkpt lat="30.586022" lon="34.705867">
        <ele>839.6</ele>
        <time>2026-04-07T03:49:37.000Z</time>
        <extensions>
          <gpxtpx:TrackPointExtension>
            <gpxtpx:hr>140</gpxtpx:hr>
            <gpxtpx:cad>48</gpxtpx:cad>
            <gpxtpx:atemp>292.65</gpxtpx:atemp>
          </gpxtpx:TrackPointExtension>
        </extensions>
      </trkpt>
      <trkpt lat="30.586025" lon="34.705795">
        <ele>839.6</ele>
        <time>2026-04-07T03:49:42.000Z</time>
        <extensions>
          <gpxtpx:TrackPointExtension>
            <gpxtpx:hr>141</gpxtpx:hr>
            <gpxtpx:cad>50</gpxtpx:cad>
            <gpxtpx:atemp>292.65</gpxtpx:atemp>
          </gpxtpx:TrackPointExtension>
        </extensions>
      </trkpt>
      <trkpt lat="30.586104" lon="34.705660">
        <ele>838.9</ele>
        <time>2026-04-07T03:49:53.000Z</time>
        <extensions>
          <gpxtpx:TrackPointExtension>
            <gpxtpx:hr>140</gpxtpx:hr>
            <gpxtpx:cad>61</gpxtpx:cad>
            <gpxtpx:atemp>292.65</gpxtpx:atemp>
          </gpxtpx:TrackPointExtension>
        </extensions>
      </trkpt>
      <trkpt lat="30.586147" lon="34.705565">
        <ele>838.0</ele>
        <time>2026-04-07T03:49:59.000Z</time>
        <extensions>
          <gpxtpx:TrackPointExtension>
            <gpxtpx:hr>138</gpxtpx:hr>
            <gpxtpx:cad>66</gpxtpx:cad>
            <gpxtpx:atemp>292.65</gpxtpx:atemp>
          </gpxtpx:TrackPointExtension>
        </extensions>
      </trkpt>
      <trkpt lat="30.586145" lon="34.705432">
        <ele>837.2</ele>
        <time>2026-04-07T03:50:07.000Z</time>
        <extensions>
          <gpxtpx:TrackPointExtension>
            <gpxtpx:hr>136</gpxtpx:hr>
            <gpxtpx:cad>66</gpxtpx:cad>
            <gpxtpx:atemp>292.65</gpxtpx:atemp>
          </gpxtpx:TrackPointExtension>
        </extensions>
      </trkpt>
      <trkpt lat="30.586198" lon="34.705315">
        <ele>835.8</ele>
        <time>2026-04-07T03:50:14.000Z</time>
        <extensions>
          <gpxtpx:TrackPointExtension>
            <gpxtpx:hr>133</gpxtpx:hr>
            <gpxtpx:cad>68</gpxtpx:cad>
            <gpxtpx:atemp>292.65</gpxtpx:atemp>
          </gpxtpx:TrackPointExtension>
        </extensions>
      </trkpt>
      <trkpt lat="30.586210" lon="34.705219">
        <ele>835.0</ele>
        <time>2026-04-07T03:50:19.000Z</time>
        <extensions>
          <gpxtpx:TrackPointExtension>
            <gpxtpx:hr>131</gpxtpx:hr>
            <gpxtpx:cad>68</gpxtpx:cad>
            <gpxtpx:atemp>292.65</gpxtpx:atemp>
          </gpxtpx:TrackPointExtension>
        </extensions>
      </trkpt>
      <trkpt lat="30.586238" lon="34.705083">
        <ele>833.7</ele>
        <time>2026-04-07T03:50:27.000Z</time>
        <extensions>
          <gpxtpx:TrackPointExtension>
            <gpxtpx:hr>128</gpxtpx:hr>
            <gpxtpx:cad>69</gpxtpx:cad>
            <gpxtpx:atemp>292.65</gpxtpx:atemp>
          </gpxtpx:TrackPointExtension>
        </extensions>
      </trkpt>
      <trkpt lat="30.586268" lon="34.705038">
        <ele>833.1</ele>
        <time>2026-04-07T03:50:30.000Z</time>
        <extensions>
          <gpxtpx:TrackPointExtension>
            <gpxtpx:hr>127</gpxtpx:hr>
            <gpxtpx:cad>67</gpxtpx:cad>
            <gpxtpx:atemp>292.65</gpxtpx:atemp>
          </gpxtpx:TrackPointExtension>
        </extensions>
      </trkpt>
      <trkpt lat="30.586299" lon="34.704959">
        <ele>832.2</ele>
        <time>2026-04-07T03:50:35.000Z</time>
        <extensions>
          <gpxtpx:TrackPointExtension>
            <gpxtpx:hr>125</gpxtpx:hr>
            <gpxtpx:cad>0</gpxtpx:cad>
            <gpxtpx:atemp>292.65</gpxtpx:atemp>
          </gpxtpx:TrackPointExtension>
        </extensions>
      </trkpt>
      <trkpt lat="30.586317" lon="34.704791">
        <ele>830.6</ele>
        <time>2026-04-07T03:50:45.000Z</time>
        <extensions>
          <gpxtpx:TrackPointExtension>
            <gpxtpx:hr>120</gpxtpx:hr>
            <gpxtpx:cad>68</gpxtpx:cad>
            <gpxtpx:atemp>292.65</gpxtpx:atemp>
          </gpxtpx:TrackPointExtension>
        </extensions>
      </trkpt>
      <trkpt lat="30.586319" lon="34.704661">
        <ele>829.3</ele>
        <time>2026-04-07T03:50:52.000Z</time>
        <extensions>
          <gpxtpx:TrackPointExtension>
            <gpxtpx:hr>119</gpxtpx:hr>
            <gpxtpx:cad>67</gpxtpx:cad>
            <gpxtpx:atemp>292.65</gpxtpx:atemp>
          </gpxtpx:TrackPointExtension>
        </extensions>
      </trkpt>
      <trkpt lat="30.586300" lon="34.704480">
        <ele>827.9</ele>
        <time>2026-04-07T03:51:01.000Z</time>
        <extensions>
          <gpxtpx:TrackPointExtension>
            <gpxtpx:hr>115</gpxtpx:hr>
            <gpxtpx:cad>70</gpxtpx:cad>
            <gpxtpx:atemp>292.65</gpxtpx:atemp>
          </gpxtpx:TrackPointExtension>
        </extensions>
      </trkpt>
      <trkpt lat="30.586275" lon="34.704348">
        <ele>827.1</ele>
        <time>2026-04-07T03:51:08.000Z</time>
        <extensions>
          <gpxtpx:TrackPointExtension>
            <gpxtpx:hr>114</gpxtpx:hr>
            <gpxtpx:cad>69</gpxtpx:cad>
            <gpxtpx:atemp>292.65</gpxtpx:atemp>
          </gpxtpx:TrackPointExtension>
        </extensions>
      </trkpt>
      <trkpt lat="30.586293" lon="34.704229">
        <ele>825.9</ele>
        <time>2026-04-07T03:51:14.000Z</time>
        <extensions>
          <gpxtpx:TrackPointExtension>
            <gpxtpx:hr>115</gpxtpx:hr>
            <gpxtpx:cad>70</gpxtpx:cad>
            <gpxtpx:atemp>292.65</gpxtpx:atemp>
          </gpxtpx:TrackPointExtension>
        </extensions>
      </trkpt>
      <trkpt lat="30.586356" lon="34.704170">
        <ele>825.0</ele>
        <time>2026-04-07T03:51:19.000Z</time>
        <extensions>
          <gpxtpx:TrackPointExtension>
            <gpxtpx:hr>115</gpxtpx:hr>
            <gpxtpx:cad>69</gpxtpx:cad>
            <gpxtpx:atemp>292.65</gpxtpx:atemp>
          </gpxtpx:TrackPointExtension>
        </extensions>
      </trkpt>
      <trkpt lat="30.586392" lon="34.704105">
        <ele>824.2</ele>
        <time>2026-04-07T03:51:24.000Z</time>
        <extensions>
          <gpxtpx:TrackPointExtension>
            <gpxtpx:hr>115</gpxtpx:hr>
            <gpxtpx:cad>68</gpxtpx:cad>
            <gpxtpx:atemp>292.65</gpxtpx:atemp>
          </gpxtpx:TrackPointExtension>
        </extensions>
      </trkpt>
      <trkpt lat="30.586415" lon="34.703961">
        <ele>822.7</ele>
        <time>2026-04-07T03:51:33.000Z</time>
        <extensions>
          <gpxtpx:TrackPointExtension>
            <gpxtpx:hr>113</gpxtpx:hr>
            <gpxtpx:cad>60</gpxtpx:cad>
            <gpxtpx:atemp>292.65</gpxtpx:atemp>
          </gpxtpx:TrackPointExtension>
        </extensions>
      </trkpt>
      <trkpt lat="30.586436" lon="34.703918">
        <ele>822.1</ele>
        <time>2026-04-07T03:51:36.000Z</time>
        <extensions>
          <gpxtpx:TrackPointExtension>
            <gpxtpx:hr>113</gpxtpx:hr>
            <gpxtpx:cad>61</gpxtpx:cad>
            <gpxtpx:atemp>292.65</gpxtpx:atemp>
          </gpxtpx:TrackPointExtension>
        </extensions>
      </trkpt>
      <trkpt lat="30.586460" lon="34.703833">
        <ele>821.1</ele>
        <time>2026-04-07T03:51:41.000Z</time>
        <extensions>
          <gpxtpx:TrackPointExtension>
            <gpxtpx:hr>111</gpxtpx:hr>
            <gpxtpx:cad>66</gpxtpx:cad>
            <gpxtpx:atemp>292.65</gpxtpx:atemp>
          </gpxtpx:TrackPointExtension>
        </extensions>
      </trkpt>
      <trkpt lat="30.586531" lon="34.703713">
        <ele>819.6</ele>
        <time>2026-04-07T03:51:48.000Z</time>
        <extensions>
          <gpxtpx:TrackPointExtension>
            <gpxtpx:hr>110</gpxtpx:hr>
            <gpxtpx:cad>66</gpxtpx:cad>
            <gpxtpx:atemp>292.65</gpxtpx:atemp>
          </gpxtpx:TrackPointExtension>
        </extensions>
      </trkpt>
      <trkpt lat="30.586553" lon="34.703647">
        <ele>818.9</ele>
        <time>2026-04-07T03:51:53.000Z</time>
        <extensions>
          <gpxtpx:TrackPointExtension>
            <gpxtpx:hr>111</gpxtpx:hr>
            <gpxtpx:cad>67</gpxtpx:cad>
            <gpxtpx:atemp>292.65</gpxtpx:atemp>
          </gpxtpx:TrackPointExtension>
        </extensions>
      </trkpt>
      <trkpt lat="30.586586" lon="34.703471">
        <ele>817.2</ele>
        <time>2026-04-07T03:52:04.000Z</time>
        <extensions>
          <gpxtpx:TrackPointExtension>
            <gpxtpx:hr>112</gpxtpx:hr>
            <gpxtpx:cad>49</gpxtpx:cad>
            <gpxtpx:atemp>292.65</gpxtpx:atemp>
          </gpxtpx:TrackPointExtension>
        </extensions>
      </trkpt>
      <trkpt lat="30.586614" lon="34.703419">
        <ele>816.8</ele>
        <time>2026-04-07T03:52:07.000Z</time>
        <extensions>
          <gpxtpx:TrackPointExtension>
            <gpxtpx:hr>112</gpxtpx:hr>
            <gpxtpx:cad>71</gpxtpx:cad>
            <gpxtpx:atemp>292.65</gpxtpx:atemp>
          </gpxtpx:TrackPointExtension>
        </extensions>
      </trkpt>
      <trkpt lat="30.586710" lon="34.703323">
        <ele>816.4</ele>
        <time>2026-04-07T03:52:14.000Z</time>
        <extensions>
          <gpxtpx:TrackPointExtension>
            <gpxtpx:hr>113</gpxtpx:hr>
            <gpxtpx:cad>72</gpxtpx:cad>
            <gpxtpx:atemp>292.65</gpxtpx:atemp>
          </gpxtpx:TrackPointExtension>
        </extensions>
      </trkpt>
      <trkpt lat="30.586755" lon="34.703297">
        <ele>816.4</ele>
        <time>2026-04-07T03:52:17.000Z</time>
        <extensions>
          <gpxtpx:TrackPointExtension>
            <gpxtpx:hr>113</gpxtpx:hr>
            <gpxtpx:cad>72</gpxtpx:cad>
            <gpxtpx:atemp>292.65</gpxtpx:atemp>
          </gpxtpx:TrackPointExtension>
        </extensions>
      </trkpt>
      <trkpt lat="30.586817" lon="34.703231">
        <ele>816.3</ele>
        <time>2026-04-07T03:52:23.000Z</time>
        <extensions>
          <gpxtpx:TrackPointExtension>
            <gpxtpx:hr>114</gpxtpx:hr>
            <gpxtpx:cad>68</gpxtpx:cad>
            <gpxtpx:atemp>292.65</gpxtpx:atemp>
          </gpxtpx:TrackPointExtension>
        </extensions>
      </trkpt>
      <trkpt lat="30.586899" lon="34.703194">
        <ele>816.7</ele>
        <time>2026-04-07T03:52:28.000Z</time>
        <extensions>
          <gpxtpx:TrackPointExtension>
            <gpxtpx:hr>114</gpxtpx:hr>
            <gpxtpx:cad>69</gpxtpx:cad>
            <gpxtpx:atemp>292.65</gpxtpx:atemp>
          </gpxtpx:TrackPointExtension>
        </extensions>
      </trkpt>
      <trkpt lat="30.587044" lon="34.703239">
        <ele>818.0</ele>
        <time>2026-04-07T03:52:38.000Z</time>
        <extensions>
          <gpxtpx:TrackPointExtension>
            <gpxtpx:hr>111</gpxtpx:hr>
            <gpxtpx:cad>68</gpxtpx:cad>
            <gpxtpx:atemp>292.65</gpxtpx:atemp>
          </gpxtpx:TrackPointExtension>
        </extensions>
      </trkpt>
      <trkpt lat="30.587120" lon="34.703224">
        <ele>818.6</ele>
        <time>2026-04-07T03:52:42.000Z</time>
        <extensions>
          <gpxtpx:TrackPointExtension>
            <gpxtpx:hr>109</gpxtpx:hr>
            <gpxtpx:cad>75</gpxtpx:cad>
            <gpxtpx:atemp>292.65</gpxtpx:atemp>
          </gpxtpx:TrackPointExtension>
        </extensions>
      </trkpt>
      <trkpt lat="30.587206" lon="34.703177">
        <ele>819.2</ele>
        <time>2026-04-07T03:52:48.000Z</time>
        <extensions>
          <gpxtpx:TrackPointExtension>
            <gpxtpx:hr>108</gpxtpx:hr>
            <gpxtpx:cad>73</gpxtpx:cad>
            <gpxtpx:atemp>292.65</gpxtpx:atemp>
          </gpxtpx:TrackPointExtension>
        </extensions>
      </trkpt>
      <trkpt lat="30.587227" lon="34.703099">
        <ele>819.0</ele>
        <time>2026-04-07T03:52:53.000Z</time>
        <extensions>
          <gpxtpx:TrackPointExtension>
            <gpxtpx:hr>110</gpxtpx:hr>
            <gpxtpx:cad>71</gpxtpx:cad>
            <gpxtpx:atemp>292.65</gpxtpx:atemp>
          </gpxtpx:TrackPointExtension>
        </extensions>
      </trkpt>
      <trkpt lat="30.587270" lon="34.703042">
        <ele>819.3</ele>
        <time>2026-04-07T03:52:57.000Z</time>
        <extensions>
          <gpxtpx:TrackPointExtension>
            <gpxtpx:hr>109</gpxtpx:hr>
            <gpxtpx:cad>62</gpxtpx:cad>
            <gpxtpx:atemp>292.65</gpxtpx:atemp>
          </gpxtpx:TrackPointExtension>
        </extensions>
      </trkpt>
      <trkpt lat="30.587268" lon="34.702957">
        <ele>818.9</ele>
        <time>2026-04-07T03:53:11.000Z</time>
        <extensions>
          <gpxtpx:TrackPointExtension>
            <gpxtpx:hr>108</gpxtpx:hr>
            <gpxtpx:cad>0</gpxtpx:cad>
            <gpxtpx:atemp>292.65</gpxtpx:atemp>
          </gpxtpx:TrackPointExtension>
        </extensions>
      </trkpt>
      <trkpt lat="30.587129" lon="34.702815">
        <ele>816.3</ele>
        <time>2026-04-07T03:53:22.000Z</time>
        <extensions>
          <gpxtpx:TrackPointExtension>
            <gpxtpx:hr>108</gpxtpx:hr>
            <gpxtpx:cad>68</gpxtpx:cad>
            <gpxtpx:atemp>292.65</gpxtpx:atemp>
          </gpxtpx:TrackPointExtension>
        </extensions>
      </trkpt>
      <trkpt lat="30.587096" lon="34.702740">
        <ele>815.5</ele>
        <time>2026-04-07T03:53:26.000Z</time>
        <extensions>
          <gpxtpx:TrackPointExtension>
            <gpxtpx:hr>112</gpxtpx:hr>
            <gpxtpx:cad>72</gpxtpx:cad>
            <gpxtpx:atemp>292.65</gpxtpx:atemp>
          </gpxtpx:TrackPointExtension>
        </extensions>
      </trkpt>
      <trkpt lat="30.587052" lon="34.702677">
        <ele>814.8</ele>
        <time>2026-04-07T03:53:31.000Z</time>
        <extensions>
          <gpxtpx:TrackPointExtension>
            <gpxtpx:hr>115</gpxtpx:hr>
            <gpxtpx:cad>71</gpxtpx:cad>
            <gpxtpx:atemp>292.65</gpxtpx:atemp>
          </gpxtpx:TrackPointExtension>
        </extensions>
      </trkpt>
      <trkpt lat="30.587009" lon="34.702546">
        <ele>813.9</ele>
        <time>2026-04-07T03:53:38.000Z</time>
        <extensions>
          <gpxtpx:TrackPointExtension>
            <gpxtpx:hr>115</gpxtpx:hr>
            <gpxtpx:cad>65</gpxtpx:cad>
            <gpxtpx:atemp>292.65</gpxtpx:atemp>
          </gpxtpx:TrackPointExtension>
        </extensions>
      </trkpt>
      <trkpt lat="30.587026" lon="34.702430">
        <ele>813.6</ele>
        <time>2026-04-07T03:53:43.000Z</time>
        <extensions>
          <gpxtpx:TrackPointExtension>
            <gpxtpx:hr>114</gpxtpx:hr>
            <gpxtpx:cad>66</gpxtpx:cad>
            <gpxtpx:atemp>292.65</gpxtpx:atemp>
          </gpxtpx:TrackPointExtension>
        </extensions>
      </trkpt>
      <trkpt lat="30.587029" lon="34.702225">
        <ele>812.9</ele>
        <time>2026-04-07T03:53:52.000Z</time>
        <extensions>
          <gpxtpx:TrackPointExtension>
            <gpxtpx:hr>117</gpxtpx:hr>
            <gpxtpx:cad>76</gpxtpx:cad>
            <gpxtpx:atemp>292.65</gpxtpx:atemp>
          </gpxtpx:TrackPointExtension>
        </extensions>
      </trkpt>
      <trkpt lat="30.587043" lon="34.702145">
        <ele>812.8</ele>
        <time>2026-04-07T03:53:57.000Z</time>
        <extensions>
          <gpxtpx:TrackPointExtension>
            <gpxtpx:hr>121</gpxtpx:hr>
            <gpxtpx:cad>66</gpxtpx:cad>
            <gpxtpx:atemp>292.65</gpxtpx:atemp>
          </gpxtpx:TrackPointExtension>
        </extensions>
      </trkpt>
      <trkpt lat="30.587053" lon="34.702062">
        <ele>812.5</ele>
        <time>2026-04-07T03:54:02.000Z</time>
        <extensions>
          <gpxtpx:TrackPointExtension>
            <gpxtpx:hr>121</gpxtpx:hr>
            <gpxtpx:cad>68</gpxtpx:cad>
            <gpxtpx:atemp>292.65</gpxtpx:atemp>
          </gpxtpx:TrackPointExtension>
        </extensions>
      </trkpt>
      <trkpt lat="30.587015" lon="34.701991">
        <ele>811.7</ele>
        <time>2026-04-07T03:54:06.000Z</time>
        <extensions>
          <gpxtpx:TrackPointExtension>
            <gpxtpx:hr>121</gpxtpx:hr>
            <gpxtpx:cad>68</gpxtpx:cad>
            <gpxtpx:atemp>292.65</gpxtpx:atemp>
          </gpxtpx:TrackPointExtension>
        </extensions>
      </trkpt>
      <trkpt lat="30.587031" lon="34.701854">
        <ele>810.9</ele>
        <time>2026-04-07T03:54:13.000Z</time>
        <extensions>
          <gpxtpx:TrackPointExtension>
            <gpxtpx:hr>121</gpxtpx:hr>
            <gpxtpx:cad>71</gpxtpx:cad>
            <gpxtpx:atemp>292.65</gpxtpx:atemp>
          </gpxtpx:TrackPointExtension>
        </extensions>
      </trkpt>
      <trkpt lat="30.586998" lon="34.701732">
        <ele>810.1</ele>
        <time>2026-04-07T03:54:20.000Z</time>
        <extensions>
          <gpxtpx:TrackPointExtension>
            <gpxtpx:hr>121</gpxtpx:hr>
            <gpxtpx:cad>71</gpxtpx:cad>
            <gpxtpx:atemp>292.65</gpxtpx:atemp>
          </gpxtpx:TrackPointExtension>
        </extensions>
      </trkpt>
      <trkpt lat="30.586987" lon="34.701616">
        <ele>809.6</ele>
        <time>2026-04-07T03:54:26.000Z</time>
        <extensions>
          <gpxtpx:TrackPointExtension>
            <gpxtpx:hr>121</gpxtpx:hr>
            <gpxtpx:cad>73</gpxtpx:cad>
            <gpxtpx:atemp>292.65</gpxtpx:atemp>
          </gpxtpx:TrackPointExtension>
        </extensions>
      </trkpt>
      <trkpt lat="30.586962" lon="34.701538">
        <ele>809.2</ele>
        <time>2026-04-07T03:54:30.000Z</time>
        <extensions>
          <gpxtpx:TrackPointExtension>
            <gpxtpx:hr>120</gpxtpx:hr>
            <gpxtpx:cad>70</gpxtpx:cad>
            <gpxtpx:atemp>292.65</gpxtpx:atemp>
          </gpxtpx:TrackPointExtension>
        </extensions>
      </trkpt>
      <trkpt lat="30.586972" lon="34.701435">
        <ele>808.7</ele>
        <time>2026-04-07T03:54:34.000Z</time>
        <extensions>
          <gpxtpx:TrackPointExtension>
            <gpxtpx:hr>119</gpxtpx:hr>
            <gpxtpx:cad>75</gpxtpx:cad>
            <gpxtpx:atemp>292.65</gpxtpx:atemp>
          </gpxtpx:TrackPointExtension>
        </extensions>
      </trkpt>
      <trkpt lat="30.586965" lon="34.701358">
        <ele>808.3</ele>
        <time>2026-04-07T03:54:37.000Z</time>
        <extensions>
          <gpxtpx:TrackPointExtension>
            <gpxtpx:hr>119</gpxtpx:hr>
            <gpxtpx:cad>77</gpxtpx:cad>
            <gpxtpx:atemp>292.65</gpxtpx:atemp>
          </gpxtpx:TrackPointExtension>
        </extensions>
      </trkpt>
      <trkpt lat="30.586977" lon="34.701166">
        <ele>807.4</ele>
        <time>2026-04-07T03:54:45.000Z</time>
        <extensions>
          <gpxtpx:TrackPointExtension>
            <gpxtpx:hr>122</gpxtpx:hr>
            <gpxtpx:cad>76</gpxtpx:cad>
            <gpxtpx:atemp>292.65</gpxtpx:atemp>
          </gpxtpx:TrackPointExtension>
        </extensions>
      </trkpt>
      <trkpt lat="30.587004" lon="34.701056">
        <ele>806.9</ele>
        <time>2026-04-07T03:54:52.000Z</time>
        <extensions>
          <gpxtpx:TrackPointExtension>
            <gpxtpx:hr>123</gpxtpx:hr>
            <gpxtpx:cad>75</gpxtpx:cad>
            <gpxtpx:atemp>292.65</gpxtpx:atemp>
          </gpxtpx:TrackPointExtension>
        </extensions>
      </trkpt>
      <trkpt lat="30.587055" lon="34.701043">
        <ele>807.3</ele>
        <time>2026-04-07T03:54:56.000Z</time>
        <extensions>
          <gpxtpx:TrackPointExtension>
            <gpxtpx:hr>123</gpxtpx:hr>
            <gpxtpx:cad>70</gpxtpx:cad>
            <gpxtpx:atemp>292.65</gpxtpx:atemp>
          </gpxtpx:TrackPointExtension>
        </extensions>
      </trkpt>
      <trkpt lat="30.587160" lon="34.700939">
        <ele>808.0</ele>
        <time>2026-04-07T03:55:05.000Z</time>
        <extensions>
          <gpxtpx:TrackPointExtension>
            <gpxtpx:hr>120</gpxtpx:hr>
            <gpxtpx:cad>65</gpxtpx:cad>
            <gpxtpx:atemp>292.65</gpxtpx:atemp>
          </gpxtpx:TrackPointExtension>
        </extensions>
      </trkpt>
      <trkpt lat="30.587186" lon="34.700866">
        <ele>808.1</ele>
        <time>2026-04-07T03:55:10.000Z</time>
        <extensions>
          <gpxtpx:TrackPointExtension>
            <gpxtpx:hr>120</gpxtpx:hr>
            <gpxtpx:cad>65</gpxtpx:cad>
            <gpxtpx:atemp>292.65</gpxtpx:atemp>
          </gpxtpx:TrackPointExtension>
        </extensions>
      </trkpt>
      <trkpt lat="30.587159" lon="34.700796">
        <ele>807.5</ele>
        <time>2026-04-07T03:55:14.000Z</time>
        <extensions>
          <gpxtpx:TrackPointExtension>
            <gpxtpx:hr>119</gpxtpx:hr>
            <gpxtpx:cad>66</gpxtpx:cad>
            <gpxtpx:atemp>292.65</gpxtpx:atemp>
          </gpxtpx:TrackPointExtension>
        </extensions>
      </trkpt>
      <trkpt lat="30.587105" lon="34.700762">
        <ele>806.6</ele>
        <time>2026-04-07T03:55:18.000Z</time>
        <extensions>
          <gpxtpx:TrackPointExtension>
            <gpxtpx:hr>118</gpxtpx:hr>
            <gpxtpx:cad>63</gpxtpx:cad>
            <gpxtpx:atemp>292.65</gpxtpx:atemp>
          </gpxtpx:TrackPointExtension>
        </extensions>
      </trkpt>
      <trkpt lat="30.587078" lon="34.700717">
        <ele>806.0</ele>
        <time>2026-04-07T03:55:21.000Z</time>
        <extensions>
          <gpxtpx:TrackPointExtension>
            <gpxtpx:hr>117</gpxtpx:hr>
            <gpxtpx:cad>55</gpxtpx:cad>
            <gpxtpx:atemp>292.65</gpxtpx:atemp>
          </gpxtpx:TrackPointExtension>
        </extensions>
      </trkpt>
      <trkpt lat="30.587064" lon="34.700640">
        <ele>805.7</ele>
        <time>2026-04-07T03:55:25.000Z</time>
        <extensions>
          <gpxtpx:TrackPointExtension>
            <gpxtpx:hr>117</gpxtpx:hr>
            <gpxtpx:cad>0</gpxtpx:cad>
            <gpxtpx:atemp>292.65</gpxtpx:atemp>
          </gpxtpx:TrackPointExtension>
        </extensions>
      </trkpt>
      <trkpt lat="30.587021" lon="34.700532">
        <ele>805.0</ele>
        <time>2026-04-07T03:55:31.000Z</time>
        <extensions>
          <gpxtpx:TrackPointExtension>
            <gpxtpx:hr>120</gpxtpx:hr>
            <gpxtpx:cad>72</gpxtpx:cad>
            <gpxtpx:atemp>292.65</gpxtpx:atemp>
          </gpxtpx:TrackPointExtension>
        </extensions>
      </trkpt>
      <trkpt lat="30.587024" lon="34.700477">
        <ele>804.8</ele>
        <time>2026-04-07T03:55:33.000Z</time>
        <extensions>
          <gpxtpx:TrackPointExtension>
            <gpxtpx:hr>122</gpxtpx:hr>
            <gpxtpx:cad>70</gpxtpx:cad>
            <gpxtpx:atemp>292.65</gpxtpx:atemp>
          </gpxtpx:TrackPointExtension>
        </extensions>
      </trkpt>
      <trkpt lat="30.587016" lon="34.700417">
        <ele>804.5</ele>
        <time>2026-04-07T03:55:36.000Z</time>
        <extensions>
          <gpxtpx:TrackPointExtension>
            <gpxtpx:hr>122</gpxtpx:hr>
            <gpxtpx:cad>69</gpxtpx:cad>
            <gpxtpx:atemp>292.65</gpxtpx:atemp>
          </gpxtpx:TrackPointExtension>
        </extensions>
      </trkpt>
      <trkpt lat="30.587045" lon="34.700275">
        <ele>804.7</ele>
        <time>2026-04-07T03:55:42.000Z</time>
        <extensions>
          <gpxtpx:TrackPointExtension>
            <gpxtpx:hr>122</gpxtpx:hr>
            <gpxtpx:cad>73</gpxtpx:cad>
            <gpxtpx:atemp>292.65</gpxtpx:atemp>
          </gpxtpx:TrackPointExtension>
        </extensions>
      </trkpt>
      <trkpt lat="30.587087" lon="34.700181">
        <ele>805.1</ele>
        <time>2026-04-07T03:55:47.000Z</time>
        <extensions>
          <gpxtpx:TrackPointExtension>
            <gpxtpx:hr>123</gpxtpx:hr>
            <gpxtpx:cad>73</gpxtpx:cad>
            <gpxtpx:atemp>292.65</gpxtpx:atemp>
          </gpxtpx:TrackPointExtension>
        </extensions>
      </trkpt>
      <trkpt lat="30.587101" lon="34.700081">
        <ele>805.2</ele>
        <time>2026-04-07T03:55:53.000Z</time>
        <extensions>
          <gpxtpx:TrackPointExtension>
            <gpxtpx:hr>124</gpxtpx:hr>
            <gpxtpx:cad>72</gpxtpx:cad>
            <gpxtpx:atemp>292.65</gpxtpx:atemp>
          </gpxtpx:TrackPointExtension>
        </extensions>
      </trkpt>
      <trkpt lat="30.587076" lon="34.699954">
        <ele>804.9</ele>
        <time>2026-04-07T03:56:00.000Z</time>
        <extensions>
          <gpxtpx:TrackPointExtension>
            <gpxtpx:hr>125</gpxtpx:hr>
            <gpxtpx:cad>62</gpxtpx:cad>
            <gpxtpx:atemp>292.65</gpxtpx:atemp>
          </gpxtpx:TrackPointExtension>
        </extensions>
      </trkpt>
      <trkpt lat="30.587082" lon="34.699892">
        <ele>805.0</ele>
        <time>2026-04-07T03:56:03.000Z</time>
        <extensions>
          <gpxtpx:TrackPointExtension>
            <gpxtpx:hr>124</gpxtpx:hr>
            <gpxtpx:cad>62</gpxtpx:cad>
            <gpxtpx:atemp>292.65</gpxtpx:atemp>
          </gpxtpx:TrackPointExtension>
        </extensions>
      </trkpt>
      <trkpt lat="30.587089" lon="34.699659">
        <ele>804.3</ele>
        <time>2026-04-07T03:56:14.000Z</time>
        <extensions>
          <gpxtpx:TrackPointExtension>
            <gpxtpx:hr>123</gpxtpx:hr>
            <gpxtpx:cad>72</gpxtpx:cad>
            <gpxtpx:atemp>292.65</gpxtpx:atemp>
          </gpxtpx:TrackPointExtension>
        </extensions>
      </trkpt>
      <trkpt lat="30.587082" lon="34.699622">
        <ele>804.1</ele>
        <time>2026-04-07T03:56:16.000Z</time>
        <extensions>
          <gpxtpx:TrackPointExtension>
            <gpxtpx:hr>123</gpxtpx:hr>
            <gpxtpx:cad>72</gpxtpx:cad>
            <gpxtpx:atemp>292.65</gpxtpx:atemp>
          </gpxtpx:TrackPointExtension>
        </extensions>
      </trkpt>
      <trkpt lat="30.587089" lon="34.699524">
        <ele>803.9</ele>
        <time>2026-04-07T03:56:21.000Z</time>
        <extensions>
          <gpxtpx:TrackPointExtension>
            <gpxtpx:hr>123</gpxtpx:hr>
            <gpxtpx:cad>72</gpxtpx:cad>
            <gpxtpx:atemp>292.65</gpxtpx:atemp>
          </gpxtpx:TrackPointExtension>
        </extensions>
      </trkpt>
      <trkpt lat="30.587079" lon="34.699413">
        <ele>803.4</ele>
        <time>2026-04-07T03:56:30.000Z</time>
        <extensions>
          <gpxtpx:TrackPointExtension>
            <gpxtpx:hr>124</gpxtpx:hr>
            <gpxtpx:cad>48</gpxtpx:cad>
            <gpxtpx:atemp>292.65</gpxtpx:atemp>
          </gpxtpx:TrackPointExtension>
        </extensions>
      </trkpt>
      <trkpt lat="30.587063" lon="34.699353">
        <ele>803.0</ele>
        <time>2026-04-07T03:56:35.000Z</time>
        <extensions>
          <gpxtpx:TrackPointExtension>
            <gpxtpx:hr>123</gpxtpx:hr>
            <gpxtpx:cad>53</gpxtpx:cad>
            <gpxtpx:atemp>292.65</gpxtpx:atemp>
          </gpxtpx:TrackPointExtension>
        </extensions>
      </trkpt>
      <trkpt lat="30.587068" lon="34.699232">
        <ele>802.4</ele>
        <time>2026-04-07T03:56:43.000Z</time>
        <extensions>
          <gpxtpx:TrackPointExtension>
            <gpxtpx:hr>122</gpxtpx:hr>
            <gpxtpx:cad>55</gpxtpx:cad>
            <gpxtpx:atemp>292.65</gpxtpx:atemp>
          </gpxtpx:TrackPointExtension>
        </extensions>
      </trkpt>
      <trkpt lat="30.587059" lon="34.699165">
        <ele>801.9</ele>
        <time>2026-04-07T03:56:47.000Z</time>
        <extensions>
          <gpxtpx:TrackPointExtension>
            <gpxtpx:hr>121</gpxtpx:hr>
            <gpxtpx:cad>59</gpxtpx:cad>
            <gpxtpx:atemp>292.65</gpxtpx:atemp>
          </gpxtpx:TrackPointExtension>
        </extensions>
      </trkpt>
      <trkpt lat="30.587033" lon="34.698970">
        <ele>800.2</ele>
        <time>2026-04-07T03:56:57.000Z</time>
        <extensions>
          <gpxtpx:TrackPointExtension>
            <gpxtpx:hr>114</gpxtpx:hr>
            <gpxtpx:cad>72</gpxtpx:cad>
            <gpxtpx:atemp>292.65</gpxtpx:atemp>
          </gpxtpx:TrackPointExtension>
        </extensions>
      </trkpt>
      <trkpt lat="30.587035" lon="34.698902">
        <ele>799.5</ele>
        <time>2026-04-07T03:57:00.000Z</time>
        <extensions>
          <gpxtpx:TrackPointExtension>
            <gpxtpx:hr>113</gpxtpx:hr>
            <gpxtpx:cad>72</gpxtpx:cad>
            <gpxtpx:atemp>292.65</gpxtpx:atemp>
          </gpxtpx:TrackPointExtension>
        </extensions>
      </trkpt>
      <trkpt lat="30.587032" lon="34.698793">
        <ele>798.3</ele>
        <time>2026-04-07T03:57:05.000Z</time>
        <extensions>
          <gpxtpx:TrackPointExtension>
            <gpxtpx:hr>110</gpxtpx:hr>
            <gpxtpx:cad>73</gpxtpx:cad>
            <gpxtpx:atemp>292.65</gpxtpx:atemp>
          </gpxtpx:TrackPointExtension>
        </extensions>
      </trkpt>
      <trkpt lat="30.587037" lon="34.698654">
        <ele>796.5</ele>
        <time>2026-04-07T03:57:11.000Z</time>
        <extensions>
          <gpxtpx:TrackPointExtension>
            <gpxtpx:hr>112</gpxtpx:hr>
            <gpxtpx:cad>73</gpxtpx:cad>
            <gpxtpx:atemp>292.65</gpxtpx:atemp>
          </gpxtpx:TrackPointExtension>
        </extensions>
      </trkpt>
      <trkpt lat="30.587046" lon="34.698609">
        <ele>795.9</ele>
        <time>2026-04-07T03:57:13.000Z</time>
        <extensions>
          <gpxtpx:TrackPointExtension>
            <gpxtpx:hr>113</gpxtpx:hr>
            <gpxtpx:cad>73</gpxtpx:cad>
            <gpxtpx:atemp>292.65</gpxtpx:atemp>
          </gpxtpx:TrackPointExtension>
        </extensions>
      </trkpt>
      <trkpt lat="30.587037" lon="34.698541">
        <ele>794.9</ele>
        <time>2026-04-07T03:57:16.000Z</time>
        <extensions>
          <gpxtpx:TrackPointExtension>
            <gpxtpx:hr>113</gpxtpx:hr>
            <gpxtpx:cad>75</gpxtpx:cad>
            <gpxtpx:atemp>292.65</gpxtpx:atemp>
          </gpxtpx:TrackPointExtension>
        </extensions>
      </trkpt>
      <trkpt lat="30.587055" lon="34.698349">
        <ele>792.3</ele>
        <time>2026-04-07T03:57:26.000Z</time>
        <extensions>
          <gpxtpx:TrackPointExtension>
            <gpxtpx:hr>117</gpxtpx:hr>
            <gpxtpx:cad>73</gpxtpx:cad>
            <gpxtpx:atemp>292.65</gpxtpx:atemp>
          </gpxtpx:TrackPointExtension>
        </extensions>
      </trkpt>
      <trkpt lat="30.587069" lon="34.698291">
        <ele>791.4</ele>
        <time>2026-04-07T03:57:30.000Z</time>
        <extensions>
          <gpxtpx:TrackPointExtension>
            <gpxtpx:hr>117</gpxtpx:hr>
            <gpxtpx:cad>0</gpxtpx:cad>
            <gpxtpx:atemp>292.65</gpxtpx:atemp>
          </gpxtpx:TrackPointExtension>
        </extensions>
      </trkpt>
      <trkpt lat="30.587053" lon="34.698180">
        <ele>789.9</ele>
        <time>2026-04-07T03:57:36.000Z</time>
        <extensions>
          <gpxtpx:TrackPointExtension>
            <gpxtpx:hr>117</gpxtpx:hr>
            <gpxtpx:cad>58</gpxtpx:cad>
            <gpxtpx:atemp>292.65</gpxtpx:atemp>
          </gpxtpx:TrackPointExtension>
        </extensions>
      </trkpt>
      <trkpt lat="30.587063" lon="34.698019">
        <ele>788.1</ele>
        <time>2026-04-07T03:57:45.000Z</time>
        <extensions>
          <gpxtpx:TrackPointExtension>
            <gpxtpx:hr>116</gpxtpx:hr>
            <gpxtpx:cad>66</gpxtpx:cad>
            <gpxtpx:atemp>292.65</gpxtpx:atemp>
          </gpxtpx:TrackPointExtension>
        </extensions>
      </trkpt>
      <trkpt lat="30.587047" lon="34.697964">
        <ele>787.5</ele>
        <time>2026-04-07T03:57:49.000Z</time>
        <extensions>
          <gpxtpx:TrackPointExtension>
            <gpxtpx:hr>114</gpxtpx:hr>
            <gpxtpx:cad>69</gpxtpx:cad>
            <gpxtpx:atemp>292.65</gpxtpx:atemp>
          </gpxtpx:TrackPointExtension>
        </extensions>
      </trkpt>
      <trkpt lat="30.587057" lon="34.697901">
        <ele>786.8</ele>
        <time>2026-04-07T03:57:53.000Z</time>
        <extensions>
          <gpxtpx:TrackPointExtension>
            <gpxtpx:hr>115</gpxtpx:hr>
            <gpxtpx:cad>67</gpxtpx:cad>
            <gpxtpx:atemp>292.65</gpxtpx:atemp>
          </gpxtpx:TrackPointExtension>
        </extensions>
      </trkpt>
      <trkpt lat="30.587136" lon="34.697847">
        <ele>786.0</ele>
        <time>2026-04-07T03:58:00.000Z</time>
        <extensions>
          <gpxtpx:TrackPointExtension>
            <gpxtpx:hr>115</gpxtpx:hr>
            <gpxtpx:cad>61</gpxtpx:cad>
            <gpxtpx:atemp>292.65</gpxtpx:atemp>
          </gpxtpx:TrackPointExtension>
        </extensions>
      </trkpt>
      <trkpt lat="30.587174" lon="34.697805">
        <ele>785.5</ele>
        <time>2026-04-07T03:58:04.000Z</time>
        <extensions>
          <gpxtpx:TrackPointExtension>
            <gpxtpx:hr>117</gpxtpx:hr>
            <gpxtpx:cad>0</gpxtpx:cad>
            <gpxtpx:atemp>292.65</gpxtpx:atemp>
          </gpxtpx:TrackPointExtension>
        </extensions>
      </trkpt>
      <trkpt lat="30.587265" lon="34.697648">
        <ele>783.8</ele>
        <time>2026-04-07T03:58:17.000Z</time>
        <extensions>
          <gpxtpx:TrackPointExtension>
            <gpxtpx:hr>113</gpxtpx:hr>
            <gpxtpx:cad>55</gpxtpx:cad>
            <gpxtpx:atemp>292.65</gpxtpx:atemp>
          </gpxtpx:TrackPointExtension>
        </extensions>
      </trkpt>
      <trkpt lat="30.587317" lon="34.697484">
        <ele>782.3</ele>
        <time>2026-04-07T03:58:28.000Z</time>
        <extensions>
          <gpxtpx:TrackPointExtension>
            <gpxtpx:hr>112</gpxtpx:hr>
            <gpxtpx:cad>59</gpxtpx:cad>
            <gpxtpx:atemp>292.65</gpxtpx:atemp>
          </gpxtpx:TrackPointExtension>
        </extensions>
      </trkpt>
      <trkpt lat="30.587348" lon="34.697461">
        <ele>782.1</ele>
        <time>2026-04-07T03:58:31.000Z</time>
        <extensions>
          <gpxtpx:TrackPointExtension>
            <gpxtpx:hr>112</gpxtpx:hr>
            <gpxtpx:cad>59</gpxtpx:cad>
            <gpxtpx:atemp>292.65</gpxtpx:atemp>
          </gpxtpx:TrackPointExtension>
        </extensions>
      </trkpt>
      <trkpt lat="30.587399" lon="34.697383">
        <ele>781.4</ele>
        <time>2026-04-07T03:58:37.000Z</time>
        <extensions>
          <gpxtpx:TrackPointExtension>
            <gpxtpx:hr>111</gpxtpx:hr>
            <gpxtpx:cad>53</gpxtpx:cad>
            <gpxtpx:atemp>292.65</gpxtpx:atemp>
          </gpxtpx:TrackPointExtension>
        </extensions>
      </trkpt>
      <trkpt lat="30.587441" lon="34.697235">
        <ele>780.4</ele>
        <time>2026-04-07T03:58:47.000Z</time>
        <extensions>
          <gpxtpx:TrackPointExtension>
            <gpxtpx:hr>110</gpxtpx:hr>
            <gpxtpx:cad>56</gpxtpx:cad>
            <gpxtpx:atemp>292.65</gpxtpx:atemp>
          </gpxtpx:TrackPointExtension>
        </extensions>
      </trkpt>
      <trkpt lat="30.587434" lon="34.697189">
        <ele>780.0</ele>
        <time>2026-04-07T03:58:50.000Z</time>
        <extensions>
          <gpxtpx:TrackPointExtension>
            <gpxtpx:hr>110</gpxtpx:hr>
            <gpxtpx:cad>0</gpxtpx:cad>
            <gpxtpx:atemp>292.65</gpxtpx:atemp>
          </gpxtpx:TrackPointExtension>
        </extensions>
      </trkpt>
      <trkpt lat="30.587390" lon="34.697115">
        <ele>779.3</ele>
        <time>2026-04-07T03:58:55.000Z</time>
        <extensions>
          <gpxtpx:TrackPointExtension>
            <gpxtpx:hr>109</gpxtpx:hr>
            <gpxtpx:cad>0</gpxtpx:cad>
            <gpxtpx:atemp>292.65</gpxtpx:atemp>
          </gpxtpx:TrackPointExtension>
        </extensions>
      </trkpt>
      <trkpt lat="30.587373" lon="34.696930">
        <ele>777.9</ele>
        <time>2026-04-07T03:59:08.000Z</time>
        <extensions>
          <gpxtpx:TrackPointExtension>
            <gpxtpx:hr>110</gpxtpx:hr>
            <gpxtpx:cad>0</gpxtpx:cad>
            <gpxtpx:atemp>292.65</gpxtpx:atemp>
          </gpxtpx:TrackPointExtension>
        </extensions>
      </trkpt>
      <trkpt lat="30.587286" lon="34.696765">
        <ele>776.7</ele>
        <time>2026-04-07T03:59:21.000Z</time>
        <extensions>
          <gpxtpx:TrackPointExtension>
            <gpxtpx:hr>107</gpxtpx:hr>
            <gpxtpx:cad>72</gpxtpx:cad>
            <gpxtpx:atemp>292.65</gpxtpx:atemp>
          </gpxtpx:TrackPointExtension>
        </extensions>
      </trkpt>
      <trkpt lat="30.587247" lon="34.696725">
        <ele>776.4</ele>
        <time>2026-04-07T03:59:27.000Z</time>
        <extensions>
          <gpxtpx:TrackPointExtension>
            <gpxtpx:hr>112</gpxtpx:hr>
            <gpxtpx:cad>0</gpxtpx:cad>
            <gpxtpx:atemp>292.65</gpxtpx:atemp>
          </gpxtpx:TrackPointExtension>
        </extensions>
      </trkpt>
      <trkpt lat="30.587176" lon="34.696676">
        <ele>776.1</ele>
        <time>2026-04-07T03:59:35.000Z</time>
        <extensions>
          <gpxtpx:TrackPointExtension>
            <gpxtpx:hr>111</gpxtpx:hr>
            <gpxtpx:cad>49</gpxtpx:cad>
            <gpxtpx:atemp>292.65</gpxtpx:atemp>
          </gpxtpx:TrackPointExtension>
        </extensions>
      </trkpt>
      <trkpt lat="30.587169" lon="34.696611">
        <ele>775.6</ele>
        <time>2026-04-07T03:59:40.000Z</time>
        <extensions>
          <gpxtpx:TrackPointExtension>
            <gpxtpx:hr>114</gpxtpx:hr>
            <gpxtpx:cad>49</gpxtpx:cad>
            <gpxtpx:atemp>292.65</gpxtpx:atemp>
          </gpxtpx:TrackPointExtension>
        </extensions>
      </trkpt>
      <trkpt lat="30.587185" lon="34.696542">
        <ele>775.1</ele>
        <time>2026-04-07T03:59:44.000Z</time>
        <extensions>
          <gpxtpx:TrackPointExtension>
            <gpxtpx:hr>114</gpxtpx:hr>
            <gpxtpx:cad>61</gpxtpx:cad>
            <gpxtpx:atemp>292.65</gpxtpx:atemp>
          </gpxtpx:TrackPointExtension>
        </extensions>
      </trkpt>
      <trkpt lat="30.587192" lon="34.696459">
        <ele>774.5</ele>
        <time>2026-04-07T03:59:49.000Z</time>
        <extensions>
          <gpxtpx:TrackPointExtension>
            <gpxtpx:hr>113</gpxtpx:hr>
            <gpxtpx:cad>64</gpxtpx:cad>
            <gpxtpx:atemp>292.65</gpxtpx:atemp>
          </gpxtpx:TrackPointExtension>
        </extensions>
      </trkpt>
      <trkpt lat="30.587179" lon="34.696345">
        <ele>773.7</ele>
        <time>2026-04-07T03:59:55.000Z</time>
        <extensions>
          <gpxtpx:TrackPointExtension>
            <gpxtpx:hr>111</gpxtpx:hr>
            <gpxtpx:cad>64</gpxtpx:cad>
            <gpxtpx:atemp>292.65</gpxtpx:atemp>
          </gpxtpx:TrackPointExtension>
        </extensions>
      </trkpt>
      <trkpt lat="30.587181" lon="34.696313">
        <ele>773.5</ele>
        <time>2026-04-07T03:59:57.000Z</time>
        <extensions>
          <gpxtpx:TrackPointExtension>
            <gpxtpx:hr>111</gpxtpx:hr>
            <gpxtpx:cad>70</gpxtpx:cad>
            <gpxtpx:atemp>292.65</gpxtpx:atemp>
          </gpxtpx:TrackPointExtension>
        </extensions>
      </trkpt>
      <trkpt lat="30.587169" lon="34.696232">
        <ele>772.9</ele>
        <time>2026-04-07T04:00:02.000Z</time>
        <extensions>
          <gpxtpx:TrackPointExtension>
            <gpxtpx:hr>112</gpxtpx:hr>
            <gpxtpx:cad>67</gpxtpx:cad>
            <gpxtpx:atemp>292.65</gpxtpx:atemp>
          </gpxtpx:TrackPointExtension>
        </extensions>
      </trkpt>
      <trkpt lat="30.587179" lon="34.696174">
        <ele>772.7</ele>
        <time>2026-04-07T04:00:06.000Z</time>
        <extensions>
          <gpxtpx:TrackPointExtension>
            <gpxtpx:hr>113</gpxtpx:hr>
            <gpxtpx:cad>64</gpxtpx:cad>
            <gpxtpx:atemp>292.65</gpxtpx:atemp>
          </gpxtpx:TrackPointExtension>
        </extensions>
      </trkpt>
      <trkpt lat="30.587180" lon="34.696029">
        <ele>772.2</ele>
        <time>2026-04-07T04:00:13.000Z</time>
        <extensions>
          <gpxtpx:TrackPointExtension>
            <gpxtpx:hr>113</gpxtpx:hr>
            <gpxtpx:cad>0</gpxtpx:cad>
            <gpxtpx:atemp>292.65</gpxtpx:atemp>
          </gpxtpx:TrackPointExtension>
        </extensions>
      </trkpt>
      <trkpt lat="30.587224" lon="34.695823">
        <ele>771.5</ele>
        <time>2026-04-07T04:00:23.000Z</time>
        <extensions>
          <gpxtpx:TrackPointExtension>
            <gpxtpx:hr>116</gpxtpx:hr>
            <gpxtpx:cad>75</gpxtpx:cad>
            <gpxtpx:atemp>292.65</gpxtpx:atemp>
          </gpxtpx:TrackPointExtension>
        </extensions>
      </trkpt>
      <trkpt lat="30.587301" lon="34.695713">
        <ele>771.1</ele>
        <time>2026-04-07T04:00:29.000Z</time>
        <extensions>
          <gpxtpx:TrackPointExtension>
            <gpxtpx:hr>124</gpxtpx:hr>
            <gpxtpx:cad>73</gpxtpx:cad>
            <gpxtpx:atemp>292.65</gpxtpx:atemp>
          </gpxtpx:TrackPointExtension>
        </extensions>
      </trkpt>
      <trkpt lat="30.587332" lon="34.695627">
        <ele>770.8</ele>
        <time>2026-04-07T04:00:33.000Z</time>
        <extensions>
          <gpxtpx:TrackPointExtension>
            <gpxtpx:hr>127</gpxtpx:hr>
            <gpxtpx:cad>76</gpxtpx:cad>
            <gpxtpx:atemp>292.65</gpxtpx:atemp>
          </gpxtpx:TrackPointExtension>
        </extensions>
      </trkpt>
      <trkpt lat="30.587326" lon="34.695577">
        <ele>770.6</ele>
        <time>2026-04-07T04:00:35.000Z</time>
        <extensions>
          <gpxtpx:TrackPointExtension>
            <gpxtpx:hr>127</gpxtpx:hr>
            <gpxtpx:cad>75</gpxtpx:cad>
            <gpxtpx:atemp>292.65</gpxtpx:atemp>
          </gpxtpx:TrackPointExtension>
        </extensions>
      </trkpt>
      <trkpt lat="30.587356" lon="34.695404">
        <ele>770.1</ele>
        <time>2026-04-07T04:00:42.000Z</time>
        <extensions>
          <gpxtpx:TrackPointExtension>
            <gpxtpx:hr>131</gpxtpx:hr>
            <gpxtpx:cad>76</gpxtpx:cad>
            <gpxtpx:atemp>292.65</gpxtpx:atemp>
          </gpxtpx:TrackPointExtension>
        </extensions>
      </trkpt>
      <trkpt lat="30.587382" lon="34.695226">
        <ele>770.6</ele>
        <time>2026-04-07T04:00:49.000Z</time>
        <extensions>
          <gpxtpx:TrackPointExtension>
            <gpxtpx:hr>133</gpxtpx:hr>
            <gpxtpx:cad>78</gpxtpx:cad>
            <gpxtpx:atemp>292.65</gpxtpx:atemp>
          </gpxtpx:TrackPointExtension>
        </extensions>
      </trkpt>
      <trkpt lat="30.587418" lon="34.695171">
        <ele>770.7</ele>
        <time>2026-04-07T04:00:53.000Z</time>
        <extensions>
          <gpxtpx:TrackPointExtension>
            <gpxtpx:hr>135</gpxtpx:hr>
            <gpxtpx:cad>78</gpxtpx:cad>
            <gpxtpx:atemp>292.65</gpxtpx:atemp>
          </gpxtpx:TrackPointExtension>
        </extensions>
      </trkpt>
      <trkpt lat="30.587468" lon="34.695157">
        <ele>770.6</ele>
        <time>2026-04-07T04:00:58.000Z</time>
        <extensions>
          <gpxtpx:TrackPointExtension>
            <gpxtpx:hr>136</gpxtpx:hr>
            <gpxtpx:cad>72</gpxtpx:cad>
            <gpxtpx:atemp>292.65</gpxtpx:atemp>
          </gpxtpx:TrackPointExtension>
        </extensions>
      </trkpt>
      <trkpt lat="30.587498" lon="34.695073">
        <ele>770.7</ele>
        <time>2026-04-07T04:01:04.000Z</time>
        <extensions>
          <gpxtpx:TrackPointExtension>
            <gpxtpx:hr>132</gpxtpx:hr>
            <gpxtpx:cad>57</gpxtpx:cad>
            <gpxtpx:atemp>292.65</gpxtpx:atemp>
          </gpxtpx:TrackPointExtension>
        </extensions>
      </trkpt>
      <trkpt lat="30.587558" lon="34.695090">
        <ele>770.4</ele>
        <time>2026-04-07T04:01:32.000Z</time>
        <extensions>
          <gpxtpx:TrackPointExtension>
            <gpxtpx:hr>114</gpxtpx:hr>
            <gpxtpx:cad>0</gpxtpx:cad>
            <gpxtpx:atemp>292.65</gpxtpx:atemp>
          </gpxtpx:TrackPointExtension>
        </extensions>
      </trkpt>
      <trkpt lat="30.587657" lon="34.695075">
        <ele>769.8</ele>
        <time>2026-04-07T04:01:40.000Z</time>
        <extensions>
          <gpxtpx:TrackPointExtension>
            <gpxtpx:hr>110</gpxtpx:hr>
            <gpxtpx:cad>54</gpxtpx:cad>
            <gpxtpx:atemp>292.65</gpxtpx:atemp>
          </gpxtpx:TrackPointExtension>
        </extensions>
      </trkpt>
      <trkpt lat="30.587702" lon="34.695015">
        <ele>769.3</ele>
        <time>2026-04-07T04:01:46.000Z</time>
        <extensions>
          <gpxtpx:TrackPointExtension>
            <gpxtpx:hr>108</gpxtpx:hr>
            <gpxtpx:cad>52</gpxtpx:cad>
            <gpxtpx:atemp>292.65</gpxtpx:atemp>
          </gpxtpx:TrackPointExtension>
        </extensions>
      </trkpt>
      <trkpt lat="30.587733" lon="34.694946">
        <ele>768.9</ele>
        <time>2026-04-07T04:01:51.000Z</time>
        <extensions>
          <gpxtpx:TrackPointExtension>
            <gpxtpx:hr>105</gpxtpx:hr>
            <gpxtpx:cad>59</gpxtpx:cad>
            <gpxtpx:atemp>292.65</gpxtpx:atemp>
          </gpxtpx:TrackPointExtension>
        </extensions>
      </trkpt>
      <trkpt lat="30.587789" lon="34.694862">
        <ele>767.8</ele>
        <time>2026-04-07T04:01:58.000Z</time>
        <extensions>
          <gpxtpx:TrackPointExtension>
            <gpxtpx:hr>102</gpxtpx:hr>
            <gpxtpx:cad>55</gpxtpx:cad>
            <gpxtpx:atemp>292.65</gpxtpx:atemp>
          </gpxtpx:TrackPointExtension>
        </extensions>
      </trkpt>
      <trkpt lat="30.587926" lon="34.694809">
        <ele>765.7</ele>
        <time>2026-04-07T04:02:07.000Z</time>
        <extensions>
          <gpxtpx:TrackPointExtension>
            <gpxtpx:hr>99</gpxtpx:hr>
            <gpxtpx:cad>75</gpxtpx:cad>
            <gpxtpx:atemp>292.65</gpxtpx:atemp>
          </gpxtpx:TrackPointExtension>
        </extensions>
      </trkpt>
      <trkpt lat="30.587979" lon="34.694791">
        <ele>765.0</ele>
        <time>2026-04-07T04:02:10.000Z</time>
        <extensions>
          <gpxtpx:TrackPointExtension>
            <gpxtpx:hr>100</gpxtpx:hr>
            <gpxtpx:cad>75</gpxtpx:cad>
            <gpxtpx:atemp>292.65</gpxtpx:atemp>
          </gpxtpx:TrackPointExtension>
        </extensions>
      </trkpt>
      <trkpt lat="30.588045" lon="34.694748">
        <ele>764.0</ele>
        <time>2026-04-07T04:02:14.000Z</time>
        <extensions>
          <gpxtpx:TrackPointExtension>
            <gpxtpx:hr>105</gpxtpx:hr>
            <gpxtpx:cad>75</gpxtpx:cad>
            <gpxtpx:atemp>292.65</gpxtpx:atemp>
          </gpxtpx:TrackPointExtension>
        </extensions>
      </trkpt>
      <trkpt lat="30.588132" lon="34.694730">
        <ele>762.8</ele>
        <time>2026-04-07T04:02:18.000Z</time>
        <extensions>
          <gpxtpx:TrackPointExtension>
            <gpxtpx:hr>111</gpxtpx:hr>
            <gpxtpx:cad>76</gpxtpx:cad>
            <gpxtpx:atemp>292.65</gpxtpx:atemp>
          </gpxtpx:TrackPointExtension>
        </extensions>
      </trkpt>
      <trkpt lat="30.588203" lon="34.694677">
        <ele>761.6</ele>
        <time>2026-04-07T04:02:22.000Z</time>
        <extensions>
          <gpxtpx:TrackPointExtension>
            <gpxtpx:hr>113</gpxtpx:hr>
            <gpxtpx:cad>76</gpxtpx:cad>
            <gpxtpx:atemp>292.65</gpxtpx:atemp>
          </gpxtpx:TrackPointExtension>
        </extensions>
      </trkpt>
      <trkpt lat="30.588287" lon="34.694603">
        <ele>760.5</ele>
        <time>2026-04-07T04:02:27.000Z</time>
        <extensions>
          <gpxtpx:TrackPointExtension>
            <gpxtpx:hr>116</gpxtpx:hr>
            <gpxtpx:cad>77</gpxtpx:cad>
            <gpxtpx:atemp>292.65</gpxtpx:atemp>
          </gpxtpx:TrackPointExtension>
        </extensions>
      </trkpt>
      <trkpt lat="30.588406" lon="34.694465">
        <ele>759.2</ele>
        <time>2026-04-07T04:02:35.000Z</time>
        <extensions>
          <gpxtpx:TrackPointExtension>
            <gpxtpx:hr>123</gpxtpx:hr>
            <gpxtpx:cad>76</gpxtpx:cad>
            <gpxtpx:atemp>292.65</gpxtpx:atemp>
          </gpxtpx:TrackPointExtension>
        </extensions>
      </trkpt>
      <trkpt lat="30.588510" lon="34.694361">
        <ele>758.0</ele>
        <time>2026-04-07T04:02:41.000Z</time>
        <extensions>
          <gpxtpx:TrackPointExtension>
            <gpxtpx:hr>127</gpxtpx:hr>
            <gpxtpx:cad>77</gpxtpx:cad>
            <gpxtpx:atemp>292.65</gpxtpx:atemp>
          </gpxtpx:TrackPointExtension>
        </extensions>
      </trkpt>
      <trkpt lat="30.588605" lon="34.694229">
        <ele>757.7</ele>
        <time>2026-04-07T04:02:47.000Z</time>
        <extensions>
          <gpxtpx:TrackPointExtension>
            <gpxtpx:hr>128</gpxtpx:hr>
            <gpxtpx:cad>79</gpxtpx:cad>
            <gpxtpx:atemp>292.65</gpxtpx:atemp>
          </gpxtpx:TrackPointExtension>
        </extensions>
      </trkpt>
      <trkpt lat="30.588671" lon="34.694096">
        <ele>757.5</ele>
        <time>2026-04-07T04:02:53.000Z</time>
        <extensions>
          <gpxtpx:TrackPointExtension>
            <gpxtpx:hr>130</gpxtpx:hr>
            <gpxtpx:cad>78</gpxtpx:cad>
            <gpxtpx:atemp>292.65</gpxtpx:atemp>
          </gpxtpx:TrackPointExtension>
        </extensions>
      </trkpt>
      <trkpt lat="30.588685" lon="34.694010">
        <ele>757.6</ele>
        <time>2026-04-07T04:02:56.000Z</time>
        <extensions>
          <gpxtpx:TrackPointExtension>
            <gpxtpx:hr>131</gpxtpx:hr>
            <gpxtpx:cad>79</gpxtpx:cad>
            <gpxtpx:atemp>292.65</gpxtpx:atemp>
          </gpxtpx:TrackPointExtension>
        </extensions>
      </trkpt>
      <trkpt lat="30.588747" lon="34.693729">
        <ele>758.2</ele>
        <time>2026-04-07T04:03:08.000Z</time>
        <extensions>
          <gpxtpx:TrackPointExtension>
            <gpxtpx:hr>135</gpxtpx:hr>
            <gpxtpx:cad>77</gpxtpx:cad>
            <gpxtpx:atemp>292.65</gpxtpx:atemp>
          </gpxtpx:TrackPointExtension>
        </extensions>
      </trkpt>
      <trkpt lat="30.588784" lon="34.693648">
        <ele>758.4</ele>
        <time>2026-04-07T04:03:12.000Z</time>
        <extensions>
          <gpxtpx:TrackPointExtension>
            <gpxtpx:hr>136</gpxtpx:hr>
            <gpxtpx:cad>76</gpxtpx:cad>
            <gpxtpx:atemp>292.65</gpxtpx:atemp>
          </gpxtpx:TrackPointExtension>
        </extensions>
      </trkpt>
      <trkpt lat="30.588831" lon="34.693408">
        <ele>759.6</ele>
        <time>2026-04-07T04:03:22.000Z</time>
        <extensions>
          <gpxtpx:TrackPointExtension>
            <gpxtpx:hr>138</gpxtpx:hr>
            <gpxtpx:cad>76</gpxtpx:cad>
            <gpxtpx:atemp>292.65</gpxtpx:atemp>
          </gpxtpx:TrackPointExtension>
        </extensions>
      </trkpt>
      <trkpt lat="30.588859" lon="34.693255">
        <ele>760.4</ele>
        <time>2026-04-07T04:03:29.000Z</time>
        <extensions>
          <gpxtpx:TrackPointExtension>
            <gpxtpx:hr>139</gpxtpx:hr>
            <gpxtpx:cad>77</gpxtpx:cad>
            <gpxtpx:atemp>292.65</gpxtpx:atemp>
          </gpxtpx:TrackPointExtension>
        </extensions>
      </trkpt>
      <trkpt lat="30.588853" lon="34.693154">
        <ele>761.0</ele>
        <time>2026-04-07T04:03:36.000Z</time>
        <extensions>
          <gpxtpx:TrackPointExtension>
            <gpxtpx:hr>140</gpxtpx:hr>
            <gpxtpx:cad>56</gpxtpx:cad>
            <gpxtpx:atemp>292.65</gpxtpx:atemp>
          </gpxtpx:TrackPointExtension>
        </extensions>
      </trkpt>
      <trkpt lat="30.588894" lon="34.692990">
        <ele>761.2</ele>
        <time>2026-04-07T04:03:47.000Z</time>
        <extensions>
          <gpxtpx:TrackPointExtension>
            <gpxtpx:hr>136</gpxtpx:hr>
            <gpxtpx:cad>57</gpxtpx:cad>
            <gpxtpx:atemp>292.65</gpxtpx:atemp>
          </gpxtpx:TrackPointExtension>
        </extensions>
      </trkpt>
      <trkpt lat="30.588900" lon="34.692933">
        <ele>761.3</ele>
        <time>2026-04-07T04:03:51.000Z</time>
        <extensions>
          <gpxtpx:TrackPointExtension>
            <gpxtpx:hr>136</gpxtpx:hr>
            <gpxtpx:cad>57</gpxtpx:cad>
            <gpxtpx:atemp>292.65</gpxtpx:atemp>
          </gpxtpx:TrackPointExtension>
        </extensions>
      </trkpt>
      <trkpt lat="30.588954" lon="34.692765">
        <ele>761.5</ele>
        <time>2026-04-07T04:04:00.000Z</time>
        <extensions>
          <gpxtpx:TrackPointExtension>
            <gpxtpx:hr>135</gpxtpx:hr>
            <gpxtpx:cad>0</gpxtpx:cad>
            <gpxtpx:atemp>292.65</gpxtpx:atemp>
          </gpxtpx:TrackPointExtension>
        </extensions>
      </trkpt>
      <trkpt lat="30.588942" lon="34.692689">
        <ele>762.0</ele>
        <time>2026-04-07T04:04:05.000Z</time>
        <extensions>
          <gpxtpx:TrackPointExtension>
            <gpxtpx:hr>137</gpxtpx:hr>
            <gpxtpx:cad>56</gpxtpx:cad>
            <gpxtpx:atemp>292.65</gpxtpx:atemp>
          </gpxtpx:TrackPointExtension>
        </extensions>
      </trkpt>
      <trkpt lat="30.588914" lon="34.692647">
        <ele>762.6</ele>
        <time>2026-04-07T04:04:08.000Z</time>
        <extensions>
          <gpxtpx:TrackPointExtension>
            <gpxtpx:hr>136</gpxtpx:hr>
            <gpxtpx:cad>56</gpxtpx:cad>
            <gpxtpx:atemp>292.65</gpxtpx:atemp>
          </gpxtpx:TrackPointExtension>
        </extensions>
      </trkpt>
      <trkpt lat="30.588899" lon="34.692576">
        <ele>763.3</ele>
        <time>2026-04-07T04:04:14.000Z</time>
        <extensions>
          <gpxtpx:TrackPointExtension>
            <gpxtpx:hr>135</gpxtpx:hr>
            <gpxtpx:cad>70</gpxtpx:cad>
            <gpxtpx:atemp>292.65</gpxtpx:atemp>
          </gpxtpx:TrackPointExtension>
        </extensions>
      </trkpt>
      <trkpt lat="30.588913" lon="34.692538">
        <ele>763.4</ele>
        <time>2026-04-07T04:04:17.000Z</time>
        <extensions>
          <gpxtpx:TrackPointExtension>
            <gpxtpx:hr>135</gpxtpx:hr>
            <gpxtpx:cad>70</gpxtpx:cad>
            <gpxtpx:atemp>292.65</gpxtpx:atemp>
          </gpxtpx:TrackPointExtension>
        </extensions>
      </trkpt>
      <trkpt lat="30.588974" lon="34.692459">
        <ele>763.1</ele>
        <time>2026-04-07T04:04:25.000Z</time>
        <extensions>
          <gpxtpx:TrackPointExtension>
            <gpxtpx:hr>135</gpxtpx:hr>
            <gpxtpx:cad>53</gpxtpx:cad>
            <gpxtpx:atemp>292.65</gpxtpx:atemp>
          </gpxtpx:TrackPointExtension>
        </extensions>
      </trkpt>
      <trkpt lat="30.588991" lon="34.692402">
        <ele>763.2</ele>
        <time>2026-04-07T04:04:29.000Z</time>
        <extensions>
          <gpxtpx:TrackPointExtension>
            <gpxtpx:hr>135</gpxtpx:hr>
            <gpxtpx:cad>53</gpxtpx:cad>
            <gpxtpx:atemp>292.65</gpxtpx:atemp>
          </gpxtpx:TrackPointExtension>
        </extensions>
      </trkpt>
      <trkpt lat="30.589000" lon="34.692318">
        <ele>763.9</ele>
        <time>2026-04-07T04:04:33.000Z</time>
        <extensions>
          <gpxtpx:TrackPointExtension>
            <gpxtpx:hr>137</gpxtpx:hr>
            <gpxtpx:cad>70</gpxtpx:cad>
            <gpxtpx:atemp>291.65</gpxtpx:atemp>
          </gpxtpx:TrackPointExtension>
        </extensions>
      </trkpt>
      <trkpt lat="30.589057" lon="34.692111">
        <ele>765.4</ele>
        <time>2026-04-07T04:04:45.000Z</time>
        <extensions>
          <gpxtpx:TrackPointExtension>
            <gpxtpx:hr>138</gpxtpx:hr>
            <gpxtpx:cad>0</gpxtpx:cad>
            <gpxtpx:atemp>291.65</gpxtpx:atemp>
          </gpxtpx:TrackPointExtension>
        </extensions>
      </trkpt>
      <trkpt lat="30.589073" lon="34.692000">
        <ele>766.2</ele>
        <time>2026-04-07T04:04:56.000Z</time>
        <extensions>
          <gpxtpx:TrackPointExtension>
            <gpxtpx:hr>139</gpxtpx:hr>
            <gpxtpx:cad>43</gpxtpx:cad>
            <gpxtpx:atemp>291.65</gpxtpx:atemp>
          </gpxtpx:TrackPointExtension>
        </extensions>
      </trkpt>
      <trkpt lat="30.589094" lon="34.691979">
        <ele>766.1</ele>
        <time>2026-04-07T04:04:58.000Z</time>
        <extensions>
          <gpxtpx:TrackPointExtension>
            <gpxtpx:hr>139</gpxtpx:hr>
            <gpxtpx:cad>45</gpxtpx:cad>
            <gpxtpx:atemp>291.65</gpxtpx:atemp>
          </gpxtpx:TrackPointExtension>
        </extensions>
      </trkpt>
      <trkpt lat="30.589190" lon="34.691942">
        <ele>765.6</ele>
        <time>2026-04-07T04:05:03.000Z</time>
        <extensions>
          <gpxtpx:TrackPointExtension>
            <gpxtpx:hr>140</gpxtpx:hr>
            <gpxtpx:cad>47</gpxtpx:cad>
            <gpxtpx:atemp>291.65</gpxtpx:atemp>
          </gpxtpx:TrackPointExtension>
        </extensions>
      </trkpt>
      <trkpt lat="30.589351" lon="34.691922">
        <ele>764.7</ele>
        <time>2026-04-07T04:05:12.000Z</time>
        <extensions>
          <gpxtpx:TrackPointExtension>
            <gpxtpx:hr>141</gpxtpx:hr>
            <gpxtpx:cad>0</gpxtpx:cad>
            <gpxtpx:atemp>291.65</gpxtpx:atemp>
          </gpxtpx:TrackPointExtension>
        </extensions>
      </trkpt>
      <trkpt lat="30.589444" lon="34.691816">
        <ele>765.9</ele>
        <time>2026-04-07T04:05:23.000Z</time>
        <extensions>
          <gpxtpx:TrackPointExtension>
            <gpxtpx:hr>137</gpxtpx:hr>
            <gpxtpx:cad>55</gpxtpx:cad>
            <gpxtpx:atemp>291.65</gpxtpx:atemp>
          </gpxtpx:TrackPointExtension>
        </extensions>
      </trkpt>
      <trkpt lat="30.589579" lon="34.691709">
        <ele>767.0</ele>
        <time>2026-04-07T04:05:36.000Z</time>
        <extensions>
          <gpxtpx:TrackPointExtension>
            <gpxtpx:hr>135</gpxtpx:hr>
            <gpxtpx:cad>55</gpxtpx:cad>
            <gpxtpx:atemp>291.65</gpxtpx:atemp>
          </gpxtpx:TrackPointExtension>
        </extensions>
      </trkpt>
      <trkpt lat="30.589612" lon="34.691668">
        <ele>767.5</ele>
        <time>2026-04-07T04:05:39.000Z</time>
        <extensions>
          <gpxtpx:TrackPointExtension>
            <gpxtpx:hr>136</gpxtpx:hr>
            <gpxtpx:cad>54</gpxtpx:cad>
            <gpxtpx:atemp>291.65</gpxtpx:atemp>
          </gpxtpx:TrackPointExtension>
        </extensions>
      </trkpt>
      <trkpt lat="30.589644" lon="34.691543">
        <ele>768.8</ele>
        <time>2026-04-07T04:05:47.000Z</time>
        <extensions>
          <gpxtpx:TrackPointExtension>
            <gpxtpx:hr>135</gpxtpx:hr>
            <gpxtpx:cad>0</gpxtpx:cad>
            <gpxtpx:atemp>291.65</gpxtpx:atemp>
          </gpxtpx:TrackPointExtension>
        </extensions>
      </trkpt>
      <trkpt lat="30.589689" lon="34.691421">
        <ele>770.2</ele>
        <time>2026-04-07T04:05:53.000Z</time>
        <extensions>
          <gpxtpx:TrackPointExtension>
            <gpxtpx:hr>136</gpxtpx:hr>
            <gpxtpx:cad>75</gpxtpx:cad>
            <gpxtpx:atemp>291.65</gpxtpx:atemp>
          </gpxtpx:TrackPointExtension>
        </extensions>
      </trkpt>
      <trkpt lat="30.589752" lon="34.691242">
        <ele>772.1</ele>
        <time>2026-04-07T04:06:04.000Z</time>
        <extensions>
          <gpxtpx:TrackPointExtension>
            <gpxtpx:hr>136</gpxtpx:hr>
            <gpxtpx:cad>70</gpxtpx:cad>
            <gpxtpx:atemp>291.65</gpxtpx:atemp>
          </gpxtpx:TrackPointExtension>
        </extensions>
      </trkpt>
      <trkpt lat="30.589827" lon="34.691099">
        <ele>773.1</ele>
        <time>2026-04-07T04:06:15.000Z</time>
        <extensions>
          <gpxtpx:TrackPointExtension>
            <gpxtpx:hr>135</gpxtpx:hr>
            <gpxtpx:cad>55</gpxtpx:cad>
            <gpxtpx:atemp>291.65</gpxtpx:atemp>
          </gpxtpx:TrackPointExtension>
        </extensions>
      </trkpt>
      <trkpt lat="30.589929" lon="34.690948">
        <ele>774.2</ele>
        <time>2026-04-07T04:06:28.000Z</time>
        <extensions>
          <gpxtpx:TrackPointExtension>
            <gpxtpx:hr>136</gpxtpx:hr>
            <gpxtpx:cad>53</gpxtpx:cad>
            <gpxtpx:atemp>291.65</gpxtpx:atemp>
          </gpxtpx:TrackPointExtension>
        </extensions>
      </trkpt>
      <trkpt lat="30.589947" lon="34.690877">
        <ele>774.7</ele>
        <time>2026-04-07T04:06:33.000Z</time>
        <extensions>
          <gpxtpx:TrackPointExtension>
            <gpxtpx:hr>137</gpxtpx:hr>
            <gpxtpx:cad>57</gpxtpx:cad>
            <gpxtpx:atemp>291.65</gpxtpx:atemp>
          </gpxtpx:TrackPointExtension>
        </extensions>
      </trkpt>
      <trkpt lat="30.589927" lon="34.690804">
        <ele>775.2</ele>
        <time>2026-04-07T04:06:38.000Z</time>
        <extensions>
          <gpxtpx:TrackPointExtension>
            <gpxtpx:hr>136</gpxtpx:hr>
            <gpxtpx:cad>54</gpxtpx:cad>
            <gpxtpx:atemp>291.65</gpxtpx:atemp>
          </gpxtpx:TrackPointExtension>
        </extensions>
      </trkpt>
      <trkpt lat="30.589928" lon="34.690690">
        <ele>776.0</ele>
        <time>2026-04-07T04:06:46.000Z</time>
        <extensions>
          <gpxtpx:TrackPointExtension>
            <gpxtpx:hr>137</gpxtpx:hr>
            <gpxtpx:cad>55</gpxtpx:cad>
            <gpxtpx:atemp>291.65</gpxtpx:atemp>
          </gpxtpx:TrackPointExtension>
        </extensions>
      </trkpt>
      <trkpt lat="30.589905" lon="34.690500">
        <ele>777.9</ele>
        <time>2026-04-07T04:07:00.000Z</time>
        <extensions>
          <gpxtpx:TrackPointExtension>
            <gpxtpx:hr>137</gpxtpx:hr>
            <gpxtpx:cad>55</gpxtpx:cad>
            <gpxtpx:atemp>291.65</gpxtpx:atemp>
          </gpxtpx:TrackPointExtension>
        </extensions>
      </trkpt>
      <trkpt lat="30.589865" lon="34.690323">
        <ele>780.0</ele>
        <time>2026-04-07T04:07:14.000Z</time>
        <extensions>
          <gpxtpx:TrackPointExtension>
            <gpxtpx:hr>136</gpxtpx:hr>
            <gpxtpx:cad>54</gpxtpx:cad>
            <gpxtpx:atemp>291.65</gpxtpx:atemp>
          </gpxtpx:TrackPointExtension>
        </extensions>
      </trkpt>
      <trkpt lat="30.589863" lon="34.690142">
        <ele>782.0</ele>
        <time>2026-04-07T04:07:28.000Z</time>
        <extensions>
          <gpxtpx:TrackPointExtension>
            <gpxtpx:hr>139</gpxtpx:hr>
            <gpxtpx:cad>54</gpxtpx:cad>
            <gpxtpx:atemp>291.65</gpxtpx:atemp>
          </gpxtpx:TrackPointExtension>
        </extensions>
      </trkpt>
      <trkpt lat="30.589840" lon="34.689965">
        <ele>784.6</ele>
        <time>2026-04-07T04:07:42.000Z</time>
        <extensions>
          <gpxtpx:TrackPointExtension>
            <gpxtpx:hr>140</gpxtpx:hr>
            <gpxtpx:cad>54</gpxtpx:cad>
            <gpxtpx:atemp>291.65</gpxtpx:atemp>
          </gpxtpx:TrackPointExtension>
        </extensions>
      </trkpt>
      <trkpt lat="30.589820" lon="34.689909">
        <ele>785.6</ele>
        <time>2026-04-07T04:07:47.000Z</time>
        <extensions>
          <gpxtpx:TrackPointExtension>
            <gpxtpx:hr>140</gpxtpx:hr>
            <gpxtpx:cad>55</gpxtpx:cad>
            <gpxtpx:atemp>291.65</gpxtpx:atemp>
          </gpxtpx:TrackPointExtension>
        </extensions>
      </trkpt>
      <trkpt lat="30.589763" lon="34.689871">
        <ele>786.6</ele>
        <time>2026-04-07T04:07:53.000Z</time>
        <extensions>
          <gpxtpx:TrackPointExtension>
            <gpxtpx:hr>140</gpxtpx:hr>
            <gpxtpx:cad>51</gpxtpx:cad>
            <gpxtpx:atemp>291.65</gpxtpx:atemp>
          </gpxtpx:TrackPointExtension>
        </extensions>
      </trkpt>
      <trkpt lat="30.589709" lon="34.689800">
        <ele>788.2</ele>
        <time>2026-04-07T04:08:01.000Z</time>
        <extensions>
          <gpxtpx:TrackPointExtension>
            <gpxtpx:hr>140</gpxtpx:hr>
            <gpxtpx:cad>52</gpxtpx:cad>
            <gpxtpx:atemp>291.65</gpxtpx:atemp>
          </gpxtpx:TrackPointExtension>
        </extensions>
      </trkpt>
      <trkpt lat="30.589623" lon="34.689659">
        <ele>791.4</ele>
        <time>2026-04-07T04:08:17.000Z</time>
        <extensions>
          <gpxtpx:TrackPointExtension>
            <gpxtpx:hr>143</gpxtpx:hr>
            <gpxtpx:cad>52</gpxtpx:cad>
            <gpxtpx:atemp>291.65</gpxtpx:atemp>
          </gpxtpx:TrackPointExtension>
        </extensions>
      </trkpt>
      <trkpt lat="30.589597" lon="34.689602">
        <ele>792.6</ele>
        <time>2026-04-07T04:08:23.000Z</time>
        <extensions>
          <gpxtpx:TrackPointExtension>
            <gpxtpx:hr>144</gpxtpx:hr>
            <gpxtpx:cad>53</gpxtpx:cad>
            <gpxtpx:atemp>291.65</gpxtpx:atemp>
          </gpxtpx:TrackPointExtension>
        </extensions>
      </trkpt>
      <trkpt lat="30.589575" lon="34.689524">
        <ele>794.1</ele>
        <time>2026-04-07T04:08:30.000Z</time>
        <extensions>
          <gpxtpx:TrackPointExtension>
            <gpxtpx:hr>145</gpxtpx:hr>
            <gpxtpx:cad>53</gpxtpx:cad>
            <gpxtpx:atemp>291.65</gpxtpx:atemp>
          </gpxtpx:TrackPointExtension>
        </extensions>
      </trkpt>
      <trkpt lat="30.589526" lon="34.689451">
        <ele>795.6</ele>
        <time>2026-04-07T04:08:38.000Z</time>
        <extensions>
          <gpxtpx:TrackPointExtension>
            <gpxtpx:hr>145</gpxtpx:hr>
            <gpxtpx:cad>53</gpxtpx:cad>
            <gpxtpx:atemp>291.65</gpxtpx:atemp>
          </gpxtpx:TrackPointExtension>
        </extensions>
      </trkpt>
      <trkpt lat="30.589461" lon="34.689387">
        <ele>797.0</ele>
        <time>2026-04-07T04:08:48.000Z</time>
        <extensions>
          <gpxtpx:TrackPointExtension>
            <gpxtpx:hr>146</gpxtpx:hr>
            <gpxtpx:cad>51</gpxtpx:cad>
            <gpxtpx:atemp>291.65</gpxtpx:atemp>
          </gpxtpx:TrackPointExtension>
        </extensions>
      </trkpt>
      <trkpt lat="30.589447" lon="34.689362">
        <ele>797.5</ele>
        <time>2026-04-07T04:08:51.000Z</time>
        <extensions>
          <gpxtpx:TrackPointExtension>
            <gpxtpx:hr>147</gpxtpx:hr>
            <gpxtpx:cad>53</gpxtpx:cad>
            <gpxtpx:atemp>291.65</gpxtpx:atemp>
          </gpxtpx:TrackPointExtension>
        </extensions>
      </trkpt>
      <trkpt lat="30.589377" lon="34.689296">
        <ele>798.9</ele>
        <time>2026-04-07T04:09:01.000Z</time>
        <extensions>
          <gpxtpx:TrackPointExtension>
            <gpxtpx:hr>143</gpxtpx:hr>
            <gpxtpx:cad>51</gpxtpx:cad>
            <gpxtpx:atemp>292.65</gpxtpx:atemp>
          </gpxtpx:TrackPointExtension>
        </extensions>
      </trkpt>
      <trkpt lat="30.589307" lon="34.689170">
        <ele>801.4</ele>
        <time>2026-04-07T04:09:15.000Z</time>
        <extensions>
          <gpxtpx:TrackPointExtension>
            <gpxtpx:hr>145</gpxtpx:hr>
            <gpxtpx:cad>50</gpxtpx:cad>
            <gpxtpx:atemp>292.65</gpxtpx:atemp>
          </gpxtpx:TrackPointExtension>
        </extensions>
      </trkpt>
      <trkpt lat="30.589277" lon="34.689073">
        <ele>803.1</ele>
        <time>2026-04-07T04:09:25.000Z</time>
        <extensions>
          <gpxtpx:TrackPointExtension>
            <gpxtpx:hr>144</gpxtpx:hr>
            <gpxtpx:cad>52</gpxtpx:cad>
            <gpxtpx:atemp>292.65</gpxtpx:atemp>
          </gpxtpx:TrackPointExtension>
        </extensions>
      </trkpt>
      <trkpt lat="30.589254" lon="34.688952">
        <ele>804.9</ele>
        <time>2026-04-07T04:09:36.000Z</time>
        <extensions>
          <gpxtpx:TrackPointExtension>
            <gpxtpx:hr>144</gpxtpx:hr>
            <gpxtpx:cad>49</gpxtpx:cad>
            <gpxtpx:atemp>292.65</gpxtpx:atemp>
          </gpxtpx:TrackPointExtension>
        </extensions>
      </trkpt>
      <trkpt lat="30.589197" lon="34.688776">
        <ele>807.2</ele>
        <time>2026-04-07T04:09:52.000Z</time>
        <extensions>
          <gpxtpx:TrackPointExtension>
            <gpxtpx:hr>145</gpxtpx:hr>
            <gpxtpx:cad>47</gpxtpx:cad>
            <gpxtpx:atemp>292.65</gpxtpx:atemp>
          </gpxtpx:TrackPointExtension>
        </extensions>
      </trkpt>
      <trkpt lat="30.589187" lon="34.688695">
        <ele>808.3</ele>
        <time>2026-04-07T04:10:02.000Z</time>
        <extensions>
          <gpxtpx:TrackPointExtension>
            <gpxtpx:hr>145</gpxtpx:hr>
            <gpxtpx:cad>0</gpxtpx:cad>
            <gpxtpx:atemp>292.65</gpxtpx:atemp>
          </gpxtpx:TrackPointExtension>
        </extensions>
      </trkpt>
      <trkpt lat="30.589157" lon="34.688601">
        <ele>809.4</ele>
        <time>2026-04-07T04:10:13.000Z</time>
        <extensions>
          <gpxtpx:TrackPointExtension>
            <gpxtpx:hr>146</gpxtpx:hr>
            <gpxtpx:cad>43</gpxtpx:cad>
            <gpxtpx:atemp>292.65</gpxtpx:atemp>
          </gpxtpx:TrackPointExtension>
        </extensions>
      </trkpt>
      <trkpt lat="30.589151" lon="34.688460">
        <ele>811.1</ele>
        <time>2026-04-07T04:10:27.000Z</time>
        <extensions>
          <gpxtpx:TrackPointExtension>
            <gpxtpx:hr>148</gpxtpx:hr>
            <gpxtpx:cad>0</gpxtpx:cad>
            <gpxtpx:atemp>292.65</gpxtpx:atemp>
          </gpxtpx:TrackPointExtension>
        </extensions>
      </trkpt>
      <trkpt lat="30.589144" lon="34.688335">
        <ele>812.0</ele>
        <time>2026-04-07T04:10:36.000Z</time>
        <extensions>
          <gpxtpx:TrackPointExtension>
            <gpxtpx:hr>147</gpxtpx:hr>
            <gpxtpx:cad>51</gpxtpx:cad>
            <gpxtpx:atemp>292.65</gpxtpx:atemp>
          </gpxtpx:TrackPointExtension>
        </extensions>
      </trkpt>
      <trkpt lat="30.589124" lon="34.688262">
        <ele>812.5</ele>
        <time>2026-04-07T04:10:41.000Z</time>
        <extensions>
          <gpxtpx:TrackPointExtension>
            <gpxtpx:hr>147</gpxtpx:hr>
            <gpxtpx:cad>53</gpxtpx:cad>
            <gpxtpx:atemp>292.65</gpxtpx:atemp>
          </gpxtpx:TrackPointExtension>
        </extensions>
      </trkpt>
      <trkpt lat="30.589066" lon="34.688170">
        <ele>813.1</ele>
        <time>2026-04-07T04:10:47.000Z</time>
        <extensions>
          <gpxtpx:TrackPointExtension>
            <gpxtpx:hr>143</gpxtpx:hr>
            <gpxtpx:cad>55</gpxtpx:cad>
            <gpxtpx:atemp>292.65</gpxtpx:atemp>
          </gpxtpx:TrackPointExtension>
        </extensions>
      </trkpt>
      <trkpt lat="30.589051" lon="34.688134">
        <ele>813.2</ele>
        <time>2026-04-07T04:10:49.000Z</time>
        <extensions>
          <gpxtpx:TrackPointExtension>
            <gpxtpx:hr>143</gpxtpx:hr>
            <gpxtpx:cad>70</gpxtpx:cad>
            <gpxtpx:atemp>292.65</gpxtpx:atemp>
          </gpxtpx:TrackPointExtension>
        </extensions>
      </trkpt>
      <trkpt lat="30.589013" lon="34.687916">
        <ele>814.0</ele>
        <time>2026-04-07T04:11:01.000Z</time>
        <extensions>
          <gpxtpx:TrackPointExtension>
            <gpxtpx:hr>144</gpxtpx:hr>
            <gpxtpx:cad>72</gpxtpx:cad>
            <gpxtpx:atemp>291.65</gpxtpx:atemp>
          </gpxtpx:TrackPointExtension>
        </extensions>
      </trkpt>
      <trkpt lat="30.588973" lon="34.687801">
        <ele>814.7</ele>
        <time>2026-04-07T04:11:09.000Z</time>
        <extensions>
          <gpxtpx:TrackPointExtension>
            <gpxtpx:hr>138</gpxtpx:hr>
            <gpxtpx:cad>69</gpxtpx:cad>
            <gpxtpx:atemp>291.65</gpxtpx:atemp>
          </gpxtpx:TrackPointExtension>
        </extensions>
      </trkpt>
      <trkpt lat="30.588936" lon="34.687672">
        <ele>815.7</ele>
        <time>2026-04-07T04:11:18.000Z</time>
        <extensions>
          <gpxtpx:TrackPointExtension>
            <gpxtpx:hr>140</gpxtpx:hr>
            <gpxtpx:cad>57</gpxtpx:cad>
            <gpxtpx:atemp>291.65</gpxtpx:atemp>
          </gpxtpx:TrackPointExtension>
        </extensions>
      </trkpt>
      <trkpt lat="30.588892" lon="34.687580">
        <ele>816.3</ele>
        <time>2026-04-07T04:11:24.000Z</time>
        <extensions>
          <gpxtpx:TrackPointExtension>
            <gpxtpx:hr>140</gpxtpx:hr>
            <gpxtpx:cad>56</gpxtpx:cad>
            <gpxtpx:atemp>291.65</gpxtpx:atemp>
          </gpxtpx:TrackPointExtension>
        </extensions>
      </trkpt>
      <trkpt lat="30.588825" lon="34.687512">
        <ele>816.8</ele>
        <time>2026-04-07T04:11:29.000Z</time>
        <extensions>
          <gpxtpx:TrackPointExtension>
            <gpxtpx:hr>140</gpxtpx:hr>
            <gpxtpx:cad>79</gpxtpx:cad>
            <gpxtpx:atemp>291.65</gpxtpx:atemp>
          </gpxtpx:TrackPointExtension>
        </extensions>
      </trkpt>
      <trkpt lat="30.588728" lon="34.687456">
        <ele>817.2</ele>
        <time>2026-04-07T04:11:35.000Z</time>
        <extensions>
          <gpxtpx:TrackPointExtension>
            <gpxtpx:hr>140</gpxtpx:hr>
            <gpxtpx:cad>74</gpxtpx:cad>
            <gpxtpx:atemp>291.65</gpxtpx:atemp>
          </gpxtpx:TrackPointExtension>
        </extensions>
      </trkpt>
      <trkpt lat="30.588685" lon="34.687393">
        <ele>817.5</ele>
        <time>2026-04-07T04:11:39.000Z</time>
        <extensions>
          <gpxtpx:TrackPointExtension>
            <gpxtpx:hr>140</gpxtpx:hr>
            <gpxtpx:cad>73</gpxtpx:cad>
            <gpxtpx:atemp>291.65</gpxtpx:atemp>
          </gpxtpx:TrackPointExtension>
        </extensions>
      </trkpt>
      <trkpt lat="30.588630" lon="34.687256">
        <ele>819.0</ele>
        <time>2026-04-07T04:11:49.000Z</time>
        <extensions>
          <gpxtpx:TrackPointExtension>
            <gpxtpx:hr>139</gpxtpx:hr>
            <gpxtpx:cad>57</gpxtpx:cad>
            <gpxtpx:atemp>291.65</gpxtpx:atemp>
          </gpxtpx:TrackPointExtension>
        </extensions>
      </trkpt>
      <trkpt lat="30.588584" lon="34.687178">
        <ele>820.2</ele>
        <time>2026-04-07T04:11:56.000Z</time>
        <extensions>
          <gpxtpx:TrackPointExtension>
            <gpxtpx:hr>137</gpxtpx:hr>
            <gpxtpx:cad>57</gpxtpx:cad>
            <gpxtpx:atemp>291.65</gpxtpx:atemp>
          </gpxtpx:TrackPointExtension>
        </extensions>
      </trkpt>
      <trkpt lat="30.588479" lon="34.687048">
        <ele>822.5</ele>
        <time>2026-04-07T04:12:10.000Z</time>
        <extensions>
          <gpxtpx:TrackPointExtension>
            <gpxtpx:hr>136</gpxtpx:hr>
            <gpxtpx:cad>55</gpxtpx:cad>
            <gpxtpx:atemp>291.65</gpxtpx:atemp>
          </gpxtpx:TrackPointExtension>
        </extensions>
      </trkpt>
      <trkpt lat="30.588427" lon="34.686968">
        <ele>823.7</ele>
        <time>2026-04-07T04:12:18.000Z</time>
        <extensions>
          <gpxtpx:TrackPointExtension>
            <gpxtpx:hr>135</gpxtpx:hr>
            <gpxtpx:cad>54</gpxtpx:cad>
            <gpxtpx:atemp>291.65</gpxtpx:atemp>
          </gpxtpx:TrackPointExtension>
        </extensions>
      </trkpt>
      <trkpt lat="30.588374" lon="34.686794">
        <ele>826.9</ele>
        <time>2026-04-07T04:12:33.000Z</time>
        <extensions>
          <gpxtpx:TrackPointExtension>
            <gpxtpx:hr>136</gpxtpx:hr>
            <gpxtpx:cad>55</gpxtpx:cad>
            <gpxtpx:atemp>291.65</gpxtpx:atemp>
          </gpxtpx:TrackPointExtension>
        </extensions>
      </trkpt>
      <trkpt lat="30.588342" lon="34.686710">
        <ele>828.8</ele>
        <time>2026-04-07T04:12:40.000Z</time>
        <extensions>
          <gpxtpx:TrackPointExtension>
            <gpxtpx:hr>135</gpxtpx:hr>
            <gpxtpx:cad>51</gpxtpx:cad>
            <gpxtpx:atemp>291.65</gpxtpx:atemp>
          </gpxtpx:TrackPointExtension>
        </extensions>
      </trkpt>
      <trkpt lat="30.588311" lon="34.686664">
        <ele>830.0</ele>
        <time>2026-04-07T04:12:45.000Z</time>
        <extensions>
          <gpxtpx:TrackPointExtension>
            <gpxtpx:hr>134</gpxtpx:hr>
            <gpxtpx:cad>54</gpxtpx:cad>
            <gpxtpx:atemp>291.65</gpxtpx:atemp>
          </gpxtpx:TrackPointExtension>
        </extensions>
      </trkpt>
      <trkpt lat="30.588274" lon="34.686582">
        <ele>832.0</ele>
        <time>2026-04-07T04:12:52.000Z</time>
        <extensions>
          <gpxtpx:TrackPointExtension>
            <gpxtpx:hr>135</gpxtpx:hr>
            <gpxtpx:cad>54</gpxtpx:cad>
            <gpxtpx:atemp>291.65</gpxtpx:atemp>
          </gpxtpx:TrackPointExtension>
        </extensions>
      </trkpt>
      <trkpt lat="30.588256" lon="34.686559">
        <ele>832.7</ele>
        <time>2026-04-07T04:12:54.000Z</time>
        <extensions>
          <gpxtpx:TrackPointExtension>
            <gpxtpx:hr>136</gpxtpx:hr>
            <gpxtpx:cad>55</gpxtpx:cad>
            <gpxtpx:atemp>291.65</gpxtpx:atemp>
          </gpxtpx:TrackPointExtension>
        </extensions>
      </trkpt>
      <trkpt lat="30.588135" lon="34.686463">
        <ele>835.9</ele>
        <time>2026-04-07T04:13:09.000Z</time>
        <extensions>
          <gpxtpx:TrackPointExtension>
            <gpxtpx:hr>137</gpxtpx:hr>
            <gpxtpx:cad>53</gpxtpx:cad>
            <gpxtpx:atemp>291.65</gpxtpx:atemp>
          </gpxtpx:TrackPointExtension>
        </extensions>
      </trkpt>
      <trkpt lat="30.588005" lon="34.686371">
        <ele>839.5</ele>
        <time>2026-04-07T04:13:30.000Z</time>
        <extensions>
          <gpxtpx:TrackPointExtension>
            <gpxtpx:hr>136</gpxtpx:hr>
            <gpxtpx:cad>43</gpxtpx:cad>
            <gpxtpx:atemp>292.65</gpxtpx:atemp>
          </gpxtpx:TrackPointExtension>
        </extensions>
      </trkpt>
      <trkpt lat="30.587963" lon="34.686357">
        <ele>840.4</ele>
        <time>2026-04-07T04:13:36.000Z</time>
        <extensions>
          <gpxtpx:TrackPointExtension>
            <gpxtpx:hr>137</gpxtpx:hr>
            <gpxtpx:cad>44</gpxtpx:cad>
            <gpxtpx:atemp>292.65</gpxtpx:atemp>
          </gpxtpx:TrackPointExtension>
        </extensions>
      </trkpt>
      <trkpt lat="30.587876" lon="34.686222">
        <ele>844.7</ele>
        <time>2026-04-07T04:13:56.000Z</time>
        <extensions>
          <gpxtpx:TrackPointExtension>
            <gpxtpx:hr>144</gpxtpx:hr>
            <gpxtpx:cad>0</gpxtpx:cad>
            <gpxtpx:atemp>292.65</gpxtpx:atemp>
          </gpxtpx:TrackPointExtension>
        </extensions>
      </trkpt>
      <trkpt lat="30.587817" lon="34.686184">
        <ele>845.7</ele>
        <time>2026-04-07T04:14:03.000Z</time>
        <extensions>
          <gpxtpx:TrackPointExtension>
            <gpxtpx:hr>144</gpxtpx:hr>
            <gpxtpx:cad>53</gpxtpx:cad>
            <gpxtpx:atemp>292.65</gpxtpx:atemp>
          </gpxtpx:TrackPointExtension>
        </extensions>
      </trkpt>
      <trkpt lat="30.587732" lon="34.686113">
        <ele>847.8</ele>
        <time>2026-04-07T04:14:11.000Z</time>
        <extensions>
          <gpxtpx:TrackPointExtension>
            <gpxtpx:hr>143</gpxtpx:hr>
            <gpxtpx:cad>55</gpxtpx:cad>
            <gpxtpx:atemp>292.65</gpxtpx:atemp>
          </gpxtpx:TrackPointExtension>
        </extensions>
      </trkpt>
      <trkpt lat="30.587688" lon="34.686093">
        <ele>848.6</ele>
        <time>2026-04-07T04:14:15.000Z</time>
        <extensions>
          <gpxtpx:TrackPointExtension>
            <gpxtpx:hr>141</gpxtpx:hr>
            <gpxtpx:cad>55</gpxtpx:cad>
            <gpxtpx:atemp>292.65</gpxtpx:atemp>
          </gpxtpx:TrackPointExtension>
        </extensions>
      </trkpt>
      <trkpt lat="30.587640" lon="34.686044">
        <ele>850.2</ele>
        <time>2026-04-07T04:14:20.000Z</time>
        <extensions>
          <gpxtpx:TrackPointExtension>
            <gpxtpx:hr>141</gpxtpx:hr>
            <gpxtpx:cad>55</gpxtpx:cad>
            <gpxtpx:atemp>292.65</gpxtpx:atemp>
          </gpxtpx:TrackPointExtension>
        </extensions>
      </trkpt>
      <trkpt lat="30.587534" lon="34.685960">
        <ele>851.8</ele>
        <time>2026-04-07T04:14:28.000Z</time>
        <extensions>
          <gpxtpx:TrackPointExtension>
            <gpxtpx:hr>138</gpxtpx:hr>
            <gpxtpx:cad>71</gpxtpx:cad>
            <gpxtpx:atemp>292.65</gpxtpx:atemp>
          </gpxtpx:TrackPointExtension>
        </extensions>
      </trkpt>
      <trkpt lat="30.587417" lon="34.685881">
        <ele>852.8</ele>
        <time>2026-04-07T04:14:37.000Z</time>
        <extensions>
          <gpxtpx:TrackPointExtension>
            <gpxtpx:hr>136</gpxtpx:hr>
            <gpxtpx:cad>73</gpxtpx:cad>
            <gpxtpx:atemp>292.65</gpxtpx:atemp>
          </gpxtpx:TrackPointExtension>
        </extensions>
      </trkpt>
      <trkpt lat="30.587341" lon="34.685758">
        <ele>854.6</ele>
        <time>2026-04-07T04:14:48.000Z</time>
        <extensions>
          <gpxtpx:TrackPointExtension>
            <gpxtpx:hr>134</gpxtpx:hr>
            <gpxtpx:cad>55</gpxtpx:cad>
            <gpxtpx:atemp>291.65</gpxtpx:atemp>
          </gpxtpx:TrackPointExtension>
        </extensions>
      </trkpt>
      <trkpt lat="30.587312" lon="34.685641">
        <ele>856.0</ele>
        <time>2026-04-07T04:14:57.000Z</time>
        <extensions>
          <gpxtpx:TrackPointExtension>
            <gpxtpx:hr>133</gpxtpx:hr>
            <gpxtpx:cad>56</gpxtpx:cad>
            <gpxtpx:atemp>291.65</gpxtpx:atemp>
          </gpxtpx:TrackPointExtension>
        </extensions>
      </trkpt>
      <trkpt lat="30.587293" lon="34.685617">
        <ele>856.0</ele>
        <time>2026-04-07T04:15:07.000Z</time>
        <extensions>
          <gpxtpx:TrackPointExtension>
            <gpxtpx:hr>128</gpxtpx:hr>
            <gpxtpx:cad>0</gpxtpx:cad>
            <gpxtpx:atemp>291.65</gpxtpx:atemp>
          </gpxtpx:TrackPointExtension>
        </extensions>
      </trkpt>
      <trkpt lat="30.587213" lon="34.685530">
        <ele>856.5</ele>
        <time>2026-04-07T04:15:19.000Z</time>
        <extensions>
          <gpxtpx:TrackPointExtension>
            <gpxtpx:hr>124</gpxtpx:hr>
            <gpxtpx:cad>49</gpxtpx:cad>
            <gpxtpx:atemp>291.65</gpxtpx:atemp>
          </gpxtpx:TrackPointExtension>
        </extensions>
      </trkpt>
      <trkpt lat="30.587123" lon="34.685472">
        <ele>857.1</ele>
        <time>2026-04-07T04:15:26.000Z</time>
        <extensions>
          <gpxtpx:TrackPointExtension>
            <gpxtpx:hr>123</gpxtpx:hr>
            <gpxtpx:cad>53</gpxtpx:cad>
            <gpxtpx:atemp>291.65</gpxtpx:atemp>
          </gpxtpx:TrackPointExtension>
        </extensions>
      </trkpt>
      <trkpt lat="30.587082" lon="34.685424">
        <ele>857.9</ele>
        <time>2026-04-07T04:15:30.000Z</time>
        <extensions>
          <gpxtpx:TrackPointExtension>
            <gpxtpx:hr>123</gpxtpx:hr>
            <gpxtpx:cad>72</gpxtpx:cad>
            <gpxtpx:atemp>291.65</gpxtpx:atemp>
          </gpxtpx:TrackPointExtension>
        </extensions>
      </trkpt>
      <trkpt lat="30.586996" lon="34.685391">
        <ele>857.3</ele>
        <time>2026-04-07T04:15:37.000Z</time>
        <extensions>
          <gpxtpx:TrackPointExtension>
            <gpxtpx:hr>123</gpxtpx:hr>
            <gpxtpx:cad>71</gpxtpx:cad>
            <gpxtpx:atemp>291.65</gpxtpx:atemp>
          </gpxtpx:TrackPointExtension>
        </extensions>
      </trkpt>
      <trkpt lat="30.586889" lon="34.685289">
        <ele>857.8</ele>
        <time>2026-04-07T04:15:48.000Z</time>
        <extensions>
          <gpxtpx:TrackPointExtension>
            <gpxtpx:hr>122</gpxtpx:hr>
            <gpxtpx:cad>60</gpxtpx:cad>
            <gpxtpx:atemp>291.65</gpxtpx:atemp>
          </gpxtpx:TrackPointExtension>
        </extensions>
      </trkpt>
      <trkpt lat="30.586834" lon="34.685199">
        <ele>859.0</ele>
        <time>2026-04-07T04:15:56.000Z</time>
        <extensions>
          <gpxtpx:TrackPointExtension>
            <gpxtpx:hr>124</gpxtpx:hr>
            <gpxtpx:cad>0</gpxtpx:cad>
            <gpxtpx:atemp>292.65</gpxtpx:atemp>
          </gpxtpx:TrackPointExtension>
        </extensions>
      </trkpt>
      <trkpt lat="30.586791" lon="34.685151">
        <ele>859.7</ele>
        <time>2026-04-07T04:16:00.000Z</time>
        <extensions>
          <gpxtpx:TrackPointExtension>
            <gpxtpx:hr>124</gpxtpx:hr>
            <gpxtpx:cad>0</gpxtpx:cad>
            <gpxtpx:atemp>291.65</gpxtpx:atemp>
          </gpxtpx:TrackPointExtension>
        </extensions>
      </trkpt>
      <trkpt lat="30.586691" lon="34.685080">
        <ele>860.0</ele>
        <time>2026-04-07T04:16:08.000Z</time>
        <extensions>
          <gpxtpx:TrackPointExtension>
            <gpxtpx:hr>124</gpxtpx:hr>
            <gpxtpx:cad>71</gpxtpx:cad>
            <gpxtpx:atemp>291.65</gpxtpx:atemp>
          </gpxtpx:TrackPointExtension>
        </extensions>
      </trkpt>
      <trkpt lat="30.586634" lon="34.684995">
        <ele>861.0</ele>
        <time>2026-04-07T04:16:16.000Z</time>
        <extensions>
          <gpxtpx:TrackPointExtension>
            <gpxtpx:hr>124</gpxtpx:hr>
            <gpxtpx:cad>71</gpxtpx:cad>
            <gpxtpx:atemp>292.65</gpxtpx:atemp>
          </gpxtpx:TrackPointExtension>
        </extensions>
      </trkpt>
      <trkpt lat="30.586567" lon="34.684944">
        <ele>861.6</ele>
        <time>2026-04-07T04:16:23.000Z</time>
        <extensions>
          <gpxtpx:TrackPointExtension>
            <gpxtpx:hr>126</gpxtpx:hr>
            <gpxtpx:cad>56</gpxtpx:cad>
            <gpxtpx:atemp>291.65</gpxtpx:atemp>
          </gpxtpx:TrackPointExtension>
        </extensions>
      </trkpt>
      <trkpt lat="30.586528" lon="34.684881">
        <ele>862.6</ele>
        <time>2026-04-07T04:16:28.000Z</time>
        <extensions>
          <gpxtpx:TrackPointExtension>
            <gpxtpx:hr>128</gpxtpx:hr>
            <gpxtpx:cad>53</gpxtpx:cad>
            <gpxtpx:atemp>292.65</gpxtpx:atemp>
          </gpxtpx:TrackPointExtension>
        </extensions>
      </trkpt>
      <trkpt lat="30.586416" lon="34.684762">
        <ele>863.2</ele>
        <time>2026-04-07T04:16:40.000Z</time>
        <extensions>
          <gpxtpx:TrackPointExtension>
            <gpxtpx:hr>131</gpxtpx:hr>
            <gpxtpx:cad>0</gpxtpx:cad>
            <gpxtpx:atemp>292.65</gpxtpx:atemp>
          </gpxtpx:TrackPointExtension>
        </extensions>
      </trkpt>
      <trkpt lat="30.586387" lon="34.684720">
        <ele>863.5</ele>
        <time>2026-04-07T04:16:44.000Z</time>
        <extensions>
          <gpxtpx:TrackPointExtension>
            <gpxtpx:hr>130</gpxtpx:hr>
            <gpxtpx:cad>51</gpxtpx:cad>
            <gpxtpx:atemp>291.65</gpxtpx:atemp>
          </gpxtpx:TrackPointExtension>
        </extensions>
      </trkpt>
      <trkpt lat="30.586328" lon="34.684672">
        <ele>863.9</ele>
        <time>2026-04-07T04:16:50.000Z</time>
        <extensions>
          <gpxtpx:TrackPointExtension>
            <gpxtpx:hr>130</gpxtpx:hr>
            <gpxtpx:cad>56</gpxtpx:cad>
            <gpxtpx:atemp>292.65</gpxtpx:atemp>
          </gpxtpx:TrackPointExtension>
        </extensions>
      </trkpt>
      <trkpt lat="30.586275" lon="34.684605">
        <ele>864.7</ele>
        <time>2026-04-07T04:16:56.000Z</time>
        <extensions>
          <gpxtpx:TrackPointExtension>
            <gpxtpx:hr>131</gpxtpx:hr>
            <gpxtpx:cad>56</gpxtpx:cad>
            <gpxtpx:atemp>292.65</gpxtpx:atemp>
          </gpxtpx:TrackPointExtension>
        </extensions>
      </trkpt>
      <trkpt lat="30.586260" lon="34.684576">
        <ele>865.1</ele>
        <time>2026-04-07T04:16:59.000Z</time>
        <extensions>
          <gpxtpx:TrackPointExtension>
            <gpxtpx:hr>132</gpxtpx:hr>
            <gpxtpx:cad>56</gpxtpx:cad>
            <gpxtpx:atemp>292.65</gpxtpx:atemp>
          </gpxtpx:TrackPointExtension>
        </extensions>
      </trkpt>
      <trkpt lat="30.586142" lon="34.684456">
        <ele>865.4</ele>
        <time>2026-04-07T04:17:12.000Z</time>
        <extensions>
          <gpxtpx:TrackPointExtension>
            <gpxtpx:hr>134</gpxtpx:hr>
            <gpxtpx:cad>56</gpxtpx:cad>
            <gpxtpx:atemp>292.65</gpxtpx:atemp>
          </gpxtpx:TrackPointExtension>
        </extensions>
      </trkpt>
      <trkpt lat="30.586061" lon="34.684352">
        <ele>866.0</ele>
        <time>2026-04-07T04:17:25.000Z</time>
        <extensions>
          <gpxtpx:TrackPointExtension>
            <gpxtpx:hr>135</gpxtpx:hr>
            <gpxtpx:cad>51</gpxtpx:cad>
            <gpxtpx:atemp>292.65</gpxtpx:atemp>
          </gpxtpx:TrackPointExtension>
        </extensions>
      </trkpt>
      <trkpt lat="30.585988" lon="34.684278">
        <ele>866.4</ele>
        <time>2026-04-07T04:17:35.000Z</time>
        <extensions>
          <gpxtpx:TrackPointExtension>
            <gpxtpx:hr>137</gpxtpx:hr>
            <gpxtpx:cad>50</gpxtpx:cad>
            <gpxtpx:atemp>292.65</gpxtpx:atemp>
          </gpxtpx:TrackPointExtension>
        </extensions>
      </trkpt>
      <trkpt lat="30.585943" lon="34.684187">
        <ele>866.8</ele>
        <time>2026-04-07T04:17:45.000Z</time>
        <extensions>
          <gpxtpx:TrackPointExtension>
            <gpxtpx:hr>137</gpxtpx:hr>
            <gpxtpx:cad>52</gpxtpx:cad>
            <gpxtpx:atemp>292.65</gpxtpx:atemp>
          </gpxtpx:TrackPointExtension>
        </extensions>
      </trkpt>
      <trkpt lat="30.585881" lon="34.683998">
        <ele>867.9</ele>
        <time>2026-04-07T04:18:03.000Z</time>
        <extensions>
          <gpxtpx:TrackPointExtension>
            <gpxtpx:hr>137</gpxtpx:hr>
            <gpxtpx:cad>49</gpxtpx:cad>
            <gpxtpx:atemp>292.65</gpxtpx:atemp>
          </gpxtpx:TrackPointExtension>
        </extensions>
      </trkpt>
      <trkpt lat="30.585845" lon="34.683950">
        <ele>867.7</ele>
        <time>2026-04-07T04:18:10.000Z</time>
        <extensions>
          <gpxtpx:TrackPointExtension>
            <gpxtpx:hr>137</gpxtpx:hr>
            <gpxtpx:cad>50</gpxtpx:cad>
            <gpxtpx:atemp>292.65</gpxtpx:atemp>
          </gpxtpx:TrackPointExtension>
        </extensions>
      </trkpt>
      <trkpt lat="30.585840" lon="34.683863">
        <ele>868.3</ele>
        <time>2026-04-07T04:18:20.000Z</time>
        <extensions>
          <gpxtpx:TrackPointExtension>
            <gpxtpx:hr>138</gpxtpx:hr>
            <gpxtpx:cad>50</gpxtpx:cad>
            <gpxtpx:atemp>292.65</gpxtpx:atemp>
          </gpxtpx:TrackPointExtension>
        </extensions>
      </trkpt>
      <trkpt lat="30.585860" lon="34.683760">
        <ele>869.3</ele>
        <time>2026-04-07T04:18:35.000Z</time>
        <extensions>
          <gpxtpx:TrackPointExtension>
            <gpxtpx:hr>136</gpxtpx:hr>
            <gpxtpx:cad>55</gpxtpx:cad>
            <gpxtpx:atemp>292.65</gpxtpx:atemp>
          </gpxtpx:TrackPointExtension>
        </extensions>
      </trkpt>
      <trkpt lat="30.585883" lon="34.683587">
        <ele>870.9</ele>
        <time>2026-04-07T04:18:54.000Z</time>
        <extensions>
          <gpxtpx:TrackPointExtension>
            <gpxtpx:hr>135</gpxtpx:hr>
            <gpxtpx:cad>43</gpxtpx:cad>
            <gpxtpx:atemp>292.65</gpxtpx:atemp>
          </gpxtpx:TrackPointExtension>
        </extensions>
      </trkpt>
      <trkpt lat="30.585890" lon="34.683519">
        <ele>871.5</ele>
        <time>2026-04-07T04:19:02.000Z</time>
        <extensions>
          <gpxtpx:TrackPointExtension>
            <gpxtpx:hr>139</gpxtpx:hr>
            <gpxtpx:cad>47</gpxtpx:cad>
            <gpxtpx:atemp>292.65</gpxtpx:atemp>
          </gpxtpx:TrackPointExtension>
        </extensions>
      </trkpt>
      <trkpt lat="30.585982" lon="34.683365">
        <ele>874.2</ele>
        <time>2026-04-07T04:19:19.000Z</time>
        <extensions>
          <gpxtpx:TrackPointExtension>
            <gpxtpx:hr>140</gpxtpx:hr>
            <gpxtpx:cad>48</gpxtpx:cad>
            <gpxtpx:atemp>292.65</gpxtpx:atemp>
          </gpxtpx:TrackPointExtension>
        </extensions>
      </trkpt>
      <trkpt lat="30.586003" lon="34.683340">
        <ele>874.7</ele>
        <time>2026-04-07T04:19:22.000Z</time>
        <extensions>
          <gpxtpx:TrackPointExtension>
            <gpxtpx:hr>139</gpxtpx:hr>
            <gpxtpx:cad>47</gpxtpx:cad>
            <gpxtpx:atemp>292.65</gpxtpx:atemp>
          </gpxtpx:TrackPointExtension>
        </extensions>
      </trkpt>
      <trkpt lat="30.586063" lon="34.683181">
        <ele>876.8</ele>
        <time>2026-04-07T04:19:38.000Z</time>
        <extensions>
          <gpxtpx:TrackPointExtension>
            <gpxtpx:hr>139</gpxtpx:hr>
            <gpxtpx:cad>49</gpxtpx:cad>
            <gpxtpx:atemp>292.65</gpxtpx:atemp>
          </gpxtpx:TrackPointExtension>
        </extensions>
      </trkpt>
      <trkpt lat="30.586073" lon="34.683092">
        <ele>877.8</ele>
        <time>2026-04-07T04:19:48.000Z</time>
        <extensions>
          <gpxtpx:TrackPointExtension>
            <gpxtpx:hr>140</gpxtpx:hr>
            <gpxtpx:cad>50</gpxtpx:cad>
            <gpxtpx:atemp>292.65</gpxtpx:atemp>
          </gpxtpx:TrackPointExtension>
        </extensions>
      </trkpt>
      <trkpt lat="30.586132" lon="34.682904">
        <ele>880.3</ele>
        <time>2026-04-07T04:20:08.000Z</time>
        <extensions>
          <gpxtpx:TrackPointExtension>
            <gpxtpx:hr>140</gpxtpx:hr>
            <gpxtpx:cad>53</gpxtpx:cad>
            <gpxtpx:atemp>292.65</gpxtpx:atemp>
          </gpxtpx:TrackPointExtension>
        </extensions>
      </trkpt>
      <trkpt lat="30.586120" lon="34.682800">
        <ele>881.5</ele>
        <time>2026-04-07T04:20:38.000Z</time>
        <extensions>
          <gpxtpx:TrackPointExtension>
            <gpxtpx:hr>129</gpxtpx:hr>
            <gpxtpx:cad>47</gpxtpx:cad>
            <gpxtpx:atemp>292.65</gpxtpx:atemp>
          </gpxtpx:TrackPointExtension>
        </extensions>
      </trkpt>
      <trkpt lat="30.586128" lon="34.682724">
        <ele>882.5</ele>
        <time>2026-04-07T04:20:46.000Z</time>
        <extensions>
          <gpxtpx:TrackPointExtension>
            <gpxtpx:hr>131</gpxtpx:hr>
            <gpxtpx:cad>48</gpxtpx:cad>
            <gpxtpx:atemp>292.65</gpxtpx:atemp>
          </gpxtpx:TrackPointExtension>
        </extensions>
      </trkpt>
      <trkpt lat="30.586099" lon="34.682571">
        <ele>884.1</ele>
        <time>2026-04-07T04:20:59.000Z</time>
        <extensions>
          <gpxtpx:TrackPointExtension>
            <gpxtpx:hr>133</gpxtpx:hr>
            <gpxtpx:cad>51</gpxtpx:cad>
            <gpxtpx:atemp>292.65</gpxtpx:atemp>
          </gpxtpx:TrackPointExtension>
        </extensions>
      </trkpt>
      <trkpt lat="30.586097" lon="34.682512">
        <ele>884.6</ele>
        <time>2026-04-07T04:21:03.000Z</time>
        <extensions>
          <gpxtpx:TrackPointExtension>
            <gpxtpx:hr>134</gpxtpx:hr>
            <gpxtpx:cad>54</gpxtpx:cad>
            <gpxtpx:atemp>292.65</gpxtpx:atemp>
          </gpxtpx:TrackPointExtension>
        </extensions>
      </trkpt>
      <trkpt lat="30.586064" lon="34.682402">
        <ele>885.6</ele>
        <time>2026-04-07T04:21:11.000Z</time>
        <extensions>
          <gpxtpx:TrackPointExtension>
            <gpxtpx:hr>134</gpxtpx:hr>
            <gpxtpx:cad>55</gpxtpx:cad>
            <gpxtpx:atemp>292.65</gpxtpx:atemp>
          </gpxtpx:TrackPointExtension>
        </extensions>
      </trkpt>
      <trkpt lat="30.586057" lon="34.682212">
        <ele>886.9</ele>
        <time>2026-04-07T04:21:23.000Z</time>
        <extensions>
          <gpxtpx:TrackPointExtension>
            <gpxtpx:hr>131</gpxtpx:hr>
            <gpxtpx:cad>59</gpxtpx:cad>
            <gpxtpx:atemp>292.65</gpxtpx:atemp>
          </gpxtpx:TrackPointExtension>
        </extensions>
      </trkpt>
      <trkpt lat="30.586062" lon="34.682132">
        <ele>887.4</ele>
        <time>2026-04-07T04:21:29.000Z</time>
        <extensions>
          <gpxtpx:TrackPointExtension>
            <gpxtpx:hr>129</gpxtpx:hr>
            <gpxtpx:cad>69</gpxtpx:cad>
            <gpxtpx:atemp>292.65</gpxtpx:atemp>
          </gpxtpx:TrackPointExtension>
        </extensions>
      </trkpt>
      <trkpt lat="30.586048" lon="34.681943">
        <ele>888.2</ele>
        <time>2026-04-07T04:21:42.000Z</time>
        <extensions>
          <gpxtpx:TrackPointExtension>
            <gpxtpx:hr>128</gpxtpx:hr>
            <gpxtpx:cad>56</gpxtpx:cad>
            <gpxtpx:atemp>292.65</gpxtpx:atemp>
          </gpxtpx:TrackPointExtension>
        </extensions>
      </trkpt>
      <trkpt lat="30.586031" lon="34.681729">
        <ele>888.7</ele>
        <time>2026-04-07T04:21:54.000Z</time>
        <extensions>
          <gpxtpx:TrackPointExtension>
            <gpxtpx:hr>123</gpxtpx:hr>
            <gpxtpx:cad>75</gpxtpx:cad>
            <gpxtpx:atemp>292.65</gpxtpx:atemp>
          </gpxtpx:TrackPointExtension>
        </extensions>
      </trkpt>
      <trkpt lat="30.585977" lon="34.681611">
        <ele>889.0</ele>
        <time>2026-04-07T04:22:01.000Z</time>
        <extensions>
          <gpxtpx:TrackPointExtension>
            <gpxtpx:hr>126</gpxtpx:hr>
            <gpxtpx:cad>75</gpxtpx:cad>
            <gpxtpx:atemp>292.65</gpxtpx:atemp>
          </gpxtpx:TrackPointExtension>
        </extensions>
      </trkpt>
      <trkpt lat="30.585909" lon="34.681523">
        <ele>888.8</ele>
        <time>2026-04-07T04:22:07.000Z</time>
        <extensions>
          <gpxtpx:TrackPointExtension>
            <gpxtpx:hr>127</gpxtpx:hr>
            <gpxtpx:cad>76</gpxtpx:cad>
            <gpxtpx:atemp>292.65</gpxtpx:atemp>
          </gpxtpx:TrackPointExtension>
        </extensions>
      </trkpt>
      <trkpt lat="30.585837" lon="34.681475">
        <ele>888.4</ele>
        <time>2026-04-07T04:22:12.000Z</time>
        <extensions>
          <gpxtpx:TrackPointExtension>
            <gpxtpx:hr>128</gpxtpx:hr>
            <gpxtpx:cad>71</gpxtpx:cad>
            <gpxtpx:atemp>292.65</gpxtpx:atemp>
          </gpxtpx:TrackPointExtension>
        </extensions>
      </trkpt>
      <trkpt lat="30.585777" lon="34.681364">
        <ele>888.1</ele>
        <time>2026-04-07T04:22:22.000Z</time>
        <extensions>
          <gpxtpx:TrackPointExtension>
            <gpxtpx:hr>129</gpxtpx:hr>
            <gpxtpx:cad>58</gpxtpx:cad>
            <gpxtpx:atemp>291.65</gpxtpx:atemp>
          </gpxtpx:TrackPointExtension>
        </extensions>
      </trkpt>
      <trkpt lat="30.585759" lon="34.681285">
        <ele>888.0</ele>
        <time>2026-04-07T04:22:31.000Z</time>
        <extensions>
          <gpxtpx:TrackPointExtension>
            <gpxtpx:hr>128</gpxtpx:hr>
            <gpxtpx:cad>53</gpxtpx:cad>
            <gpxtpx:atemp>291.65</gpxtpx:atemp>
          </gpxtpx:TrackPointExtension>
        </extensions>
      </trkpt>
      <trkpt lat="30.585810" lon="34.681215">
        <ele>887.9</ele>
        <time>2026-04-07T04:22:41.000Z</time>
        <extensions>
          <gpxtpx:TrackPointExtension>
            <gpxtpx:hr>133</gpxtpx:hr>
            <gpxtpx:cad>42</gpxtpx:cad>
            <gpxtpx:atemp>291.65</gpxtpx:atemp>
          </gpxtpx:TrackPointExtension>
        </extensions>
      </trkpt>
      <trkpt lat="30.585871" lon="34.681165">
        <ele>887.9</ele>
        <time>2026-04-07T04:22:47.000Z</time>
        <extensions>
          <gpxtpx:TrackPointExtension>
            <gpxtpx:hr>135</gpxtpx:hr>
            <gpxtpx:cad>53</gpxtpx:cad>
            <gpxtpx:atemp>291.65</gpxtpx:atemp>
          </gpxtpx:TrackPointExtension>
        </extensions>
      </trkpt>
      <trkpt lat="30.585927" lon="34.681069">
        <ele>887.9</ele>
        <time>2026-04-07T04:22:56.000Z</time>
        <extensions>
          <gpxtpx:TrackPointExtension>
            <gpxtpx:hr>135</gpxtpx:hr>
            <gpxtpx:cad>56</gpxtpx:cad>
            <gpxtpx:atemp>291.65</gpxtpx:atemp>
          </gpxtpx:TrackPointExtension>
        </extensions>
      </trkpt>
      <trkpt lat="30.585928" lon="34.681027">
        <ele>887.9</ele>
        <time>2026-04-07T04:22:59.000Z</time>
        <extensions>
          <gpxtpx:TrackPointExtension>
            <gpxtpx:hr>133</gpxtpx:hr>
            <gpxtpx:cad>56</gpxtpx:cad>
            <gpxtpx:atemp>291.65</gpxtpx:atemp>
          </gpxtpx:TrackPointExtension>
        </extensions>
      </trkpt>
      <trkpt lat="30.585918" lon="34.680837">
        <ele>887.4</ele>
        <time>2026-04-07T04:23:14.000Z</time>
        <extensions>
          <gpxtpx:TrackPointExtension>
            <gpxtpx:hr>133</gpxtpx:hr>
            <gpxtpx:cad>55</gpxtpx:cad>
            <gpxtpx:atemp>291.65</gpxtpx:atemp>
          </gpxtpx:TrackPointExtension>
        </extensions>
      </trkpt>
      <trkpt lat="30.585844" lon="34.680768">
        <ele>887.1</ele>
        <time>2026-04-07T04:23:22.000Z</time>
        <extensions>
          <gpxtpx:TrackPointExtension>
            <gpxtpx:hr>136</gpxtpx:hr>
            <gpxtpx:cad>55</gpxtpx:cad>
            <gpxtpx:atemp>291.65</gpxtpx:atemp>
          </gpxtpx:TrackPointExtension>
        </extensions>
      </trkpt>
      <trkpt lat="30.585776" lon="34.680725">
        <ele>887.0</ele>
        <time>2026-04-07T04:23:29.000Z</time>
        <extensions>
          <gpxtpx:TrackPointExtension>
            <gpxtpx:hr>139</gpxtpx:hr>
            <gpxtpx:cad>65</gpxtpx:cad>
            <gpxtpx:atemp>291.65</gpxtpx:atemp>
          </gpxtpx:TrackPointExtension>
        </extensions>
      </trkpt>
      <trkpt lat="30.585712" lon="34.680705">
        <ele>887.0</ele>
        <time>2026-04-07T04:23:36.000Z</time>
        <extensions>
          <gpxtpx:TrackPointExtension>
            <gpxtpx:hr>133</gpxtpx:hr>
            <gpxtpx:cad>0</gpxtpx:cad>
            <gpxtpx:atemp>291.65</gpxtpx:atemp>
          </gpxtpx:TrackPointExtension>
        </extensions>
      </trkpt>
      <trkpt lat="30.585624" lon="34.680661">
        <ele>886.6</ele>
        <time>2026-04-07T04:23:49.000Z</time>
        <extensions>
          <gpxtpx:TrackPointExtension>
            <gpxtpx:hr>125</gpxtpx:hr>
            <gpxtpx:cad>56</gpxtpx:cad>
            <gpxtpx:atemp>291.65</gpxtpx:atemp>
          </gpxtpx:TrackPointExtension>
        </extensions>
      </trkpt>
      <trkpt lat="30.585570" lon="34.680606">
        <ele>886.4</ele>
        <time>2026-04-07T04:23:56.000Z</time>
        <extensions>
          <gpxtpx:TrackPointExtension>
            <gpxtpx:hr>122</gpxtpx:hr>
            <gpxtpx:cad>0</gpxtpx:cad>
            <gpxtpx:atemp>291.65</gpxtpx:atemp>
          </gpxtpx:TrackPointExtension>
        </extensions>
      </trkpt>
      <trkpt lat="30.585533" lon="34.680593">
        <ele>886.3</ele>
        <time>2026-04-07T04:24:01.000Z</time>
        <extensions>
          <gpxtpx:TrackPointExtension>
            <gpxtpx:hr>121</gpxtpx:hr>
            <gpxtpx:cad>0</gpxtpx:cad>
            <gpxtpx:atemp>291.65</gpxtpx:atemp>
          </gpxtpx:TrackPointExtension>
        </extensions>
      </trkpt>
      <trkpt lat="30.585466" lon="34.680620">
        <ele>885.8</ele>
        <time>2026-04-07T04:24:09.000Z</time>
        <extensions>
          <gpxtpx:TrackPointExtension>
            <gpxtpx:hr>119</gpxtpx:hr>
            <gpxtpx:cad>56</gpxtpx:cad>
            <gpxtpx:atemp>291.65</gpxtpx:atemp>
          </gpxtpx:TrackPointExtension>
        </extensions>
      </trkpt>
      <trkpt lat="30.585420" lon="34.680618">
        <ele>885.6</ele>
        <time>2026-04-07T04:24:14.000Z</time>
        <extensions>
          <gpxtpx:TrackPointExtension>
            <gpxtpx:hr>120</gpxtpx:hr>
            <gpxtpx:cad>55</gpxtpx:cad>
            <gpxtpx:atemp>291.65</gpxtpx:atemp>
          </gpxtpx:TrackPointExtension>
        </extensions>
      </trkpt>
      <trkpt lat="30.585251" lon="34.680535">
        <ele>884.1</ele>
        <time>2026-04-07T04:24:27.000Z</time>
        <extensions>
          <gpxtpx:TrackPointExtension>
            <gpxtpx:hr>114</gpxtpx:hr>
            <gpxtpx:cad>68</gpxtpx:cad>
            <gpxtpx:atemp>292.65</gpxtpx:atemp>
          </gpxtpx:TrackPointExtension>
        </extensions>
      </trkpt>
      <trkpt lat="30.585144" lon="34.680493">
        <ele>883.2</ele>
        <time>2026-04-07T04:24:33.000Z</time>
        <extensions>
          <gpxtpx:TrackPointExtension>
            <gpxtpx:hr>114</gpxtpx:hr>
            <gpxtpx:cad>74</gpxtpx:cad>
            <gpxtpx:atemp>292.65</gpxtpx:atemp>
          </gpxtpx:TrackPointExtension>
        </extensions>
      </trkpt>
      <trkpt lat="30.585023" lon="34.680421">
        <ele>882.3</ele>
        <time>2026-04-07T04:24:39.000Z</time>
        <extensions>
          <gpxtpx:TrackPointExtension>
            <gpxtpx:hr>116</gpxtpx:hr>
            <gpxtpx:cad>75</gpxtpx:cad>
            <gpxtpx:atemp>292.65</gpxtpx:atemp>
          </gpxtpx:TrackPointExtension>
        </extensions>
      </trkpt>
      <trkpt lat="30.584869" lon="34.680262">
        <ele>882.3</ele>
        <time>2026-04-07T04:24:48.000Z</time>
        <extensions>
          <gpxtpx:TrackPointExtension>
            <gpxtpx:hr>125</gpxtpx:hr>
            <gpxtpx:cad>77</gpxtpx:cad>
            <gpxtpx:atemp>291.65</gpxtpx:atemp>
          </gpxtpx:TrackPointExtension>
        </extensions>
      </trkpt>
      <trkpt lat="30.584747" lon="34.680054">
        <ele>883.8</ele>
        <time>2026-04-07T04:24:58.000Z</time>
        <extensions>
          <gpxtpx:TrackPointExtension>
            <gpxtpx:hr>132</gpxtpx:hr>
            <gpxtpx:cad>78</gpxtpx:cad>
            <gpxtpx:atemp>291.65</gpxtpx:atemp>
          </gpxtpx:TrackPointExtension>
        </extensions>
      </trkpt>
      <trkpt lat="30.584701" lon="34.680003">
        <ele>884.1</ele>
        <time>2026-04-07T04:25:01.000Z</time>
        <extensions>
          <gpxtpx:TrackPointExtension>
            <gpxtpx:hr>133</gpxtpx:hr>
            <gpxtpx:cad>78</gpxtpx:cad>
            <gpxtpx:atemp>291.65</gpxtpx:atemp>
          </gpxtpx:TrackPointExtension>
        </extensions>
      </trkpt>
      <trkpt lat="30.584581" lon="34.679820">
        <ele>886.4</ele>
        <time>2026-04-07T04:25:11.000Z</time>
        <extensions>
          <gpxtpx:TrackPointExtension>
            <gpxtpx:hr>134</gpxtpx:hr>
            <gpxtpx:cad>73</gpxtpx:cad>
            <gpxtpx:atemp>291.65</gpxtpx:atemp>
          </gpxtpx:TrackPointExtension>
        </extensions>
      </trkpt>
      <trkpt lat="30.584462" lon="34.679706">
        <ele>887.3</ele>
        <time>2026-04-07T04:25:20.000Z</time>
        <extensions>
          <gpxtpx:TrackPointExtension>
            <gpxtpx:hr>138</gpxtpx:hr>
            <gpxtpx:cad>76</gpxtpx:cad>
            <gpxtpx:atemp>291.65</gpxtpx:atemp>
          </gpxtpx:TrackPointExtension>
        </extensions>
      </trkpt>
      <trkpt lat="30.584444" lon="34.679669">
        <ele>887.8</ele>
        <time>2026-04-07T04:25:22.000Z</time>
        <extensions>
          <gpxtpx:TrackPointExtension>
            <gpxtpx:hr>138</gpxtpx:hr>
            <gpxtpx:cad>76</gpxtpx:cad>
            <gpxtpx:atemp>291.65</gpxtpx:atemp>
          </gpxtpx:TrackPointExtension>
        </extensions>
      </trkpt>
      <trkpt lat="30.584397" lon="34.679616">
        <ele>888.5</ele>
        <time>2026-04-07T04:25:26.000Z</time>
        <extensions>
          <gpxtpx:TrackPointExtension>
            <gpxtpx:hr>138</gpxtpx:hr>
            <gpxtpx:cad>75</gpxtpx:cad>
            <gpxtpx:atemp>291.65</gpxtpx:atemp>
          </gpxtpx:TrackPointExtension>
        </extensions>
      </trkpt>
      <trkpt lat="30.584229" lon="34.679487">
        <ele>890.2</ele>
        <time>2026-04-07T04:25:39.000Z</time>
        <extensions>
          <gpxtpx:TrackPointExtension>
            <gpxtpx:hr>143</gpxtpx:hr>
            <gpxtpx:cad>73</gpxtpx:cad>
            <gpxtpx:atemp>291.65</gpxtpx:atemp>
          </gpxtpx:TrackPointExtension>
        </extensions>
      </trkpt>
      <trkpt lat="30.584205" lon="34.679449">
        <ele>890.7</ele>
        <time>2026-04-07T04:25:43.000Z</time>
        <extensions>
          <gpxtpx:TrackPointExtension>
            <gpxtpx:hr>145</gpxtpx:hr>
            <gpxtpx:cad>75</gpxtpx:cad>
            <gpxtpx:atemp>291.65</gpxtpx:atemp>
          </gpxtpx:TrackPointExtension>
        </extensions>
      </trkpt>
      <trkpt lat="30.584131" lon="34.679380">
        <ele>891.8</ele>
        <time>2026-04-07T04:25:51.000Z</time>
        <extensions>
          <gpxtpx:TrackPointExtension>
            <gpxtpx:hr>143</gpxtpx:hr>
            <gpxtpx:cad>55</gpxtpx:cad>
            <gpxtpx:atemp>292.65</gpxtpx:atemp>
          </gpxtpx:TrackPointExtension>
        </extensions>
      </trkpt>
      <trkpt lat="30.584097" lon="34.679372">
        <ele>891.9</ele>
        <time>2026-04-07T04:25:55.000Z</time>
        <extensions>
          <gpxtpx:TrackPointExtension>
            <gpxtpx:hr>144</gpxtpx:hr>
            <gpxtpx:cad>54</gpxtpx:cad>
            <gpxtpx:atemp>292.65</gpxtpx:atemp>
          </gpxtpx:TrackPointExtension>
        </extensions>
      </trkpt>
      <trkpt lat="30.584013" lon="34.679313">
        <ele>892.8</ele>
        <time>2026-04-07T04:26:04.000Z</time>
        <extensions>
          <gpxtpx:TrackPointExtension>
            <gpxtpx:hr>143</gpxtpx:hr>
            <gpxtpx:cad>50</gpxtpx:cad>
            <gpxtpx:atemp>292.65</gpxtpx:atemp>
          </gpxtpx:TrackPointExtension>
        </extensions>
      </trkpt>
      <trkpt lat="30.583961" lon="34.679246">
        <ele>893.4</ele>
        <time>2026-04-07T04:26:11.000Z</time>
        <extensions>
          <gpxtpx:TrackPointExtension>
            <gpxtpx:hr>142</gpxtpx:hr>
            <gpxtpx:cad>53</gpxtpx:cad>
            <gpxtpx:atemp>292.65</gpxtpx:atemp>
          </gpxtpx:TrackPointExtension>
        </extensions>
      </trkpt>
      <trkpt lat="30.583897" lon="34.679213">
        <ele>893.6</ele>
        <time>2026-04-07T04:26:17.000Z</time>
        <extensions>
          <gpxtpx:TrackPointExtension>
            <gpxtpx:hr>141</gpxtpx:hr>
            <gpxtpx:cad>53</gpxtpx:cad>
            <gpxtpx:atemp>292.65</gpxtpx:atemp>
          </gpxtpx:TrackPointExtension>
        </extensions>
      </trkpt>
      <trkpt lat="30.583867" lon="34.679187">
        <ele>893.8</ele>
        <time>2026-04-07T04:26:20.000Z</time>
        <extensions>
          <gpxtpx:TrackPointExtension>
            <gpxtpx:hr>141</gpxtpx:hr>
            <gpxtpx:cad>55</gpxtpx:cad>
            <gpxtpx:atemp>292.65</gpxtpx:atemp>
          </gpxtpx:TrackPointExtension>
        </extensions>
      </trkpt>
      <trkpt lat="30.583749" lon="34.679048">
        <ele>895.6</ele>
        <time>2026-04-07T04:26:32.000Z</time>
        <extensions>
          <gpxtpx:TrackPointExtension>
            <gpxtpx:hr>136</gpxtpx:hr>
            <gpxtpx:cad>69</gpxtpx:cad>
            <gpxtpx:atemp>292.65</gpxtpx:atemp>
          </gpxtpx:TrackPointExtension>
        </extensions>
      </trkpt>
      <trkpt lat="30.583638" lon="34.678976">
        <ele>895.2</ele>
        <time>2026-04-07T04:26:41.000Z</time>
        <extensions>
          <gpxtpx:TrackPointExtension>
            <gpxtpx:hr>135</gpxtpx:hr>
            <gpxtpx:cad>0</gpxtpx:cad>
            <gpxtpx:atemp>292.65</gpxtpx:atemp>
          </gpxtpx:TrackPointExtension>
        </extensions>
      </trkpt>
      <trkpt lat="30.583530" lon="34.678875">
        <ele>895.5</ele>
        <time>2026-04-07T04:26:49.000Z</time>
        <extensions>
          <gpxtpx:TrackPointExtension>
            <gpxtpx:hr>136</gpxtpx:hr>
            <gpxtpx:cad>75</gpxtpx:cad>
            <gpxtpx:atemp>292.65</gpxtpx:atemp>
          </gpxtpx:TrackPointExtension>
        </extensions>
      </trkpt>
      <trkpt lat="30.583457" lon="34.678798">
        <ele>895.8</ele>
        <time>2026-04-07T04:26:57.000Z</time>
        <extensions>
          <gpxtpx:TrackPointExtension>
            <gpxtpx:hr>136</gpxtpx:hr>
            <gpxtpx:cad>59</gpxtpx:cad>
            <gpxtpx:atemp>292.65</gpxtpx:atemp>
          </gpxtpx:TrackPointExtension>
        </extensions>
      </trkpt>
      <trkpt lat="30.583377" lon="34.678647">
        <ele>896.0</ele>
        <time>2026-04-07T04:27:09.000Z</time>
        <extensions>
          <gpxtpx:TrackPointExtension>
            <gpxtpx:hr>133</gpxtpx:hr>
            <gpxtpx:cad>54</gpxtpx:cad>
            <gpxtpx:atemp>292.65</gpxtpx:atemp>
          </gpxtpx:TrackPointExtension>
        </extensions>
      </trkpt>
      <trkpt lat="30.583376" lon="34.678626">
        <ele>896.2</ele>
        <time>2026-04-07T04:27:12.000Z</time>
        <extensions>
          <gpxtpx:TrackPointExtension>
            <gpxtpx:hr>133</gpxtpx:hr>
            <gpxtpx:cad>0</gpxtpx:cad>
            <gpxtpx:atemp>292.65</gpxtpx:atemp>
          </gpxtpx:TrackPointExtension>
        </extensions>
      </trkpt>
      <trkpt lat="30.583318" lon="34.678530">
        <ele>896.4</ele>
        <time>2026-04-07T04:27:20.000Z</time>
        <extensions>
          <gpxtpx:TrackPointExtension>
            <gpxtpx:hr>134</gpxtpx:hr>
            <gpxtpx:cad>56</gpxtpx:cad>
            <gpxtpx:atemp>292.65</gpxtpx:atemp>
          </gpxtpx:TrackPointExtension>
        </extensions>
      </trkpt>
      <trkpt lat="30.583288" lon="34.678422">
        <ele>897.3</ele>
        <time>2026-04-07T04:27:27.000Z</time>
        <extensions>
          <gpxtpx:TrackPointExtension>
            <gpxtpx:hr>135</gpxtpx:hr>
            <gpxtpx:cad>55</gpxtpx:cad>
            <gpxtpx:atemp>292.65</gpxtpx:atemp>
          </gpxtpx:TrackPointExtension>
        </extensions>
      </trkpt>
      <trkpt lat="30.583242" lon="34.678325">
        <ele>897.8</ele>
        <time>2026-04-07T04:27:33.000Z</time>
        <extensions>
          <gpxtpx:TrackPointExtension>
            <gpxtpx:hr>136</gpxtpx:hr>
            <gpxtpx:cad>74</gpxtpx:cad>
            <gpxtpx:atemp>292.65</gpxtpx:atemp>
          </gpxtpx:TrackPointExtension>
        </extensions>
      </trkpt>
      <trkpt lat="30.583235" lon="34.678288">
        <ele>898.2</ele>
        <time>2026-04-07T04:27:35.000Z</time>
        <extensions>
          <gpxtpx:TrackPointExtension>
            <gpxtpx:hr>136</gpxtpx:hr>
            <gpxtpx:cad>75</gpxtpx:cad>
            <gpxtpx:atemp>292.65</gpxtpx:atemp>
          </gpxtpx:TrackPointExtension>
        </extensions>
      </trkpt>
      <trkpt lat="30.583238" lon="34.678180">
        <ele>899.6</ele>
        <time>2026-04-07T04:27:41.000Z</time>
        <extensions>
          <gpxtpx:TrackPointExtension>
            <gpxtpx:hr>135</gpxtpx:hr>
            <gpxtpx:cad>75</gpxtpx:cad>
            <gpxtpx:atemp>292.65</gpxtpx:atemp>
          </gpxtpx:TrackPointExtension>
        </extensions>
      </trkpt>
      <trkpt lat="30.583226" lon="34.678116">
        <ele>899.8</ele>
        <time>2026-04-07T04:27:45.000Z</time>
        <extensions>
          <gpxtpx:TrackPointExtension>
            <gpxtpx:hr>135</gpxtpx:hr>
            <gpxtpx:cad>72</gpxtpx:cad>
            <gpxtpx:atemp>292.65</gpxtpx:atemp>
          </gpxtpx:TrackPointExtension>
        </extensions>
      </trkpt>
      <trkpt lat="30.583190" lon="34.678037">
        <ele>900.1</ele>
        <time>2026-04-07T04:27:49.000Z</time>
        <extensions>
          <gpxtpx:TrackPointExtension>
            <gpxtpx:hr>134</gpxtpx:hr>
            <gpxtpx:cad>72</gpxtpx:cad>
            <gpxtpx:atemp>292.65</gpxtpx:atemp>
          </gpxtpx:TrackPointExtension>
        </extensions>
      </trkpt>
      <trkpt lat="30.583127" lon="34.677969">
        <ele>899.8</ele>
        <time>2026-04-07T04:27:56.000Z</time>
        <extensions>
          <gpxtpx:TrackPointExtension>
            <gpxtpx:hr>133</gpxtpx:hr>
            <gpxtpx:cad>55</gpxtpx:cad>
            <gpxtpx:atemp>292.65</gpxtpx:atemp>
          </gpxtpx:TrackPointExtension>
        </extensions>
      </trkpt>
      <trkpt lat="30.583099" lon="34.677966">
        <ele>899.5</ele>
        <time>2026-04-07T04:27:58.000Z</time>
        <extensions>
          <gpxtpx:TrackPointExtension>
            <gpxtpx:hr>133</gpxtpx:hr>
            <gpxtpx:cad>53</gpxtpx:cad>
            <gpxtpx:atemp>292.65</gpxtpx:atemp>
          </gpxtpx:TrackPointExtension>
        </extensions>
      </trkpt>
      <trkpt lat="30.582997" lon="34.677904">
        <ele>899.0</ele>
        <time>2026-04-07T04:28:04.000Z</time>
        <extensions>
          <gpxtpx:TrackPointExtension>
            <gpxtpx:hr>133</gpxtpx:hr>
            <gpxtpx:cad>76</gpxtpx:cad>
            <gpxtpx:atemp>292.65</gpxtpx:atemp>
          </gpxtpx:TrackPointExtension>
        </extensions>
      </trkpt>
      <trkpt lat="30.582892" lon="34.677870">
        <ele>898.3</ele>
        <time>2026-04-07T04:28:10.000Z</time>
        <extensions>
          <gpxtpx:TrackPointExtension>
            <gpxtpx:hr>132</gpxtpx:hr>
            <gpxtpx:cad>77</gpxtpx:cad>
            <gpxtpx:atemp>292.65</gpxtpx:atemp>
          </gpxtpx:TrackPointExtension>
        </extensions>
      </trkpt>
      <trkpt lat="30.582819" lon="34.677823">
        <ele>898.1</ele>
        <time>2026-04-07T04:28:15.000Z</time>
        <extensions>
          <gpxtpx:TrackPointExtension>
            <gpxtpx:hr>132</gpxtpx:hr>
            <gpxtpx:cad>76</gpxtpx:cad>
            <gpxtpx:atemp>292.65</gpxtpx:atemp>
          </gpxtpx:TrackPointExtension>
        </extensions>
      </trkpt>
      <trkpt lat="30.582721" lon="34.677777">
        <ele>897.8</ele>
        <time>2026-04-07T04:28:23.000Z</time>
        <extensions>
          <gpxtpx:TrackPointExtension>
            <gpxtpx:hr>132</gpxtpx:hr>
            <gpxtpx:cad>73</gpxtpx:cad>
            <gpxtpx:atemp>292.65</gpxtpx:atemp>
          </gpxtpx:TrackPointExtension>
        </extensions>
      </trkpt>
      <trkpt lat="30.582681" lon="34.677775">
        <ele>897.4</ele>
        <time>2026-04-07T04:28:27.000Z</time>
        <extensions>
          <gpxtpx:TrackPointExtension>
            <gpxtpx:hr>131</gpxtpx:hr>
            <gpxtpx:cad>73</gpxtpx:cad>
            <gpxtpx:atemp>292.65</gpxtpx:atemp>
          </gpxtpx:TrackPointExtension>
        </extensions>
      </trkpt>
      <trkpt lat="30.582521" lon="34.677716">
        <ele>897.0</ele>
        <time>2026-04-07T04:28:37.000Z</time>
        <extensions>
          <gpxtpx:TrackPointExtension>
            <gpxtpx:hr>129</gpxtpx:hr>
            <gpxtpx:cad>74</gpxtpx:cad>
            <gpxtpx:atemp>292.65</gpxtpx:atemp>
          </gpxtpx:TrackPointExtension>
        </extensions>
      </trkpt>
      <trkpt lat="30.582456" lon="34.677680">
        <ele>897.1</ele>
        <time>2026-04-07T04:28:41.000Z</time>
        <extensions>
          <gpxtpx:TrackPointExtension>
            <gpxtpx:hr>131</gpxtpx:hr>
            <gpxtpx:cad>73</gpxtpx:cad>
            <gpxtpx:atemp>292.65</gpxtpx:atemp>
          </gpxtpx:TrackPointExtension>
        </extensions>
      </trkpt>
      <trkpt lat="30.582333" lon="34.677546">
        <ele>897.2</ele>
        <time>2026-04-07T04:28:51.000Z</time>
        <extensions>
          <gpxtpx:TrackPointExtension>
            <gpxtpx:hr>131</gpxtpx:hr>
            <gpxtpx:cad>75</gpxtpx:cad>
            <gpxtpx:atemp>292.65</gpxtpx:atemp>
          </gpxtpx:TrackPointExtension>
        </extensions>
      </trkpt>
      <trkpt lat="30.582291" lon="34.677461">
        <ele>897.3</ele>
        <time>2026-04-07T04:28:56.000Z</time>
        <extensions>
          <gpxtpx:TrackPointExtension>
            <gpxtpx:hr>130</gpxtpx:hr>
            <gpxtpx:cad>75</gpxtpx:cad>
            <gpxtpx:atemp>292.65</gpxtpx:atemp>
          </gpxtpx:TrackPointExtension>
        </extensions>
      </trkpt>
      <trkpt lat="30.582238" lon="34.677372">
        <ele>897.5</ele>
        <time>2026-04-07T04:29:02.000Z</time>
        <extensions>
          <gpxtpx:TrackPointExtension>
            <gpxtpx:hr>130</gpxtpx:hr>
            <gpxtpx:cad>76</gpxtpx:cad>
            <gpxtpx:atemp>292.65</gpxtpx:atemp>
          </gpxtpx:TrackPointExtension>
        </extensions>
      </trkpt>
      <trkpt lat="30.582156" lon="34.677237">
        <ele>897.6</ele>
        <time>2026-04-07T04:29:10.000Z</time>
        <extensions>
          <gpxtpx:TrackPointExtension>
            <gpxtpx:hr>132</gpxtpx:hr>
            <gpxtpx:cad>75</gpxtpx:cad>
            <gpxtpx:atemp>292.65</gpxtpx:atemp>
          </gpxtpx:TrackPointExtension>
        </extensions>
      </trkpt>
      <trkpt lat="30.582113" lon="34.677204">
        <ele>897.6</ele>
        <time>2026-04-07T04:29:13.000Z</time>
        <extensions>
          <gpxtpx:TrackPointExtension>
            <gpxtpx:hr>132</gpxtpx:hr>
            <gpxtpx:cad>76</gpxtpx:cad>
            <gpxtpx:atemp>292.65</gpxtpx:atemp>
          </gpxtpx:TrackPointExtension>
        </extensions>
      </trkpt>
      <trkpt lat="30.582056" lon="34.677192">
        <ele>897.6</ele>
        <time>2026-04-07T04:29:16.000Z</time>
        <extensions>
          <gpxtpx:TrackPointExtension>
            <gpxtpx:hr>133</gpxtpx:hr>
            <gpxtpx:cad>76</gpxtpx:cad>
            <gpxtpx:atemp>292.65</gpxtpx:atemp>
          </gpxtpx:TrackPointExtension>
        </extensions>
      </trkpt>
      <trkpt lat="30.581915" lon="34.677080">
        <ele>898.0</ele>
        <time>2026-04-07T04:29:27.000Z</time>
        <extensions>
          <gpxtpx:TrackPointExtension>
            <gpxtpx:hr>132</gpxtpx:hr>
            <gpxtpx:cad>76</gpxtpx:cad>
            <gpxtpx:atemp>292.65</gpxtpx:atemp>
          </gpxtpx:TrackPointExtension>
        </extensions>
      </trkpt>
      <trkpt lat="30.581871" lon="34.677029">
        <ele>898.1</ele>
        <time>2026-04-07T04:29:31.000Z</time>
        <extensions>
          <gpxtpx:TrackPointExtension>
            <gpxtpx:hr>133</gpxtpx:hr>
            <gpxtpx:cad>0</gpxtpx:cad>
            <gpxtpx:atemp>292.65</gpxtpx:atemp>
          </gpxtpx:TrackPointExtension>
        </extensions>
      </trkpt>
      <trkpt lat="30.581797" lon="34.676983">
        <ele>898.4</ele>
        <time>2026-04-07T04:29:36.000Z</time>
        <extensions>
          <gpxtpx:TrackPointExtension>
            <gpxtpx:hr>133</gpxtpx:hr>
            <gpxtpx:cad>73</gpxtpx:cad>
            <gpxtpx:atemp>292.65</gpxtpx:atemp>
          </gpxtpx:TrackPointExtension>
        </extensions>
      </trkpt>
      <trkpt lat="30.581684" lon="34.676887">
        <ele>898.7</ele>
        <time>2026-04-07T04:29:44.000Z</time>
        <extensions>
          <gpxtpx:TrackPointExtension>
            <gpxtpx:hr>135</gpxtpx:hr>
            <gpxtpx:cad>76</gpxtpx:cad>
            <gpxtpx:atemp>292.65</gpxtpx:atemp>
          </gpxtpx:TrackPointExtension>
        </extensions>
      </trkpt>
      <trkpt lat="30.581614" lon="34.676779">
        <ele>899.2</ele>
        <time>2026-04-07T04:29:52.000Z</time>
        <extensions>
          <gpxtpx:TrackPointExtension>
            <gpxtpx:hr>135</gpxtpx:hr>
            <gpxtpx:cad>75</gpxtpx:cad>
            <gpxtpx:atemp>292.65</gpxtpx:atemp>
          </gpxtpx:TrackPointExtension>
        </extensions>
      </trkpt>
      <trkpt lat="30.581560" lon="34.676716">
        <ele>899.6</ele>
        <time>2026-04-07T04:29:58.000Z</time>
        <extensions>
          <gpxtpx:TrackPointExtension>
            <gpxtpx:hr>137</gpxtpx:hr>
            <gpxtpx:cad>0</gpxtpx:cad>
            <gpxtpx:atemp>292.65</gpxtpx:atemp>
          </gpxtpx:TrackPointExtension>
        </extensions>
      </trkpt>
      <trkpt lat="30.581432" lon="34.676583">
        <ele>900.9</ele>
        <time>2026-04-07T04:30:09.000Z</time>
        <extensions>
          <gpxtpx:TrackPointExtension>
            <gpxtpx:hr>138</gpxtpx:hr>
            <gpxtpx:cad>74</gpxtpx:cad>
            <gpxtpx:atemp>292.65</gpxtpx:atemp>
          </gpxtpx:TrackPointExtension>
        </extensions>
      </trkpt>
      <trkpt lat="30.581418" lon="34.676573">
        <ele>901.0</ele>
        <time>2026-04-07T04:30:10.000Z</time>
        <extensions>
          <gpxtpx:TrackPointExtension>
            <gpxtpx:hr>138</gpxtpx:hr>
            <gpxtpx:cad>73</gpxtpx:cad>
            <gpxtpx:atemp>292.65</gpxtpx:atemp>
          </gpxtpx:TrackPointExtension>
        </extensions>
      </trkpt>
      <trkpt lat="30.581364" lon="34.676500">
        <ele>901.8</ele>
        <time>2026-04-07T04:30:16.000Z</time>
        <extensions>
          <gpxtpx:TrackPointExtension>
            <gpxtpx:hr>140</gpxtpx:hr>
            <gpxtpx:cad>72</gpxtpx:cad>
            <gpxtpx:atemp>292.65</gpxtpx:atemp>
          </gpxtpx:TrackPointExtension>
        </extensions>
      </trkpt>
      <trkpt lat="30.581303" lon="34.676363">
        <ele>903.5</ele>
        <time>2026-04-07T04:30:28.000Z</time>
        <extensions>
          <gpxtpx:TrackPointExtension>
            <gpxtpx:hr>140</gpxtpx:hr>
            <gpxtpx:cad>57</gpxtpx:cad>
            <gpxtpx:atemp>292.65</gpxtpx:atemp>
          </gpxtpx:TrackPointExtension>
        </extensions>
      </trkpt>
      <trkpt lat="30.581259" lon="34.676230">
        <ele>905.2</ele>
        <time>2026-04-07T04:30:40.000Z</time>
        <extensions>
          <gpxtpx:TrackPointExtension>
            <gpxtpx:hr>140</gpxtpx:hr>
            <gpxtpx:cad>56</gpxtpx:cad>
            <gpxtpx:atemp>292.65</gpxtpx:atemp>
          </gpxtpx:TrackPointExtension>
        </extensions>
      </trkpt>
      <trkpt lat="30.581232" lon="34.676186">
        <ele>905.7</ele>
        <time>2026-04-07T04:30:44.000Z</time>
        <extensions>
          <gpxtpx:TrackPointExtension>
            <gpxtpx:hr>140</gpxtpx:hr>
            <gpxtpx:cad>55</gpxtpx:cad>
            <gpxtpx:atemp>292.65</gpxtpx:atemp>
          </gpxtpx:TrackPointExtension>
        </extensions>
      </trkpt>
      <trkpt lat="30.581213" lon="34.676130">
        <ele>906.3</ele>
        <time>2026-04-07T04:30:49.000Z</time>
        <extensions>
          <gpxtpx:TrackPointExtension>
            <gpxtpx:hr>140</gpxtpx:hr>
            <gpxtpx:cad>54</gpxtpx:cad>
            <gpxtpx:atemp>292.65</gpxtpx:atemp>
          </gpxtpx:TrackPointExtension>
        </extensions>
      </trkpt>
      <trkpt lat="30.581225" lon="34.675943">
        <ele>908.2</ele>
        <time>2026-04-07T04:31:05.000Z</time>
        <extensions>
          <gpxtpx:TrackPointExtension>
            <gpxtpx:hr>139</gpxtpx:hr>
            <gpxtpx:cad>53</gpxtpx:cad>
            <gpxtpx:atemp>292.65</gpxtpx:atemp>
          </gpxtpx:TrackPointExtension>
        </extensions>
      </trkpt>
      <trkpt lat="30.581223" lon="34.675894">
        <ele>908.6</ele>
        <time>2026-04-07T04:31:10.000Z</time>
        <extensions>
          <gpxtpx:TrackPointExtension>
            <gpxtpx:hr>139</gpxtpx:hr>
            <gpxtpx:cad>55</gpxtpx:cad>
            <gpxtpx:atemp>292.65</gpxtpx:atemp>
          </gpxtpx:TrackPointExtension>
        </extensions>
      </trkpt>
      <trkpt lat="30.581219" lon="34.675694">
        <ele>910.1</ele>
        <time>2026-04-07T04:31:30.000Z</time>
        <extensions>
          <gpxtpx:TrackPointExtension>
            <gpxtpx:hr>142</gpxtpx:hr>
            <gpxtpx:cad>53</gpxtpx:cad>
            <gpxtpx:atemp>292.65</gpxtpx:atemp>
          </gpxtpx:TrackPointExtension>
        </extensions>
      </trkpt>
      <trkpt lat="30.581182" lon="34.675563">
        <ele>911.2</ele>
        <time>2026-04-07T04:31:42.000Z</time>
        <extensions>
          <gpxtpx:TrackPointExtension>
            <gpxtpx:hr>140</gpxtpx:hr>
            <gpxtpx:cad>54</gpxtpx:cad>
            <gpxtpx:atemp>292.65</gpxtpx:atemp>
          </gpxtpx:TrackPointExtension>
        </extensions>
      </trkpt>
      <trkpt lat="30.581169" lon="34.675507">
        <ele>911.6</ele>
        <time>2026-04-07T04:31:46.000Z</time>
        <extensions>
          <gpxtpx:TrackPointExtension>
            <gpxtpx:hr>140</gpxtpx:hr>
            <gpxtpx:cad>50</gpxtpx:cad>
            <gpxtpx:atemp>292.65</gpxtpx:atemp>
          </gpxtpx:TrackPointExtension>
        </extensions>
      </trkpt>
      <trkpt lat="30.581138" lon="34.675463">
        <ele>912.1</ele>
        <time>2026-04-07T04:31:50.000Z</time>
        <extensions>
          <gpxtpx:TrackPointExtension>
            <gpxtpx:hr>140</gpxtpx:hr>
            <gpxtpx:cad>54</gpxtpx:cad>
            <gpxtpx:atemp>292.65</gpxtpx:atemp>
          </gpxtpx:TrackPointExtension>
        </extensions>
      </trkpt>
      <trkpt lat="30.581117" lon="34.675393">
        <ele>912.6</ele>
        <time>2026-04-07T04:31:55.000Z</time>
        <extensions>
          <gpxtpx:TrackPointExtension>
            <gpxtpx:hr>140</gpxtpx:hr>
            <gpxtpx:cad>53</gpxtpx:cad>
            <gpxtpx:atemp>291.65</gpxtpx:atemp>
          </gpxtpx:TrackPointExtension>
        </extensions>
      </trkpt>
      <trkpt lat="30.581077" lon="34.675320">
        <ele>913.3</ele>
        <time>2026-04-07T04:32:00.000Z</time>
        <extensions>
          <gpxtpx:TrackPointExtension>
            <gpxtpx:hr>139</gpxtpx:hr>
            <gpxtpx:cad>0</gpxtpx:cad>
            <gpxtpx:atemp>291.65</gpxtpx:atemp>
          </gpxtpx:TrackPointExtension>
        </extensions>
      </trkpt>
      <trkpt lat="30.581071" lon="34.675291">
        <ele>913.5</ele>
        <time>2026-04-07T04:32:02.000Z</time>
        <extensions>
          <gpxtpx:TrackPointExtension>
            <gpxtpx:hr>138</gpxtpx:hr>
            <gpxtpx:cad>0</gpxtpx:cad>
            <gpxtpx:atemp>291.65</gpxtpx:atemp>
          </gpxtpx:TrackPointExtension>
        </extensions>
      </trkpt>
      <trkpt lat="30.580999" lon="34.675108">
        <ele>915.1</ele>
        <time>2026-04-07T04:32:15.000Z</time>
        <extensions>
          <gpxtpx:TrackPointExtension>
            <gpxtpx:hr>137</gpxtpx:hr>
            <gpxtpx:cad>57</gpxtpx:cad>
            <gpxtpx:atemp>291.65</gpxtpx:atemp>
          </gpxtpx:TrackPointExtension>
        </extensions>
      </trkpt>
      <trkpt lat="30.581005" lon="34.674963">
        <ele>916.1</ele>
        <time>2026-04-07T04:32:23.000Z</time>
        <extensions>
          <gpxtpx:TrackPointExtension>
            <gpxtpx:hr>134</gpxtpx:hr>
            <gpxtpx:cad>0</gpxtpx:cad>
            <gpxtpx:atemp>291.65</gpxtpx:atemp>
          </gpxtpx:TrackPointExtension>
        </extensions>
      </trkpt>
      <trkpt lat="30.580971" lon="34.674816">
        <ele>917.2</ele>
        <time>2026-04-07T04:32:32.000Z</time>
        <extensions>
          <gpxtpx:TrackPointExtension>
            <gpxtpx:hr>131</gpxtpx:hr>
            <gpxtpx:cad>66</gpxtpx:cad>
            <gpxtpx:atemp>291.65</gpxtpx:atemp>
          </gpxtpx:TrackPointExtension>
        </extensions>
      </trkpt>
      <trkpt lat="30.580925" lon="34.674744">
        <ele>917.6</ele>
        <time>2026-04-07T04:32:39.000Z</time>
        <extensions>
          <gpxtpx:TrackPointExtension>
            <gpxtpx:hr>129</gpxtpx:hr>
            <gpxtpx:cad>56</gpxtpx:cad>
            <gpxtpx:atemp>291.65</gpxtpx:atemp>
          </gpxtpx:TrackPointExtension>
        </extensions>
      </trkpt>
      <trkpt lat="30.580889" lon="34.674649">
        <ele>918.1</ele>
        <time>2026-04-07T04:32:46.000Z</time>
        <extensions>
          <gpxtpx:TrackPointExtension>
            <gpxtpx:hr>128</gpxtpx:hr>
            <gpxtpx:cad>55</gpxtpx:cad>
            <gpxtpx:atemp>291.65</gpxtpx:atemp>
          </gpxtpx:TrackPointExtension>
        </extensions>
      </trkpt>
      <trkpt lat="30.580773" lon="34.674533">
        <ele>918.8</ele>
        <time>2026-04-07T04:32:58.000Z</time>
        <extensions>
          <gpxtpx:TrackPointExtension>
            <gpxtpx:hr>125</gpxtpx:hr>
            <gpxtpx:cad>56</gpxtpx:cad>
            <gpxtpx:atemp>291.65</gpxtpx:atemp>
          </gpxtpx:TrackPointExtension>
        </extensions>
      </trkpt>
      <trkpt lat="30.580658" lon="34.674415">
        <ele>919.7</ele>
        <time>2026-04-07T04:33:08.000Z</time>
        <extensions>
          <gpxtpx:TrackPointExtension>
            <gpxtpx:hr>123</gpxtpx:hr>
            <gpxtpx:cad>70</gpxtpx:cad>
            <gpxtpx:atemp>291.65</gpxtpx:atemp>
          </gpxtpx:TrackPointExtension>
        </extensions>
      </trkpt>
      <trkpt lat="30.580640" lon="34.674387">
        <ele>919.9</ele>
        <time>2026-04-07T04:33:10.000Z</time>
        <extensions>
          <gpxtpx:TrackPointExtension>
            <gpxtpx:hr>122</gpxtpx:hr>
            <gpxtpx:cad>67</gpxtpx:cad>
            <gpxtpx:atemp>291.65</gpxtpx:atemp>
          </gpxtpx:TrackPointExtension>
        </extensions>
      </trkpt>
      <trkpt lat="30.580622" lon="34.674208">
        <ele>920.0</ele>
        <time>2026-04-07T04:33:21.000Z</time>
        <extensions>
          <gpxtpx:TrackPointExtension>
            <gpxtpx:hr>119</gpxtpx:hr>
            <gpxtpx:cad>71</gpxtpx:cad>
            <gpxtpx:atemp>291.65</gpxtpx:atemp>
          </gpxtpx:TrackPointExtension>
        </extensions>
      </trkpt>
      <trkpt lat="30.580629" lon="34.674110">
        <ele>919.7</ele>
        <time>2026-04-07T04:33:26.000Z</time>
        <extensions>
          <gpxtpx:TrackPointExtension>
            <gpxtpx:hr>118</gpxtpx:hr>
            <gpxtpx:cad>71</gpxtpx:cad>
            <gpxtpx:atemp>291.65</gpxtpx:atemp>
          </gpxtpx:TrackPointExtension>
        </extensions>
      </trkpt>
      <trkpt lat="30.580648" lon="34.673937">
        <ele>919.0</ele>
        <time>2026-04-07T04:33:34.000Z</time>
        <extensions>
          <gpxtpx:TrackPointExtension>
            <gpxtpx:hr>120</gpxtpx:hr>
            <gpxtpx:cad>76</gpxtpx:cad>
            <gpxtpx:atemp>291.65</gpxtpx:atemp>
          </gpxtpx:TrackPointExtension>
        </extensions>
      </trkpt>
      <trkpt lat="30.580645" lon="34.673775">
        <ele>918.3</ele>
        <time>2026-04-07T04:33:44.000Z</time>
        <extensions>
          <gpxtpx:TrackPointExtension>
            <gpxtpx:hr>120</gpxtpx:hr>
            <gpxtpx:cad>76</gpxtpx:cad>
            <gpxtpx:atemp>291.65</gpxtpx:atemp>
          </gpxtpx:TrackPointExtension>
        </extensions>
      </trkpt>
      <trkpt lat="30.580663" lon="34.673624">
        <ele>917.2</ele>
        <time>2026-04-07T04:34:09.000Z</time>
        <extensions>
          <gpxtpx:TrackPointExtension>
            <gpxtpx:hr>116</gpxtpx:hr>
            <gpxtpx:cad>0</gpxtpx:cad>
            <gpxtpx:atemp>292.65</gpxtpx:atemp>
          </gpxtpx:TrackPointExtension>
        </extensions>
      </trkpt>
      <trkpt lat="30.580661" lon="34.673587">
        <ele>916.9</ele>
        <time>2026-04-07T04:34:13.000Z</time>
        <extensions>
          <gpxtpx:TrackPointExtension>
            <gpxtpx:hr>114</gpxtpx:hr>
            <gpxtpx:cad>68</gpxtpx:cad>
            <gpxtpx:atemp>292.65</gpxtpx:atemp>
          </gpxtpx:TrackPointExtension>
        </extensions>
      </trkpt>
      <trkpt lat="30.580708" lon="34.673388">
        <ele>914.9</ele>
        <time>2026-04-07T04:34:25.000Z</time>
        <extensions>
          <gpxtpx:TrackPointExtension>
            <gpxtpx:hr>114</gpxtpx:hr>
            <gpxtpx:cad>70</gpxtpx:cad>
            <gpxtpx:atemp>292.65</gpxtpx:atemp>
          </gpxtpx:TrackPointExtension>
        </extensions>
      </trkpt>
      <trkpt lat="30.580764" lon="34.673236">
        <ele>912.7</ele>
        <time>2026-04-07T04:34:36.000Z</time>
        <extensions>
          <gpxtpx:TrackPointExtension>
            <gpxtpx:hr>109</gpxtpx:hr>
            <gpxtpx:cad>65</gpxtpx:cad>
            <gpxtpx:atemp>292.65</gpxtpx:atemp>
          </gpxtpx:TrackPointExtension>
        </extensions>
      </trkpt>
      <trkpt lat="30.580766" lon="34.673186">
        <ele>912.2</ele>
        <time>2026-04-07T04:34:40.000Z</time>
        <extensions>
          <gpxtpx:TrackPointExtension>
            <gpxtpx:hr>106</gpxtpx:hr>
            <gpxtpx:cad>0</gpxtpx:cad>
            <gpxtpx:atemp>292.65</gpxtpx:atemp>
          </gpxtpx:TrackPointExtension>
        </extensions>
      </trkpt>
      <trkpt lat="30.580748" lon="34.672975">
        <ele>910.8</ele>
        <time>2026-04-07T04:34:52.000Z</time>
        <extensions>
          <gpxtpx:TrackPointExtension>
            <gpxtpx:hr>109</gpxtpx:hr>
            <gpxtpx:cad>71</gpxtpx:cad>
            <gpxtpx:atemp>292.65</gpxtpx:atemp>
          </gpxtpx:TrackPointExtension>
        </extensions>
      </trkpt>
      <trkpt lat="30.580733" lon="34.672920">
        <ele>910.6</ele>
        <time>2026-04-07T04:34:56.000Z</time>
        <extensions>
          <gpxtpx:TrackPointExtension>
            <gpxtpx:hr>111</gpxtpx:hr>
            <gpxtpx:cad>70</gpxtpx:cad>
            <gpxtpx:atemp>292.65</gpxtpx:atemp>
          </gpxtpx:TrackPointExtension>
        </extensions>
      </trkpt>
      <trkpt lat="30.580748" lon="34.672765">
        <ele>909.9</ele>
        <time>2026-04-07T04:35:05.000Z</time>
        <extensions>
          <gpxtpx:TrackPointExtension>
            <gpxtpx:hr>112</gpxtpx:hr>
            <gpxtpx:cad>68</gpxtpx:cad>
            <gpxtpx:atemp>292.65</gpxtpx:atemp>
          </gpxtpx:TrackPointExtension>
        </extensions>
      </trkpt>
      <trkpt lat="30.580720" lon="34.672601">
        <ele>909.6</ele>
        <time>2026-04-07T04:35:15.000Z</time>
        <extensions>
          <gpxtpx:TrackPointExtension>
            <gpxtpx:hr>112</gpxtpx:hr>
            <gpxtpx:cad>72</gpxtpx:cad>
            <gpxtpx:atemp>292.65</gpxtpx:atemp>
          </gpxtpx:TrackPointExtension>
        </extensions>
      </trkpt>
      <trkpt lat="30.580725" lon="34.672542">
        <ele>909.3</ele>
        <time>2026-04-07T04:35:19.000Z</time>
        <extensions>
          <gpxtpx:TrackPointExtension>
            <gpxtpx:hr>114</gpxtpx:hr>
            <gpxtpx:cad>0</gpxtpx:cad>
            <gpxtpx:atemp>292.65</gpxtpx:atemp>
          </gpxtpx:TrackPointExtension>
        </extensions>
      </trkpt>
      <trkpt lat="30.580793" lon="34.672384">
        <ele>908.0</ele>
        <time>2026-04-07T04:35:30.000Z</time>
        <extensions>
          <gpxtpx:TrackPointExtension>
            <gpxtpx:hr>115</gpxtpx:hr>
            <gpxtpx:cad>59</gpxtpx:cad>
            <gpxtpx:atemp>291.65</gpxtpx:atemp>
          </gpxtpx:TrackPointExtension>
        </extensions>
      </trkpt>
      <trkpt lat="30.580883" lon="34.672225">
        <ele>906.8</ele>
        <time>2026-04-07T04:35:43.000Z</time>
        <extensions>
          <gpxtpx:TrackPointExtension>
            <gpxtpx:hr>113</gpxtpx:hr>
            <gpxtpx:cad>61</gpxtpx:cad>
            <gpxtpx:atemp>291.65</gpxtpx:atemp>
          </gpxtpx:TrackPointExtension>
        </extensions>
      </trkpt>
      <trkpt lat="30.580970" lon="34.672153">
        <ele>906.0</ele>
        <time>2026-04-07T04:35:52.000Z</time>
        <extensions>
          <gpxtpx:TrackPointExtension>
            <gpxtpx:hr>113</gpxtpx:hr>
            <gpxtpx:cad>56</gpxtpx:cad>
            <gpxtpx:atemp>291.65</gpxtpx:atemp>
          </gpxtpx:TrackPointExtension>
        </extensions>
      </trkpt>
      <trkpt lat="30.581039" lon="34.672128">
        <ele>905.7</ele>
        <time>2026-04-07T04:35:57.000Z</time>
        <extensions>
          <gpxtpx:TrackPointExtension>
            <gpxtpx:hr>112</gpxtpx:hr>
            <gpxtpx:cad>57</gpxtpx:cad>
            <gpxtpx:atemp>291.65</gpxtpx:atemp>
          </gpxtpx:TrackPointExtension>
        </extensions>
      </trkpt>
      <trkpt lat="30.581098" lon="34.672084">
        <ele>905.5</ele>
        <time>2026-04-07T04:36:02.000Z</time>
        <extensions>
          <gpxtpx:TrackPointExtension>
            <gpxtpx:hr>111</gpxtpx:hr>
            <gpxtpx:cad>65</gpxtpx:cad>
            <gpxtpx:atemp>291.65</gpxtpx:atemp>
          </gpxtpx:TrackPointExtension>
        </extensions>
      </trkpt>
      <trkpt lat="30.581163" lon="34.672073">
        <ele>905.4</ele>
        <time>2026-04-07T04:36:08.000Z</time>
        <extensions>
          <gpxtpx:TrackPointExtension>
            <gpxtpx:hr>112</gpxtpx:hr>
            <gpxtpx:cad>0</gpxtpx:cad>
            <gpxtpx:atemp>291.65</gpxtpx:atemp>
          </gpxtpx:TrackPointExtension>
        </extensions>
      </trkpt>
      <trkpt lat="30.581293" lon="34.672002">
        <ele>905.2</ele>
        <time>2026-04-07T04:36:16.000Z</time>
        <extensions>
          <gpxtpx:TrackPointExtension>
            <gpxtpx:hr>111</gpxtpx:hr>
            <gpxtpx:cad>70</gpxtpx:cad>
            <gpxtpx:atemp>292.65</gpxtpx:atemp>
          </gpxtpx:TrackPointExtension>
        </extensions>
      </trkpt>
      <trkpt lat="30.581351" lon="34.671983">
        <ele>905.1</ele>
        <time>2026-04-07T04:36:20.000Z</time>
        <extensions>
          <gpxtpx:TrackPointExtension>
            <gpxtpx:hr>114</gpxtpx:hr>
            <gpxtpx:cad>72</gpxtpx:cad>
            <gpxtpx:atemp>292.65</gpxtpx:atemp>
          </gpxtpx:TrackPointExtension>
        </extensions>
      </trkpt>
      <trkpt lat="30.581454" lon="34.671929">
        <ele>905.2</ele>
        <time>2026-04-07T04:36:28.000Z</time>
        <extensions>
          <gpxtpx:TrackPointExtension>
            <gpxtpx:hr>118</gpxtpx:hr>
            <gpxtpx:cad>76</gpxtpx:cad>
            <gpxtpx:atemp>292.65</gpxtpx:atemp>
          </gpxtpx:TrackPointExtension>
        </extensions>
      </trkpt>
      <trkpt lat="30.581531" lon="34.671942">
        <ele>905.0</ele>
        <time>2026-04-07T04:36:33.000Z</time>
        <extensions>
          <gpxtpx:TrackPointExtension>
            <gpxtpx:hr>116</gpxtpx:hr>
            <gpxtpx:cad>58</gpxtpx:cad>
            <gpxtpx:atemp>292.65</gpxtpx:atemp>
          </gpxtpx:TrackPointExtension>
        </extensions>
      </trkpt>
      <trkpt lat="30.581648" lon="34.671935">
        <ele>905.3</ele>
        <time>2026-04-07T04:36:39.000Z</time>
        <extensions>
          <gpxtpx:TrackPointExtension>
            <gpxtpx:hr>116</gpxtpx:hr>
            <gpxtpx:cad>76</gpxtpx:cad>
            <gpxtpx:atemp>292.65</gpxtpx:atemp>
          </gpxtpx:TrackPointExtension>
        </extensions>
      </trkpt>
      <trkpt lat="30.581858" lon="34.671679">
        <ele>908.1</ele>
        <time>2026-04-07T04:37:37.254Z</time>
      </trkpt>
      <trkpt lat="30.582056" lon="34.671309">
        <ele>911.5</ele>
        <time>2026-04-07T04:38:49.000Z</time>
        <extensions>
          <gpxtpx:TrackPointExtension>
            <gpxtpx:hr>141</gpxtpx:hr>
            <gpxtpx:cad>55</gpxtpx:cad>
            <gpxtpx:atemp>292.65</gpxtpx:atemp>
          </gpxtpx:TrackPointExtension>
        </extensions>
      </trkpt>
      <trkpt lat="30.582056" lon="34.671209">
        <ele>912.0</ele>
        <time>2026-04-07T04:38:54.000Z</time>
        <extensions>
          <gpxtpx:TrackPointExtension>
            <gpxtpx:hr>144</gpxtpx:hr>
            <gpxtpx:cad>0</gpxtpx:cad>
            <gpxtpx:atemp>292.65</gpxtpx:atemp>
          </gpxtpx:TrackPointExtension>
        </extensions>
      </trkpt>
      <trkpt lat="30.582105" lon="34.671060">
        <ele>912.6</ele>
        <time>2026-04-07T04:39:02.000Z</time>
        <extensions>
          <gpxtpx:TrackPointExtension>
            <gpxtpx:hr>149</gpxtpx:hr>
            <gpxtpx:cad>74</gpxtpx:cad>
            <gpxtpx:atemp>292.65</gpxtpx:atemp>
          </gpxtpx:TrackPointExtension>
        </extensions>
      </trkpt>
      <trkpt lat="30.582121" lon="34.671021">
        <ele>912.7</ele>
        <time>2026-04-07T04:39:04.000Z</time>
        <extensions>
          <gpxtpx:TrackPointExtension>
            <gpxtpx:hr>149</gpxtpx:hr>
            <gpxtpx:cad>74</gpxtpx:cad>
            <gpxtpx:atemp>292.65</gpxtpx:atemp>
          </gpxtpx:TrackPointExtension>
        </extensions>
      </trkpt>
      <trkpt lat="30.582143" lon="34.670897">
        <ele>912.8</ele>
        <time>2026-04-07T04:39:10.000Z</time>
        <extensions>
          <gpxtpx:TrackPointExtension>
            <gpxtpx:hr>146</gpxtpx:hr>
            <gpxtpx:cad>76</gpxtpx:cad>
            <gpxtpx:atemp>292.65</gpxtpx:atemp>
          </gpxtpx:TrackPointExtension>
        </extensions>
      </trkpt>
      <trkpt lat="30.582159" lon="34.670858">
        <ele>912.7</ele>
        <time>2026-04-07T04:39:12.000Z</time>
        <extensions>
          <gpxtpx:TrackPointExtension>
            <gpxtpx:hr>144</gpxtpx:hr>
            <gpxtpx:cad>76</gpxtpx:cad>
            <gpxtpx:atemp>292.65</gpxtpx:atemp>
          </gpxtpx:TrackPointExtension>
        </extensions>
      </trkpt>
      <trkpt lat="30.582173" lon="34.670745">
        <ele>912.7</ele>
        <time>2026-04-07T04:39:18.000Z</time>
        <extensions>
          <gpxtpx:TrackPointExtension>
            <gpxtpx:hr>144</gpxtpx:hr>
            <gpxtpx:cad>76</gpxtpx:cad>
            <gpxtpx:atemp>292.65</gpxtpx:atemp>
          </gpxtpx:TrackPointExtension>
        </extensions>
      </trkpt>
      <trkpt lat="30.582184" lon="34.670634">
        <ele>912.9</ele>
        <time>2026-04-07T04:39:25.000Z</time>
        <extensions>
          <gpxtpx:TrackPointExtension>
            <gpxtpx:hr>145</gpxtpx:hr>
            <gpxtpx:cad>56</gpxtpx:cad>
            <gpxtpx:atemp>291.65</gpxtpx:atemp>
          </gpxtpx:TrackPointExtension>
        </extensions>
      </trkpt>
      <trkpt lat="30.582279" lon="34.670207">
        <ele>913.8</ele>
        <time>2026-04-07T04:39:52.000Z</time>
        <extensions>
          <gpxtpx:TrackPointExtension>
            <gpxtpx:hr>144</gpxtpx:hr>
            <gpxtpx:cad>64</gpxtpx:cad>
            <gpxtpx:atemp>291.65</gpxtpx:atemp>
          </gpxtpx:TrackPointExtension>
        </extensions>
      </trkpt>
      <trkpt lat="30.582274" lon="34.670116">
        <ele>914.1</ele>
        <time>2026-04-07T04:39:58.000Z</time>
        <extensions>
          <gpxtpx:TrackPointExtension>
            <gpxtpx:hr>145</gpxtpx:hr>
            <gpxtpx:cad>71</gpxtpx:cad>
            <gpxtpx:atemp>291.65</gpxtpx:atemp>
          </gpxtpx:TrackPointExtension>
        </extensions>
      </trkpt>
      <trkpt lat="30.582303" lon="34.669948">
        <ele>915.2</ele>
        <time>2026-04-07T04:40:09.000Z</time>
        <extensions>
          <gpxtpx:TrackPointExtension>
            <gpxtpx:hr>145</gpxtpx:hr>
            <gpxtpx:cad>55</gpxtpx:cad>
            <gpxtpx:atemp>291.65</gpxtpx:atemp>
          </gpxtpx:TrackPointExtension>
        </extensions>
      </trkpt>
      <trkpt lat="30.582338" lon="34.669759">
        <ele>915.9</ele>
        <time>2026-04-07T04:40:20.000Z</time>
        <extensions>
          <gpxtpx:TrackPointExtension>
            <gpxtpx:hr>144</gpxtpx:hr>
            <gpxtpx:cad>75</gpxtpx:cad>
            <gpxtpx:atemp>291.65</gpxtpx:atemp>
          </gpxtpx:TrackPointExtension>
        </extensions>
      </trkpt>
      <trkpt lat="30.582443" lon="34.669585">
        <ele>915.7</ele>
        <time>2026-04-07T04:40:32.000Z</time>
        <extensions>
          <gpxtpx:TrackPointExtension>
            <gpxtpx:hr>140</gpxtpx:hr>
            <gpxtpx:cad>71</gpxtpx:cad>
            <gpxtpx:atemp>291.65</gpxtpx:atemp>
          </gpxtpx:TrackPointExtension>
        </extensions>
      </trkpt>
      <trkpt lat="30.582435" lon="34.669508">
        <ele>916.0</ele>
        <time>2026-04-07T04:40:36.000Z</time>
        <extensions>
          <gpxtpx:TrackPointExtension>
            <gpxtpx:hr>140</gpxtpx:hr>
            <gpxtpx:cad>71</gpxtpx:cad>
            <gpxtpx:atemp>291.65</gpxtpx:atemp>
          </gpxtpx:TrackPointExtension>
        </extensions>
      </trkpt>
      <trkpt lat="30.582457" lon="34.669471">
        <ele>916.1</ele>
        <time>2026-04-07T04:40:38.000Z</time>
        <extensions>
          <gpxtpx:TrackPointExtension>
            <gpxtpx:hr>139</gpxtpx:hr>
            <gpxtpx:cad>70</gpxtpx:cad>
            <gpxtpx:atemp>291.65</gpxtpx:atemp>
          </gpxtpx:TrackPointExtension>
        </extensions>
      </trkpt>
      <trkpt lat="30.582540" lon="34.669288">
        <ele>916.3</ele>
        <time>2026-04-07T04:40:48.000Z</time>
        <extensions>
          <gpxtpx:TrackPointExtension>
            <gpxtpx:hr>137</gpxtpx:hr>
            <gpxtpx:cad>75</gpxtpx:cad>
            <gpxtpx:atemp>291.65</gpxtpx:atemp>
          </gpxtpx:TrackPointExtension>
        </extensions>
      </trkpt>
      <trkpt lat="30.582581" lon="34.669221">
        <ele>916.1</ele>
        <time>2026-04-07T04:40:52.000Z</time>
        <extensions>
          <gpxtpx:TrackPointExtension>
            <gpxtpx:hr>136</gpxtpx:hr>
            <gpxtpx:cad>76</gpxtpx:cad>
            <gpxtpx:atemp>291.65</gpxtpx:atemp>
          </gpxtpx:TrackPointExtension>
        </extensions>
      </trkpt>
      <trkpt lat="30.582591" lon="34.669115">
        <ele>916.1</ele>
        <time>2026-04-07T04:40:59.000Z</time>
        <extensions>
          <gpxtpx:TrackPointExtension>
            <gpxtpx:hr>136</gpxtpx:hr>
            <gpxtpx:cad>0</gpxtpx:cad>
            <gpxtpx:atemp>291.65</gpxtpx:atemp>
          </gpxtpx:TrackPointExtension>
        </extensions>
      </trkpt>
      <trkpt lat="30.582584" lon="34.669055">
        <ele>916.0</ele>
        <time>2026-04-07T04:41:02.000Z</time>
        <extensions>
          <gpxtpx:TrackPointExtension>
            <gpxtpx:hr>135</gpxtpx:hr>
            <gpxtpx:cad>0</gpxtpx:cad>
            <gpxtpx:atemp>291.65</gpxtpx:atemp>
          </gpxtpx:TrackPointExtension>
        </extensions>
      </trkpt>
      <trkpt lat="30.582589" lon="34.668984">
        <ele>915.9</ele>
        <time>2026-04-07T04:41:06.000Z</time>
        <extensions>
          <gpxtpx:TrackPointExtension>
            <gpxtpx:hr>133</gpxtpx:hr>
            <gpxtpx:cad>0</gpxtpx:cad>
            <gpxtpx:atemp>291.65</gpxtpx:atemp>
          </gpxtpx:TrackPointExtension>
        </extensions>
      </trkpt>
      <trkpt lat="30.582671" lon="34.668829">
        <ele>915.0</ele>
        <time>2026-04-07T04:41:15.000Z</time>
        <extensions>
          <gpxtpx:TrackPointExtension>
            <gpxtpx:hr>131</gpxtpx:hr>
            <gpxtpx:cad>72</gpxtpx:cad>
            <gpxtpx:atemp>291.65</gpxtpx:atemp>
          </gpxtpx:TrackPointExtension>
        </extensions>
      </trkpt>
      <trkpt lat="30.582737" lon="34.668666">
        <ele>914.3</ele>
        <time>2026-04-07T04:41:23.000Z</time>
        <extensions>
          <gpxtpx:TrackPointExtension>
            <gpxtpx:hr>129</gpxtpx:hr>
            <gpxtpx:cad>76</gpxtpx:cad>
            <gpxtpx:atemp>291.65</gpxtpx:atemp>
          </gpxtpx:TrackPointExtension>
        </extensions>
      </trkpt>
      <trkpt lat="30.582740" lon="34.668596">
        <ele>914.3</ele>
        <time>2026-04-07T04:41:26.000Z</time>
        <extensions>
          <gpxtpx:TrackPointExtension>
            <gpxtpx:hr>129</gpxtpx:hr>
            <gpxtpx:cad>77</gpxtpx:cad>
            <gpxtpx:atemp>291.65</gpxtpx:atemp>
          </gpxtpx:TrackPointExtension>
        </extensions>
      </trkpt>
      <trkpt lat="30.582729" lon="34.668531">
        <ele>914.3</ele>
        <time>2026-04-07T04:41:29.000Z</time>
        <extensions>
          <gpxtpx:TrackPointExtension>
            <gpxtpx:hr>130</gpxtpx:hr>
            <gpxtpx:cad>76</gpxtpx:cad>
            <gpxtpx:atemp>291.65</gpxtpx:atemp>
          </gpxtpx:TrackPointExtension>
        </extensions>
      </trkpt>
      <trkpt lat="30.582728" lon="34.668453">
        <ele>914.3</ele>
        <time>2026-04-07T04:41:34.000Z</time>
        <extensions>
          <gpxtpx:TrackPointExtension>
            <gpxtpx:hr>130</gpxtpx:hr>
            <gpxtpx:cad>76</gpxtpx:cad>
            <gpxtpx:atemp>291.65</gpxtpx:atemp>
          </gpxtpx:TrackPointExtension>
        </extensions>
      </trkpt>
      <trkpt lat="30.582738" lon="34.668397">
        <ele>914.1</ele>
        <time>2026-04-07T04:41:38.000Z</time>
        <extensions>
          <gpxtpx:TrackPointExtension>
            <gpxtpx:hr>130</gpxtpx:hr>
            <gpxtpx:cad>65</gpxtpx:cad>
            <gpxtpx:atemp>291.65</gpxtpx:atemp>
          </gpxtpx:TrackPointExtension>
        </extensions>
      </trkpt>
      <trkpt lat="30.582794" lon="34.668214">
        <ele>913.5</ele>
        <time>2026-04-07T04:41:46.000Z</time>
        <extensions>
          <gpxtpx:TrackPointExtension>
            <gpxtpx:hr>130</gpxtpx:hr>
            <gpxtpx:cad>78</gpxtpx:cad>
            <gpxtpx:atemp>291.65</gpxtpx:atemp>
          </gpxtpx:TrackPointExtension>
        </extensions>
      </trkpt>
      <trkpt lat="30.582847" lon="34.668104">
        <ele>913.2</ele>
        <time>2026-04-07T04:41:51.000Z</time>
        <extensions>
          <gpxtpx:TrackPointExtension>
            <gpxtpx:hr>130</gpxtpx:hr>
            <gpxtpx:cad>77</gpxtpx:cad>
            <gpxtpx:atemp>291.65</gpxtpx:atemp>
          </gpxtpx:TrackPointExtension>
        </extensions>
      </trkpt>
      <trkpt lat="30.582903" lon="34.667964">
        <ele>913.0</ele>
        <time>2026-04-07T04:41:58.000Z</time>
        <extensions>
          <gpxtpx:TrackPointExtension>
            <gpxtpx:hr>131</gpxtpx:hr>
            <gpxtpx:cad>77</gpxtpx:cad>
            <gpxtpx:atemp>291.65</gpxtpx:atemp>
          </gpxtpx:TrackPointExtension>
        </extensions>
      </trkpt>
      <trkpt lat="30.582922" lon="34.667876">
        <ele>912.9</ele>
        <time>2026-04-07T04:42:02.000Z</time>
        <extensions>
          <gpxtpx:TrackPointExtension>
            <gpxtpx:hr>131</gpxtpx:hr>
            <gpxtpx:cad>78</gpxtpx:cad>
            <gpxtpx:atemp>291.65</gpxtpx:atemp>
          </gpxtpx:TrackPointExtension>
        </extensions>
      </trkpt>
      <trkpt lat="30.582948" lon="34.667835">
        <ele>912.8</ele>
        <time>2026-04-07T04:42:04.000Z</time>
        <extensions>
          <gpxtpx:TrackPointExtension>
            <gpxtpx:hr>131</gpxtpx:hr>
            <gpxtpx:cad>78</gpxtpx:cad>
            <gpxtpx:atemp>291.65</gpxtpx:atemp>
          </gpxtpx:TrackPointExtension>
        </extensions>
      </trkpt>
      <trkpt lat="30.582992" lon="34.667726">
        <ele>912.7</ele>
        <time>2026-04-07T04:42:09.000Z</time>
        <extensions>
          <gpxtpx:TrackPointExtension>
            <gpxtpx:hr>132</gpxtpx:hr>
            <gpxtpx:cad>78</gpxtpx:cad>
            <gpxtpx:atemp>291.65</gpxtpx:atemp>
          </gpxtpx:TrackPointExtension>
        </extensions>
      </trkpt>
      <trkpt lat="30.583125" lon="34.667495">
        <ele>913.4</ele>
        <time>2026-04-07T04:42:20.000Z</time>
        <extensions>
          <gpxtpx:TrackPointExtension>
            <gpxtpx:hr>134</gpxtpx:hr>
            <gpxtpx:cad>78</gpxtpx:cad>
            <gpxtpx:atemp>291.65</gpxtpx:atemp>
          </gpxtpx:TrackPointExtension>
        </extensions>
      </trkpt>
      <trkpt lat="30.583230" lon="34.667270">
        <ele>914.3</ele>
        <time>2026-04-07T04:42:31.000Z</time>
        <extensions>
          <gpxtpx:TrackPointExtension>
            <gpxtpx:hr>137</gpxtpx:hr>
            <gpxtpx:cad>76</gpxtpx:cad>
            <gpxtpx:atemp>291.65</gpxtpx:atemp>
          </gpxtpx:TrackPointExtension>
        </extensions>
      </trkpt>
      <trkpt lat="30.583308" lon="34.667101">
        <ele>915.6</ele>
        <time>2026-04-07T04:42:42.000Z</time>
        <extensions>
          <gpxtpx:TrackPointExtension>
            <gpxtpx:hr>140</gpxtpx:hr>
            <gpxtpx:cad>75</gpxtpx:cad>
            <gpxtpx:atemp>291.65</gpxtpx:atemp>
          </gpxtpx:TrackPointExtension>
        </extensions>
      </trkpt>
      <trkpt lat="30.583402" lon="34.666995">
        <ele>917.3</ele>
        <time>2026-04-07T04:42:50.000Z</time>
        <extensions>
          <gpxtpx:TrackPointExtension>
            <gpxtpx:hr>139</gpxtpx:hr>
            <gpxtpx:cad>73</gpxtpx:cad>
            <gpxtpx:atemp>291.65</gpxtpx:atemp>
          </gpxtpx:TrackPointExtension>
        </extensions>
      </trkpt>
      <trkpt lat="30.583424" lon="34.666910">
        <ele>917.9</ele>
        <time>2026-04-07T04:42:54.000Z</time>
        <extensions>
          <gpxtpx:TrackPointExtension>
            <gpxtpx:hr>136</gpxtpx:hr>
            <gpxtpx:cad>73</gpxtpx:cad>
            <gpxtpx:atemp>291.65</gpxtpx:atemp>
          </gpxtpx:TrackPointExtension>
        </extensions>
      </trkpt>
      <trkpt lat="30.583445" lon="34.666866">
        <ele>918.4</ele>
        <time>2026-04-07T04:42:56.000Z</time>
        <extensions>
          <gpxtpx:TrackPointExtension>
            <gpxtpx:hr>136</gpxtpx:hr>
            <gpxtpx:cad>73</gpxtpx:cad>
            <gpxtpx:atemp>291.65</gpxtpx:atemp>
          </gpxtpx:TrackPointExtension>
        </extensions>
      </trkpt>
      <trkpt lat="30.583459" lon="34.666734">
        <ele>918.8</ele>
        <time>2026-04-07T04:43:03.000Z</time>
        <extensions>
          <gpxtpx:TrackPointExtension>
            <gpxtpx:hr>135</gpxtpx:hr>
            <gpxtpx:cad>77</gpxtpx:cad>
            <gpxtpx:atemp>291.65</gpxtpx:atemp>
          </gpxtpx:TrackPointExtension>
        </extensions>
      </trkpt>
      <trkpt lat="30.583497" lon="34.666636">
        <ele>919.0</ele>
        <time>2026-04-07T04:43:08.000Z</time>
        <extensions>
          <gpxtpx:TrackPointExtension>
            <gpxtpx:hr>135</gpxtpx:hr>
            <gpxtpx:cad>76</gpxtpx:cad>
            <gpxtpx:atemp>291.65</gpxtpx:atemp>
          </gpxtpx:TrackPointExtension>
        </extensions>
      </trkpt>
      <trkpt lat="30.583514" lon="34.666492">
        <ele>919.0</ele>
        <time>2026-04-07T04:43:15.000Z</time>
        <extensions>
          <gpxtpx:TrackPointExtension>
            <gpxtpx:hr>135</gpxtpx:hr>
            <gpxtpx:cad>76</gpxtpx:cad>
            <gpxtpx:atemp>291.65</gpxtpx:atemp>
          </gpxtpx:TrackPointExtension>
        </extensions>
      </trkpt>
      <trkpt lat="30.583496" lon="34.666377">
        <ele>919.0</ele>
        <time>2026-04-07T04:43:22.000Z</time>
        <extensions>
          <gpxtpx:TrackPointExtension>
            <gpxtpx:hr>134</gpxtpx:hr>
            <gpxtpx:cad>76</gpxtpx:cad>
            <gpxtpx:atemp>291.65</gpxtpx:atemp>
          </gpxtpx:TrackPointExtension>
        </extensions>
      </trkpt>
      <trkpt lat="30.583478" lon="34.666237">
        <ele>919.0</ele>
        <time>2026-04-07T04:43:29.000Z</time>
        <extensions>
          <gpxtpx:TrackPointExtension>
            <gpxtpx:hr>133</gpxtpx:hr>
            <gpxtpx:cad>76</gpxtpx:cad>
            <gpxtpx:atemp>291.65</gpxtpx:atemp>
          </gpxtpx:TrackPointExtension>
        </extensions>
      </trkpt>
      <trkpt lat="30.583477" lon="34.666066">
        <ele>919.0</ele>
        <time>2026-04-07T04:43:40.000Z</time>
        <extensions>
          <gpxtpx:TrackPointExtension>
            <gpxtpx:hr>135</gpxtpx:hr>
            <gpxtpx:cad>70</gpxtpx:cad>
            <gpxtpx:atemp>291.65</gpxtpx:atemp>
          </gpxtpx:TrackPointExtension>
        </extensions>
      </trkpt>
      <trkpt lat="30.583535" lon="34.665924">
        <ele>918.1</ele>
        <time>2026-04-07T04:43:52.000Z</time>
        <extensions>
          <gpxtpx:TrackPointExtension>
            <gpxtpx:hr>131</gpxtpx:hr>
            <gpxtpx:cad>48</gpxtpx:cad>
            <gpxtpx:atemp>291.65</gpxtpx:atemp>
          </gpxtpx:TrackPointExtension>
        </extensions>
      </trkpt>
      <trkpt lat="30.583545" lon="34.665848">
        <ele>917.7</ele>
        <time>2026-04-07T04:43:58.000Z</time>
        <extensions>
          <gpxtpx:TrackPointExtension>
            <gpxtpx:hr>129</gpxtpx:hr>
            <gpxtpx:cad>50</gpxtpx:cad>
            <gpxtpx:atemp>291.65</gpxtpx:atemp>
          </gpxtpx:TrackPointExtension>
        </extensions>
      </trkpt>
      <trkpt lat="30.583529" lon="34.665696">
        <ele>917.2</ele>
        <time>2026-04-07T04:44:09.000Z</time>
        <extensions>
          <gpxtpx:TrackPointExtension>
            <gpxtpx:hr>123</gpxtpx:hr>
            <gpxtpx:cad>51</gpxtpx:cad>
            <gpxtpx:atemp>291.65</gpxtpx:atemp>
          </gpxtpx:TrackPointExtension>
        </extensions>
      </trkpt>
      <trkpt lat="30.583556" lon="34.665509">
        <ele>915.1</ele>
        <time>2026-04-07T04:44:29.000Z</time>
        <extensions>
          <gpxtpx:TrackPointExtension>
            <gpxtpx:hr>113</gpxtpx:hr>
            <gpxtpx:cad>50</gpxtpx:cad>
            <gpxtpx:atemp>291.65</gpxtpx:atemp>
          </gpxtpx:TrackPointExtension>
        </extensions>
      </trkpt>
      <trkpt lat="30.583559" lon="34.665442">
        <ele>914.4</ele>
        <time>2026-04-07T04:44:36.000Z</time>
        <extensions>
          <gpxtpx:TrackPointExtension>
            <gpxtpx:hr>113</gpxtpx:hr>
            <gpxtpx:cad>0</gpxtpx:cad>
            <gpxtpx:atemp>291.65</gpxtpx:atemp>
          </gpxtpx:TrackPointExtension>
        </extensions>
      </trkpt>
      <trkpt lat="30.583539" lon="34.665374">
        <ele>914.1</ele>
        <time>2026-04-07T04:44:43.000Z</time>
        <extensions>
          <gpxtpx:TrackPointExtension>
            <gpxtpx:hr>112</gpxtpx:hr>
            <gpxtpx:cad>51</gpxtpx:cad>
            <gpxtpx:atemp>291.65</gpxtpx:atemp>
          </gpxtpx:TrackPointExtension>
        </extensions>
      </trkpt>
      <trkpt lat="30.583546" lon="34.665296">
        <ele>913.0</ele>
        <time>2026-04-07T04:44:50.000Z</time>
        <extensions>
          <gpxtpx:TrackPointExtension>
            <gpxtpx:hr>111</gpxtpx:hr>
            <gpxtpx:cad>48</gpxtpx:cad>
            <gpxtpx:atemp>291.65</gpxtpx:atemp>
          </gpxtpx:TrackPointExtension>
        </extensions>
      </trkpt>
      <trkpt lat="30.583566" lon="34.665252">
        <ele>912.0</ele>
        <time>2026-04-07T04:44:58.000Z</time>
        <extensions>
          <gpxtpx:TrackPointExtension>
            <gpxtpx:hr>111</gpxtpx:hr>
            <gpxtpx:cad>0</gpxtpx:cad>
            <gpxtpx:atemp>291.65</gpxtpx:atemp>
          </gpxtpx:TrackPointExtension>
        </extensions>
      </trkpt>
      <trkpt lat="30.583537" lon="34.665168">
        <ele>911.7</ele>
        <time>2026-04-07T04:45:06.000Z</time>
        <extensions>
          <gpxtpx:TrackPointExtension>
            <gpxtpx:hr>112</gpxtpx:hr>
            <gpxtpx:cad>0</gpxtpx:cad>
            <gpxtpx:atemp>291.65</gpxtpx:atemp>
          </gpxtpx:TrackPointExtension>
        </extensions>
      </trkpt>
      <trkpt lat="30.583585" lon="34.665050">
        <ele>908.9</ele>
        <time>2026-04-07T04:45:32.000Z</time>
        <extensions>
          <gpxtpx:TrackPointExtension>
            <gpxtpx:hr>113</gpxtpx:hr>
            <gpxtpx:cad>77</gpxtpx:cad>
            <gpxtpx:atemp>292.65</gpxtpx:atemp>
          </gpxtpx:TrackPointExtension>
        </extensions>
      </trkpt>
      <trkpt lat="30.583582" lon="34.664981">
        <ele>908.1</ele>
        <time>2026-04-07T04:45:43.000Z</time>
        <extensions>
          <gpxtpx:TrackPointExtension>
            <gpxtpx:hr>110</gpxtpx:hr>
            <gpxtpx:cad>66</gpxtpx:cad>
            <gpxtpx:atemp>292.65</gpxtpx:atemp>
          </gpxtpx:TrackPointExtension>
        </extensions>
      </trkpt>
      <trkpt lat="30.583612" lon="34.664910">
        <ele>906.2</ele>
        <time>2026-04-07T04:46:07.000Z</time>
        <extensions>
          <gpxtpx:TrackPointExtension>
            <gpxtpx:hr>109</gpxtpx:hr>
            <gpxtpx:cad>0</gpxtpx:cad>
            <gpxtpx:atemp>292.65</gpxtpx:atemp>
          </gpxtpx:TrackPointExtension>
        </extensions>
      </trkpt>
      <trkpt lat="30.583633" lon="34.664796">
        <ele>903.8</ele>
        <time>2026-04-07T04:46:28.000Z</time>
        <extensions>
          <gpxtpx:TrackPointExtension>
            <gpxtpx:hr>111</gpxtpx:hr>
            <gpxtpx:cad>0</gpxtpx:cad>
            <gpxtpx:atemp>292.65</gpxtpx:atemp>
          </gpxtpx:TrackPointExtension>
        </extensions>
      </trkpt>
      <trkpt lat="30.583617" lon="34.664720">
        <ele>903.3</ele>
        <time>2026-04-07T04:46:35.000Z</time>
        <extensions>
          <gpxtpx:TrackPointExtension>
            <gpxtpx:hr>111</gpxtpx:hr>
            <gpxtpx:cad>48</gpxtpx:cad>
            <gpxtpx:atemp>292.65</gpxtpx:atemp>
          </gpxtpx:TrackPointExtension>
        </extensions>
      </trkpt>
      <trkpt lat="30.583615" lon="34.664619">
        <ele>901.9</ele>
        <time>2026-04-07T04:46:43.000Z</time>
        <extensions>
          <gpxtpx:TrackPointExtension>
            <gpxtpx:hr>110</gpxtpx:hr>
            <gpxtpx:cad>51</gpxtpx:cad>
            <gpxtpx:atemp>292.65</gpxtpx:atemp>
          </gpxtpx:TrackPointExtension>
        </extensions>
      </trkpt>
      <trkpt lat="30.583620" lon="34.664591">
        <ele>901.3</ele>
        <time>2026-04-07T04:46:45.000Z</time>
        <extensions>
          <gpxtpx:TrackPointExtension>
            <gpxtpx:hr>110</gpxtpx:hr>
            <gpxtpx:cad>52</gpxtpx:cad>
            <gpxtpx:atemp>292.65</gpxtpx:atemp>
          </gpxtpx:TrackPointExtension>
        </extensions>
      </trkpt>
      <trkpt lat="30.583588" lon="34.664481">
        <ele>900.8</ele>
        <time>2026-04-07T04:46:53.000Z</time>
        <extensions>
          <gpxtpx:TrackPointExtension>
            <gpxtpx:hr>110</gpxtpx:hr>
            <gpxtpx:cad>55</gpxtpx:cad>
            <gpxtpx:atemp>292.65</gpxtpx:atemp>
          </gpxtpx:TrackPointExtension>
        </extensions>
      </trkpt>
      <trkpt lat="30.583593" lon="34.664415">
        <ele>899.7</ele>
        <time>2026-04-07T04:46:58.000Z</time>
        <extensions>
          <gpxtpx:TrackPointExtension>
            <gpxtpx:hr>112</gpxtpx:hr>
            <gpxtpx:cad>53</gpxtpx:cad>
            <gpxtpx:atemp>292.65</gpxtpx:atemp>
          </gpxtpx:TrackPointExtension>
        </extensions>
      </trkpt>
      <trkpt lat="30.583615" lon="34.664318">
        <ele>897.5</ele>
        <time>2026-04-07T04:47:04.000Z</time>
        <extensions>
          <gpxtpx:TrackPointExtension>
            <gpxtpx:hr>111</gpxtpx:hr>
            <gpxtpx:cad>56</gpxtpx:cad>
            <gpxtpx:atemp>292.65</gpxtpx:atemp>
          </gpxtpx:TrackPointExtension>
        </extensions>
      </trkpt>
      <trkpt lat="30.583617" lon="34.664268">
        <ele>897.0</ele>
        <time>2026-04-07T04:47:07.000Z</time>
        <extensions>
          <gpxtpx:TrackPointExtension>
            <gpxtpx:hr>112</gpxtpx:hr>
            <gpxtpx:cad>56</gpxtpx:cad>
            <gpxtpx:atemp>292.65</gpxtpx:atemp>
          </gpxtpx:TrackPointExtension>
        </extensions>
      </trkpt>
      <trkpt lat="30.583640" lon="34.664174">
        <ele>895.4</ele>
        <time>2026-04-07T04:47:14.000Z</time>
        <extensions>
          <gpxtpx:TrackPointExtension>
            <gpxtpx:hr>111</gpxtpx:hr>
            <gpxtpx:cad>51</gpxtpx:cad>
            <gpxtpx:atemp>292.65</gpxtpx:atemp>
          </gpxtpx:TrackPointExtension>
        </extensions>
      </trkpt>
      <trkpt lat="30.583641" lon="34.664060">
        <ele>894.4</ele>
        <time>2026-04-07T04:47:29.000Z</time>
        <extensions>
          <gpxtpx:TrackPointExtension>
            <gpxtpx:hr>110</gpxtpx:hr>
            <gpxtpx:cad>57</gpxtpx:cad>
            <gpxtpx:atemp>292.65</gpxtpx:atemp>
          </gpxtpx:TrackPointExtension>
        </extensions>
      </trkpt>
      <trkpt lat="30.583670" lon="34.663981">
        <ele>893.1</ele>
        <time>2026-04-07T04:47:36.000Z</time>
        <extensions>
          <gpxtpx:TrackPointExtension>
            <gpxtpx:hr>110</gpxtpx:hr>
            <gpxtpx:cad>52</gpxtpx:cad>
            <gpxtpx:atemp>292.65</gpxtpx:atemp>
          </gpxtpx:TrackPointExtension>
        </extensions>
      </trkpt>
      <trkpt lat="30.583751" lon="34.663849">
        <ele>890.3</ele>
        <time>2026-04-07T04:47:50.000Z</time>
        <extensions>
          <gpxtpx:TrackPointExtension>
            <gpxtpx:hr>112</gpxtpx:hr>
            <gpxtpx:cad>48</gpxtpx:cad>
            <gpxtpx:atemp>292.65</gpxtpx:atemp>
          </gpxtpx:TrackPointExtension>
        </extensions>
      </trkpt>
      <trkpt lat="30.583818" lon="34.663821">
        <ele>888.0</ele>
        <time>2026-04-07T04:48:07.000Z</time>
        <extensions>
          <gpxtpx:TrackPointExtension>
            <gpxtpx:hr>108</gpxtpx:hr>
            <gpxtpx:cad>0</gpxtpx:cad>
            <gpxtpx:atemp>293.65</gpxtpx:atemp>
          </gpxtpx:TrackPointExtension>
        </extensions>
      </trkpt>
      <trkpt lat="30.583870" lon="34.663807">
        <ele>886.2</ele>
        <time>2026-04-07T04:48:24.000Z</time>
        <extensions>
          <gpxtpx:TrackPointExtension>
            <gpxtpx:hr>107</gpxtpx:hr>
            <gpxtpx:cad>0</gpxtpx:cad>
            <gpxtpx:atemp>293.65</gpxtpx:atemp>
          </gpxtpx:TrackPointExtension>
        </extensions>
      </trkpt>
      <trkpt lat="30.583891" lon="34.663828">
        <ele>885.6</ele>
        <time>2026-04-07T04:48:32.000Z</time>
        <extensions>
          <gpxtpx:TrackPointExtension>
            <gpxtpx:hr>109</gpxtpx:hr>
            <gpxtpx:cad>0</gpxtpx:cad>
            <gpxtpx:atemp>293.65</gpxtpx:atemp>
          </gpxtpx:TrackPointExtension>
        </extensions>
      </trkpt>
      <trkpt lat="30.583875" lon="34.663974">
        <ele>886.4</ele>
        <time>2026-04-07T04:48:59.000Z</time>
        <extensions>
          <gpxtpx:TrackPointExtension>
            <gpxtpx:hr>112</gpxtpx:hr>
            <gpxtpx:cad>0</gpxtpx:cad>
            <gpxtpx:atemp>293.65</gpxtpx:atemp>
          </gpxtpx:TrackPointExtension>
        </extensions>
      </trkpt>
      <trkpt lat="30.583866" lon="34.664069">
        <ele>887.2</ele>
        <time>2026-04-07T04:49:09.000Z</time>
        <extensions>
          <gpxtpx:TrackPointExtension>
            <gpxtpx:hr>104</gpxtpx:hr>
            <gpxtpx:cad>0</gpxtpx:cad>
            <gpxtpx:atemp>293.65</gpxtpx:atemp>
          </gpxtpx:TrackPointExtension>
        </extensions>
      </trkpt>
      <trkpt lat="30.583889" lon="34.664224">
        <ele>887.8</ele>
        <time>2026-04-07T04:49:34.000Z</time>
        <extensions>
          <gpxtpx:TrackPointExtension>
            <gpxtpx:hr>111</gpxtpx:hr>
            <gpxtpx:cad>50</gpxtpx:cad>
            <gpxtpx:atemp>293.65</gpxtpx:atemp>
          </gpxtpx:TrackPointExtension>
        </extensions>
      </trkpt>
      <trkpt lat="30.583912" lon="34.664297">
        <ele>887.7</ele>
        <time>2026-04-07T04:49:45.000Z</time>
        <extensions>
          <gpxtpx:TrackPointExtension>
            <gpxtpx:hr>112</gpxtpx:hr>
            <gpxtpx:cad>0</gpxtpx:cad>
            <gpxtpx:atemp>293.65</gpxtpx:atemp>
          </gpxtpx:TrackPointExtension>
        </extensions>
      </trkpt>
      <trkpt lat="30.583938" lon="34.664384">
        <ele>888.0</ele>
        <time>2026-04-07T04:49:59.000Z</time>
        <extensions>
          <gpxtpx:TrackPointExtension>
            <gpxtpx:hr>111</gpxtpx:hr>
            <gpxtpx:cad>0</gpxtpx:cad>
            <gpxtpx:atemp>293.65</gpxtpx:atemp>
          </gpxtpx:TrackPointExtension>
        </extensions>
      </trkpt>
      <trkpt lat="30.583964" lon="34.664417">
        <ele>887.7</ele>
        <time>2026-04-07T04:50:16.000Z</time>
        <extensions>
          <gpxtpx:TrackPointExtension>
            <gpxtpx:hr>113</gpxtpx:hr>
            <gpxtpx:cad>0</gpxtpx:cad>
            <gpxtpx:atemp>294.65</gpxtpx:atemp>
          </gpxtpx:TrackPointExtension>
        </extensions>
      </trkpt>
      <trkpt lat="30.583966" lon="34.664454">
        <ele>888.1</ele>
        <time>2026-04-07T04:50:20.000Z</time>
        <extensions>
          <gpxtpx:TrackPointExtension>
            <gpxtpx:hr>114</gpxtpx:hr>
            <gpxtpx:cad>0</gpxtpx:cad>
            <gpxtpx:atemp>294.65</gpxtpx:atemp>
          </gpxtpx:TrackPointExtension>
        </extensions>
      </trkpt>
      <trkpt lat="30.584001" lon="34.664528">
        <ele>888.1</ele>
        <time>2026-04-07T04:50:36.000Z</time>
        <extensions>
          <gpxtpx:TrackPointExtension>
            <gpxtpx:hr>115</gpxtpx:hr>
            <gpxtpx:cad>0</gpxtpx:cad>
            <gpxtpx:atemp>294.65</gpxtpx:atemp>
          </gpxtpx:TrackPointExtension>
        </extensions>
      </trkpt>
      <trkpt lat="30.584039" lon="34.664609">
        <ele>888.3</ele>
        <time>2026-04-07T04:50:51.000Z</time>
        <extensions>
          <gpxtpx:TrackPointExtension>
            <gpxtpx:hr>122</gpxtpx:hr>
            <gpxtpx:cad>52</gpxtpx:cad>
            <gpxtpx:atemp>294.65</gpxtpx:atemp>
          </gpxtpx:TrackPointExtension>
        </extensions>
      </trkpt>
      <trkpt lat="30.584111" lon="34.664645">
        <ele>887.3</ele>
        <time>2026-04-07T04:51:03.000Z</time>
        <extensions>
          <gpxtpx:TrackPointExtension>
            <gpxtpx:hr>122</gpxtpx:hr>
            <gpxtpx:cad>0</gpxtpx:cad>
            <gpxtpx:atemp>294.65</gpxtpx:atemp>
          </gpxtpx:TrackPointExtension>
        </extensions>
      </trkpt>
      <trkpt lat="30.584195" lon="34.664729">
        <ele>887.2</ele>
        <time>2026-04-07T04:51:29.000Z</time>
        <extensions>
          <gpxtpx:TrackPointExtension>
            <gpxtpx:hr>113</gpxtpx:hr>
            <gpxtpx:cad>0</gpxtpx:cad>
            <gpxtpx:atemp>294.65</gpxtpx:atemp>
          </gpxtpx:TrackPointExtension>
        </extensions>
      </trkpt>
      <trkpt lat="30.584268" lon="34.664703">
        <ele>884.9</ele>
        <time>2026-04-07T04:51:37.000Z</time>
        <extensions>
          <gpxtpx:TrackPointExtension>
            <gpxtpx:hr>113</gpxtpx:hr>
            <gpxtpx:cad>0</gpxtpx:cad>
            <gpxtpx:atemp>294.65</gpxtpx:atemp>
          </gpxtpx:TrackPointExtension>
        </extensions>
      </trkpt>
      <trkpt lat="30.584327" lon="34.664722">
        <ele>884.2</ele>
        <time>2026-04-07T04:51:44.000Z</time>
        <extensions>
          <gpxtpx:TrackPointExtension>
            <gpxtpx:hr>115</gpxtpx:hr>
            <gpxtpx:cad>55</gpxtpx:cad>
            <gpxtpx:atemp>294.65</gpxtpx:atemp>
          </gpxtpx:TrackPointExtension>
        </extensions>
      </trkpt>
      <trkpt lat="30.584376" lon="34.664716">
        <ele>883.4</ele>
        <time>2026-04-07T04:51:51.000Z</time>
        <extensions>
          <gpxtpx:TrackPointExtension>
            <gpxtpx:hr>115</gpxtpx:hr>
            <gpxtpx:cad>0</gpxtpx:cad>
            <gpxtpx:atemp>294.65</gpxtpx:atemp>
          </gpxtpx:TrackPointExtension>
        </extensions>
      </trkpt>
      <trkpt lat="30.584410" lon="34.664650">
        <ele>881.3</ele>
        <time>2026-04-07T04:51:57.000Z</time>
        <extensions>
          <gpxtpx:TrackPointExtension>
            <gpxtpx:hr>114</gpxtpx:hr>
            <gpxtpx:cad>47</gpxtpx:cad>
            <gpxtpx:atemp>294.65</gpxtpx:atemp>
          </gpxtpx:TrackPointExtension>
        </extensions>
      </trkpt>
      <trkpt lat="30.584515" lon="34.664556">
        <ele>877.2</ele>
        <time>2026-04-07T04:52:08.000Z</time>
        <extensions>
          <gpxtpx:TrackPointExtension>
            <gpxtpx:hr>113</gpxtpx:hr>
            <gpxtpx:cad>0</gpxtpx:cad>
            <gpxtpx:atemp>294.65</gpxtpx:atemp>
          </gpxtpx:TrackPointExtension>
        </extensions>
      </trkpt>
      <trkpt lat="30.584553" lon="34.664539">
        <ele>876.2</ele>
        <time>2026-04-07T04:52:11.000Z</time>
        <extensions>
          <gpxtpx:TrackPointExtension>
            <gpxtpx:hr>113</gpxtpx:hr>
            <gpxtpx:cad>0</gpxtpx:cad>
            <gpxtpx:atemp>294.65</gpxtpx:atemp>
          </gpxtpx:TrackPointExtension>
        </extensions>
      </trkpt>
      <trkpt lat="30.584576" lon="34.664551">
        <ele>876.2</ele>
        <time>2026-04-07T04:52:28.000Z</time>
        <extensions>
          <gpxtpx:TrackPointExtension>
            <gpxtpx:hr>112</gpxtpx:hr>
            <gpxtpx:cad>0</gpxtpx:cad>
            <gpxtpx:atemp>294.65</gpxtpx:atemp>
          </gpxtpx:TrackPointExtension>
        </extensions>
      </trkpt>
      <trkpt lat="30.584610" lon="34.664547">
        <ele>875.7</ele>
        <time>2026-04-07T04:52:31.000Z</time>
        <extensions>
          <gpxtpx:TrackPointExtension>
            <gpxtpx:hr>114</gpxtpx:hr>
            <gpxtpx:cad>57</gpxtpx:cad>
            <gpxtpx:atemp>294.65</gpxtpx:atemp>
          </gpxtpx:TrackPointExtension>
        </extensions>
      </trkpt>
      <trkpt lat="30.584768" lon="34.664493">
        <ele>872.8</ele>
        <time>2026-04-07T04:52:43.000Z</time>
        <extensions>
          <gpxtpx:TrackPointExtension>
            <gpxtpx:hr>112</gpxtpx:hr>
            <gpxtpx:cad>61</gpxtpx:cad>
            <gpxtpx:atemp>294.65</gpxtpx:atemp>
          </gpxtpx:TrackPointExtension>
        </extensions>
      </trkpt>
      <trkpt lat="30.584885" lon="34.664409">
        <ele>869.3</ele>
        <time>2026-04-07T04:52:54.000Z</time>
        <extensions>
          <gpxtpx:TrackPointExtension>
            <gpxtpx:hr>110</gpxtpx:hr>
            <gpxtpx:cad>57</gpxtpx:cad>
            <gpxtpx:atemp>294.65</gpxtpx:atemp>
          </gpxtpx:TrackPointExtension>
        </extensions>
      </trkpt>
      <trkpt lat="30.585040" lon="34.664371">
        <ele>867.5</ele>
        <time>2026-04-07T04:53:06.000Z</time>
        <extensions>
          <gpxtpx:TrackPointExtension>
            <gpxtpx:hr>106</gpxtpx:hr>
            <gpxtpx:cad>60</gpxtpx:cad>
            <gpxtpx:atemp>294.65</gpxtpx:atemp>
          </gpxtpx:TrackPointExtension>
        </extensions>
      </trkpt>
      <trkpt lat="30.585261" lon="34.664255">
        <ele>862.9</ele>
        <time>2026-04-07T04:53:22.000Z</time>
        <extensions>
          <gpxtpx:TrackPointExtension>
            <gpxtpx:hr>110</gpxtpx:hr>
            <gpxtpx:cad>63</gpxtpx:cad>
            <gpxtpx:atemp>294.65</gpxtpx:atemp>
          </gpxtpx:TrackPointExtension>
        </extensions>
      </trkpt>
      <trkpt lat="30.585328" lon="34.664194">
        <ele>860.7</ele>
        <time>2026-04-07T04:53:32.000Z</time>
        <extensions>
          <gpxtpx:TrackPointExtension>
            <gpxtpx:hr>110</gpxtpx:hr>
            <gpxtpx:cad>0</gpxtpx:cad>
            <gpxtpx:atemp>294.65</gpxtpx:atemp>
          </gpxtpx:TrackPointExtension>
        </extensions>
      </trkpt>
      <trkpt lat="30.585465" lon="34.664191">
        <ele>860.5</ele>
        <time>2026-04-07T04:53:49.000Z</time>
        <extensions>
          <gpxtpx:TrackPointExtension>
            <gpxtpx:hr>108</gpxtpx:hr>
            <gpxtpx:cad>47</gpxtpx:cad>
            <gpxtpx:atemp>294.65</gpxtpx:atemp>
          </gpxtpx:TrackPointExtension>
        </extensions>
      </trkpt>
      <trkpt lat="30.585505" lon="34.664186">
        <ele>860.4</ele>
        <time>2026-04-07T04:53:53.000Z</time>
        <extensions>
          <gpxtpx:TrackPointExtension>
            <gpxtpx:hr>107</gpxtpx:hr>
            <gpxtpx:cad>47</gpxtpx:cad>
            <gpxtpx:atemp>294.65</gpxtpx:atemp>
          </gpxtpx:TrackPointExtension>
        </extensions>
      </trkpt>
      <trkpt lat="30.585562" lon="34.664166">
        <ele>860.0</ele>
        <time>2026-04-07T04:53:59.000Z</time>
        <extensions>
          <gpxtpx:TrackPointExtension>
            <gpxtpx:hr>106</gpxtpx:hr>
            <gpxtpx:cad>59</gpxtpx:cad>
            <gpxtpx:atemp>294.65</gpxtpx:atemp>
          </gpxtpx:TrackPointExtension>
        </extensions>
      </trkpt>
      <trkpt lat="30.585620" lon="34.664161">
        <ele>860.0</ele>
        <time>2026-04-07T04:54:11.000Z</time>
        <extensions>
          <gpxtpx:TrackPointExtension>
            <gpxtpx:hr>105</gpxtpx:hr>
            <gpxtpx:cad>0</gpxtpx:cad>
            <gpxtpx:atemp>294.65</gpxtpx:atemp>
          </gpxtpx:TrackPointExtension>
        </extensions>
      </trkpt>
      <trkpt lat="30.585777" lon="34.664051">
        <ele>856.8</ele>
        <time>2026-04-07T04:54:23.000Z</time>
        <extensions>
          <gpxtpx:TrackPointExtension>
            <gpxtpx:hr>105</gpxtpx:hr>
            <gpxtpx:cad>71</gpxtpx:cad>
            <gpxtpx:atemp>294.65</gpxtpx:atemp>
          </gpxtpx:TrackPointExtension>
        </extensions>
      </trkpt>
      <trkpt lat="30.585815" lon="34.664052">
        <ele>856.9</ele>
        <time>2026-04-07T04:54:25.000Z</time>
        <extensions>
          <gpxtpx:TrackPointExtension>
            <gpxtpx:hr>106</gpxtpx:hr>
            <gpxtpx:cad>71</gpxtpx:cad>
            <gpxtpx:atemp>294.65</gpxtpx:atemp>
          </gpxtpx:TrackPointExtension>
        </extensions>
      </trkpt>
      <trkpt lat="30.585883" lon="34.664010">
        <ele>855.6</ele>
        <time>2026-04-07T04:54:30.000Z</time>
        <extensions>
          <gpxtpx:TrackPointExtension>
            <gpxtpx:hr>108</gpxtpx:hr>
            <gpxtpx:cad>65</gpxtpx:cad>
            <gpxtpx:atemp>294.65</gpxtpx:atemp>
          </gpxtpx:TrackPointExtension>
        </extensions>
      </trkpt>
      <trkpt lat="30.586019" lon="34.663979">
        <ele>854.9</ele>
        <time>2026-04-07T04:54:38.000Z</time>
        <extensions>
          <gpxtpx:TrackPointExtension>
            <gpxtpx:hr>111</gpxtpx:hr>
            <gpxtpx:cad>63</gpxtpx:cad>
            <gpxtpx:atemp>294.65</gpxtpx:atemp>
          </gpxtpx:TrackPointExtension>
        </extensions>
      </trkpt>
      <trkpt lat="30.586146" lon="34.663899">
        <ele>852.8</ele>
        <time>2026-04-07T04:54:51.000Z</time>
        <extensions>
          <gpxtpx:TrackPointExtension>
            <gpxtpx:hr>114</gpxtpx:hr>
            <gpxtpx:cad>54</gpxtpx:cad>
            <gpxtpx:atemp>294.65</gpxtpx:atemp>
          </gpxtpx:TrackPointExtension>
        </extensions>
      </trkpt>
      <trkpt lat="30.586331" lon="34.663832">
        <ele>850.7</ele>
        <time>2026-04-07T04:55:10.000Z</time>
        <extensions>
          <gpxtpx:TrackPointExtension>
            <gpxtpx:hr>112</gpxtpx:hr>
            <gpxtpx:cad>61</gpxtpx:cad>
            <gpxtpx:atemp>295.65</gpxtpx:atemp>
          </gpxtpx:TrackPointExtension>
        </extensions>
      </trkpt>
      <trkpt lat="30.586386" lon="34.663806">
        <ele>849.8</ele>
        <time>2026-04-07T04:55:15.000Z</time>
        <extensions>
          <gpxtpx:TrackPointExtension>
            <gpxtpx:hr>111</gpxtpx:hr>
            <gpxtpx:cad>61</gpxtpx:cad>
            <gpxtpx:atemp>295.65</gpxtpx:atemp>
          </gpxtpx:TrackPointExtension>
        </extensions>
      </trkpt>
      <trkpt lat="30.586536" lon="34.663773">
        <ele>848.7</ele>
        <time>2026-04-07T04:55:26.000Z</time>
        <extensions>
          <gpxtpx:TrackPointExtension>
            <gpxtpx:hr>109</gpxtpx:hr>
            <gpxtpx:cad>71</gpxtpx:cad>
            <gpxtpx:atemp>295.65</gpxtpx:atemp>
          </gpxtpx:TrackPointExtension>
        </extensions>
      </trkpt>
      <trkpt lat="30.586630" lon="34.663757">
        <ele>847.9</ele>
        <time>2026-04-07T04:55:32.000Z</time>
        <extensions>
          <gpxtpx:TrackPointExtension>
            <gpxtpx:hr>104</gpxtpx:hr>
            <gpxtpx:cad>0</gpxtpx:cad>
            <gpxtpx:atemp>295.65</gpxtpx:atemp>
          </gpxtpx:TrackPointExtension>
        </extensions>
      </trkpt>
      <trkpt lat="30.586690" lon="34.663768">
        <ele>848.0</ele>
        <time>2026-04-07T04:55:36.000Z</time>
        <extensions>
          <gpxtpx:TrackPointExtension>
            <gpxtpx:hr>103</gpxtpx:hr>
            <gpxtpx:cad>72</gpxtpx:cad>
            <gpxtpx:atemp>295.65</gpxtpx:atemp>
          </gpxtpx:TrackPointExtension>
        </extensions>
      </trkpt>
      <trkpt lat="30.586899" lon="34.663739">
        <ele>846.7</ele>
        <time>2026-04-07T04:55:50.000Z</time>
        <extensions>
          <gpxtpx:TrackPointExtension>
            <gpxtpx:hr>108</gpxtpx:hr>
            <gpxtpx:cad>69</gpxtpx:cad>
            <gpxtpx:atemp>295.65</gpxtpx:atemp>
          </gpxtpx:TrackPointExtension>
        </extensions>
      </trkpt>
      <trkpt lat="30.586973" lon="34.663716">
        <ele>846.1</ele>
        <time>2026-04-07T04:55:55.000Z</time>
        <extensions>
          <gpxtpx:TrackPointExtension>
            <gpxtpx:hr>111</gpxtpx:hr>
            <gpxtpx:cad>69</gpxtpx:cad>
            <gpxtpx:atemp>295.65</gpxtpx:atemp>
          </gpxtpx:TrackPointExtension>
        </extensions>
      </trkpt>
      <trkpt lat="30.587101" lon="34.663692">
        <ele>845.4</ele>
        <time>2026-04-07T04:56:04.000Z</time>
        <extensions>
          <gpxtpx:TrackPointExtension>
            <gpxtpx:hr>112</gpxtpx:hr>
            <gpxtpx:cad>70</gpxtpx:cad>
            <gpxtpx:atemp>295.65</gpxtpx:atemp>
          </gpxtpx:TrackPointExtension>
        </extensions>
      </trkpt>
      <trkpt lat="30.587144" lon="34.663649">
        <ele>844.3</ele>
        <time>2026-04-07T04:56:07.000Z</time>
        <extensions>
          <gpxtpx:TrackPointExtension>
            <gpxtpx:hr>115</gpxtpx:hr>
            <gpxtpx:cad>77</gpxtpx:cad>
            <gpxtpx:atemp>295.65</gpxtpx:atemp>
          </gpxtpx:TrackPointExtension>
        </extensions>
      </trkpt>
      <trkpt lat="30.587210" lon="34.663621">
        <ele>843.7</ele>
        <time>2026-04-07T04:56:11.000Z</time>
        <extensions>
          <gpxtpx:TrackPointExtension>
            <gpxtpx:hr>115</gpxtpx:hr>
            <gpxtpx:cad>72</gpxtpx:cad>
            <gpxtpx:atemp>295.65</gpxtpx:atemp>
          </gpxtpx:TrackPointExtension>
        </extensions>
      </trkpt>
      <trkpt lat="30.587244" lon="34.663595">
        <ele>843.1</ele>
        <time>2026-04-07T04:56:14.000Z</time>
        <extensions>
          <gpxtpx:TrackPointExtension>
            <gpxtpx:hr>117</gpxtpx:hr>
            <gpxtpx:cad>72</gpxtpx:cad>
            <gpxtpx:atemp>295.65</gpxtpx:atemp>
          </gpxtpx:TrackPointExtension>
        </extensions>
      </trkpt>
      <trkpt lat="30.587312" lon="34.663578">
        <ele>842.9</ele>
        <time>2026-04-07T04:56:20.000Z</time>
        <extensions>
          <gpxtpx:TrackPointExtension>
            <gpxtpx:hr>116</gpxtpx:hr>
            <gpxtpx:cad>71</gpxtpx:cad>
            <gpxtpx:atemp>295.65</gpxtpx:atemp>
          </gpxtpx:TrackPointExtension>
        </extensions>
      </trkpt>
      <trkpt lat="30.587348" lon="34.663589">
        <ele>843.3</ele>
        <time>2026-04-07T04:56:23.000Z</time>
        <extensions>
          <gpxtpx:TrackPointExtension>
            <gpxtpx:hr>115</gpxtpx:hr>
            <gpxtpx:cad>71</gpxtpx:cad>
            <gpxtpx:atemp>295.65</gpxtpx:atemp>
          </gpxtpx:TrackPointExtension>
        </extensions>
      </trkpt>
      <trkpt lat="30.587406" lon="34.663647">
        <ele>845.6</ele>
        <time>2026-04-07T04:56:31.000Z</time>
        <extensions>
          <gpxtpx:TrackPointExtension>
            <gpxtpx:hr>115</gpxtpx:hr>
            <gpxtpx:cad>57</gpxtpx:cad>
            <gpxtpx:atemp>295.65</gpxtpx:atemp>
          </gpxtpx:TrackPointExtension>
        </extensions>
      </trkpt>
      <trkpt lat="30.587485" lon="34.663642">
        <ele>846.5</ele>
        <time>2026-04-07T04:56:38.000Z</time>
        <extensions>
          <gpxtpx:TrackPointExtension>
            <gpxtpx:hr>115</gpxtpx:hr>
            <gpxtpx:cad>0</gpxtpx:cad>
            <gpxtpx:atemp>295.65</gpxtpx:atemp>
          </gpxtpx:TrackPointExtension>
        </extensions>
      </trkpt>
      <trkpt lat="30.587553" lon="34.663507">
        <ele>843.2</ele>
        <time>2026-04-07T04:56:46.000Z</time>
        <extensions>
          <gpxtpx:TrackPointExtension>
            <gpxtpx:hr>115</gpxtpx:hr>
            <gpxtpx:cad>68</gpxtpx:cad>
            <gpxtpx:atemp>295.65</gpxtpx:atemp>
          </gpxtpx:TrackPointExtension>
        </extensions>
      </trkpt>
      <trkpt lat="30.587636" lon="34.663462">
        <ele>842.7</ele>
        <time>2026-04-07T04:56:52.000Z</time>
        <extensions>
          <gpxtpx:TrackPointExtension>
            <gpxtpx:hr>116</gpxtpx:hr>
            <gpxtpx:cad>68</gpxtpx:cad>
            <gpxtpx:atemp>295.65</gpxtpx:atemp>
          </gpxtpx:TrackPointExtension>
        </extensions>
      </trkpt>
      <trkpt lat="30.587720" lon="34.663359">
        <ele>842.0</ele>
        <time>2026-04-07T04:57:00.000Z</time>
        <extensions>
          <gpxtpx:TrackPointExtension>
            <gpxtpx:hr>115</gpxtpx:hr>
            <gpxtpx:cad>71</gpxtpx:cad>
            <gpxtpx:atemp>295.65</gpxtpx:atemp>
          </gpxtpx:TrackPointExtension>
        </extensions>
      </trkpt>
      <trkpt lat="30.587812" lon="34.663217">
        <ele>839.8</ele>
        <time>2026-04-07T04:57:09.000Z</time>
        <extensions>
          <gpxtpx:TrackPointExtension>
            <gpxtpx:hr>119</gpxtpx:hr>
            <gpxtpx:cad>74</gpxtpx:cad>
            <gpxtpx:atemp>295.65</gpxtpx:atemp>
          </gpxtpx:TrackPointExtension>
        </extensions>
      </trkpt>
      <trkpt lat="30.587889" lon="34.663170">
        <ele>839.8</ele>
        <time>2026-04-07T04:57:16.000Z</time>
        <extensions>
          <gpxtpx:TrackPointExtension>
            <gpxtpx:hr>121</gpxtpx:hr>
            <gpxtpx:cad>75</gpxtpx:cad>
            <gpxtpx:atemp>295.65</gpxtpx:atemp>
          </gpxtpx:TrackPointExtension>
        </extensions>
      </trkpt>
      <trkpt lat="30.587992" lon="34.663146">
        <ele>841.2</ele>
        <time>2026-04-07T04:57:22.000Z</time>
        <extensions>
          <gpxtpx:TrackPointExtension>
            <gpxtpx:hr>122</gpxtpx:hr>
            <gpxtpx:cad>69</gpxtpx:cad>
            <gpxtpx:atemp>295.65</gpxtpx:atemp>
          </gpxtpx:TrackPointExtension>
        </extensions>
      </trkpt>
      <trkpt lat="30.588100" lon="34.663033">
        <ele>839.9</ele>
        <time>2026-04-07T04:57:30.000Z</time>
        <extensions>
          <gpxtpx:TrackPointExtension>
            <gpxtpx:hr>122</gpxtpx:hr>
            <gpxtpx:cad>75</gpxtpx:cad>
            <gpxtpx:atemp>295.65</gpxtpx:atemp>
          </gpxtpx:TrackPointExtension>
        </extensions>
      </trkpt>
      <trkpt lat="30.588146" lon="34.662963">
        <ele>838.6</ele>
        <time>2026-04-07T04:57:35.000Z</time>
        <extensions>
          <gpxtpx:TrackPointExtension>
            <gpxtpx:hr>121</gpxtpx:hr>
            <gpxtpx:cad>72</gpxtpx:cad>
            <gpxtpx:atemp>295.65</gpxtpx:atemp>
          </gpxtpx:TrackPointExtension>
        </extensions>
      </trkpt>
      <trkpt lat="30.588188" lon="34.662924">
        <ele>838.1</ele>
        <time>2026-04-07T04:57:39.000Z</time>
        <extensions>
          <gpxtpx:TrackPointExtension>
            <gpxtpx:hr>122</gpxtpx:hr>
            <gpxtpx:cad>69</gpxtpx:cad>
            <gpxtpx:atemp>295.65</gpxtpx:atemp>
          </gpxtpx:TrackPointExtension>
        </extensions>
      </trkpt>
      <trkpt lat="30.588261" lon="34.662890">
        <ele>838.2</ele>
        <time>2026-04-07T04:57:44.000Z</time>
        <extensions>
          <gpxtpx:TrackPointExtension>
            <gpxtpx:hr>123</gpxtpx:hr>
            <gpxtpx:cad>68</gpxtpx:cad>
            <gpxtpx:atemp>295.65</gpxtpx:atemp>
          </gpxtpx:TrackPointExtension>
        </extensions>
      </trkpt>
      <trkpt lat="30.588357" lon="34.662867">
        <ele>838.8</ele>
        <time>2026-04-07T04:57:50.000Z</time>
        <extensions>
          <gpxtpx:TrackPointExtension>
            <gpxtpx:hr>122</gpxtpx:hr>
            <gpxtpx:cad>71</gpxtpx:cad>
            <gpxtpx:atemp>295.65</gpxtpx:atemp>
          </gpxtpx:TrackPointExtension>
        </extensions>
      </trkpt>
      <trkpt lat="30.588451" lon="34.662875">
        <ele>840.4</ele>
        <time>2026-04-07T04:57:55.000Z</time>
        <extensions>
          <gpxtpx:TrackPointExtension>
            <gpxtpx:hr>121</gpxtpx:hr>
            <gpxtpx:cad>71</gpxtpx:cad>
            <gpxtpx:atemp>295.65</gpxtpx:atemp>
          </gpxtpx:TrackPointExtension>
        </extensions>
      </trkpt>
      <trkpt lat="30.588538" lon="34.662905">
        <ele>842.1</ele>
        <time>2026-04-07T04:58:02.000Z</time>
        <extensions>
          <gpxtpx:TrackPointExtension>
            <gpxtpx:hr>123</gpxtpx:hr>
            <gpxtpx:cad>72</gpxtpx:cad>
            <gpxtpx:atemp>295.65</gpxtpx:atemp>
          </gpxtpx:TrackPointExtension>
        </extensions>
      </trkpt>
      <trkpt lat="30.588665" lon="34.662858">
        <ele>841.3</ele>
        <time>2026-04-07T04:58:10.000Z</time>
        <extensions>
          <gpxtpx:TrackPointExtension>
            <gpxtpx:hr>123</gpxtpx:hr>
            <gpxtpx:cad>69</gpxtpx:cad>
            <gpxtpx:atemp>295.65</gpxtpx:atemp>
          </gpxtpx:TrackPointExtension>
        </extensions>
      </trkpt>
      <trkpt lat="30.588701" lon="34.662827">
        <ele>840.5</ele>
        <time>2026-04-07T04:58:12.000Z</time>
        <extensions>
          <gpxtpx:TrackPointExtension>
            <gpxtpx:hr>122</gpxtpx:hr>
            <gpxtpx:cad>68</gpxtpx:cad>
            <gpxtpx:atemp>295.65</gpxtpx:atemp>
          </gpxtpx:TrackPointExtension>
        </extensions>
      </trkpt>
      <trkpt lat="30.588756" lon="34.662758">
        <ele>838.3</ele>
        <time>2026-04-07T04:58:16.000Z</time>
        <extensions>
          <gpxtpx:TrackPointExtension>
            <gpxtpx:hr>123</gpxtpx:hr>
            <gpxtpx:cad>72</gpxtpx:cad>
            <gpxtpx:atemp>295.65</gpxtpx:atemp>
          </gpxtpx:TrackPointExtension>
        </extensions>
      </trkpt>
      <trkpt lat="30.588831" lon="34.662723">
        <ele>836.7</ele>
        <time>2026-04-07T04:58:20.000Z</time>
        <extensions>
          <gpxtpx:TrackPointExtension>
            <gpxtpx:hr>123</gpxtpx:hr>
            <gpxtpx:cad>77</gpxtpx:cad>
            <gpxtpx:atemp>295.65</gpxtpx:atemp>
          </gpxtpx:TrackPointExtension>
        </extensions>
      </trkpt>
      <trkpt lat="30.588937" lon="34.662736">
        <ele>836.8</ele>
        <time>2026-04-07T04:58:27.000Z</time>
        <extensions>
          <gpxtpx:TrackPointExtension>
            <gpxtpx:hr>126</gpxtpx:hr>
            <gpxtpx:cad>75</gpxtpx:cad>
            <gpxtpx:atemp>295.65</gpxtpx:atemp>
          </gpxtpx:TrackPointExtension>
        </extensions>
      </trkpt>
      <trkpt lat="30.589018" lon="34.662774">
        <ele>837.9</ele>
        <time>2026-04-07T04:58:33.000Z</time>
        <extensions>
          <gpxtpx:TrackPointExtension>
            <gpxtpx:hr>126</gpxtpx:hr>
            <gpxtpx:cad>72</gpxtpx:cad>
            <gpxtpx:atemp>295.65</gpxtpx:atemp>
          </gpxtpx:TrackPointExtension>
        </extensions>
      </trkpt>
      <trkpt lat="30.589206" lon="34.662732">
        <ele>835.5</ele>
        <time>2026-04-07T04:58:46.000Z</time>
        <extensions>
          <gpxtpx:TrackPointExtension>
            <gpxtpx:hr>126</gpxtpx:hr>
            <gpxtpx:cad>64</gpxtpx:cad>
            <gpxtpx:atemp>295.65</gpxtpx:atemp>
          </gpxtpx:TrackPointExtension>
        </extensions>
      </trkpt>
      <trkpt lat="30.589287" lon="34.662724">
        <ele>834.8</ele>
        <time>2026-04-07T04:58:52.000Z</time>
        <extensions>
          <gpxtpx:TrackPointExtension>
            <gpxtpx:hr>125</gpxtpx:hr>
            <gpxtpx:cad>69</gpxtpx:cad>
            <gpxtpx:atemp>295.65</gpxtpx:atemp>
          </gpxtpx:TrackPointExtension>
        </extensions>
      </trkpt>
      <trkpt lat="30.589445" lon="34.662701">
        <ele>833.4</ele>
        <time>2026-04-07T04:59:00.000Z</time>
        <extensions>
          <gpxtpx:TrackPointExtension>
            <gpxtpx:hr>121</gpxtpx:hr>
            <gpxtpx:cad>76</gpxtpx:cad>
            <gpxtpx:atemp>295.65</gpxtpx:atemp>
          </gpxtpx:TrackPointExtension>
        </extensions>
      </trkpt>
      <trkpt lat="30.589493" lon="34.662712">
        <ele>833.5</ele>
        <time>2026-04-07T04:59:02.000Z</time>
        <extensions>
          <gpxtpx:TrackPointExtension>
            <gpxtpx:hr>121</gpxtpx:hr>
            <gpxtpx:cad>76</gpxtpx:cad>
            <gpxtpx:atemp>295.65</gpxtpx:atemp>
          </gpxtpx:TrackPointExtension>
        </extensions>
      </trkpt>
      <trkpt lat="30.589625" lon="34.662693">
        <ele>832.5</ele>
        <time>2026-04-07T04:59:08.000Z</time>
        <extensions>
          <gpxtpx:TrackPointExtension>
            <gpxtpx:hr>123</gpxtpx:hr>
            <gpxtpx:cad>76</gpxtpx:cad>
            <gpxtpx:atemp>295.65</gpxtpx:atemp>
          </gpxtpx:TrackPointExtension>
        </extensions>
      </trkpt>
      <trkpt lat="30.589694" lon="34.662650">
        <ele>831.3</ele>
        <time>2026-04-07T04:59:13.000Z</time>
        <extensions>
          <gpxtpx:TrackPointExtension>
            <gpxtpx:hr>126</gpxtpx:hr>
            <gpxtpx:cad>76</gpxtpx:cad>
            <gpxtpx:atemp>295.65</gpxtpx:atemp>
          </gpxtpx:TrackPointExtension>
        </extensions>
      </trkpt>
      <trkpt lat="30.589816" lon="34.662617">
        <ele>830.5</ele>
        <time>2026-04-07T04:59:22.000Z</time>
        <extensions>
          <gpxtpx:TrackPointExtension>
            <gpxtpx:hr>126</gpxtpx:hr>
            <gpxtpx:cad>0</gpxtpx:cad>
            <gpxtpx:atemp>295.65</gpxtpx:atemp>
          </gpxtpx:TrackPointExtension>
        </extensions>
      </trkpt>
      <trkpt lat="30.589882" lon="34.662579">
        <ele>829.7</ele>
        <time>2026-04-07T04:59:27.000Z</time>
        <extensions>
          <gpxtpx:TrackPointExtension>
            <gpxtpx:hr>125</gpxtpx:hr>
            <gpxtpx:cad>69</gpxtpx:cad>
            <gpxtpx:atemp>295.65</gpxtpx:atemp>
          </gpxtpx:TrackPointExtension>
        </extensions>
      </trkpt>
      <trkpt lat="30.589967" lon="34.662566">
        <ele>829.4</ele>
        <time>2026-04-07T04:59:34.000Z</time>
        <extensions>
          <gpxtpx:TrackPointExtension>
            <gpxtpx:hr>124</gpxtpx:hr>
            <gpxtpx:cad>0</gpxtpx:cad>
            <gpxtpx:atemp>295.65</gpxtpx:atemp>
          </gpxtpx:TrackPointExtension>
        </extensions>
      </trkpt>
      <trkpt lat="30.589997" lon="34.662508">
        <ele>828.2</ele>
        <time>2026-04-07T04:59:38.000Z</time>
        <extensions>
          <gpxtpx:TrackPointExtension>
            <gpxtpx:hr>122</gpxtpx:hr>
            <gpxtpx:cad>0</gpxtpx:cad>
            <gpxtpx:atemp>295.65</gpxtpx:atemp>
          </gpxtpx:TrackPointExtension>
        </extensions>
      </trkpt>
      <trkpt lat="30.590079" lon="34.662455">
        <ele>827.0</ele>
        <time>2026-04-07T04:59:50.000Z</time>
        <extensions>
          <gpxtpx:TrackPointExtension>
            <gpxtpx:hr>123</gpxtpx:hr>
            <gpxtpx:cad>0</gpxtpx:cad>
            <gpxtpx:atemp>295.65</gpxtpx:atemp>
          </gpxtpx:TrackPointExtension>
        </extensions>
      </trkpt>
      <trkpt lat="30.590147" lon="34.662467">
        <ele>827.3</ele>
        <time>2026-04-07T04:59:57.000Z</time>
        <extensions>
          <gpxtpx:TrackPointExtension>
            <gpxtpx:hr>126</gpxtpx:hr>
            <gpxtpx:cad>49</gpxtpx:cad>
            <gpxtpx:atemp>295.65</gpxtpx:atemp>
          </gpxtpx:TrackPointExtension>
        </extensions>
      </trkpt>
      <trkpt lat="30.590253" lon="34.662502">
        <ele>828.9</ele>
        <time>2026-04-07T05:00:11.000Z</time>
        <extensions>
          <gpxtpx:TrackPointExtension>
            <gpxtpx:hr>114</gpxtpx:hr>
            <gpxtpx:cad>0</gpxtpx:cad>
            <gpxtpx:atemp>295.65</gpxtpx:atemp>
          </gpxtpx:TrackPointExtension>
        </extensions>
      </trkpt>
      <trkpt lat="30.590346" lon="34.662513">
        <ele>829.8</ele>
        <time>2026-04-07T05:00:21.000Z</time>
        <extensions>
          <gpxtpx:TrackPointExtension>
            <gpxtpx:hr>110</gpxtpx:hr>
            <gpxtpx:cad>48</gpxtpx:cad>
            <gpxtpx:atemp>295.65</gpxtpx:atemp>
          </gpxtpx:TrackPointExtension>
        </extensions>
      </trkpt>
      <trkpt lat="30.590465" lon="34.662629">
        <ele>833.3</ele>
        <time>2026-04-07T05:00:42.000Z</time>
        <extensions>
          <gpxtpx:TrackPointExtension>
            <gpxtpx:hr>104</gpxtpx:hr>
            <gpxtpx:cad>48</gpxtpx:cad>
            <gpxtpx:atemp>295.65</gpxtpx:atemp>
          </gpxtpx:TrackPointExtension>
        </extensions>
      </trkpt>
      <trkpt lat="30.590545" lon="34.662617">
        <ele>833.9</ele>
        <time>2026-04-07T05:00:55.000Z</time>
        <extensions>
          <gpxtpx:TrackPointExtension>
            <gpxtpx:hr>90</gpxtpx:hr>
            <gpxtpx:cad>48</gpxtpx:cad>
            <gpxtpx:atemp>295.65</gpxtpx:atemp>
          </gpxtpx:TrackPointExtension>
        </extensions>
      </trkpt>
      <trkpt lat="30.590649" lon="34.662582">
        <ele>834.3</ele>
        <time>2026-04-07T05:01:14.000Z</time>
        <extensions>
          <gpxtpx:TrackPointExtension>
            <gpxtpx:hr>86</gpxtpx:hr>
            <gpxtpx:cad>63</gpxtpx:cad>
            <gpxtpx:atemp>295.65</gpxtpx:atemp>
          </gpxtpx:TrackPointExtension>
        </extensions>
      </trkpt>
      <trkpt lat="30.590686" lon="34.662507">
        <ele>833.1</ele>
        <time>2026-04-07T05:01:28.000Z</time>
        <extensions>
          <gpxtpx:TrackPointExtension>
            <gpxtpx:hr>88</gpxtpx:hr>
            <gpxtpx:cad>0</gpxtpx:cad>
            <gpxtpx:atemp>295.65</gpxtpx:atemp>
          </gpxtpx:TrackPointExtension>
        </extensions>
      </trkpt>
      <trkpt lat="30.590697" lon="34.662512">
        <ele>833.3</ele>
        <time>2026-04-07T05:02:09.000Z</time>
        <extensions>
          <gpxtpx:TrackPointExtension>
            <gpxtpx:hr>90</gpxtpx:hr>
            <gpxtpx:cad>0</gpxtpx:cad>
            <gpxtpx:atemp>295.65</gpxtpx:atemp>
          </gpxtpx:TrackPointExtension>
        </extensions>
      </trkpt>
      <trkpt lat="30.590706" lon="34.662506">
        <ele>833.3</ele>
        <time>2026-04-07T05:02:17.000Z</time>
        <extensions>
          <gpxtpx:TrackPointExtension>
            <gpxtpx:hr>88</gpxtpx:hr>
            <gpxtpx:cad>0</gpxtpx:cad>
            <gpxtpx:atemp>295.65</gpxtpx:atemp>
          </gpxtpx:TrackPointExtension>
        </extensions>
      </trkpt>
      <trkpt lat="30.590736" lon="34.662442">
        <ele>832.3</ele>
        <time>2026-04-07T05:02:54.000Z</time>
        <extensions>
          <gpxtpx:TrackPointExtension>
            <gpxtpx:hr>84</gpxtpx:hr>
            <gpxtpx:cad>0</gpxtpx:cad>
            <gpxtpx:atemp>295.65</gpxtpx:atemp>
          </gpxtpx:TrackPointExtension>
        </extensions>
      </trkpt>
      <trkpt lat="30.590763" lon="34.662337">
        <ele>830.2</ele>
        <time>2026-04-07T05:03:11.000Z</time>
        <extensions>
          <gpxtpx:TrackPointExtension>
            <gpxtpx:hr>85</gpxtpx:hr>
            <gpxtpx:cad>76</gpxtpx:cad>
            <gpxtpx:atemp>295.65</gpxtpx:atemp>
          </gpxtpx:TrackPointExtension>
        </extensions>
      </trkpt>
      <trkpt lat="30.590795" lon="34.662244">
        <ele>828.4</ele>
        <time>2026-04-07T05:03:37.000Z</time>
        <extensions>
          <gpxtpx:TrackPointExtension>
            <gpxtpx:hr>81</gpxtpx:hr>
            <gpxtpx:cad>75</gpxtpx:cad>
            <gpxtpx:atemp>295.65</gpxtpx:atemp>
          </gpxtpx:TrackPointExtension>
        </extensions>
      </trkpt>
      <trkpt lat="30.590822" lon="34.662175">
        <ele>827.0</ele>
        <time>2026-04-07T05:03:46.000Z</time>
        <extensions>
          <gpxtpx:TrackPointExtension>
            <gpxtpx:hr>86</gpxtpx:hr>
            <gpxtpx:cad>45</gpxtpx:cad>
            <gpxtpx:atemp>295.65</gpxtpx:atemp>
          </gpxtpx:TrackPointExtension>
        </extensions>
      </trkpt>
      <trkpt lat="30.590825" lon="34.662006">
        <ele>823.4</ele>
        <time>2026-04-07T05:04:09.000Z</time>
        <extensions>
          <gpxtpx:TrackPointExtension>
            <gpxtpx:hr>80</gpxtpx:hr>
            <gpxtpx:cad>0</gpxtpx:cad>
            <gpxtpx:atemp>295.65</gpxtpx:atemp>
          </gpxtpx:TrackPointExtension>
        </extensions>
      </trkpt>
      <trkpt lat="30.590904" lon="34.661850">
        <ele>820.7</ele>
        <time>2026-04-07T05:04:26.000Z</time>
        <extensions>
          <gpxtpx:TrackPointExtension>
            <gpxtpx:hr>88</gpxtpx:hr>
            <gpxtpx:cad>0</gpxtpx:cad>
            <gpxtpx:atemp>295.65</gpxtpx:atemp>
          </gpxtpx:TrackPointExtension>
        </extensions>
      </trkpt>
      <trkpt lat="30.590926" lon="34.661836">
        <ele>820.5</ele>
        <time>2026-04-07T05:04:38.000Z</time>
        <extensions>
          <gpxtpx:TrackPointExtension>
            <gpxtpx:hr>91</gpxtpx:hr>
            <gpxtpx:cad>0</gpxtpx:cad>
            <gpxtpx:atemp>295.65</gpxtpx:atemp>
          </gpxtpx:TrackPointExtension>
        </extensions>
      </trkpt>
      <trkpt lat="30.591050" lon="34.661826">
        <ele>820.7</ele>
        <time>2026-04-07T05:04:50.000Z</time>
        <extensions>
          <gpxtpx:TrackPointExtension>
            <gpxtpx:hr>91</gpxtpx:hr>
            <gpxtpx:cad>0</gpxtpx:cad>
            <gpxtpx:atemp>295.65</gpxtpx:atemp>
          </gpxtpx:TrackPointExtension>
        </extensions>
      </trkpt>
      <trkpt lat="30.591101" lon="34.661848">
        <ele>821.4</ele>
        <time>2026-04-07T05:04:54.000Z</time>
        <extensions>
          <gpxtpx:TrackPointExtension>
            <gpxtpx:hr>90</gpxtpx:hr>
            <gpxtpx:cad>55</gpxtpx:cad>
            <gpxtpx:atemp>295.65</gpxtpx:atemp>
          </gpxtpx:TrackPointExtension>
        </extensions>
      </trkpt>
      <trkpt lat="30.591219" lon="34.661790">
        <ele>820.5</ele>
        <time>2026-04-07T05:05:07.000Z</time>
        <extensions>
          <gpxtpx:TrackPointExtension>
            <gpxtpx:hr>91</gpxtpx:hr>
            <gpxtpx:cad>53</gpxtpx:cad>
            <gpxtpx:atemp>295.65</gpxtpx:atemp>
          </gpxtpx:TrackPointExtension>
        </extensions>
      </trkpt>
      <trkpt lat="30.591313" lon="34.661744">
        <ele>819.2</ele>
        <time>2026-04-07T05:05:16.000Z</time>
        <extensions>
          <gpxtpx:TrackPointExtension>
            <gpxtpx:hr>90</gpxtpx:hr>
            <gpxtpx:cad>50</gpxtpx:cad>
            <gpxtpx:atemp>295.65</gpxtpx:atemp>
          </gpxtpx:TrackPointExtension>
        </extensions>
      </trkpt>
      <trkpt lat="30.591364" lon="34.661731">
        <ele>818.6</ele>
        <time>2026-04-07T05:05:27.000Z</time>
        <extensions>
          <gpxtpx:TrackPointExtension>
            <gpxtpx:hr>92</gpxtpx:hr>
            <gpxtpx:cad>0</gpxtpx:cad>
            <gpxtpx:atemp>295.65</gpxtpx:atemp>
          </gpxtpx:TrackPointExtension>
        </extensions>
      </trkpt>
      <trkpt lat="30.591311" lon="34.661673">
        <ele>817.3</ele>
        <time>2026-04-07T05:05:34.000Z</time>
        <extensions>
          <gpxtpx:TrackPointExtension>
            <gpxtpx:hr>89</gpxtpx:hr>
            <gpxtpx:cad>0</gpxtpx:cad>
            <gpxtpx:atemp>295.65</gpxtpx:atemp>
          </gpxtpx:TrackPointExtension>
        </extensions>
      </trkpt>
      <trkpt lat="30.591272" lon="34.661654">
        <ele>817.1</ele>
        <time>2026-04-07T05:05:38.000Z</time>
        <extensions>
          <gpxtpx:TrackPointExtension>
            <gpxtpx:hr>88</gpxtpx:hr>
            <gpxtpx:cad>56</gpxtpx:cad>
            <gpxtpx:atemp>295.65</gpxtpx:atemp>
          </gpxtpx:TrackPointExtension>
        </extensions>
      </trkpt>
      <trkpt lat="30.591279" lon="34.661573">
        <ele>814.9</ele>
        <time>2026-04-07T05:05:46.000Z</time>
        <extensions>
          <gpxtpx:TrackPointExtension>
            <gpxtpx:hr>88</gpxtpx:hr>
            <gpxtpx:cad>53</gpxtpx:cad>
            <gpxtpx:atemp>295.65</gpxtpx:atemp>
          </gpxtpx:TrackPointExtension>
        </extensions>
      </trkpt>
      <trkpt lat="30.591305" lon="34.661509">
        <ele>813.3</ele>
        <time>2026-04-07T05:05:51.000Z</time>
        <extensions>
          <gpxtpx:TrackPointExtension>
            <gpxtpx:hr>88</gpxtpx:hr>
            <gpxtpx:cad>0</gpxtpx:cad>
            <gpxtpx:atemp>295.65</gpxtpx:atemp>
          </gpxtpx:TrackPointExtension>
        </extensions>
      </trkpt>
      <trkpt lat="30.591348" lon="34.661466">
        <ele>812.1</ele>
        <time>2026-04-07T05:05:55.000Z</time>
        <extensions>
          <gpxtpx:TrackPointExtension>
            <gpxtpx:hr>87</gpxtpx:hr>
            <gpxtpx:cad>0</gpxtpx:cad>
            <gpxtpx:atemp>295.65</gpxtpx:atemp>
          </gpxtpx:TrackPointExtension>
        </extensions>
      </trkpt>
      <trkpt lat="30.591411" lon="34.661469">
        <ele>811.7</ele>
        <time>2026-04-07T05:05:58.000Z</time>
        <extensions>
          <gpxtpx:TrackPointExtension>
            <gpxtpx:hr>85</gpxtpx:hr>
            <gpxtpx:cad>0</gpxtpx:cad>
            <gpxtpx:atemp>295.65</gpxtpx:atemp>
          </gpxtpx:TrackPointExtension>
        </extensions>
      </trkpt>
      <trkpt lat="30.591536" lon="34.661483">
        <ele>810.9</ele>
        <time>2026-04-07T05:06:08.000Z</time>
        <extensions>
          <gpxtpx:TrackPointExtension>
            <gpxtpx:hr>90</gpxtpx:hr>
            <gpxtpx:cad>61</gpxtpx:cad>
            <gpxtpx:atemp>295.65</gpxtpx:atemp>
          </gpxtpx:TrackPointExtension>
        </extensions>
      </trkpt>
      <trkpt lat="30.591609" lon="34.661546">
        <ele>811.6</ele>
        <time>2026-04-07T05:06:13.000Z</time>
        <extensions>
          <gpxtpx:TrackPointExtension>
            <gpxtpx:hr>100</gpxtpx:hr>
            <gpxtpx:cad>61</gpxtpx:cad>
            <gpxtpx:atemp>295.65</gpxtpx:atemp>
          </gpxtpx:TrackPointExtension>
        </extensions>
      </trkpt>
      <trkpt lat="30.591646" lon="34.661561">
        <ele>811.7</ele>
        <time>2026-04-07T05:06:15.000Z</time>
        <extensions>
          <gpxtpx:TrackPointExtension>
            <gpxtpx:hr>100</gpxtpx:hr>
            <gpxtpx:cad>72</gpxtpx:cad>
            <gpxtpx:atemp>295.65</gpxtpx:atemp>
          </gpxtpx:TrackPointExtension>
        </extensions>
      </trkpt>
      <trkpt lat="30.591729" lon="34.661554">
        <ele>810.6</ele>
        <time>2026-04-07T05:06:20.000Z</time>
        <extensions>
          <gpxtpx:TrackPointExtension>
            <gpxtpx:hr>101</gpxtpx:hr>
            <gpxtpx:cad>74</gpxtpx:cad>
            <gpxtpx:atemp>295.65</gpxtpx:atemp>
          </gpxtpx:TrackPointExtension>
        </extensions>
      </trkpt>
      <trkpt lat="30.591835" lon="34.661556">
        <ele>809.2</ele>
        <time>2026-04-07T05:06:27.000Z</time>
        <extensions>
          <gpxtpx:TrackPointExtension>
            <gpxtpx:hr>104</gpxtpx:hr>
            <gpxtpx:cad>72</gpxtpx:cad>
            <gpxtpx:atemp>295.65</gpxtpx:atemp>
          </gpxtpx:TrackPointExtension>
        </extensions>
      </trkpt>
      <trkpt lat="30.591987" lon="34.661454">
        <ele>803.4</ele>
        <time>2026-04-07T05:06:36.000Z</time>
        <extensions>
          <gpxtpx:TrackPointExtension>
            <gpxtpx:hr>107</gpxtpx:hr>
            <gpxtpx:cad>75</gpxtpx:cad>
            <gpxtpx:atemp>295.65</gpxtpx:atemp>
          </gpxtpx:TrackPointExtension>
        </extensions>
      </trkpt>
      <trkpt lat="30.592035" lon="34.661440">
        <ele>802.1</ele>
        <time>2026-04-07T05:06:39.000Z</time>
        <extensions>
          <gpxtpx:TrackPointExtension>
            <gpxtpx:hr>108</gpxtpx:hr>
            <gpxtpx:cad>75</gpxtpx:cad>
            <gpxtpx:atemp>295.65</gpxtpx:atemp>
          </gpxtpx:TrackPointExtension>
        </extensions>
      </trkpt>
      <trkpt lat="30.592087" lon="34.661444">
        <ele>801.1</ele>
        <time>2026-04-07T05:06:43.000Z</time>
        <extensions>
          <gpxtpx:TrackPointExtension>
            <gpxtpx:hr>110</gpxtpx:hr>
            <gpxtpx:cad>68</gpxtpx:cad>
            <gpxtpx:atemp>295.65</gpxtpx:atemp>
          </gpxtpx:TrackPointExtension>
        </extensions>
      </trkpt>
      <trkpt lat="30.592146" lon="34.661468">
        <ele>799.9</ele>
        <time>2026-04-07T05:06:47.000Z</time>
        <extensions>
          <gpxtpx:TrackPointExtension>
            <gpxtpx:hr>112</gpxtpx:hr>
            <gpxtpx:cad>60</gpxtpx:cad>
            <gpxtpx:atemp>295.65</gpxtpx:atemp>
          </gpxtpx:TrackPointExtension>
        </extensions>
      </trkpt>
      <trkpt lat="30.592265" lon="34.661541">
        <ele>798.1</ele>
        <time>2026-04-07T05:06:58.000Z</time>
        <extensions>
          <gpxtpx:TrackPointExtension>
            <gpxtpx:hr>111</gpxtpx:hr>
            <gpxtpx:cad>59</gpxtpx:cad>
            <gpxtpx:atemp>295.65</gpxtpx:atemp>
          </gpxtpx:TrackPointExtension>
        </extensions>
      </trkpt>
      <trkpt lat="30.592306" lon="34.661589">
        <ele>798.0</ele>
        <time>2026-04-07T05:07:07.000Z</time>
        <extensions>
          <gpxtpx:TrackPointExtension>
            <gpxtpx:hr>110</gpxtpx:hr>
            <gpxtpx:cad>0</gpxtpx:cad>
            <gpxtpx:atemp>295.65</gpxtpx:atemp>
          </gpxtpx:TrackPointExtension>
        </extensions>
      </trkpt>
      <trkpt lat="30.592372" lon="34.661740">
        <ele>799.1</ele>
        <time>2026-04-07T05:07:24.000Z</time>
        <extensions>
          <gpxtpx:TrackPointExtension>
            <gpxtpx:hr>107</gpxtpx:hr>
            <gpxtpx:cad>45</gpxtpx:cad>
            <gpxtpx:atemp>295.65</gpxtpx:atemp>
          </gpxtpx:TrackPointExtension>
        </extensions>
      </trkpt>
      <trkpt lat="30.592431" lon="34.661721">
        <ele>796.2</ele>
        <time>2026-04-07T05:07:46.000Z</time>
        <extensions>
          <gpxtpx:TrackPointExtension>
            <gpxtpx:hr>98</gpxtpx:hr>
            <gpxtpx:cad>0</gpxtpx:cad>
            <gpxtpx:atemp>295.65</gpxtpx:atemp>
          </gpxtpx:TrackPointExtension>
        </extensions>
      </trkpt>
      <trkpt lat="30.592460" lon="34.661665">
        <ele>793.9</ele>
        <time>2026-04-07T05:08:12.000Z</time>
        <extensions>
          <gpxtpx:TrackPointExtension>
            <gpxtpx:hr>99</gpxtpx:hr>
            <gpxtpx:cad>0</gpxtpx:cad>
            <gpxtpx:atemp>295.65</gpxtpx:atemp>
          </gpxtpx:TrackPointExtension>
        </extensions>
      </trkpt>
      <trkpt lat="30.592541" lon="34.661652">
        <ele>790.3</ele>
        <time>2026-04-07T05:08:25.000Z</time>
        <extensions>
          <gpxtpx:TrackPointExtension>
            <gpxtpx:hr>101</gpxtpx:hr>
            <gpxtpx:cad>0</gpxtpx:cad>
            <gpxtpx:atemp>295.65</gpxtpx:atemp>
          </gpxtpx:TrackPointExtension>
        </extensions>
      </trkpt>
      <trkpt lat="30.592663" lon="34.661644">
        <ele>785.1</ele>
        <time>2026-04-07T05:08:52.000Z</time>
        <extensions>
          <gpxtpx:TrackPointExtension>
            <gpxtpx:hr>96</gpxtpx:hr>
            <gpxtpx:cad>0</gpxtpx:cad>
            <gpxtpx:atemp>295.65</gpxtpx:atemp>
          </gpxtpx:TrackPointExtension>
        </extensions>
      </trkpt>
      <trkpt lat="30.592724" lon="34.661658">
        <ele>782.8</ele>
        <time>2026-04-07T05:09:03.000Z</time>
        <extensions>
          <gpxtpx:TrackPointExtension>
            <gpxtpx:hr>99</gpxtpx:hr>
            <gpxtpx:cad>0</gpxtpx:cad>
            <gpxtpx:atemp>295.65</gpxtpx:atemp>
          </gpxtpx:TrackPointExtension>
        </extensions>
      </trkpt>
      <trkpt lat="30.592695" lon="34.661746">
        <ele>785.5</ele>
        <time>2026-04-07T05:09:11.000Z</time>
        <extensions>
          <gpxtpx:TrackPointExtension>
            <gpxtpx:hr>99</gpxtpx:hr>
            <gpxtpx:cad>0</gpxtpx:cad>
            <gpxtpx:atemp>295.65</gpxtpx:atemp>
          </gpxtpx:TrackPointExtension>
        </extensions>
      </trkpt>
      <trkpt lat="30.592676" lon="34.661783">
        <ele>787.0</ele>
        <time>2026-04-07T05:09:15.000Z</time>
        <extensions>
          <gpxtpx:TrackPointExtension>
            <gpxtpx:hr>99</gpxtpx:hr>
            <gpxtpx:cad>0</gpxtpx:cad>
            <gpxtpx:atemp>295.65</gpxtpx:atemp>
          </gpxtpx:TrackPointExtension>
        </extensions>
      </trkpt>
      <trkpt lat="30.592666" lon="34.661888">
        <ele>790.2</ele>
        <time>2026-04-07T05:09:25.000Z</time>
        <extensions>
          <gpxtpx:TrackPointExtension>
            <gpxtpx:hr>101</gpxtpx:hr>
            <gpxtpx:cad>0</gpxtpx:cad>
            <gpxtpx:atemp>295.65</gpxtpx:atemp>
          </gpxtpx:TrackPointExtension>
        </extensions>
      </trkpt>
      <trkpt lat="30.592692" lon="34.661978">
        <ele>791.5</ele>
        <time>2026-04-07T05:09:32.000Z</time>
        <extensions>
          <gpxtpx:TrackPointExtension>
            <gpxtpx:hr>101</gpxtpx:hr>
            <gpxtpx:cad>0</gpxtpx:cad>
            <gpxtpx:atemp>295.65</gpxtpx:atemp>
          </gpxtpx:TrackPointExtension>
        </extensions>
      </trkpt>
      <trkpt lat="30.592752" lon="34.662065">
        <ele>791.2</ele>
        <time>2026-04-07T05:09:39.000Z</time>
        <extensions>
          <gpxtpx:TrackPointExtension>
            <gpxtpx:hr>104</gpxtpx:hr>
            <gpxtpx:cad>69</gpxtpx:cad>
            <gpxtpx:atemp>296.65</gpxtpx:atemp>
          </gpxtpx:TrackPointExtension>
        </extensions>
      </trkpt>
      <trkpt lat="30.592736" lon="34.662165">
        <ele>794.8</ele>
        <time>2026-04-07T05:09:46.000Z</time>
        <extensions>
          <gpxtpx:TrackPointExtension>
            <gpxtpx:hr>106</gpxtpx:hr>
            <gpxtpx:cad>61</gpxtpx:cad>
            <gpxtpx:atemp>296.65</gpxtpx:atemp>
          </gpxtpx:TrackPointExtension>
        </extensions>
      </trkpt>
      <trkpt lat="30.592774" lon="34.662241">
        <ele>795.2</ele>
        <time>2026-04-07T05:09:52.000Z</time>
        <extensions>
          <gpxtpx:TrackPointExtension>
            <gpxtpx:hr>104</gpxtpx:hr>
            <gpxtpx:cad>55</gpxtpx:cad>
            <gpxtpx:atemp>296.65</gpxtpx:atemp>
          </gpxtpx:TrackPointExtension>
        </extensions>
      </trkpt>
      <trkpt lat="30.592864" lon="34.662250">
        <ele>791.3</ele>
        <time>2026-04-07T05:10:01.000Z</time>
        <extensions>
          <gpxtpx:TrackPointExtension>
            <gpxtpx:hr>104</gpxtpx:hr>
            <gpxtpx:cad>0</gpxtpx:cad>
            <gpxtpx:atemp>296.65</gpxtpx:atemp>
          </gpxtpx:TrackPointExtension>
        </extensions>
      </trkpt>
      <trkpt lat="30.592910" lon="34.662212">
        <ele>788.0</ele>
        <time>2026-04-07T05:10:21.000Z</time>
        <extensions>
          <gpxtpx:TrackPointExtension>
            <gpxtpx:hr>112</gpxtpx:hr>
            <gpxtpx:cad>0</gpxtpx:cad>
            <gpxtpx:atemp>296.65</gpxtpx:atemp>
          </gpxtpx:TrackPointExtension>
        </extensions>
      </trkpt>
      <trkpt lat="30.593000" lon="34.662211">
        <ele>784.1</ele>
        <time>2026-04-07T05:10:29.000Z</time>
        <extensions>
          <gpxtpx:TrackPointExtension>
            <gpxtpx:hr>113</gpxtpx:hr>
            <gpxtpx:cad>0</gpxtpx:cad>
            <gpxtpx:atemp>296.65</gpxtpx:atemp>
          </gpxtpx:TrackPointExtension>
        </extensions>
      </trkpt>
      <trkpt lat="30.593069" lon="34.662245">
        <ele>782.1</ele>
        <time>2026-04-07T05:10:36.000Z</time>
        <extensions>
          <gpxtpx:TrackPointExtension>
            <gpxtpx:hr>112</gpxtpx:hr>
            <gpxtpx:cad>0</gpxtpx:cad>
            <gpxtpx:atemp>296.65</gpxtpx:atemp>
          </gpxtpx:TrackPointExtension>
        </extensions>
      </trkpt>
      <trkpt lat="30.593115" lon="34.662246">
        <ele>780.1</ele>
        <time>2026-04-07T05:10:40.000Z</time>
        <extensions>
          <gpxtpx:TrackPointExtension>
            <gpxtpx:hr>112</gpxtpx:hr>
            <gpxtpx:cad>0</gpxtpx:cad>
            <gpxtpx:atemp>296.65</gpxtpx:atemp>
          </gpxtpx:TrackPointExtension>
        </extensions>
      </trkpt>
      <trkpt lat="30.593229" lon="34.662298">
        <ele>777.2</ele>
        <time>2026-04-07T05:11:01.000Z</time>
        <extensions>
          <gpxtpx:TrackPointExtension>
            <gpxtpx:hr>100</gpxtpx:hr>
            <gpxtpx:cad>0</gpxtpx:cad>
            <gpxtpx:atemp>296.65</gpxtpx:atemp>
          </gpxtpx:TrackPointExtension>
        </extensions>
      </trkpt>
      <trkpt lat="30.593244" lon="34.662241">
        <ele>775.2</ele>
        <time>2026-04-07T05:11:31.000Z</time>
        <extensions>
          <gpxtpx:TrackPointExtension>
            <gpxtpx:hr>92</gpxtpx:hr>
            <gpxtpx:cad>0</gpxtpx:cad>
            <gpxtpx:atemp>296.65</gpxtpx:atemp>
          </gpxtpx:TrackPointExtension>
        </extensions>
      </trkpt>
      <trkpt lat="30.593226" lon="34.662198">
        <ele>774.5</ele>
        <time>2026-04-07T05:11:52.000Z</time>
        <extensions>
          <gpxtpx:TrackPointExtension>
            <gpxtpx:hr>92</gpxtpx:hr>
            <gpxtpx:cad>0</gpxtpx:cad>
            <gpxtpx:atemp>295.65</gpxtpx:atemp>
          </gpxtpx:TrackPointExtension>
        </extensions>
      </trkpt>
      <trkpt lat="30.593263" lon="34.662175">
        <ele>772.8</ele>
        <time>2026-04-07T05:12:08.000Z</time>
        <extensions>
          <gpxtpx:TrackPointExtension>
            <gpxtpx:hr>103</gpxtpx:hr>
            <gpxtpx:cad>0</gpxtpx:cad>
            <gpxtpx:atemp>295.65</gpxtpx:atemp>
          </gpxtpx:TrackPointExtension>
        </extensions>
      </trkpt>
      <trkpt lat="30.593341" lon="34.662184">
        <ele>771.0</ele>
        <time>2026-04-07T05:12:24.000Z</time>
        <extensions>
          <gpxtpx:TrackPointExtension>
            <gpxtpx:hr>107</gpxtpx:hr>
            <gpxtpx:cad>0</gpxtpx:cad>
            <gpxtpx:atemp>295.65</gpxtpx:atemp>
          </gpxtpx:TrackPointExtension>
        </extensions>
      </trkpt>
      <trkpt lat="30.593443" lon="34.662308">
        <ele>771.5</ele>
        <time>2026-04-07T05:12:36.000Z</time>
        <extensions>
          <gpxtpx:TrackPointExtension>
            <gpxtpx:hr>107</gpxtpx:hr>
            <gpxtpx:cad>50</gpxtpx:cad>
            <gpxtpx:atemp>295.65</gpxtpx:atemp>
          </gpxtpx:TrackPointExtension>
        </extensions>
      </trkpt>
      <trkpt lat="30.593468" lon="34.662362">
        <ele>772.1</ele>
        <time>2026-04-07T05:12:40.000Z</time>
        <extensions>
          <gpxtpx:TrackPointExtension>
            <gpxtpx:hr>107</gpxtpx:hr>
            <gpxtpx:cad>0</gpxtpx:cad>
            <gpxtpx:atemp>295.65</gpxtpx:atemp>
          </gpxtpx:TrackPointExtension>
        </extensions>
      </trkpt>
      <trkpt lat="30.593543" lon="34.662386">
        <ele>771.2</ele>
        <time>2026-04-07T05:12:48.000Z</time>
        <extensions>
          <gpxtpx:TrackPointExtension>
            <gpxtpx:hr>106</gpxtpx:hr>
            <gpxtpx:cad>62</gpxtpx:cad>
            <gpxtpx:atemp>295.65</gpxtpx:atemp>
          </gpxtpx:TrackPointExtension>
        </extensions>
      </trkpt>
      <trkpt lat="30.593626" lon="34.662354">
        <ele>768.5</ele>
        <time>2026-04-07T05:12:55.000Z</time>
        <extensions>
          <gpxtpx:TrackPointExtension>
            <gpxtpx:hr>105</gpxtpx:hr>
            <gpxtpx:cad>59</gpxtpx:cad>
            <gpxtpx:atemp>295.65</gpxtpx:atemp>
          </gpxtpx:TrackPointExtension>
        </extensions>
      </trkpt>
      <trkpt lat="30.593674" lon="34.662349">
        <ele>767.4</ele>
        <time>2026-04-07T05:12:59.000Z</time>
        <extensions>
          <gpxtpx:TrackPointExtension>
            <gpxtpx:hr>104</gpxtpx:hr>
            <gpxtpx:cad>58</gpxtpx:cad>
            <gpxtpx:atemp>295.65</gpxtpx:atemp>
          </gpxtpx:TrackPointExtension>
        </extensions>
      </trkpt>
      <trkpt lat="30.593745" lon="34.662381">
        <ele>766.6</ele>
        <time>2026-04-07T05:13:05.000Z</time>
        <extensions>
          <gpxtpx:TrackPointExtension>
            <gpxtpx:hr>103</gpxtpx:hr>
            <gpxtpx:cad>58</gpxtpx:cad>
            <gpxtpx:atemp>295.65</gpxtpx:atemp>
          </gpxtpx:TrackPointExtension>
        </extensions>
      </trkpt>
      <trkpt lat="30.593800" lon="34.662376">
        <ele>766.0</ele>
        <time>2026-04-07T05:13:10.000Z</time>
        <extensions>
          <gpxtpx:TrackPointExtension>
            <gpxtpx:hr>104</gpxtpx:hr>
            <gpxtpx:cad>125</gpxtpx:cad>
            <gpxtpx:atemp>295.65</gpxtpx:atemp>
          </gpxtpx:TrackPointExtension>
        </extensions>
      </trkpt>
      <trkpt lat="30.593955" lon="34.662442">
        <ele>766.1</ele>
        <time>2026-04-07T05:13:23.000Z</time>
        <extensions>
          <gpxtpx:TrackPointExtension>
            <gpxtpx:hr>106</gpxtpx:hr>
            <gpxtpx:cad>0</gpxtpx:cad>
            <gpxtpx:atemp>295.65</gpxtpx:atemp>
          </gpxtpx:TrackPointExtension>
        </extensions>
      </trkpt>
      <trkpt lat="30.594003" lon="34.662461">
        <ele>766.0</ele>
        <time>2026-04-07T05:13:26.000Z</time>
        <extensions>
          <gpxtpx:TrackPointExtension>
            <gpxtpx:hr>105</gpxtpx:hr>
            <gpxtpx:cad>0</gpxtpx:cad>
            <gpxtpx:atemp>295.65</gpxtpx:atemp>
          </gpxtpx:TrackPointExtension>
        </extensions>
      </trkpt>
      <trkpt lat="30.594142" lon="34.662495">
        <ele>765.6</ele>
        <time>2026-04-07T05:13:35.000Z</time>
        <extensions>
          <gpxtpx:TrackPointExtension>
            <gpxtpx:hr>105</gpxtpx:hr>
            <gpxtpx:cad>63</gpxtpx:cad>
            <gpxtpx:atemp>295.65</gpxtpx:atemp>
          </gpxtpx:TrackPointExtension>
        </extensions>
      </trkpt>
      <trkpt lat="30.594206" lon="34.662494">
        <ele>765.1</ele>
        <time>2026-04-07T05:13:40.000Z</time>
        <extensions>
          <gpxtpx:TrackPointExtension>
            <gpxtpx:hr>106</gpxtpx:hr>
            <gpxtpx:cad>63</gpxtpx:cad>
            <gpxtpx:atemp>295.65</gpxtpx:atemp>
          </gpxtpx:TrackPointExtension>
        </extensions>
      </trkpt>
      <trkpt lat="30.594336" lon="34.662533">
        <ele>764.8</ele>
        <time>2026-04-07T05:13:50.000Z</time>
        <extensions>
          <gpxtpx:TrackPointExtension>
            <gpxtpx:hr>110</gpxtpx:hr>
            <gpxtpx:cad>62</gpxtpx:cad>
            <gpxtpx:atemp>296.65</gpxtpx:atemp>
          </gpxtpx:TrackPointExtension>
        </extensions>
      </trkpt>
      <trkpt lat="30.594385" lon="34.662541">
        <ele>764.7</ele>
        <time>2026-04-07T05:13:54.000Z</time>
        <extensions>
          <gpxtpx:TrackPointExtension>
            <gpxtpx:hr>110</gpxtpx:hr>
            <gpxtpx:cad>62</gpxtpx:cad>
            <gpxtpx:atemp>296.65</gpxtpx:atemp>
          </gpxtpx:TrackPointExtension>
        </extensions>
      </trkpt>
      <trkpt lat="30.594531" lon="34.662533">
        <ele>764.2</ele>
        <time>2026-04-07T05:14:08.000Z</time>
        <extensions>
          <gpxtpx:TrackPointExtension>
            <gpxtpx:hr>109</gpxtpx:hr>
            <gpxtpx:cad>56</gpxtpx:cad>
            <gpxtpx:atemp>296.65</gpxtpx:atemp>
          </gpxtpx:TrackPointExtension>
        </extensions>
      </trkpt>
      <trkpt lat="30.594591" lon="34.662574">
        <ele>764.0</ele>
        <time>2026-04-07T05:14:16.000Z</time>
        <extensions>
          <gpxtpx:TrackPointExtension>
            <gpxtpx:hr>107</gpxtpx:hr>
            <gpxtpx:cad>57</gpxtpx:cad>
            <gpxtpx:atemp>296.65</gpxtpx:atemp>
          </gpxtpx:TrackPointExtension>
        </extensions>
      </trkpt>
      <trkpt lat="30.594630" lon="34.662627">
        <ele>764.0</ele>
        <time>2026-04-07T05:14:21.000Z</time>
        <extensions>
          <gpxtpx:TrackPointExtension>
            <gpxtpx:hr>107</gpxtpx:hr>
            <gpxtpx:cad>0</gpxtpx:cad>
            <gpxtpx:atemp>296.65</gpxtpx:atemp>
          </gpxtpx:TrackPointExtension>
        </extensions>
      </trkpt>
      <trkpt lat="30.594642" lon="34.662680">
        <ele>764.6</ele>
        <time>2026-04-07T05:14:25.000Z</time>
        <extensions>
          <gpxtpx:TrackPointExtension>
            <gpxtpx:hr>107</gpxtpx:hr>
            <gpxtpx:cad>0</gpxtpx:cad>
            <gpxtpx:atemp>296.65</gpxtpx:atemp>
          </gpxtpx:TrackPointExtension>
        </extensions>
      </trkpt>
      <trkpt lat="30.594702" lon="34.662704">
        <ele>764.8</ele>
        <time>2026-04-07T05:14:31.000Z</time>
        <extensions>
          <gpxtpx:TrackPointExtension>
            <gpxtpx:hr>108</gpxtpx:hr>
            <gpxtpx:cad>0</gpxtpx:cad>
            <gpxtpx:atemp>296.65</gpxtpx:atemp>
          </gpxtpx:TrackPointExtension>
        </extensions>
      </trkpt>
      <trkpt lat="30.594799" lon="34.662689">
        <ele>764.6</ele>
        <time>2026-04-07T05:14:40.000Z</time>
        <extensions>
          <gpxtpx:TrackPointExtension>
            <gpxtpx:hr>106</gpxtpx:hr>
            <gpxtpx:cad>53</gpxtpx:cad>
            <gpxtpx:atemp>296.65</gpxtpx:atemp>
          </gpxtpx:TrackPointExtension>
        </extensions>
      </trkpt>
      <trkpt lat="30.594932" lon="34.662693">
        <ele>764.5</ele>
        <time>2026-04-07T05:14:52.000Z</time>
        <extensions>
          <gpxtpx:TrackPointExtension>
            <gpxtpx:hr>107</gpxtpx:hr>
            <gpxtpx:cad>0</gpxtpx:cad>
            <gpxtpx:atemp>296.65</gpxtpx:atemp>
          </gpxtpx:TrackPointExtension>
        </extensions>
      </trkpt>
      <trkpt lat="30.595062" lon="34.662672">
        <ele>764.3</ele>
        <time>2026-04-07T05:15:03.000Z</time>
        <extensions>
          <gpxtpx:TrackPointExtension>
            <gpxtpx:hr>108</gpxtpx:hr>
            <gpxtpx:cad>0</gpxtpx:cad>
            <gpxtpx:atemp>296.65</gpxtpx:atemp>
          </gpxtpx:TrackPointExtension>
        </extensions>
      </trkpt>
      <trkpt lat="30.595178" lon="34.662708">
        <ele>764.4</ele>
        <time>2026-04-07T05:15:13.000Z</time>
        <extensions>
          <gpxtpx:TrackPointExtension>
            <gpxtpx:hr>110</gpxtpx:hr>
            <gpxtpx:cad>0</gpxtpx:cad>
            <gpxtpx:atemp>296.65</gpxtpx:atemp>
          </gpxtpx:TrackPointExtension>
        </extensions>
      </trkpt>
      <trkpt lat="30.595289" lon="34.662764">
        <ele>764.4</ele>
        <time>2026-04-07T05:15:23.000Z</time>
        <extensions>
          <gpxtpx:TrackPointExtension>
            <gpxtpx:hr>109</gpxtpx:hr>
            <gpxtpx:cad>0</gpxtpx:cad>
            <gpxtpx:atemp>296.65</gpxtpx:atemp>
          </gpxtpx:TrackPointExtension>
        </extensions>
      </trkpt>
      <trkpt lat="30.595325" lon="34.662793">
        <ele>764.4</ele>
        <time>2026-04-07T05:15:27.000Z</time>
        <extensions>
          <gpxtpx:TrackPointExtension>
            <gpxtpx:hr>108</gpxtpx:hr>
            <gpxtpx:cad>61</gpxtpx:cad>
            <gpxtpx:atemp>296.65</gpxtpx:atemp>
          </gpxtpx:TrackPointExtension>
        </extensions>
      </trkpt>
      <trkpt lat="30.595364" lon="34.662869">
        <ele>764.8</ele>
        <time>2026-04-07T05:15:32.000Z</time>
        <extensions>
          <gpxtpx:TrackPointExtension>
            <gpxtpx:hr>106</gpxtpx:hr>
            <gpxtpx:cad>60</gpxtpx:cad>
            <gpxtpx:atemp>296.65</gpxtpx:atemp>
          </gpxtpx:TrackPointExtension>
        </extensions>
      </trkpt>
      <trkpt lat="30.595427" lon="34.662888">
        <ele>764.7</ele>
        <time>2026-04-07T05:15:40.000Z</time>
        <extensions>
          <gpxtpx:TrackPointExtension>
            <gpxtpx:hr>107</gpxtpx:hr>
            <gpxtpx:cad>0</gpxtpx:cad>
            <gpxtpx:atemp>296.65</gpxtpx:atemp>
          </gpxtpx:TrackPointExtension>
        </extensions>
      </trkpt>
      <trkpt lat="30.595513" lon="34.662846">
        <ele>763.8</ele>
        <time>2026-04-07T05:15:49.000Z</time>
        <extensions>
          <gpxtpx:TrackPointExtension>
            <gpxtpx:hr>107</gpxtpx:hr>
            <gpxtpx:cad>53</gpxtpx:cad>
            <gpxtpx:atemp>296.65</gpxtpx:atemp>
          </gpxtpx:TrackPointExtension>
        </extensions>
      </trkpt>
      <trkpt lat="30.595643" lon="34.662861">
        <ele>763.0</ele>
        <time>2026-04-07T05:15:58.000Z</time>
        <extensions>
          <gpxtpx:TrackPointExtension>
            <gpxtpx:hr>107</gpxtpx:hr>
            <gpxtpx:cad>61</gpxtpx:cad>
            <gpxtpx:atemp>296.65</gpxtpx:atemp>
          </gpxtpx:TrackPointExtension>
        </extensions>
      </trkpt>
      <trkpt lat="30.595758" lon="34.662855">
        <ele>761.9</ele>
        <time>2026-04-07T05:16:07.000Z</time>
        <extensions>
          <gpxtpx:TrackPointExtension>
            <gpxtpx:hr>106</gpxtpx:hr>
            <gpxtpx:cad>61</gpxtpx:cad>
            <gpxtpx:atemp>296.65</gpxtpx:atemp>
          </gpxtpx:TrackPointExtension>
        </extensions>
      </trkpt>
      <trkpt lat="30.595927" lon="34.662855">
        <ele>760.0</ele>
        <time>2026-04-07T05:16:27.000Z</time>
        <extensions>
          <gpxtpx:TrackPointExtension>
            <gpxtpx:hr>100</gpxtpx:hr>
            <gpxtpx:cad>0</gpxtpx:cad>
            <gpxtpx:atemp>296.65</gpxtpx:atemp>
          </gpxtpx:TrackPointExtension>
        </extensions>
      </trkpt>
      <trkpt lat="30.596071" lon="34.662882">
        <ele>758.3</ele>
        <time>2026-04-07T05:16:43.000Z</time>
        <extensions>
          <gpxtpx:TrackPointExtension>
            <gpxtpx:hr>100</gpxtpx:hr>
            <gpxtpx:cad>51</gpxtpx:cad>
            <gpxtpx:atemp>296.65</gpxtpx:atemp>
          </gpxtpx:TrackPointExtension>
        </extensions>
      </trkpt>
      <trkpt lat="30.596149" lon="34.662906">
        <ele>757.4</ele>
        <time>2026-04-07T05:16:52.000Z</time>
        <extensions>
          <gpxtpx:TrackPointExtension>
            <gpxtpx:hr>95</gpxtpx:hr>
            <gpxtpx:cad>0</gpxtpx:cad>
            <gpxtpx:atemp>296.65</gpxtpx:atemp>
          </gpxtpx:TrackPointExtension>
        </extensions>
      </trkpt>
      <trkpt lat="30.596235" lon="34.662954">
        <ele>756.9</ele>
        <time>2026-04-07T05:17:00.000Z</time>
        <extensions>
          <gpxtpx:TrackPointExtension>
            <gpxtpx:hr>93</gpxtpx:hr>
            <gpxtpx:cad>57</gpxtpx:cad>
            <gpxtpx:atemp>296.65</gpxtpx:atemp>
          </gpxtpx:TrackPointExtension>
        </extensions>
      </trkpt>
      <trkpt lat="30.596304" lon="34.662941">
        <ele>755.9</ele>
        <time>2026-04-07T05:17:05.000Z</time>
        <extensions>
          <gpxtpx:TrackPointExtension>
            <gpxtpx:hr>93</gpxtpx:hr>
            <gpxtpx:cad>0</gpxtpx:cad>
            <gpxtpx:atemp>296.65</gpxtpx:atemp>
          </gpxtpx:TrackPointExtension>
        </extensions>
      </trkpt>
      <trkpt lat="30.596376" lon="34.662887">
        <ele>754.3</ele>
        <time>2026-04-07T05:17:13.000Z</time>
        <extensions>
          <gpxtpx:TrackPointExtension>
            <gpxtpx:hr>93</gpxtpx:hr>
            <gpxtpx:cad>55</gpxtpx:cad>
            <gpxtpx:atemp>296.65</gpxtpx:atemp>
          </gpxtpx:TrackPointExtension>
        </extensions>
      </trkpt>
      <trkpt lat="30.596534" lon="34.662894">
        <ele>752.8</ele>
        <time>2026-04-07T05:17:24.000Z</time>
        <extensions>
          <gpxtpx:TrackPointExtension>
            <gpxtpx:hr>97</gpxtpx:hr>
            <gpxtpx:cad>0</gpxtpx:cad>
            <gpxtpx:atemp>296.65</gpxtpx:atemp>
          </gpxtpx:TrackPointExtension>
        </extensions>
      </trkpt>
      <trkpt lat="30.596597" lon="34.662868">
        <ele>752.5</ele>
        <time>2026-04-07T05:17:29.000Z</time>
        <extensions>
          <gpxtpx:TrackPointExtension>
            <gpxtpx:hr>99</gpxtpx:hr>
            <gpxtpx:cad>0</gpxtpx:cad>
            <gpxtpx:atemp>296.65</gpxtpx:atemp>
          </gpxtpx:TrackPointExtension>
        </extensions>
      </trkpt>
      <trkpt lat="30.596627" lon="34.662835">
        <ele>752.1</ele>
        <time>2026-04-07T05:17:32.000Z</time>
        <extensions>
          <gpxtpx:TrackPointExtension>
            <gpxtpx:hr>100</gpxtpx:hr>
            <gpxtpx:cad>0</gpxtpx:cad>
            <gpxtpx:atemp>296.65</gpxtpx:atemp>
          </gpxtpx:TrackPointExtension>
        </extensions>
      </trkpt>
      <trkpt lat="30.596694" lon="34.662810">
        <ele>751.8</ele>
        <time>2026-04-07T05:17:37.000Z</time>
        <extensions>
          <gpxtpx:TrackPointExtension>
            <gpxtpx:hr>102</gpxtpx:hr>
            <gpxtpx:cad>53</gpxtpx:cad>
            <gpxtpx:atemp>296.65</gpxtpx:atemp>
          </gpxtpx:TrackPointExtension>
        </extensions>
      </trkpt>
      <trkpt lat="30.596755" lon="34.662768">
        <ele>751.4</ele>
        <time>2026-04-07T05:17:42.000Z</time>
        <extensions>
          <gpxtpx:TrackPointExtension>
            <gpxtpx:hr>106</gpxtpx:hr>
            <gpxtpx:cad>62</gpxtpx:cad>
            <gpxtpx:atemp>296.65</gpxtpx:atemp>
          </gpxtpx:TrackPointExtension>
        </extensions>
      </trkpt>
      <trkpt lat="30.596843" lon="34.662752">
        <ele>751.5</ele>
        <time>2026-04-07T05:17:50.000Z</time>
        <extensions>
          <gpxtpx:TrackPointExtension>
            <gpxtpx:hr>108</gpxtpx:hr>
            <gpxtpx:cad>0</gpxtpx:cad>
            <gpxtpx:atemp>296.65</gpxtpx:atemp>
          </gpxtpx:TrackPointExtension>
        </extensions>
      </trkpt>
      <trkpt lat="30.596885" lon="34.662711">
        <ele>751.4</ele>
        <time>2026-04-07T05:18:04.000Z</time>
        <extensions>
          <gpxtpx:TrackPointExtension>
            <gpxtpx:hr>109</gpxtpx:hr>
            <gpxtpx:cad>56</gpxtpx:cad>
            <gpxtpx:atemp>296.65</gpxtpx:atemp>
          </gpxtpx:TrackPointExtension>
        </extensions>
      </trkpt>
      <trkpt lat="30.597004" lon="34.662676">
        <ele>751.9</ele>
        <time>2026-04-07T05:18:13.000Z</time>
        <extensions>
          <gpxtpx:TrackPointExtension>
            <gpxtpx:hr>106</gpxtpx:hr>
            <gpxtpx:cad>0</gpxtpx:cad>
            <gpxtpx:atemp>296.65</gpxtpx:atemp>
          </gpxtpx:TrackPointExtension>
        </extensions>
      </trkpt>
      <trkpt lat="30.597110" lon="34.662651">
        <ele>752.5</ele>
        <time>2026-04-07T05:18:22.000Z</time>
        <extensions>
          <gpxtpx:TrackPointExtension>
            <gpxtpx:hr>106</gpxtpx:hr>
            <gpxtpx:cad>59</gpxtpx:cad>
            <gpxtpx:atemp>296.65</gpxtpx:atemp>
          </gpxtpx:TrackPointExtension>
        </extensions>
      </trkpt>
      <trkpt lat="30.597159" lon="34.662676">
        <ele>753.4</ele>
        <time>2026-04-07T05:18:28.000Z</time>
        <extensions>
          <gpxtpx:TrackPointExtension>
            <gpxtpx:hr>102</gpxtpx:hr>
            <gpxtpx:cad>59</gpxtpx:cad>
            <gpxtpx:atemp>296.65</gpxtpx:atemp>
          </gpxtpx:TrackPointExtension>
        </extensions>
      </trkpt>
      <trkpt lat="30.597220" lon="34.662665">
        <ele>753.9</ele>
        <time>2026-04-07T05:18:34.000Z</time>
        <extensions>
          <gpxtpx:TrackPointExtension>
            <gpxtpx:hr>100</gpxtpx:hr>
            <gpxtpx:cad>0</gpxtpx:cad>
            <gpxtpx:atemp>296.65</gpxtpx:atemp>
          </gpxtpx:TrackPointExtension>
        </extensions>
      </trkpt>
      <trkpt lat="30.597296" lon="34.662713">
        <ele>755.6</ele>
        <time>2026-04-07T05:18:43.000Z</time>
        <extensions>
          <gpxtpx:TrackPointExtension>
            <gpxtpx:hr>97</gpxtpx:hr>
            <gpxtpx:cad>0</gpxtpx:cad>
            <gpxtpx:atemp>296.65</gpxtpx:atemp>
          </gpxtpx:TrackPointExtension>
        </extensions>
      </trkpt>
      <trkpt lat="30.597335" lon="34.662709">
        <ele>756.0</ele>
        <time>2026-04-07T05:18:46.000Z</time>
        <extensions>
          <gpxtpx:TrackPointExtension>
            <gpxtpx:hr>98</gpxtpx:hr>
            <gpxtpx:cad>0</gpxtpx:cad>
            <gpxtpx:atemp>296.65</gpxtpx:atemp>
          </gpxtpx:TrackPointExtension>
        </extensions>
      </trkpt>
      <trkpt lat="30.597495" lon="34.662621">
        <ele>756.7</ele>
        <time>2026-04-07T05:18:57.000Z</time>
        <extensions>
          <gpxtpx:TrackPointExtension>
            <gpxtpx:hr>99</gpxtpx:hr>
            <gpxtpx:cad>73</gpxtpx:cad>
            <gpxtpx:atemp>296.65</gpxtpx:atemp>
          </gpxtpx:TrackPointExtension>
        </extensions>
      </trkpt>
      <trkpt lat="30.597631" lon="34.662465">
        <ele>756.4</ele>
        <time>2026-04-07T05:19:09.000Z</time>
        <extensions>
          <gpxtpx:TrackPointExtension>
            <gpxtpx:hr>103</gpxtpx:hr>
            <gpxtpx:cad>74</gpxtpx:cad>
            <gpxtpx:atemp>296.65</gpxtpx:atemp>
          </gpxtpx:TrackPointExtension>
        </extensions>
      </trkpt>
      <trkpt lat="30.597745" lon="34.662345">
        <ele>755.6</ele>
        <time>2026-04-07T05:19:19.000Z</time>
        <extensions>
          <gpxtpx:TrackPointExtension>
            <gpxtpx:hr>108</gpxtpx:hr>
            <gpxtpx:cad>73</gpxtpx:cad>
            <gpxtpx:atemp>296.65</gpxtpx:atemp>
          </gpxtpx:TrackPointExtension>
        </extensions>
      </trkpt>
      <trkpt lat="30.597812" lon="34.662176">
        <ele>754.1</ele>
        <time>2026-04-07T05:19:31.000Z</time>
        <extensions>
          <gpxtpx:TrackPointExtension>
            <gpxtpx:hr>113</gpxtpx:hr>
            <gpxtpx:cad>58</gpxtpx:cad>
            <gpxtpx:atemp>296.65</gpxtpx:atemp>
          </gpxtpx:TrackPointExtension>
        </extensions>
      </trkpt>
      <trkpt lat="30.597863" lon="34.662077">
        <ele>752.9</ele>
        <time>2026-04-07T05:19:37.000Z</time>
        <extensions>
          <gpxtpx:TrackPointExtension>
            <gpxtpx:hr>113</gpxtpx:hr>
            <gpxtpx:cad>64</gpxtpx:cad>
            <gpxtpx:atemp>296.65</gpxtpx:atemp>
          </gpxtpx:TrackPointExtension>
        </extensions>
      </trkpt>
      <trkpt lat="30.597886" lon="34.661944">
        <ele>751.1</ele>
        <time>2026-04-07T05:19:43.000Z</time>
        <extensions>
          <gpxtpx:TrackPointExtension>
            <gpxtpx:hr>110</gpxtpx:hr>
            <gpxtpx:cad>75</gpxtpx:cad>
            <gpxtpx:atemp>296.65</gpxtpx:atemp>
          </gpxtpx:TrackPointExtension>
        </extensions>
      </trkpt>
      <trkpt lat="30.597916" lon="34.661875">
        <ele>750.0</ele>
        <time>2026-04-07T05:19:48.000Z</time>
        <extensions>
          <gpxtpx:TrackPointExtension>
            <gpxtpx:hr>111</gpxtpx:hr>
            <gpxtpx:cad>65</gpxtpx:cad>
            <gpxtpx:atemp>296.65</gpxtpx:atemp>
          </gpxtpx:TrackPointExtension>
        </extensions>
      </trkpt>
      <trkpt lat="30.597905" lon="34.661771">
        <ele>749.0</ele>
        <time>2026-04-07T05:19:53.000Z</time>
        <extensions>
          <gpxtpx:TrackPointExtension>
            <gpxtpx:hr>111</gpxtpx:hr>
            <gpxtpx:cad>59</gpxtpx:cad>
            <gpxtpx:atemp>296.65</gpxtpx:atemp>
          </gpxtpx:TrackPointExtension>
        </extensions>
      </trkpt>
      <trkpt lat="30.597922" lon="34.661696">
        <ele>748.6</ele>
        <time>2026-04-07T05:19:57.000Z</time>
        <extensions>
          <gpxtpx:TrackPointExtension>
            <gpxtpx:hr>111</gpxtpx:hr>
            <gpxtpx:cad>75</gpxtpx:cad>
            <gpxtpx:atemp>296.65</gpxtpx:atemp>
          </gpxtpx:TrackPointExtension>
        </extensions>
      </trkpt>
      <trkpt lat="30.597986" lon="34.661645">
        <ele>747.6</ele>
        <time>2026-04-07T05:20:03.000Z</time>
        <extensions>
          <gpxtpx:TrackPointExtension>
            <gpxtpx:hr>111</gpxtpx:hr>
            <gpxtpx:cad>75</gpxtpx:cad>
            <gpxtpx:atemp>296.65</gpxtpx:atemp>
          </gpxtpx:TrackPointExtension>
        </extensions>
      </trkpt>
      <trkpt lat="30.598040" lon="34.661632">
        <ele>746.9</ele>
        <time>2026-04-07T05:20:10.000Z</time>
        <extensions>
          <gpxtpx:TrackPointExtension>
            <gpxtpx:hr>111</gpxtpx:hr>
            <gpxtpx:cad>0</gpxtpx:cad>
            <gpxtpx:atemp>296.65</gpxtpx:atemp>
          </gpxtpx:TrackPointExtension>
        </extensions>
      </trkpt>
      <trkpt lat="30.598083" lon="34.661650">
        <ele>746.6</ele>
        <time>2026-04-07T05:20:15.000Z</time>
        <extensions>
          <gpxtpx:TrackPointExtension>
            <gpxtpx:hr>111</gpxtpx:hr>
            <gpxtpx:cad>0</gpxtpx:cad>
            <gpxtpx:atemp>296.65</gpxtpx:atemp>
          </gpxtpx:TrackPointExtension>
        </extensions>
      </trkpt>
      <trkpt lat="30.598131" lon="34.661695">
        <ele>746.4</ele>
        <time>2026-04-07T05:20:20.000Z</time>
        <extensions>
          <gpxtpx:TrackPointExtension>
            <gpxtpx:hr>112</gpxtpx:hr>
            <gpxtpx:cad>0</gpxtpx:cad>
            <gpxtpx:atemp>296.65</gpxtpx:atemp>
          </gpxtpx:TrackPointExtension>
        </extensions>
      </trkpt>
      <trkpt lat="30.598287" lon="34.661746">
        <ele>745.0</ele>
        <time>2026-04-07T05:20:34.000Z</time>
        <extensions>
          <gpxtpx:TrackPointExtension>
            <gpxtpx:hr>111</gpxtpx:hr>
            <gpxtpx:cad>46</gpxtpx:cad>
            <gpxtpx:atemp>296.65</gpxtpx:atemp>
          </gpxtpx:TrackPointExtension>
        </extensions>
      </trkpt>
      <trkpt lat="30.598385" lon="34.661743">
        <ele>743.4</ele>
        <time>2026-04-07T05:20:43.000Z</time>
        <extensions>
          <gpxtpx:TrackPointExtension>
            <gpxtpx:hr>108</gpxtpx:hr>
            <gpxtpx:cad>0</gpxtpx:cad>
            <gpxtpx:atemp>296.65</gpxtpx:atemp>
          </gpxtpx:TrackPointExtension>
        </extensions>
      </trkpt>
      <trkpt lat="30.598468" lon="34.661713">
        <ele>741.7</ele>
        <time>2026-04-07T05:20:51.000Z</time>
        <extensions>
          <gpxtpx:TrackPointExtension>
            <gpxtpx:hr>107</gpxtpx:hr>
            <gpxtpx:cad>0</gpxtpx:cad>
            <gpxtpx:atemp>296.65</gpxtpx:atemp>
          </gpxtpx:TrackPointExtension>
        </extensions>
      </trkpt>
      <trkpt lat="30.598490" lon="34.661690">
        <ele>741.1</ele>
        <time>2026-04-07T05:20:53.000Z</time>
        <extensions>
          <gpxtpx:TrackPointExtension>
            <gpxtpx:hr>107</gpxtpx:hr>
            <gpxtpx:cad>0</gpxtpx:cad>
            <gpxtpx:atemp>296.65</gpxtpx:atemp>
          </gpxtpx:TrackPointExtension>
        </extensions>
      </trkpt>
      <trkpt lat="30.598661" lon="34.661543">
        <ele>736.5</ele>
        <time>2026-04-07T05:21:04.000Z</time>
        <extensions>
          <gpxtpx:TrackPointExtension>
            <gpxtpx:hr>110</gpxtpx:hr>
            <gpxtpx:cad>71</gpxtpx:cad>
            <gpxtpx:atemp>296.65</gpxtpx:atemp>
          </gpxtpx:TrackPointExtension>
        </extensions>
      </trkpt>
      <trkpt lat="30.598760" lon="34.661470">
        <ele>734.1</ele>
        <time>2026-04-07T05:21:10.000Z</time>
        <extensions>
          <gpxtpx:TrackPointExtension>
            <gpxtpx:hr>114</gpxtpx:hr>
            <gpxtpx:cad>75</gpxtpx:cad>
            <gpxtpx:atemp>296.65</gpxtpx:atemp>
          </gpxtpx:TrackPointExtension>
        </extensions>
      </trkpt>
      <trkpt lat="30.598837" lon="34.661444">
        <ele>733.3</ele>
        <time>2026-04-07T05:21:14.000Z</time>
        <extensions>
          <gpxtpx:TrackPointExtension>
            <gpxtpx:hr>115</gpxtpx:hr>
            <gpxtpx:cad>74</gpxtpx:cad>
            <gpxtpx:atemp>296.65</gpxtpx:atemp>
          </gpxtpx:TrackPointExtension>
        </extensions>
      </trkpt>
      <trkpt lat="30.598964" lon="34.661398">
        <ele>731.6</ele>
        <time>2026-04-07T05:21:24.000Z</time>
        <extensions>
          <gpxtpx:TrackPointExtension>
            <gpxtpx:hr>114</gpxtpx:hr>
            <gpxtpx:cad>73</gpxtpx:cad>
            <gpxtpx:atemp>296.65</gpxtpx:atemp>
          </gpxtpx:TrackPointExtension>
        </extensions>
      </trkpt>
      <trkpt lat="30.599010" lon="34.661377">
        <ele>730.9</ele>
        <time>2026-04-07T05:21:28.000Z</time>
        <extensions>
          <gpxtpx:TrackPointExtension>
            <gpxtpx:hr>114</gpxtpx:hr>
            <gpxtpx:cad>0</gpxtpx:cad>
            <gpxtpx:atemp>296.65</gpxtpx:atemp>
          </gpxtpx:TrackPointExtension>
        </extensions>
      </trkpt>
      <trkpt lat="30.599078" lon="34.661356">
        <ele>730.6</ele>
        <time>2026-04-07T05:21:55.000Z</time>
        <extensions>
          <gpxtpx:TrackPointExtension>
            <gpxtpx:hr>113</gpxtpx:hr>
            <gpxtpx:cad>0</gpxtpx:cad>
            <gpxtpx:atemp>296.65</gpxtpx:atemp>
          </gpxtpx:TrackPointExtension>
        </extensions>
      </trkpt>
      <trkpt lat="30.599127" lon="34.661243">
        <ele>728.6</ele>
        <time>2026-04-07T05:22:03.000Z</time>
        <extensions>
          <gpxtpx:TrackPointExtension>
            <gpxtpx:hr>114</gpxtpx:hr>
            <gpxtpx:cad>57</gpxtpx:cad>
            <gpxtpx:atemp>296.65</gpxtpx:atemp>
          </gpxtpx:TrackPointExtension>
        </extensions>
      </trkpt>
      <trkpt lat="30.599170" lon="34.661218">
        <ele>728.6</ele>
        <time>2026-04-07T05:22:08.000Z</time>
        <extensions>
          <gpxtpx:TrackPointExtension>
            <gpxtpx:hr>114</gpxtpx:hr>
            <gpxtpx:cad>0</gpxtpx:cad>
            <gpxtpx:atemp>296.65</gpxtpx:atemp>
          </gpxtpx:TrackPointExtension>
        </extensions>
      </trkpt>
      <trkpt lat="30.599270" lon="34.661197">
        <ele>728.8</ele>
        <time>2026-04-07T05:22:16.000Z</time>
        <extensions>
          <gpxtpx:TrackPointExtension>
            <gpxtpx:hr>113</gpxtpx:hr>
            <gpxtpx:cad>0</gpxtpx:cad>
            <gpxtpx:atemp>296.65</gpxtpx:atemp>
          </gpxtpx:TrackPointExtension>
        </extensions>
      </trkpt>
      <trkpt lat="30.599296" lon="34.661197">
        <ele>729.0</ele>
        <time>2026-04-07T05:22:18.000Z</time>
        <extensions>
          <gpxtpx:TrackPointExtension>
            <gpxtpx:hr>114</gpxtpx:hr>
            <gpxtpx:cad>0</gpxtpx:cad>
            <gpxtpx:atemp>296.65</gpxtpx:atemp>
          </gpxtpx:TrackPointExtension>
        </extensions>
      </trkpt>
      <trkpt lat="30.599371" lon="34.661177">
        <ele>729.3</ele>
        <time>2026-04-07T05:22:24.000Z</time>
        <extensions>
          <gpxtpx:TrackPointExtension>
            <gpxtpx:hr>116</gpxtpx:hr>
            <gpxtpx:cad>0</gpxtpx:cad>
            <gpxtpx:atemp>296.65</gpxtpx:atemp>
          </gpxtpx:TrackPointExtension>
        </extensions>
      </trkpt>
      <trkpt lat="30.599427" lon="34.661147">
        <ele>729.3</ele>
        <time>2026-04-07T05:22:29.000Z</time>
        <extensions>
          <gpxtpx:TrackPointExtension>
            <gpxtpx:hr>114</gpxtpx:hr>
            <gpxtpx:cad>0</gpxtpx:cad>
            <gpxtpx:atemp>296.65</gpxtpx:atemp>
          </gpxtpx:TrackPointExtension>
        </extensions>
      </trkpt>
      <trkpt lat="30.599634" lon="34.661172">
        <ele>732.1</ele>
        <time>2026-04-07T05:22:41.000Z</time>
        <extensions>
          <gpxtpx:TrackPointExtension>
            <gpxtpx:hr>115</gpxtpx:hr>
            <gpxtpx:cad>0</gpxtpx:cad>
            <gpxtpx:atemp>296.65</gpxtpx:atemp>
          </gpxtpx:TrackPointExtension>
        </extensions>
      </trkpt>
      <trkpt lat="30.599709" lon="34.661169">
        <ele>733.2</ele>
        <time>2026-04-07T05:22:46.000Z</time>
        <extensions>
          <gpxtpx:TrackPointExtension>
            <gpxtpx:hr>116</gpxtpx:hr>
            <gpxtpx:cad>70</gpxtpx:cad>
            <gpxtpx:atemp>296.65</gpxtpx:atemp>
          </gpxtpx:TrackPointExtension>
        </extensions>
      </trkpt>
      <trkpt lat="30.599787" lon="34.661132">
        <ele>733.5</ele>
        <time>2026-04-07T05:22:52.000Z</time>
        <extensions>
          <gpxtpx:TrackPointExtension>
            <gpxtpx:hr>113</gpxtpx:hr>
            <gpxtpx:cad>0</gpxtpx:cad>
            <gpxtpx:atemp>296.65</gpxtpx:atemp>
          </gpxtpx:TrackPointExtension>
        </extensions>
      </trkpt>
      <trkpt lat="30.599898" lon="34.661023">
        <ele>732.3</ele>
        <time>2026-04-07T05:23:02.000Z</time>
        <extensions>
          <gpxtpx:TrackPointExtension>
            <gpxtpx:hr>114</gpxtpx:hr>
            <gpxtpx:cad>74</gpxtpx:cad>
            <gpxtpx:atemp>296.65</gpxtpx:atemp>
          </gpxtpx:TrackPointExtension>
        </extensions>
      </trkpt>
      <trkpt lat="30.599951" lon="34.660950">
        <ele>731.5</ele>
        <time>2026-04-07T05:23:07.000Z</time>
        <extensions>
          <gpxtpx:TrackPointExtension>
            <gpxtpx:hr>116</gpxtpx:hr>
            <gpxtpx:cad>74</gpxtpx:cad>
            <gpxtpx:atemp>296.65</gpxtpx:atemp>
          </gpxtpx:TrackPointExtension>
        </extensions>
      </trkpt>
      <trkpt lat="30.599969" lon="34.660900">
        <ele>730.8</ele>
        <time>2026-04-07T05:23:10.000Z</time>
        <extensions>
          <gpxtpx:TrackPointExtension>
            <gpxtpx:hr>115</gpxtpx:hr>
            <gpxtpx:cad>68</gpxtpx:cad>
            <gpxtpx:atemp>296.65</gpxtpx:atemp>
          </gpxtpx:TrackPointExtension>
        </extensions>
      </trkpt>
      <trkpt lat="30.600026" lon="34.660822">
        <ele>730.2</ele>
        <time>2026-04-07T05:23:15.000Z</time>
        <extensions>
          <gpxtpx:TrackPointExtension>
            <gpxtpx:hr>120</gpxtpx:hr>
            <gpxtpx:cad>72</gpxtpx:cad>
            <gpxtpx:atemp>296.65</gpxtpx:atemp>
          </gpxtpx:TrackPointExtension>
        </extensions>
      </trkpt>
      <trkpt lat="30.600052" lon="34.660769">
        <ele>729.5</ele>
        <time>2026-04-07T05:23:20.000Z</time>
        <extensions>
          <gpxtpx:TrackPointExtension>
            <gpxtpx:hr>122</gpxtpx:hr>
            <gpxtpx:cad>69</gpxtpx:cad>
            <gpxtpx:atemp>296.65</gpxtpx:atemp>
          </gpxtpx:TrackPointExtension>
        </extensions>
      </trkpt>
      <trkpt lat="30.600123" lon="34.660714">
        <ele>729.3</ele>
        <time>2026-04-07T05:23:26.000Z</time>
        <extensions>
          <gpxtpx:TrackPointExtension>
            <gpxtpx:hr>122</gpxtpx:hr>
            <gpxtpx:cad>55</gpxtpx:cad>
            <gpxtpx:atemp>296.65</gpxtpx:atemp>
          </gpxtpx:TrackPointExtension>
        </extensions>
      </trkpt>
      <trkpt lat="30.600248" lon="34.660598">
        <ele>729.5</ele>
        <time>2026-04-07T05:23:37.000Z</time>
        <extensions>
          <gpxtpx:TrackPointExtension>
            <gpxtpx:hr>123</gpxtpx:hr>
            <gpxtpx:cad>0</gpxtpx:cad>
            <gpxtpx:atemp>296.65</gpxtpx:atemp>
          </gpxtpx:TrackPointExtension>
        </extensions>
      </trkpt>
      <trkpt lat="30.600278" lon="34.660504">
        <ele>728.2</ele>
        <time>2026-04-07T05:23:43.000Z</time>
        <extensions>
          <gpxtpx:TrackPointExtension>
            <gpxtpx:hr>124</gpxtpx:hr>
            <gpxtpx:cad>75</gpxtpx:cad>
            <gpxtpx:atemp>296.65</gpxtpx:atemp>
          </gpxtpx:TrackPointExtension>
        </extensions>
      </trkpt>
      <trkpt lat="30.600294" lon="34.660402">
        <ele>726.5</ele>
        <time>2026-04-07T05:23:48.000Z</time>
        <extensions>
          <gpxtpx:TrackPointExtension>
            <gpxtpx:hr>123</gpxtpx:hr>
            <gpxtpx:cad>75</gpxtpx:cad>
            <gpxtpx:atemp>296.65</gpxtpx:atemp>
          </gpxtpx:TrackPointExtension>
        </extensions>
      </trkpt>
      <trkpt lat="30.600292" lon="34.660360">
        <ele>725.8</ele>
        <time>2026-04-07T05:23:50.000Z</time>
        <extensions>
          <gpxtpx:TrackPointExtension>
            <gpxtpx:hr>123</gpxtpx:hr>
            <gpxtpx:cad>0</gpxtpx:cad>
            <gpxtpx:atemp>296.65</gpxtpx:atemp>
          </gpxtpx:TrackPointExtension>
        </extensions>
      </trkpt>
      <trkpt lat="30.600339" lon="34.660179">
        <ele>723.6</ele>
        <time>2026-04-07T05:23:59.000Z</time>
        <extensions>
          <gpxtpx:TrackPointExtension>
            <gpxtpx:hr>118</gpxtpx:hr>
            <gpxtpx:cad>74</gpxtpx:cad>
            <gpxtpx:atemp>296.65</gpxtpx:atemp>
          </gpxtpx:TrackPointExtension>
        </extensions>
      </trkpt>
      <trkpt lat="30.600329" lon="34.660105">
        <ele>722.2</ele>
        <time>2026-04-07T05:24:03.000Z</time>
        <extensions>
          <gpxtpx:TrackPointExtension>
            <gpxtpx:hr>119</gpxtpx:hr>
            <gpxtpx:cad>69</gpxtpx:cad>
            <gpxtpx:atemp>296.65</gpxtpx:atemp>
          </gpxtpx:TrackPointExtension>
        </extensions>
      </trkpt>
      <trkpt lat="30.600380" lon="34.659978">
        <ele>720.8</ele>
        <time>2026-04-07T05:24:12.000Z</time>
        <extensions>
          <gpxtpx:TrackPointExtension>
            <gpxtpx:hr>116</gpxtpx:hr>
            <gpxtpx:cad>70</gpxtpx:cad>
            <gpxtpx:atemp>296.65</gpxtpx:atemp>
          </gpxtpx:TrackPointExtension>
        </extensions>
      </trkpt>
      <trkpt lat="30.600462" lon="34.659940">
        <ele>721.4</ele>
        <time>2026-04-07T05:24:19.000Z</time>
        <extensions>
          <gpxtpx:TrackPointExtension>
            <gpxtpx:hr>123</gpxtpx:hr>
            <gpxtpx:cad>67</gpxtpx:cad>
            <gpxtpx:atemp>296.65</gpxtpx:atemp>
          </gpxtpx:TrackPointExtension>
        </extensions>
      </trkpt>
      <trkpt lat="30.600506" lon="34.659883">
        <ele>721.3</ele>
        <time>2026-04-07T05:24:22.000Z</time>
        <extensions>
          <gpxtpx:TrackPointExtension>
            <gpxtpx:hr>124</gpxtpx:hr>
            <gpxtpx:cad>67</gpxtpx:cad>
            <gpxtpx:atemp>296.65</gpxtpx:atemp>
          </gpxtpx:TrackPointExtension>
        </extensions>
      </trkpt>
      <trkpt lat="30.600534" lon="34.659809">
        <ele>720.7</ele>
        <time>2026-04-07T05:24:26.000Z</time>
        <extensions>
          <gpxtpx:TrackPointExtension>
            <gpxtpx:hr>124</gpxtpx:hr>
            <gpxtpx:cad>75</gpxtpx:cad>
            <gpxtpx:atemp>296.65</gpxtpx:atemp>
          </gpxtpx:TrackPointExtension>
        </extensions>
      </trkpt>
      <trkpt lat="30.600560" lon="34.659770">
        <ele>720.6</ele>
        <time>2026-04-07T05:24:30.000Z</time>
        <extensions>
          <gpxtpx:TrackPointExtension>
            <gpxtpx:hr>126</gpxtpx:hr>
            <gpxtpx:cad>73</gpxtpx:cad>
            <gpxtpx:atemp>296.65</gpxtpx:atemp>
          </gpxtpx:TrackPointExtension>
        </extensions>
      </trkpt>
      <trkpt lat="30.600608" lon="34.659735">
        <ele>720.8</ele>
        <time>2026-04-07T05:24:34.000Z</time>
        <extensions>
          <gpxtpx:TrackPointExtension>
            <gpxtpx:hr>127</gpxtpx:hr>
            <gpxtpx:cad>73</gpxtpx:cad>
            <gpxtpx:atemp>296.65</gpxtpx:atemp>
          </gpxtpx:TrackPointExtension>
        </extensions>
      </trkpt>
      <trkpt lat="30.600749" lon="34.659663">
        <ele>721.8</ele>
        <time>2026-04-07T05:24:42.000Z</time>
        <extensions>
          <gpxtpx:TrackPointExtension>
            <gpxtpx:hr>128</gpxtpx:hr>
            <gpxtpx:cad>76</gpxtpx:cad>
            <gpxtpx:atemp>296.65</gpxtpx:atemp>
          </gpxtpx:TrackPointExtension>
        </extensions>
      </trkpt>
      <trkpt lat="30.600794" lon="34.659629">
        <ele>721.8</ele>
        <time>2026-04-07T05:24:45.000Z</time>
        <extensions>
          <gpxtpx:TrackPointExtension>
            <gpxtpx:hr>128</gpxtpx:hr>
            <gpxtpx:cad>76</gpxtpx:cad>
            <gpxtpx:atemp>296.65</gpxtpx:atemp>
          </gpxtpx:TrackPointExtension>
        </extensions>
      </trkpt>
      <trkpt lat="30.600925" lon="34.659576">
        <ele>723.0</ele>
        <time>2026-04-07T05:24:54.000Z</time>
        <extensions>
          <gpxtpx:TrackPointExtension>
            <gpxtpx:hr>130</gpxtpx:hr>
            <gpxtpx:cad>73</gpxtpx:cad>
            <gpxtpx:atemp>296.65</gpxtpx:atemp>
          </gpxtpx:TrackPointExtension>
        </extensions>
      </trkpt>
      <trkpt lat="30.600977" lon="34.659543">
        <ele>723.2</ele>
        <time>2026-04-07T05:24:58.000Z</time>
        <extensions>
          <gpxtpx:TrackPointExtension>
            <gpxtpx:hr>130</gpxtpx:hr>
            <gpxtpx:cad>0</gpxtpx:cad>
            <gpxtpx:atemp>296.65</gpxtpx:atemp>
          </gpxtpx:TrackPointExtension>
        </extensions>
      </trkpt>
      <trkpt lat="30.601024" lon="34.659495">
        <ele>723.3</ele>
        <time>2026-04-07T05:25:02.000Z</time>
        <extensions>
          <gpxtpx:TrackPointExtension>
            <gpxtpx:hr>129</gpxtpx:hr>
            <gpxtpx:cad>66</gpxtpx:cad>
            <gpxtpx:atemp>296.65</gpxtpx:atemp>
          </gpxtpx:TrackPointExtension>
        </extensions>
      </trkpt>
      <trkpt lat="30.601047" lon="34.659434">
        <ele>722.4</ele>
        <time>2026-04-07T05:25:06.000Z</time>
        <extensions>
          <gpxtpx:TrackPointExtension>
            <gpxtpx:hr>129</gpxtpx:hr>
            <gpxtpx:cad>0</gpxtpx:cad>
            <gpxtpx:atemp>296.65</gpxtpx:atemp>
          </gpxtpx:TrackPointExtension>
        </extensions>
      </trkpt>
      <trkpt lat="30.601053" lon="34.659373">
        <ele>721.1</ele>
        <time>2026-04-07T05:25:22.000Z</time>
        <extensions>
          <gpxtpx:TrackPointExtension>
            <gpxtpx:hr>118</gpxtpx:hr>
            <gpxtpx:cad>0</gpxtpx:cad>
            <gpxtpx:atemp>296.65</gpxtpx:atemp>
          </gpxtpx:TrackPointExtension>
        </extensions>
      </trkpt>
      <trkpt lat="30.601057" lon="34.659438">
        <ele>722.7</ele>
        <time>2026-04-07T05:26:12.000Z</time>
        <extensions>
          <gpxtpx:TrackPointExtension>
            <gpxtpx:hr>84</gpxtpx:hr>
            <gpxtpx:cad>0</gpxtpx:cad>
            <gpxtpx:atemp>296.65</gpxtpx:atemp>
          </gpxtpx:TrackPointExtension>
        </extensions>
      </trkpt>
      <trkpt lat="30.601102" lon="34.659446">
        <ele>723.8</ele>
        <time>2026-04-07T05:26:17.000Z</time>
        <extensions>
          <gpxtpx:TrackPointExtension>
            <gpxtpx:hr>85</gpxtpx:hr>
            <gpxtpx:cad>76</gpxtpx:cad>
            <gpxtpx:atemp>296.65</gpxtpx:atemp>
          </gpxtpx:TrackPointExtension>
        </extensions>
      </trkpt>
      <trkpt lat="30.601088" lon="34.659466">
        <ele>724.0</ele>
        <time>2026-04-07T05:26:39.000Z</time>
        <extensions>
          <gpxtpx:TrackPointExtension>
            <gpxtpx:hr>89</gpxtpx:hr>
            <gpxtpx:cad>0</gpxtpx:cad>
            <gpxtpx:atemp>297.65</gpxtpx:atemp>
          </gpxtpx:TrackPointExtension>
        </extensions>
      </trkpt>
      <trkpt lat="30.601125" lon="34.659468">
        <ele>724.9</ele>
        <time>2026-04-07T05:28:33.000Z</time>
        <extensions>
          <gpxtpx:TrackPointExtension>
            <gpxtpx:hr>100</gpxtpx:hr>
            <gpxtpx:cad>0</gpxtpx:cad>
            <gpxtpx:atemp>297.65</gpxtpx:atemp>
          </gpxtpx:TrackPointExtension>
        </extensions>
      </trkpt>
      <trkpt lat="30.601131" lon="34.659463">
        <ele>724.9</ele>
        <time>2026-04-07T05:30:01.000Z</time>
        <extensions>
          <gpxtpx:TrackPointExtension>
            <gpxtpx:hr>95</gpxtpx:hr>
            <gpxtpx:cad>0</gpxtpx:cad>
            <gpxtpx:atemp>298.65</gpxtpx:atemp>
          </gpxtpx:TrackPointExtension>
        </extensions>
      </trkpt>
      <trkpt lat="30.601125" lon="34.659365">
        <ele>722.3</ele>
        <time>2026-04-07T05:30:30.000Z</time>
        <extensions>
          <gpxtpx:TrackPointExtension>
            <gpxtpx:hr>82</gpxtpx:hr>
            <gpxtpx:cad>41</gpxtpx:cad>
            <gpxtpx:atemp>298.65</gpxtpx:atemp>
          </gpxtpx:TrackPointExtension>
        </extensions>
      </trkpt>
      <trkpt lat="30.601126" lon="34.659311">
        <ele>720.9</ele>
        <time>2026-04-07T05:30:34.000Z</time>
        <extensions>
          <gpxtpx:TrackPointExtension>
            <gpxtpx:hr>81</gpxtpx:hr>
            <gpxtpx:cad>0</gpxtpx:cad>
            <gpxtpx:atemp>298.65</gpxtpx:atemp>
          </gpxtpx:TrackPointExtension>
        </extensions>
      </trkpt>
      <trkpt lat="30.601164" lon="34.659087">
        <ele>717.0</ele>
        <time>2026-04-07T05:30:44.000Z</time>
        <extensions>
          <gpxtpx:TrackPointExtension>
            <gpxtpx:hr>86</gpxtpx:hr>
            <gpxtpx:cad>72</gpxtpx:cad>
            <gpxtpx:atemp>298.65</gpxtpx:atemp>
          </gpxtpx:TrackPointExtension>
        </extensions>
      </trkpt>
      <trkpt lat="30.601197" lon="34.659053">
        <ele>716.8</ele>
        <time>2026-04-07T05:30:46.000Z</time>
        <extensions>
          <gpxtpx:TrackPointExtension>
            <gpxtpx:hr>86</gpxtpx:hr>
            <gpxtpx:cad>74</gpxtpx:cad>
            <gpxtpx:atemp>298.65</gpxtpx:atemp>
          </gpxtpx:TrackPointExtension>
        </extensions>
      </trkpt>
      <trkpt lat="30.601262" lon="34.658941">
        <ele>715.9</ele>
        <time>2026-04-07T05:30:53.000Z</time>
        <extensions>
          <gpxtpx:TrackPointExtension>
            <gpxtpx:hr>90</gpxtpx:hr>
            <gpxtpx:cad>71</gpxtpx:cad>
            <gpxtpx:atemp>298.65</gpxtpx:atemp>
          </gpxtpx:TrackPointExtension>
        </extensions>
      </trkpt>
      <trkpt lat="30.601301" lon="34.658892">
        <ele>715.8</ele>
        <time>2026-04-07T05:30:57.000Z</time>
        <extensions>
          <gpxtpx:TrackPointExtension>
            <gpxtpx:hr>93</gpxtpx:hr>
            <gpxtpx:cad>71</gpxtpx:cad>
            <gpxtpx:atemp>298.65</gpxtpx:atemp>
          </gpxtpx:TrackPointExtension>
        </extensions>
      </trkpt>
      <trkpt lat="30.601360" lon="34.658852">
        <ele>715.9</ele>
        <time>2026-04-07T05:31:02.000Z</time>
        <extensions>
          <gpxtpx:TrackPointExtension>
            <gpxtpx:hr>94</gpxtpx:hr>
            <gpxtpx:cad>65</gpxtpx:cad>
            <gpxtpx:atemp>298.65</gpxtpx:atemp>
          </gpxtpx:TrackPointExtension>
        </extensions>
      </trkpt>
      <trkpt lat="30.601392" lon="34.658818">
        <ele>715.8</ele>
        <time>2026-04-07T05:31:05.000Z</time>
        <extensions>
          <gpxtpx:TrackPointExtension>
            <gpxtpx:hr>93</gpxtpx:hr>
            <gpxtpx:cad>57</gpxtpx:cad>
            <gpxtpx:atemp>298.65</gpxtpx:atemp>
          </gpxtpx:TrackPointExtension>
        </extensions>
      </trkpt>
      <trkpt lat="30.601422" lon="34.658755">
        <ele>715.0</ele>
        <time>2026-04-07T05:31:10.000Z</time>
        <extensions>
          <gpxtpx:TrackPointExtension>
            <gpxtpx:hr>94</gpxtpx:hr>
            <gpxtpx:cad>60</gpxtpx:cad>
            <gpxtpx:atemp>298.65</gpxtpx:atemp>
          </gpxtpx:TrackPointExtension>
        </extensions>
      </trkpt>
      <trkpt lat="30.601512" lon="34.658672">
        <ele>714.7</ele>
        <time>2026-04-07T05:31:18.000Z</time>
        <extensions>
          <gpxtpx:TrackPointExtension>
            <gpxtpx:hr>94</gpxtpx:hr>
            <gpxtpx:cad>54</gpxtpx:cad>
            <gpxtpx:atemp>298.65</gpxtpx:atemp>
          </gpxtpx:TrackPointExtension>
        </extensions>
      </trkpt>
      <trkpt lat="30.601603" lon="34.658614">
        <ele>715.0</ele>
        <time>2026-04-07T05:31:26.000Z</time>
        <extensions>
          <gpxtpx:TrackPointExtension>
            <gpxtpx:hr>96</gpxtpx:hr>
            <gpxtpx:cad>61</gpxtpx:cad>
            <gpxtpx:atemp>298.65</gpxtpx:atemp>
          </gpxtpx:TrackPointExtension>
        </extensions>
      </trkpt>
      <trkpt lat="30.601686" lon="34.658587">
        <ele>715.6</ele>
        <time>2026-04-07T05:31:34.000Z</time>
        <extensions>
          <gpxtpx:TrackPointExtension>
            <gpxtpx:hr>97</gpxtpx:hr>
            <gpxtpx:cad>50</gpxtpx:cad>
            <gpxtpx:atemp>298.65</gpxtpx:atemp>
          </gpxtpx:TrackPointExtension>
        </extensions>
      </trkpt>
      <trkpt lat="30.601738" lon="34.658601">
        <ele>716.5</ele>
        <time>2026-04-07T05:31:40.000Z</time>
        <extensions>
          <gpxtpx:TrackPointExtension>
            <gpxtpx:hr>98</gpxtpx:hr>
            <gpxtpx:cad>51</gpxtpx:cad>
            <gpxtpx:atemp>297.65</gpxtpx:atemp>
          </gpxtpx:TrackPointExtension>
        </extensions>
      </trkpt>
      <trkpt lat="30.601836" lon="34.658586">
        <ele>717.5</ele>
        <time>2026-04-07T05:31:49.000Z</time>
        <extensions>
          <gpxtpx:TrackPointExtension>
            <gpxtpx:hr>97</gpxtpx:hr>
            <gpxtpx:cad>52</gpxtpx:cad>
            <gpxtpx:atemp>297.65</gpxtpx:atemp>
          </gpxtpx:TrackPointExtension>
        </extensions>
      </trkpt>
      <trkpt lat="30.601909" lon="34.658531">
        <ele>717.3</ele>
        <time>2026-04-07T05:31:57.000Z</time>
        <extensions>
          <gpxtpx:TrackPointExtension>
            <gpxtpx:hr>98</gpxtpx:hr>
            <gpxtpx:cad>0</gpxtpx:cad>
            <gpxtpx:atemp>297.65</gpxtpx:atemp>
          </gpxtpx:TrackPointExtension>
        </extensions>
      </trkpt>
      <trkpt lat="30.601933" lon="34.658500">
        <ele>717.0</ele>
        <time>2026-04-07T05:32:02.000Z</time>
        <extensions>
          <gpxtpx:TrackPointExtension>
            <gpxtpx:hr>100</gpxtpx:hr>
            <gpxtpx:cad>55</gpxtpx:cad>
            <gpxtpx:atemp>297.65</gpxtpx:atemp>
          </gpxtpx:TrackPointExtension>
        </extensions>
      </trkpt>
      <trkpt lat="30.601990" lon="34.658459">
        <ele>716.7</ele>
        <time>2026-04-07T05:32:09.000Z</time>
        <extensions>
          <gpxtpx:TrackPointExtension>
            <gpxtpx:hr>103</gpxtpx:hr>
            <gpxtpx:cad>0</gpxtpx:cad>
            <gpxtpx:atemp>297.65</gpxtpx:atemp>
          </gpxtpx:TrackPointExtension>
        </extensions>
      </trkpt>
      <trkpt lat="30.602033" lon="34.658363">
        <ele>715.2</ele>
        <time>2026-04-07T05:32:16.000Z</time>
        <extensions>
          <gpxtpx:TrackPointExtension>
            <gpxtpx:hr>110</gpxtpx:hr>
            <gpxtpx:cad>68</gpxtpx:cad>
            <gpxtpx:atemp>297.65</gpxtpx:atemp>
          </gpxtpx:TrackPointExtension>
        </extensions>
      </trkpt>
      <trkpt lat="30.602116" lon="34.658248">
        <ele>713.8</ele>
        <time>2026-04-07T05:32:27.000Z</time>
        <extensions>
          <gpxtpx:TrackPointExtension>
            <gpxtpx:hr>112</gpxtpx:hr>
            <gpxtpx:cad>0</gpxtpx:cad>
            <gpxtpx:atemp>297.65</gpxtpx:atemp>
          </gpxtpx:TrackPointExtension>
        </extensions>
      </trkpt>
      <trkpt lat="30.602170" lon="34.658189">
        <ele>713.5</ele>
        <time>2026-04-07T05:32:32.000Z</time>
        <extensions>
          <gpxtpx:TrackPointExtension>
            <gpxtpx:hr>112</gpxtpx:hr>
            <gpxtpx:cad>0</gpxtpx:cad>
            <gpxtpx:atemp>297.65</gpxtpx:atemp>
          </gpxtpx:TrackPointExtension>
        </extensions>
      </trkpt>
      <trkpt lat="30.602306" lon="34.657983">
        <ele>712.2</ele>
        <time>2026-04-07T05:32:46.000Z</time>
        <extensions>
          <gpxtpx:TrackPointExtension>
            <gpxtpx:hr>110</gpxtpx:hr>
            <gpxtpx:cad>69</gpxtpx:cad>
            <gpxtpx:atemp>297.65</gpxtpx:atemp>
          </gpxtpx:TrackPointExtension>
        </extensions>
      </trkpt>
      <trkpt lat="30.602420" lon="34.657812">
        <ele>711.6</ele>
        <time>2026-04-07T05:32:57.000Z</time>
        <extensions>
          <gpxtpx:TrackPointExtension>
            <gpxtpx:hr>113</gpxtpx:hr>
            <gpxtpx:cad>71</gpxtpx:cad>
            <gpxtpx:atemp>297.65</gpxtpx:atemp>
          </gpxtpx:TrackPointExtension>
        </extensions>
      </trkpt>
      <trkpt lat="30.602459" lon="34.657740">
        <ele>711.3</ele>
        <time>2026-04-07T05:33:03.000Z</time>
        <extensions>
          <gpxtpx:TrackPointExtension>
            <gpxtpx:hr>115</gpxtpx:hr>
            <gpxtpx:cad>72</gpxtpx:cad>
            <gpxtpx:atemp>297.65</gpxtpx:atemp>
          </gpxtpx:TrackPointExtension>
        </extensions>
      </trkpt>
      <trkpt lat="30.602484" lon="34.657659">
        <ele>710.5</ele>
        <time>2026-04-07T05:33:07.000Z</time>
        <extensions>
          <gpxtpx:TrackPointExtension>
            <gpxtpx:hr>116</gpxtpx:hr>
            <gpxtpx:cad>72</gpxtpx:cad>
            <gpxtpx:atemp>297.65</gpxtpx:atemp>
          </gpxtpx:TrackPointExtension>
        </extensions>
      </trkpt>
      <trkpt lat="30.602559" lon="34.657497">
        <ele>710.1</ele>
        <time>2026-04-07T05:33:15.000Z</time>
        <extensions>
          <gpxtpx:TrackPointExtension>
            <gpxtpx:hr>116</gpxtpx:hr>
            <gpxtpx:cad>76</gpxtpx:cad>
            <gpxtpx:atemp>297.65</gpxtpx:atemp>
          </gpxtpx:TrackPointExtension>
        </extensions>
      </trkpt>
      <trkpt lat="30.602587" lon="34.657460">
        <ele>710.2</ele>
        <time>2026-04-07T05:33:17.000Z</time>
        <extensions>
          <gpxtpx:TrackPointExtension>
            <gpxtpx:hr>118</gpxtpx:hr>
            <gpxtpx:cad>76</gpxtpx:cad>
            <gpxtpx:atemp>297.65</gpxtpx:atemp>
          </gpxtpx:TrackPointExtension>
        </extensions>
      </trkpt>
      <trkpt lat="30.602642" lon="34.657283">
        <ele>709.0</ele>
        <time>2026-04-07T05:33:25.000Z</time>
        <extensions>
          <gpxtpx:TrackPointExtension>
            <gpxtpx:hr>122</gpxtpx:hr>
            <gpxtpx:cad>76</gpxtpx:cad>
            <gpxtpx:atemp>297.65</gpxtpx:atemp>
          </gpxtpx:TrackPointExtension>
        </extensions>
      </trkpt>
      <trkpt lat="30.602713" lon="34.657138">
        <ele>708.7</ele>
        <time>2026-04-07T05:33:32.000Z</time>
        <extensions>
          <gpxtpx:TrackPointExtension>
            <gpxtpx:hr>126</gpxtpx:hr>
            <gpxtpx:cad>76</gpxtpx:cad>
            <gpxtpx:atemp>297.65</gpxtpx:atemp>
          </gpxtpx:TrackPointExtension>
        </extensions>
      </trkpt>
      <trkpt lat="30.602777" lon="34.656998">
        <ele>707.9</ele>
        <time>2026-04-07T05:33:52.000Z</time>
        <extensions>
          <gpxtpx:TrackPointExtension>
            <gpxtpx:hr>124</gpxtpx:hr>
            <gpxtpx:cad>0</gpxtpx:cad>
            <gpxtpx:atemp>297.65</gpxtpx:atemp>
          </gpxtpx:TrackPointExtension>
        </extensions>
      </trkpt>
      <trkpt lat="30.602874" lon="34.656866">
        <ele>707.5</ele>
        <time>2026-04-07T05:34:01.000Z</time>
        <extensions>
          <gpxtpx:TrackPointExtension>
            <gpxtpx:hr>124</gpxtpx:hr>
            <gpxtpx:cad>0</gpxtpx:cad>
            <gpxtpx:atemp>297.65</gpxtpx:atemp>
          </gpxtpx:TrackPointExtension>
        </extensions>
      </trkpt>
      <trkpt lat="30.602915" lon="34.656837">
        <ele>707.6</ele>
        <time>2026-04-07T05:34:04.000Z</time>
        <extensions>
          <gpxtpx:TrackPointExtension>
            <gpxtpx:hr>125</gpxtpx:hr>
            <gpxtpx:cad>73</gpxtpx:cad>
            <gpxtpx:atemp>297.65</gpxtpx:atemp>
          </gpxtpx:TrackPointExtension>
        </extensions>
      </trkpt>
      <trkpt lat="30.603011" lon="34.656714">
        <ele>707.1</ele>
        <time>2026-04-07T05:34:11.000Z</time>
        <extensions>
          <gpxtpx:TrackPointExtension>
            <gpxtpx:hr>122</gpxtpx:hr>
            <gpxtpx:cad>76</gpxtpx:cad>
            <gpxtpx:atemp>297.65</gpxtpx:atemp>
          </gpxtpx:TrackPointExtension>
        </extensions>
      </trkpt>
      <trkpt lat="30.603063" lon="34.656633">
        <ele>706.1</ele>
        <time>2026-04-07T05:34:17.000Z</time>
        <extensions>
          <gpxtpx:TrackPointExtension>
            <gpxtpx:hr>121</gpxtpx:hr>
            <gpxtpx:cad>77</gpxtpx:cad>
            <gpxtpx:atemp>297.65</gpxtpx:atemp>
          </gpxtpx:TrackPointExtension>
        </extensions>
      </trkpt>
      <trkpt lat="30.603122" lon="34.656595">
        <ele>706.0</ele>
        <time>2026-04-07T05:34:28.000Z</time>
        <extensions>
          <gpxtpx:TrackPointExtension>
            <gpxtpx:hr>118</gpxtpx:hr>
            <gpxtpx:cad>0</gpxtpx:cad>
            <gpxtpx:atemp>297.65</gpxtpx:atemp>
          </gpxtpx:TrackPointExtension>
        </extensions>
      </trkpt>
      <trkpt lat="30.603274" lon="34.656514">
        <ele>706.1</ele>
        <time>2026-04-07T05:34:43.000Z</time>
        <extensions>
          <gpxtpx:TrackPointExtension>
            <gpxtpx:hr>105</gpxtpx:hr>
            <gpxtpx:cad>53</gpxtpx:cad>
            <gpxtpx:atemp>297.65</gpxtpx:atemp>
          </gpxtpx:TrackPointExtension>
        </extensions>
      </trkpt>
      <trkpt lat="30.603343" lon="34.656509">
        <ele>707.2</ele>
        <time>2026-04-07T05:34:56.000Z</time>
        <extensions>
          <gpxtpx:TrackPointExtension>
            <gpxtpx:hr>98</gpxtpx:hr>
            <gpxtpx:cad>0</gpxtpx:cad>
            <gpxtpx:atemp>297.65</gpxtpx:atemp>
          </gpxtpx:TrackPointExtension>
        </extensions>
      </trkpt>
      <trkpt lat="30.603379" lon="34.656479">
        <ele>707.0</ele>
        <time>2026-04-07T05:36:11.000Z</time>
        <extensions>
          <gpxtpx:TrackPointExtension>
            <gpxtpx:hr>81</gpxtpx:hr>
            <gpxtpx:cad>0</gpxtpx:cad>
            <gpxtpx:atemp>297.65</gpxtpx:atemp>
          </gpxtpx:TrackPointExtension>
        </extensions>
      </trkpt>
      <trkpt lat="30.603449" lon="34.656590">
        <ele>711.4</ele>
        <time>2026-04-07T05:36:24.000Z</time>
        <extensions>
          <gpxtpx:TrackPointExtension>
            <gpxtpx:hr>84</gpxtpx:hr>
            <gpxtpx:cad>41</gpxtpx:cad>
            <gpxtpx:atemp>297.65</gpxtpx:atemp>
          </gpxtpx:TrackPointExtension>
        </extensions>
      </trkpt>
      <trkpt lat="30.603507" lon="34.656582">
        <ele>712.1</ele>
        <time>2026-04-07T05:36:28.000Z</time>
        <extensions>
          <gpxtpx:TrackPointExtension>
            <gpxtpx:hr>87</gpxtpx:hr>
            <gpxtpx:cad>62</gpxtpx:cad>
            <gpxtpx:atemp>297.65</gpxtpx:atemp>
          </gpxtpx:TrackPointExtension>
        </extensions>
      </trkpt>
      <trkpt lat="30.603637" lon="34.656633">
        <ele>715.4</ele>
        <time>2026-04-07T05:36:37.000Z</time>
        <extensions>
          <gpxtpx:TrackPointExtension>
            <gpxtpx:hr>96</gpxtpx:hr>
            <gpxtpx:cad>69</gpxtpx:cad>
            <gpxtpx:atemp>297.65</gpxtpx:atemp>
          </gpxtpx:TrackPointExtension>
        </extensions>
      </trkpt>
      <trkpt lat="30.603705" lon="34.656646">
        <ele>716.8</ele>
        <time>2026-04-07T05:36:44.000Z</time>
        <extensions>
          <gpxtpx:TrackPointExtension>
            <gpxtpx:hr>114</gpxtpx:hr>
            <gpxtpx:cad>0</gpxtpx:cad>
            <gpxtpx:atemp>297.65</gpxtpx:atemp>
          </gpxtpx:TrackPointExtension>
        </extensions>
      </trkpt>
      <trkpt lat="30.603747" lon="34.656644">
        <ele>717.3</ele>
        <time>2026-04-07T05:36:47.000Z</time>
        <extensions>
          <gpxtpx:TrackPointExtension>
            <gpxtpx:hr>116</gpxtpx:hr>
            <gpxtpx:cad>0</gpxtpx:cad>
            <gpxtpx:atemp>297.65</gpxtpx:atemp>
          </gpxtpx:TrackPointExtension>
        </extensions>
      </trkpt>
      <trkpt lat="30.603902" lon="34.656627">
        <ele>718.3</ele>
        <time>2026-04-07T05:36:59.000Z</time>
        <extensions>
          <gpxtpx:TrackPointExtension>
            <gpxtpx:hr>122</gpxtpx:hr>
            <gpxtpx:cad>0</gpxtpx:cad>
            <gpxtpx:atemp>297.65</gpxtpx:atemp>
          </gpxtpx:TrackPointExtension>
        </extensions>
      </trkpt>
      <trkpt lat="30.603950" lon="34.656597">
        <ele>718.0</ele>
        <time>2026-04-07T05:37:03.000Z</time>
        <extensions>
          <gpxtpx:TrackPointExtension>
            <gpxtpx:hr>125</gpxtpx:hr>
            <gpxtpx:cad>61</gpxtpx:cad>
            <gpxtpx:atemp>297.65</gpxtpx:atemp>
          </gpxtpx:TrackPointExtension>
        </extensions>
      </trkpt>
      <trkpt lat="30.604089" lon="34.656552">
        <ele>717.8</ele>
        <time>2026-04-07T05:37:12.000Z</time>
        <extensions>
          <gpxtpx:TrackPointExtension>
            <gpxtpx:hr>130</gpxtpx:hr>
            <gpxtpx:cad>72</gpxtpx:cad>
            <gpxtpx:atemp>297.65</gpxtpx:atemp>
          </gpxtpx:TrackPointExtension>
        </extensions>
      </trkpt>
      <trkpt lat="30.604177" lon="34.656531">
        <ele>717.6</ele>
        <time>2026-04-07T05:37:20.000Z</time>
        <extensions>
          <gpxtpx:TrackPointExtension>
            <gpxtpx:hr>134</gpxtpx:hr>
            <gpxtpx:cad>59</gpxtpx:cad>
            <gpxtpx:atemp>297.65</gpxtpx:atemp>
          </gpxtpx:TrackPointExtension>
        </extensions>
      </trkpt>
      <trkpt lat="30.604327" lon="34.656468">
        <ele>716.8</ele>
        <time>2026-04-07T05:37:33.000Z</time>
        <extensions>
          <gpxtpx:TrackPointExtension>
            <gpxtpx:hr>139</gpxtpx:hr>
            <gpxtpx:cad>55</gpxtpx:cad>
            <gpxtpx:atemp>297.65</gpxtpx:atemp>
          </gpxtpx:TrackPointExtension>
        </extensions>
      </trkpt>
      <trkpt lat="30.604499" lon="34.656476">
        <ele>717.7</ele>
        <time>2026-04-07T05:37:47.000Z</time>
        <extensions>
          <gpxtpx:TrackPointExtension>
            <gpxtpx:hr>143</gpxtpx:hr>
            <gpxtpx:cad>61</gpxtpx:cad>
            <gpxtpx:atemp>297.65</gpxtpx:atemp>
          </gpxtpx:TrackPointExtension>
        </extensions>
      </trkpt>
      <trkpt lat="30.604547" lon="34.656506">
        <ele>718.5</ele>
        <time>2026-04-07T05:37:53.000Z</time>
        <extensions>
          <gpxtpx:TrackPointExtension>
            <gpxtpx:hr>143</gpxtpx:hr>
            <gpxtpx:cad>68</gpxtpx:cad>
            <gpxtpx:atemp>297.65</gpxtpx:atemp>
          </gpxtpx:TrackPointExtension>
        </extensions>
      </trkpt>
      <trkpt lat="30.604610" lon="34.656482">
        <ele>718.4</ele>
        <time>2026-04-07T05:37:59.000Z</time>
        <extensions>
          <gpxtpx:TrackPointExtension>
            <gpxtpx:hr>143</gpxtpx:hr>
            <gpxtpx:cad>0</gpxtpx:cad>
            <gpxtpx:atemp>297.65</gpxtpx:atemp>
          </gpxtpx:TrackPointExtension>
        </extensions>
      </trkpt>
      <trkpt lat="30.604776" lon="34.656457">
        <ele>719.5</ele>
        <time>2026-04-07T05:38:12.000Z</time>
        <extensions>
          <gpxtpx:TrackPointExtension>
            <gpxtpx:hr>145</gpxtpx:hr>
            <gpxtpx:cad>72</gpxtpx:cad>
            <gpxtpx:atemp>297.65</gpxtpx:atemp>
          </gpxtpx:TrackPointExtension>
        </extensions>
      </trkpt>
      <trkpt lat="30.604808" lon="34.656448">
        <ele>719.6</ele>
        <time>2026-04-07T05:38:16.000Z</time>
        <extensions>
          <gpxtpx:TrackPointExtension>
            <gpxtpx:hr>144</gpxtpx:hr>
            <gpxtpx:cad>0</gpxtpx:cad>
            <gpxtpx:atemp>297.65</gpxtpx:atemp>
          </gpxtpx:TrackPointExtension>
        </extensions>
      </trkpt>
      <trkpt lat="30.604894" lon="34.656479">
        <ele>720.8</ele>
        <time>2026-04-07T05:38:25.000Z</time>
        <extensions>
          <gpxtpx:TrackPointExtension>
            <gpxtpx:hr>147</gpxtpx:hr>
            <gpxtpx:cad>50</gpxtpx:cad>
            <gpxtpx:atemp>297.65</gpxtpx:atemp>
          </gpxtpx:TrackPointExtension>
        </extensions>
      </trkpt>
      <trkpt lat="30.604974" lon="34.656468">
        <ele>721.6</ele>
        <time>2026-04-07T05:38:31.000Z</time>
        <extensions>
          <gpxtpx:TrackPointExtension>
            <gpxtpx:hr>147</gpxtpx:hr>
            <gpxtpx:cad>53</gpxtpx:cad>
            <gpxtpx:atemp>297.65</gpxtpx:atemp>
          </gpxtpx:TrackPointExtension>
        </extensions>
      </trkpt>
      <trkpt lat="30.605077" lon="34.656537">
        <ele>723.4</ele>
        <time>2026-04-07T05:38:43.000Z</time>
        <extensions>
          <gpxtpx:TrackPointExtension>
            <gpxtpx:hr>147</gpxtpx:hr>
            <gpxtpx:cad>60</gpxtpx:cad>
            <gpxtpx:atemp>297.65</gpxtpx:atemp>
          </gpxtpx:TrackPointExtension>
        </extensions>
      </trkpt>
      <trkpt lat="30.605213" lon="34.656701">
        <ele>725.9</ele>
        <time>2026-04-07T05:38:58.000Z</time>
        <extensions>
          <gpxtpx:TrackPointExtension>
            <gpxtpx:hr>143</gpxtpx:hr>
            <gpxtpx:cad>71</gpxtpx:cad>
            <gpxtpx:atemp>297.65</gpxtpx:atemp>
          </gpxtpx:TrackPointExtension>
        </extensions>
      </trkpt>
      <trkpt lat="30.605260" lon="34.656736">
        <ele>726.5</ele>
        <time>2026-04-07T05:39:01.000Z</time>
        <extensions>
          <gpxtpx:TrackPointExtension>
            <gpxtpx:hr>143</gpxtpx:hr>
            <gpxtpx:cad>73</gpxtpx:cad>
            <gpxtpx:atemp>297.65</gpxtpx:atemp>
          </gpxtpx:TrackPointExtension>
        </extensions>
      </trkpt>
      <trkpt lat="30.605334" lon="34.656831">
        <ele>727.5</ele>
        <time>2026-04-07T05:39:07.000Z</time>
        <extensions>
          <gpxtpx:TrackPointExtension>
            <gpxtpx:hr>143</gpxtpx:hr>
            <gpxtpx:cad>73</gpxtpx:cad>
            <gpxtpx:atemp>297.65</gpxtpx:atemp>
          </gpxtpx:TrackPointExtension>
        </extensions>
      </trkpt>
      <trkpt lat="30.605406" lon="34.656876">
        <ele>728.2</ele>
        <time>2026-04-07T05:39:11.000Z</time>
        <extensions>
          <gpxtpx:TrackPointExtension>
            <gpxtpx:hr>142</gpxtpx:hr>
            <gpxtpx:cad>74</gpxtpx:cad>
            <gpxtpx:atemp>297.65</gpxtpx:atemp>
          </gpxtpx:TrackPointExtension>
        </extensions>
      </trkpt>
      <trkpt lat="30.605451" lon="34.656884">
        <ele>728.6</ele>
        <time>2026-04-07T05:39:13.000Z</time>
        <extensions>
          <gpxtpx:TrackPointExtension>
            <gpxtpx:hr>142</gpxtpx:hr>
            <gpxtpx:cad>73</gpxtpx:cad>
            <gpxtpx:atemp>297.65</gpxtpx:atemp>
          </gpxtpx:TrackPointExtension>
        </extensions>
      </trkpt>
      <trkpt lat="30.605510" lon="34.656842">
        <ele>729.1</ele>
        <time>2026-04-07T05:39:17.000Z</time>
        <extensions>
          <gpxtpx:TrackPointExtension>
            <gpxtpx:hr>140</gpxtpx:hr>
            <gpxtpx:cad>76</gpxtpx:cad>
            <gpxtpx:atemp>297.65</gpxtpx:atemp>
          </gpxtpx:TrackPointExtension>
        </extensions>
      </trkpt>
      <trkpt lat="30.605566" lon="34.656759">
        <ele>729.4</ele>
        <time>2026-04-07T05:39:22.000Z</time>
        <extensions>
          <gpxtpx:TrackPointExtension>
            <gpxtpx:hr>137</gpxtpx:hr>
            <gpxtpx:cad>72</gpxtpx:cad>
            <gpxtpx:atemp>297.65</gpxtpx:atemp>
          </gpxtpx:TrackPointExtension>
        </extensions>
      </trkpt>
      <trkpt lat="30.605616" lon="34.656717">
        <ele>729.8</ele>
        <time>2026-04-07T05:39:25.000Z</time>
        <extensions>
          <gpxtpx:TrackPointExtension>
            <gpxtpx:hr>136</gpxtpx:hr>
            <gpxtpx:cad>72</gpxtpx:cad>
            <gpxtpx:atemp>297.65</gpxtpx:atemp>
          </gpxtpx:TrackPointExtension>
        </extensions>
      </trkpt>
      <trkpt lat="30.605686" lon="34.656630">
        <ele>730.3</ele>
        <time>2026-04-07T05:39:30.000Z</time>
        <extensions>
          <gpxtpx:TrackPointExtension>
            <gpxtpx:hr>137</gpxtpx:hr>
            <gpxtpx:cad>73</gpxtpx:cad>
            <gpxtpx:atemp>297.65</gpxtpx:atemp>
          </gpxtpx:TrackPointExtension>
        </extensions>
      </trkpt>
      <trkpt lat="30.605783" lon="34.656505">
        <ele>730.8</ele>
        <time>2026-04-07T05:39:37.000Z</time>
        <extensions>
          <gpxtpx:TrackPointExtension>
            <gpxtpx:hr>139</gpxtpx:hr>
            <gpxtpx:cad>76</gpxtpx:cad>
            <gpxtpx:atemp>296.65</gpxtpx:atemp>
          </gpxtpx:TrackPointExtension>
        </extensions>
      </trkpt>
      <trkpt lat="30.605944" lon="34.656349">
        <ele>731.4</ele>
        <time>2026-04-07T05:39:47.000Z</time>
        <extensions>
          <gpxtpx:TrackPointExtension>
            <gpxtpx:hr>138</gpxtpx:hr>
            <gpxtpx:cad>78</gpxtpx:cad>
            <gpxtpx:atemp>296.65</gpxtpx:atemp>
          </gpxtpx:TrackPointExtension>
        </extensions>
      </trkpt>
      <trkpt lat="30.605957" lon="34.656333">
        <ele>731.4</ele>
        <time>2026-04-07T05:39:48.000Z</time>
        <extensions>
          <gpxtpx:TrackPointExtension>
            <gpxtpx:hr>138</gpxtpx:hr>
            <gpxtpx:cad>76</gpxtpx:cad>
            <gpxtpx:atemp>296.65</gpxtpx:atemp>
          </gpxtpx:TrackPointExtension>
        </extensions>
      </trkpt>
      <trkpt lat="30.606056" lon="34.656253">
        <ele>732.5</ele>
        <time>2026-04-07T05:39:53.000Z</time>
        <extensions>
          <gpxtpx:TrackPointExtension>
            <gpxtpx:hr>137</gpxtpx:hr>
            <gpxtpx:cad>77</gpxtpx:cad>
            <gpxtpx:atemp>296.65</gpxtpx:atemp>
          </gpxtpx:TrackPointExtension>
        </extensions>
      </trkpt>
      <trkpt lat="30.606220" lon="34.656092">
        <ele>733.7</ele>
        <time>2026-04-07T05:40:03.000Z</time>
        <extensions>
          <gpxtpx:TrackPointExtension>
            <gpxtpx:hr>135</gpxtpx:hr>
            <gpxtpx:cad>77</gpxtpx:cad>
            <gpxtpx:atemp>296.65</gpxtpx:atemp>
          </gpxtpx:TrackPointExtension>
        </extensions>
      </trkpt>
      <trkpt lat="30.606253" lon="34.656072">
        <ele>734.1</ele>
        <time>2026-04-07T05:40:05.000Z</time>
        <extensions>
          <gpxtpx:TrackPointExtension>
            <gpxtpx:hr>136</gpxtpx:hr>
            <gpxtpx:cad>77</gpxtpx:cad>
            <gpxtpx:atemp>296.65</gpxtpx:atemp>
          </gpxtpx:TrackPointExtension>
        </extensions>
      </trkpt>
      <trkpt lat="30.606420" lon="34.656055">
        <ele>738.0</ele>
        <time>2026-04-07T05:40:18.000Z</time>
        <extensions>
          <gpxtpx:TrackPointExtension>
            <gpxtpx:hr>133</gpxtpx:hr>
            <gpxtpx:cad>57</gpxtpx:cad>
            <gpxtpx:atemp>296.65</gpxtpx:atemp>
          </gpxtpx:TrackPointExtension>
        </extensions>
      </trkpt>
      <trkpt lat="30.606623" lon="34.656039">
        <ele>742.2</ele>
        <time>2026-04-07T05:40:30.000Z</time>
        <extensions>
          <gpxtpx:TrackPointExtension>
            <gpxtpx:hr>131</gpxtpx:hr>
            <gpxtpx:cad>76</gpxtpx:cad>
            <gpxtpx:atemp>296.65</gpxtpx:atemp>
          </gpxtpx:TrackPointExtension>
        </extensions>
      </trkpt>
      <trkpt lat="30.606742" lon="34.656050">
        <ele>744.4</ele>
        <time>2026-04-07T05:40:39.000Z</time>
        <extensions>
          <gpxtpx:TrackPointExtension>
            <gpxtpx:hr>131</gpxtpx:hr>
            <gpxtpx:cad>0</gpxtpx:cad>
            <gpxtpx:atemp>296.65</gpxtpx:atemp>
          </gpxtpx:TrackPointExtension>
        </extensions>
      </trkpt>
      <trkpt lat="30.606884" lon="34.656041">
        <ele>746.1</ele>
        <time>2026-04-07T05:40:50.000Z</time>
        <extensions>
          <gpxtpx:TrackPointExtension>
            <gpxtpx:hr>133</gpxtpx:hr>
            <gpxtpx:cad>72</gpxtpx:cad>
            <gpxtpx:atemp>296.65</gpxtpx:atemp>
          </gpxtpx:TrackPointExtension>
        </extensions>
      </trkpt>
      <trkpt lat="30.606969" lon="34.656052">
        <ele>746.8</ele>
        <time>2026-04-07T05:40:58.000Z</time>
        <extensions>
          <gpxtpx:TrackPointExtension>
            <gpxtpx:hr>135</gpxtpx:hr>
            <gpxtpx:cad>50</gpxtpx:cad>
            <gpxtpx:atemp>296.65</gpxtpx:atemp>
          </gpxtpx:TrackPointExtension>
        </extensions>
      </trkpt>
      <trkpt lat="30.606999" lon="34.656065">
        <ele>747.1</ele>
        <time>2026-04-07T05:41:03.000Z</time>
        <extensions>
          <gpxtpx:TrackPointExtension>
            <gpxtpx:hr>134</gpxtpx:hr>
            <gpxtpx:cad>0</gpxtpx:cad>
            <gpxtpx:atemp>296.65</gpxtpx:atemp>
          </gpxtpx:TrackPointExtension>
        </extensions>
      </trkpt>
      <trkpt lat="30.607078" lon="34.656132">
        <ele>748.1</ele>
        <time>2026-04-07T05:41:10.000Z</time>
        <extensions>
          <gpxtpx:TrackPointExtension>
            <gpxtpx:hr>131</gpxtpx:hr>
            <gpxtpx:cad>55</gpxtpx:cad>
            <gpxtpx:atemp>296.65</gpxtpx:atemp>
          </gpxtpx:TrackPointExtension>
        </extensions>
      </trkpt>
      <trkpt lat="30.607132" lon="34.656145">
        <ele>748.5</ele>
        <time>2026-04-07T05:41:14.000Z</time>
        <extensions>
          <gpxtpx:TrackPointExtension>
            <gpxtpx:hr>132</gpxtpx:hr>
            <gpxtpx:cad>73</gpxtpx:cad>
            <gpxtpx:atemp>296.65</gpxtpx:atemp>
          </gpxtpx:TrackPointExtension>
        </extensions>
      </trkpt>
      <trkpt lat="30.607269" lon="34.656228">
        <ele>750.1</ele>
        <time>2026-04-07T05:41:24.000Z</time>
        <extensions>
          <gpxtpx:TrackPointExtension>
            <gpxtpx:hr>131</gpxtpx:hr>
            <gpxtpx:cad>76</gpxtpx:cad>
            <gpxtpx:atemp>296.65</gpxtpx:atemp>
          </gpxtpx:TrackPointExtension>
        </extensions>
      </trkpt>
      <trkpt lat="30.607356" lon="34.656251">
        <ele>751.0</ele>
        <time>2026-04-07T05:41:31.000Z</time>
        <extensions>
          <gpxtpx:TrackPointExtension>
            <gpxtpx:hr>133</gpxtpx:hr>
            <gpxtpx:cad>76</gpxtpx:cad>
            <gpxtpx:atemp>296.65</gpxtpx:atemp>
          </gpxtpx:TrackPointExtension>
        </extensions>
      </trkpt>
      <trkpt lat="30.607505" lon="34.656314">
        <ele>752.5</ele>
        <time>2026-04-07T05:41:46.000Z</time>
        <extensions>
          <gpxtpx:TrackPointExtension>
            <gpxtpx:hr>135</gpxtpx:hr>
            <gpxtpx:cad>49</gpxtpx:cad>
            <gpxtpx:atemp>296.65</gpxtpx:atemp>
          </gpxtpx:TrackPointExtension>
        </extensions>
      </trkpt>
      <trkpt lat="30.607547" lon="34.656337">
        <ele>753.0</ele>
        <time>2026-04-07T05:41:49.000Z</time>
        <extensions>
          <gpxtpx:TrackPointExtension>
            <gpxtpx:hr>135</gpxtpx:hr>
            <gpxtpx:cad>53</gpxtpx:cad>
            <gpxtpx:atemp>296.65</gpxtpx:atemp>
          </gpxtpx:TrackPointExtension>
        </extensions>
      </trkpt>
      <trkpt lat="30.607618" lon="34.656351">
        <ele>753.6</ele>
        <time>2026-04-07T05:41:55.000Z</time>
        <extensions>
          <gpxtpx:TrackPointExtension>
            <gpxtpx:hr>135</gpxtpx:hr>
            <gpxtpx:cad>71</gpxtpx:cad>
            <gpxtpx:atemp>296.65</gpxtpx:atemp>
          </gpxtpx:TrackPointExtension>
        </extensions>
      </trkpt>
      <trkpt lat="30.607695" lon="34.656411">
        <ele>754.7</ele>
        <time>2026-04-07T05:42:04.000Z</time>
        <extensions>
          <gpxtpx:TrackPointExtension>
            <gpxtpx:hr>135</gpxtpx:hr>
            <gpxtpx:cad>43</gpxtpx:cad>
            <gpxtpx:atemp>297.65</gpxtpx:atemp>
          </gpxtpx:TrackPointExtension>
        </extensions>
      </trkpt>
      <trkpt lat="30.607719" lon="34.656441">
        <ele>755.2</ele>
        <time>2026-04-07T05:42:09.000Z</time>
        <extensions>
          <gpxtpx:TrackPointExtension>
            <gpxtpx:hr>135</gpxtpx:hr>
            <gpxtpx:cad>0</gpxtpx:cad>
            <gpxtpx:atemp>297.65</gpxtpx:atemp>
          </gpxtpx:TrackPointExtension>
        </extensions>
      </trkpt>
      <trkpt lat="30.607779" lon="34.656565">
        <ele>756.4</ele>
        <time>2026-04-07T05:42:20.000Z</time>
        <extensions>
          <gpxtpx:TrackPointExtension>
            <gpxtpx:hr>135</gpxtpx:hr>
            <gpxtpx:cad>47</gpxtpx:cad>
            <gpxtpx:atemp>297.65</gpxtpx:atemp>
          </gpxtpx:TrackPointExtension>
        </extensions>
      </trkpt>
      <trkpt lat="30.607834" lon="34.656633">
        <ele>756.8</ele>
        <time>2026-04-07T05:42:30.000Z</time>
        <extensions>
          <gpxtpx:TrackPointExtension>
            <gpxtpx:hr>135</gpxtpx:hr>
            <gpxtpx:cad>57</gpxtpx:cad>
            <gpxtpx:atemp>296.65</gpxtpx:atemp>
          </gpxtpx:TrackPointExtension>
        </extensions>
      </trkpt>
      <trkpt lat="30.607905" lon="34.656686">
        <ele>757.3</ele>
        <time>2026-04-07T05:42:39.000Z</time>
        <extensions>
          <gpxtpx:TrackPointExtension>
            <gpxtpx:hr>132</gpxtpx:hr>
            <gpxtpx:cad>58</gpxtpx:cad>
            <gpxtpx:atemp>297.65</gpxtpx:atemp>
          </gpxtpx:TrackPointExtension>
        </extensions>
      </trkpt>
      <trkpt lat="30.607946" lon="34.656775">
        <ele>757.4</ele>
        <time>2026-04-07T05:42:46.000Z</time>
        <extensions>
          <gpxtpx:TrackPointExtension>
            <gpxtpx:hr>130</gpxtpx:hr>
            <gpxtpx:cad>49</gpxtpx:cad>
            <gpxtpx:atemp>296.65</gpxtpx:atemp>
          </gpxtpx:TrackPointExtension>
        </extensions>
      </trkpt>
      <trkpt lat="30.608011" lon="34.656801">
        <ele>758.0</ele>
        <time>2026-04-07T05:42:53.000Z</time>
        <extensions>
          <gpxtpx:TrackPointExtension>
            <gpxtpx:hr>129</gpxtpx:hr>
            <gpxtpx:cad>60</gpxtpx:cad>
            <gpxtpx:atemp>297.65</gpxtpx:atemp>
          </gpxtpx:TrackPointExtension>
        </extensions>
      </trkpt>
      <trkpt lat="30.608059" lon="34.656890">
        <ele>757.8</ele>
        <time>2026-04-07T05:43:02.000Z</time>
        <extensions>
          <gpxtpx:TrackPointExtension>
            <gpxtpx:hr>129</gpxtpx:hr>
            <gpxtpx:cad>51</gpxtpx:cad>
            <gpxtpx:atemp>296.65</gpxtpx:atemp>
          </gpxtpx:TrackPointExtension>
        </extensions>
      </trkpt>
      <trkpt lat="30.608115" lon="34.656949">
        <ele>758.0</ele>
        <time>2026-04-07T05:43:08.000Z</time>
        <extensions>
          <gpxtpx:TrackPointExtension>
            <gpxtpx:hr>138</gpxtpx:hr>
            <gpxtpx:cad>54</gpxtpx:cad>
            <gpxtpx:atemp>296.65</gpxtpx:atemp>
          </gpxtpx:TrackPointExtension>
        </extensions>
      </trkpt>
      <trkpt lat="30.608141" lon="34.657007">
        <ele>757.8</ele>
        <time>2026-04-07T05:43:12.000Z</time>
        <extensions>
          <gpxtpx:TrackPointExtension>
            <gpxtpx:hr>137</gpxtpx:hr>
            <gpxtpx:cad>0</gpxtpx:cad>
            <gpxtpx:atemp>296.65</gpxtpx:atemp>
          </gpxtpx:TrackPointExtension>
        </extensions>
      </trkpt>
      <trkpt lat="30.608206" lon="34.657064">
        <ele>758.3</ele>
        <time>2026-04-07T05:43:19.000Z</time>
        <extensions>
          <gpxtpx:TrackPointExtension>
            <gpxtpx:hr>137</gpxtpx:hr>
            <gpxtpx:cad>70</gpxtpx:cad>
            <gpxtpx:atemp>296.65</gpxtpx:atemp>
          </gpxtpx:TrackPointExtension>
        </extensions>
      </trkpt>
      <trkpt lat="30.608254" lon="34.657148">
        <ele>757.7</ele>
        <time>2026-04-07T05:43:26.000Z</time>
        <extensions>
          <gpxtpx:TrackPointExtension>
            <gpxtpx:hr>134</gpxtpx:hr>
            <gpxtpx:cad>53</gpxtpx:cad>
            <gpxtpx:atemp>296.65</gpxtpx:atemp>
          </gpxtpx:TrackPointExtension>
        </extensions>
      </trkpt>
      <trkpt lat="30.608333" lon="34.657203">
        <ele>757.8</ele>
        <time>2026-04-07T05:43:33.000Z</time>
        <extensions>
          <gpxtpx:TrackPointExtension>
            <gpxtpx:hr>132</gpxtpx:hr>
            <gpxtpx:cad>0</gpxtpx:cad>
            <gpxtpx:atemp>296.65</gpxtpx:atemp>
          </gpxtpx:TrackPointExtension>
        </extensions>
      </trkpt>
      <trkpt lat="30.608395" lon="34.657285">
        <ele>757.3</ele>
        <time>2026-04-07T05:43:40.000Z</time>
        <extensions>
          <gpxtpx:TrackPointExtension>
            <gpxtpx:hr>126</gpxtpx:hr>
            <gpxtpx:cad>0</gpxtpx:cad>
            <gpxtpx:atemp>296.65</gpxtpx:atemp>
          </gpxtpx:TrackPointExtension>
        </extensions>
      </trkpt>
      <trkpt lat="30.608498" lon="34.657393">
        <ele>756.5</ele>
        <time>2026-04-07T05:43:50.000Z</time>
        <extensions>
          <gpxtpx:TrackPointExtension>
            <gpxtpx:hr>129</gpxtpx:hr>
            <gpxtpx:cad>65</gpxtpx:cad>
            <gpxtpx:atemp>297.65</gpxtpx:atemp>
          </gpxtpx:TrackPointExtension>
        </extensions>
      </trkpt>
      <trkpt lat="30.608545" lon="34.657436">
        <ele>755.9</ele>
        <time>2026-04-07T05:43:55.000Z</time>
        <extensions>
          <gpxtpx:TrackPointExtension>
            <gpxtpx:hr>134</gpxtpx:hr>
            <gpxtpx:cad>64</gpxtpx:cad>
            <gpxtpx:atemp>297.65</gpxtpx:atemp>
          </gpxtpx:TrackPointExtension>
        </extensions>
      </trkpt>
      <trkpt lat="30.608665" lon="34.657479">
        <ele>755.8</ele>
        <time>2026-04-07T05:44:03.000Z</time>
        <extensions>
          <gpxtpx:TrackPointExtension>
            <gpxtpx:hr>136</gpxtpx:hr>
            <gpxtpx:cad>72</gpxtpx:cad>
            <gpxtpx:atemp>296.65</gpxtpx:atemp>
          </gpxtpx:TrackPointExtension>
        </extensions>
      </trkpt>
      <trkpt lat="30.608740" lon="34.657474">
        <ele>756.5</ele>
        <time>2026-04-07T05:44:10.000Z</time>
        <extensions>
          <gpxtpx:TrackPointExtension>
            <gpxtpx:hr>136</gpxtpx:hr>
            <gpxtpx:cad>0</gpxtpx:cad>
            <gpxtpx:atemp>296.65</gpxtpx:atemp>
          </gpxtpx:TrackPointExtension>
        </extensions>
      </trkpt>
      <trkpt lat="30.608769" lon="34.657488">
        <ele>756.2</ele>
        <time>2026-04-07T05:44:12.000Z</time>
        <extensions>
          <gpxtpx:TrackPointExtension>
            <gpxtpx:hr>135</gpxtpx:hr>
            <gpxtpx:cad>53</gpxtpx:cad>
            <gpxtpx:atemp>296.65</gpxtpx:atemp>
          </gpxtpx:TrackPointExtension>
        </extensions>
      </trkpt>
      <trkpt lat="30.608838" lon="34.657499">
        <ele>755.9</ele>
        <time>2026-04-07T05:44:16.000Z</time>
        <extensions>
          <gpxtpx:TrackPointExtension>
            <gpxtpx:hr>135</gpxtpx:hr>
            <gpxtpx:cad>0</gpxtpx:cad>
            <gpxtpx:atemp>296.65</gpxtpx:atemp>
          </gpxtpx:TrackPointExtension>
        </extensions>
      </trkpt>
      <trkpt lat="30.608927" lon="34.657491">
        <ele>755.9</ele>
        <time>2026-04-07T05:44:23.000Z</time>
        <extensions>
          <gpxtpx:TrackPointExtension>
            <gpxtpx:hr>135</gpxtpx:hr>
            <gpxtpx:cad>0</gpxtpx:cad>
            <gpxtpx:atemp>296.65</gpxtpx:atemp>
          </gpxtpx:TrackPointExtension>
        </extensions>
      </trkpt>
      <trkpt lat="30.609012" lon="34.657511">
        <ele>755.3</ele>
        <time>2026-04-07T05:44:31.000Z</time>
        <extensions>
          <gpxtpx:TrackPointExtension>
            <gpxtpx:hr>134</gpxtpx:hr>
            <gpxtpx:cad>47</gpxtpx:cad>
            <gpxtpx:atemp>296.65</gpxtpx:atemp>
          </gpxtpx:TrackPointExtension>
        </extensions>
      </trkpt>
      <trkpt lat="30.609098" lon="34.657505">
        <ele>754.8</ele>
        <time>2026-04-07T05:44:37.000Z</time>
        <extensions>
          <gpxtpx:TrackPointExtension>
            <gpxtpx:hr>134</gpxtpx:hr>
            <gpxtpx:cad>0</gpxtpx:cad>
            <gpxtpx:atemp>296.65</gpxtpx:atemp>
          </gpxtpx:TrackPointExtension>
        </extensions>
      </trkpt>
      <trkpt lat="30.609204" lon="34.657498">
        <ele>753.9</ele>
        <time>2026-04-07T05:44:46.000Z</time>
        <extensions>
          <gpxtpx:TrackPointExtension>
            <gpxtpx:hr>136</gpxtpx:hr>
            <gpxtpx:cad>53</gpxtpx:cad>
            <gpxtpx:atemp>297.65</gpxtpx:atemp>
          </gpxtpx:TrackPointExtension>
        </extensions>
      </trkpt>
      <trkpt lat="30.609296" lon="34.657507">
        <ele>753.0</ele>
        <time>2026-04-07T05:44:54.000Z</time>
        <extensions>
          <gpxtpx:TrackPointExtension>
            <gpxtpx:hr>136</gpxtpx:hr>
            <gpxtpx:cad>56</gpxtpx:cad>
            <gpxtpx:atemp>297.65</gpxtpx:atemp>
          </gpxtpx:TrackPointExtension>
        </extensions>
      </trkpt>
      <trkpt lat="30.609323" lon="34.657500">
        <ele>752.9</ele>
        <time>2026-04-07T05:45:00.000Z</time>
        <extensions>
          <gpxtpx:TrackPointExtension>
            <gpxtpx:hr>134</gpxtpx:hr>
            <gpxtpx:cad>0</gpxtpx:cad>
            <gpxtpx:atemp>297.65</gpxtpx:atemp>
          </gpxtpx:TrackPointExtension>
        </extensions>
      </trkpt>
      <trkpt lat="30.609475" lon="34.657490">
        <ele>752.2</ele>
        <time>2026-04-07T05:45:11.000Z</time>
        <extensions>
          <gpxtpx:TrackPointExtension>
            <gpxtpx:hr>133</gpxtpx:hr>
            <gpxtpx:cad>0</gpxtpx:cad>
            <gpxtpx:atemp>297.65</gpxtpx:atemp>
          </gpxtpx:TrackPointExtension>
        </extensions>
      </trkpt>
      <trkpt lat="30.609547" lon="34.657493">
        <ele>751.8</ele>
        <time>2026-04-07T05:45:17.000Z</time>
        <extensions>
          <gpxtpx:TrackPointExtension>
            <gpxtpx:hr>133</gpxtpx:hr>
            <gpxtpx:cad>56</gpxtpx:cad>
            <gpxtpx:atemp>297.65</gpxtpx:atemp>
          </gpxtpx:TrackPointExtension>
        </extensions>
      </trkpt>
      <trkpt lat="30.609578" lon="34.657504">
        <ele>751.5</ele>
        <time>2026-04-07T05:45:19.000Z</time>
        <extensions>
          <gpxtpx:TrackPointExtension>
            <gpxtpx:hr>133</gpxtpx:hr>
            <gpxtpx:cad>52</gpxtpx:cad>
            <gpxtpx:atemp>297.65</gpxtpx:atemp>
          </gpxtpx:TrackPointExtension>
        </extensions>
      </trkpt>
      <trkpt lat="30.609670" lon="34.657505">
        <ele>751.3</ele>
        <time>2026-04-07T05:45:27.000Z</time>
        <extensions>
          <gpxtpx:TrackPointExtension>
            <gpxtpx:hr>128</gpxtpx:hr>
            <gpxtpx:cad>56</gpxtpx:cad>
            <gpxtpx:atemp>297.65</gpxtpx:atemp>
          </gpxtpx:TrackPointExtension>
        </extensions>
      </trkpt>
      <trkpt lat="30.609726" lon="34.657493">
        <ele>751.3</ele>
        <time>2026-04-07T05:45:31.000Z</time>
        <extensions>
          <gpxtpx:TrackPointExtension>
            <gpxtpx:hr>129</gpxtpx:hr>
            <gpxtpx:cad>54</gpxtpx:cad>
            <gpxtpx:atemp>297.65</gpxtpx:atemp>
          </gpxtpx:TrackPointExtension>
        </extensions>
      </trkpt>
      <trkpt lat="30.609777" lon="34.657451">
        <ele>751.6</ele>
        <time>2026-04-07T05:45:37.000Z</time>
        <extensions>
          <gpxtpx:TrackPointExtension>
            <gpxtpx:hr>126</gpxtpx:hr>
            <gpxtpx:cad>57</gpxtpx:cad>
            <gpxtpx:atemp>297.65</gpxtpx:atemp>
          </gpxtpx:TrackPointExtension>
        </extensions>
      </trkpt>
      <trkpt lat="30.609825" lon="34.657434">
        <ele>751.6</ele>
        <time>2026-04-07T05:45:41.000Z</time>
        <extensions>
          <gpxtpx:TrackPointExtension>
            <gpxtpx:hr>121</gpxtpx:hr>
            <gpxtpx:cad>53</gpxtpx:cad>
            <gpxtpx:atemp>296.65</gpxtpx:atemp>
          </gpxtpx:TrackPointExtension>
        </extensions>
      </trkpt>
      <trkpt lat="30.609974" lon="34.657491">
        <ele>751.6</ele>
        <time>2026-04-07T05:46:01.000Z</time>
        <extensions>
          <gpxtpx:TrackPointExtension>
            <gpxtpx:hr>113</gpxtpx:hr>
            <gpxtpx:cad>0</gpxtpx:cad>
            <gpxtpx:atemp>296.65</gpxtpx:atemp>
          </gpxtpx:TrackPointExtension>
        </extensions>
      </trkpt>
      <trkpt lat="30.610043" lon="34.657447">
        <ele>752.0</ele>
        <time>2026-04-07T05:46:12.000Z</time>
        <extensions>
          <gpxtpx:TrackPointExtension>
            <gpxtpx:hr>111</gpxtpx:hr>
            <gpxtpx:cad>47</gpxtpx:cad>
            <gpxtpx:atemp>296.65</gpxtpx:atemp>
          </gpxtpx:TrackPointExtension>
        </extensions>
      </trkpt>
      <trkpt lat="30.610107" lon="34.657501">
        <ele>752.3</ele>
        <time>2026-04-07T05:46:19.000Z</time>
        <extensions>
          <gpxtpx:TrackPointExtension>
            <gpxtpx:hr>110</gpxtpx:hr>
            <gpxtpx:cad>52</gpxtpx:cad>
            <gpxtpx:atemp>296.65</gpxtpx:atemp>
          </gpxtpx:TrackPointExtension>
        </extensions>
      </trkpt>
      <trkpt lat="30.610192" lon="34.657539">
        <ele>753.1</ele>
        <time>2026-04-07T05:46:26.000Z</time>
        <extensions>
          <gpxtpx:TrackPointExtension>
            <gpxtpx:hr>106</gpxtpx:hr>
            <gpxtpx:cad>60</gpxtpx:cad>
            <gpxtpx:atemp>296.65</gpxtpx:atemp>
          </gpxtpx:TrackPointExtension>
        </extensions>
      </trkpt>
      <trkpt lat="30.610331" lon="34.657681">
        <ele>754.9</ele>
        <time>2026-04-07T05:46:37.000Z</time>
        <extensions>
          <gpxtpx:TrackPointExtension>
            <gpxtpx:hr>102</gpxtpx:hr>
            <gpxtpx:cad>71</gpxtpx:cad>
            <gpxtpx:atemp>296.65</gpxtpx:atemp>
          </gpxtpx:TrackPointExtension>
        </extensions>
      </trkpt>
      <trkpt lat="30.610410" lon="34.657690">
        <ele>755.7</ele>
        <time>2026-04-07T05:46:41.000Z</time>
        <extensions>
          <gpxtpx:TrackPointExtension>
            <gpxtpx:hr>107</gpxtpx:hr>
            <gpxtpx:cad>69</gpxtpx:cad>
            <gpxtpx:atemp>296.65</gpxtpx:atemp>
          </gpxtpx:TrackPointExtension>
        </extensions>
      </trkpt>
      <trkpt lat="30.610451" lon="34.657705">
        <ele>756.2</ele>
        <time>2026-04-07T05:46:43.000Z</time>
        <extensions>
          <gpxtpx:TrackPointExtension>
            <gpxtpx:hr>108</gpxtpx:hr>
            <gpxtpx:cad>75</gpxtpx:cad>
            <gpxtpx:atemp>296.65</gpxtpx:atemp>
          </gpxtpx:TrackPointExtension>
        </extensions>
      </trkpt>
      <trkpt lat="30.610551" lon="34.657710">
        <ele>757.4</ele>
        <time>2026-04-07T05:46:49.000Z</time>
        <extensions>
          <gpxtpx:TrackPointExtension>
            <gpxtpx:hr>111</gpxtpx:hr>
            <gpxtpx:cad>76</gpxtpx:cad>
            <gpxtpx:atemp>297.65</gpxtpx:atemp>
          </gpxtpx:TrackPointExtension>
        </extensions>
      </trkpt>
      <trkpt lat="30.610647" lon="34.657748">
        <ele>758.7</ele>
        <time>2026-04-07T05:46:55.000Z</time>
        <extensions>
          <gpxtpx:TrackPointExtension>
            <gpxtpx:hr>115</gpxtpx:hr>
            <gpxtpx:cad>73</gpxtpx:cad>
            <gpxtpx:atemp>297.65</gpxtpx:atemp>
          </gpxtpx:TrackPointExtension>
        </extensions>
      </trkpt>
      <trkpt lat="30.610709" lon="34.657755">
        <ele>759.5</ele>
        <time>2026-04-07T05:46:59.000Z</time>
        <extensions>
          <gpxtpx:TrackPointExtension>
            <gpxtpx:hr>117</gpxtpx:hr>
            <gpxtpx:cad>74</gpxtpx:cad>
            <gpxtpx:atemp>297.65</gpxtpx:atemp>
          </gpxtpx:TrackPointExtension>
        </extensions>
      </trkpt>
      <trkpt lat="30.610785" lon="34.657805">
        <ele>760.0</ele>
        <time>2026-04-07T05:47:04.000Z</time>
        <extensions>
          <gpxtpx:TrackPointExtension>
            <gpxtpx:hr>121</gpxtpx:hr>
            <gpxtpx:cad>74</gpxtpx:cad>
            <gpxtpx:atemp>297.65</gpxtpx:atemp>
          </gpxtpx:TrackPointExtension>
        </extensions>
      </trkpt>
      <trkpt lat="30.610853" lon="34.657898">
        <ele>761.0</ele>
        <time>2026-04-07T05:47:10.000Z</time>
        <extensions>
          <gpxtpx:TrackPointExtension>
            <gpxtpx:hr>125</gpxtpx:hr>
            <gpxtpx:cad>74</gpxtpx:cad>
            <gpxtpx:atemp>297.65</gpxtpx:atemp>
          </gpxtpx:TrackPointExtension>
        </extensions>
      </trkpt>
      <trkpt lat="30.610920" lon="34.657943">
        <ele>761.5</ele>
        <time>2026-04-07T05:47:15.000Z</time>
        <extensions>
          <gpxtpx:TrackPointExtension>
            <gpxtpx:hr>129</gpxtpx:hr>
            <gpxtpx:cad>67</gpxtpx:cad>
            <gpxtpx:atemp>297.65</gpxtpx:atemp>
          </gpxtpx:TrackPointExtension>
        </extensions>
      </trkpt>
      <trkpt lat="30.611008" lon="34.657973">
        <ele>761.6</ele>
        <time>2026-04-07T05:47:21.000Z</time>
        <extensions>
          <gpxtpx:TrackPointExtension>
            <gpxtpx:hr>134</gpxtpx:hr>
            <gpxtpx:cad>74</gpxtpx:cad>
            <gpxtpx:atemp>297.65</gpxtpx:atemp>
          </gpxtpx:TrackPointExtension>
        </extensions>
      </trkpt>
      <trkpt lat="30.611071" lon="34.658029">
        <ele>761.3</ele>
        <time>2026-04-07T05:47:27.000Z</time>
        <extensions>
          <gpxtpx:TrackPointExtension>
            <gpxtpx:hr>139</gpxtpx:hr>
            <gpxtpx:cad>72</gpxtpx:cad>
            <gpxtpx:atemp>297.65</gpxtpx:atemp>
          </gpxtpx:TrackPointExtension>
        </extensions>
      </trkpt>
      <trkpt lat="30.611155" lon="34.658075">
        <ele>761.2</ele>
        <time>2026-04-07T05:47:35.000Z</time>
        <extensions>
          <gpxtpx:TrackPointExtension>
            <gpxtpx:hr>141</gpxtpx:hr>
            <gpxtpx:cad>72</gpxtpx:cad>
            <gpxtpx:atemp>297.65</gpxtpx:atemp>
          </gpxtpx:TrackPointExtension>
        </extensions>
      </trkpt>
      <trkpt lat="30.611183" lon="34.658083">
        <ele>761.2</ele>
        <time>2026-04-07T05:47:37.000Z</time>
        <extensions>
          <gpxtpx:TrackPointExtension>
            <gpxtpx:hr>141</gpxtpx:hr>
            <gpxtpx:cad>72</gpxtpx:cad>
            <gpxtpx:atemp>297.65</gpxtpx:atemp>
          </gpxtpx:TrackPointExtension>
        </extensions>
      </trkpt>
      <trkpt lat="30.611314" lon="34.658147">
        <ele>761.1</ele>
        <time>2026-04-07T05:47:48.000Z</time>
        <extensions>
          <gpxtpx:TrackPointExtension>
            <gpxtpx:hr>142</gpxtpx:hr>
            <gpxtpx:cad>0</gpxtpx:cad>
            <gpxtpx:atemp>297.65</gpxtpx:atemp>
          </gpxtpx:TrackPointExtension>
        </extensions>
      </trkpt>
      <trkpt lat="30.611505" lon="34.658187">
        <ele>760.1</ele>
        <time>2026-04-07T05:48:00.000Z</time>
        <extensions>
          <gpxtpx:TrackPointExtension>
            <gpxtpx:hr>142</gpxtpx:hr>
            <gpxtpx:cad>73</gpxtpx:cad>
            <gpxtpx:atemp>297.65</gpxtpx:atemp>
          </gpxtpx:TrackPointExtension>
        </extensions>
      </trkpt>
      <trkpt lat="30.611552" lon="34.658194">
        <ele>759.6</ele>
        <time>2026-04-07T05:48:03.000Z</time>
        <extensions>
          <gpxtpx:TrackPointExtension>
            <gpxtpx:hr>142</gpxtpx:hr>
            <gpxtpx:cad>73</gpxtpx:cad>
            <gpxtpx:atemp>297.65</gpxtpx:atemp>
          </gpxtpx:TrackPointExtension>
        </extensions>
      </trkpt>
      <trkpt lat="30.611620" lon="34.658173">
        <ele>758.0</ele>
        <time>2026-04-07T05:48:07.000Z</time>
        <extensions>
          <gpxtpx:TrackPointExtension>
            <gpxtpx:hr>144</gpxtpx:hr>
            <gpxtpx:cad>71</gpxtpx:cad>
            <gpxtpx:atemp>297.65</gpxtpx:atemp>
          </gpxtpx:TrackPointExtension>
        </extensions>
      </trkpt>
      <trkpt lat="30.611694" lon="34.658196">
        <ele>757.0</ele>
        <time>2026-04-07T05:48:14.000Z</time>
        <extensions>
          <gpxtpx:TrackPointExtension>
            <gpxtpx:hr>146</gpxtpx:hr>
            <gpxtpx:cad>71</gpxtpx:cad>
            <gpxtpx:atemp>297.65</gpxtpx:atemp>
          </gpxtpx:TrackPointExtension>
        </extensions>
      </trkpt>
      <trkpt lat="30.611821" lon="34.658217">
        <ele>755.0</ele>
        <time>2026-04-07T05:48:29.000Z</time>
        <extensions>
          <gpxtpx:TrackPointExtension>
            <gpxtpx:hr>141</gpxtpx:hr>
            <gpxtpx:cad>42</gpxtpx:cad>
            <gpxtpx:atemp>297.65</gpxtpx:atemp>
          </gpxtpx:TrackPointExtension>
        </extensions>
      </trkpt>
      <trkpt lat="30.611818" lon="34.658306">
        <ele>756.0</ele>
        <time>2026-04-07T05:48:45.000Z</time>
        <extensions>
          <gpxtpx:TrackPointExtension>
            <gpxtpx:hr>144</gpxtpx:hr>
            <gpxtpx:cad>0</gpxtpx:cad>
            <gpxtpx:atemp>296.65</gpxtpx:atemp>
          </gpxtpx:TrackPointExtension>
        </extensions>
      </trkpt>
      <trkpt lat="30.611846" lon="34.658339">
        <ele>756.1</ele>
        <time>2026-04-07T05:48:51.000Z</time>
        <extensions>
          <gpxtpx:TrackPointExtension>
            <gpxtpx:hr>143</gpxtpx:hr>
            <gpxtpx:cad>43</gpxtpx:cad>
            <gpxtpx:atemp>296.65</gpxtpx:atemp>
          </gpxtpx:TrackPointExtension>
        </extensions>
      </trkpt>
      <trkpt lat="30.611832" lon="34.658467">
        <ele>757.7</ele>
        <time>2026-04-07T05:49:04.000Z</time>
        <extensions>
          <gpxtpx:TrackPointExtension>
            <gpxtpx:hr>144</gpxtpx:hr>
            <gpxtpx:cad>71</gpxtpx:cad>
            <gpxtpx:atemp>296.65</gpxtpx:atemp>
          </gpxtpx:TrackPointExtension>
        </extensions>
      </trkpt>
      <trkpt lat="30.611857" lon="34.658564">
        <ele>757.9</ele>
        <time>2026-04-07T05:49:15.000Z</time>
        <extensions>
          <gpxtpx:TrackPointExtension>
            <gpxtpx:hr>139</gpxtpx:hr>
            <gpxtpx:cad>0</gpxtpx:cad>
            <gpxtpx:atemp>296.65</gpxtpx:atemp>
          </gpxtpx:TrackPointExtension>
        </extensions>
      </trkpt>
      <trkpt lat="30.611778" lon="34.658630">
        <ele>758.8</ele>
        <time>2026-04-07T05:49:54.000Z</time>
        <extensions>
          <gpxtpx:TrackPointExtension>
            <gpxtpx:hr>120</gpxtpx:hr>
            <gpxtpx:cad>74</gpxtpx:cad>
            <gpxtpx:atemp>296.65</gpxtpx:atemp>
          </gpxtpx:TrackPointExtension>
        </extensions>
      </trkpt>
      <trkpt lat="30.611794" lon="34.658687">
        <ele>758.8</ele>
        <time>2026-04-07T05:50:27.053Z</time>
      </trkpt>
      <trkpt lat="30.611857" lon="34.658730">
        <ele>758.7</ele>
        <time>2026-04-07T05:51:14.000Z</time>
        <extensions>
          <gpxtpx:TrackPointExtension>
            <gpxtpx:hr>87</gpxtpx:hr>
            <gpxtpx:cad>70</gpxtpx:cad>
            <gpxtpx:atemp>296.65</gpxtpx:atemp>
          </gpxtpx:TrackPointExtension>
        </extensions>
      </trkpt>
      <trkpt lat="30.611871" lon="34.658793">
        <ele>758.8</ele>
        <time>2026-04-07T05:51:21.000Z</time>
        <extensions>
          <gpxtpx:TrackPointExtension>
            <gpxtpx:hr>90</gpxtpx:hr>
            <gpxtpx:cad>42</gpxtpx:cad>
            <gpxtpx:atemp>296.65</gpxtpx:atemp>
          </gpxtpx:TrackPointExtension>
        </extensions>
      </trkpt>
      <trkpt lat="30.611859" lon="34.658894">
        <ele>759.0</ele>
        <time>2026-04-07T05:51:29.000Z</time>
        <extensions>
          <gpxtpx:TrackPointExtension>
            <gpxtpx:hr>93</gpxtpx:hr>
            <gpxtpx:cad>50</gpxtpx:cad>
            <gpxtpx:atemp>296.65</gpxtpx:atemp>
          </gpxtpx:TrackPointExtension>
        </extensions>
      </trkpt>
      <trkpt lat="30.611884" lon="34.658963">
        <ele>759.2</ele>
        <time>2026-04-07T05:51:37.000Z</time>
        <extensions>
          <gpxtpx:TrackPointExtension>
            <gpxtpx:hr>93</gpxtpx:hr>
            <gpxtpx:cad>49</gpxtpx:cad>
            <gpxtpx:atemp>296.65</gpxtpx:atemp>
          </gpxtpx:TrackPointExtension>
        </extensions>
      </trkpt>
      <trkpt lat="30.611921" lon="34.658931">
        <ele>759.1</ele>
        <time>2026-04-07T05:51:41.000Z</time>
        <extensions>
          <gpxtpx:TrackPointExtension>
            <gpxtpx:hr>93</gpxtpx:hr>
            <gpxtpx:cad>47</gpxtpx:cad>
            <gpxtpx:atemp>296.65</gpxtpx:atemp>
          </gpxtpx:TrackPointExtension>
        </extensions>
      </trkpt>
      <trkpt lat="30.611983" lon="34.658908">
        <ele>759.1</ele>
        <time>2026-04-07T05:51:47.000Z</time>
        <extensions>
          <gpxtpx:TrackPointExtension>
            <gpxtpx:hr>92</gpxtpx:hr>
            <gpxtpx:cad>55</gpxtpx:cad>
            <gpxtpx:atemp>296.65</gpxtpx:atemp>
          </gpxtpx:TrackPointExtension>
        </extensions>
      </trkpt>
      <trkpt lat="30.612060" lon="34.658916">
        <ele>759.2</ele>
        <time>2026-04-07T05:51:53.000Z</time>
        <extensions>
          <gpxtpx:TrackPointExtension>
            <gpxtpx:hr>93</gpxtpx:hr>
            <gpxtpx:cad>59</gpxtpx:cad>
            <gpxtpx:atemp>296.65</gpxtpx:atemp>
          </gpxtpx:TrackPointExtension>
        </extensions>
      </trkpt>
      <trkpt lat="30.612125" lon="34.658909">
        <ele>759.1</ele>
        <time>2026-04-07T05:51:58.000Z</time>
        <extensions>
          <gpxtpx:TrackPointExtension>
            <gpxtpx:hr>93</gpxtpx:hr>
            <gpxtpx:cad>56</gpxtpx:cad>
            <gpxtpx:atemp>296.65</gpxtpx:atemp>
          </gpxtpx:TrackPointExtension>
        </extensions>
      </trkpt>
      <trkpt lat="30.612191" lon="34.658888">
        <ele>758.8</ele>
        <time>2026-04-07T05:52:04.000Z</time>
        <extensions>
          <gpxtpx:TrackPointExtension>
            <gpxtpx:hr>96</gpxtpx:hr>
            <gpxtpx:cad>59</gpxtpx:cad>
            <gpxtpx:atemp>296.65</gpxtpx:atemp>
          </gpxtpx:TrackPointExtension>
        </extensions>
      </trkpt>
      <trkpt lat="30.612245" lon="34.658898">
        <ele>758.8</ele>
        <time>2026-04-07T05:52:09.000Z</time>
        <extensions>
          <gpxtpx:TrackPointExtension>
            <gpxtpx:hr>99</gpxtpx:hr>
            <gpxtpx:cad>55</gpxtpx:cad>
            <gpxtpx:atemp>296.65</gpxtpx:atemp>
          </gpxtpx:TrackPointExtension>
        </extensions>
      </trkpt>
      <trkpt lat="30.612328" lon="34.658903">
        <ele>758.7</ele>
        <time>2026-04-07T05:52:22.000Z</time>
        <extensions>
          <gpxtpx:TrackPointExtension>
            <gpxtpx:hr>96</gpxtpx:hr>
            <gpxtpx:cad>0</gpxtpx:cad>
            <gpxtpx:atemp>296.65</gpxtpx:atemp>
          </gpxtpx:TrackPointExtension>
        </extensions>
      </trkpt>
      <trkpt lat="30.612401" lon="34.658897">
        <ele>758.7</ele>
        <time>2026-04-07T05:52:29.000Z</time>
        <extensions>
          <gpxtpx:TrackPointExtension>
            <gpxtpx:hr>94</gpxtpx:hr>
            <gpxtpx:cad>57</gpxtpx:cad>
            <gpxtpx:atemp>296.65</gpxtpx:atemp>
          </gpxtpx:TrackPointExtension>
        </extensions>
      </trkpt>
      <trkpt lat="30.612561" lon="34.658897">
        <ele>759.0</ele>
        <time>2026-04-07T05:52:43.000Z</time>
        <extensions>
          <gpxtpx:TrackPointExtension>
            <gpxtpx:hr>94</gpxtpx:hr>
            <gpxtpx:cad>74</gpxtpx:cad>
            <gpxtpx:atemp>296.65</gpxtpx:atemp>
          </gpxtpx:TrackPointExtension>
        </extensions>
      </trkpt>
      <trkpt lat="30.612648" lon="34.658941">
        <ele>759.8</ele>
        <time>2026-04-07T05:52:51.000Z</time>
        <extensions>
          <gpxtpx:TrackPointExtension>
            <gpxtpx:hr>94</gpxtpx:hr>
            <gpxtpx:cad>56</gpxtpx:cad>
            <gpxtpx:atemp>296.65</gpxtpx:atemp>
          </gpxtpx:TrackPointExtension>
        </extensions>
      </trkpt>
      <trkpt lat="30.612697" lon="34.658980">
        <ele>760.5</ele>
        <time>2026-04-07T05:52:56.000Z</time>
        <extensions>
          <gpxtpx:TrackPointExtension>
            <gpxtpx:hr>93</gpxtpx:hr>
            <gpxtpx:cad>55</gpxtpx:cad>
            <gpxtpx:atemp>296.65</gpxtpx:atemp>
          </gpxtpx:TrackPointExtension>
        </extensions>
      </trkpt>
      <trkpt lat="30.612852" lon="34.659031">
        <ele>761.8</ele>
        <time>2026-04-07T05:53:09.000Z</time>
        <extensions>
          <gpxtpx:TrackPointExtension>
            <gpxtpx:hr>96</gpxtpx:hr>
            <gpxtpx:cad>51</gpxtpx:cad>
            <gpxtpx:atemp>296.65</gpxtpx:atemp>
          </gpxtpx:TrackPointExtension>
        </extensions>
      </trkpt>
      <trkpt lat="30.612954" lon="34.659072">
        <ele>762.6</ele>
        <time>2026-04-07T05:53:18.000Z</time>
        <extensions>
          <gpxtpx:TrackPointExtension>
            <gpxtpx:hr>91</gpxtpx:hr>
            <gpxtpx:cad>50</gpxtpx:cad>
            <gpxtpx:atemp>297.65</gpxtpx:atemp>
          </gpxtpx:TrackPointExtension>
        </extensions>
      </trkpt>
      <trkpt lat="30.613001" lon="34.659079">
        <ele>762.7</ele>
        <time>2026-04-07T05:53:22.000Z</time>
        <extensions>
          <gpxtpx:TrackPointExtension>
            <gpxtpx:hr>90</gpxtpx:hr>
            <gpxtpx:cad>50</gpxtpx:cad>
            <gpxtpx:atemp>297.65</gpxtpx:atemp>
          </gpxtpx:TrackPointExtension>
        </extensions>
      </trkpt>
      <trkpt lat="30.613065" lon="34.659140">
        <ele>763.6</ele>
        <time>2026-04-07T05:53:29.000Z</time>
        <extensions>
          <gpxtpx:TrackPointExtension>
            <gpxtpx:hr>87</gpxtpx:hr>
            <gpxtpx:cad>55</gpxtpx:cad>
            <gpxtpx:atemp>297.65</gpxtpx:atemp>
          </gpxtpx:TrackPointExtension>
        </extensions>
      </trkpt>
      <trkpt lat="30.613158" lon="34.659185">
        <ele>764.3</ele>
        <time>2026-04-07T05:53:37.000Z</time>
        <extensions>
          <gpxtpx:TrackPointExtension>
            <gpxtpx:hr>88</gpxtpx:hr>
            <gpxtpx:cad>53</gpxtpx:cad>
            <gpxtpx:atemp>297.65</gpxtpx:atemp>
          </gpxtpx:TrackPointExtension>
        </extensions>
      </trkpt>
      <trkpt lat="30.613236" lon="34.659219">
        <ele>764.5</ele>
        <time>2026-04-07T05:53:44.000Z</time>
        <extensions>
          <gpxtpx:TrackPointExtension>
            <gpxtpx:hr>87</gpxtpx:hr>
            <gpxtpx:cad>49</gpxtpx:cad>
            <gpxtpx:atemp>297.65</gpxtpx:atemp>
          </gpxtpx:TrackPointExtension>
        </extensions>
      </trkpt>
      <trkpt lat="30.613277" lon="34.659210">
        <ele>764.1</ele>
        <time>2026-04-07T05:53:48.000Z</time>
        <extensions>
          <gpxtpx:TrackPointExtension>
            <gpxtpx:hr>83</gpxtpx:hr>
            <gpxtpx:cad>51</gpxtpx:cad>
            <gpxtpx:atemp>297.65</gpxtpx:atemp>
          </gpxtpx:TrackPointExtension>
        </extensions>
      </trkpt>
      <trkpt lat="30.613370" lon="34.659241">
        <ele>764.0</ele>
        <time>2026-04-07T05:53:56.000Z</time>
        <extensions>
          <gpxtpx:TrackPointExtension>
            <gpxtpx:hr>81</gpxtpx:hr>
            <gpxtpx:cad>0</gpxtpx:cad>
            <gpxtpx:atemp>297.65</gpxtpx:atemp>
          </gpxtpx:TrackPointExtension>
        </extensions>
      </trkpt>
      <trkpt lat="30.613402" lon="34.659272">
        <ele>764.1</ele>
        <time>2026-04-07T05:53:59.000Z</time>
        <extensions>
          <gpxtpx:TrackPointExtension>
            <gpxtpx:hr>80</gpxtpx:hr>
            <gpxtpx:cad>0</gpxtpx:cad>
            <gpxtpx:atemp>297.65</gpxtpx:atemp>
          </gpxtpx:TrackPointExtension>
        </extensions>
      </trkpt>
      <trkpt lat="30.613565" lon="34.659304">
        <ele>763.3</ele>
        <time>2026-04-07T05:54:13.000Z</time>
        <extensions>
          <gpxtpx:TrackPointExtension>
            <gpxtpx:hr>83</gpxtpx:hr>
            <gpxtpx:cad>0</gpxtpx:cad>
            <gpxtpx:atemp>297.65</gpxtpx:atemp>
          </gpxtpx:TrackPointExtension>
        </extensions>
      </trkpt>
      <trkpt lat="30.613639" lon="34.659310">
        <ele>762.8</ele>
        <time>2026-04-07T05:54:17.000Z</time>
        <extensions>
          <gpxtpx:TrackPointExtension>
            <gpxtpx:hr>84</gpxtpx:hr>
            <gpxtpx:cad>0</gpxtpx:cad>
            <gpxtpx:atemp>297.65</gpxtpx:atemp>
          </gpxtpx:TrackPointExtension>
        </extensions>
      </trkpt>
      <trkpt lat="30.613808" lon="34.659289">
        <ele>761.4</ele>
        <time>2026-04-07T05:54:29.000Z</time>
        <extensions>
          <gpxtpx:TrackPointExtension>
            <gpxtpx:hr>86</gpxtpx:hr>
            <gpxtpx:cad>78</gpxtpx:cad>
            <gpxtpx:atemp>297.65</gpxtpx:atemp>
          </gpxtpx:TrackPointExtension>
        </extensions>
      </trkpt>
      <trkpt lat="30.613845" lon="34.659268">
        <ele>760.9</ele>
        <time>2026-04-07T05:54:32.000Z</time>
        <extensions>
          <gpxtpx:TrackPointExtension>
            <gpxtpx:hr>88</gpxtpx:hr>
            <gpxtpx:cad>0</gpxtpx:cad>
            <gpxtpx:atemp>297.65</gpxtpx:atemp>
          </gpxtpx:TrackPointExtension>
        </extensions>
      </trkpt>
      <trkpt lat="30.614001" lon="34.659150">
        <ele>758.5</ele>
        <time>2026-04-07T05:54:47.000Z</time>
        <extensions>
          <gpxtpx:TrackPointExtension>
            <gpxtpx:hr>100</gpxtpx:hr>
            <gpxtpx:cad>55</gpxtpx:cad>
            <gpxtpx:atemp>297.65</gpxtpx:atemp>
          </gpxtpx:TrackPointExtension>
        </extensions>
      </trkpt>
      <trkpt lat="30.614072" lon="34.659133">
        <ele>757.6</ele>
        <time>2026-04-07T05:54:54.000Z</time>
        <extensions>
          <gpxtpx:TrackPointExtension>
            <gpxtpx:hr>100</gpxtpx:hr>
            <gpxtpx:cad>51</gpxtpx:cad>
            <gpxtpx:atemp>297.65</gpxtpx:atemp>
          </gpxtpx:TrackPointExtension>
        </extensions>
      </trkpt>
      <trkpt lat="30.614089" lon="34.659173">
        <ele>757.8</ele>
        <time>2026-04-07T05:54:58.000Z</time>
        <extensions>
          <gpxtpx:TrackPointExtension>
            <gpxtpx:hr>106</gpxtpx:hr>
            <gpxtpx:cad>47</gpxtpx:cad>
            <gpxtpx:atemp>297.65</gpxtpx:atemp>
          </gpxtpx:TrackPointExtension>
        </extensions>
      </trkpt>
      <trkpt lat="30.614151" lon="34.659198">
        <ele>757.2</ele>
        <time>2026-04-07T05:55:03.000Z</time>
        <extensions>
          <gpxtpx:TrackPointExtension>
            <gpxtpx:hr>118</gpxtpx:hr>
            <gpxtpx:cad>0</gpxtpx:cad>
            <gpxtpx:atemp>297.65</gpxtpx:atemp>
          </gpxtpx:TrackPointExtension>
        </extensions>
      </trkpt>
      <trkpt lat="30.614234" lon="34.659299">
        <ele>757.0</ele>
        <time>2026-04-07T05:55:13.000Z</time>
        <extensions>
          <gpxtpx:TrackPointExtension>
            <gpxtpx:hr>111</gpxtpx:hr>
            <gpxtpx:cad>0</gpxtpx:cad>
            <gpxtpx:atemp>296.65</gpxtpx:atemp>
          </gpxtpx:TrackPointExtension>
        </extensions>
      </trkpt>
      <trkpt lat="30.614280" lon="34.659397">
        <ele>757.3</ele>
        <time>2026-04-07T05:55:20.000Z</time>
        <extensions>
          <gpxtpx:TrackPointExtension>
            <gpxtpx:hr>110</gpxtpx:hr>
            <gpxtpx:cad>71</gpxtpx:cad>
            <gpxtpx:atemp>296.65</gpxtpx:atemp>
          </gpxtpx:TrackPointExtension>
        </extensions>
      </trkpt>
      <trkpt lat="30.614367" lon="34.659526">
        <ele>757.3</ele>
        <time>2026-04-07T05:55:32.000Z</time>
        <extensions>
          <gpxtpx:TrackPointExtension>
            <gpxtpx:hr>111</gpxtpx:hr>
            <gpxtpx:cad>61</gpxtpx:cad>
            <gpxtpx:atemp>297.65</gpxtpx:atemp>
          </gpxtpx:TrackPointExtension>
        </extensions>
      </trkpt>
      <trkpt lat="30.614379" lon="34.659555">
        <ele>757.4</ele>
        <time>2026-04-07T05:55:34.000Z</time>
        <extensions>
          <gpxtpx:TrackPointExtension>
            <gpxtpx:hr>110</gpxtpx:hr>
            <gpxtpx:cad>61</gpxtpx:cad>
            <gpxtpx:atemp>297.65</gpxtpx:atemp>
          </gpxtpx:TrackPointExtension>
        </extensions>
      </trkpt>
      <trkpt lat="30.614557" lon="34.659684">
        <ele>755.2</ele>
        <time>2026-04-07T05:55:50.000Z</time>
        <extensions>
          <gpxtpx:TrackPointExtension>
            <gpxtpx:hr>107</gpxtpx:hr>
            <gpxtpx:cad>72</gpxtpx:cad>
            <gpxtpx:atemp>297.65</gpxtpx:atemp>
          </gpxtpx:TrackPointExtension>
        </extensions>
      </trkpt>
      <trkpt lat="30.614713" lon="34.659812">
        <ele>753.3</ele>
        <time>2026-04-07T05:56:03.000Z</time>
        <extensions>
          <gpxtpx:TrackPointExtension>
            <gpxtpx:hr>105</gpxtpx:hr>
            <gpxtpx:cad>0</gpxtpx:cad>
            <gpxtpx:atemp>297.65</gpxtpx:atemp>
          </gpxtpx:TrackPointExtension>
        </extensions>
      </trkpt>
      <trkpt lat="30.614781" lon="34.659894">
        <ele>752.6</ele>
        <time>2026-04-07T05:56:11.000Z</time>
        <extensions>
          <gpxtpx:TrackPointExtension>
            <gpxtpx:hr>108</gpxtpx:hr>
            <gpxtpx:cad>55</gpxtpx:cad>
            <gpxtpx:atemp>297.65</gpxtpx:atemp>
          </gpxtpx:TrackPointExtension>
        </extensions>
      </trkpt>
      <trkpt lat="30.614792" lon="34.659925">
        <ele>752.5</ele>
        <time>2026-04-07T05:56:14.000Z</time>
        <extensions>
          <gpxtpx:TrackPointExtension>
            <gpxtpx:hr>109</gpxtpx:hr>
            <gpxtpx:cad>53</gpxtpx:cad>
            <gpxtpx:atemp>297.65</gpxtpx:atemp>
          </gpxtpx:TrackPointExtension>
        </extensions>
      </trkpt>
      <trkpt lat="30.614783" lon="34.660095">
        <ele>753.2</ele>
        <time>2026-04-07T05:56:31.000Z</time>
        <extensions>
          <gpxtpx:TrackPointExtension>
            <gpxtpx:hr>109</gpxtpx:hr>
            <gpxtpx:cad>49</gpxtpx:cad>
            <gpxtpx:atemp>297.65</gpxtpx:atemp>
          </gpxtpx:TrackPointExtension>
        </extensions>
      </trkpt>
      <trkpt lat="30.614785" lon="34.660295">
        <ele>753.9</ele>
        <time>2026-04-07T05:56:42.000Z</time>
        <extensions>
          <gpxtpx:TrackPointExtension>
            <gpxtpx:hr>109</gpxtpx:hr>
            <gpxtpx:cad>70</gpxtpx:cad>
            <gpxtpx:atemp>297.65</gpxtpx:atemp>
          </gpxtpx:TrackPointExtension>
        </extensions>
      </trkpt>
      <trkpt lat="30.614811" lon="34.660441">
        <ele>753.8</ele>
        <time>2026-04-07T05:56:51.000Z</time>
        <extensions>
          <gpxtpx:TrackPointExtension>
            <gpxtpx:hr>111</gpxtpx:hr>
            <gpxtpx:cad>62</gpxtpx:cad>
            <gpxtpx:atemp>297.65</gpxtpx:atemp>
          </gpxtpx:TrackPointExtension>
        </extensions>
      </trkpt>
      <trkpt lat="30.614801" lon="34.660546">
        <ele>753.6</ele>
        <time>2026-04-07T05:56:57.000Z</time>
        <extensions>
          <gpxtpx:TrackPointExtension>
            <gpxtpx:hr>114</gpxtpx:hr>
            <gpxtpx:cad>74</gpxtpx:cad>
            <gpxtpx:atemp>297.65</gpxtpx:atemp>
          </gpxtpx:TrackPointExtension>
        </extensions>
      </trkpt>
      <trkpt lat="30.614805" lon="34.660700">
        <ele>753.0</ele>
        <time>2026-04-07T05:57:08.000Z</time>
        <extensions>
          <gpxtpx:TrackPointExtension>
            <gpxtpx:hr>116</gpxtpx:hr>
            <gpxtpx:cad>57</gpxtpx:cad>
            <gpxtpx:atemp>297.65</gpxtpx:atemp>
          </gpxtpx:TrackPointExtension>
        </extensions>
      </trkpt>
      <trkpt lat="30.614765" lon="34.660776">
        <ele>753.3</ele>
        <time>2026-04-07T05:57:15.000Z</time>
        <extensions>
          <gpxtpx:TrackPointExtension>
            <gpxtpx:hr>115</gpxtpx:hr>
            <gpxtpx:cad>57</gpxtpx:cad>
            <gpxtpx:atemp>297.65</gpxtpx:atemp>
          </gpxtpx:TrackPointExtension>
        </extensions>
      </trkpt>
      <trkpt lat="30.614686" lon="34.660861">
        <ele>754.2</ele>
        <time>2026-04-07T05:57:39.000Z</time>
        <extensions>
          <gpxtpx:TrackPointExtension>
            <gpxtpx:hr>109</gpxtpx:hr>
            <gpxtpx:cad>0</gpxtpx:cad>
            <gpxtpx:atemp>297.65</gpxtpx:atemp>
          </gpxtpx:TrackPointExtension>
        </extensions>
      </trkpt>
      <trkpt lat="30.614704" lon="34.660926">
        <ele>753.5</ele>
        <time>2026-04-07T05:57:54.000Z</time>
        <extensions>
          <gpxtpx:TrackPointExtension>
            <gpxtpx:hr>103</gpxtpx:hr>
            <gpxtpx:cad>0</gpxtpx:cad>
            <gpxtpx:atemp>297.65</gpxtpx:atemp>
          </gpxtpx:TrackPointExtension>
        </extensions>
      </trkpt>
      <trkpt lat="30.614690" lon="34.660976">
        <ele>753.4</ele>
        <time>2026-04-07T05:58:07.000Z</time>
        <extensions>
          <gpxtpx:TrackPointExtension>
            <gpxtpx:hr>105</gpxtpx:hr>
            <gpxtpx:cad>48</gpxtpx:cad>
            <gpxtpx:atemp>297.65</gpxtpx:atemp>
          </gpxtpx:TrackPointExtension>
        </extensions>
      </trkpt>
      <trkpt lat="30.614676" lon="34.661039">
        <ele>753.2</ele>
        <time>2026-04-07T05:58:28.000Z</time>
        <extensions>
          <gpxtpx:TrackPointExtension>
            <gpxtpx:hr>107</gpxtpx:hr>
            <gpxtpx:cad>0</gpxtpx:cad>
            <gpxtpx:atemp>297.65</gpxtpx:atemp>
          </gpxtpx:TrackPointExtension>
        </extensions>
      </trkpt>
      <trkpt lat="30.614604" lon="34.661081">
        <ele>753.9</ele>
        <time>2026-04-07T05:58:43.000Z</time>
        <extensions>
          <gpxtpx:TrackPointExtension>
            <gpxtpx:hr>108</gpxtpx:hr>
            <gpxtpx:cad>0</gpxtpx:cad>
            <gpxtpx:atemp>297.65</gpxtpx:atemp>
          </gpxtpx:TrackPointExtension>
        </extensions>
      </trkpt>
      <trkpt lat="30.614577" lon="34.661109">
        <ele>754.1</ele>
        <time>2026-04-07T05:58:50.000Z</time>
        <extensions>
          <gpxtpx:TrackPointExtension>
            <gpxtpx:hr>108</gpxtpx:hr>
            <gpxtpx:cad>0</gpxtpx:cad>
            <gpxtpx:atemp>297.65</gpxtpx:atemp>
          </gpxtpx:TrackPointExtension>
        </extensions>
      </trkpt>
      <trkpt lat="30.614495" lon="34.661099">
        <ele>755.4</ele>
        <time>2026-04-07T05:58:59.000Z</time>
        <extensions>
          <gpxtpx:TrackPointExtension>
            <gpxtpx:hr>109</gpxtpx:hr>
            <gpxtpx:cad>0</gpxtpx:cad>
            <gpxtpx:atemp>297.65</gpxtpx:atemp>
          </gpxtpx:TrackPointExtension>
        </extensions>
      </trkpt>
      <trkpt lat="30.614401" lon="34.661167">
        <ele>756.2</ele>
        <time>2026-04-07T05:59:15.000Z</time>
        <extensions>
          <gpxtpx:TrackPointExtension>
            <gpxtpx:hr>111</gpxtpx:hr>
            <gpxtpx:cad>0</gpxtpx:cad>
            <gpxtpx:atemp>297.65</gpxtpx:atemp>
          </gpxtpx:TrackPointExtension>
        </extensions>
      </trkpt>
      <trkpt lat="30.614392" lon="34.661245">
        <ele>755.8</ele>
        <time>2026-04-07T05:59:22.000Z</time>
        <extensions>
          <gpxtpx:TrackPointExtension>
            <gpxtpx:hr>114</gpxtpx:hr>
            <gpxtpx:cad>47</gpxtpx:cad>
            <gpxtpx:atemp>297.65</gpxtpx:atemp>
          </gpxtpx:TrackPointExtension>
        </extensions>
      </trkpt>
      <trkpt lat="30.614394" lon="34.661406">
        <ele>754.0</ele>
        <time>2026-04-07T05:59:42.000Z</time>
        <extensions>
          <gpxtpx:TrackPointExtension>
            <gpxtpx:hr>124</gpxtpx:hr>
            <gpxtpx:cad>52</gpxtpx:cad>
            <gpxtpx:atemp>296.65</gpxtpx:atemp>
          </gpxtpx:TrackPointExtension>
        </extensions>
      </trkpt>
      <trkpt lat="30.614436" lon="34.661506">
        <ele>752.4</ele>
        <time>2026-04-07T06:00:01.000Z</time>
        <extensions>
          <gpxtpx:TrackPointExtension>
            <gpxtpx:hr>124</gpxtpx:hr>
            <gpxtpx:cad>0</gpxtpx:cad>
            <gpxtpx:atemp>297.65</gpxtpx:atemp>
          </gpxtpx:TrackPointExtension>
        </extensions>
      </trkpt>
      <trkpt lat="30.614488" lon="34.661545">
        <ele>751.2</ele>
        <time>2026-04-07T06:00:18.000Z</time>
        <extensions>
          <gpxtpx:TrackPointExtension>
            <gpxtpx:hr>121</gpxtpx:hr>
            <gpxtpx:cad>0</gpxtpx:cad>
            <gpxtpx:atemp>297.65</gpxtpx:atemp>
          </gpxtpx:TrackPointExtension>
        </extensions>
      </trkpt>
      <trkpt lat="30.614590" lon="34.661635">
        <ele>748.7</ele>
        <time>2026-04-07T06:00:36.000Z</time>
        <extensions>
          <gpxtpx:TrackPointExtension>
            <gpxtpx:hr>117</gpxtpx:hr>
            <gpxtpx:cad>83</gpxtpx:cad>
            <gpxtpx:atemp>297.65</gpxtpx:atemp>
          </gpxtpx:TrackPointExtension>
        </extensions>
      </trkpt>
      <trkpt lat="30.614644" lon="34.661669">
        <ele>747.6</ele>
        <time>2026-04-07T06:00:43.000Z</time>
        <extensions>
          <gpxtpx:TrackPointExtension>
            <gpxtpx:hr>116</gpxtpx:hr>
            <gpxtpx:cad>60</gpxtpx:cad>
            <gpxtpx:atemp>297.65</gpxtpx:atemp>
          </gpxtpx:TrackPointExtension>
        </extensions>
      </trkpt>
      <trkpt lat="30.614653" lon="34.661722">
        <ele>746.9</ele>
        <time>2026-04-07T06:00:47.000Z</time>
        <extensions>
          <gpxtpx:TrackPointExtension>
            <gpxtpx:hr>116</gpxtpx:hr>
            <gpxtpx:cad>60</gpxtpx:cad>
            <gpxtpx:atemp>297.65</gpxtpx:atemp>
          </gpxtpx:TrackPointExtension>
        </extensions>
      </trkpt>
      <trkpt lat="30.614654" lon="34.661795">
        <ele>746.1</ele>
        <time>2026-04-07T06:00:55.000Z</time>
        <extensions>
          <gpxtpx:TrackPointExtension>
            <gpxtpx:hr>114</gpxtpx:hr>
            <gpxtpx:cad>81</gpxtpx:cad>
            <gpxtpx:atemp>297.65</gpxtpx:atemp>
          </gpxtpx:TrackPointExtension>
        </extensions>
      </trkpt>
      <trkpt lat="30.614727" lon="34.661841">
        <ele>744.7</ele>
        <time>2026-04-07T06:01:01.000Z</time>
        <extensions>
          <gpxtpx:TrackPointExtension>
            <gpxtpx:hr>112</gpxtpx:hr>
            <gpxtpx:cad>81</gpxtpx:cad>
            <gpxtpx:atemp>297.65</gpxtpx:atemp>
          </gpxtpx:TrackPointExtension>
        </extensions>
      </trkpt>
      <trkpt lat="30.614784" lon="34.661891">
        <ele>743.5</ele>
        <time>2026-04-07T06:01:06.000Z</time>
        <extensions>
          <gpxtpx:TrackPointExtension>
            <gpxtpx:hr>113</gpxtpx:hr>
            <gpxtpx:cad>0</gpxtpx:cad>
            <gpxtpx:atemp>297.65</gpxtpx:atemp>
          </gpxtpx:TrackPointExtension>
        </extensions>
      </trkpt>
      <trkpt lat="30.614807" lon="34.661949">
        <ele>742.7</ele>
        <time>2026-04-07T06:01:10.000Z</time>
        <extensions>
          <gpxtpx:TrackPointExtension>
            <gpxtpx:hr>114</gpxtpx:hr>
            <gpxtpx:cad>0</gpxtpx:cad>
            <gpxtpx:atemp>297.65</gpxtpx:atemp>
          </gpxtpx:TrackPointExtension>
        </extensions>
      </trkpt>
      <trkpt lat="30.614848" lon="34.661978">
        <ele>741.9</ele>
        <time>2026-04-07T06:01:14.000Z</time>
        <extensions>
          <gpxtpx:TrackPointExtension>
            <gpxtpx:hr>117</gpxtpx:hr>
            <gpxtpx:cad>0</gpxtpx:cad>
            <gpxtpx:atemp>297.65</gpxtpx:atemp>
          </gpxtpx:TrackPointExtension>
        </extensions>
      </trkpt>
      <trkpt lat="30.614895" lon="34.662046">
        <ele>740.8</ele>
        <time>2026-04-07T06:01:19.000Z</time>
        <extensions>
          <gpxtpx:TrackPointExtension>
            <gpxtpx:hr>120</gpxtpx:hr>
            <gpxtpx:cad>0</gpxtpx:cad>
            <gpxtpx:atemp>297.65</gpxtpx:atemp>
          </gpxtpx:TrackPointExtension>
        </extensions>
      </trkpt>
      <trkpt lat="30.614979" lon="34.662096">
        <ele>739.3</ele>
        <time>2026-04-07T06:01:24.000Z</time>
        <extensions>
          <gpxtpx:TrackPointExtension>
            <gpxtpx:hr>119</gpxtpx:hr>
            <gpxtpx:cad>75</gpxtpx:cad>
            <gpxtpx:atemp>297.65</gpxtpx:atemp>
          </gpxtpx:TrackPointExtension>
        </extensions>
      </trkpt>
      <trkpt lat="30.615072" lon="34.662168">
        <ele>738.0</ele>
        <time>2026-04-07T06:01:30.000Z</time>
        <extensions>
          <gpxtpx:TrackPointExtension>
            <gpxtpx:hr>123</gpxtpx:hr>
            <gpxtpx:cad>72</gpxtpx:cad>
            <gpxtpx:atemp>297.65</gpxtpx:atemp>
          </gpxtpx:TrackPointExtension>
        </extensions>
      </trkpt>
      <trkpt lat="30.615258" lon="34.662252">
        <ele>735.7</ele>
        <time>2026-04-07T06:01:41.000Z</time>
        <extensions>
          <gpxtpx:TrackPointExtension>
            <gpxtpx:hr>130</gpxtpx:hr>
            <gpxtpx:cad>73</gpxtpx:cad>
            <gpxtpx:atemp>297.65</gpxtpx:atemp>
          </gpxtpx:TrackPointExtension>
        </extensions>
      </trkpt>
      <trkpt lat="30.615280" lon="34.662256">
        <ele>735.5</ele>
        <time>2026-04-07T06:01:42.000Z</time>
        <extensions>
          <gpxtpx:TrackPointExtension>
            <gpxtpx:hr>130</gpxtpx:hr>
            <gpxtpx:cad>73</gpxtpx:cad>
            <gpxtpx:atemp>297.65</gpxtpx:atemp>
          </gpxtpx:TrackPointExtension>
        </extensions>
      </trkpt>
      <trkpt lat="30.615364" lon="34.662292">
        <ele>734.6</ele>
        <time>2026-04-07T06:01:49.000Z</time>
        <extensions>
          <gpxtpx:TrackPointExtension>
            <gpxtpx:hr>132</gpxtpx:hr>
            <gpxtpx:cad>0</gpxtpx:cad>
            <gpxtpx:atemp>297.65</gpxtpx:atemp>
          </gpxtpx:TrackPointExtension>
        </extensions>
      </trkpt>
      <trkpt lat="30.615427" lon="34.662285">
        <ele>733.9</ele>
        <time>2026-04-07T06:01:55.000Z</time>
        <extensions>
          <gpxtpx:TrackPointExtension>
            <gpxtpx:hr>133</gpxtpx:hr>
            <gpxtpx:cad>51</gpxtpx:cad>
            <gpxtpx:atemp>297.65</gpxtpx:atemp>
          </gpxtpx:TrackPointExtension>
        </extensions>
      </trkpt>
      <trkpt lat="30.615460" lon="34.662344">
        <ele>733.5</ele>
        <time>2026-04-07T06:02:03.000Z</time>
        <extensions>
          <gpxtpx:TrackPointExtension>
            <gpxtpx:hr>127</gpxtpx:hr>
            <gpxtpx:cad>50</gpxtpx:cad>
            <gpxtpx:atemp>297.65</gpxtpx:atemp>
          </gpxtpx:TrackPointExtension>
        </extensions>
      </trkpt>
      <trkpt lat="30.615540" lon="34.662384">
        <ele>733.0</ele>
        <time>2026-04-07T06:02:10.000Z</time>
        <extensions>
          <gpxtpx:TrackPointExtension>
            <gpxtpx:hr>127</gpxtpx:hr>
            <gpxtpx:cad>0</gpxtpx:cad>
            <gpxtpx:atemp>297.65</gpxtpx:atemp>
          </gpxtpx:TrackPointExtension>
        </extensions>
      </trkpt>
      <trkpt lat="30.615610" lon="34.662421">
        <ele>732.8</ele>
        <time>2026-04-07T06:02:17.000Z</time>
        <extensions>
          <gpxtpx:TrackPointExtension>
            <gpxtpx:hr>131</gpxtpx:hr>
            <gpxtpx:cad>0</gpxtpx:cad>
            <gpxtpx:atemp>297.65</gpxtpx:atemp>
          </gpxtpx:TrackPointExtension>
        </extensions>
      </trkpt>
      <trkpt lat="30.615692" lon="34.662459">
        <ele>732.4</ele>
        <time>2026-04-07T06:02:23.000Z</time>
        <extensions>
          <gpxtpx:TrackPointExtension>
            <gpxtpx:hr>134</gpxtpx:hr>
            <gpxtpx:cad>66</gpxtpx:cad>
            <gpxtpx:atemp>297.65</gpxtpx:atemp>
          </gpxtpx:TrackPointExtension>
        </extensions>
      </trkpt>
      <trkpt lat="30.615771" lon="34.662451">
        <ele>731.7</ele>
        <time>2026-04-07T06:02:31.000Z</time>
        <extensions>
          <gpxtpx:TrackPointExtension>
            <gpxtpx:hr>135</gpxtpx:hr>
            <gpxtpx:cad>57</gpxtpx:cad>
            <gpxtpx:atemp>297.65</gpxtpx:atemp>
          </gpxtpx:TrackPointExtension>
        </extensions>
      </trkpt>
      <trkpt lat="30.615823" lon="34.662487">
        <ele>731.9</ele>
        <time>2026-04-07T06:02:36.000Z</time>
        <extensions>
          <gpxtpx:TrackPointExtension>
            <gpxtpx:hr>134</gpxtpx:hr>
            <gpxtpx:cad>64</gpxtpx:cad>
            <gpxtpx:atemp>297.65</gpxtpx:atemp>
          </gpxtpx:TrackPointExtension>
        </extensions>
      </trkpt>
      <trkpt lat="30.615854" lon="34.662518">
        <ele>732.1</ele>
        <time>2026-04-07T06:02:40.000Z</time>
        <extensions>
          <gpxtpx:TrackPointExtension>
            <gpxtpx:hr>133</gpxtpx:hr>
            <gpxtpx:cad>0</gpxtpx:cad>
            <gpxtpx:atemp>297.65</gpxtpx:atemp>
          </gpxtpx:TrackPointExtension>
        </extensions>
      </trkpt>
      <trkpt lat="30.615926" lon="34.662497">
        <ele>731.3</ele>
        <time>2026-04-07T06:02:47.000Z</time>
        <extensions>
          <gpxtpx:TrackPointExtension>
            <gpxtpx:hr>129</gpxtpx:hr>
            <gpxtpx:cad>44</gpxtpx:cad>
            <gpxtpx:atemp>297.65</gpxtpx:atemp>
          </gpxtpx:TrackPointExtension>
        </extensions>
      </trkpt>
      <trkpt lat="30.615978" lon="34.662500">
        <ele>731.0</ele>
        <time>2026-04-07T06:02:51.000Z</time>
        <extensions>
          <gpxtpx:TrackPointExtension>
            <gpxtpx:hr>127</gpxtpx:hr>
            <gpxtpx:cad>50</gpxtpx:cad>
            <gpxtpx:atemp>297.65</gpxtpx:atemp>
          </gpxtpx:TrackPointExtension>
        </extensions>
      </trkpt>
      <trkpt lat="30.616052" lon="34.662409">
        <ele>729.2</ele>
        <time>2026-04-07T06:02:58.000Z</time>
        <extensions>
          <gpxtpx:TrackPointExtension>
            <gpxtpx:hr>126</gpxtpx:hr>
            <gpxtpx:cad>79</gpxtpx:cad>
            <gpxtpx:atemp>297.65</gpxtpx:atemp>
          </gpxtpx:TrackPointExtension>
        </extensions>
      </trkpt>
      <trkpt lat="30.616117" lon="34.662354">
        <ele>727.9</ele>
        <time>2026-04-07T06:03:04.000Z</time>
        <extensions>
          <gpxtpx:TrackPointExtension>
            <gpxtpx:hr>126</gpxtpx:hr>
            <gpxtpx:cad>72</gpxtpx:cad>
            <gpxtpx:atemp>297.65</gpxtpx:atemp>
          </gpxtpx:TrackPointExtension>
        </extensions>
      </trkpt>
      <trkpt lat="30.616228" lon="34.662312">
        <ele>726.8</ele>
        <time>2026-04-07T06:03:11.000Z</time>
        <extensions>
          <gpxtpx:TrackPointExtension>
            <gpxtpx:hr>125</gpxtpx:hr>
            <gpxtpx:cad>55</gpxtpx:cad>
            <gpxtpx:atemp>297.65</gpxtpx:atemp>
          </gpxtpx:TrackPointExtension>
        </extensions>
      </trkpt>
      <trkpt lat="30.616269" lon="34.662309">
        <ele>726.5</ele>
        <time>2026-04-07T06:03:13.000Z</time>
        <extensions>
          <gpxtpx:TrackPointExtension>
            <gpxtpx:hr>124</gpxtpx:hr>
            <gpxtpx:cad>74</gpxtpx:cad>
            <gpxtpx:atemp>297.65</gpxtpx:atemp>
          </gpxtpx:TrackPointExtension>
        </extensions>
      </trkpt>
      <trkpt lat="30.616358" lon="34.662277">
        <ele>725.8</ele>
        <time>2026-04-07T06:03:18.000Z</time>
        <extensions>
          <gpxtpx:TrackPointExtension>
            <gpxtpx:hr>125</gpxtpx:hr>
            <gpxtpx:cad>73</gpxtpx:cad>
            <gpxtpx:atemp>297.65</gpxtpx:atemp>
          </gpxtpx:TrackPointExtension>
        </extensions>
      </trkpt>
      <trkpt lat="30.616377" lon="34.662276">
        <ele>725.6</ele>
        <time>2026-04-07T06:03:19.000Z</time>
        <extensions>
          <gpxtpx:TrackPointExtension>
            <gpxtpx:hr>125</gpxtpx:hr>
            <gpxtpx:cad>73</gpxtpx:cad>
            <gpxtpx:atemp>297.65</gpxtpx:atemp>
          </gpxtpx:TrackPointExtension>
        </extensions>
      </trkpt>
      <trkpt lat="30.616550" lon="34.662249">
        <ele>724.2</ele>
        <time>2026-04-07T06:03:31.000Z</time>
        <extensions>
          <gpxtpx:TrackPointExtension>
            <gpxtpx:hr>128</gpxtpx:hr>
            <gpxtpx:cad>0</gpxtpx:cad>
            <gpxtpx:atemp>297.65</gpxtpx:atemp>
          </gpxtpx:TrackPointExtension>
        </extensions>
      </trkpt>
      <trkpt lat="30.616591" lon="34.662228">
        <ele>723.5</ele>
        <time>2026-04-07T06:03:34.000Z</time>
        <extensions>
          <gpxtpx:TrackPointExtension>
            <gpxtpx:hr>129</gpxtpx:hr>
            <gpxtpx:cad>54</gpxtpx:cad>
            <gpxtpx:atemp>297.65</gpxtpx:atemp>
          </gpxtpx:TrackPointExtension>
        </extensions>
      </trkpt>
      <trkpt lat="30.616645" lon="34.662179">
        <ele>722.3</ele>
        <time>2026-04-07T06:03:40.000Z</time>
        <extensions>
          <gpxtpx:TrackPointExtension>
            <gpxtpx:hr>127</gpxtpx:hr>
            <gpxtpx:cad>0</gpxtpx:cad>
            <gpxtpx:atemp>297.65</gpxtpx:atemp>
          </gpxtpx:TrackPointExtension>
        </extensions>
      </trkpt>
      <trkpt lat="30.616666" lon="34.662141">
        <ele>721.4</ele>
        <time>2026-04-07T06:03:43.000Z</time>
        <extensions>
          <gpxtpx:TrackPointExtension>
            <gpxtpx:hr>127</gpxtpx:hr>
            <gpxtpx:cad>56</gpxtpx:cad>
            <gpxtpx:atemp>297.65</gpxtpx:atemp>
          </gpxtpx:TrackPointExtension>
        </extensions>
      </trkpt>
      <trkpt lat="30.616727" lon="34.662097">
        <ele>720.1</ele>
        <time>2026-04-07T06:03:48.000Z</time>
        <extensions>
          <gpxtpx:TrackPointExtension>
            <gpxtpx:hr>126</gpxtpx:hr>
            <gpxtpx:cad>0</gpxtpx:cad>
            <gpxtpx:atemp>297.65</gpxtpx:atemp>
          </gpxtpx:TrackPointExtension>
        </extensions>
      </trkpt>
      <trkpt lat="30.616755" lon="34.662040">
        <ele>719.2</ele>
        <time>2026-04-07T06:03:53.000Z</time>
        <extensions>
          <gpxtpx:TrackPointExtension>
            <gpxtpx:hr>125</gpxtpx:hr>
            <gpxtpx:cad>118</gpxtpx:cad>
            <gpxtpx:atemp>297.65</gpxtpx:atemp>
          </gpxtpx:TrackPointExtension>
        </extensions>
      </trkpt>
      <trkpt lat="30.616820" lon="34.662014">
        <ele>718.3</ele>
        <time>2026-04-07T06:03:58.000Z</time>
        <extensions>
          <gpxtpx:TrackPointExtension>
            <gpxtpx:hr>124</gpxtpx:hr>
            <gpxtpx:cad>55</gpxtpx:cad>
            <gpxtpx:atemp>297.65</gpxtpx:atemp>
          </gpxtpx:TrackPointExtension>
        </extensions>
      </trkpt>
      <trkpt lat="30.616927" lon="34.662028">
        <ele>717.3</ele>
        <time>2026-04-07T06:04:06.000Z</time>
        <extensions>
          <gpxtpx:TrackPointExtension>
            <gpxtpx:hr>123</gpxtpx:hr>
            <gpxtpx:cad>59</gpxtpx:cad>
            <gpxtpx:atemp>297.65</gpxtpx:atemp>
          </gpxtpx:TrackPointExtension>
        </extensions>
      </trkpt>
      <trkpt lat="30.616979" lon="34.662008">
        <ele>716.6</ele>
        <time>2026-04-07T06:04:10.000Z</time>
        <extensions>
          <gpxtpx:TrackPointExtension>
            <gpxtpx:hr>121</gpxtpx:hr>
            <gpxtpx:cad>68</gpxtpx:cad>
            <gpxtpx:atemp>297.65</gpxtpx:atemp>
          </gpxtpx:TrackPointExtension>
        </extensions>
      </trkpt>
      <trkpt lat="30.617130" lon="34.662001">
        <ele>715.0</ele>
        <time>2026-04-07T06:04:21.000Z</time>
        <extensions>
          <gpxtpx:TrackPointExtension>
            <gpxtpx:hr>117</gpxtpx:hr>
            <gpxtpx:cad>68</gpxtpx:cad>
            <gpxtpx:atemp>297.65</gpxtpx:atemp>
          </gpxtpx:TrackPointExtension>
        </extensions>
      </trkpt>
      <trkpt lat="30.617293" lon="34.661961">
        <ele>713.3</ele>
        <time>2026-04-07T06:04:30.000Z</time>
        <extensions>
          <gpxtpx:TrackPointExtension>
            <gpxtpx:hr>119</gpxtpx:hr>
            <gpxtpx:cad>75</gpxtpx:cad>
            <gpxtpx:atemp>297.65</gpxtpx:atemp>
          </gpxtpx:TrackPointExtension>
        </extensions>
      </trkpt>
      <trkpt lat="30.617446" lon="34.661905">
        <ele>711.0</ele>
        <time>2026-04-07T06:04:38.000Z</time>
        <extensions>
          <gpxtpx:TrackPointExtension>
            <gpxtpx:hr>120</gpxtpx:hr>
            <gpxtpx:cad>76</gpxtpx:cad>
            <gpxtpx:atemp>297.65</gpxtpx:atemp>
          </gpxtpx:TrackPointExtension>
        </extensions>
      </trkpt>
      <trkpt lat="30.617563" lon="34.661899">
        <ele>709.3</ele>
        <time>2026-04-07T06:04:43.000Z</time>
        <extensions>
          <gpxtpx:TrackPointExtension>
            <gpxtpx:hr>122</gpxtpx:hr>
            <gpxtpx:cad>78</gpxtpx:cad>
            <gpxtpx:atemp>297.65</gpxtpx:atemp>
          </gpxtpx:TrackPointExtension>
        </extensions>
      </trkpt>
      <trkpt lat="30.617647" lon="34.661875">
        <ele>707.9</ele>
        <time>2026-04-07T06:04:47.000Z</time>
        <extensions>
          <gpxtpx:TrackPointExtension>
            <gpxtpx:hr>127</gpxtpx:hr>
            <gpxtpx:cad>79</gpxtpx:cad>
            <gpxtpx:atemp>297.65</gpxtpx:atemp>
          </gpxtpx:TrackPointExtension>
        </extensions>
      </trkpt>
      <trkpt lat="30.617853" lon="34.661838">
        <ele>705.2</ele>
        <time>2026-04-07T06:05:00.000Z</time>
        <extensions>
          <gpxtpx:TrackPointExtension>
            <gpxtpx:hr>133</gpxtpx:hr>
            <gpxtpx:cad>63</gpxtpx:cad>
            <gpxtpx:atemp>297.65</gpxtpx:atemp>
          </gpxtpx:TrackPointExtension>
        </extensions>
      </trkpt>
      <trkpt lat="30.617917" lon="34.661833">
        <ele>704.4</ele>
        <time>2026-04-07T06:05:05.000Z</time>
        <extensions>
          <gpxtpx:TrackPointExtension>
            <gpxtpx:hr>134</gpxtpx:hr>
            <gpxtpx:cad>58</gpxtpx:cad>
            <gpxtpx:atemp>297.65</gpxtpx:atemp>
          </gpxtpx:TrackPointExtension>
        </extensions>
      </trkpt>
      <trkpt lat="30.618032" lon="34.661916">
        <ele>704.9</ele>
        <time>2026-04-07T06:05:16.000Z</time>
        <extensions>
          <gpxtpx:TrackPointExtension>
            <gpxtpx:hr>132</gpxtpx:hr>
            <gpxtpx:cad>61</gpxtpx:cad>
            <gpxtpx:atemp>297.65</gpxtpx:atemp>
          </gpxtpx:TrackPointExtension>
        </extensions>
      </trkpt>
      <trkpt lat="30.618085" lon="34.661922">
        <ele>704.7</ele>
        <time>2026-04-07T06:05:20.000Z</time>
        <extensions>
          <gpxtpx:TrackPointExtension>
            <gpxtpx:hr>132</gpxtpx:hr>
            <gpxtpx:cad>0</gpxtpx:cad>
            <gpxtpx:atemp>297.65</gpxtpx:atemp>
          </gpxtpx:TrackPointExtension>
        </extensions>
      </trkpt>
      <trkpt lat="30.618222" lon="34.661848">
        <ele>702.7</ele>
        <time>2026-04-07T06:05:29.000Z</time>
        <extensions>
          <gpxtpx:TrackPointExtension>
            <gpxtpx:hr>130</gpxtpx:hr>
            <gpxtpx:cad>0</gpxtpx:cad>
            <gpxtpx:atemp>297.65</gpxtpx:atemp>
          </gpxtpx:TrackPointExtension>
        </extensions>
      </trkpt>
      <trkpt lat="30.618260" lon="34.661816">
        <ele>701.9</ele>
        <time>2026-04-07T06:05:31.000Z</time>
        <extensions>
          <gpxtpx:TrackPointExtension>
            <gpxtpx:hr>130</gpxtpx:hr>
            <gpxtpx:cad>74</gpxtpx:cad>
            <gpxtpx:atemp>297.65</gpxtpx:atemp>
          </gpxtpx:TrackPointExtension>
        </extensions>
      </trkpt>
      <trkpt lat="30.618381" lon="34.661622">
        <ele>698.5</ele>
        <time>2026-04-07T06:05:41.000Z</time>
        <extensions>
          <gpxtpx:TrackPointExtension>
            <gpxtpx:hr>132</gpxtpx:hr>
            <gpxtpx:cad>80</gpxtpx:cad>
            <gpxtpx:atemp>297.65</gpxtpx:atemp>
          </gpxtpx:TrackPointExtension>
        </extensions>
      </trkpt>
      <trkpt lat="30.618401" lon="34.661608">
        <ele>698.1</ele>
        <time>2026-04-07T06:05:42.000Z</time>
        <extensions>
          <gpxtpx:TrackPointExtension>
            <gpxtpx:hr>132</gpxtpx:hr>
            <gpxtpx:cad>77</gpxtpx:cad>
            <gpxtpx:atemp>297.65</gpxtpx:atemp>
          </gpxtpx:TrackPointExtension>
        </extensions>
      </trkpt>
      <trkpt lat="30.618486" lon="34.661582">
        <ele>697.0</ele>
        <time>2026-04-07T06:05:46.000Z</time>
        <extensions>
          <gpxtpx:TrackPointExtension>
            <gpxtpx:hr>132</gpxtpx:hr>
            <gpxtpx:cad>77</gpxtpx:cad>
            <gpxtpx:atemp>297.65</gpxtpx:atemp>
          </gpxtpx:TrackPointExtension>
        </extensions>
      </trkpt>
      <trkpt lat="30.618520" lon="34.661557">
        <ele>696.5</ele>
        <time>2026-04-07T06:05:48.000Z</time>
        <extensions>
          <gpxtpx:TrackPointExtension>
            <gpxtpx:hr>133</gpxtpx:hr>
            <gpxtpx:cad>78</gpxtpx:cad>
            <gpxtpx:atemp>297.65</gpxtpx:atemp>
          </gpxtpx:TrackPointExtension>
        </extensions>
      </trkpt>
      <trkpt lat="30.618584" lon="34.661539">
        <ele>696.2</ele>
        <time>2026-04-07T06:05:51.000Z</time>
        <extensions>
          <gpxtpx:TrackPointExtension>
            <gpxtpx:hr>133</gpxtpx:hr>
            <gpxtpx:cad>79</gpxtpx:cad>
            <gpxtpx:atemp>297.65</gpxtpx:atemp>
          </gpxtpx:TrackPointExtension>
        </extensions>
      </trkpt>
      <trkpt lat="30.618629" lon="34.661538">
        <ele>696.2</ele>
        <time>2026-04-07T06:05:53.000Z</time>
        <extensions>
          <gpxtpx:TrackPointExtension>
            <gpxtpx:hr>133</gpxtpx:hr>
            <gpxtpx:cad>79</gpxtpx:cad>
            <gpxtpx:atemp>297.65</gpxtpx:atemp>
          </gpxtpx:TrackPointExtension>
        </extensions>
      </trkpt>
      <trkpt lat="30.618799" lon="34.661464">
        <ele>695.2</ele>
        <time>2026-04-07T06:06:04.000Z</time>
        <extensions>
          <gpxtpx:TrackPointExtension>
            <gpxtpx:hr>136</gpxtpx:hr>
            <gpxtpx:cad>0</gpxtpx:cad>
            <gpxtpx:atemp>297.65</gpxtpx:atemp>
          </gpxtpx:TrackPointExtension>
        </extensions>
      </trkpt>
      <trkpt lat="30.618887" lon="34.661456">
        <ele>695.6</ele>
        <time>2026-04-07T06:06:09.000Z</time>
        <extensions>
          <gpxtpx:TrackPointExtension>
            <gpxtpx:hr>134</gpxtpx:hr>
            <gpxtpx:cad>75</gpxtpx:cad>
            <gpxtpx:atemp>297.65</gpxtpx:atemp>
          </gpxtpx:TrackPointExtension>
        </extensions>
      </trkpt>
      <trkpt lat="30.618936" lon="34.661429">
        <ele>695.3</ele>
        <time>2026-04-07T06:06:13.000Z</time>
        <extensions>
          <gpxtpx:TrackPointExtension>
            <gpxtpx:hr>134</gpxtpx:hr>
            <gpxtpx:cad>72</gpxtpx:cad>
            <gpxtpx:atemp>297.65</gpxtpx:atemp>
          </gpxtpx:TrackPointExtension>
        </extensions>
      </trkpt>
      <trkpt lat="30.619132" lon="34.661382">
        <ele>695.6</ele>
        <time>2026-04-07T06:06:25.000Z</time>
        <extensions>
          <gpxtpx:TrackPointExtension>
            <gpxtpx:hr>131</gpxtpx:hr>
            <gpxtpx:cad>72</gpxtpx:cad>
            <gpxtpx:atemp>297.65</gpxtpx:atemp>
          </gpxtpx:TrackPointExtension>
        </extensions>
      </trkpt>
      <trkpt lat="30.619289" lon="34.661268">
        <ele>694.3</ele>
        <time>2026-04-07T06:06:35.000Z</time>
        <extensions>
          <gpxtpx:TrackPointExtension>
            <gpxtpx:hr>130</gpxtpx:hr>
            <gpxtpx:cad>78</gpxtpx:cad>
            <gpxtpx:atemp>297.65</gpxtpx:atemp>
          </gpxtpx:TrackPointExtension>
        </extensions>
      </trkpt>
      <trkpt lat="30.619381" lon="34.661238">
        <ele>694.4</ele>
        <time>2026-04-07T06:06:42.000Z</time>
        <extensions>
          <gpxtpx:TrackPointExtension>
            <gpxtpx:hr>129</gpxtpx:hr>
            <gpxtpx:cad>0</gpxtpx:cad>
            <gpxtpx:atemp>297.65</gpxtpx:atemp>
          </gpxtpx:TrackPointExtension>
        </extensions>
      </trkpt>
      <trkpt lat="30.619582" lon="34.661322">
        <ele>697.8</ele>
        <time>2026-04-07T06:06:55.000Z</time>
        <extensions>
          <gpxtpx:TrackPointExtension>
            <gpxtpx:hr>126</gpxtpx:hr>
            <gpxtpx:cad>74</gpxtpx:cad>
            <gpxtpx:atemp>297.65</gpxtpx:atemp>
          </gpxtpx:TrackPointExtension>
        </extensions>
      </trkpt>
      <trkpt lat="30.619634" lon="34.661362">
        <ele>698.9</ele>
        <time>2026-04-07T06:07:00.000Z</time>
        <extensions>
          <gpxtpx:TrackPointExtension>
            <gpxtpx:hr>125</gpxtpx:hr>
            <gpxtpx:cad>75</gpxtpx:cad>
            <gpxtpx:atemp>298.65</gpxtpx:atemp>
          </gpxtpx:TrackPointExtension>
        </extensions>
      </trkpt>
      <trkpt lat="30.619669" lon="34.661424">
        <ele>700.5</ele>
        <time>2026-04-07T06:07:04.000Z</time>
        <extensions>
          <gpxtpx:TrackPointExtension>
            <gpxtpx:hr>125</gpxtpx:hr>
            <gpxtpx:cad>0</gpxtpx:cad>
            <gpxtpx:atemp>298.65</gpxtpx:atemp>
          </gpxtpx:TrackPointExtension>
        </extensions>
      </trkpt>
      <trkpt lat="30.619708" lon="34.661472">
        <ele>701.7</ele>
        <time>2026-04-07T06:07:08.000Z</time>
        <extensions>
          <gpxtpx:TrackPointExtension>
            <gpxtpx:hr>124</gpxtpx:hr>
            <gpxtpx:cad>71</gpxtpx:cad>
            <gpxtpx:atemp>298.65</gpxtpx:atemp>
          </gpxtpx:TrackPointExtension>
        </extensions>
      </trkpt>
      <trkpt lat="30.619822" lon="34.661554">
        <ele>703.8</ele>
        <time>2026-04-07T06:07:14.000Z</time>
        <extensions>
          <gpxtpx:TrackPointExtension>
            <gpxtpx:hr>121</gpxtpx:hr>
            <gpxtpx:cad>76</gpxtpx:cad>
            <gpxtpx:atemp>298.65</gpxtpx:atemp>
          </gpxtpx:TrackPointExtension>
        </extensions>
      </trkpt>
      <trkpt lat="30.619955" lon="34.661598">
        <ele>705.3</ele>
        <time>2026-04-07T06:07:24.000Z</time>
        <extensions>
          <gpxtpx:TrackPointExtension>
            <gpxtpx:hr>124</gpxtpx:hr>
            <gpxtpx:cad>74</gpxtpx:cad>
            <gpxtpx:atemp>298.65</gpxtpx:atemp>
          </gpxtpx:TrackPointExtension>
        </extensions>
      </trkpt>
      <trkpt lat="30.620157" lon="34.661678">
        <ele>707.7</ele>
        <time>2026-04-07T06:07:37.000Z</time>
        <extensions>
          <gpxtpx:TrackPointExtension>
            <gpxtpx:hr>125</gpxtpx:hr>
            <gpxtpx:cad>74</gpxtpx:cad>
            <gpxtpx:atemp>298.65</gpxtpx:atemp>
          </gpxtpx:TrackPointExtension>
        </extensions>
      </trkpt>
      <trkpt lat="30.620266" lon="34.661708">
        <ele>707.9</ele>
        <time>2026-04-07T06:07:43.000Z</time>
        <extensions>
          <gpxtpx:TrackPointExtension>
            <gpxtpx:hr>127</gpxtpx:hr>
            <gpxtpx:cad>75</gpxtpx:cad>
            <gpxtpx:atemp>298.65</gpxtpx:atemp>
          </gpxtpx:TrackPointExtension>
        </extensions>
      </trkpt>
      <trkpt lat="30.620417" lon="34.661726">
        <ele>707.4</ele>
        <time>2026-04-07T06:07:52.000Z</time>
        <extensions>
          <gpxtpx:TrackPointExtension>
            <gpxtpx:hr>129</gpxtpx:hr>
            <gpxtpx:cad>74</gpxtpx:cad>
            <gpxtpx:atemp>298.65</gpxtpx:atemp>
          </gpxtpx:TrackPointExtension>
        </extensions>
      </trkpt>
      <trkpt lat="30.620492" lon="34.661738">
        <ele>707.0</ele>
        <time>2026-04-07T06:07:57.000Z</time>
        <extensions>
          <gpxtpx:TrackPointExtension>
            <gpxtpx:hr>128</gpxtpx:hr>
            <gpxtpx:cad>71</gpxtpx:cad>
            <gpxtpx:atemp>298.65</gpxtpx:atemp>
          </gpxtpx:TrackPointExtension>
        </extensions>
      </trkpt>
      <trkpt lat="30.620518" lon="34.661760">
        <ele>707.4</ele>
        <time>2026-04-07T06:07:59.000Z</time>
        <extensions>
          <gpxtpx:TrackPointExtension>
            <gpxtpx:hr>128</gpxtpx:hr>
            <gpxtpx:cad>71</gpxtpx:cad>
            <gpxtpx:atemp>298.65</gpxtpx:atemp>
          </gpxtpx:TrackPointExtension>
        </extensions>
      </trkpt>
      <trkpt lat="30.620629" lon="34.661816">
        <ele>708.0</ele>
        <time>2026-04-07T06:08:06.000Z</time>
        <extensions>
          <gpxtpx:TrackPointExtension>
            <gpxtpx:hr>129</gpxtpx:hr>
            <gpxtpx:cad>72</gpxtpx:cad>
            <gpxtpx:atemp>298.65</gpxtpx:atemp>
          </gpxtpx:TrackPointExtension>
        </extensions>
      </trkpt>
      <trkpt lat="30.620645" lon="34.661845">
        <ele>708.8</ele>
        <time>2026-04-07T06:09:28.000Z</time>
        <extensions>
          <gpxtpx:TrackPointExtension>
            <gpxtpx:hr>113</gpxtpx:hr>
            <gpxtpx:cad>0</gpxtpx:cad>
            <gpxtpx:atemp>299.65</gpxtpx:atemp>
          </gpxtpx:TrackPointExtension>
        </extensions>
      </trkpt>
      <trkpt lat="30.620691" lon="34.661858">
        <ele>708.7</ele>
        <time>2026-04-07T06:09:33.000Z</time>
        <extensions>
          <gpxtpx:TrackPointExtension>
            <gpxtpx:hr>111</gpxtpx:hr>
            <gpxtpx:cad>0</gpxtpx:cad>
            <gpxtpx:atemp>299.65</gpxtpx:atemp>
          </gpxtpx:TrackPointExtension>
        </extensions>
      </trkpt>
      <trkpt lat="30.620731" lon="34.661904">
        <ele>709.9</ele>
        <time>2026-04-07T06:09:37.000Z</time>
        <extensions>
          <gpxtpx:TrackPointExtension>
            <gpxtpx:hr>110</gpxtpx:hr>
            <gpxtpx:cad>0</gpxtpx:cad>
            <gpxtpx:atemp>299.65</gpxtpx:atemp>
          </gpxtpx:TrackPointExtension>
        </extensions>
      </trkpt>
      <trkpt lat="30.620875" lon="34.661904">
        <ele>708.9</ele>
        <time>2026-04-07T06:09:53.000Z</time>
        <extensions>
          <gpxtpx:TrackPointExtension>
            <gpxtpx:hr>108</gpxtpx:hr>
            <gpxtpx:cad>0</gpxtpx:cad>
            <gpxtpx:atemp>299.65</gpxtpx:atemp>
          </gpxtpx:TrackPointExtension>
        </extensions>
      </trkpt>
      <trkpt lat="30.620972" lon="34.661814">
        <ele>705.3</ele>
        <time>2026-04-07T06:10:03.000Z</time>
        <extensions>
          <gpxtpx:TrackPointExtension>
            <gpxtpx:hr>110</gpxtpx:hr>
            <gpxtpx:cad>0</gpxtpx:cad>
            <gpxtpx:atemp>299.65</gpxtpx:atemp>
          </gpxtpx:TrackPointExtension>
        </extensions>
      </trkpt>
      <trkpt lat="30.621000" lon="34.661683">
        <ele>701.6</ele>
        <time>2026-04-07T06:10:16.000Z</time>
        <extensions>
          <gpxtpx:TrackPointExtension>
            <gpxtpx:hr>112</gpxtpx:hr>
            <gpxtpx:cad>0</gpxtpx:cad>
            <gpxtpx:atemp>299.65</gpxtpx:atemp>
          </gpxtpx:TrackPointExtension>
        </extensions>
      </trkpt>
      <trkpt lat="30.621051" lon="34.661656">
        <ele>701.0</ele>
        <time>2026-04-07T06:10:22.000Z</time>
        <extensions>
          <gpxtpx:TrackPointExtension>
            <gpxtpx:hr>113</gpxtpx:hr>
            <gpxtpx:cad>58</gpxtpx:cad>
            <gpxtpx:atemp>299.65</gpxtpx:atemp>
          </gpxtpx:TrackPointExtension>
        </extensions>
      </trkpt>
      <trkpt lat="30.621189" lon="34.661608">
        <ele>700.1</ele>
        <time>2026-04-07T06:10:35.000Z</time>
        <extensions>
          <gpxtpx:TrackPointExtension>
            <gpxtpx:hr>112</gpxtpx:hr>
            <gpxtpx:cad>56</gpxtpx:cad>
            <gpxtpx:atemp>299.65</gpxtpx:atemp>
          </gpxtpx:TrackPointExtension>
        </extensions>
      </trkpt>
      <trkpt lat="30.621368" lon="34.661583">
        <ele>700.0</ele>
        <time>2026-04-07T06:10:50.000Z</time>
        <extensions>
          <gpxtpx:TrackPointExtension>
            <gpxtpx:hr>113</gpxtpx:hr>
            <gpxtpx:cad>52</gpxtpx:cad>
            <gpxtpx:atemp>299.65</gpxtpx:atemp>
          </gpxtpx:TrackPointExtension>
        </extensions>
      </trkpt>
      <trkpt lat="30.621504" lon="34.661598">
        <ele>700.9</ele>
        <time>2026-04-07T06:11:02.000Z</time>
        <extensions>
          <gpxtpx:TrackPointExtension>
            <gpxtpx:hr>111</gpxtpx:hr>
            <gpxtpx:cad>57</gpxtpx:cad>
            <gpxtpx:atemp>299.65</gpxtpx:atemp>
          </gpxtpx:TrackPointExtension>
        </extensions>
      </trkpt>
      <trkpt lat="30.621578" lon="34.661577">
        <ele>700.1</ele>
        <time>2026-04-07T06:11:19.000Z</time>
        <extensions>
          <gpxtpx:TrackPointExtension>
            <gpxtpx:hr>107</gpxtpx:hr>
            <gpxtpx:cad>0</gpxtpx:cad>
            <gpxtpx:atemp>299.65</gpxtpx:atemp>
          </gpxtpx:TrackPointExtension>
        </extensions>
      </trkpt>
      <trkpt lat="30.621634" lon="34.661565">
        <ele>699.4</ele>
        <time>2026-04-07T06:11:31.000Z</time>
        <extensions>
          <gpxtpx:TrackPointExtension>
            <gpxtpx:hr>108</gpxtpx:hr>
            <gpxtpx:cad>0</gpxtpx:cad>
            <gpxtpx:atemp>299.65</gpxtpx:atemp>
          </gpxtpx:TrackPointExtension>
        </extensions>
      </trkpt>
      <trkpt lat="30.621677" lon="34.661565">
        <ele>699.1</ele>
        <time>2026-04-07T06:11:38.000Z</time>
        <extensions>
          <gpxtpx:TrackPointExtension>
            <gpxtpx:hr>110</gpxtpx:hr>
            <gpxtpx:cad>0</gpxtpx:cad>
            <gpxtpx:atemp>299.65</gpxtpx:atemp>
          </gpxtpx:TrackPointExtension>
        </extensions>
      </trkpt>
      <trkpt lat="30.621752" lon="34.661500">
        <ele>696.8</ele>
        <time>2026-04-07T06:11:54.000Z</time>
        <extensions>
          <gpxtpx:TrackPointExtension>
            <gpxtpx:hr>104</gpxtpx:hr>
            <gpxtpx:cad>0</gpxtpx:cad>
            <gpxtpx:atemp>299.65</gpxtpx:atemp>
          </gpxtpx:TrackPointExtension>
        </extensions>
      </trkpt>
      <trkpt lat="30.621799" lon="34.661501">
        <ele>696.5</ele>
        <time>2026-04-07T06:11:58.000Z</time>
        <extensions>
          <gpxtpx:TrackPointExtension>
            <gpxtpx:hr>103</gpxtpx:hr>
            <gpxtpx:cad>50</gpxtpx:cad>
            <gpxtpx:atemp>299.65</gpxtpx:atemp>
          </gpxtpx:TrackPointExtension>
        </extensions>
      </trkpt>
      <trkpt lat="30.621859" lon="34.661514">
        <ele>696.1</ele>
        <time>2026-04-07T06:12:05.000Z</time>
        <extensions>
          <gpxtpx:TrackPointExtension>
            <gpxtpx:hr>103</gpxtpx:hr>
            <gpxtpx:cad>49</gpxtpx:cad>
            <gpxtpx:atemp>299.65</gpxtpx:atemp>
          </gpxtpx:TrackPointExtension>
        </extensions>
      </trkpt>
      <trkpt lat="30.621905" lon="34.661541">
        <ele>696.4</ele>
        <time>2026-04-07T06:12:12.000Z</time>
        <extensions>
          <gpxtpx:TrackPointExtension>
            <gpxtpx:hr>100</gpxtpx:hr>
            <gpxtpx:cad>47</gpxtpx:cad>
            <gpxtpx:atemp>299.65</gpxtpx:atemp>
          </gpxtpx:TrackPointExtension>
        </extensions>
      </trkpt>
      <trkpt lat="30.621969" lon="34.661526">
        <ele>695.2</ele>
        <time>2026-04-07T06:12:21.000Z</time>
        <extensions>
          <gpxtpx:TrackPointExtension>
            <gpxtpx:hr>100</gpxtpx:hr>
            <gpxtpx:cad>0</gpxtpx:cad>
            <gpxtpx:atemp>299.65</gpxtpx:atemp>
          </gpxtpx:TrackPointExtension>
        </extensions>
      </trkpt>
      <trkpt lat="30.622034" lon="34.661490">
        <ele>693.6</ele>
        <time>2026-04-07T06:12:32.000Z</time>
        <extensions>
          <gpxtpx:TrackPointExtension>
            <gpxtpx:hr>100</gpxtpx:hr>
            <gpxtpx:cad>40</gpxtpx:cad>
            <gpxtpx:atemp>299.65</gpxtpx:atemp>
          </gpxtpx:TrackPointExtension>
        </extensions>
      </trkpt>
      <trkpt lat="30.622198" lon="34.661458">
        <ele>689.8</ele>
        <time>2026-04-07T06:12:51.000Z</time>
        <extensions>
          <gpxtpx:TrackPointExtension>
            <gpxtpx:hr>101</gpxtpx:hr>
            <gpxtpx:cad>40</gpxtpx:cad>
            <gpxtpx:atemp>299.65</gpxtpx:atemp>
          </gpxtpx:TrackPointExtension>
        </extensions>
      </trkpt>
      <trkpt lat="30.622192" lon="34.661408">
        <ele>688.6</ele>
        <time>2026-04-07T06:13:02.000Z</time>
        <extensions>
          <gpxtpx:TrackPointExtension>
            <gpxtpx:hr>104</gpxtpx:hr>
            <gpxtpx:cad>0</gpxtpx:cad>
            <gpxtpx:atemp>298.65</gpxtpx:atemp>
          </gpxtpx:TrackPointExtension>
        </extensions>
      </trkpt>
      <trkpt lat="30.622265" lon="34.661369">
        <ele>686.1</ele>
        <time>2026-04-07T06:13:10.000Z</time>
        <extensions>
          <gpxtpx:TrackPointExtension>
            <gpxtpx:hr>110</gpxtpx:hr>
            <gpxtpx:cad>0</gpxtpx:cad>
            <gpxtpx:atemp>298.65</gpxtpx:atemp>
          </gpxtpx:TrackPointExtension>
        </extensions>
      </trkpt>
      <trkpt lat="30.622337" lon="34.661359">
        <ele>684.3</ele>
        <time>2026-04-07T06:13:15.000Z</time>
        <extensions>
          <gpxtpx:TrackPointExtension>
            <gpxtpx:hr>110</gpxtpx:hr>
            <gpxtpx:cad>71</gpxtpx:cad>
            <gpxtpx:atemp>298.65</gpxtpx:atemp>
          </gpxtpx:TrackPointExtension>
        </extensions>
      </trkpt>
      <trkpt lat="30.622403" lon="34.661384">
        <ele>683.5</ele>
        <time>2026-04-07T06:13:20.000Z</time>
        <extensions>
          <gpxtpx:TrackPointExtension>
            <gpxtpx:hr>112</gpxtpx:hr>
            <gpxtpx:cad>61</gpxtpx:cad>
            <gpxtpx:atemp>298.65</gpxtpx:atemp>
          </gpxtpx:TrackPointExtension>
        </extensions>
      </trkpt>
      <trkpt lat="30.622512" lon="34.661393">
        <ele>681.3</ele>
        <time>2026-04-07T06:13:29.000Z</time>
        <extensions>
          <gpxtpx:TrackPointExtension>
            <gpxtpx:hr>114</gpxtpx:hr>
            <gpxtpx:cad>0</gpxtpx:cad>
            <gpxtpx:atemp>298.65</gpxtpx:atemp>
          </gpxtpx:TrackPointExtension>
        </extensions>
      </trkpt>
      <trkpt lat="30.622553" lon="34.661432">
        <ele>681.4</ele>
        <time>2026-04-07T06:13:33.000Z</time>
        <extensions>
          <gpxtpx:TrackPointExtension>
            <gpxtpx:hr>115</gpxtpx:hr>
            <gpxtpx:cad>0</gpxtpx:cad>
            <gpxtpx:atemp>298.65</gpxtpx:atemp>
          </gpxtpx:TrackPointExtension>
        </extensions>
      </trkpt>
      <trkpt lat="30.622653" lon="34.661463">
        <ele>680.1</ele>
        <time>2026-04-07T06:13:41.000Z</time>
        <extensions>
          <gpxtpx:TrackPointExtension>
            <gpxtpx:hr>119</gpxtpx:hr>
            <gpxtpx:cad>61</gpxtpx:cad>
            <gpxtpx:atemp>298.65</gpxtpx:atemp>
          </gpxtpx:TrackPointExtension>
        </extensions>
      </trkpt>
      <trkpt lat="30.622801" lon="34.661482">
        <ele>677.9</ele>
        <time>2026-04-07T06:13:51.000Z</time>
        <extensions>
          <gpxtpx:TrackPointExtension>
            <gpxtpx:hr>123</gpxtpx:hr>
            <gpxtpx:cad>0</gpxtpx:cad>
            <gpxtpx:atemp>298.65</gpxtpx:atemp>
          </gpxtpx:TrackPointExtension>
        </extensions>
      </trkpt>
      <trkpt lat="30.622917" lon="34.661526">
        <ele>676.9</ele>
        <time>2026-04-07T06:13:57.000Z</time>
        <extensions>
          <gpxtpx:TrackPointExtension>
            <gpxtpx:hr>122</gpxtpx:hr>
            <gpxtpx:cad>73</gpxtpx:cad>
            <gpxtpx:atemp>298.65</gpxtpx:atemp>
          </gpxtpx:TrackPointExtension>
        </extensions>
      </trkpt>
      <trkpt lat="30.622975" lon="34.661523">
        <ele>676.2</ele>
        <time>2026-04-07T06:14:00.000Z</time>
        <extensions>
          <gpxtpx:TrackPointExtension>
            <gpxtpx:hr>123</gpxtpx:hr>
            <gpxtpx:cad>77</gpxtpx:cad>
            <gpxtpx:atemp>298.65</gpxtpx:atemp>
          </gpxtpx:TrackPointExtension>
        </extensions>
      </trkpt>
      <trkpt lat="30.623020" lon="34.661492">
        <ele>675.0</ele>
        <time>2026-04-07T06:14:03.000Z</time>
        <extensions>
          <gpxtpx:TrackPointExtension>
            <gpxtpx:hr>125</gpxtpx:hr>
            <gpxtpx:cad>77</gpxtpx:cad>
            <gpxtpx:atemp>298.65</gpxtpx:atemp>
          </gpxtpx:TrackPointExtension>
        </extensions>
      </trkpt>
      <trkpt lat="30.623088" lon="34.661472">
        <ele>673.9</ele>
        <time>2026-04-07T06:14:07.000Z</time>
        <extensions>
          <gpxtpx:TrackPointExtension>
            <gpxtpx:hr>126</gpxtpx:hr>
            <gpxtpx:cad>75</gpxtpx:cad>
            <gpxtpx:atemp>298.65</gpxtpx:atemp>
          </gpxtpx:TrackPointExtension>
        </extensions>
      </trkpt>
      <trkpt lat="30.623246" lon="34.661507">
        <ele>673.4</ele>
        <time>2026-04-07T06:14:18.000Z</time>
        <extensions>
          <gpxtpx:TrackPointExtension>
            <gpxtpx:hr>126</gpxtpx:hr>
            <gpxtpx:cad>72</gpxtpx:cad>
            <gpxtpx:atemp>298.65</gpxtpx:atemp>
          </gpxtpx:TrackPointExtension>
        </extensions>
      </trkpt>
      <trkpt lat="30.623332" lon="34.661509">
        <ele>673.1</ele>
        <time>2026-04-07T06:14:26.000Z</time>
        <extensions>
          <gpxtpx:TrackPointExtension>
            <gpxtpx:hr>128</gpxtpx:hr>
            <gpxtpx:cad>58</gpxtpx:cad>
            <gpxtpx:atemp>298.65</gpxtpx:atemp>
          </gpxtpx:TrackPointExtension>
        </extensions>
      </trkpt>
      <trkpt lat="30.623387" lon="34.661577">
        <ele>674.8</ele>
        <time>2026-04-07T06:14:40.000Z</time>
        <extensions>
          <gpxtpx:TrackPointExtension>
            <gpxtpx:hr>126</gpxtpx:hr>
            <gpxtpx:cad>0</gpxtpx:cad>
            <gpxtpx:atemp>298.65</gpxtpx:atemp>
          </gpxtpx:TrackPointExtension>
        </extensions>
      </trkpt>
      <trkpt lat="30.623446" lon="34.661584">
        <ele>674.7</ele>
        <time>2026-04-07T06:14:44.000Z</time>
        <extensions>
          <gpxtpx:TrackPointExtension>
            <gpxtpx:hr>125</gpxtpx:hr>
            <gpxtpx:cad>0</gpxtpx:cad>
            <gpxtpx:atemp>299.65</gpxtpx:atemp>
          </gpxtpx:TrackPointExtension>
        </extensions>
      </trkpt>
      <trkpt lat="30.623602" lon="34.661586">
        <ele>675.0</ele>
        <time>2026-04-07T06:14:57.000Z</time>
        <extensions>
          <gpxtpx:TrackPointExtension>
            <gpxtpx:hr>125</gpxtpx:hr>
            <gpxtpx:cad>68</gpxtpx:cad>
            <gpxtpx:atemp>299.65</gpxtpx:atemp>
          </gpxtpx:TrackPointExtension>
        </extensions>
      </trkpt>
      <trkpt lat="30.623676" lon="34.661609">
        <ele>675.9</ele>
        <time>2026-04-07T06:15:03.000Z</time>
        <extensions>
          <gpxtpx:TrackPointExtension>
            <gpxtpx:hr>127</gpxtpx:hr>
            <gpxtpx:cad>52</gpxtpx:cad>
            <gpxtpx:atemp>299.65</gpxtpx:atemp>
          </gpxtpx:TrackPointExtension>
        </extensions>
      </trkpt>
      <trkpt lat="30.623756" lon="34.661593">
        <ele>675.7</ele>
        <time>2026-04-07T06:15:10.000Z</time>
        <extensions>
          <gpxtpx:TrackPointExtension>
            <gpxtpx:hr>128</gpxtpx:hr>
            <gpxtpx:cad>52</gpxtpx:cad>
            <gpxtpx:atemp>299.65</gpxtpx:atemp>
          </gpxtpx:TrackPointExtension>
        </extensions>
      </trkpt>
      <trkpt lat="30.623823" lon="34.661610">
        <ele>676.3</ele>
        <time>2026-04-07T06:15:15.000Z</time>
        <extensions>
          <gpxtpx:TrackPointExtension>
            <gpxtpx:hr>128</gpxtpx:hr>
            <gpxtpx:cad>58</gpxtpx:cad>
            <gpxtpx:atemp>299.65</gpxtpx:atemp>
          </gpxtpx:TrackPointExtension>
        </extensions>
      </trkpt>
      <trkpt lat="30.623896" lon="34.661594">
        <ele>676.2</ele>
        <time>2026-04-07T06:15:21.000Z</time>
        <extensions>
          <gpxtpx:TrackPointExtension>
            <gpxtpx:hr>127</gpxtpx:hr>
            <gpxtpx:cad>56</gpxtpx:cad>
            <gpxtpx:atemp>299.65</gpxtpx:atemp>
          </gpxtpx:TrackPointExtension>
        </extensions>
      </trkpt>
      <trkpt lat="30.623976" lon="34.661603">
        <ele>676.7</ele>
        <time>2026-04-07T06:15:29.000Z</time>
        <extensions>
          <gpxtpx:TrackPointExtension>
            <gpxtpx:hr>127</gpxtpx:hr>
            <gpxtpx:cad>0</gpxtpx:cad>
            <gpxtpx:atemp>299.65</gpxtpx:atemp>
          </gpxtpx:TrackPointExtension>
        </extensions>
      </trkpt>
      <trkpt lat="30.624033" lon="34.661596">
        <ele>676.7</ele>
        <time>2026-04-07T06:15:34.000Z</time>
        <extensions>
          <gpxtpx:TrackPointExtension>
            <gpxtpx:hr>126</gpxtpx:hr>
            <gpxtpx:cad>59</gpxtpx:cad>
            <gpxtpx:atemp>299.65</gpxtpx:atemp>
          </gpxtpx:TrackPointExtension>
        </extensions>
      </trkpt>
      <trkpt lat="30.624100" lon="34.661624">
        <ele>677.3</ele>
        <time>2026-04-07T06:15:39.000Z</time>
        <extensions>
          <gpxtpx:TrackPointExtension>
            <gpxtpx:hr>125</gpxtpx:hr>
            <gpxtpx:cad>58</gpxtpx:cad>
            <gpxtpx:atemp>299.65</gpxtpx:atemp>
          </gpxtpx:TrackPointExtension>
        </extensions>
      </trkpt>
      <trkpt lat="30.624136" lon="34.661614">
        <ele>676.9</ele>
        <time>2026-04-07T06:15:42.000Z</time>
        <extensions>
          <gpxtpx:TrackPointExtension>
            <gpxtpx:hr>125</gpxtpx:hr>
            <gpxtpx:cad>58</gpxtpx:cad>
            <gpxtpx:atemp>299.65</gpxtpx:atemp>
          </gpxtpx:TrackPointExtension>
        </extensions>
      </trkpt>
      <trkpt lat="30.624333" lon="34.661582">
        <ele>675.4</ele>
        <time>2026-04-07T06:15:57.000Z</time>
        <extensions>
          <gpxtpx:TrackPointExtension>
            <gpxtpx:hr>121</gpxtpx:hr>
            <gpxtpx:cad>60</gpxtpx:cad>
            <gpxtpx:atemp>299.65</gpxtpx:atemp>
          </gpxtpx:TrackPointExtension>
        </extensions>
      </trkpt>
      <trkpt lat="30.624394" lon="34.661580">
        <ele>674.9</ele>
        <time>2026-04-07T06:16:01.000Z</time>
        <extensions>
          <gpxtpx:TrackPointExtension>
            <gpxtpx:hr>119</gpxtpx:hr>
            <gpxtpx:cad>62</gpxtpx:cad>
            <gpxtpx:atemp>299.65</gpxtpx:atemp>
          </gpxtpx:TrackPointExtension>
        </extensions>
      </trkpt>
      <trkpt lat="30.624562" lon="34.661556">
        <ele>673.0</ele>
        <time>2026-04-07T06:16:14.000Z</time>
        <extensions>
          <gpxtpx:TrackPointExtension>
            <gpxtpx:hr>118</gpxtpx:hr>
            <gpxtpx:cad>59</gpxtpx:cad>
            <gpxtpx:atemp>299.65</gpxtpx:atemp>
          </gpxtpx:TrackPointExtension>
        </extensions>
      </trkpt>
      <trkpt lat="30.624717" lon="34.661495">
        <ele>668.9</ele>
        <time>2026-04-07T06:16:27.000Z</time>
        <extensions>
          <gpxtpx:TrackPointExtension>
            <gpxtpx:hr>116</gpxtpx:hr>
            <gpxtpx:cad>55</gpxtpx:cad>
            <gpxtpx:atemp>299.65</gpxtpx:atemp>
          </gpxtpx:TrackPointExtension>
        </extensions>
      </trkpt>
      <trkpt lat="30.624867" lon="34.661466">
        <ele>665.8</ele>
        <time>2026-04-07T06:16:40.000Z</time>
        <extensions>
          <gpxtpx:TrackPointExtension>
            <gpxtpx:hr>117</gpxtpx:hr>
            <gpxtpx:cad>53</gpxtpx:cad>
            <gpxtpx:atemp>299.65</gpxtpx:atemp>
          </gpxtpx:TrackPointExtension>
        </extensions>
      </trkpt>
      <trkpt lat="30.624998" lon="34.661414">
        <ele>663.0</ele>
        <time>2026-04-07T06:16:50.000Z</time>
        <extensions>
          <gpxtpx:TrackPointExtension>
            <gpxtpx:hr>117</gpxtpx:hr>
            <gpxtpx:cad>62</gpxtpx:cad>
            <gpxtpx:atemp>299.65</gpxtpx:atemp>
          </gpxtpx:TrackPointExtension>
        </extensions>
      </trkpt>
      <trkpt lat="30.625165" lon="34.661371">
        <ele>659.9</ele>
        <time>2026-04-07T06:17:04.000Z</time>
        <extensions>
          <gpxtpx:TrackPointExtension>
            <gpxtpx:hr>113</gpxtpx:hr>
            <gpxtpx:cad>60</gpxtpx:cad>
            <gpxtpx:atemp>299.65</gpxtpx:atemp>
          </gpxtpx:TrackPointExtension>
        </extensions>
      </trkpt>
      <trkpt lat="30.625258" lon="34.661366">
        <ele>658.8</ele>
        <time>2026-04-07T06:17:11.000Z</time>
        <extensions>
          <gpxtpx:TrackPointExtension>
            <gpxtpx:hr>113</gpxtpx:hr>
            <gpxtpx:cad>53</gpxtpx:cad>
            <gpxtpx:atemp>299.65</gpxtpx:atemp>
          </gpxtpx:TrackPointExtension>
        </extensions>
      </trkpt>
      <trkpt lat="30.625412" lon="34.661340">
        <ele>656.7</ele>
        <time>2026-04-07T06:17:24.000Z</time>
        <extensions>
          <gpxtpx:TrackPointExtension>
            <gpxtpx:hr>115</gpxtpx:hr>
            <gpxtpx:cad>0</gpxtpx:cad>
            <gpxtpx:atemp>299.65</gpxtpx:atemp>
          </gpxtpx:TrackPointExtension>
        </extensions>
      </trkpt>
      <trkpt lat="30.625479" lon="34.661340">
        <ele>656.0</ele>
        <time>2026-04-07T06:17:30.000Z</time>
        <extensions>
          <gpxtpx:TrackPointExtension>
            <gpxtpx:hr>115</gpxtpx:hr>
            <gpxtpx:cad>0</gpxtpx:cad>
            <gpxtpx:atemp>299.65</gpxtpx:atemp>
          </gpxtpx:TrackPointExtension>
        </extensions>
      </trkpt>
      <trkpt lat="30.625579" lon="34.661310">
        <ele>654.5</ele>
        <time>2026-04-07T06:17:40.000Z</time>
        <extensions>
          <gpxtpx:TrackPointExtension>
            <gpxtpx:hr>115</gpxtpx:hr>
            <gpxtpx:cad>0</gpxtpx:cad>
            <gpxtpx:atemp>299.65</gpxtpx:atemp>
          </gpxtpx:TrackPointExtension>
        </extensions>
      </trkpt>
      <trkpt lat="30.625667" lon="34.661307">
        <ele>653.5</ele>
        <time>2026-04-07T06:17:47.000Z</time>
        <extensions>
          <gpxtpx:TrackPointExtension>
            <gpxtpx:hr>115</gpxtpx:hr>
            <gpxtpx:cad>55</gpxtpx:cad>
            <gpxtpx:atemp>299.65</gpxtpx:atemp>
          </gpxtpx:TrackPointExtension>
        </extensions>
      </trkpt>
      <trkpt lat="30.625835" lon="34.661281">
        <ele>651.6</ele>
        <time>2026-04-07T06:18:00.000Z</time>
        <extensions>
          <gpxtpx:TrackPointExtension>
            <gpxtpx:hr>109</gpxtpx:hr>
            <gpxtpx:cad>61</gpxtpx:cad>
            <gpxtpx:atemp>299.65</gpxtpx:atemp>
          </gpxtpx:TrackPointExtension>
        </extensions>
      </trkpt>
      <trkpt lat="30.625941" lon="34.661249">
        <ele>650.2</ele>
        <time>2026-04-07T06:18:09.000Z</time>
        <extensions>
          <gpxtpx:TrackPointExtension>
            <gpxtpx:hr>108</gpxtpx:hr>
            <gpxtpx:cad>57</gpxtpx:cad>
            <gpxtpx:atemp>299.65</gpxtpx:atemp>
          </gpxtpx:TrackPointExtension>
        </extensions>
      </trkpt>
      <trkpt lat="30.625996" lon="34.661222">
        <ele>649.8</ele>
        <time>2026-04-07T06:18:13.000Z</time>
        <extensions>
          <gpxtpx:TrackPointExtension>
            <gpxtpx:hr>109</gpxtpx:hr>
            <gpxtpx:cad>57</gpxtpx:cad>
            <gpxtpx:atemp>299.65</gpxtpx:atemp>
          </gpxtpx:TrackPointExtension>
        </extensions>
      </trkpt>
      <trkpt lat="30.626148" lon="34.661175">
        <ele>649.1</ele>
        <time>2026-04-07T06:18:23.000Z</time>
        <extensions>
          <gpxtpx:TrackPointExtension>
            <gpxtpx:hr>109</gpxtpx:hr>
            <gpxtpx:cad>59</gpxtpx:cad>
            <gpxtpx:atemp>299.65</gpxtpx:atemp>
          </gpxtpx:TrackPointExtension>
        </extensions>
      </trkpt>
      <trkpt lat="30.626230" lon="34.661127">
        <ele>648.6</ele>
        <time>2026-04-07T06:18:30.000Z</time>
        <extensions>
          <gpxtpx:TrackPointExtension>
            <gpxtpx:hr>112</gpxtpx:hr>
            <gpxtpx:cad>69</gpxtpx:cad>
            <gpxtpx:atemp>299.65</gpxtpx:atemp>
          </gpxtpx:TrackPointExtension>
        </extensions>
      </trkpt>
      <trkpt lat="30.626402" lon="34.661078">
        <ele>647.8</ele>
        <time>2026-04-07T06:18:41.000Z</time>
        <extensions>
          <gpxtpx:TrackPointExtension>
            <gpxtpx:hr>114</gpxtpx:hr>
            <gpxtpx:cad>74</gpxtpx:cad>
            <gpxtpx:atemp>299.65</gpxtpx:atemp>
          </gpxtpx:TrackPointExtension>
        </extensions>
      </trkpt>
      <trkpt lat="30.626548" lon="34.661046">
        <ele>647.1</ele>
        <time>2026-04-07T06:18:54.000Z</time>
        <extensions>
          <gpxtpx:TrackPointExtension>
            <gpxtpx:hr>114</gpxtpx:hr>
            <gpxtpx:cad>55</gpxtpx:cad>
            <gpxtpx:atemp>299.65</gpxtpx:atemp>
          </gpxtpx:TrackPointExtension>
        </extensions>
      </trkpt>
      <trkpt lat="30.626597" lon="34.661051">
        <ele>646.9</ele>
        <time>2026-04-07T06:18:58.000Z</time>
        <extensions>
          <gpxtpx:TrackPointExtension>
            <gpxtpx:hr>113</gpxtpx:hr>
            <gpxtpx:cad>55</gpxtpx:cad>
            <gpxtpx:atemp>299.65</gpxtpx:atemp>
          </gpxtpx:TrackPointExtension>
        </extensions>
      </trkpt>
      <trkpt lat="30.626699" lon="34.661088">
        <ele>646.4</ele>
        <time>2026-04-07T06:19:07.000Z</time>
        <extensions>
          <gpxtpx:TrackPointExtension>
            <gpxtpx:hr>114</gpxtpx:hr>
            <gpxtpx:cad>56</gpxtpx:cad>
            <gpxtpx:atemp>299.65</gpxtpx:atemp>
          </gpxtpx:TrackPointExtension>
        </extensions>
      </trkpt>
      <trkpt lat="30.626757" lon="34.661157">
        <ele>646.6</ele>
        <time>2026-04-07T06:19:15.000Z</time>
        <extensions>
          <gpxtpx:TrackPointExtension>
            <gpxtpx:hr>110</gpxtpx:hr>
            <gpxtpx:cad>51</gpxtpx:cad>
            <gpxtpx:atemp>299.65</gpxtpx:atemp>
          </gpxtpx:TrackPointExtension>
        </extensions>
      </trkpt>
      <trkpt lat="30.626779" lon="34.661251">
        <ele>647.1</ele>
        <time>2026-04-07T06:19:28.000Z</time>
        <extensions>
          <gpxtpx:TrackPointExtension>
            <gpxtpx:hr>107</gpxtpx:hr>
            <gpxtpx:cad>0</gpxtpx:cad>
            <gpxtpx:atemp>299.65</gpxtpx:atemp>
          </gpxtpx:TrackPointExtension>
        </extensions>
      </trkpt>
      <trkpt lat="30.626768" lon="34.661323">
        <ele>647.7</ele>
        <time>2026-04-07T06:20:45.000Z</time>
        <extensions>
          <gpxtpx:TrackPointExtension>
            <gpxtpx:hr>88</gpxtpx:hr>
            <gpxtpx:cad>0</gpxtpx:cad>
            <gpxtpx:atemp>300.65</gpxtpx:atemp>
          </gpxtpx:TrackPointExtension>
        </extensions>
      </trkpt>
      <trkpt lat="30.626762" lon="34.661421">
        <ele>648.5</ele>
        <time>2026-04-07T06:20:56.000Z</time>
        <extensions>
          <gpxtpx:TrackPointExtension>
            <gpxtpx:hr>90</gpxtpx:hr>
            <gpxtpx:cad>0</gpxtpx:cad>
            <gpxtpx:atemp>300.65</gpxtpx:atemp>
          </gpxtpx:TrackPointExtension>
        </extensions>
      </trkpt>
      <trkpt lat="30.626744" lon="34.661469">
        <ele>649.0</ele>
        <time>2026-04-07T06:21:01.000Z</time>
        <extensions>
          <gpxtpx:TrackPointExtension>
            <gpxtpx:hr>89</gpxtpx:hr>
            <gpxtpx:cad>55</gpxtpx:cad>
            <gpxtpx:atemp>300.65</gpxtpx:atemp>
          </gpxtpx:TrackPointExtension>
        </extensions>
      </trkpt>
      <trkpt lat="30.626704" lon="34.661626">
        <ele>650.7</ele>
        <time>2026-04-07T06:21:09.000Z</time>
        <extensions>
          <gpxtpx:TrackPointExtension>
            <gpxtpx:hr>89</gpxtpx:hr>
            <gpxtpx:cad>75</gpxtpx:cad>
            <gpxtpx:atemp>300.65</gpxtpx:atemp>
          </gpxtpx:TrackPointExtension>
        </extensions>
      </trkpt>
      <trkpt lat="30.626640" lon="34.661789">
        <ele>653.2</ele>
        <time>2026-04-07T06:21:19.000Z</time>
        <extensions>
          <gpxtpx:TrackPointExtension>
            <gpxtpx:hr>99</gpxtpx:hr>
            <gpxtpx:cad>71</gpxtpx:cad>
            <gpxtpx:atemp>300.65</gpxtpx:atemp>
          </gpxtpx:TrackPointExtension>
        </extensions>
      </trkpt>
      <trkpt lat="30.626641" lon="34.661819">
        <ele>653.5</ele>
        <time>2026-04-07T06:21:21.000Z</time>
        <extensions>
          <gpxtpx:TrackPointExtension>
            <gpxtpx:hr>100</gpxtpx:hr>
            <gpxtpx:cad>73</gpxtpx:cad>
            <gpxtpx:atemp>300.65</gpxtpx:atemp>
          </gpxtpx:TrackPointExtension>
        </extensions>
      </trkpt>
      <trkpt lat="30.626616" lon="34.662015">
        <ele>655.5</ele>
        <time>2026-04-07T06:21:31.000Z</time>
        <extensions>
          <gpxtpx:TrackPointExtension>
            <gpxtpx:hr>106</gpxtpx:hr>
            <gpxtpx:cad>72</gpxtpx:cad>
            <gpxtpx:atemp>301.65</gpxtpx:atemp>
          </gpxtpx:TrackPointExtension>
        </extensions>
      </trkpt>
      <trkpt lat="30.626622" lon="34.662072">
        <ele>655.9</ele>
        <time>2026-04-07T06:21:34.000Z</time>
        <extensions>
          <gpxtpx:TrackPointExtension>
            <gpxtpx:hr>107</gpxtpx:hr>
            <gpxtpx:cad>72</gpxtpx:cad>
            <gpxtpx:atemp>301.65</gpxtpx:atemp>
          </gpxtpx:TrackPointExtension>
        </extensions>
      </trkpt>
      <trkpt lat="30.626611" lon="34.662139">
        <ele>656.3</ele>
        <time>2026-04-07T06:21:38.000Z</time>
        <extensions>
          <gpxtpx:TrackPointExtension>
            <gpxtpx:hr>110</gpxtpx:hr>
            <gpxtpx:cad>73</gpxtpx:cad>
            <gpxtpx:atemp>301.65</gpxtpx:atemp>
          </gpxtpx:TrackPointExtension>
        </extensions>
      </trkpt>
      <trkpt lat="30.626632" lon="34.662302">
        <ele>656.2</ele>
        <time>2026-04-07T06:21:48.000Z</time>
        <extensions>
          <gpxtpx:TrackPointExtension>
            <gpxtpx:hr>115</gpxtpx:hr>
            <gpxtpx:cad>0</gpxtpx:cad>
            <gpxtpx:atemp>301.65</gpxtpx:atemp>
          </gpxtpx:TrackPointExtension>
        </extensions>
      </trkpt>
      <trkpt lat="30.626622" lon="34.662382">
        <ele>656.7</ele>
        <time>2026-04-07T06:21:53.000Z</time>
        <extensions>
          <gpxtpx:TrackPointExtension>
            <gpxtpx:hr>116</gpxtpx:hr>
            <gpxtpx:cad>69</gpxtpx:cad>
            <gpxtpx:atemp>301.65</gpxtpx:atemp>
          </gpxtpx:TrackPointExtension>
        </extensions>
      </trkpt>
      <trkpt lat="30.626625" lon="34.662481">
        <ele>656.8</ele>
        <time>2026-04-07T06:21:59.000Z</time>
        <extensions>
          <gpxtpx:TrackPointExtension>
            <gpxtpx:hr>118</gpxtpx:hr>
            <gpxtpx:cad>66</gpxtpx:cad>
            <gpxtpx:atemp>301.65</gpxtpx:atemp>
          </gpxtpx:TrackPointExtension>
        </extensions>
      </trkpt>
      <trkpt lat="30.626642" lon="34.662555">
        <ele>656.5</ele>
        <time>2026-04-07T06:22:03.000Z</time>
        <extensions>
          <gpxtpx:TrackPointExtension>
            <gpxtpx:hr>118</gpxtpx:hr>
            <gpxtpx:cad>0</gpxtpx:cad>
            <gpxtpx:atemp>301.65</gpxtpx:atemp>
          </gpxtpx:TrackPointExtension>
        </extensions>
      </trkpt>
      <trkpt lat="30.626632" lon="34.662653">
        <ele>656.9</ele>
        <time>2026-04-07T06:22:09.000Z</time>
        <extensions>
          <gpxtpx:TrackPointExtension>
            <gpxtpx:hr>118</gpxtpx:hr>
            <gpxtpx:cad>63</gpxtpx:cad>
            <gpxtpx:atemp>301.65</gpxtpx:atemp>
          </gpxtpx:TrackPointExtension>
        </extensions>
      </trkpt>
      <trkpt lat="30.626659" lon="34.662758">
        <ele>655.8</ele>
        <time>2026-04-07T06:22:16.000Z</time>
        <extensions>
          <gpxtpx:TrackPointExtension>
            <gpxtpx:hr>120</gpxtpx:hr>
            <gpxtpx:cad>56</gpxtpx:cad>
            <gpxtpx:atemp>301.65</gpxtpx:atemp>
          </gpxtpx:TrackPointExtension>
        </extensions>
      </trkpt>
      <trkpt lat="30.626635" lon="34.662837">
        <ele>656.2</ele>
        <time>2026-04-07T06:22:20.000Z</time>
        <extensions>
          <gpxtpx:TrackPointExtension>
            <gpxtpx:hr>120</gpxtpx:hr>
            <gpxtpx:cad>74</gpxtpx:cad>
            <gpxtpx:atemp>301.65</gpxtpx:atemp>
          </gpxtpx:TrackPointExtension>
        </extensions>
      </trkpt>
      <trkpt lat="30.626605" lon="34.662887">
        <ele>656.9</ele>
        <time>2026-04-07T06:22:23.000Z</time>
        <extensions>
          <gpxtpx:TrackPointExtension>
            <gpxtpx:hr>121</gpxtpx:hr>
            <gpxtpx:cad>74</gpxtpx:cad>
            <gpxtpx:atemp>301.65</gpxtpx:atemp>
          </gpxtpx:TrackPointExtension>
        </extensions>
      </trkpt>
      <trkpt lat="30.626602" lon="34.662984">
        <ele>656.9</ele>
        <time>2026-04-07T06:22:30.000Z</time>
        <extensions>
          <gpxtpx:TrackPointExtension>
            <gpxtpx:hr>123</gpxtpx:hr>
            <gpxtpx:cad>64</gpxtpx:cad>
            <gpxtpx:atemp>301.65</gpxtpx:atemp>
          </gpxtpx:TrackPointExtension>
        </extensions>
      </trkpt>
      <trkpt lat="30.626639" lon="34.663043">
        <ele>655.8</ele>
        <time>2026-04-07T06:22:34.000Z</time>
        <extensions>
          <gpxtpx:TrackPointExtension>
            <gpxtpx:hr>122</gpxtpx:hr>
            <gpxtpx:cad>64</gpxtpx:cad>
            <gpxtpx:atemp>301.65</gpxtpx:atemp>
          </gpxtpx:TrackPointExtension>
        </extensions>
      </trkpt>
      <trkpt lat="30.626645" lon="34.663096">
        <ele>655.6</ele>
        <time>2026-04-07T06:22:37.000Z</time>
        <extensions>
          <gpxtpx:TrackPointExtension>
            <gpxtpx:hr>121</gpxtpx:hr>
            <gpxtpx:cad>0</gpxtpx:cad>
            <gpxtpx:atemp>301.65</gpxtpx:atemp>
          </gpxtpx:TrackPointExtension>
        </extensions>
      </trkpt>
      <trkpt lat="30.626632" lon="34.663158">
        <ele>656.0</ele>
        <time>2026-04-07T06:22:40.000Z</time>
        <extensions>
          <gpxtpx:TrackPointExtension>
            <gpxtpx:hr>122</gpxtpx:hr>
            <gpxtpx:cad>73</gpxtpx:cad>
            <gpxtpx:atemp>301.65</gpxtpx:atemp>
          </gpxtpx:TrackPointExtension>
        </extensions>
      </trkpt>
      <trkpt lat="30.626617" lon="34.663343">
        <ele>656.1</ele>
        <time>2026-04-07T06:22:51.000Z</time>
        <extensions>
          <gpxtpx:TrackPointExtension>
            <gpxtpx:hr>124</gpxtpx:hr>
            <gpxtpx:cad>63</gpxtpx:cad>
            <gpxtpx:atemp>301.65</gpxtpx:atemp>
          </gpxtpx:TrackPointExtension>
        </extensions>
      </trkpt>
      <trkpt lat="30.626634" lon="34.663402">
        <ele>655.5</ele>
        <time>2026-04-07T06:22:56.000Z</time>
        <extensions>
          <gpxtpx:TrackPointExtension>
            <gpxtpx:hr>125</gpxtpx:hr>
            <gpxtpx:cad>69</gpxtpx:cad>
            <gpxtpx:atemp>301.65</gpxtpx:atemp>
          </gpxtpx:TrackPointExtension>
        </extensions>
      </trkpt>
      <trkpt lat="30.626602" lon="34.663489">
        <ele>656.1</ele>
        <time>2026-04-07T06:23:03.000Z</time>
        <extensions>
          <gpxtpx:TrackPointExtension>
            <gpxtpx:hr>124</gpxtpx:hr>
            <gpxtpx:cad>0</gpxtpx:cad>
            <gpxtpx:atemp>301.65</gpxtpx:atemp>
          </gpxtpx:TrackPointExtension>
        </extensions>
      </trkpt>
      <trkpt lat="30.626596" lon="34.663543">
        <ele>656.3</ele>
        <time>2026-04-07T06:23:07.000Z</time>
        <extensions>
          <gpxtpx:TrackPointExtension>
            <gpxtpx:hr>122</gpxtpx:hr>
            <gpxtpx:cad>0</gpxtpx:cad>
            <gpxtpx:atemp>301.65</gpxtpx:atemp>
          </gpxtpx:TrackPointExtension>
        </extensions>
      </trkpt>
      <trkpt lat="30.626618" lon="34.663609">
        <ele>655.9</ele>
        <time>2026-04-07T06:23:12.000Z</time>
        <extensions>
          <gpxtpx:TrackPointExtension>
            <gpxtpx:hr>122</gpxtpx:hr>
            <gpxtpx:cad>55</gpxtpx:cad>
            <gpxtpx:atemp>301.65</gpxtpx:atemp>
          </gpxtpx:TrackPointExtension>
        </extensions>
      </trkpt>
      <trkpt lat="30.626620" lon="34.663694">
        <ele>655.9</ele>
        <time>2026-04-07T06:23:18.000Z</time>
        <extensions>
          <gpxtpx:TrackPointExtension>
            <gpxtpx:hr>122</gpxtpx:hr>
            <gpxtpx:cad>71</gpxtpx:cad>
            <gpxtpx:atemp>301.65</gpxtpx:atemp>
          </gpxtpx:TrackPointExtension>
        </extensions>
      </trkpt>
      <trkpt lat="30.626640" lon="34.663744">
        <ele>655.6</ele>
        <time>2026-04-07T06:23:21.000Z</time>
        <extensions>
          <gpxtpx:TrackPointExtension>
            <gpxtpx:hr>122</gpxtpx:hr>
            <gpxtpx:cad>62</gpxtpx:cad>
            <gpxtpx:atemp>301.65</gpxtpx:atemp>
          </gpxtpx:TrackPointExtension>
        </extensions>
      </trkpt>
      <trkpt lat="30.626713" lon="34.663862">
        <ele>654.3</ele>
        <time>2026-04-07T06:23:29.000Z</time>
        <extensions>
          <gpxtpx:TrackPointExtension>
            <gpxtpx:hr>125</gpxtpx:hr>
            <gpxtpx:cad>74</gpxtpx:cad>
            <gpxtpx:atemp>301.65</gpxtpx:atemp>
          </gpxtpx:TrackPointExtension>
        </extensions>
      </trkpt>
      <trkpt lat="30.626718" lon="34.663920">
        <ele>654.3</ele>
        <time>2026-04-07T06:23:33.000Z</time>
        <extensions>
          <gpxtpx:TrackPointExtension>
            <gpxtpx:hr>127</gpxtpx:hr>
            <gpxtpx:cad>60</gpxtpx:cad>
            <gpxtpx:atemp>301.65</gpxtpx:atemp>
          </gpxtpx:TrackPointExtension>
        </extensions>
      </trkpt>
      <trkpt lat="30.626737" lon="34.663989">
        <ele>654.1</ele>
        <time>2026-04-07T06:23:38.000Z</time>
        <extensions>
          <gpxtpx:TrackPointExtension>
            <gpxtpx:hr>129</gpxtpx:hr>
            <gpxtpx:cad>61</gpxtpx:cad>
            <gpxtpx:atemp>301.65</gpxtpx:atemp>
          </gpxtpx:TrackPointExtension>
        </extensions>
      </trkpt>
      <trkpt lat="30.626755" lon="34.664027">
        <ele>653.9</ele>
        <time>2026-04-07T06:23:41.000Z</time>
        <extensions>
          <gpxtpx:TrackPointExtension>
            <gpxtpx:hr>128</gpxtpx:hr>
            <gpxtpx:cad>61</gpxtpx:cad>
            <gpxtpx:atemp>301.65</gpxtpx:atemp>
          </gpxtpx:TrackPointExtension>
        </extensions>
      </trkpt>
      <trkpt lat="30.626778" lon="34.664140">
        <ele>653.9</ele>
        <time>2026-04-07T06:23:47.000Z</time>
        <extensions>
          <gpxtpx:TrackPointExtension>
            <gpxtpx:hr>127</gpxtpx:hr>
            <gpxtpx:cad>75</gpxtpx:cad>
            <gpxtpx:atemp>301.65</gpxtpx:atemp>
          </gpxtpx:TrackPointExtension>
        </extensions>
      </trkpt>
      <trkpt lat="30.626825" lon="34.664173">
        <ele>653.4</ele>
        <time>2026-04-07T06:23:51.000Z</time>
        <extensions>
          <gpxtpx:TrackPointExtension>
            <gpxtpx:hr>126</gpxtpx:hr>
            <gpxtpx:cad>0</gpxtpx:cad>
            <gpxtpx:atemp>301.65</gpxtpx:atemp>
          </gpxtpx:TrackPointExtension>
        </extensions>
      </trkpt>
      <trkpt lat="30.626880" lon="34.664238">
        <ele>653.2</ele>
        <time>2026-04-07T06:23:56.000Z</time>
        <extensions>
          <gpxtpx:TrackPointExtension>
            <gpxtpx:hr>124</gpxtpx:hr>
            <gpxtpx:cad>73</gpxtpx:cad>
            <gpxtpx:atemp>301.65</gpxtpx:atemp>
          </gpxtpx:TrackPointExtension>
        </extensions>
      </trkpt>
      <trkpt lat="30.626904" lon="34.664297">
        <ele>653.3</ele>
        <time>2026-04-07T06:23:59.000Z</time>
        <extensions>
          <gpxtpx:TrackPointExtension>
            <gpxtpx:hr>124</gpxtpx:hr>
            <gpxtpx:cad>73</gpxtpx:cad>
            <gpxtpx:atemp>301.65</gpxtpx:atemp>
          </gpxtpx:TrackPointExtension>
        </extensions>
      </trkpt>
      <trkpt lat="30.626910" lon="34.664380">
        <ele>653.3</ele>
        <time>2026-04-07T06:24:03.000Z</time>
        <extensions>
          <gpxtpx:TrackPointExtension>
            <gpxtpx:hr>125</gpxtpx:hr>
            <gpxtpx:cad>75</gpxtpx:cad>
            <gpxtpx:atemp>301.65</gpxtpx:atemp>
          </gpxtpx:TrackPointExtension>
        </extensions>
      </trkpt>
      <trkpt lat="30.626884" lon="34.664488">
        <ele>653.6</ele>
        <time>2026-04-07T06:24:08.000Z</time>
        <extensions>
          <gpxtpx:TrackPointExtension>
            <gpxtpx:hr>128</gpxtpx:hr>
            <gpxtpx:cad>76</gpxtpx:cad>
            <gpxtpx:atemp>301.65</gpxtpx:atemp>
          </gpxtpx:TrackPointExtension>
        </extensions>
      </trkpt>
      <trkpt lat="30.626880" lon="34.664620">
        <ele>653.8</ele>
        <time>2026-04-07T06:24:14.000Z</time>
        <extensions>
          <gpxtpx:TrackPointExtension>
            <gpxtpx:hr>128</gpxtpx:hr>
            <gpxtpx:cad>76</gpxtpx:cad>
            <gpxtpx:atemp>301.65</gpxtpx:atemp>
          </gpxtpx:TrackPointExtension>
        </extensions>
      </trkpt>
      <trkpt lat="30.626873" lon="34.664643">
        <ele>653.8</ele>
        <time>2026-04-07T06:24:15.000Z</time>
        <extensions>
          <gpxtpx:TrackPointExtension>
            <gpxtpx:hr>128</gpxtpx:hr>
            <gpxtpx:cad>76</gpxtpx:cad>
            <gpxtpx:atemp>301.65</gpxtpx:atemp>
          </gpxtpx:TrackPointExtension>
        </extensions>
      </trkpt>
      <trkpt lat="30.626856" lon="34.664812">
        <ele>654.0</ele>
        <time>2026-04-07T06:24:23.000Z</time>
        <extensions>
          <gpxtpx:TrackPointExtension>
            <gpxtpx:hr>130</gpxtpx:hr>
            <gpxtpx:cad>77</gpxtpx:cad>
            <gpxtpx:atemp>301.65</gpxtpx:atemp>
          </gpxtpx:TrackPointExtension>
        </extensions>
      </trkpt>
      <trkpt lat="30.626822" lon="34.664897">
        <ele>654.0</ele>
        <time>2026-04-07T06:24:27.000Z</time>
        <extensions>
          <gpxtpx:TrackPointExtension>
            <gpxtpx:hr>130</gpxtpx:hr>
            <gpxtpx:cad>78</gpxtpx:cad>
            <gpxtpx:atemp>301.65</gpxtpx:atemp>
          </gpxtpx:TrackPointExtension>
        </extensions>
      </trkpt>
      <trkpt lat="30.626798" lon="34.664931">
        <ele>654.1</ele>
        <time>2026-04-07T06:24:29.000Z</time>
        <extensions>
          <gpxtpx:TrackPointExtension>
            <gpxtpx:hr>129</gpxtpx:hr>
            <gpxtpx:cad>77</gpxtpx:cad>
            <gpxtpx:atemp>301.65</gpxtpx:atemp>
          </gpxtpx:TrackPointExtension>
        </extensions>
      </trkpt>
      <trkpt lat="30.626805" lon="34.665049">
        <ele>654.0</ele>
        <time>2026-04-07T06:24:36.000Z</time>
        <extensions>
          <gpxtpx:TrackPointExtension>
            <gpxtpx:hr>132</gpxtpx:hr>
            <gpxtpx:cad>0</gpxtpx:cad>
            <gpxtpx:atemp>301.65</gpxtpx:atemp>
          </gpxtpx:TrackPointExtension>
        </extensions>
      </trkpt>
      <trkpt lat="30.626827" lon="34.665145">
        <ele>654.0</ele>
        <time>2026-04-07T06:24:40.000Z</time>
        <extensions>
          <gpxtpx:TrackPointExtension>
            <gpxtpx:hr>131</gpxtpx:hr>
            <gpxtpx:cad>77</gpxtpx:cad>
            <gpxtpx:atemp>301.65</gpxtpx:atemp>
          </gpxtpx:TrackPointExtension>
        </extensions>
      </trkpt>
      <trkpt lat="30.626834" lon="34.665278">
        <ele>654.0</ele>
        <time>2026-04-07T06:24:46.000Z</time>
        <extensions>
          <gpxtpx:TrackPointExtension>
            <gpxtpx:hr>133</gpxtpx:hr>
            <gpxtpx:cad>77</gpxtpx:cad>
            <gpxtpx:atemp>301.65</gpxtpx:atemp>
          </gpxtpx:TrackPointExtension>
        </extensions>
      </trkpt>
      <trkpt lat="30.626817" lon="34.665395">
        <ele>654.0</ele>
        <time>2026-04-07T06:24:51.000Z</time>
        <extensions>
          <gpxtpx:TrackPointExtension>
            <gpxtpx:hr>136</gpxtpx:hr>
            <gpxtpx:cad>77</gpxtpx:cad>
            <gpxtpx:atemp>301.65</gpxtpx:atemp>
          </gpxtpx:TrackPointExtension>
        </extensions>
      </trkpt>
      <trkpt lat="30.626816" lon="34.665575">
        <ele>654.0</ele>
        <time>2026-04-07T06:24:59.000Z</time>
        <extensions>
          <gpxtpx:TrackPointExtension>
            <gpxtpx:hr>139</gpxtpx:hr>
            <gpxtpx:cad>78</gpxtpx:cad>
            <gpxtpx:atemp>301.65</gpxtpx:atemp>
          </gpxtpx:TrackPointExtension>
        </extensions>
      </trkpt>
      <trkpt lat="30.626804" lon="34.665669">
        <ele>654.0</ele>
        <time>2026-04-07T06:25:03.000Z</time>
        <extensions>
          <gpxtpx:TrackPointExtension>
            <gpxtpx:hr>140</gpxtpx:hr>
            <gpxtpx:cad>78</gpxtpx:cad>
            <gpxtpx:atemp>301.65</gpxtpx:atemp>
          </gpxtpx:TrackPointExtension>
        </extensions>
      </trkpt>
      <trkpt lat="30.626761" lon="34.665763">
        <ele>654.2</ele>
        <time>2026-04-07T06:25:08.000Z</time>
        <extensions>
          <gpxtpx:TrackPointExtension>
            <gpxtpx:hr>141</gpxtpx:hr>
            <gpxtpx:cad>78</gpxtpx:cad>
            <gpxtpx:atemp>301.65</gpxtpx:atemp>
          </gpxtpx:TrackPointExtension>
        </extensions>
      </trkpt>
      <trkpt lat="30.626650" lon="34.665902">
        <ele>654.9</ele>
        <time>2026-04-07T06:25:16.000Z</time>
        <extensions>
          <gpxtpx:TrackPointExtension>
            <gpxtpx:hr>142</gpxtpx:hr>
            <gpxtpx:cad>78</gpxtpx:cad>
            <gpxtpx:atemp>301.65</gpxtpx:atemp>
          </gpxtpx:TrackPointExtension>
        </extensions>
      </trkpt>
      <trkpt lat="30.626597" lon="34.665976">
        <ele>655.2</ele>
        <time>2026-04-07T06:25:20.000Z</time>
        <extensions>
          <gpxtpx:TrackPointExtension>
            <gpxtpx:hr>142</gpxtpx:hr>
            <gpxtpx:cad>78</gpxtpx:cad>
            <gpxtpx:atemp>301.65</gpxtpx:atemp>
          </gpxtpx:TrackPointExtension>
        </extensions>
      </trkpt>
      <trkpt lat="30.626588" lon="34.665994">
        <ele>655.3</ele>
        <time>2026-04-07T06:25:21.000Z</time>
        <extensions>
          <gpxtpx:TrackPointExtension>
            <gpxtpx:hr>142</gpxtpx:hr>
            <gpxtpx:cad>78</gpxtpx:cad>
            <gpxtpx:atemp>301.65</gpxtpx:atemp>
          </gpxtpx:TrackPointExtension>
        </extensions>
      </trkpt>
      <trkpt lat="30.626479" lon="34.666158">
        <ele>656.4</ele>
        <time>2026-04-07T06:25:30.000Z</time>
        <extensions>
          <gpxtpx:TrackPointExtension>
            <gpxtpx:hr>143</gpxtpx:hr>
            <gpxtpx:cad>78</gpxtpx:cad>
            <gpxtpx:atemp>301.65</gpxtpx:atemp>
          </gpxtpx:TrackPointExtension>
        </extensions>
      </trkpt>
      <trkpt lat="30.626425" lon="34.666326">
        <ele>656.9</ele>
        <time>2026-04-07T06:25:40.000Z</time>
        <extensions>
          <gpxtpx:TrackPointExtension>
            <gpxtpx:hr>146</gpxtpx:hr>
            <gpxtpx:cad>76</gpxtpx:cad>
            <gpxtpx:atemp>301.65</gpxtpx:atemp>
          </gpxtpx:TrackPointExtension>
        </extensions>
      </trkpt>
      <trkpt lat="30.626396" lon="34.666478">
        <ele>657.0</ele>
        <time>2026-04-07T06:26:08.000Z</time>
        <extensions>
          <gpxtpx:TrackPointExtension>
            <gpxtpx:hr>129</gpxtpx:hr>
            <gpxtpx:cad>0</gpxtpx:cad>
            <gpxtpx:atemp>302.65</gpxtpx:atemp>
          </gpxtpx:TrackPointExtension>
        </extensions>
      </trkpt>
      <trkpt lat="30.626366" lon="34.666525">
        <ele>657.5</ele>
        <time>2026-04-07T06:26:14.000Z</time>
        <extensions>
          <gpxtpx:TrackPointExtension>
            <gpxtpx:hr>127</gpxtpx:hr>
            <gpxtpx:cad>49</gpxtpx:cad>
            <gpxtpx:atemp>302.65</gpxtpx:atemp>
          </gpxtpx:TrackPointExtension>
        </extensions>
      </trkpt>
      <trkpt lat="30.626340" lon="34.666642">
        <ele>657.9</ele>
        <time>2026-04-07T06:26:34.000Z</time>
        <extensions>
          <gpxtpx:TrackPointExtension>
            <gpxtpx:hr>111</gpxtpx:hr>
            <gpxtpx:cad>0</gpxtpx:cad>
            <gpxtpx:atemp>302.65</gpxtpx:atemp>
          </gpxtpx:TrackPointExtension>
        </extensions>
      </trkpt>
      <trkpt lat="30.626310" lon="34.666697">
        <ele>658.4</ele>
        <time>2026-04-07T06:26:39.000Z</time>
        <extensions>
          <gpxtpx:TrackPointExtension>
            <gpxtpx:hr>109</gpxtpx:hr>
            <gpxtpx:cad>0</gpxtpx:cad>
            <gpxtpx:atemp>302.65</gpxtpx:atemp>
          </gpxtpx:TrackPointExtension>
        </extensions>
      </trkpt>
      <trkpt lat="30.626233" lon="34.666853">
        <ele>659.4</ele>
        <time>2026-04-07T06:26:53.000Z</time>
        <extensions>
          <gpxtpx:TrackPointExtension>
            <gpxtpx:hr>109</gpxtpx:hr>
            <gpxtpx:cad>55</gpxtpx:cad>
            <gpxtpx:atemp>302.65</gpxtpx:atemp>
          </gpxtpx:TrackPointExtension>
        </extensions>
      </trkpt>
      <trkpt lat="30.626201" lon="34.666906">
        <ele>660.1</ele>
        <time>2026-04-07T06:26:57.000Z</time>
        <extensions>
          <gpxtpx:TrackPointExtension>
            <gpxtpx:hr>109</gpxtpx:hr>
            <gpxtpx:cad>52</gpxtpx:cad>
            <gpxtpx:atemp>302.65</gpxtpx:atemp>
          </gpxtpx:TrackPointExtension>
        </extensions>
      </trkpt>
      <trkpt lat="30.626079" lon="34.667046">
        <ele>662.2</ele>
        <time>2026-04-07T06:27:06.000Z</time>
        <extensions>
          <gpxtpx:TrackPointExtension>
            <gpxtpx:hr>113</gpxtpx:hr>
            <gpxtpx:cad>79</gpxtpx:cad>
            <gpxtpx:atemp>302.65</gpxtpx:atemp>
          </gpxtpx:TrackPointExtension>
        </extensions>
      </trkpt>
      <trkpt lat="30.625961" lon="34.667145">
        <ele>663.7</ele>
        <time>2026-04-07T06:27:13.000Z</time>
        <extensions>
          <gpxtpx:TrackPointExtension>
            <gpxtpx:hr>120</gpxtpx:hr>
            <gpxtpx:cad>78</gpxtpx:cad>
            <gpxtpx:atemp>302.65</gpxtpx:atemp>
          </gpxtpx:TrackPointExtension>
        </extensions>
      </trkpt>
      <trkpt lat="30.625851" lon="34.667221">
        <ele>664.5</ele>
        <time>2026-04-07T06:27:22.000Z</time>
        <extensions>
          <gpxtpx:TrackPointExtension>
            <gpxtpx:hr>125</gpxtpx:hr>
            <gpxtpx:cad>79</gpxtpx:cad>
            <gpxtpx:atemp>301.65</gpxtpx:atemp>
          </gpxtpx:TrackPointExtension>
        </extensions>
      </trkpt>
      <trkpt lat="30.625832" lon="34.667324">
        <ele>663.5</ele>
        <time>2026-04-07T06:27:29.000Z</time>
        <extensions>
          <gpxtpx:TrackPointExtension>
            <gpxtpx:hr>127</gpxtpx:hr>
            <gpxtpx:cad>55</gpxtpx:cad>
            <gpxtpx:atemp>301.65</gpxtpx:atemp>
          </gpxtpx:TrackPointExtension>
        </extensions>
      </trkpt>
      <trkpt lat="30.625839" lon="34.667416">
        <ele>662.6</ele>
        <time>2026-04-07T06:27:36.000Z</time>
        <extensions>
          <gpxtpx:TrackPointExtension>
            <gpxtpx:hr>124</gpxtpx:hr>
            <gpxtpx:cad>0</gpxtpx:cad>
            <gpxtpx:atemp>301.65</gpxtpx:atemp>
          </gpxtpx:TrackPointExtension>
        </extensions>
      </trkpt>
      <trkpt lat="30.625830" lon="34.667490">
        <ele>662.1</ele>
        <time>2026-04-07T06:27:43.000Z</time>
        <extensions>
          <gpxtpx:TrackPointExtension>
            <gpxtpx:hr>128</gpxtpx:hr>
            <gpxtpx:cad>0</gpxtpx:cad>
            <gpxtpx:atemp>301.65</gpxtpx:atemp>
          </gpxtpx:TrackPointExtension>
        </extensions>
      </trkpt>
      <trkpt lat="30.625847" lon="34.667579">
        <ele>661.4</ele>
        <time>2026-04-07T06:27:48.000Z</time>
        <extensions>
          <gpxtpx:TrackPointExtension>
            <gpxtpx:hr>129</gpxtpx:hr>
            <gpxtpx:cad>0</gpxtpx:cad>
            <gpxtpx:atemp>301.65</gpxtpx:atemp>
          </gpxtpx:TrackPointExtension>
        </extensions>
      </trkpt>
      <trkpt lat="30.625797" lon="34.667732">
        <ele>660.8</ele>
        <time>2026-04-07T06:27:55.000Z</time>
        <extensions>
          <gpxtpx:TrackPointExtension>
            <gpxtpx:hr>129</gpxtpx:hr>
            <gpxtpx:cad>76</gpxtpx:cad>
            <gpxtpx:atemp>301.65</gpxtpx:atemp>
          </gpxtpx:TrackPointExtension>
        </extensions>
      </trkpt>
      <trkpt lat="30.625794" lon="34.667776">
        <ele>660.7</ele>
        <time>2026-04-07T06:27:57.000Z</time>
        <extensions>
          <gpxtpx:TrackPointExtension>
            <gpxtpx:hr>130</gpxtpx:hr>
            <gpxtpx:cad>76</gpxtpx:cad>
            <gpxtpx:atemp>301.65</gpxtpx:atemp>
          </gpxtpx:TrackPointExtension>
        </extensions>
      </trkpt>
      <trkpt lat="30.625766" lon="34.667892">
        <ele>660.3</ele>
        <time>2026-04-07T06:28:02.000Z</time>
        <extensions>
          <gpxtpx:TrackPointExtension>
            <gpxtpx:hr>130</gpxtpx:hr>
            <gpxtpx:cad>78</gpxtpx:cad>
            <gpxtpx:atemp>301.65</gpxtpx:atemp>
          </gpxtpx:TrackPointExtension>
        </extensions>
      </trkpt>
      <trkpt lat="30.625711" lon="34.668142">
        <ele>660.9</ele>
        <time>2026-04-07T06:28:13.000Z</time>
        <extensions>
          <gpxtpx:TrackPointExtension>
            <gpxtpx:hr>134</gpxtpx:hr>
            <gpxtpx:cad>78</gpxtpx:cad>
            <gpxtpx:atemp>302.65</gpxtpx:atemp>
          </gpxtpx:TrackPointExtension>
        </extensions>
      </trkpt>
      <trkpt lat="30.625613" lon="34.668353">
        <ele>661.6</ele>
        <time>2026-04-07T06:28:23.000Z</time>
        <extensions>
          <gpxtpx:TrackPointExtension>
            <gpxtpx:hr>136</gpxtpx:hr>
            <gpxtpx:cad>79</gpxtpx:cad>
            <gpxtpx:atemp>302.65</gpxtpx:atemp>
          </gpxtpx:TrackPointExtension>
        </extensions>
      </trkpt>
      <trkpt lat="30.625569" lon="34.668413">
        <ele>661.7</ele>
        <time>2026-04-07T06:28:26.000Z</time>
        <extensions>
          <gpxtpx:TrackPointExtension>
            <gpxtpx:hr>138</gpxtpx:hr>
            <gpxtpx:cad>79</gpxtpx:cad>
            <gpxtpx:atemp>302.65</gpxtpx:atemp>
          </gpxtpx:TrackPointExtension>
        </extensions>
      </trkpt>
      <trkpt lat="30.625478" lon="34.668512">
        <ele>661.9</ele>
        <time>2026-04-07T06:28:32.000Z</time>
        <extensions>
          <gpxtpx:TrackPointExtension>
            <gpxtpx:hr>142</gpxtpx:hr>
            <gpxtpx:cad>79</gpxtpx:cad>
            <gpxtpx:atemp>302.65</gpxtpx:atemp>
          </gpxtpx:TrackPointExtension>
        </extensions>
      </trkpt>
      <trkpt lat="30.625415" lon="34.668571">
        <ele>662.1</ele>
        <time>2026-04-07T06:28:36.000Z</time>
        <extensions>
          <gpxtpx:TrackPointExtension>
            <gpxtpx:hr>143</gpxtpx:hr>
            <gpxtpx:cad>79</gpxtpx:cad>
            <gpxtpx:atemp>302.65</gpxtpx:atemp>
          </gpxtpx:TrackPointExtension>
        </extensions>
      </trkpt>
      <trkpt lat="30.625339" lon="34.668596">
        <ele>662.1</ele>
        <time>2026-04-07T06:28:40.000Z</time>
        <extensions>
          <gpxtpx:TrackPointExtension>
            <gpxtpx:hr>143</gpxtpx:hr>
            <gpxtpx:cad>78</gpxtpx:cad>
            <gpxtpx:atemp>301.65</gpxtpx:atemp>
          </gpxtpx:TrackPointExtension>
        </extensions>
      </trkpt>
      <trkpt lat="30.625189" lon="34.668703">
        <ele>662.7</ele>
        <time>2026-04-07T06:28:48.000Z</time>
        <extensions>
          <gpxtpx:TrackPointExtension>
            <gpxtpx:hr>145</gpxtpx:hr>
            <gpxtpx:cad>78</gpxtpx:cad>
            <gpxtpx:atemp>301.65</gpxtpx:atemp>
          </gpxtpx:TrackPointExtension>
        </extensions>
      </trkpt>
      <trkpt lat="30.625050" lon="34.668862">
        <ele>664.5</ele>
        <time>2026-04-07T06:29:03.000Z</time>
        <extensions>
          <gpxtpx:TrackPointExtension>
            <gpxtpx:hr>146</gpxtpx:hr>
            <gpxtpx:cad>60</gpxtpx:cad>
            <gpxtpx:atemp>301.65</gpxtpx:atemp>
          </gpxtpx:TrackPointExtension>
        </extensions>
      </trkpt>
      <trkpt lat="30.624946" lon="34.669013">
        <ele>666.1</ele>
        <time>2026-04-07T06:29:16.000Z</time>
        <extensions>
          <gpxtpx:TrackPointExtension>
            <gpxtpx:hr>144</gpxtpx:hr>
            <gpxtpx:cad>57</gpxtpx:cad>
            <gpxtpx:atemp>302.65</gpxtpx:atemp>
          </gpxtpx:TrackPointExtension>
        </extensions>
      </trkpt>
      <trkpt lat="30.624953" lon="34.669101">
        <ele>667.5</ele>
        <time>2026-04-07T06:29:26.000Z</time>
        <extensions>
          <gpxtpx:TrackPointExtension>
            <gpxtpx:hr>140</gpxtpx:hr>
            <gpxtpx:cad>0</gpxtpx:cad>
            <gpxtpx:atemp>302.65</gpxtpx:atemp>
          </gpxtpx:TrackPointExtension>
        </extensions>
      </trkpt>
      <trkpt lat="30.624904" lon="34.669231">
        <ele>669.2</ele>
        <time>2026-04-07T06:29:34.000Z</time>
        <extensions>
          <gpxtpx:TrackPointExtension>
            <gpxtpx:hr>140</gpxtpx:hr>
            <gpxtpx:cad>75</gpxtpx:cad>
            <gpxtpx:atemp>302.65</gpxtpx:atemp>
          </gpxtpx:TrackPointExtension>
        </extensions>
      </trkpt>
      <trkpt lat="30.624900" lon="34.669323">
        <ele>670.6</ele>
        <time>2026-04-07T06:29:40.000Z</time>
        <extensions>
          <gpxtpx:TrackPointExtension>
            <gpxtpx:hr>141</gpxtpx:hr>
            <gpxtpx:cad>0</gpxtpx:cad>
            <gpxtpx:atemp>302.65</gpxtpx:atemp>
          </gpxtpx:TrackPointExtension>
        </extensions>
      </trkpt>
      <trkpt lat="30.624861" lon="34.669416">
        <ele>672.0</ele>
        <time>2026-04-07T06:29:47.000Z</time>
        <extensions>
          <gpxtpx:TrackPointExtension>
            <gpxtpx:hr>140</gpxtpx:hr>
            <gpxtpx:cad>54</gpxtpx:cad>
            <gpxtpx:atemp>302.65</gpxtpx:atemp>
          </gpxtpx:TrackPointExtension>
        </extensions>
      </trkpt>
      <trkpt lat="30.624816" lon="34.669467">
        <ele>672.6</ele>
        <time>2026-04-07T06:29:53.000Z</time>
        <extensions>
          <gpxtpx:TrackPointExtension>
            <gpxtpx:hr>138</gpxtpx:hr>
            <gpxtpx:cad>53</gpxtpx:cad>
            <gpxtpx:atemp>302.65</gpxtpx:atemp>
          </gpxtpx:TrackPointExtension>
        </extensions>
      </trkpt>
      <trkpt lat="30.624784" lon="34.669525">
        <ele>673.4</ele>
        <time>2026-04-07T06:29:58.000Z</time>
        <extensions>
          <gpxtpx:TrackPointExtension>
            <gpxtpx:hr>138</gpxtpx:hr>
            <gpxtpx:cad>53</gpxtpx:cad>
            <gpxtpx:atemp>302.65</gpxtpx:atemp>
          </gpxtpx:TrackPointExtension>
        </extensions>
      </trkpt>
      <trkpt lat="30.624754" lon="34.669560">
        <ele>673.8</ele>
        <time>2026-04-07T06:30:01.000Z</time>
        <extensions>
          <gpxtpx:TrackPointExtension>
            <gpxtpx:hr>139</gpxtpx:hr>
            <gpxtpx:cad>70</gpxtpx:cad>
            <gpxtpx:atemp>302.65</gpxtpx:atemp>
          </gpxtpx:TrackPointExtension>
        </extensions>
      </trkpt>
      <trkpt lat="30.624656" lon="34.669621">
        <ele>674.1</ele>
        <time>2026-04-07T06:30:10.000Z</time>
        <extensions>
          <gpxtpx:TrackPointExtension>
            <gpxtpx:hr>138</gpxtpx:hr>
            <gpxtpx:cad>55</gpxtpx:cad>
            <gpxtpx:atemp>302.65</gpxtpx:atemp>
          </gpxtpx:TrackPointExtension>
        </extensions>
      </trkpt>
      <trkpt lat="30.624598" lon="34.669704">
        <ele>674.9</ele>
        <time>2026-04-07T06:30:17.000Z</time>
        <extensions>
          <gpxtpx:TrackPointExtension>
            <gpxtpx:hr>136</gpxtpx:hr>
            <gpxtpx:cad>53</gpxtpx:cad>
            <gpxtpx:atemp>302.65</gpxtpx:atemp>
          </gpxtpx:TrackPointExtension>
        </extensions>
      </trkpt>
      <trkpt lat="30.624566" lon="34.669875">
        <ele>677.0</ele>
        <time>2026-04-07T06:30:28.000Z</time>
        <extensions>
          <gpxtpx:TrackPointExtension>
            <gpxtpx:hr>133</gpxtpx:hr>
            <gpxtpx:cad>0</gpxtpx:cad>
            <gpxtpx:atemp>302.65</gpxtpx:atemp>
          </gpxtpx:TrackPointExtension>
        </extensions>
      </trkpt>
      <trkpt lat="30.624526" lon="34.670063">
        <ele>678.6</ele>
        <time>2026-04-07T06:30:46.000Z</time>
        <extensions>
          <gpxtpx:TrackPointExtension>
            <gpxtpx:hr>124</gpxtpx:hr>
            <gpxtpx:cad>49</gpxtpx:cad>
            <gpxtpx:atemp>302.65</gpxtpx:atemp>
          </gpxtpx:TrackPointExtension>
        </extensions>
      </trkpt>
      <trkpt lat="30.624474" lon="34.670142">
        <ele>678.8</ele>
        <time>2026-04-07T06:30:52.000Z</time>
        <extensions>
          <gpxtpx:TrackPointExtension>
            <gpxtpx:hr>126</gpxtpx:hr>
            <gpxtpx:cad>0</gpxtpx:cad>
            <gpxtpx:atemp>302.65</gpxtpx:atemp>
          </gpxtpx:TrackPointExtension>
        </extensions>
      </trkpt>
      <trkpt lat="30.624451" lon="34.670188">
        <ele>679.0</ele>
        <time>2026-04-07T06:30:55.000Z</time>
        <extensions>
          <gpxtpx:TrackPointExtension>
            <gpxtpx:hr>126</gpxtpx:hr>
            <gpxtpx:cad>0</gpxtpx:cad>
            <gpxtpx:atemp>302.65</gpxtpx:atemp>
          </gpxtpx:TrackPointExtension>
        </extensions>
      </trkpt>
      <trkpt lat="30.624411" lon="34.670230">
        <ele>678.9</ele>
        <time>2026-04-07T06:30:58.000Z</time>
        <extensions>
          <gpxtpx:TrackPointExtension>
            <gpxtpx:hr>126</gpxtpx:hr>
            <gpxtpx:cad>73</gpxtpx:cad>
            <gpxtpx:atemp>302.65</gpxtpx:atemp>
          </gpxtpx:TrackPointExtension>
        </extensions>
      </trkpt>
      <trkpt lat="30.624370" lon="34.670385">
        <ele>679.7</ele>
        <time>2026-04-07T06:31:06.000Z</time>
        <extensions>
          <gpxtpx:TrackPointExtension>
            <gpxtpx:hr>131</gpxtpx:hr>
            <gpxtpx:cad>79</gpxtpx:cad>
            <gpxtpx:atemp>302.65</gpxtpx:atemp>
          </gpxtpx:TrackPointExtension>
        </extensions>
      </trkpt>
      <trkpt lat="30.624350" lon="34.670438">
        <ele>679.8</ele>
        <time>2026-04-07T06:31:09.000Z</time>
        <extensions>
          <gpxtpx:TrackPointExtension>
            <gpxtpx:hr>132</gpxtpx:hr>
            <gpxtpx:cad>76</gpxtpx:cad>
            <gpxtpx:atemp>302.65</gpxtpx:atemp>
          </gpxtpx:TrackPointExtension>
        </extensions>
      </trkpt>
      <trkpt lat="30.624198" lon="34.670577">
        <ele>678.6</ele>
        <time>2026-04-07T06:31:20.000Z</time>
        <extensions>
          <gpxtpx:TrackPointExtension>
            <gpxtpx:hr>134</gpxtpx:hr>
            <gpxtpx:cad>76</gpxtpx:cad>
            <gpxtpx:atemp>302.65</gpxtpx:atemp>
          </gpxtpx:TrackPointExtension>
        </extensions>
      </trkpt>
      <trkpt lat="30.624133" lon="34.670664">
        <ele>678.3</ele>
        <time>2026-04-07T06:31:25.000Z</time>
        <extensions>
          <gpxtpx:TrackPointExtension>
            <gpxtpx:hr>138</gpxtpx:hr>
            <gpxtpx:cad>77</gpxtpx:cad>
            <gpxtpx:atemp>302.65</gpxtpx:atemp>
          </gpxtpx:TrackPointExtension>
        </extensions>
      </trkpt>
      <trkpt lat="30.624076" lon="34.670754">
        <ele>678.3</ele>
        <time>2026-04-07T06:31:30.000Z</time>
        <extensions>
          <gpxtpx:TrackPointExtension>
            <gpxtpx:hr>140</gpxtpx:hr>
            <gpxtpx:cad>76</gpxtpx:cad>
            <gpxtpx:atemp>302.65</gpxtpx:atemp>
          </gpxtpx:TrackPointExtension>
        </extensions>
      </trkpt>
      <trkpt lat="30.624041" lon="34.670784">
        <ele>678.1</ele>
        <time>2026-04-07T06:31:32.000Z</time>
        <extensions>
          <gpxtpx:TrackPointExtension>
            <gpxtpx:hr>140</gpxtpx:hr>
            <gpxtpx:cad>76</gpxtpx:cad>
            <gpxtpx:atemp>302.65</gpxtpx:atemp>
          </gpxtpx:TrackPointExtension>
        </extensions>
      </trkpt>
      <trkpt lat="30.623984" lon="34.670859">
        <ele>678.3</ele>
        <time>2026-04-07T06:31:37.000Z</time>
        <extensions>
          <gpxtpx:TrackPointExtension>
            <gpxtpx:hr>139</gpxtpx:hr>
            <gpxtpx:cad>77</gpxtpx:cad>
            <gpxtpx:atemp>302.65</gpxtpx:atemp>
          </gpxtpx:TrackPointExtension>
        </extensions>
      </trkpt>
      <trkpt lat="30.623951" lon="34.670942">
        <ele>678.8</ele>
        <time>2026-04-07T06:31:41.000Z</time>
        <extensions>
          <gpxtpx:TrackPointExtension>
            <gpxtpx:hr>140</gpxtpx:hr>
            <gpxtpx:cad>77</gpxtpx:cad>
            <gpxtpx:atemp>302.65</gpxtpx:atemp>
          </gpxtpx:TrackPointExtension>
        </extensions>
      </trkpt>
      <trkpt lat="30.623921" lon="34.670970">
        <ele>678.8</ele>
        <time>2026-04-07T06:31:43.000Z</time>
        <extensions>
          <gpxtpx:TrackPointExtension>
            <gpxtpx:hr>141</gpxtpx:hr>
            <gpxtpx:cad>78</gpxtpx:cad>
            <gpxtpx:atemp>302.65</gpxtpx:atemp>
          </gpxtpx:TrackPointExtension>
        </extensions>
      </trkpt>
      <trkpt lat="30.623843" lon="34.671073">
        <ele>679.7</ele>
        <time>2026-04-07T06:31:52.000Z</time>
        <extensions>
          <gpxtpx:TrackPointExtension>
            <gpxtpx:hr>143</gpxtpx:hr>
            <gpxtpx:cad>75</gpxtpx:cad>
            <gpxtpx:atemp>302.65</gpxtpx:atemp>
          </gpxtpx:TrackPointExtension>
        </extensions>
      </trkpt>
      <trkpt lat="30.623808" lon="34.671086">
        <ele>679.6</ele>
        <time>2026-04-07T06:31:55.000Z</time>
        <extensions>
          <gpxtpx:TrackPointExtension>
            <gpxtpx:hr>144</gpxtpx:hr>
            <gpxtpx:cad>75</gpxtpx:cad>
            <gpxtpx:atemp>302.65</gpxtpx:atemp>
          </gpxtpx:TrackPointExtension>
        </extensions>
      </trkpt>
      <trkpt lat="30.623701" lon="34.671142">
        <ele>679.9</ele>
        <time>2026-04-07T06:32:08.000Z</time>
        <extensions>
          <gpxtpx:TrackPointExtension>
            <gpxtpx:hr>143</gpxtpx:hr>
            <gpxtpx:cad>0</gpxtpx:cad>
            <gpxtpx:atemp>301.65</gpxtpx:atemp>
          </gpxtpx:TrackPointExtension>
        </extensions>
      </trkpt>
      <trkpt lat="30.623593" lon="34.671271">
        <ele>682.0</ele>
        <time>2026-04-07T06:32:29.000Z</time>
        <extensions>
          <gpxtpx:TrackPointExtension>
            <gpxtpx:hr>129</gpxtpx:hr>
            <gpxtpx:cad>51</gpxtpx:cad>
            <gpxtpx:atemp>302.65</gpxtpx:atemp>
          </gpxtpx:TrackPointExtension>
        </extensions>
      </trkpt>
      <trkpt lat="30.623542" lon="34.671315">
        <ele>682.9</ele>
        <time>2026-04-07T06:32:34.000Z</time>
        <extensions>
          <gpxtpx:TrackPointExtension>
            <gpxtpx:hr>127</gpxtpx:hr>
            <gpxtpx:cad>0</gpxtpx:cad>
            <gpxtpx:atemp>302.65</gpxtpx:atemp>
          </gpxtpx:TrackPointExtension>
        </extensions>
      </trkpt>
      <trkpt lat="30.623392" lon="34.671380">
        <ele>683.9</ele>
        <time>2026-04-07T06:32:46.000Z</time>
        <extensions>
          <gpxtpx:TrackPointExtension>
            <gpxtpx:hr>123</gpxtpx:hr>
            <gpxtpx:cad>72</gpxtpx:cad>
            <gpxtpx:atemp>302.65</gpxtpx:atemp>
          </gpxtpx:TrackPointExtension>
        </extensions>
      </trkpt>
      <trkpt lat="30.623294" lon="34.671373">
        <ele>683.2</ele>
        <time>2026-04-07T06:32:52.000Z</time>
        <extensions>
          <gpxtpx:TrackPointExtension>
            <gpxtpx:hr>121</gpxtpx:hr>
            <gpxtpx:cad>0</gpxtpx:cad>
            <gpxtpx:atemp>302.65</gpxtpx:atemp>
          </gpxtpx:TrackPointExtension>
        </extensions>
      </trkpt>
      <trkpt lat="30.623135" lon="34.671408">
        <ele>683.1</ele>
        <time>2026-04-07T06:33:00.000Z</time>
        <extensions>
          <gpxtpx:TrackPointExtension>
            <gpxtpx:hr>121</gpxtpx:hr>
            <gpxtpx:cad>76</gpxtpx:cad>
            <gpxtpx:atemp>301.65</gpxtpx:atemp>
          </gpxtpx:TrackPointExtension>
        </extensions>
      </trkpt>
      <trkpt lat="30.623083" lon="34.671414">
        <ele>682.9</ele>
        <time>2026-04-07T06:33:04.000Z</time>
        <extensions>
          <gpxtpx:TrackPointExtension>
            <gpxtpx:hr>124</gpxtpx:hr>
            <gpxtpx:cad>76</gpxtpx:cad>
            <gpxtpx:atemp>301.65</gpxtpx:atemp>
          </gpxtpx:TrackPointExtension>
        </extensions>
      </trkpt>
      <trkpt lat="30.623010" lon="34.671401">
        <ele>682.2</ele>
        <time>2026-04-07T06:33:08.000Z</time>
        <extensions>
          <gpxtpx:TrackPointExtension>
            <gpxtpx:hr>126</gpxtpx:hr>
            <gpxtpx:cad>75</gpxtpx:cad>
            <gpxtpx:atemp>301.65</gpxtpx:atemp>
          </gpxtpx:TrackPointExtension>
        </extensions>
      </trkpt>
      <trkpt lat="30.622890" lon="34.671399">
        <ele>681.5</ele>
        <time>2026-04-07T06:33:20.000Z</time>
        <extensions>
          <gpxtpx:TrackPointExtension>
            <gpxtpx:hr>129</gpxtpx:hr>
            <gpxtpx:cad>57</gpxtpx:cad>
            <gpxtpx:atemp>301.65</gpxtpx:atemp>
          </gpxtpx:TrackPointExtension>
        </extensions>
      </trkpt>
      <trkpt lat="30.622837" lon="34.671340">
        <ele>680.2</ele>
        <time>2026-04-07T06:33:24.000Z</time>
        <extensions>
          <gpxtpx:TrackPointExtension>
            <gpxtpx:hr>128</gpxtpx:hr>
            <gpxtpx:cad>77</gpxtpx:cad>
            <gpxtpx:atemp>301.65</gpxtpx:atemp>
          </gpxtpx:TrackPointExtension>
        </extensions>
      </trkpt>
      <trkpt lat="30.622773" lon="34.671294">
        <ele>679.2</ele>
        <time>2026-04-07T06:33:29.000Z</time>
        <extensions>
          <gpxtpx:TrackPointExtension>
            <gpxtpx:hr>130</gpxtpx:hr>
            <gpxtpx:cad>67</gpxtpx:cad>
            <gpxtpx:atemp>301.65</gpxtpx:atemp>
          </gpxtpx:TrackPointExtension>
        </extensions>
      </trkpt>
      <trkpt lat="30.622651" lon="34.671281">
        <ele>678.5</ele>
        <time>2026-04-07T06:33:40.000Z</time>
        <extensions>
          <gpxtpx:TrackPointExtension>
            <gpxtpx:hr>130</gpxtpx:hr>
            <gpxtpx:cad>0</gpxtpx:cad>
            <gpxtpx:atemp>301.65</gpxtpx:atemp>
          </gpxtpx:TrackPointExtension>
        </extensions>
      </trkpt>
      <trkpt lat="30.622473" lon="34.671328">
        <ele>678.4</ele>
        <time>2026-04-07T06:33:51.000Z</time>
        <extensions>
          <gpxtpx:TrackPointExtension>
            <gpxtpx:hr>131</gpxtpx:hr>
            <gpxtpx:cad>73</gpxtpx:cad>
            <gpxtpx:atemp>300.65</gpxtpx:atemp>
          </gpxtpx:TrackPointExtension>
        </extensions>
      </trkpt>
      <trkpt lat="30.622408" lon="34.671311">
        <ele>677.9</ele>
        <time>2026-04-07T06:33:55.000Z</time>
        <extensions>
          <gpxtpx:TrackPointExtension>
            <gpxtpx:hr>136</gpxtpx:hr>
            <gpxtpx:cad>74</gpxtpx:cad>
            <gpxtpx:atemp>300.65</gpxtpx:atemp>
          </gpxtpx:TrackPointExtension>
        </extensions>
      </trkpt>
      <trkpt lat="30.622355" lon="34.671336">
        <ele>677.9</ele>
        <time>2026-04-07T06:33:58.000Z</time>
        <extensions>
          <gpxtpx:TrackPointExtension>
            <gpxtpx:hr>135</gpxtpx:hr>
            <gpxtpx:cad>75</gpxtpx:cad>
            <gpxtpx:atemp>300.65</gpxtpx:atemp>
          </gpxtpx:TrackPointExtension>
        </extensions>
      </trkpt>
      <trkpt lat="30.622309" lon="34.671398">
        <ele>678.3</ele>
        <time>2026-04-07T06:34:05.000Z</time>
        <extensions>
          <gpxtpx:TrackPointExtension>
            <gpxtpx:hr>136</gpxtpx:hr>
            <gpxtpx:cad>53</gpxtpx:cad>
            <gpxtpx:atemp>300.65</gpxtpx:atemp>
          </gpxtpx:TrackPointExtension>
        </extensions>
      </trkpt>
      <trkpt lat="30.622233" lon="34.671417">
        <ele>678.1</ele>
        <time>2026-04-07T06:34:13.000Z</time>
        <extensions>
          <gpxtpx:TrackPointExtension>
            <gpxtpx:hr>136</gpxtpx:hr>
            <gpxtpx:cad>0</gpxtpx:cad>
            <gpxtpx:atemp>301.65</gpxtpx:atemp>
          </gpxtpx:TrackPointExtension>
        </extensions>
      </trkpt>
      <trkpt lat="30.622117" lon="34.671504">
        <ele>678.1</ele>
        <time>2026-04-07T06:34:24.000Z</time>
        <extensions>
          <gpxtpx:TrackPointExtension>
            <gpxtpx:hr>136</gpxtpx:hr>
            <gpxtpx:cad>0</gpxtpx:cad>
            <gpxtpx:atemp>301.65</gpxtpx:atemp>
          </gpxtpx:TrackPointExtension>
        </extensions>
      </trkpt>
      <trkpt lat="30.622006" lon="34.671566">
        <ele>677.9</ele>
        <time>2026-04-07T06:34:37.000Z</time>
        <extensions>
          <gpxtpx:TrackPointExtension>
            <gpxtpx:hr>136</gpxtpx:hr>
            <gpxtpx:cad>43</gpxtpx:cad>
            <gpxtpx:atemp>301.65</gpxtpx:atemp>
          </gpxtpx:TrackPointExtension>
        </extensions>
      </trkpt>
      <trkpt lat="30.621945" lon="34.671634">
        <ele>678.3</ele>
        <time>2026-04-07T06:34:52.000Z</time>
        <extensions>
          <gpxtpx:TrackPointExtension>
            <gpxtpx:hr>128</gpxtpx:hr>
            <gpxtpx:cad>52</gpxtpx:cad>
            <gpxtpx:atemp>301.65</gpxtpx:atemp>
          </gpxtpx:TrackPointExtension>
        </extensions>
      </trkpt>
      <trkpt lat="30.621866" lon="34.671657">
        <ele>678.2</ele>
        <time>2026-04-07T06:35:00.000Z</time>
        <extensions>
          <gpxtpx:TrackPointExtension>
            <gpxtpx:hr>126</gpxtpx:hr>
            <gpxtpx:cad>52</gpxtpx:cad>
            <gpxtpx:atemp>301.65</gpxtpx:atemp>
          </gpxtpx:TrackPointExtension>
        </extensions>
      </trkpt>
      <trkpt lat="30.621806" lon="34.671689">
        <ele>678.3</ele>
        <time>2026-04-07T06:35:04.000Z</time>
        <extensions>
          <gpxtpx:TrackPointExtension>
            <gpxtpx:hr>125</gpxtpx:hr>
            <gpxtpx:cad>53</gpxtpx:cad>
            <gpxtpx:atemp>301.65</gpxtpx:atemp>
          </gpxtpx:TrackPointExtension>
        </extensions>
      </trkpt>
      <trkpt lat="30.621702" lon="34.671793">
        <ele>679.4</ele>
        <time>2026-04-07T06:35:12.000Z</time>
        <extensions>
          <gpxtpx:TrackPointExtension>
            <gpxtpx:hr>120</gpxtpx:hr>
            <gpxtpx:cad>74</gpxtpx:cad>
            <gpxtpx:atemp>301.65</gpxtpx:atemp>
          </gpxtpx:TrackPointExtension>
        </extensions>
      </trkpt>
      <trkpt lat="30.621587" lon="34.671929">
        <ele>681.4</ele>
        <time>2026-04-07T06:35:22.000Z</time>
        <extensions>
          <gpxtpx:TrackPointExtension>
            <gpxtpx:hr>118</gpxtpx:hr>
            <gpxtpx:cad>76</gpxtpx:cad>
            <gpxtpx:atemp>301.65</gpxtpx:atemp>
          </gpxtpx:TrackPointExtension>
        </extensions>
      </trkpt>
      <trkpt lat="30.621532" lon="34.671946">
        <ele>681.5</ele>
        <time>2026-04-07T06:35:25.000Z</time>
        <extensions>
          <gpxtpx:TrackPointExtension>
            <gpxtpx:hr>118</gpxtpx:hr>
            <gpxtpx:cad>74</gpxtpx:cad>
            <gpxtpx:atemp>301.65</gpxtpx:atemp>
          </gpxtpx:TrackPointExtension>
        </extensions>
      </trkpt>
      <trkpt lat="30.621435" lon="34.672001">
        <ele>682.2</ele>
        <time>2026-04-07T06:35:31.000Z</time>
        <extensions>
          <gpxtpx:TrackPointExtension>
            <gpxtpx:hr>122</gpxtpx:hr>
            <gpxtpx:cad>74</gpxtpx:cad>
            <gpxtpx:atemp>301.65</gpxtpx:atemp>
          </gpxtpx:TrackPointExtension>
        </extensions>
      </trkpt>
      <trkpt lat="30.621389" lon="34.672046">
        <ele>682.8</ele>
        <time>2026-04-07T06:35:34.000Z</time>
        <extensions>
          <gpxtpx:TrackPointExtension>
            <gpxtpx:hr>125</gpxtpx:hr>
            <gpxtpx:cad>74</gpxtpx:cad>
            <gpxtpx:atemp>301.65</gpxtpx:atemp>
          </gpxtpx:TrackPointExtension>
        </extensions>
      </trkpt>
      <trkpt lat="30.621367" lon="34.672084">
        <ele>683.4</ele>
        <time>2026-04-07T06:35:38.000Z</time>
        <extensions>
          <gpxtpx:TrackPointExtension>
            <gpxtpx:hr>126</gpxtpx:hr>
            <gpxtpx:cad>76</gpxtpx:cad>
            <gpxtpx:atemp>301.65</gpxtpx:atemp>
          </gpxtpx:TrackPointExtension>
        </extensions>
      </trkpt>
      <trkpt lat="30.621236" lon="34.672197">
        <ele>685.4</ele>
        <time>2026-04-07T06:35:55.000Z</time>
        <extensions>
          <gpxtpx:TrackPointExtension>
            <gpxtpx:hr>126</gpxtpx:hr>
            <gpxtpx:cad>0</gpxtpx:cad>
            <gpxtpx:atemp>301.65</gpxtpx:atemp>
          </gpxtpx:TrackPointExtension>
        </extensions>
      </trkpt>
      <trkpt lat="30.621081" lon="34.672259">
        <ele>685.6</ele>
        <time>2026-04-07T06:36:05.000Z</time>
        <extensions>
          <gpxtpx:TrackPointExtension>
            <gpxtpx:hr>129</gpxtpx:hr>
            <gpxtpx:cad>74</gpxtpx:cad>
            <gpxtpx:atemp>301.65</gpxtpx:atemp>
          </gpxtpx:TrackPointExtension>
        </extensions>
      </trkpt>
      <trkpt lat="30.621020" lon="34.672294">
        <ele>685.9</ele>
        <time>2026-04-07T06:36:09.000Z</time>
        <extensions>
          <gpxtpx:TrackPointExtension>
            <gpxtpx:hr>129</gpxtpx:hr>
            <gpxtpx:cad>72</gpxtpx:cad>
            <gpxtpx:atemp>300.65</gpxtpx:atemp>
          </gpxtpx:TrackPointExtension>
        </extensions>
      </trkpt>
      <trkpt lat="30.620889" lon="34.672306">
        <ele>685.3</ele>
        <time>2026-04-07T06:36:18.000Z</time>
        <extensions>
          <gpxtpx:TrackPointExtension>
            <gpxtpx:hr>131</gpxtpx:hr>
            <gpxtpx:cad>72</gpxtpx:cad>
            <gpxtpx:atemp>300.65</gpxtpx:atemp>
          </gpxtpx:TrackPointExtension>
        </extensions>
      </trkpt>
      <trkpt lat="30.620755" lon="34.672409">
        <ele>686.5</ele>
        <time>2026-04-07T06:36:31.000Z</time>
        <extensions>
          <gpxtpx:TrackPointExtension>
            <gpxtpx:hr>134</gpxtpx:hr>
            <gpxtpx:cad>51</gpxtpx:cad>
            <gpxtpx:atemp>300.65</gpxtpx:atemp>
          </gpxtpx:TrackPointExtension>
        </extensions>
      </trkpt>
      <trkpt lat="30.620618" lon="34.672568">
        <ele>688.5</ele>
        <time>2026-04-07T06:36:46.000Z</time>
        <extensions>
          <gpxtpx:TrackPointExtension>
            <gpxtpx:hr>137</gpxtpx:hr>
            <gpxtpx:cad>57</gpxtpx:cad>
            <gpxtpx:atemp>300.65</gpxtpx:atemp>
          </gpxtpx:TrackPointExtension>
        </extensions>
      </trkpt>
      <trkpt lat="30.620564" lon="34.672634">
        <ele>689.0</ele>
        <time>2026-04-07T06:36:53.000Z</time>
        <extensions>
          <gpxtpx:TrackPointExtension>
            <gpxtpx:hr>137</gpxtpx:hr>
            <gpxtpx:cad>55</gpxtpx:cad>
            <gpxtpx:atemp>300.65</gpxtpx:atemp>
          </gpxtpx:TrackPointExtension>
        </extensions>
      </trkpt>
      <trkpt lat="30.620532" lon="34.672703">
        <ele>689.7</ele>
        <time>2026-04-07T06:36:58.000Z</time>
        <extensions>
          <gpxtpx:TrackPointExtension>
            <gpxtpx:hr>132</gpxtpx:hr>
            <gpxtpx:cad>55</gpxtpx:cad>
            <gpxtpx:atemp>301.65</gpxtpx:atemp>
          </gpxtpx:TrackPointExtension>
        </extensions>
      </trkpt>
      <trkpt lat="30.620525" lon="34.672857">
        <ele>692.0</ele>
        <time>2026-04-07T06:37:10.000Z</time>
        <extensions>
          <gpxtpx:TrackPointExtension>
            <gpxtpx:hr>123</gpxtpx:hr>
            <gpxtpx:cad>53</gpxtpx:cad>
            <gpxtpx:atemp>301.65</gpxtpx:atemp>
          </gpxtpx:TrackPointExtension>
        </extensions>
      </trkpt>
      <trkpt lat="30.620483" lon="34.672910">
        <ele>692.1</ele>
        <time>2026-04-07T06:37:14.000Z</time>
        <extensions>
          <gpxtpx:TrackPointExtension>
            <gpxtpx:hr>124</gpxtpx:hr>
            <gpxtpx:cad>64</gpxtpx:cad>
            <gpxtpx:atemp>301.65</gpxtpx:atemp>
          </gpxtpx:TrackPointExtension>
        </extensions>
      </trkpt>
      <trkpt lat="30.620441" lon="34.673035">
        <ele>693.2</ele>
        <time>2026-04-07T06:37:22.000Z</time>
        <extensions>
          <gpxtpx:TrackPointExtension>
            <gpxtpx:hr>126</gpxtpx:hr>
            <gpxtpx:cad>74</gpxtpx:cad>
            <gpxtpx:atemp>301.65</gpxtpx:atemp>
          </gpxtpx:TrackPointExtension>
        </extensions>
      </trkpt>
      <trkpt lat="30.620371" lon="34.673169">
        <ele>693.8</ele>
        <time>2026-04-07T06:37:33.000Z</time>
        <extensions>
          <gpxtpx:TrackPointExtension>
            <gpxtpx:hr>127</gpxtpx:hr>
            <gpxtpx:cad>56</gpxtpx:cad>
            <gpxtpx:atemp>301.65</gpxtpx:atemp>
          </gpxtpx:TrackPointExtension>
        </extensions>
      </trkpt>
      <trkpt lat="30.620293" lon="34.673301">
        <ele>694.5</ele>
        <time>2026-04-07T06:37:45.000Z</time>
        <extensions>
          <gpxtpx:TrackPointExtension>
            <gpxtpx:hr>124</gpxtpx:hr>
            <gpxtpx:cad>59</gpxtpx:cad>
            <gpxtpx:atemp>301.65</gpxtpx:atemp>
          </gpxtpx:TrackPointExtension>
        </extensions>
      </trkpt>
      <trkpt lat="30.620276" lon="34.673368">
        <ele>695.3</ele>
        <time>2026-04-07T06:37:50.000Z</time>
        <extensions>
          <gpxtpx:TrackPointExtension>
            <gpxtpx:hr>122</gpxtpx:hr>
            <gpxtpx:cad>57</gpxtpx:cad>
            <gpxtpx:atemp>301.65</gpxtpx:atemp>
          </gpxtpx:TrackPointExtension>
        </extensions>
      </trkpt>
      <trkpt lat="30.620243" lon="34.673422">
        <ele>695.5</ele>
        <time>2026-04-07T06:37:55.000Z</time>
        <extensions>
          <gpxtpx:TrackPointExtension>
            <gpxtpx:hr>121</gpxtpx:hr>
            <gpxtpx:cad>0</gpxtpx:cad>
            <gpxtpx:atemp>301.65</gpxtpx:atemp>
          </gpxtpx:TrackPointExtension>
        </extensions>
      </trkpt>
      <trkpt lat="30.620213" lon="34.673608">
        <ele>697.3</ele>
        <time>2026-04-07T06:38:09.000Z</time>
        <extensions>
          <gpxtpx:TrackPointExtension>
            <gpxtpx:hr>114</gpxtpx:hr>
            <gpxtpx:cad>0</gpxtpx:cad>
            <gpxtpx:atemp>302.65</gpxtpx:atemp>
          </gpxtpx:TrackPointExtension>
        </extensions>
      </trkpt>
      <trkpt lat="30.620219" lon="34.673648">
        <ele>698.0</ele>
        <time>2026-04-07T06:38:12.000Z</time>
        <extensions>
          <gpxtpx:TrackPointExtension>
            <gpxtpx:hr>113</gpxtpx:hr>
            <gpxtpx:cad>0</gpxtpx:cad>
            <gpxtpx:atemp>302.65</gpxtpx:atemp>
          </gpxtpx:TrackPointExtension>
        </extensions>
      </trkpt>
      <trkpt lat="30.620201" lon="34.673839">
        <ele>699.9</ele>
        <time>2026-04-07T06:38:24.000Z</time>
        <extensions>
          <gpxtpx:TrackPointExtension>
            <gpxtpx:hr>120</gpxtpx:hr>
            <gpxtpx:cad>70</gpxtpx:cad>
            <gpxtpx:atemp>302.65</gpxtpx:atemp>
          </gpxtpx:TrackPointExtension>
        </extensions>
      </trkpt>
      <trkpt lat="30.620172" lon="34.673967">
        <ele>700.5</ele>
        <time>2026-04-07T06:38:32.000Z</time>
        <extensions>
          <gpxtpx:TrackPointExtension>
            <gpxtpx:hr>127</gpxtpx:hr>
            <gpxtpx:cad>71</gpxtpx:cad>
            <gpxtpx:atemp>302.65</gpxtpx:atemp>
          </gpxtpx:TrackPointExtension>
        </extensions>
      </trkpt>
      <trkpt lat="30.620150" lon="34.674025">
        <ele>700.4</ele>
        <time>2026-04-07T06:38:38.000Z</time>
        <extensions>
          <gpxtpx:TrackPointExtension>
            <gpxtpx:hr>129</gpxtpx:hr>
            <gpxtpx:cad>68</gpxtpx:cad>
            <gpxtpx:atemp>302.65</gpxtpx:atemp>
          </gpxtpx:TrackPointExtension>
        </extensions>
      </trkpt>
      <trkpt lat="30.620143" lon="34.674089">
        <ele>701.0</ele>
        <time>2026-04-07T06:38:50.000Z</time>
        <extensions>
          <gpxtpx:TrackPointExtension>
            <gpxtpx:hr>128</gpxtpx:hr>
            <gpxtpx:cad>0</gpxtpx:cad>
            <gpxtpx:atemp>302.65</gpxtpx:atemp>
          </gpxtpx:TrackPointExtension>
        </extensions>
      </trkpt>
      <trkpt lat="30.620127" lon="34.674142">
        <ele>701.4</ele>
        <time>2026-04-07T06:38:54.000Z</time>
        <extensions>
          <gpxtpx:TrackPointExtension>
            <gpxtpx:hr>127</gpxtpx:hr>
            <gpxtpx:cad>40</gpxtpx:cad>
            <gpxtpx:atemp>302.65</gpxtpx:atemp>
          </gpxtpx:TrackPointExtension>
        </extensions>
      </trkpt>
      <trkpt lat="30.620078" lon="34.674231">
        <ele>701.5</ele>
        <time>2026-04-07T06:39:01.000Z</time>
        <extensions>
          <gpxtpx:TrackPointExtension>
            <gpxtpx:hr>127</gpxtpx:hr>
            <gpxtpx:cad>64</gpxtpx:cad>
            <gpxtpx:atemp>302.65</gpxtpx:atemp>
          </gpxtpx:TrackPointExtension>
        </extensions>
      </trkpt>
      <trkpt lat="30.620031" lon="34.674370">
        <ele>702.0</ele>
        <time>2026-04-07T06:39:11.000Z</time>
        <extensions>
          <gpxtpx:TrackPointExtension>
            <gpxtpx:hr>124</gpxtpx:hr>
            <gpxtpx:cad>55</gpxtpx:cad>
            <gpxtpx:atemp>302.65</gpxtpx:atemp>
          </gpxtpx:TrackPointExtension>
        </extensions>
      </trkpt>
      <trkpt lat="30.619984" lon="34.674468">
        <ele>701.8</ele>
        <time>2026-04-07T06:39:17.000Z</time>
        <extensions>
          <gpxtpx:TrackPointExtension>
            <gpxtpx:hr>123</gpxtpx:hr>
            <gpxtpx:cad>72</gpxtpx:cad>
            <gpxtpx:atemp>302.65</gpxtpx:atemp>
          </gpxtpx:TrackPointExtension>
        </extensions>
      </trkpt>
      <trkpt lat="30.619961" lon="34.674575">
        <ele>702.4</ele>
        <time>2026-04-07T06:39:22.000Z</time>
        <extensions>
          <gpxtpx:TrackPointExtension>
            <gpxtpx:hr>123</gpxtpx:hr>
            <gpxtpx:cad>70</gpxtpx:cad>
            <gpxtpx:atemp>302.65</gpxtpx:atemp>
          </gpxtpx:TrackPointExtension>
        </extensions>
      </trkpt>
      <trkpt lat="30.619975" lon="34.674654">
        <ele>703.6</ele>
        <time>2026-04-07T06:39:29.000Z</time>
        <extensions>
          <gpxtpx:TrackPointExtension>
            <gpxtpx:hr>126</gpxtpx:hr>
            <gpxtpx:cad>0</gpxtpx:cad>
            <gpxtpx:atemp>303.65</gpxtpx:atemp>
          </gpxtpx:TrackPointExtension>
        </extensions>
      </trkpt>
      <trkpt lat="30.619979" lon="34.674850">
        <ele>705.7</ele>
        <time>2026-04-07T06:39:41.000Z</time>
        <extensions>
          <gpxtpx:TrackPointExtension>
            <gpxtpx:hr>128</gpxtpx:hr>
            <gpxtpx:cad>68</gpxtpx:cad>
            <gpxtpx:atemp>303.65</gpxtpx:atemp>
          </gpxtpx:TrackPointExtension>
        </extensions>
      </trkpt>
      <trkpt lat="30.619937" lon="34.675065">
        <ele>706.7</ele>
        <time>2026-04-07T06:39:57.000Z</time>
        <extensions>
          <gpxtpx:TrackPointExtension>
            <gpxtpx:hr>139</gpxtpx:hr>
            <gpxtpx:cad>0</gpxtpx:cad>
            <gpxtpx:atemp>303.65</gpxtpx:atemp>
          </gpxtpx:TrackPointExtension>
        </extensions>
      </trkpt>
      <trkpt lat="30.619917" lon="34.675120">
        <ele>706.6</ele>
        <time>2026-04-07T06:40:04.000Z</time>
        <extensions>
          <gpxtpx:TrackPointExtension>
            <gpxtpx:hr>140</gpxtpx:hr>
            <gpxtpx:cad>0</gpxtpx:cad>
            <gpxtpx:atemp>303.65</gpxtpx:atemp>
          </gpxtpx:TrackPointExtension>
        </extensions>
      </trkpt>
      <trkpt lat="30.619861" lon="34.675229">
        <ele>706.3</ele>
        <time>2026-04-07T06:40:13.000Z</time>
        <extensions>
          <gpxtpx:TrackPointExtension>
            <gpxtpx:hr>140</gpxtpx:hr>
            <gpxtpx:cad>53</gpxtpx:cad>
            <gpxtpx:atemp>303.65</gpxtpx:atemp>
          </gpxtpx:TrackPointExtension>
        </extensions>
      </trkpt>
      <trkpt lat="30.619842" lon="34.675284">
        <ele>706.7</ele>
        <time>2026-04-07T06:40:18.000Z</time>
        <extensions>
          <gpxtpx:TrackPointExtension>
            <gpxtpx:hr>141</gpxtpx:hr>
            <gpxtpx:cad>53</gpxtpx:cad>
            <gpxtpx:atemp>303.65</gpxtpx:atemp>
          </gpxtpx:TrackPointExtension>
        </extensions>
      </trkpt>
      <trkpt lat="30.619787" lon="34.675375">
        <ele>706.9</ele>
        <time>2026-04-07T06:40:27.000Z</time>
        <extensions>
          <gpxtpx:TrackPointExtension>
            <gpxtpx:hr>141</gpxtpx:hr>
            <gpxtpx:cad>52</gpxtpx:cad>
            <gpxtpx:atemp>302.65</gpxtpx:atemp>
          </gpxtpx:TrackPointExtension>
        </extensions>
      </trkpt>
      <trkpt lat="30.619754" lon="34.675471">
        <ele>707.3</ele>
        <time>2026-04-07T06:40:35.000Z</time>
        <extensions>
          <gpxtpx:TrackPointExtension>
            <gpxtpx:hr>137</gpxtpx:hr>
            <gpxtpx:cad>52</gpxtpx:cad>
            <gpxtpx:atemp>302.65</gpxtpx:atemp>
          </gpxtpx:TrackPointExtension>
        </extensions>
      </trkpt>
      <trkpt lat="30.619749" lon="34.675527">
        <ele>707.9</ele>
        <time>2026-04-07T06:40:40.000Z</time>
        <extensions>
          <gpxtpx:TrackPointExtension>
            <gpxtpx:hr>135</gpxtpx:hr>
            <gpxtpx:cad>51</gpxtpx:cad>
            <gpxtpx:atemp>302.65</gpxtpx:atemp>
          </gpxtpx:TrackPointExtension>
        </extensions>
      </trkpt>
      <trkpt lat="30.619802" lon="34.675601">
        <ele>709.9</ele>
        <time>2026-04-07T06:41:12.000Z</time>
        <extensions>
          <gpxtpx:TrackPointExtension>
            <gpxtpx:hr>113</gpxtpx:hr>
            <gpxtpx:cad>0</gpxtpx:cad>
            <gpxtpx:atemp>302.65</gpxtpx:atemp>
          </gpxtpx:TrackPointExtension>
        </extensions>
      </trkpt>
      <trkpt lat="30.619820" lon="34.675634">
        <ele>710.6</ele>
        <time>2026-04-07T06:41:25.000Z</time>
        <extensions>
          <gpxtpx:TrackPointExtension>
            <gpxtpx:hr>109</gpxtpx:hr>
            <gpxtpx:cad>0</gpxtpx:cad>
            <gpxtpx:atemp>302.65</gpxtpx:atemp>
          </gpxtpx:TrackPointExtension>
        </extensions>
      </trkpt>
      <trkpt lat="30.619841" lon="34.675708">
        <ele>711.8</ele>
        <time>2026-04-07T06:41:35.000Z</time>
        <extensions>
          <gpxtpx:TrackPointExtension>
            <gpxtpx:hr>107</gpxtpx:hr>
            <gpxtpx:cad>0</gpxtpx:cad>
            <gpxtpx:atemp>303.65</gpxtpx:atemp>
          </gpxtpx:TrackPointExtension>
        </extensions>
      </trkpt>
      <trkpt lat="30.619806" lon="34.675773">
        <ele>712.1</ele>
        <time>2026-04-07T06:41:42.000Z</time>
        <extensions>
          <gpxtpx:TrackPointExtension>
            <gpxtpx:hr>104</gpxtpx:hr>
            <gpxtpx:cad>0</gpxtpx:cad>
            <gpxtpx:atemp>303.65</gpxtpx:atemp>
          </gpxtpx:TrackPointExtension>
        </extensions>
      </trkpt>
      <trkpt lat="30.619794" lon="34.675971">
        <ele>714.5</ele>
        <time>2026-04-07T06:41:57.000Z</time>
        <extensions>
          <gpxtpx:TrackPointExtension>
            <gpxtpx:hr>108</gpxtpx:hr>
            <gpxtpx:cad>53</gpxtpx:cad>
            <gpxtpx:atemp>302.65</gpxtpx:atemp>
          </gpxtpx:TrackPointExtension>
        </extensions>
      </trkpt>
      <trkpt lat="30.619723" lon="34.676050">
        <ele>713.9</ele>
        <time>2026-04-07T06:42:05.000Z</time>
        <extensions>
          <gpxtpx:TrackPointExtension>
            <gpxtpx:hr>112</gpxtpx:hr>
            <gpxtpx:cad>54</gpxtpx:cad>
            <gpxtpx:atemp>302.65</gpxtpx:atemp>
          </gpxtpx:TrackPointExtension>
        </extensions>
      </trkpt>
      <trkpt lat="30.619699" lon="34.676111">
        <ele>714.0</ele>
        <time>2026-04-07T06:42:09.000Z</time>
        <extensions>
          <gpxtpx:TrackPointExtension>
            <gpxtpx:hr>115</gpxtpx:hr>
            <gpxtpx:cad>54</gpxtpx:cad>
            <gpxtpx:atemp>302.65</gpxtpx:atemp>
          </gpxtpx:TrackPointExtension>
        </extensions>
      </trkpt>
      <trkpt lat="30.619633" lon="34.676254">
        <ele>714.1</ele>
        <time>2026-04-07T06:42:19.000Z</time>
        <extensions>
          <gpxtpx:TrackPointExtension>
            <gpxtpx:hr>125</gpxtpx:hr>
            <gpxtpx:cad>70</gpxtpx:cad>
            <gpxtpx:atemp>302.65</gpxtpx:atemp>
          </gpxtpx:TrackPointExtension>
        </extensions>
      </trkpt>
      <trkpt lat="30.619610" lon="34.676296">
        <ele>713.9</ele>
        <time>2026-04-07T06:42:22.000Z</time>
        <extensions>
          <gpxtpx:TrackPointExtension>
            <gpxtpx:hr>128</gpxtpx:hr>
            <gpxtpx:cad>72</gpxtpx:cad>
            <gpxtpx:atemp>302.65</gpxtpx:atemp>
          </gpxtpx:TrackPointExtension>
        </extensions>
      </trkpt>
      <trkpt lat="30.619608" lon="34.676439">
        <ele>715.0</ele>
        <time>2026-04-07T06:42:31.000Z</time>
        <extensions>
          <gpxtpx:TrackPointExtension>
            <gpxtpx:hr>130</gpxtpx:hr>
            <gpxtpx:cad>72</gpxtpx:cad>
            <gpxtpx:atemp>302.65</gpxtpx:atemp>
          </gpxtpx:TrackPointExtension>
        </extensions>
      </trkpt>
      <trkpt lat="30.619599" lon="34.676617">
        <ele>715.7</ele>
        <time>2026-04-07T06:42:43.000Z</time>
        <extensions>
          <gpxtpx:TrackPointExtension>
            <gpxtpx:hr>139</gpxtpx:hr>
            <gpxtpx:cad>58</gpxtpx:cad>
            <gpxtpx:atemp>302.65</gpxtpx:atemp>
          </gpxtpx:TrackPointExtension>
        </extensions>
      </trkpt>
      <trkpt lat="30.619607" lon="34.676674">
        <ele>716.2</ele>
        <time>2026-04-07T06:42:46.000Z</time>
        <extensions>
          <gpxtpx:TrackPointExtension>
            <gpxtpx:hr>139</gpxtpx:hr>
            <gpxtpx:cad>75</gpxtpx:cad>
            <gpxtpx:atemp>302.65</gpxtpx:atemp>
          </gpxtpx:TrackPointExtension>
        </extensions>
      </trkpt>
      <trkpt lat="30.619648" lon="34.676834">
        <ele>718.0</ele>
        <time>2026-04-07T06:42:56.000Z</time>
        <extensions>
          <gpxtpx:TrackPointExtension>
            <gpxtpx:hr>142</gpxtpx:hr>
            <gpxtpx:cad>74</gpxtpx:cad>
            <gpxtpx:atemp>302.65</gpxtpx:atemp>
          </gpxtpx:TrackPointExtension>
        </extensions>
      </trkpt>
      <trkpt lat="30.619645" lon="34.676878">
        <ele>718.2</ele>
        <time>2026-04-07T06:42:58.000Z</time>
        <extensions>
          <gpxtpx:TrackPointExtension>
            <gpxtpx:hr>143</gpxtpx:hr>
            <gpxtpx:cad>74</gpxtpx:cad>
            <gpxtpx:atemp>302.65</gpxtpx:atemp>
          </gpxtpx:TrackPointExtension>
        </extensions>
      </trkpt>
      <trkpt lat="30.619647" lon="34.677118">
        <ele>719.7</ele>
        <time>2026-04-07T06:43:10.000Z</time>
        <extensions>
          <gpxtpx:TrackPointExtension>
            <gpxtpx:hr>144</gpxtpx:hr>
            <gpxtpx:cad>76</gpxtpx:cad>
            <gpxtpx:atemp>302.65</gpxtpx:atemp>
          </gpxtpx:TrackPointExtension>
        </extensions>
      </trkpt>
      <trkpt lat="30.619663" lon="34.677235">
        <ele>720.5</ele>
        <time>2026-04-07T06:43:16.000Z</time>
        <extensions>
          <gpxtpx:TrackPointExtension>
            <gpxtpx:hr>147</gpxtpx:hr>
            <gpxtpx:cad>76</gpxtpx:cad>
            <gpxtpx:atemp>302.65</gpxtpx:atemp>
          </gpxtpx:TrackPointExtension>
        </extensions>
      </trkpt>
      <trkpt lat="30.619656" lon="34.677323">
        <ele>720.7</ele>
        <time>2026-04-07T06:43:21.000Z</time>
        <extensions>
          <gpxtpx:TrackPointExtension>
            <gpxtpx:hr>146</gpxtpx:hr>
            <gpxtpx:cad>76</gpxtpx:cad>
            <gpxtpx:atemp>302.65</gpxtpx:atemp>
          </gpxtpx:TrackPointExtension>
        </extensions>
      </trkpt>
      <trkpt lat="30.619670" lon="34.677421">
        <ele>721.5</ele>
        <time>2026-04-07T06:43:27.000Z</time>
        <extensions>
          <gpxtpx:TrackPointExtension>
            <gpxtpx:hr>147</gpxtpx:hr>
            <gpxtpx:cad>58</gpxtpx:cad>
            <gpxtpx:atemp>303.65</gpxtpx:atemp>
          </gpxtpx:TrackPointExtension>
        </extensions>
      </trkpt>
      <trkpt lat="30.619701" lon="34.677559">
        <ele>722.8</ele>
        <time>2026-04-07T06:43:37.000Z</time>
        <extensions>
          <gpxtpx:TrackPointExtension>
            <gpxtpx:hr>145</gpxtpx:hr>
            <gpxtpx:cad>59</gpxtpx:cad>
            <gpxtpx:atemp>303.65</gpxtpx:atemp>
          </gpxtpx:TrackPointExtension>
        </extensions>
      </trkpt>
      <trkpt lat="30.619730" lon="34.677644">
        <ele>723.6</ele>
        <time>2026-04-07T06:43:42.000Z</time>
        <extensions>
          <gpxtpx:TrackPointExtension>
            <gpxtpx:hr>145</gpxtpx:hr>
            <gpxtpx:cad>57</gpxtpx:cad>
            <gpxtpx:atemp>303.65</gpxtpx:atemp>
          </gpxtpx:TrackPointExtension>
        </extensions>
      </trkpt>
      <trkpt lat="30.619735" lon="34.677737">
        <ele>723.7</ele>
        <time>2026-04-07T06:43:48.000Z</time>
        <extensions>
          <gpxtpx:TrackPointExtension>
            <gpxtpx:hr>146</gpxtpx:hr>
            <gpxtpx:cad>0</gpxtpx:cad>
            <gpxtpx:atemp>303.65</gpxtpx:atemp>
          </gpxtpx:TrackPointExtension>
        </extensions>
      </trkpt>
      <trkpt lat="30.619761" lon="34.677881">
        <ele>724.0</ele>
        <time>2026-04-07T06:43:59.000Z</time>
        <extensions>
          <gpxtpx:TrackPointExtension>
            <gpxtpx:hr>148</gpxtpx:hr>
            <gpxtpx:cad>57</gpxtpx:cad>
            <gpxtpx:atemp>303.65</gpxtpx:atemp>
          </gpxtpx:TrackPointExtension>
        </extensions>
      </trkpt>
      <trkpt lat="30.619755" lon="34.677935">
        <ele>723.8</ele>
        <time>2026-04-07T06:44:02.000Z</time>
        <extensions>
          <gpxtpx:TrackPointExtension>
            <gpxtpx:hr>148</gpxtpx:hr>
            <gpxtpx:cad>53</gpxtpx:cad>
            <gpxtpx:atemp>302.65</gpxtpx:atemp>
          </gpxtpx:TrackPointExtension>
        </extensions>
      </trkpt>
      <trkpt lat="30.619760" lon="34.678020">
        <ele>723.8</ele>
        <time>2026-04-07T06:44:06.000Z</time>
        <extensions>
          <gpxtpx:TrackPointExtension>
            <gpxtpx:hr>146</gpxtpx:hr>
            <gpxtpx:cad>77</gpxtpx:cad>
            <gpxtpx:atemp>302.65</gpxtpx:atemp>
          </gpxtpx:TrackPointExtension>
        </extensions>
      </trkpt>
      <trkpt lat="30.619792" lon="34.678165">
        <ele>723.8</ele>
        <time>2026-04-07T06:44:13.000Z</time>
        <extensions>
          <gpxtpx:TrackPointExtension>
            <gpxtpx:hr>140</gpxtpx:hr>
            <gpxtpx:cad>74</gpxtpx:cad>
            <gpxtpx:atemp>302.65</gpxtpx:atemp>
          </gpxtpx:TrackPointExtension>
        </extensions>
      </trkpt>
      <trkpt lat="30.619799" lon="34.678254">
        <ele>723.8</ele>
        <time>2026-04-07T06:44:17.000Z</time>
        <extensions>
          <gpxtpx:TrackPointExtension>
            <gpxtpx:hr>139</gpxtpx:hr>
            <gpxtpx:cad>77</gpxtpx:cad>
            <gpxtpx:atemp>302.65</gpxtpx:atemp>
          </gpxtpx:TrackPointExtension>
        </extensions>
      </trkpt>
      <trkpt lat="30.619807" lon="34.678407">
        <ele>724.0</ele>
        <time>2026-04-07T06:44:24.000Z</time>
        <extensions>
          <gpxtpx:TrackPointExtension>
            <gpxtpx:hr>140</gpxtpx:hr>
            <gpxtpx:cad>78</gpxtpx:cad>
            <gpxtpx:atemp>302.65</gpxtpx:atemp>
          </gpxtpx:TrackPointExtension>
        </extensions>
      </trkpt>
      <trkpt lat="30.619841" lon="34.678499">
        <ele>724.0</ele>
        <time>2026-04-07T06:44:29.000Z</time>
        <extensions>
          <gpxtpx:TrackPointExtension>
            <gpxtpx:hr>141</gpxtpx:hr>
            <gpxtpx:cad>78</gpxtpx:cad>
            <gpxtpx:atemp>302.65</gpxtpx:atemp>
          </gpxtpx:TrackPointExtension>
        </extensions>
      </trkpt>
      <trkpt lat="30.619887" lon="34.678570">
        <ele>724.3</ele>
        <time>2026-04-07T06:44:34.000Z</time>
        <extensions>
          <gpxtpx:TrackPointExtension>
            <gpxtpx:hr>141</gpxtpx:hr>
            <gpxtpx:cad>75</gpxtpx:cad>
            <gpxtpx:atemp>302.65</gpxtpx:atemp>
          </gpxtpx:TrackPointExtension>
        </extensions>
      </trkpt>
      <trkpt lat="30.619897" lon="34.678625">
        <ele>724.4</ele>
        <time>2026-04-07T06:44:37.000Z</time>
        <extensions>
          <gpxtpx:TrackPointExtension>
            <gpxtpx:hr>141</gpxtpx:hr>
            <gpxtpx:cad>76</gpxtpx:cad>
            <gpxtpx:atemp>302.65</gpxtpx:atemp>
          </gpxtpx:TrackPointExtension>
        </extensions>
      </trkpt>
      <trkpt lat="30.619953" lon="34.678739">
        <ele>724.7</ele>
        <time>2026-04-07T06:44:44.000Z</time>
        <extensions>
          <gpxtpx:TrackPointExtension>
            <gpxtpx:hr>141</gpxtpx:hr>
            <gpxtpx:cad>76</gpxtpx:cad>
            <gpxtpx:atemp>302.65</gpxtpx:atemp>
          </gpxtpx:TrackPointExtension>
        </extensions>
      </trkpt>
      <trkpt lat="30.619974" lon="34.678765">
        <ele>724.8</ele>
        <time>2026-04-07T06:44:46.000Z</time>
        <extensions>
          <gpxtpx:TrackPointExtension>
            <gpxtpx:hr>141</gpxtpx:hr>
            <gpxtpx:cad>76</gpxtpx:cad>
            <gpxtpx:atemp>302.65</gpxtpx:atemp>
          </gpxtpx:TrackPointExtension>
        </extensions>
      </trkpt>
      <trkpt lat="30.620048" lon="34.678879">
        <ele>725.5</ele>
        <time>2026-04-07T06:44:53.000Z</time>
        <extensions>
          <gpxtpx:TrackPointExtension>
            <gpxtpx:hr>143</gpxtpx:hr>
            <gpxtpx:cad>77</gpxtpx:cad>
            <gpxtpx:atemp>302.65</gpxtpx:atemp>
          </gpxtpx:TrackPointExtension>
        </extensions>
      </trkpt>
      <trkpt lat="30.620078" lon="34.678956">
        <ele>725.7</ele>
        <time>2026-04-07T06:44:58.000Z</time>
        <extensions>
          <gpxtpx:TrackPointExtension>
            <gpxtpx:hr>142</gpxtpx:hr>
            <gpxtpx:cad>77</gpxtpx:cad>
            <gpxtpx:atemp>302.65</gpxtpx:atemp>
          </gpxtpx:TrackPointExtension>
        </extensions>
      </trkpt>
      <trkpt lat="30.620096" lon="34.679118">
        <ele>726.2</ele>
        <time>2026-04-07T06:45:09.000Z</time>
        <extensions>
          <gpxtpx:TrackPointExtension>
            <gpxtpx:hr>142</gpxtpx:hr>
            <gpxtpx:cad>57</gpxtpx:cad>
            <gpxtpx:atemp>302.65</gpxtpx:atemp>
          </gpxtpx:TrackPointExtension>
        </extensions>
      </trkpt>
      <trkpt lat="30.620112" lon="34.679195">
        <ele>726.6</ele>
        <time>2026-04-07T06:45:15.000Z</time>
        <extensions>
          <gpxtpx:TrackPointExtension>
            <gpxtpx:hr>143</gpxtpx:hr>
            <gpxtpx:cad>55</gpxtpx:cad>
            <gpxtpx:atemp>302.65</gpxtpx:atemp>
          </gpxtpx:TrackPointExtension>
        </extensions>
      </trkpt>
      <trkpt lat="30.620114" lon="34.679301">
        <ele>727.0</ele>
        <time>2026-04-07T06:45:24.000Z</time>
        <extensions>
          <gpxtpx:TrackPointExtension>
            <gpxtpx:hr>142</gpxtpx:hr>
            <gpxtpx:cad>55</gpxtpx:cad>
            <gpxtpx:atemp>302.65</gpxtpx:atemp>
          </gpxtpx:TrackPointExtension>
        </extensions>
      </trkpt>
      <trkpt lat="30.620151" lon="34.679380">
        <ele>727.6</ele>
        <time>2026-04-07T06:45:28.000Z</time>
        <extensions>
          <gpxtpx:TrackPointExtension>
            <gpxtpx:hr>143</gpxtpx:hr>
            <gpxtpx:cad>79</gpxtpx:cad>
            <gpxtpx:atemp>302.65</gpxtpx:atemp>
          </gpxtpx:TrackPointExtension>
        </extensions>
      </trkpt>
      <trkpt lat="30.620154" lon="34.679456">
        <ele>728.2</ele>
        <time>2026-04-07T06:45:32.000Z</time>
        <extensions>
          <gpxtpx:TrackPointExtension>
            <gpxtpx:hr>138</gpxtpx:hr>
            <gpxtpx:cad>78</gpxtpx:cad>
            <gpxtpx:atemp>302.65</gpxtpx:atemp>
          </gpxtpx:TrackPointExtension>
        </extensions>
      </trkpt>
      <trkpt lat="30.620242" lon="34.679651">
        <ele>730.1</ele>
        <time>2026-04-07T06:45:43.000Z</time>
        <extensions>
          <gpxtpx:TrackPointExtension>
            <gpxtpx:hr>135</gpxtpx:hr>
            <gpxtpx:cad>75</gpxtpx:cad>
            <gpxtpx:atemp>302.65</gpxtpx:atemp>
          </gpxtpx:TrackPointExtension>
        </extensions>
      </trkpt>
      <trkpt lat="30.620252" lon="34.679709">
        <ele>730.5</ele>
        <time>2026-04-07T06:45:46.000Z</time>
        <extensions>
          <gpxtpx:TrackPointExtension>
            <gpxtpx:hr>136</gpxtpx:hr>
            <gpxtpx:cad>76</gpxtpx:cad>
            <gpxtpx:atemp>302.65</gpxtpx:atemp>
          </gpxtpx:TrackPointExtension>
        </extensions>
      </trkpt>
      <trkpt lat="30.620304" lon="34.679817">
        <ele>731.5</ele>
        <time>2026-04-07T06:45:55.000Z</time>
        <extensions>
          <gpxtpx:TrackPointExtension>
            <gpxtpx:hr>134</gpxtpx:hr>
            <gpxtpx:cad>76</gpxtpx:cad>
            <gpxtpx:atemp>302.65</gpxtpx:atemp>
          </gpxtpx:TrackPointExtension>
        </extensions>
      </trkpt>
      <trkpt lat="30.620276" lon="34.679890">
        <ele>731.7</ele>
        <time>2026-04-07T06:46:01.000Z</time>
        <extensions>
          <gpxtpx:TrackPointExtension>
            <gpxtpx:hr>133</gpxtpx:hr>
            <gpxtpx:cad>53</gpxtpx:cad>
            <gpxtpx:atemp>302.65</gpxtpx:atemp>
          </gpxtpx:TrackPointExtension>
        </extensions>
      </trkpt>
      <trkpt lat="30.620266" lon="34.679994">
        <ele>732.3</ele>
        <time>2026-04-07T06:46:06.000Z</time>
        <extensions>
          <gpxtpx:TrackPointExtension>
            <gpxtpx:hr>134</gpxtpx:hr>
            <gpxtpx:cad>53</gpxtpx:cad>
            <gpxtpx:atemp>302.65</gpxtpx:atemp>
          </gpxtpx:TrackPointExtension>
        </extensions>
      </trkpt>
      <trkpt lat="30.620274" lon="34.680068">
        <ele>732.9</ele>
        <time>2026-04-07T06:46:09.000Z</time>
        <extensions>
          <gpxtpx:TrackPointExtension>
            <gpxtpx:hr>134</gpxtpx:hr>
            <gpxtpx:cad>75</gpxtpx:cad>
            <gpxtpx:atemp>302.65</gpxtpx:atemp>
          </gpxtpx:TrackPointExtension>
        </extensions>
      </trkpt>
      <trkpt lat="30.620270" lon="34.680146">
        <ele>733.5</ele>
        <time>2026-04-07T06:46:13.000Z</time>
        <extensions>
          <gpxtpx:TrackPointExtension>
            <gpxtpx:hr>135</gpxtpx:hr>
            <gpxtpx:cad>76</gpxtpx:cad>
            <gpxtpx:atemp>302.65</gpxtpx:atemp>
          </gpxtpx:TrackPointExtension>
        </extensions>
      </trkpt>
      <trkpt lat="30.620248" lon="34.680236">
        <ele>733.9</ele>
        <time>2026-04-07T06:46:22.000Z</time>
        <extensions>
          <gpxtpx:TrackPointExtension>
            <gpxtpx:hr>134</gpxtpx:hr>
            <gpxtpx:cad>78</gpxtpx:cad>
            <gpxtpx:atemp>302.65</gpxtpx:atemp>
          </gpxtpx:TrackPointExtension>
        </extensions>
      </trkpt>
      <trkpt lat="30.620260" lon="34.680335">
        <ele>734.7</ele>
        <time>2026-04-07T06:46:29.000Z</time>
        <extensions>
          <gpxtpx:TrackPointExtension>
            <gpxtpx:hr>134</gpxtpx:hr>
            <gpxtpx:cad>55</gpxtpx:cad>
            <gpxtpx:atemp>302.65</gpxtpx:atemp>
          </gpxtpx:TrackPointExtension>
        </extensions>
      </trkpt>
      <trkpt lat="30.620254" lon="34.680364">
        <ele>734.9</ele>
        <time>2026-04-07T06:46:32.000Z</time>
        <extensions>
          <gpxtpx:TrackPointExtension>
            <gpxtpx:hr>135</gpxtpx:hr>
            <gpxtpx:cad>55</gpxtpx:cad>
            <gpxtpx:atemp>302.65</gpxtpx:atemp>
          </gpxtpx:TrackPointExtension>
        </extensions>
      </trkpt>
      <trkpt lat="30.620286" lon="34.680466">
        <ele>736.1</ele>
        <time>2026-04-07T06:46:38.000Z</time>
        <extensions>
          <gpxtpx:TrackPointExtension>
            <gpxtpx:hr>132</gpxtpx:hr>
            <gpxtpx:cad>72</gpxtpx:cad>
            <gpxtpx:atemp>302.65</gpxtpx:atemp>
          </gpxtpx:TrackPointExtension>
        </extensions>
      </trkpt>
      <trkpt lat="30.620294" lon="34.680517">
        <ele>736.8</ele>
        <time>2026-04-07T06:46:42.000Z</time>
        <extensions>
          <gpxtpx:TrackPointExtension>
            <gpxtpx:hr>132</gpxtpx:hr>
            <gpxtpx:cad>0</gpxtpx:cad>
            <gpxtpx:atemp>302.65</gpxtpx:atemp>
          </gpxtpx:TrackPointExtension>
        </extensions>
      </trkpt>
      <trkpt lat="30.620315" lon="34.680617">
        <ele>738.1</ele>
        <time>2026-04-07T06:46:51.000Z</time>
        <extensions>
          <gpxtpx:TrackPointExtension>
            <gpxtpx:hr>134</gpxtpx:hr>
            <gpxtpx:cad>53</gpxtpx:cad>
            <gpxtpx:atemp>302.65</gpxtpx:atemp>
          </gpxtpx:TrackPointExtension>
        </extensions>
      </trkpt>
      <trkpt lat="30.620350" lon="34.680666">
        <ele>739.0</ele>
        <time>2026-04-07T06:46:57.000Z</time>
        <extensions>
          <gpxtpx:TrackPointExtension>
            <gpxtpx:hr>134</gpxtpx:hr>
            <gpxtpx:cad>52</gpxtpx:cad>
            <gpxtpx:atemp>302.65</gpxtpx:atemp>
          </gpxtpx:TrackPointExtension>
        </extensions>
      </trkpt>
      <trkpt lat="30.620305" lon="34.680744">
        <ele>739.3</ele>
        <time>2026-04-07T06:47:04.000Z</time>
        <extensions>
          <gpxtpx:TrackPointExtension>
            <gpxtpx:hr>134</gpxtpx:hr>
            <gpxtpx:cad>47</gpxtpx:cad>
            <gpxtpx:atemp>301.65</gpxtpx:atemp>
          </gpxtpx:TrackPointExtension>
        </extensions>
      </trkpt>
      <trkpt lat="30.620272" lon="34.680757">
        <ele>739.0</ele>
        <time>2026-04-07T06:47:12.000Z</time>
        <extensions>
          <gpxtpx:TrackPointExtension>
            <gpxtpx:hr>138</gpxtpx:hr>
            <gpxtpx:cad>0</gpxtpx:cad>
            <gpxtpx:atemp>301.65</gpxtpx:atemp>
          </gpxtpx:TrackPointExtension>
        </extensions>
      </trkpt>
      <trkpt lat="30.620230" lon="34.680815">
        <ele>739.0</ele>
        <time>2026-04-07T06:47:23.000Z</time>
        <extensions>
          <gpxtpx:TrackPointExtension>
            <gpxtpx:hr>130</gpxtpx:hr>
            <gpxtpx:cad>0</gpxtpx:cad>
            <gpxtpx:atemp>301.65</gpxtpx:atemp>
          </gpxtpx:TrackPointExtension>
        </extensions>
      </trkpt>
      <trkpt lat="30.620168" lon="34.680874">
        <ele>738.7</ele>
        <time>2026-04-07T06:47:30.000Z</time>
        <extensions>
          <gpxtpx:TrackPointExtension>
            <gpxtpx:hr>131</gpxtpx:hr>
            <gpxtpx:cad>0</gpxtpx:cad>
            <gpxtpx:atemp>301.65</gpxtpx:atemp>
          </gpxtpx:TrackPointExtension>
        </extensions>
      </trkpt>
      <trkpt lat="30.620100" lon="34.680965">
        <ele>739.4</ele>
        <time>2026-04-07T06:47:39.000Z</time>
        <extensions>
          <gpxtpx:TrackPointExtension>
            <gpxtpx:hr>127</gpxtpx:hr>
            <gpxtpx:cad>75</gpxtpx:cad>
            <gpxtpx:atemp>302.65</gpxtpx:atemp>
          </gpxtpx:TrackPointExtension>
        </extensions>
      </trkpt>
      <trkpt lat="30.620080" lon="34.681149">
        <ele>741.4</ele>
        <time>2026-04-07T06:47:55.000Z</time>
        <extensions>
          <gpxtpx:TrackPointExtension>
            <gpxtpx:hr>132</gpxtpx:hr>
            <gpxtpx:cad>50</gpxtpx:cad>
            <gpxtpx:atemp>302.65</gpxtpx:atemp>
          </gpxtpx:TrackPointExtension>
        </extensions>
      </trkpt>
      <trkpt lat="30.620085" lon="34.681204">
        <ele>741.9</ele>
        <time>2026-04-07T06:48:00.000Z</time>
        <extensions>
          <gpxtpx:TrackPointExtension>
            <gpxtpx:hr>133</gpxtpx:hr>
            <gpxtpx:cad>0</gpxtpx:cad>
            <gpxtpx:atemp>302.65</gpxtpx:atemp>
          </gpxtpx:TrackPointExtension>
        </extensions>
      </trkpt>
      <trkpt lat="30.620116" lon="34.681274">
        <ele>742.4</ele>
        <time>2026-04-07T06:48:07.000Z</time>
        <extensions>
          <gpxtpx:TrackPointExtension>
            <gpxtpx:hr>134</gpxtpx:hr>
            <gpxtpx:cad>51</gpxtpx:cad>
            <gpxtpx:atemp>302.65</gpxtpx:atemp>
          </gpxtpx:TrackPointExtension>
        </extensions>
      </trkpt>
      <trkpt lat="30.620142" lon="34.681392">
        <ele>743.6</ele>
        <time>2026-04-07T06:48:14.000Z</time>
        <extensions>
          <gpxtpx:TrackPointExtension>
            <gpxtpx:hr>136</gpxtpx:hr>
            <gpxtpx:cad>72</gpxtpx:cad>
            <gpxtpx:atemp>302.65</gpxtpx:atemp>
          </gpxtpx:TrackPointExtension>
        </extensions>
      </trkpt>
      <trkpt lat="30.620146" lon="34.681467">
        <ele>744.4</ele>
        <time>2026-04-07T06:48:19.000Z</time>
        <extensions>
          <gpxtpx:TrackPointExtension>
            <gpxtpx:hr>138</gpxtpx:hr>
            <gpxtpx:cad>69</gpxtpx:cad>
            <gpxtpx:atemp>302.65</gpxtpx:atemp>
          </gpxtpx:TrackPointExtension>
        </extensions>
      </trkpt>
      <trkpt lat="30.620125" lon="34.681570">
        <ele>745.5</ele>
        <time>2026-04-07T06:48:29.000Z</time>
        <extensions>
          <gpxtpx:TrackPointExtension>
            <gpxtpx:hr>143</gpxtpx:hr>
            <gpxtpx:cad>55</gpxtpx:cad>
            <gpxtpx:atemp>302.65</gpxtpx:atemp>
          </gpxtpx:TrackPointExtension>
        </extensions>
      </trkpt>
      <trkpt lat="30.620063" lon="34.681716">
        <ele>747.3</ele>
        <time>2026-04-07T06:48:44.000Z</time>
        <extensions>
          <gpxtpx:TrackPointExtension>
            <gpxtpx:hr>143</gpxtpx:hr>
            <gpxtpx:cad>50</gpxtpx:cad>
            <gpxtpx:atemp>302.65</gpxtpx:atemp>
          </gpxtpx:TrackPointExtension>
        </extensions>
      </trkpt>
      <trkpt lat="30.620052" lon="34.681804">
        <ele>748.3</ele>
        <time>2026-04-07T06:48:56.000Z</time>
        <extensions>
          <gpxtpx:TrackPointExtension>
            <gpxtpx:hr>139</gpxtpx:hr>
            <gpxtpx:cad>52</gpxtpx:cad>
            <gpxtpx:atemp>302.65</gpxtpx:atemp>
          </gpxtpx:TrackPointExtension>
        </extensions>
      </trkpt>
      <trkpt lat="30.620078" lon="34.681824">
        <ele>748.4</ele>
        <time>2026-04-07T06:49:01.000Z</time>
        <extensions>
          <gpxtpx:TrackPointExtension>
            <gpxtpx:hr>135</gpxtpx:hr>
            <gpxtpx:cad>39</gpxtpx:cad>
            <gpxtpx:atemp>301.65</gpxtpx:atemp>
          </gpxtpx:TrackPointExtension>
        </extensions>
      </trkpt>
      <trkpt lat="30.620091" lon="34.681918">
        <ele>749.3</ele>
        <time>2026-04-07T06:49:11.000Z</time>
        <extensions>
          <gpxtpx:TrackPointExtension>
            <gpxtpx:hr>135</gpxtpx:hr>
            <gpxtpx:cad>44</gpxtpx:cad>
            <gpxtpx:atemp>301.65</gpxtpx:atemp>
          </gpxtpx:TrackPointExtension>
        </extensions>
      </trkpt>
      <trkpt lat="30.620187" lon="34.682041">
        <ele>751.4</ele>
        <time>2026-04-07T06:49:26.000Z</time>
        <extensions>
          <gpxtpx:TrackPointExtension>
            <gpxtpx:hr>139</gpxtpx:hr>
            <gpxtpx:cad>0</gpxtpx:cad>
            <gpxtpx:atemp>301.65</gpxtpx:atemp>
          </gpxtpx:TrackPointExtension>
        </extensions>
      </trkpt>
      <trkpt lat="30.620200" lon="34.682092">
        <ele>752.2</ele>
        <time>2026-04-07T06:49:30.000Z</time>
        <extensions>
          <gpxtpx:TrackPointExtension>
            <gpxtpx:hr>138</gpxtpx:hr>
            <gpxtpx:cad>53</gpxtpx:cad>
            <gpxtpx:atemp>301.65</gpxtpx:atemp>
          </gpxtpx:TrackPointExtension>
        </extensions>
      </trkpt>
      <trkpt lat="30.620231" lon="34.682152">
        <ele>753.2</ele>
        <time>2026-04-07T06:49:34.000Z</time>
        <extensions>
          <gpxtpx:TrackPointExtension>
            <gpxtpx:hr>140</gpxtpx:hr>
            <gpxtpx:cad>53</gpxtpx:cad>
            <gpxtpx:atemp>301.65</gpxtpx:atemp>
          </gpxtpx:TrackPointExtension>
        </extensions>
      </trkpt>
      <trkpt lat="30.620240" lon="34.682210">
        <ele>753.9</ele>
        <time>2026-04-07T06:49:38.000Z</time>
        <extensions>
          <gpxtpx:TrackPointExtension>
            <gpxtpx:hr>142</gpxtpx:hr>
            <gpxtpx:cad>0</gpxtpx:cad>
            <gpxtpx:atemp>301.65</gpxtpx:atemp>
          </gpxtpx:TrackPointExtension>
        </extensions>
      </trkpt>
      <trkpt lat="30.620206" lon="34.682310">
        <ele>754.0</ele>
        <time>2026-04-07T06:49:49.000Z</time>
        <extensions>
          <gpxtpx:TrackPointExtension>
            <gpxtpx:hr>144</gpxtpx:hr>
            <gpxtpx:cad>52</gpxtpx:cad>
            <gpxtpx:atemp>301.65</gpxtpx:atemp>
          </gpxtpx:TrackPointExtension>
        </extensions>
      </trkpt>
      <trkpt lat="30.620174" lon="34.682355">
        <ele>753.7</ele>
        <time>2026-04-07T06:49:57.000Z</time>
        <extensions>
          <gpxtpx:TrackPointExtension>
            <gpxtpx:hr>141</gpxtpx:hr>
            <gpxtpx:cad>0</gpxtpx:cad>
            <gpxtpx:atemp>301.65</gpxtpx:atemp>
          </gpxtpx:TrackPointExtension>
        </extensions>
      </trkpt>
      <trkpt lat="30.620169" lon="34.682422">
        <ele>754.5</ele>
        <time>2026-04-07T06:50:08.000Z</time>
        <extensions>
          <gpxtpx:TrackPointExtension>
            <gpxtpx:hr>137</gpxtpx:hr>
            <gpxtpx:cad>0</gpxtpx:cad>
            <gpxtpx:atemp>301.65</gpxtpx:atemp>
          </gpxtpx:TrackPointExtension>
        </extensions>
      </trkpt>
      <trkpt lat="30.620139" lon="34.682497">
        <ele>755.0</ele>
        <time>2026-04-07T06:50:13.000Z</time>
        <extensions>
          <gpxtpx:TrackPointExtension>
            <gpxtpx:hr>138</gpxtpx:hr>
            <gpxtpx:cad>118</gpxtpx:cad>
            <gpxtpx:atemp>301.65</gpxtpx:atemp>
          </gpxtpx:TrackPointExtension>
        </extensions>
      </trkpt>
      <trkpt lat="30.620078" lon="34.682575">
        <ele>755.9</ele>
        <time>2026-04-07T06:50:20.000Z</time>
        <extensions>
          <gpxtpx:TrackPointExtension>
            <gpxtpx:hr>143</gpxtpx:hr>
            <gpxtpx:cad>0</gpxtpx:cad>
            <gpxtpx:atemp>301.65</gpxtpx:atemp>
          </gpxtpx:TrackPointExtension>
        </extensions>
      </trkpt>
      <trkpt lat="30.620046" lon="34.682677">
        <ele>757.1</ele>
        <time>2026-04-07T06:50:30.000Z</time>
        <extensions>
          <gpxtpx:TrackPointExtension>
            <gpxtpx:hr>149</gpxtpx:hr>
            <gpxtpx:cad>55</gpxtpx:cad>
            <gpxtpx:atemp>301.65</gpxtpx:atemp>
          </gpxtpx:TrackPointExtension>
        </extensions>
      </trkpt>
      <trkpt lat="30.619993" lon="34.682717">
        <ele>757.3</ele>
        <time>2026-04-07T06:50:38.000Z</time>
        <extensions>
          <gpxtpx:TrackPointExtension>
            <gpxtpx:hr>147</gpxtpx:hr>
            <gpxtpx:cad>52</gpxtpx:cad>
            <gpxtpx:atemp>301.65</gpxtpx:atemp>
          </gpxtpx:TrackPointExtension>
        </extensions>
      </trkpt>
      <trkpt lat="30.620002" lon="34.682807">
        <ele>758.3</ele>
        <time>2026-04-07T06:50:48.000Z</time>
        <extensions>
          <gpxtpx:TrackPointExtension>
            <gpxtpx:hr>146</gpxtpx:hr>
            <gpxtpx:cad>42</gpxtpx:cad>
            <gpxtpx:atemp>301.65</gpxtpx:atemp>
          </gpxtpx:TrackPointExtension>
        </extensions>
      </trkpt>
      <trkpt lat="30.620072" lon="34.682925">
        <ele>759.8</ele>
        <time>2026-04-07T06:51:08.000Z</time>
        <extensions>
          <gpxtpx:TrackPointExtension>
            <gpxtpx:hr>147</gpxtpx:hr>
            <gpxtpx:cad>50</gpxtpx:cad>
            <gpxtpx:atemp>301.65</gpxtpx:atemp>
          </gpxtpx:TrackPointExtension>
        </extensions>
      </trkpt>
      <trkpt lat="30.620119" lon="34.682957">
        <ele>760.2</ele>
        <time>2026-04-07T06:51:14.000Z</time>
        <extensions>
          <gpxtpx:TrackPointExtension>
            <gpxtpx:hr>145</gpxtpx:hr>
            <gpxtpx:cad>0</gpxtpx:cad>
            <gpxtpx:atemp>301.65</gpxtpx:atemp>
          </gpxtpx:TrackPointExtension>
        </extensions>
      </trkpt>
      <trkpt lat="30.620149" lon="34.682996">
        <ele>760.8</ele>
        <time>2026-04-07T06:51:18.000Z</time>
        <extensions>
          <gpxtpx:TrackPointExtension>
            <gpxtpx:hr>143</gpxtpx:hr>
            <gpxtpx:cad>0</gpxtpx:cad>
            <gpxtpx:atemp>301.65</gpxtpx:atemp>
          </gpxtpx:TrackPointExtension>
        </extensions>
      </trkpt>
      <trkpt lat="30.620178" lon="34.683055">
        <ele>761.8</ele>
        <time>2026-04-07T06:51:23.000Z</time>
        <extensions>
          <gpxtpx:TrackPointExtension>
            <gpxtpx:hr>143</gpxtpx:hr>
            <gpxtpx:cad>0</gpxtpx:cad>
            <gpxtpx:atemp>301.65</gpxtpx:atemp>
          </gpxtpx:TrackPointExtension>
        </extensions>
      </trkpt>
      <trkpt lat="30.620186" lon="34.683109">
        <ele>762.3</ele>
        <time>2026-04-07T06:51:28.000Z</time>
        <extensions>
          <gpxtpx:TrackPointExtension>
            <gpxtpx:hr>142</gpxtpx:hr>
            <gpxtpx:cad>53</gpxtpx:cad>
            <gpxtpx:atemp>301.65</gpxtpx:atemp>
          </gpxtpx:TrackPointExtension>
        </extensions>
      </trkpt>
      <trkpt lat="30.620141" lon="34.683162">
        <ele>761.8</ele>
        <time>2026-04-07T06:51:36.000Z</time>
        <extensions>
          <gpxtpx:TrackPointExtension>
            <gpxtpx:hr>138</gpxtpx:hr>
            <gpxtpx:cad>0</gpxtpx:cad>
            <gpxtpx:atemp>301.65</gpxtpx:atemp>
          </gpxtpx:TrackPointExtension>
        </extensions>
      </trkpt>
      <trkpt lat="30.620141" lon="34.683238">
        <ele>762.5</ele>
        <time>2026-04-07T06:51:45.000Z</time>
        <extensions>
          <gpxtpx:TrackPointExtension>
            <gpxtpx:hr>138</gpxtpx:hr>
            <gpxtpx:cad>43</gpxtpx:cad>
            <gpxtpx:atemp>301.65</gpxtpx:atemp>
          </gpxtpx:TrackPointExtension>
        </extensions>
      </trkpt>
      <trkpt lat="30.620177" lon="34.683360">
        <ele>764.4</ele>
        <time>2026-04-07T06:51:57.000Z</time>
        <extensions>
          <gpxtpx:TrackPointExtension>
            <gpxtpx:hr>139</gpxtpx:hr>
            <gpxtpx:cad>47</gpxtpx:cad>
            <gpxtpx:atemp>301.65</gpxtpx:atemp>
          </gpxtpx:TrackPointExtension>
        </extensions>
      </trkpt>
      <trkpt lat="30.620298" lon="34.683513">
        <ele>767.6</ele>
        <time>2026-04-07T06:52:16.000Z</time>
        <extensions>
          <gpxtpx:TrackPointExtension>
            <gpxtpx:hr>134</gpxtpx:hr>
            <gpxtpx:cad>47</gpxtpx:cad>
            <gpxtpx:atemp>300.65</gpxtpx:atemp>
          </gpxtpx:TrackPointExtension>
        </extensions>
      </trkpt>
      <trkpt lat="30.620294" lon="34.683595">
        <ele>768.3</ele>
        <time>2026-04-07T06:52:23.000Z</time>
        <extensions>
          <gpxtpx:TrackPointExtension>
            <gpxtpx:hr>130</gpxtpx:hr>
            <gpxtpx:cad>52</gpxtpx:cad>
            <gpxtpx:atemp>300.65</gpxtpx:atemp>
          </gpxtpx:TrackPointExtension>
        </extensions>
      </trkpt>
      <trkpt lat="30.620270" lon="34.683691">
        <ele>768.9</ele>
        <time>2026-04-07T06:52:31.000Z</time>
        <extensions>
          <gpxtpx:TrackPointExtension>
            <gpxtpx:hr>132</gpxtpx:hr>
            <gpxtpx:cad>55</gpxtpx:cad>
            <gpxtpx:atemp>300.65</gpxtpx:atemp>
          </gpxtpx:TrackPointExtension>
        </extensions>
      </trkpt>
      <trkpt lat="30.620179" lon="34.683824">
        <ele>769.7</ele>
        <time>2026-04-07T06:52:44.000Z</time>
        <extensions>
          <gpxtpx:TrackPointExtension>
            <gpxtpx:hr>120</gpxtpx:hr>
            <gpxtpx:cad>54</gpxtpx:cad>
            <gpxtpx:atemp>300.65</gpxtpx:atemp>
          </gpxtpx:TrackPointExtension>
        </extensions>
      </trkpt>
      <trkpt lat="30.620156" lon="34.683879">
        <ele>770.5</ele>
        <time>2026-04-07T06:52:49.000Z</time>
        <extensions>
          <gpxtpx:TrackPointExtension>
            <gpxtpx:hr>121</gpxtpx:hr>
            <gpxtpx:cad>52</gpxtpx:cad>
            <gpxtpx:atemp>300.65</gpxtpx:atemp>
          </gpxtpx:TrackPointExtension>
        </extensions>
      </trkpt>
      <trkpt lat="30.620142" lon="34.683945">
        <ele>771.5</ele>
        <time>2026-04-07T06:52:54.000Z</time>
        <extensions>
          <gpxtpx:TrackPointExtension>
            <gpxtpx:hr>122</gpxtpx:hr>
            <gpxtpx:cad>52</gpxtpx:cad>
            <gpxtpx:atemp>300.65</gpxtpx:atemp>
          </gpxtpx:TrackPointExtension>
        </extensions>
      </trkpt>
      <trkpt lat="30.620081" lon="34.684087">
        <ele>774.3</ele>
        <time>2026-04-07T06:53:06.000Z</time>
        <extensions>
          <gpxtpx:TrackPointExtension>
            <gpxtpx:hr>125</gpxtpx:hr>
            <gpxtpx:cad>0</gpxtpx:cad>
            <gpxtpx:atemp>300.65</gpxtpx:atemp>
          </gpxtpx:TrackPointExtension>
        </extensions>
      </trkpt>
      <trkpt lat="30.620038" lon="34.684149">
        <ele>775.6</ele>
        <time>2026-04-07T06:53:21.000Z</time>
        <extensions>
          <gpxtpx:TrackPointExtension>
            <gpxtpx:hr>125</gpxtpx:hr>
            <gpxtpx:cad>0</gpxtpx:cad>
            <gpxtpx:atemp>301.65</gpxtpx:atemp>
          </gpxtpx:TrackPointExtension>
        </extensions>
      </trkpt>
      <trkpt lat="30.619960" lon="34.684305">
        <ele>779.0</ele>
        <time>2026-04-07T06:53:37.000Z</time>
        <extensions>
          <gpxtpx:TrackPointExtension>
            <gpxtpx:hr>133</gpxtpx:hr>
            <gpxtpx:cad>48</gpxtpx:cad>
            <gpxtpx:atemp>301.65</gpxtpx:atemp>
          </gpxtpx:TrackPointExtension>
        </extensions>
      </trkpt>
      <trkpt lat="30.619912" lon="34.684443">
        <ele>782.0</ele>
        <time>2026-04-07T06:53:49.000Z</time>
        <extensions>
          <gpxtpx:TrackPointExtension>
            <gpxtpx:hr>134</gpxtpx:hr>
            <gpxtpx:cad>0</gpxtpx:cad>
            <gpxtpx:atemp>301.65</gpxtpx:atemp>
          </gpxtpx:TrackPointExtension>
        </extensions>
      </trkpt>
      <trkpt lat="30.619865" lon="34.684473">
        <ele>782.6</ele>
        <time>2026-04-07T06:53:53.000Z</time>
        <extensions>
          <gpxtpx:TrackPointExtension>
            <gpxtpx:hr>134</gpxtpx:hr>
            <gpxtpx:cad>0</gpxtpx:cad>
            <gpxtpx:atemp>301.65</gpxtpx:atemp>
          </gpxtpx:TrackPointExtension>
        </extensions>
      </trkpt>
      <trkpt lat="30.619823" lon="34.684512">
        <ele>783.9</ele>
        <time>2026-04-07T06:53:58.000Z</time>
        <extensions>
          <gpxtpx:TrackPointExtension>
            <gpxtpx:hr>135</gpxtpx:hr>
            <gpxtpx:cad>0</gpxtpx:cad>
            <gpxtpx:atemp>301.65</gpxtpx:atemp>
          </gpxtpx:TrackPointExtension>
        </extensions>
      </trkpt>
      <trkpt lat="30.619783" lon="34.684478">
        <ele>783.6</ele>
        <time>2026-04-07T06:54:51.000Z</time>
        <extensions>
          <gpxtpx:TrackPointExtension>
            <gpxtpx:hr>109</gpxtpx:hr>
            <gpxtpx:cad>0</gpxtpx:cad>
            <gpxtpx:atemp>300.65</gpxtpx:atemp>
          </gpxtpx:TrackPointExtension>
        </extensions>
      </trkpt>
      <trkpt lat="30.619684" lon="34.684570">
        <ele>786.6</ele>
        <time>2026-04-07T06:56:02.000Z</time>
        <extensions>
          <gpxtpx:TrackPointExtension>
            <gpxtpx:hr>104</gpxtpx:hr>
            <gpxtpx:cad>66</gpxtpx:cad>
            <gpxtpx:atemp>302.65</gpxtpx:atemp>
          </gpxtpx:TrackPointExtension>
        </extensions>
      </trkpt>
      <trkpt lat="30.619623" lon="34.684663">
        <ele>789.6</ele>
        <time>2026-04-07T06:56:10.000Z</time>
        <extensions>
          <gpxtpx:TrackPointExtension>
            <gpxtpx:hr>105</gpxtpx:hr>
            <gpxtpx:cad>65</gpxtpx:cad>
            <gpxtpx:atemp>302.65</gpxtpx:atemp>
          </gpxtpx:TrackPointExtension>
        </extensions>
      </trkpt>
      <trkpt lat="30.619540" lon="34.684825">
        <ele>794.8</ele>
        <time>2026-04-07T06:56:22.000Z</time>
        <extensions>
          <gpxtpx:TrackPointExtension>
            <gpxtpx:hr>111</gpxtpx:hr>
            <gpxtpx:cad>64</gpxtpx:cad>
            <gpxtpx:atemp>302.65</gpxtpx:atemp>
          </gpxtpx:TrackPointExtension>
        </extensions>
      </trkpt>
      <trkpt lat="30.619470" lon="34.684979">
        <ele>799.1</ele>
        <time>2026-04-07T06:56:36.000Z</time>
        <extensions>
          <gpxtpx:TrackPointExtension>
            <gpxtpx:hr>118</gpxtpx:hr>
            <gpxtpx:cad>0</gpxtpx:cad>
            <gpxtpx:atemp>302.65</gpxtpx:atemp>
          </gpxtpx:TrackPointExtension>
        </extensions>
      </trkpt>
      <trkpt lat="30.619464" lon="34.685062">
        <ele>800.8</ele>
        <time>2026-04-07T06:56:45.000Z</time>
        <extensions>
          <gpxtpx:TrackPointExtension>
            <gpxtpx:hr>119</gpxtpx:hr>
            <gpxtpx:cad>51</gpxtpx:cad>
            <gpxtpx:atemp>302.65</gpxtpx:atemp>
          </gpxtpx:TrackPointExtension>
        </extensions>
      </trkpt>
      <trkpt lat="30.619417" lon="34.685219">
        <ele>803.5</ele>
        <time>2026-04-07T06:57:02.000Z</time>
        <extensions>
          <gpxtpx:TrackPointExtension>
            <gpxtpx:hr>130</gpxtpx:hr>
            <gpxtpx:cad>43</gpxtpx:cad>
            <gpxtpx:atemp>302.65</gpxtpx:atemp>
          </gpxtpx:TrackPointExtension>
        </extensions>
      </trkpt>
      <trkpt lat="30.619323" lon="34.685376">
        <ele>804.8</ele>
        <time>2026-04-07T06:57:18.000Z</time>
        <extensions>
          <gpxtpx:TrackPointExtension>
            <gpxtpx:hr>149</gpxtpx:hr>
            <gpxtpx:cad>68</gpxtpx:cad>
            <gpxtpx:atemp>302.65</gpxtpx:atemp>
          </gpxtpx:TrackPointExtension>
        </extensions>
      </trkpt>
      <trkpt lat="30.619276" lon="34.685438">
        <ele>805.0</ele>
        <time>2026-04-07T06:57:26.000Z</time>
        <extensions>
          <gpxtpx:TrackPointExtension>
            <gpxtpx:hr>146</gpxtpx:hr>
            <gpxtpx:cad>0</gpxtpx:cad>
            <gpxtpx:atemp>302.65</gpxtpx:atemp>
          </gpxtpx:TrackPointExtension>
        </extensions>
      </trkpt>
      <trkpt lat="30.619221" lon="34.685445">
        <ele>804.9</ele>
        <time>2026-04-07T06:57:37.000Z</time>
        <extensions>
          <gpxtpx:TrackPointExtension>
            <gpxtpx:hr>143</gpxtpx:hr>
            <gpxtpx:cad>0</gpxtpx:cad>
            <gpxtpx:atemp>302.65</gpxtpx:atemp>
          </gpxtpx:TrackPointExtension>
        </extensions>
      </trkpt>
      <trkpt lat="30.619162" lon="34.685492">
        <ele>805.0</ele>
        <time>2026-04-07T06:57:44.000Z</time>
        <extensions>
          <gpxtpx:TrackPointExtension>
            <gpxtpx:hr>140</gpxtpx:hr>
            <gpxtpx:cad>0</gpxtpx:cad>
            <gpxtpx:atemp>302.65</gpxtpx:atemp>
          </gpxtpx:TrackPointExtension>
        </extensions>
      </trkpt>
      <trkpt lat="30.619102" lon="34.685512">
        <ele>805.0</ele>
        <time>2026-04-07T06:57:50.000Z</time>
        <extensions>
          <gpxtpx:TrackPointExtension>
            <gpxtpx:hr>139</gpxtpx:hr>
            <gpxtpx:cad>50</gpxtpx:cad>
            <gpxtpx:atemp>302.65</gpxtpx:atemp>
          </gpxtpx:TrackPointExtension>
        </extensions>
      </trkpt>
      <trkpt lat="30.618994" lon="34.685570">
        <ele>805.0</ele>
        <time>2026-04-07T06:58:01.000Z</time>
        <extensions>
          <gpxtpx:TrackPointExtension>
            <gpxtpx:hr>131</gpxtpx:hr>
            <gpxtpx:cad>50</gpxtpx:cad>
            <gpxtpx:atemp>302.65</gpxtpx:atemp>
          </gpxtpx:TrackPointExtension>
        </extensions>
      </trkpt>
      <trkpt lat="30.618909" lon="34.685608">
        <ele>805.1</ele>
        <time>2026-04-07T06:58:10.000Z</time>
        <extensions>
          <gpxtpx:TrackPointExtension>
            <gpxtpx:hr>131</gpxtpx:hr>
            <gpxtpx:cad>0</gpxtpx:cad>
            <gpxtpx:atemp>302.65</gpxtpx:atemp>
          </gpxtpx:TrackPointExtension>
        </extensions>
      </trkpt>
      <trkpt lat="30.618840" lon="34.685656">
        <ele>805.1</ele>
        <time>2026-04-07T06:58:17.000Z</time>
        <extensions>
          <gpxtpx:TrackPointExtension>
            <gpxtpx:hr>133</gpxtpx:hr>
            <gpxtpx:cad>0</gpxtpx:cad>
            <gpxtpx:atemp>302.65</gpxtpx:atemp>
          </gpxtpx:TrackPointExtension>
        </extensions>
      </trkpt>
      <trkpt lat="30.618795" lon="34.685676">
        <ele>805.1</ele>
        <time>2026-04-07T06:58:22.000Z</time>
        <extensions>
          <gpxtpx:TrackPointExtension>
            <gpxtpx:hr>133</gpxtpx:hr>
            <gpxtpx:cad>0</gpxtpx:cad>
            <gpxtpx:atemp>302.65</gpxtpx:atemp>
          </gpxtpx:TrackPointExtension>
        </extensions>
      </trkpt>
      <trkpt lat="30.618665" lon="34.685675">
        <ele>805.6</ele>
        <time>2026-04-07T06:58:36.000Z</time>
        <extensions>
          <gpxtpx:TrackPointExtension>
            <gpxtpx:hr>136</gpxtpx:hr>
            <gpxtpx:cad>55</gpxtpx:cad>
            <gpxtpx:atemp>302.65</gpxtpx:atemp>
          </gpxtpx:TrackPointExtension>
        </extensions>
      </trkpt>
      <trkpt lat="30.618525" lon="34.685707">
        <ele>806.8</ele>
        <time>2026-04-07T06:58:48.000Z</time>
        <extensions>
          <gpxtpx:TrackPointExtension>
            <gpxtpx:hr>139</gpxtpx:hr>
            <gpxtpx:cad>0</gpxtpx:cad>
            <gpxtpx:atemp>302.65</gpxtpx:atemp>
          </gpxtpx:TrackPointExtension>
        </extensions>
      </trkpt>
      <trkpt lat="30.618488" lon="34.685700">
        <ele>806.9</ele>
        <time>2026-04-07T06:58:51.000Z</time>
        <extensions>
          <gpxtpx:TrackPointExtension>
            <gpxtpx:hr>138</gpxtpx:hr>
            <gpxtpx:cad>68</gpxtpx:cad>
            <gpxtpx:atemp>302.65</gpxtpx:atemp>
          </gpxtpx:TrackPointExtension>
        </extensions>
      </trkpt>
      <trkpt lat="30.618356" lon="34.685708">
        <ele>809.2</ele>
        <time>2026-04-07T06:59:04.000Z</time>
        <extensions>
          <gpxtpx:TrackPointExtension>
            <gpxtpx:hr>143</gpxtpx:hr>
            <gpxtpx:cad>0</gpxtpx:cad>
            <gpxtpx:atemp>302.65</gpxtpx:atemp>
          </gpxtpx:TrackPointExtension>
        </extensions>
      </trkpt>
      <trkpt lat="30.618312" lon="34.685696">
        <ele>809.9</ele>
        <time>2026-04-07T06:59:09.000Z</time>
        <extensions>
          <gpxtpx:TrackPointExtension>
            <gpxtpx:hr>145</gpxtpx:hr>
            <gpxtpx:cad>0</gpxtpx:cad>
            <gpxtpx:atemp>302.65</gpxtpx:atemp>
          </gpxtpx:TrackPointExtension>
        </extensions>
      </trkpt>
      <trkpt lat="30.618172" lon="34.685673">
        <ele>812.5</ele>
        <time>2026-04-07T06:59:26.000Z</time>
        <extensions>
          <gpxtpx:TrackPointExtension>
            <gpxtpx:hr>152</gpxtpx:hr>
            <gpxtpx:cad>47</gpxtpx:cad>
            <gpxtpx:atemp>302.65</gpxtpx:atemp>
          </gpxtpx:TrackPointExtension>
        </extensions>
      </trkpt>
      <trkpt lat="30.618017" lon="34.685697">
        <ele>815.8</ele>
        <time>2026-04-07T06:59:46.000Z</time>
        <extensions>
          <gpxtpx:TrackPointExtension>
            <gpxtpx:hr>152</gpxtpx:hr>
            <gpxtpx:cad>42</gpxtpx:cad>
            <gpxtpx:atemp>302.65</gpxtpx:atemp>
          </gpxtpx:TrackPointExtension>
        </extensions>
      </trkpt>
      <trkpt lat="30.617933" lon="34.685751">
        <ele>818.0</ele>
        <time>2026-04-07T07:00:02.000Z</time>
        <extensions>
          <gpxtpx:TrackPointExtension>
            <gpxtpx:hr>151</gpxtpx:hr>
            <gpxtpx:cad>43</gpxtpx:cad>
            <gpxtpx:atemp>302.65</gpxtpx:atemp>
          </gpxtpx:TrackPointExtension>
        </extensions>
      </trkpt>
      <trkpt lat="30.617865" lon="34.685827">
        <ele>820.2</ele>
        <time>2026-04-07T07:00:20.000Z</time>
        <extensions>
          <gpxtpx:TrackPointExtension>
            <gpxtpx:hr>150</gpxtpx:hr>
            <gpxtpx:cad>0</gpxtpx:cad>
            <gpxtpx:atemp>302.65</gpxtpx:atemp>
          </gpxtpx:TrackPointExtension>
        </extensions>
      </trkpt>
      <trkpt lat="30.617817" lon="34.685862">
        <ele>821.5</ele>
        <time>2026-04-07T07:00:28.000Z</time>
        <extensions>
          <gpxtpx:TrackPointExtension>
            <gpxtpx:hr>152</gpxtpx:hr>
            <gpxtpx:cad>0</gpxtpx:cad>
            <gpxtpx:atemp>302.65</gpxtpx:atemp>
          </gpxtpx:TrackPointExtension>
        </extensions>
      </trkpt>
      <trkpt lat="30.617770" lon="34.685929">
        <ele>822.9</ele>
        <time>2026-04-07T07:00:44.000Z</time>
        <extensions>
          <gpxtpx:TrackPointExtension>
            <gpxtpx:hr>152</gpxtpx:hr>
            <gpxtpx:cad>0</gpxtpx:cad>
            <gpxtpx:atemp>302.65</gpxtpx:atemp>
          </gpxtpx:TrackPointExtension>
        </extensions>
      </trkpt>
      <trkpt lat="30.617741" lon="34.685978">
        <ele>823.8</ele>
        <time>2026-04-07T07:01:02.000Z</time>
        <extensions>
          <gpxtpx:TrackPointExtension>
            <gpxtpx:hr>150</gpxtpx:hr>
            <gpxtpx:cad>0</gpxtpx:cad>
            <gpxtpx:atemp>302.65</gpxtpx:atemp>
          </gpxtpx:TrackPointExtension>
        </extensions>
      </trkpt>
      <trkpt lat="30.617703" lon="34.686055">
        <ele>825.2</ele>
        <time>2026-04-07T07:01:18.000Z</time>
        <extensions>
          <gpxtpx:TrackPointExtension>
            <gpxtpx:hr>151</gpxtpx:hr>
            <gpxtpx:cad>72</gpxtpx:cad>
            <gpxtpx:atemp>302.65</gpxtpx:atemp>
          </gpxtpx:TrackPointExtension>
        </extensions>
      </trkpt>
      <trkpt lat="30.617654" lon="34.686053">
        <ele>826.3</ele>
        <time>2026-04-07T07:01:27.000Z</time>
        <extensions>
          <gpxtpx:TrackPointExtension>
            <gpxtpx:hr>154</gpxtpx:hr>
            <gpxtpx:cad>78</gpxtpx:cad>
            <gpxtpx:atemp>302.65</gpxtpx:atemp>
          </gpxtpx:TrackPointExtension>
        </extensions>
      </trkpt>
      <trkpt lat="30.617612" lon="34.686000">
        <ele>826.8</ele>
        <time>2026-04-07T07:01:36.000Z</time>
        <extensions>
          <gpxtpx:TrackPointExtension>
            <gpxtpx:hr>154</gpxtpx:hr>
            <gpxtpx:cad>42</gpxtpx:cad>
            <gpxtpx:atemp>302.65</gpxtpx:atemp>
          </gpxtpx:TrackPointExtension>
        </extensions>
      </trkpt>
      <trkpt lat="30.617524" lon="34.685980">
        <ele>828.5</ele>
        <time>2026-04-07T07:01:52.000Z</time>
        <extensions>
          <gpxtpx:TrackPointExtension>
            <gpxtpx:hr>152</gpxtpx:hr>
            <gpxtpx:cad>0</gpxtpx:cad>
            <gpxtpx:atemp>302.65</gpxtpx:atemp>
          </gpxtpx:TrackPointExtension>
        </extensions>
      </trkpt>
      <trkpt lat="30.617452" lon="34.685885">
        <ele>829.7</ele>
        <time>2026-04-07T07:02:08.000Z</time>
        <extensions>
          <gpxtpx:TrackPointExtension>
            <gpxtpx:hr>154</gpxtpx:hr>
            <gpxtpx:cad>0</gpxtpx:cad>
            <gpxtpx:atemp>302.65</gpxtpx:atemp>
          </gpxtpx:TrackPointExtension>
        </extensions>
      </trkpt>
      <trkpt lat="30.617413" lon="34.685716">
        <ele>830.0</ele>
        <time>2026-04-07T07:02:26.000Z</time>
        <extensions>
          <gpxtpx:TrackPointExtension>
            <gpxtpx:hr>154</gpxtpx:hr>
            <gpxtpx:cad>0</gpxtpx:cad>
            <gpxtpx:atemp>302.65</gpxtpx:atemp>
          </gpxtpx:TrackPointExtension>
        </extensions>
      </trkpt>
      <trkpt lat="30.617373" lon="34.685635">
        <ele>830.7</ele>
        <time>2026-04-07T07:02:41.000Z</time>
        <extensions>
          <gpxtpx:TrackPointExtension>
            <gpxtpx:hr>150</gpxtpx:hr>
            <gpxtpx:cad>0</gpxtpx:cad>
            <gpxtpx:atemp>302.65</gpxtpx:atemp>
          </gpxtpx:TrackPointExtension>
        </extensions>
      </trkpt>
      <trkpt lat="30.617316" lon="34.685577">
        <ele>831.6</ele>
        <time>2026-04-07T07:02:56.000Z</time>
        <extensions>
          <gpxtpx:TrackPointExtension>
            <gpxtpx:hr>150</gpxtpx:hr>
            <gpxtpx:cad>0</gpxtpx:cad>
            <gpxtpx:atemp>302.65</gpxtpx:atemp>
          </gpxtpx:TrackPointExtension>
        </extensions>
      </trkpt>
      <trkpt lat="30.617250" lon="34.685634">
        <ele>832.6</ele>
        <time>2026-04-07T07:03:05.000Z</time>
        <extensions>
          <gpxtpx:TrackPointExtension>
            <gpxtpx:hr>153</gpxtpx:hr>
            <gpxtpx:cad>45</gpxtpx:cad>
            <gpxtpx:atemp>302.65</gpxtpx:atemp>
          </gpxtpx:TrackPointExtension>
        </extensions>
      </trkpt>
      <trkpt lat="30.617178" lon="34.685670">
        <ele>833.6</ele>
        <time>2026-04-07T07:03:15.000Z</time>
        <extensions>
          <gpxtpx:TrackPointExtension>
            <gpxtpx:hr>153</gpxtpx:hr>
            <gpxtpx:cad>73</gpxtpx:cad>
            <gpxtpx:atemp>302.65</gpxtpx:atemp>
          </gpxtpx:TrackPointExtension>
        </extensions>
      </trkpt>
      <trkpt lat="30.617094" lon="34.685711">
        <ele>834.9</ele>
        <time>2026-04-07T07:03:28.000Z</time>
        <extensions>
          <gpxtpx:TrackPointExtension>
            <gpxtpx:hr>154</gpxtpx:hr>
            <gpxtpx:cad>0</gpxtpx:cad>
            <gpxtpx:atemp>303.65</gpxtpx:atemp>
          </gpxtpx:TrackPointExtension>
        </extensions>
      </trkpt>
      <trkpt lat="30.617055" lon="34.685728">
        <ele>835.3</ele>
        <time>2026-04-07T07:03:34.000Z</time>
        <extensions>
          <gpxtpx:TrackPointExtension>
            <gpxtpx:hr>155</gpxtpx:hr>
            <gpxtpx:cad>77</gpxtpx:cad>
            <gpxtpx:atemp>303.65</gpxtpx:atemp>
          </gpxtpx:TrackPointExtension>
        </extensions>
      </trkpt>
      <trkpt lat="30.616991" lon="34.685715">
        <ele>835.8</ele>
        <time>2026-04-07T07:03:42.000Z</time>
        <extensions>
          <gpxtpx:TrackPointExtension>
            <gpxtpx:hr>155</gpxtpx:hr>
            <gpxtpx:cad>40</gpxtpx:cad>
            <gpxtpx:atemp>303.65</gpxtpx:atemp>
          </gpxtpx:TrackPointExtension>
        </extensions>
      </trkpt>
      <trkpt lat="30.616924" lon="34.685778">
        <ele>836.6</ele>
        <time>2026-04-07T07:03:53.000Z</time>
        <extensions>
          <gpxtpx:TrackPointExtension>
            <gpxtpx:hr>156</gpxtpx:hr>
            <gpxtpx:cad>47</gpxtpx:cad>
            <gpxtpx:atemp>303.65</gpxtpx:atemp>
          </gpxtpx:TrackPointExtension>
        </extensions>
      </trkpt>
      <trkpt lat="30.616874" lon="34.685805">
        <ele>837.2</ele>
        <time>2026-04-07T07:04:00.000Z</time>
        <extensions>
          <gpxtpx:TrackPointExtension>
            <gpxtpx:hr>155</gpxtpx:hr>
            <gpxtpx:cad>44</gpxtpx:cad>
            <gpxtpx:atemp>303.65</gpxtpx:atemp>
          </gpxtpx:TrackPointExtension>
        </extensions>
      </trkpt>
      <trkpt lat="30.616805" lon="34.685863">
        <ele>838.2</ele>
        <time>2026-04-07T07:04:08.000Z</time>
        <extensions>
          <gpxtpx:TrackPointExtension>
            <gpxtpx:hr>154</gpxtpx:hr>
            <gpxtpx:cad>48</gpxtpx:cad>
            <gpxtpx:atemp>302.65</gpxtpx:atemp>
          </gpxtpx:TrackPointExtension>
        </extensions>
      </trkpt>
      <trkpt lat="30.616741" lon="34.685889">
        <ele>838.2</ele>
        <time>2026-04-07T07:04:14.000Z</time>
        <extensions>
          <gpxtpx:TrackPointExtension>
            <gpxtpx:hr>154</gpxtpx:hr>
            <gpxtpx:cad>50</gpxtpx:cad>
            <gpxtpx:atemp>302.65</gpxtpx:atemp>
          </gpxtpx:TrackPointExtension>
        </extensions>
      </trkpt>
      <trkpt lat="30.616713" lon="34.685966">
        <ele>838.6</ele>
        <time>2026-04-07T07:04:20.000Z</time>
        <extensions>
          <gpxtpx:TrackPointExtension>
            <gpxtpx:hr>152</gpxtpx:hr>
            <gpxtpx:cad>0</gpxtpx:cad>
            <gpxtpx:atemp>302.65</gpxtpx:atemp>
          </gpxtpx:TrackPointExtension>
        </extensions>
      </trkpt>
      <trkpt lat="30.616660" lon="34.686038">
        <ele>838.5</ele>
        <time>2026-04-07T07:04:26.000Z</time>
        <extensions>
          <gpxtpx:TrackPointExtension>
            <gpxtpx:hr>149</gpxtpx:hr>
            <gpxtpx:cad>57</gpxtpx:cad>
            <gpxtpx:atemp>302.65</gpxtpx:atemp>
          </gpxtpx:TrackPointExtension>
        </extensions>
      </trkpt>
      <trkpt lat="30.616585" lon="34.686174">
        <ele>838.2</ele>
        <time>2026-04-07T07:04:38.000Z</time>
        <extensions>
          <gpxtpx:TrackPointExtension>
            <gpxtpx:hr>146</gpxtpx:hr>
            <gpxtpx:cad>54</gpxtpx:cad>
            <gpxtpx:atemp>302.65</gpxtpx:atemp>
          </gpxtpx:TrackPointExtension>
        </extensions>
      </trkpt>
      <trkpt lat="30.616539" lon="34.686286">
        <ele>837.8</ele>
        <time>2026-04-07T07:04:47.000Z</time>
        <extensions>
          <gpxtpx:TrackPointExtension>
            <gpxtpx:hr>147</gpxtpx:hr>
            <gpxtpx:cad>55</gpxtpx:cad>
            <gpxtpx:atemp>302.65</gpxtpx:atemp>
          </gpxtpx:TrackPointExtension>
        </extensions>
      </trkpt>
      <trkpt lat="30.616438" lon="34.686403">
        <ele>836.4</ele>
        <time>2026-04-07T07:04:57.000Z</time>
        <extensions>
          <gpxtpx:TrackPointExtension>
            <gpxtpx:hr>145</gpxtpx:hr>
            <gpxtpx:cad>56</gpxtpx:cad>
            <gpxtpx:atemp>302.65</gpxtpx:atemp>
          </gpxtpx:TrackPointExtension>
        </extensions>
      </trkpt>
      <trkpt lat="30.616378" lon="34.686445">
        <ele>835.9</ele>
        <time>2026-04-07T07:05:01.000Z</time>
        <extensions>
          <gpxtpx:TrackPointExtension>
            <gpxtpx:hr>141</gpxtpx:hr>
            <gpxtpx:cad>72</gpxtpx:cad>
            <gpxtpx:atemp>302.65</gpxtpx:atemp>
          </gpxtpx:TrackPointExtension>
        </extensions>
      </trkpt>
      <trkpt lat="30.616271" lon="34.686559">
        <ele>834.8</ele>
        <time>2026-04-07T07:05:12.000Z</time>
        <extensions>
          <gpxtpx:TrackPointExtension>
            <gpxtpx:hr>141</gpxtpx:hr>
            <gpxtpx:cad>74</gpxtpx:cad>
            <gpxtpx:atemp>302.65</gpxtpx:atemp>
          </gpxtpx:TrackPointExtension>
        </extensions>
      </trkpt>
      <trkpt lat="30.616154" lon="34.686639">
        <ele>833.1</ele>
        <time>2026-04-07T07:05:20.000Z</time>
        <extensions>
          <gpxtpx:TrackPointExtension>
            <gpxtpx:hr>142</gpxtpx:hr>
            <gpxtpx:cad>75</gpxtpx:cad>
            <gpxtpx:atemp>302.65</gpxtpx:atemp>
          </gpxtpx:TrackPointExtension>
        </extensions>
      </trkpt>
      <trkpt lat="30.616067" lon="34.686832">
        <ele>831.5</ele>
        <time>2026-04-07T07:05:30.000Z</time>
        <extensions>
          <gpxtpx:TrackPointExtension>
            <gpxtpx:hr>140</gpxtpx:hr>
            <gpxtpx:cad>76</gpxtpx:cad>
            <gpxtpx:atemp>302.65</gpxtpx:atemp>
          </gpxtpx:TrackPointExtension>
        </extensions>
      </trkpt>
      <trkpt lat="30.616049" lon="34.686890">
        <ele>831.0</ele>
        <time>2026-04-07T07:05:33.000Z</time>
        <extensions>
          <gpxtpx:TrackPointExtension>
            <gpxtpx:hr>140</gpxtpx:hr>
            <gpxtpx:cad>75</gpxtpx:cad>
            <gpxtpx:atemp>302.65</gpxtpx:atemp>
          </gpxtpx:TrackPointExtension>
        </extensions>
      </trkpt>
      <trkpt lat="30.615965" lon="34.687010">
        <ele>830.3</ele>
        <time>2026-04-07T07:05:40.000Z</time>
        <extensions>
          <gpxtpx:TrackPointExtension>
            <gpxtpx:hr>141</gpxtpx:hr>
            <gpxtpx:cad>76</gpxtpx:cad>
            <gpxtpx:atemp>302.65</gpxtpx:atemp>
          </gpxtpx:TrackPointExtension>
        </extensions>
      </trkpt>
      <trkpt lat="30.615933" lon="34.687092">
        <ele>829.9</ele>
        <time>2026-04-07T07:05:47.000Z</time>
        <extensions>
          <gpxtpx:TrackPointExtension>
            <gpxtpx:hr>141</gpxtpx:hr>
            <gpxtpx:cad>56</gpxtpx:cad>
            <gpxtpx:atemp>302.65</gpxtpx:atemp>
          </gpxtpx:TrackPointExtension>
        </extensions>
      </trkpt>
      <trkpt lat="30.615871" lon="34.687175">
        <ele>829.6</ele>
        <time>2026-04-07T07:05:55.000Z</time>
        <extensions>
          <gpxtpx:TrackPointExtension>
            <gpxtpx:hr>139</gpxtpx:hr>
            <gpxtpx:cad>56</gpxtpx:cad>
            <gpxtpx:atemp>302.65</gpxtpx:atemp>
          </gpxtpx:TrackPointExtension>
        </extensions>
      </trkpt>
      <trkpt lat="30.615767" lon="34.687335">
        <ele>829.5</ele>
        <time>2026-04-07T07:06:10.000Z</time>
        <extensions>
          <gpxtpx:TrackPointExtension>
            <gpxtpx:hr>129</gpxtpx:hr>
            <gpxtpx:cad>51</gpxtpx:cad>
            <gpxtpx:atemp>301.65</gpxtpx:atemp>
          </gpxtpx:TrackPointExtension>
        </extensions>
      </trkpt>
      <trkpt lat="30.615657" lon="34.687432">
        <ele>829.9</ele>
        <time>2026-04-07T07:06:20.000Z</time>
        <extensions>
          <gpxtpx:TrackPointExtension>
            <gpxtpx:hr>129</gpxtpx:hr>
            <gpxtpx:cad>68</gpxtpx:cad>
            <gpxtpx:atemp>301.65</gpxtpx:atemp>
          </gpxtpx:TrackPointExtension>
        </extensions>
      </trkpt>
      <trkpt lat="30.615589" lon="34.687464">
        <ele>830.3</ele>
        <time>2026-04-07T07:06:25.000Z</time>
        <extensions>
          <gpxtpx:TrackPointExtension>
            <gpxtpx:hr>128</gpxtpx:hr>
            <gpxtpx:cad>49</gpxtpx:cad>
            <gpxtpx:atemp>301.65</gpxtpx:atemp>
          </gpxtpx:TrackPointExtension>
        </extensions>
      </trkpt>
      <trkpt lat="30.615529" lon="34.687595">
        <ele>830.8</ele>
        <time>2026-04-07T07:06:34.000Z</time>
        <extensions>
          <gpxtpx:TrackPointExtension>
            <gpxtpx:hr>128</gpxtpx:hr>
            <gpxtpx:cad>75</gpxtpx:cad>
            <gpxtpx:atemp>301.65</gpxtpx:atemp>
          </gpxtpx:TrackPointExtension>
        </extensions>
      </trkpt>
      <trkpt lat="30.615454" lon="34.687644">
        <ele>831.6</ele>
        <time>2026-04-07T07:06:42.000Z</time>
        <extensions>
          <gpxtpx:TrackPointExtension>
            <gpxtpx:hr>130</gpxtpx:hr>
            <gpxtpx:cad>53</gpxtpx:cad>
            <gpxtpx:atemp>301.65</gpxtpx:atemp>
          </gpxtpx:TrackPointExtension>
        </extensions>
      </trkpt>
      <trkpt lat="30.615354" lon="34.687717">
        <ele>832.5</ele>
        <time>2026-04-07T07:06:50.000Z</time>
        <extensions>
          <gpxtpx:TrackPointExtension>
            <gpxtpx:hr>130</gpxtpx:hr>
            <gpxtpx:cad>68</gpxtpx:cad>
            <gpxtpx:atemp>301.65</gpxtpx:atemp>
          </gpxtpx:TrackPointExtension>
        </extensions>
      </trkpt>
      <trkpt lat="30.615226" lon="34.687820">
        <ele>833.8</ele>
        <time>2026-04-07T07:07:03.000Z</time>
        <extensions>
          <gpxtpx:TrackPointExtension>
            <gpxtpx:hr>131</gpxtpx:hr>
            <gpxtpx:cad>59</gpxtpx:cad>
            <gpxtpx:atemp>301.65</gpxtpx:atemp>
          </gpxtpx:TrackPointExtension>
        </extensions>
      </trkpt>
      <trkpt lat="30.615090" lon="34.687880">
        <ele>835.0</ele>
        <time>2026-04-07T07:07:21.000Z</time>
        <extensions>
          <gpxtpx:TrackPointExtension>
            <gpxtpx:hr>126</gpxtpx:hr>
            <gpxtpx:cad>0</gpxtpx:cad>
            <gpxtpx:atemp>301.65</gpxtpx:atemp>
          </gpxtpx:TrackPointExtension>
        </extensions>
      </trkpt>
      <trkpt lat="30.615029" lon="34.687929">
        <ele>835.4</ele>
        <time>2026-04-07T07:07:28.000Z</time>
        <extensions>
          <gpxtpx:TrackPointExtension>
            <gpxtpx:hr>126</gpxtpx:hr>
            <gpxtpx:cad>46</gpxtpx:cad>
            <gpxtpx:atemp>301.65</gpxtpx:atemp>
          </gpxtpx:TrackPointExtension>
        </extensions>
      </trkpt>
      <trkpt lat="30.614911" lon="34.688003">
        <ele>835.8</ele>
        <time>2026-04-07T07:07:38.000Z</time>
        <extensions>
          <gpxtpx:TrackPointExtension>
            <gpxtpx:hr>128</gpxtpx:hr>
            <gpxtpx:cad>61</gpxtpx:cad>
            <gpxtpx:atemp>301.65</gpxtpx:atemp>
          </gpxtpx:TrackPointExtension>
        </extensions>
      </trkpt>
      <trkpt lat="30.614754" lon="34.688074">
        <ele>835.8</ele>
        <time>2026-04-07T07:07:51.000Z</time>
        <extensions>
          <gpxtpx:TrackPointExtension>
            <gpxtpx:hr>134</gpxtpx:hr>
            <gpxtpx:cad>0</gpxtpx:cad>
            <gpxtpx:atemp>301.65</gpxtpx:atemp>
          </gpxtpx:TrackPointExtension>
        </extensions>
      </trkpt>
      <trkpt lat="30.614696" lon="34.688096">
        <ele>835.8</ele>
        <time>2026-04-07T07:07:56.000Z</time>
        <extensions>
          <gpxtpx:TrackPointExtension>
            <gpxtpx:hr>133</gpxtpx:hr>
            <gpxtpx:cad>0</gpxtpx:cad>
            <gpxtpx:atemp>301.65</gpxtpx:atemp>
          </gpxtpx:TrackPointExtension>
        </extensions>
      </trkpt>
      <trkpt lat="30.614577" lon="34.688103">
        <ele>835.6</ele>
        <time>2026-04-07T07:08:05.000Z</time>
        <extensions>
          <gpxtpx:TrackPointExtension>
            <gpxtpx:hr>132</gpxtpx:hr>
            <gpxtpx:cad>53</gpxtpx:cad>
            <gpxtpx:atemp>301.65</gpxtpx:atemp>
          </gpxtpx:TrackPointExtension>
        </extensions>
      </trkpt>
      <trkpt lat="30.614423" lon="34.688097">
        <ele>834.1</ele>
        <time>2026-04-07T07:08:19.000Z</time>
        <extensions>
          <gpxtpx:TrackPointExtension>
            <gpxtpx:hr>131</gpxtpx:hr>
            <gpxtpx:cad>0</gpxtpx:cad>
            <gpxtpx:atemp>300.65</gpxtpx:atemp>
          </gpxtpx:TrackPointExtension>
        </extensions>
      </trkpt>
      <trkpt lat="30.614291" lon="34.688060">
        <ele>832.9</ele>
        <time>2026-04-07T07:08:31.000Z</time>
        <extensions>
          <gpxtpx:TrackPointExtension>
            <gpxtpx:hr>131</gpxtpx:hr>
            <gpxtpx:cad>0</gpxtpx:cad>
            <gpxtpx:atemp>300.65</gpxtpx:atemp>
          </gpxtpx:TrackPointExtension>
        </extensions>
      </trkpt>
      <trkpt lat="30.614209" lon="34.688065">
        <ele>832.1</ele>
        <time>2026-04-07T07:08:39.000Z</time>
        <extensions>
          <gpxtpx:TrackPointExtension>
            <gpxtpx:hr>130</gpxtpx:hr>
            <gpxtpx:cad>0</gpxtpx:cad>
            <gpxtpx:atemp>300.65</gpxtpx:atemp>
          </gpxtpx:TrackPointExtension>
        </extensions>
      </trkpt>
      <trkpt lat="30.614068" lon="34.688060">
        <ele>830.8</ele>
        <time>2026-04-07T07:08:52.000Z</time>
        <extensions>
          <gpxtpx:TrackPointExtension>
            <gpxtpx:hr>121</gpxtpx:hr>
            <gpxtpx:cad>125</gpxtpx:cad>
            <gpxtpx:atemp>300.65</gpxtpx:atemp>
          </gpxtpx:TrackPointExtension>
        </extensions>
      </trkpt>
      <trkpt lat="30.614014" lon="34.688045">
        <ele>830.5</ele>
        <time>2026-04-07T07:08:57.000Z</time>
        <extensions>
          <gpxtpx:TrackPointExtension>
            <gpxtpx:hr>121</gpxtpx:hr>
            <gpxtpx:cad>125</gpxtpx:cad>
            <gpxtpx:atemp>300.65</gpxtpx:atemp>
          </gpxtpx:TrackPointExtension>
        </extensions>
      </trkpt>
      <trkpt lat="30.613961" lon="34.687988">
        <ele>830.7</ele>
        <time>2026-04-07T07:09:05.000Z</time>
        <extensions>
          <gpxtpx:TrackPointExtension>
            <gpxtpx:hr>120</gpxtpx:hr>
            <gpxtpx:cad>55</gpxtpx:cad>
            <gpxtpx:atemp>300.65</gpxtpx:atemp>
          </gpxtpx:TrackPointExtension>
        </extensions>
      </trkpt>
      <trkpt lat="30.613862" lon="34.687984">
        <ele>829.9</ele>
        <time>2026-04-07T07:09:15.000Z</time>
        <extensions>
          <gpxtpx:TrackPointExtension>
            <gpxtpx:hr>118</gpxtpx:hr>
            <gpxtpx:cad>56</gpxtpx:cad>
            <gpxtpx:atemp>300.65</gpxtpx:atemp>
          </gpxtpx:TrackPointExtension>
        </extensions>
      </trkpt>
      <trkpt lat="30.613702" lon="34.688002">
        <ele>828.7</ele>
        <time>2026-04-07T07:09:30.000Z</time>
        <extensions>
          <gpxtpx:TrackPointExtension>
            <gpxtpx:hr>121</gpxtpx:hr>
            <gpxtpx:cad>60</gpxtpx:cad>
            <gpxtpx:atemp>300.65</gpxtpx:atemp>
          </gpxtpx:TrackPointExtension>
        </extensions>
      </trkpt>
      <trkpt lat="30.613653" lon="34.688020">
        <ele>828.3</ele>
        <time>2026-04-07T07:09:34.000Z</time>
        <extensions>
          <gpxtpx:TrackPointExtension>
            <gpxtpx:hr>122</gpxtpx:hr>
            <gpxtpx:cad>0</gpxtpx:cad>
            <gpxtpx:atemp>300.65</gpxtpx:atemp>
          </gpxtpx:TrackPointExtension>
        </extensions>
      </trkpt>
      <trkpt lat="30.613536" lon="34.688030">
        <ele>827.7</ele>
        <time>2026-04-07T07:09:45.000Z</time>
        <extensions>
          <gpxtpx:TrackPointExtension>
            <gpxtpx:hr>122</gpxtpx:hr>
            <gpxtpx:cad>51</gpxtpx:cad>
            <gpxtpx:atemp>300.65</gpxtpx:atemp>
          </gpxtpx:TrackPointExtension>
        </extensions>
      </trkpt>
      <trkpt lat="30.613487" lon="34.688004">
        <ele>828.1</ele>
        <time>2026-04-07T07:09:49.000Z</time>
        <extensions>
          <gpxtpx:TrackPointExtension>
            <gpxtpx:hr>121</gpxtpx:hr>
            <gpxtpx:cad>0</gpxtpx:cad>
            <gpxtpx:atemp>300.65</gpxtpx:atemp>
          </gpxtpx:TrackPointExtension>
        </extensions>
      </trkpt>
      <trkpt lat="30.613409" lon="34.687999">
        <ele>828.5</ele>
        <time>2026-04-07T07:09:55.000Z</time>
        <extensions>
          <gpxtpx:TrackPointExtension>
            <gpxtpx:hr>120</gpxtpx:hr>
            <gpxtpx:cad>77</gpxtpx:cad>
            <gpxtpx:atemp>300.65</gpxtpx:atemp>
          </gpxtpx:TrackPointExtension>
        </extensions>
      </trkpt>
      <trkpt lat="30.613337" lon="34.687963">
        <ele>829.5</ele>
        <time>2026-04-07T07:10:03.000Z</time>
        <extensions>
          <gpxtpx:TrackPointExtension>
            <gpxtpx:hr>118</gpxtpx:hr>
            <gpxtpx:cad>61</gpxtpx:cad>
            <gpxtpx:atemp>300.65</gpxtpx:atemp>
          </gpxtpx:TrackPointExtension>
        </extensions>
      </trkpt>
      <trkpt lat="30.613273" lon="34.687957">
        <ele>829.8</ele>
        <time>2026-04-07T07:10:08.000Z</time>
        <extensions>
          <gpxtpx:TrackPointExtension>
            <gpxtpx:hr>120</gpxtpx:hr>
            <gpxtpx:cad>55</gpxtpx:cad>
            <gpxtpx:atemp>300.65</gpxtpx:atemp>
          </gpxtpx:TrackPointExtension>
        </extensions>
      </trkpt>
      <trkpt lat="30.613140" lon="34.687924">
        <ele>830.8</ele>
        <time>2026-04-07T07:10:17.000Z</time>
        <extensions>
          <gpxtpx:TrackPointExtension>
            <gpxtpx:hr>124</gpxtpx:hr>
            <gpxtpx:cad>71</gpxtpx:cad>
            <gpxtpx:atemp>300.65</gpxtpx:atemp>
          </gpxtpx:TrackPointExtension>
        </extensions>
      </trkpt>
      <trkpt lat="30.613051" lon="34.687890">
        <ele>831.4</ele>
        <time>2026-04-07T07:10:23.000Z</time>
        <extensions>
          <gpxtpx:TrackPointExtension>
            <gpxtpx:hr>129</gpxtpx:hr>
            <gpxtpx:cad>69</gpxtpx:cad>
            <gpxtpx:atemp>300.65</gpxtpx:atemp>
          </gpxtpx:TrackPointExtension>
        </extensions>
      </trkpt>
      <trkpt lat="30.612907" lon="34.687765">
        <ele>833.2</ele>
        <time>2026-04-07T07:10:34.000Z</time>
        <extensions>
          <gpxtpx:TrackPointExtension>
            <gpxtpx:hr>136</gpxtpx:hr>
            <gpxtpx:cad>74</gpxtpx:cad>
            <gpxtpx:atemp>300.65</gpxtpx:atemp>
          </gpxtpx:TrackPointExtension>
        </extensions>
      </trkpt>
      <trkpt lat="30.612766" lon="34.687693">
        <ele>833.7</ele>
        <time>2026-04-07T07:10:47.000Z</time>
        <extensions>
          <gpxtpx:TrackPointExtension>
            <gpxtpx:hr>143</gpxtpx:hr>
            <gpxtpx:cad>0</gpxtpx:cad>
            <gpxtpx:atemp>300.65</gpxtpx:atemp>
          </gpxtpx:TrackPointExtension>
        </extensions>
      </trkpt>
      <trkpt lat="30.612707" lon="34.687671">
        <ele>833.8</ele>
        <time>2026-04-07T07:10:53.000Z</time>
        <extensions>
          <gpxtpx:TrackPointExtension>
            <gpxtpx:hr>145</gpxtpx:hr>
            <gpxtpx:cad>57</gpxtpx:cad>
            <gpxtpx:atemp>300.65</gpxtpx:atemp>
          </gpxtpx:TrackPointExtension>
        </extensions>
      </trkpt>
      <trkpt lat="30.612621" lon="34.687627">
        <ele>833.8</ele>
        <time>2026-04-07T07:11:03.000Z</time>
        <extensions>
          <gpxtpx:TrackPointExtension>
            <gpxtpx:hr>153</gpxtpx:hr>
            <gpxtpx:cad>0</gpxtpx:cad>
            <gpxtpx:atemp>300.65</gpxtpx:atemp>
          </gpxtpx:TrackPointExtension>
        </extensions>
      </trkpt>
      <trkpt lat="30.612559" lon="34.687595">
        <ele>833.1</ele>
        <time>2026-04-07T07:11:11.000Z</time>
        <extensions>
          <gpxtpx:TrackPointExtension>
            <gpxtpx:hr>153</gpxtpx:hr>
            <gpxtpx:cad>51</gpxtpx:cad>
            <gpxtpx:atemp>300.65</gpxtpx:atemp>
          </gpxtpx:TrackPointExtension>
        </extensions>
      </trkpt>
      <trkpt lat="30.612514" lon="34.687625">
        <ele>832.3</ele>
        <time>2026-04-07T07:11:17.000Z</time>
        <extensions>
          <gpxtpx:TrackPointExtension>
            <gpxtpx:hr>151</gpxtpx:hr>
            <gpxtpx:cad>0</gpxtpx:cad>
            <gpxtpx:atemp>300.65</gpxtpx:atemp>
          </gpxtpx:TrackPointExtension>
        </extensions>
      </trkpt>
      <trkpt lat="30.612382" lon="34.687699">
        <ele>829.4</ele>
        <time>2026-04-07T07:11:36.000Z</time>
        <extensions>
          <gpxtpx:TrackPointExtension>
            <gpxtpx:hr>142</gpxtpx:hr>
            <gpxtpx:cad>43</gpxtpx:cad>
            <gpxtpx:atemp>300.65</gpxtpx:atemp>
          </gpxtpx:TrackPointExtension>
        </extensions>
      </trkpt>
      <trkpt lat="30.612265" lon="34.687807">
        <ele>825.2</ele>
        <time>2026-04-07T07:11:52.000Z</time>
        <extensions>
          <gpxtpx:TrackPointExtension>
            <gpxtpx:hr>130</gpxtpx:hr>
            <gpxtpx:cad>0</gpxtpx:cad>
            <gpxtpx:atemp>300.65</gpxtpx:atemp>
          </gpxtpx:TrackPointExtension>
        </extensions>
      </trkpt>
      <trkpt lat="30.612157" lon="34.687932">
        <ele>820.5</ele>
        <time>2026-04-07T07:12:07.000Z</time>
        <extensions>
          <gpxtpx:TrackPointExtension>
            <gpxtpx:hr>124</gpxtpx:hr>
            <gpxtpx:cad>55</gpxtpx:cad>
            <gpxtpx:atemp>301.65</gpxtpx:atemp>
          </gpxtpx:TrackPointExtension>
        </extensions>
      </trkpt>
      <trkpt lat="30.612104" lon="34.687992">
        <ele>817.9</ele>
        <time>2026-04-07T07:12:14.000Z</time>
        <extensions>
          <gpxtpx:TrackPointExtension>
            <gpxtpx:hr>122</gpxtpx:hr>
            <gpxtpx:cad>57</gpxtpx:cad>
            <gpxtpx:atemp>301.65</gpxtpx:atemp>
          </gpxtpx:TrackPointExtension>
        </extensions>
      </trkpt>
      <trkpt lat="30.611985" lon="34.688090">
        <ele>812.6</ele>
        <time>2026-04-07T07:12:28.000Z</time>
        <extensions>
          <gpxtpx:TrackPointExtension>
            <gpxtpx:hr>117</gpxtpx:hr>
            <gpxtpx:cad>0</gpxtpx:cad>
            <gpxtpx:atemp>301.65</gpxtpx:atemp>
          </gpxtpx:TrackPointExtension>
        </extensions>
      </trkpt>
      <trkpt lat="30.611841" lon="34.688164">
        <ele>806.8</ele>
        <time>2026-04-07T07:12:48.000Z</time>
        <extensions>
          <gpxtpx:TrackPointExtension>
            <gpxtpx:hr>122</gpxtpx:hr>
            <gpxtpx:cad>0</gpxtpx:cad>
            <gpxtpx:atemp>301.65</gpxtpx:atemp>
          </gpxtpx:TrackPointExtension>
        </extensions>
      </trkpt>
      <trkpt lat="30.611802" lon="34.688205">
        <ele>804.6</ele>
        <time>2026-04-07T07:12:54.000Z</time>
        <extensions>
          <gpxtpx:TrackPointExtension>
            <gpxtpx:hr>121</gpxtpx:hr>
            <gpxtpx:cad>55</gpxtpx:cad>
            <gpxtpx:atemp>301.65</gpxtpx:atemp>
          </gpxtpx:TrackPointExtension>
        </extensions>
      </trkpt>
      <trkpt lat="30.611747" lon="34.688237">
        <ele>802.3</ele>
        <time>2026-04-07T07:13:02.000Z</time>
        <extensions>
          <gpxtpx:TrackPointExtension>
            <gpxtpx:hr>120</gpxtpx:hr>
            <gpxtpx:cad>0</gpxtpx:cad>
            <gpxtpx:atemp>301.65</gpxtpx:atemp>
          </gpxtpx:TrackPointExtension>
        </extensions>
      </trkpt>
      <trkpt lat="30.611694" lon="34.688233">
        <ele>801.0</ele>
        <time>2026-04-07T07:13:09.000Z</time>
        <extensions>
          <gpxtpx:TrackPointExtension>
            <gpxtpx:hr>119</gpxtpx:hr>
            <gpxtpx:cad>0</gpxtpx:cad>
            <gpxtpx:atemp>301.65</gpxtpx:atemp>
          </gpxtpx:TrackPointExtension>
        </extensions>
      </trkpt>
      <trkpt lat="30.611623" lon="34.688237">
        <ele>799.1</ele>
        <time>2026-04-07T07:13:23.000Z</time>
        <extensions>
          <gpxtpx:TrackPointExtension>
            <gpxtpx:hr>119</gpxtpx:hr>
            <gpxtpx:cad>0</gpxtpx:cad>
            <gpxtpx:atemp>301.65</gpxtpx:atemp>
          </gpxtpx:TrackPointExtension>
        </extensions>
      </trkpt>
      <trkpt lat="30.611528" lon="34.688226">
        <ele>797.0</ele>
        <time>2026-04-07T07:13:38.000Z</time>
        <extensions>
          <gpxtpx:TrackPointExtension>
            <gpxtpx:hr>120</gpxtpx:hr>
            <gpxtpx:cad>0</gpxtpx:cad>
            <gpxtpx:atemp>301.65</gpxtpx:atemp>
          </gpxtpx:TrackPointExtension>
        </extensions>
      </trkpt>
      <trkpt lat="30.611447" lon="34.688216">
        <ele>795.5</ele>
        <time>2026-04-07T07:13:51.000Z</time>
        <extensions>
          <gpxtpx:TrackPointExtension>
            <gpxtpx:hr>125</gpxtpx:hr>
            <gpxtpx:cad>0</gpxtpx:cad>
            <gpxtpx:atemp>301.65</gpxtpx:atemp>
          </gpxtpx:TrackPointExtension>
        </extensions>
      </trkpt>
      <trkpt lat="30.611386" lon="34.688220">
        <ele>794.1</ele>
        <time>2026-04-07T07:13:58.000Z</time>
        <extensions>
          <gpxtpx:TrackPointExtension>
            <gpxtpx:hr>123</gpxtpx:hr>
            <gpxtpx:cad>0</gpxtpx:cad>
            <gpxtpx:atemp>301.65</gpxtpx:atemp>
          </gpxtpx:TrackPointExtension>
        </extensions>
      </trkpt>
      <trkpt lat="30.611333" lon="34.688199">
        <ele>793.6</ele>
        <time>2026-04-07T07:14:05.000Z</time>
        <extensions>
          <gpxtpx:TrackPointExtension>
            <gpxtpx:hr>120</gpxtpx:hr>
            <gpxtpx:cad>0</gpxtpx:cad>
            <gpxtpx:atemp>301.65</gpxtpx:atemp>
          </gpxtpx:TrackPointExtension>
        </extensions>
      </trkpt>
      <trkpt lat="30.611275" lon="34.688161">
        <ele>793.3</ele>
        <time>2026-04-07T07:14:11.000Z</time>
        <extensions>
          <gpxtpx:TrackPointExtension>
            <gpxtpx:hr>119</gpxtpx:hr>
            <gpxtpx:cad>56</gpxtpx:cad>
            <gpxtpx:atemp>301.65</gpxtpx:atemp>
          </gpxtpx:TrackPointExtension>
        </extensions>
      </trkpt>
      <trkpt lat="30.611184" lon="34.688135">
        <ele>792.1</ele>
        <time>2026-04-07T07:14:21.000Z</time>
        <extensions>
          <gpxtpx:TrackPointExtension>
            <gpxtpx:hr>121</gpxtpx:hr>
            <gpxtpx:cad>51</gpxtpx:cad>
            <gpxtpx:atemp>301.65</gpxtpx:atemp>
          </gpxtpx:TrackPointExtension>
        </extensions>
      </trkpt>
      <trkpt lat="30.611116" lon="34.688128">
        <ele>791.0</ele>
        <time>2026-04-07T07:14:26.000Z</time>
        <extensions>
          <gpxtpx:TrackPointExtension>
            <gpxtpx:hr>121</gpxtpx:hr>
            <gpxtpx:cad>121</gpxtpx:cad>
            <gpxtpx:atemp>301.65</gpxtpx:atemp>
          </gpxtpx:TrackPointExtension>
        </extensions>
      </trkpt>
      <trkpt lat="30.610960" lon="34.688115">
        <ele>788.5</ele>
        <time>2026-04-07T07:14:40.000Z</time>
        <extensions>
          <gpxtpx:TrackPointExtension>
            <gpxtpx:hr>121</gpxtpx:hr>
            <gpxtpx:cad>53</gpxtpx:cad>
            <gpxtpx:atemp>301.65</gpxtpx:atemp>
          </gpxtpx:TrackPointExtension>
        </extensions>
      </trkpt>
      <trkpt lat="30.610883" lon="34.688104">
        <ele>787.5</ele>
        <time>2026-04-07T07:14:50.000Z</time>
        <extensions>
          <gpxtpx:TrackPointExtension>
            <gpxtpx:hr>121</gpxtpx:hr>
            <gpxtpx:cad>0</gpxtpx:cad>
            <gpxtpx:atemp>301.65</gpxtpx:atemp>
          </gpxtpx:TrackPointExtension>
        </extensions>
      </trkpt>
      <trkpt lat="30.610800" lon="34.688078">
        <ele>786.7</ele>
        <time>2026-04-07T07:15:05.000Z</time>
        <extensions>
          <gpxtpx:TrackPointExtension>
            <gpxtpx:hr>123</gpxtpx:hr>
            <gpxtpx:cad>0</gpxtpx:cad>
            <gpxtpx:atemp>301.65</gpxtpx:atemp>
          </gpxtpx:TrackPointExtension>
        </extensions>
      </trkpt>
      <trkpt lat="30.610746" lon="34.688057">
        <ele>786.3</ele>
        <time>2026-04-07T07:15:12.000Z</time>
        <extensions>
          <gpxtpx:TrackPointExtension>
            <gpxtpx:hr>127</gpxtpx:hr>
            <gpxtpx:cad>0</gpxtpx:cad>
            <gpxtpx:atemp>300.65</gpxtpx:atemp>
          </gpxtpx:TrackPointExtension>
        </extensions>
      </trkpt>
      <trkpt lat="30.610660" lon="34.688050">
        <ele>785.3</ele>
        <time>2026-04-07T07:15:20.000Z</time>
        <extensions>
          <gpxtpx:TrackPointExtension>
            <gpxtpx:hr>127</gpxtpx:hr>
            <gpxtpx:cad>0</gpxtpx:cad>
            <gpxtpx:atemp>300.65</gpxtpx:atemp>
          </gpxtpx:TrackPointExtension>
        </extensions>
      </trkpt>
      <trkpt lat="30.610539" lon="34.688032">
        <ele>784.7</ele>
        <time>2026-04-07T07:15:33.000Z</time>
        <extensions>
          <gpxtpx:TrackPointExtension>
            <gpxtpx:hr>121</gpxtpx:hr>
            <gpxtpx:cad>0</gpxtpx:cad>
            <gpxtpx:atemp>300.65</gpxtpx:atemp>
          </gpxtpx:TrackPointExtension>
        </extensions>
      </trkpt>
      <trkpt lat="30.610463" lon="34.688032">
        <ele>784.1</ele>
        <time>2026-04-07T07:15:41.000Z</time>
        <extensions>
          <gpxtpx:TrackPointExtension>
            <gpxtpx:hr>118</gpxtpx:hr>
            <gpxtpx:cad>0</gpxtpx:cad>
            <gpxtpx:atemp>300.65</gpxtpx:atemp>
          </gpxtpx:TrackPointExtension>
        </extensions>
      </trkpt>
      <trkpt lat="30.610390" lon="34.687997">
        <ele>784.8</ele>
        <time>2026-04-07T07:15:49.000Z</time>
        <extensions>
          <gpxtpx:TrackPointExtension>
            <gpxtpx:hr>116</gpxtpx:hr>
            <gpxtpx:cad>52</gpxtpx:cad>
            <gpxtpx:atemp>300.65</gpxtpx:atemp>
          </gpxtpx:TrackPointExtension>
        </extensions>
      </trkpt>
      <trkpt lat="30.610341" lon="34.687992">
        <ele>785.0</ele>
        <time>2026-04-07T07:15:54.000Z</time>
        <extensions>
          <gpxtpx:TrackPointExtension>
            <gpxtpx:hr>115</gpxtpx:hr>
            <gpxtpx:cad>50</gpxtpx:cad>
            <gpxtpx:atemp>300.65</gpxtpx:atemp>
          </gpxtpx:TrackPointExtension>
        </extensions>
      </trkpt>
      <trkpt lat="30.610307" lon="34.688044">
        <ele>783.6</ele>
        <time>2026-04-07T07:16:29.000Z</time>
        <extensions>
          <gpxtpx:TrackPointExtension>
            <gpxtpx:hr>106</gpxtpx:hr>
            <gpxtpx:cad>0</gpxtpx:cad>
            <gpxtpx:atemp>301.65</gpxtpx:atemp>
          </gpxtpx:TrackPointExtension>
        </extensions>
      </trkpt>
      <trkpt lat="30.610197" lon="34.687935">
        <ele>787.2</ele>
        <time>2026-04-07T07:16:45.000Z</time>
        <extensions>
          <gpxtpx:TrackPointExtension>
            <gpxtpx:hr>116</gpxtpx:hr>
            <gpxtpx:cad>0</gpxtpx:cad>
            <gpxtpx:atemp>301.65</gpxtpx:atemp>
          </gpxtpx:TrackPointExtension>
        </extensions>
      </trkpt>
      <trkpt lat="30.610026" lon="34.687956">
        <ele>787.5</ele>
        <time>2026-04-07T07:16:56.000Z</time>
        <extensions>
          <gpxtpx:TrackPointExtension>
            <gpxtpx:hr>118</gpxtpx:hr>
            <gpxtpx:cad>70</gpxtpx:cad>
            <gpxtpx:atemp>301.65</gpxtpx:atemp>
          </gpxtpx:TrackPointExtension>
        </extensions>
      </trkpt>
      <trkpt lat="30.609913" lon="34.687967">
        <ele>788.0</ele>
        <time>2026-04-07T07:17:03.000Z</time>
        <extensions>
          <gpxtpx:TrackPointExtension>
            <gpxtpx:hr>123</gpxtpx:hr>
            <gpxtpx:cad>72</gpxtpx:cad>
            <gpxtpx:atemp>301.65</gpxtpx:atemp>
          </gpxtpx:TrackPointExtension>
        </extensions>
      </trkpt>
      <trkpt lat="30.609774" lon="34.687956">
        <ele>789.7</ele>
        <time>2026-04-07T07:17:11.000Z</time>
        <extensions>
          <gpxtpx:TrackPointExtension>
            <gpxtpx:hr>131</gpxtpx:hr>
            <gpxtpx:cad>77</gpxtpx:cad>
            <gpxtpx:atemp>301.65</gpxtpx:atemp>
          </gpxtpx:TrackPointExtension>
        </extensions>
      </trkpt>
      <trkpt lat="30.609724" lon="34.687964">
        <ele>790.0</ele>
        <time>2026-04-07T07:17:16.000Z</time>
        <extensions>
          <gpxtpx:TrackPointExtension>
            <gpxtpx:hr>135</gpxtpx:hr>
            <gpxtpx:cad>77</gpxtpx:cad>
            <gpxtpx:atemp>301.65</gpxtpx:atemp>
          </gpxtpx:TrackPointExtension>
        </extensions>
      </trkpt>
      <trkpt lat="30.609649" lon="34.687960">
        <ele>791.0</ele>
        <time>2026-04-07T07:17:22.000Z</time>
        <extensions>
          <gpxtpx:TrackPointExtension>
            <gpxtpx:hr>138</gpxtpx:hr>
            <gpxtpx:cad>57</gpxtpx:cad>
            <gpxtpx:atemp>301.65</gpxtpx:atemp>
          </gpxtpx:TrackPointExtension>
        </extensions>
      </trkpt>
      <trkpt lat="30.609545" lon="34.687978">
        <ele>791.5</ele>
        <time>2026-04-07T07:17:31.000Z</time>
        <extensions>
          <gpxtpx:TrackPointExtension>
            <gpxtpx:hr>141</gpxtpx:hr>
            <gpxtpx:cad>62</gpxtpx:cad>
            <gpxtpx:atemp>301.65</gpxtpx:atemp>
          </gpxtpx:TrackPointExtension>
        </extensions>
      </trkpt>
      <trkpt lat="30.609450" lon="34.687987">
        <ele>791.9</ele>
        <time>2026-04-07T07:17:38.000Z</time>
        <extensions>
          <gpxtpx:TrackPointExtension>
            <gpxtpx:hr>142</gpxtpx:hr>
            <gpxtpx:cad>60</gpxtpx:cad>
            <gpxtpx:atemp>301.65</gpxtpx:atemp>
          </gpxtpx:TrackPointExtension>
        </extensions>
      </trkpt>
      <trkpt lat="30.609288" lon="34.688009">
        <ele>792.3</ele>
        <time>2026-04-07T07:17:52.000Z</time>
        <extensions>
          <gpxtpx:TrackPointExtension>
            <gpxtpx:hr>139</gpxtpx:hr>
            <gpxtpx:cad>0</gpxtpx:cad>
            <gpxtpx:atemp>301.65</gpxtpx:atemp>
          </gpxtpx:TrackPointExtension>
        </extensions>
      </trkpt>
      <trkpt lat="30.609254" lon="34.687994">
        <ele>792.8</ele>
        <time>2026-04-07T07:17:56.000Z</time>
        <extensions>
          <gpxtpx:TrackPointExtension>
            <gpxtpx:hr>139</gpxtpx:hr>
            <gpxtpx:cad>54</gpxtpx:cad>
            <gpxtpx:atemp>301.65</gpxtpx:atemp>
          </gpxtpx:TrackPointExtension>
        </extensions>
      </trkpt>
      <trkpt lat="30.609171" lon="34.687979">
        <ele>793.2</ele>
        <time>2026-04-07T07:18:02.000Z</time>
        <extensions>
          <gpxtpx:TrackPointExtension>
            <gpxtpx:hr>140</gpxtpx:hr>
            <gpxtpx:cad>55</gpxtpx:cad>
            <gpxtpx:atemp>301.65</gpxtpx:atemp>
          </gpxtpx:TrackPointExtension>
        </extensions>
      </trkpt>
      <trkpt lat="30.609128" lon="34.687958">
        <ele>793.8</ele>
        <time>2026-04-07T07:18:07.000Z</time>
        <extensions>
          <gpxtpx:TrackPointExtension>
            <gpxtpx:hr>140</gpxtpx:hr>
            <gpxtpx:cad>74</gpxtpx:cad>
            <gpxtpx:atemp>301.65</gpxtpx:atemp>
          </gpxtpx:TrackPointExtension>
        </extensions>
      </trkpt>
      <trkpt lat="30.609074" lon="34.687969">
        <ele>793.5</ele>
        <time>2026-04-07T07:18:11.000Z</time>
        <extensions>
          <gpxtpx:TrackPointExtension>
            <gpxtpx:hr>139</gpxtpx:hr>
            <gpxtpx:cad>74</gpxtpx:cad>
            <gpxtpx:atemp>301.65</gpxtpx:atemp>
          </gpxtpx:TrackPointExtension>
        </extensions>
      </trkpt>
      <trkpt lat="30.608994" lon="34.687930">
        <ele>794.5</ele>
        <time>2026-04-07T07:18:17.000Z</time>
        <extensions>
          <gpxtpx:TrackPointExtension>
            <gpxtpx:hr>138</gpxtpx:hr>
            <gpxtpx:cad>70</gpxtpx:cad>
            <gpxtpx:atemp>301.65</gpxtpx:atemp>
          </gpxtpx:TrackPointExtension>
        </extensions>
      </trkpt>
      <trkpt lat="30.608934" lon="34.687919">
        <ele>794.6</ele>
        <time>2026-04-07T07:18:21.000Z</time>
        <extensions>
          <gpxtpx:TrackPointExtension>
            <gpxtpx:hr>139</gpxtpx:hr>
            <gpxtpx:cad>69</gpxtpx:cad>
            <gpxtpx:atemp>301.65</gpxtpx:atemp>
          </gpxtpx:TrackPointExtension>
        </extensions>
      </trkpt>
      <trkpt lat="30.608843" lon="34.687961">
        <ele>793.2</ele>
        <time>2026-04-07T07:18:27.000Z</time>
        <extensions>
          <gpxtpx:TrackPointExtension>
            <gpxtpx:hr>140</gpxtpx:hr>
            <gpxtpx:cad>73</gpxtpx:cad>
            <gpxtpx:atemp>301.65</gpxtpx:atemp>
          </gpxtpx:TrackPointExtension>
        </extensions>
      </trkpt>
      <trkpt lat="30.608735" lon="34.687979">
        <ele>792.4</ele>
        <time>2026-04-07T07:18:35.000Z</time>
        <extensions>
          <gpxtpx:TrackPointExtension>
            <gpxtpx:hr>141</gpxtpx:hr>
            <gpxtpx:cad>75</gpxtpx:cad>
            <gpxtpx:atemp>301.65</gpxtpx:atemp>
          </gpxtpx:TrackPointExtension>
        </extensions>
      </trkpt>
      <trkpt lat="30.608631" lon="34.687983">
        <ele>792.0</ele>
        <time>2026-04-07T07:18:44.000Z</time>
        <extensions>
          <gpxtpx:TrackPointExtension>
            <gpxtpx:hr>143</gpxtpx:hr>
            <gpxtpx:cad>55</gpxtpx:cad>
            <gpxtpx:atemp>301.65</gpxtpx:atemp>
          </gpxtpx:TrackPointExtension>
        </extensions>
      </trkpt>
      <trkpt lat="30.608603" lon="34.687978">
        <ele>792.0</ele>
        <time>2026-04-07T07:18:46.000Z</time>
        <extensions>
          <gpxtpx:TrackPointExtension>
            <gpxtpx:hr>142</gpxtpx:hr>
            <gpxtpx:cad>55</gpxtpx:cad>
            <gpxtpx:atemp>301.65</gpxtpx:atemp>
          </gpxtpx:TrackPointExtension>
        </extensions>
      </trkpt>
      <trkpt lat="30.608522" lon="34.687980">
        <ele>791.8</ele>
        <time>2026-04-07T07:18:51.000Z</time>
        <extensions>
          <gpxtpx:TrackPointExtension>
            <gpxtpx:hr>141</gpxtpx:hr>
            <gpxtpx:cad>75</gpxtpx:cad>
            <gpxtpx:atemp>301.65</gpxtpx:atemp>
          </gpxtpx:TrackPointExtension>
        </extensions>
      </trkpt>
      <trkpt lat="30.608405" lon="34.687964">
        <ele>792.0</ele>
        <time>2026-04-07T07:18:58.000Z</time>
        <extensions>
          <gpxtpx:TrackPointExtension>
            <gpxtpx:hr>143</gpxtpx:hr>
            <gpxtpx:cad>75</gpxtpx:cad>
            <gpxtpx:atemp>301.65</gpxtpx:atemp>
          </gpxtpx:TrackPointExtension>
        </extensions>
      </trkpt>
      <trkpt lat="30.608327" lon="34.687956">
        <ele>792.2</ele>
        <time>2026-04-07T07:19:03.000Z</time>
        <extensions>
          <gpxtpx:TrackPointExtension>
            <gpxtpx:hr>144</gpxtpx:hr>
            <gpxtpx:cad>75</gpxtpx:cad>
            <gpxtpx:atemp>301.65</gpxtpx:atemp>
          </gpxtpx:TrackPointExtension>
        </extensions>
      </trkpt>
      <trkpt lat="30.608252" lon="34.687965">
        <ele>792.1</ele>
        <time>2026-04-07T07:19:08.000Z</time>
        <extensions>
          <gpxtpx:TrackPointExtension>
            <gpxtpx:hr>145</gpxtpx:hr>
            <gpxtpx:cad>72</gpxtpx:cad>
            <gpxtpx:atemp>301.65</gpxtpx:atemp>
          </gpxtpx:TrackPointExtension>
        </extensions>
      </trkpt>
      <trkpt lat="30.608208" lon="34.687953">
        <ele>792.3</ele>
        <time>2026-04-07T07:19:11.000Z</time>
        <extensions>
          <gpxtpx:TrackPointExtension>
            <gpxtpx:hr>144</gpxtpx:hr>
            <gpxtpx:cad>75</gpxtpx:cad>
            <gpxtpx:atemp>301.65</gpxtpx:atemp>
          </gpxtpx:TrackPointExtension>
        </extensions>
      </trkpt>
      <trkpt lat="30.608126" lon="34.687980">
        <ele>791.9</ele>
        <time>2026-04-07T07:19:19.000Z</time>
        <extensions>
          <gpxtpx:TrackPointExtension>
            <gpxtpx:hr>146</gpxtpx:hr>
            <gpxtpx:cad>73</gpxtpx:cad>
            <gpxtpx:atemp>301.65</gpxtpx:atemp>
          </gpxtpx:TrackPointExtension>
        </extensions>
      </trkpt>
      <trkpt lat="30.608063" lon="34.687985">
        <ele>791.9</ele>
        <time>2026-04-07T07:19:25.000Z</time>
        <extensions>
          <gpxtpx:TrackPointExtension>
            <gpxtpx:hr>145</gpxtpx:hr>
            <gpxtpx:cad>51</gpxtpx:cad>
            <gpxtpx:atemp>301.65</gpxtpx:atemp>
          </gpxtpx:TrackPointExtension>
        </extensions>
      </trkpt>
      <trkpt lat="30.607967" lon="34.687983">
        <ele>792.0</ele>
        <time>2026-04-07T07:19:33.000Z</time>
        <extensions>
          <gpxtpx:TrackPointExtension>
            <gpxtpx:hr>146</gpxtpx:hr>
            <gpxtpx:cad>54</gpxtpx:cad>
            <gpxtpx:atemp>301.65</gpxtpx:atemp>
          </gpxtpx:TrackPointExtension>
        </extensions>
      </trkpt>
      <trkpt lat="30.607922" lon="34.688023">
        <ele>791.5</ele>
        <time>2026-04-07T07:19:37.000Z</time>
        <extensions>
          <gpxtpx:TrackPointExtension>
            <gpxtpx:hr>145</gpxtpx:hr>
            <gpxtpx:cad>54</gpxtpx:cad>
            <gpxtpx:atemp>301.65</gpxtpx:atemp>
          </gpxtpx:TrackPointExtension>
        </extensions>
      </trkpt>
      <trkpt lat="30.607868" lon="34.688036">
        <ele>791.5</ele>
        <time>2026-04-07T07:19:42.000Z</time>
        <extensions>
          <gpxtpx:TrackPointExtension>
            <gpxtpx:hr>147</gpxtpx:hr>
            <gpxtpx:cad>68</gpxtpx:cad>
            <gpxtpx:atemp>301.65</gpxtpx:atemp>
          </gpxtpx:TrackPointExtension>
        </extensions>
      </trkpt>
      <trkpt lat="30.607814" lon="34.688026">
        <ele>791.9</ele>
        <time>2026-04-07T07:19:47.000Z</time>
        <extensions>
          <gpxtpx:TrackPointExtension>
            <gpxtpx:hr>146</gpxtpx:hr>
            <gpxtpx:cad>0</gpxtpx:cad>
            <gpxtpx:atemp>301.65</gpxtpx:atemp>
          </gpxtpx:TrackPointExtension>
        </extensions>
      </trkpt>
      <trkpt lat="30.607740" lon="34.688042">
        <ele>792.1</ele>
        <time>2026-04-07T07:19:53.000Z</time>
        <extensions>
          <gpxtpx:TrackPointExtension>
            <gpxtpx:hr>147</gpxtpx:hr>
            <gpxtpx:cad>0</gpxtpx:cad>
            <gpxtpx:atemp>301.65</gpxtpx:atemp>
          </gpxtpx:TrackPointExtension>
        </extensions>
      </trkpt>
      <trkpt lat="30.607694" lon="34.688064">
        <ele>792.1</ele>
        <time>2026-04-07T07:19:57.000Z</time>
        <extensions>
          <gpxtpx:TrackPointExtension>
            <gpxtpx:hr>147</gpxtpx:hr>
            <gpxtpx:cad>0</gpxtpx:cad>
            <gpxtpx:atemp>301.65</gpxtpx:atemp>
          </gpxtpx:TrackPointExtension>
        </extensions>
      </trkpt>
      <trkpt lat="30.607597" lon="34.688147">
        <ele>792.2</ele>
        <time>2026-04-07T07:20:09.000Z</time>
        <extensions>
          <gpxtpx:TrackPointExtension>
            <gpxtpx:hr>148</gpxtpx:hr>
            <gpxtpx:cad>68</gpxtpx:cad>
            <gpxtpx:atemp>301.65</gpxtpx:atemp>
          </gpxtpx:TrackPointExtension>
        </extensions>
      </trkpt>
      <trkpt lat="30.607540" lon="34.688176">
        <ele>793.0</ele>
        <time>2026-04-07T07:20:16.000Z</time>
        <extensions>
          <gpxtpx:TrackPointExtension>
            <gpxtpx:hr>149</gpxtpx:hr>
            <gpxtpx:cad>0</gpxtpx:cad>
            <gpxtpx:atemp>301.65</gpxtpx:atemp>
          </gpxtpx:TrackPointExtension>
        </extensions>
      </trkpt>
      <trkpt lat="30.607513" lon="34.688215">
        <ele>792.9</ele>
        <time>2026-04-07T07:20:20.000Z</time>
        <extensions>
          <gpxtpx:TrackPointExtension>
            <gpxtpx:hr>150</gpxtpx:hr>
            <gpxtpx:cad>0</gpxtpx:cad>
            <gpxtpx:atemp>301.65</gpxtpx:atemp>
          </gpxtpx:TrackPointExtension>
        </extensions>
      </trkpt>
      <trkpt lat="30.607377" lon="34.688224">
        <ele>795.3</ele>
        <time>2026-04-07T07:20:30.000Z</time>
        <extensions>
          <gpxtpx:TrackPointExtension>
            <gpxtpx:hr>150</gpxtpx:hr>
            <gpxtpx:cad>68</gpxtpx:cad>
            <gpxtpx:atemp>301.65</gpxtpx:atemp>
          </gpxtpx:TrackPointExtension>
        </extensions>
      </trkpt>
      <trkpt lat="30.607305" lon="34.688236">
        <ele>796.7</ele>
        <time>2026-04-07T07:20:35.000Z</time>
        <extensions>
          <gpxtpx:TrackPointExtension>
            <gpxtpx:hr>151</gpxtpx:hr>
            <gpxtpx:cad>72</gpxtpx:cad>
            <gpxtpx:atemp>301.65</gpxtpx:atemp>
          </gpxtpx:TrackPointExtension>
        </extensions>
      </trkpt>
      <trkpt lat="30.607246" lon="34.688226">
        <ele>798.1</ele>
        <time>2026-04-07T07:20:39.000Z</time>
        <extensions>
          <gpxtpx:TrackPointExtension>
            <gpxtpx:hr>151</gpxtpx:hr>
            <gpxtpx:cad>69</gpxtpx:cad>
            <gpxtpx:atemp>301.65</gpxtpx:atemp>
          </gpxtpx:TrackPointExtension>
        </extensions>
      </trkpt>
      <trkpt lat="30.607194" lon="34.688230">
        <ele>799.3</ele>
        <time>2026-04-07T07:20:43.000Z</time>
        <extensions>
          <gpxtpx:TrackPointExtension>
            <gpxtpx:hr>151</gpxtpx:hr>
            <gpxtpx:cad>68</gpxtpx:cad>
            <gpxtpx:atemp>301.65</gpxtpx:atemp>
          </gpxtpx:TrackPointExtension>
        </extensions>
      </trkpt>
      <trkpt lat="30.607132" lon="34.688263">
        <ele>800.4</ele>
        <time>2026-04-07T07:20:49.000Z</time>
        <extensions>
          <gpxtpx:TrackPointExtension>
            <gpxtpx:hr>150</gpxtpx:hr>
            <gpxtpx:cad>56</gpxtpx:cad>
            <gpxtpx:atemp>301.65</gpxtpx:atemp>
          </gpxtpx:TrackPointExtension>
        </extensions>
      </trkpt>
      <trkpt lat="30.607044" lon="34.688269">
        <ele>802.6</ele>
        <time>2026-04-07T07:20:57.000Z</time>
        <extensions>
          <gpxtpx:TrackPointExtension>
            <gpxtpx:hr>148</gpxtpx:hr>
            <gpxtpx:cad>54</gpxtpx:cad>
            <gpxtpx:atemp>301.65</gpxtpx:atemp>
          </gpxtpx:TrackPointExtension>
        </extensions>
      </trkpt>
      <trkpt lat="30.606993" lon="34.688244">
        <ele>804.3</ele>
        <time>2026-04-07T07:21:01.000Z</time>
        <extensions>
          <gpxtpx:TrackPointExtension>
            <gpxtpx:hr>148</gpxtpx:hr>
            <gpxtpx:cad>52</gpxtpx:cad>
            <gpxtpx:atemp>301.65</gpxtpx:atemp>
          </gpxtpx:TrackPointExtension>
        </extensions>
      </trkpt>
      <trkpt lat="30.606848" lon="34.688279">
        <ele>808.4</ele>
        <time>2026-04-07T07:21:14.000Z</time>
        <extensions>
          <gpxtpx:TrackPointExtension>
            <gpxtpx:hr>145</gpxtpx:hr>
            <gpxtpx:cad>68</gpxtpx:cad>
            <gpxtpx:atemp>300.65</gpxtpx:atemp>
          </gpxtpx:TrackPointExtension>
        </extensions>
      </trkpt>
      <trkpt lat="30.606713" lon="34.688277">
        <ele>812.1</ele>
        <time>2026-04-07T07:21:22.000Z</time>
        <extensions>
          <gpxtpx:TrackPointExtension>
            <gpxtpx:hr>144</gpxtpx:hr>
            <gpxtpx:cad>72</gpxtpx:cad>
            <gpxtpx:atemp>300.65</gpxtpx:atemp>
          </gpxtpx:TrackPointExtension>
        </extensions>
      </trkpt>
      <trkpt lat="30.606633" lon="34.688281">
        <ele>814.2</ele>
        <time>2026-04-07T07:21:29.000Z</time>
        <extensions>
          <gpxtpx:TrackPointExtension>
            <gpxtpx:hr>146</gpxtpx:hr>
            <gpxtpx:cad>71</gpxtpx:cad>
            <gpxtpx:atemp>300.65</gpxtpx:atemp>
          </gpxtpx:TrackPointExtension>
        </extensions>
      </trkpt>
      <trkpt lat="30.606554" lon="34.688257">
        <ele>816.3</ele>
        <time>2026-04-07T07:21:36.000Z</time>
        <extensions>
          <gpxtpx:TrackPointExtension>
            <gpxtpx:hr>144</gpxtpx:hr>
            <gpxtpx:cad>53</gpxtpx:cad>
            <gpxtpx:atemp>300.65</gpxtpx:atemp>
          </gpxtpx:TrackPointExtension>
        </extensions>
      </trkpt>
      <trkpt lat="30.606501" lon="34.688274">
        <ele>817.6</ele>
        <time>2026-04-07T07:21:40.000Z</time>
        <extensions>
          <gpxtpx:TrackPointExtension>
            <gpxtpx:hr>144</gpxtpx:hr>
            <gpxtpx:cad>0</gpxtpx:cad>
            <gpxtpx:atemp>300.65</gpxtpx:atemp>
          </gpxtpx:TrackPointExtension>
        </extensions>
      </trkpt>
      <trkpt lat="30.606317" lon="34.688284">
        <ele>821.8</ele>
        <time>2026-04-07T07:21:54.000Z</time>
        <extensions>
          <gpxtpx:TrackPointExtension>
            <gpxtpx:hr>147</gpxtpx:hr>
            <gpxtpx:cad>70</gpxtpx:cad>
            <gpxtpx:atemp>300.65</gpxtpx:atemp>
          </gpxtpx:TrackPointExtension>
        </extensions>
      </trkpt>
      <trkpt lat="30.606255" lon="34.688290">
        <ele>823.2</ele>
        <time>2026-04-07T07:21:59.000Z</time>
        <extensions>
          <gpxtpx:TrackPointExtension>
            <gpxtpx:hr>147</gpxtpx:hr>
            <gpxtpx:cad>0</gpxtpx:cad>
            <gpxtpx:atemp>300.65</gpxtpx:atemp>
          </gpxtpx:TrackPointExtension>
        </extensions>
      </trkpt>
      <trkpt lat="30.606188" lon="34.688248">
        <ele>823.9</ele>
        <time>2026-04-07T07:22:06.000Z</time>
        <extensions>
          <gpxtpx:TrackPointExtension>
            <gpxtpx:hr>148</gpxtpx:hr>
            <gpxtpx:cad>54</gpxtpx:cad>
            <gpxtpx:atemp>300.65</gpxtpx:atemp>
          </gpxtpx:TrackPointExtension>
        </extensions>
      </trkpt>
      <trkpt lat="30.606064" lon="34.688222">
        <ele>825.1</ele>
        <time>2026-04-07T07:22:21.000Z</time>
        <extensions>
          <gpxtpx:TrackPointExtension>
            <gpxtpx:hr>147</gpxtpx:hr>
            <gpxtpx:cad>44</gpxtpx:cad>
            <gpxtpx:atemp>300.65</gpxtpx:atemp>
          </gpxtpx:TrackPointExtension>
        </extensions>
      </trkpt>
      <trkpt lat="30.605986" lon="34.688179">
        <ele>825.7</ele>
        <time>2026-04-07T07:22:29.000Z</time>
        <extensions>
          <gpxtpx:TrackPointExtension>
            <gpxtpx:hr>147</gpxtpx:hr>
            <gpxtpx:cad>45</gpxtpx:cad>
            <gpxtpx:atemp>300.65</gpxtpx:atemp>
          </gpxtpx:TrackPointExtension>
        </extensions>
      </trkpt>
      <trkpt lat="30.605930" lon="34.688123">
        <ele>825.4</ele>
        <time>2026-04-07T07:22:36.000Z</time>
        <extensions>
          <gpxtpx:TrackPointExtension>
            <gpxtpx:hr>147</gpxtpx:hr>
            <gpxtpx:cad>54</gpxtpx:cad>
            <gpxtpx:atemp>300.65</gpxtpx:atemp>
          </gpxtpx:TrackPointExtension>
        </extensions>
      </trkpt>
      <trkpt lat="30.605849" lon="34.688120">
        <ele>825.1</ele>
        <time>2026-04-07T07:22:43.000Z</time>
        <extensions>
          <gpxtpx:TrackPointExtension>
            <gpxtpx:hr>145</gpxtpx:hr>
            <gpxtpx:cad>0</gpxtpx:cad>
            <gpxtpx:atemp>300.65</gpxtpx:atemp>
          </gpxtpx:TrackPointExtension>
        </extensions>
      </trkpt>
      <trkpt lat="30.605764" lon="34.688094">
        <ele>824.8</ele>
        <time>2026-04-07T07:22:51.000Z</time>
        <extensions>
          <gpxtpx:TrackPointExtension>
            <gpxtpx:hr>143</gpxtpx:hr>
            <gpxtpx:cad>54</gpxtpx:cad>
            <gpxtpx:atemp>299.65</gpxtpx:atemp>
          </gpxtpx:TrackPointExtension>
        </extensions>
      </trkpt>
      <trkpt lat="30.605747" lon="34.688097">
        <ele>824.8</ele>
        <time>2026-04-07T07:22:53.000Z</time>
        <extensions>
          <gpxtpx:TrackPointExtension>
            <gpxtpx:hr>143</gpxtpx:hr>
            <gpxtpx:cad>51</gpxtpx:cad>
            <gpxtpx:atemp>299.65</gpxtpx:atemp>
          </gpxtpx:TrackPointExtension>
        </extensions>
      </trkpt>
      <trkpt lat="30.605583" lon="34.688050">
        <ele>824.1</ele>
        <time>2026-04-07T07:23:09.000Z</time>
        <extensions>
          <gpxtpx:TrackPointExtension>
            <gpxtpx:hr>143</gpxtpx:hr>
            <gpxtpx:cad>49</gpxtpx:cad>
            <gpxtpx:atemp>299.65</gpxtpx:atemp>
          </gpxtpx:TrackPointExtension>
        </extensions>
      </trkpt>
      <trkpt lat="30.605514" lon="34.688066">
        <ele>823.9</ele>
        <time>2026-04-07T07:23:15.000Z</time>
        <extensions>
          <gpxtpx:TrackPointExtension>
            <gpxtpx:hr>143</gpxtpx:hr>
            <gpxtpx:cad>52</gpxtpx:cad>
            <gpxtpx:atemp>299.65</gpxtpx:atemp>
          </gpxtpx:TrackPointExtension>
        </extensions>
      </trkpt>
      <trkpt lat="30.605412" lon="34.688068">
        <ele>823.6</ele>
        <time>2026-04-07T07:23:22.000Z</time>
        <extensions>
          <gpxtpx:TrackPointExtension>
            <gpxtpx:hr>144</gpxtpx:hr>
            <gpxtpx:cad>0</gpxtpx:cad>
            <gpxtpx:atemp>299.65</gpxtpx:atemp>
          </gpxtpx:TrackPointExtension>
        </extensions>
      </trkpt>
      <trkpt lat="30.605268" lon="34.688045">
        <ele>824.0</ele>
        <time>2026-04-07T07:23:35.000Z</time>
        <extensions>
          <gpxtpx:TrackPointExtension>
            <gpxtpx:hr>145</gpxtpx:hr>
            <gpxtpx:cad>0</gpxtpx:cad>
            <gpxtpx:atemp>299.65</gpxtpx:atemp>
          </gpxtpx:TrackPointExtension>
        </extensions>
      </trkpt>
      <trkpt lat="30.605149" lon="34.688062">
        <ele>824.5</ele>
        <time>2026-04-07T07:23:46.000Z</time>
        <extensions>
          <gpxtpx:TrackPointExtension>
            <gpxtpx:hr>146</gpxtpx:hr>
            <gpxtpx:cad>0</gpxtpx:cad>
            <gpxtpx:atemp>299.65</gpxtpx:atemp>
          </gpxtpx:TrackPointExtension>
        </extensions>
      </trkpt>
      <trkpt lat="30.605037" lon="34.688060">
        <ele>825.8</ele>
        <time>2026-04-07T07:23:56.000Z</time>
        <extensions>
          <gpxtpx:TrackPointExtension>
            <gpxtpx:hr>149</gpxtpx:hr>
            <gpxtpx:cad>0</gpxtpx:cad>
            <gpxtpx:atemp>300.65</gpxtpx:atemp>
          </gpxtpx:TrackPointExtension>
        </extensions>
      </trkpt>
      <trkpt lat="30.604892" lon="34.688149">
        <ele>828.2</ele>
        <time>2026-04-07T07:24:10.000Z</time>
        <extensions>
          <gpxtpx:TrackPointExtension>
            <gpxtpx:hr>150</gpxtpx:hr>
            <gpxtpx:cad>0</gpxtpx:cad>
            <gpxtpx:atemp>300.65</gpxtpx:atemp>
          </gpxtpx:TrackPointExtension>
        </extensions>
      </trkpt>
      <trkpt lat="30.604810" lon="34.688208">
        <ele>829.8</ele>
        <time>2026-04-07T07:24:18.000Z</time>
        <extensions>
          <gpxtpx:TrackPointExtension>
            <gpxtpx:hr>149</gpxtpx:hr>
            <gpxtpx:cad>0</gpxtpx:cad>
            <gpxtpx:atemp>300.65</gpxtpx:atemp>
          </gpxtpx:TrackPointExtension>
        </extensions>
      </trkpt>
      <trkpt lat="30.604723" lon="34.688247">
        <ele>831.1</ele>
        <time>2026-04-07T07:24:27.000Z</time>
        <extensions>
          <gpxtpx:TrackPointExtension>
            <gpxtpx:hr>149</gpxtpx:hr>
            <gpxtpx:cad>51</gpxtpx:cad>
            <gpxtpx:atemp>300.65</gpxtpx:atemp>
          </gpxtpx:TrackPointExtension>
        </extensions>
      </trkpt>
      <trkpt lat="30.604650" lon="34.688304">
        <ele>832.1</ele>
        <time>2026-04-07T07:24:34.000Z</time>
        <extensions>
          <gpxtpx:TrackPointExtension>
            <gpxtpx:hr>148</gpxtpx:hr>
            <gpxtpx:cad>0</gpxtpx:cad>
            <gpxtpx:atemp>300.65</gpxtpx:atemp>
          </gpxtpx:TrackPointExtension>
        </extensions>
      </trkpt>
      <trkpt lat="30.604571" lon="34.688332">
        <ele>833.2</ele>
        <time>2026-04-07T07:24:41.000Z</time>
        <extensions>
          <gpxtpx:TrackPointExtension>
            <gpxtpx:hr>147</gpxtpx:hr>
            <gpxtpx:cad>0</gpxtpx:cad>
            <gpxtpx:atemp>300.65</gpxtpx:atemp>
          </gpxtpx:TrackPointExtension>
        </extensions>
      </trkpt>
      <trkpt lat="30.604422" lon="34.688429">
        <ele>835.2</ele>
        <time>2026-04-07T07:24:53.000Z</time>
        <extensions>
          <gpxtpx:TrackPointExtension>
            <gpxtpx:hr>147</gpxtpx:hr>
            <gpxtpx:cad>70</gpxtpx:cad>
            <gpxtpx:atemp>300.65</gpxtpx:atemp>
          </gpxtpx:TrackPointExtension>
        </extensions>
      </trkpt>
      <trkpt lat="30.604280" lon="34.688540">
        <ele>837.1</ele>
        <time>2026-04-07T07:25:09.000Z</time>
        <extensions>
          <gpxtpx:TrackPointExtension>
            <gpxtpx:hr>147</gpxtpx:hr>
            <gpxtpx:cad>53</gpxtpx:cad>
            <gpxtpx:atemp>300.65</gpxtpx:atemp>
          </gpxtpx:TrackPointExtension>
        </extensions>
      </trkpt>
      <trkpt lat="30.604229" lon="34.688571">
        <ele>837.8</ele>
        <time>2026-04-07T07:25:13.000Z</time>
        <extensions>
          <gpxtpx:TrackPointExtension>
            <gpxtpx:hr>146</gpxtpx:hr>
            <gpxtpx:cad>0</gpxtpx:cad>
            <gpxtpx:atemp>300.65</gpxtpx:atemp>
          </gpxtpx:TrackPointExtension>
        </extensions>
      </trkpt>
      <trkpt lat="30.604146" lon="34.688628">
        <ele>839.1</ele>
        <time>2026-04-07T07:25:21.000Z</time>
        <extensions>
          <gpxtpx:TrackPointExtension>
            <gpxtpx:hr>145</gpxtpx:hr>
            <gpxtpx:cad>0</gpxtpx:cad>
            <gpxtpx:atemp>300.65</gpxtpx:atemp>
          </gpxtpx:TrackPointExtension>
        </extensions>
      </trkpt>
      <trkpt lat="30.603989" lon="34.688717">
        <ele>841.6</ele>
        <time>2026-04-07T07:25:32.000Z</time>
        <extensions>
          <gpxtpx:TrackPointExtension>
            <gpxtpx:hr>145</gpxtpx:hr>
            <gpxtpx:cad>70</gpxtpx:cad>
            <gpxtpx:atemp>301.65</gpxtpx:atemp>
          </gpxtpx:TrackPointExtension>
        </extensions>
      </trkpt>
      <trkpt lat="30.603950" lon="34.688776">
        <ele>841.9</ele>
        <time>2026-04-07T07:25:38.000Z</time>
        <extensions>
          <gpxtpx:TrackPointExtension>
            <gpxtpx:hr>145</gpxtpx:hr>
            <gpxtpx:cad>70</gpxtpx:cad>
            <gpxtpx:atemp>301.65</gpxtpx:atemp>
          </gpxtpx:TrackPointExtension>
        </extensions>
      </trkpt>
      <trkpt lat="30.603905" lon="34.688806">
        <ele>842.4</ele>
        <time>2026-04-07T07:25:42.000Z</time>
        <extensions>
          <gpxtpx:TrackPointExtension>
            <gpxtpx:hr>145</gpxtpx:hr>
            <gpxtpx:cad>55</gpxtpx:cad>
            <gpxtpx:atemp>301.65</gpxtpx:atemp>
          </gpxtpx:TrackPointExtension>
        </extensions>
      </trkpt>
      <trkpt lat="30.603850" lon="34.688826">
        <ele>843.0</ele>
        <time>2026-04-07T07:25:47.000Z</time>
        <extensions>
          <gpxtpx:TrackPointExtension>
            <gpxtpx:hr>148</gpxtpx:hr>
            <gpxtpx:cad>55</gpxtpx:cad>
            <gpxtpx:atemp>301.65</gpxtpx:atemp>
          </gpxtpx:TrackPointExtension>
        </extensions>
      </trkpt>
      <trkpt lat="30.603795" lon="34.688828">
        <ele>843.8</ele>
        <time>2026-04-07T07:25:53.000Z</time>
        <extensions>
          <gpxtpx:TrackPointExtension>
            <gpxtpx:hr>148</gpxtpx:hr>
            <gpxtpx:cad>55</gpxtpx:cad>
            <gpxtpx:atemp>301.65</gpxtpx:atemp>
          </gpxtpx:TrackPointExtension>
        </extensions>
      </trkpt>
      <trkpt lat="30.603755" lon="34.688765">
        <ele>844.8</ele>
        <time>2026-04-07T07:26:00.000Z</time>
        <extensions>
          <gpxtpx:TrackPointExtension>
            <gpxtpx:hr>147</gpxtpx:hr>
            <gpxtpx:cad>55</gpxtpx:cad>
            <gpxtpx:atemp>301.65</gpxtpx:atemp>
          </gpxtpx:TrackPointExtension>
        </extensions>
      </trkpt>
      <trkpt lat="30.603680" lon="34.688757">
        <ele>846.2</ele>
        <time>2026-04-07T07:26:08.000Z</time>
        <extensions>
          <gpxtpx:TrackPointExtension>
            <gpxtpx:hr>146</gpxtpx:hr>
            <gpxtpx:cad>50</gpxtpx:cad>
            <gpxtpx:atemp>301.65</gpxtpx:atemp>
          </gpxtpx:TrackPointExtension>
        </extensions>
      </trkpt>
      <trkpt lat="30.603619" lon="34.688720">
        <ele>847.5</ele>
        <time>2026-04-07T07:26:16.000Z</time>
        <extensions>
          <gpxtpx:TrackPointExtension>
            <gpxtpx:hr>147</gpxtpx:hr>
            <gpxtpx:cad>50</gpxtpx:cad>
            <gpxtpx:atemp>301.65</gpxtpx:atemp>
          </gpxtpx:TrackPointExtension>
        </extensions>
      </trkpt>
      <trkpt lat="30.603499" lon="34.688746">
        <ele>849.5</ele>
        <time>2026-04-07T07:26:29.000Z</time>
        <extensions>
          <gpxtpx:TrackPointExtension>
            <gpxtpx:hr>144</gpxtpx:hr>
            <gpxtpx:cad>48</gpxtpx:cad>
            <gpxtpx:atemp>301.65</gpxtpx:atemp>
          </gpxtpx:TrackPointExtension>
        </extensions>
      </trkpt>
      <trkpt lat="30.603369" lon="34.688703">
        <ele>851.7</ele>
        <time>2026-04-07T07:26:42.000Z</time>
        <extensions>
          <gpxtpx:TrackPointExtension>
            <gpxtpx:hr>146</gpxtpx:hr>
            <gpxtpx:cad>0</gpxtpx:cad>
            <gpxtpx:atemp>301.65</gpxtpx:atemp>
          </gpxtpx:TrackPointExtension>
        </extensions>
      </trkpt>
      <trkpt lat="30.603235" lon="34.688620">
        <ele>854.3</ele>
        <time>2026-04-07T07:26:53.000Z</time>
        <extensions>
          <gpxtpx:TrackPointExtension>
            <gpxtpx:hr>145</gpxtpx:hr>
            <gpxtpx:cad>68</gpxtpx:cad>
            <gpxtpx:atemp>300.65</gpxtpx:atemp>
          </gpxtpx:TrackPointExtension>
        </extensions>
      </trkpt>
      <trkpt lat="30.603124" lon="34.688575">
        <ele>856.2</ele>
        <time>2026-04-07T07:27:01.000Z</time>
        <extensions>
          <gpxtpx:TrackPointExtension>
            <gpxtpx:hr>147</gpxtpx:hr>
            <gpxtpx:cad>68</gpxtpx:cad>
            <gpxtpx:atemp>300.65</gpxtpx:atemp>
          </gpxtpx:TrackPointExtension>
        </extensions>
      </trkpt>
      <trkpt lat="30.603082" lon="34.688540">
        <ele>857.0</ele>
        <time>2026-04-07T07:27:04.000Z</time>
        <extensions>
          <gpxtpx:TrackPointExtension>
            <gpxtpx:hr>148</gpxtpx:hr>
            <gpxtpx:cad>69</gpxtpx:cad>
            <gpxtpx:atemp>300.65</gpxtpx:atemp>
          </gpxtpx:TrackPointExtension>
        </extensions>
      </trkpt>
      <trkpt lat="30.603011" lon="34.688507">
        <ele>858.3</ele>
        <time>2026-04-07T07:27:09.000Z</time>
        <extensions>
          <gpxtpx:TrackPointExtension>
            <gpxtpx:hr>144</gpxtpx:hr>
            <gpxtpx:cad>72</gpxtpx:cad>
            <gpxtpx:atemp>300.65</gpxtpx:atemp>
          </gpxtpx:TrackPointExtension>
        </extensions>
      </trkpt>
      <trkpt lat="30.602953" lon="34.688441">
        <ele>859.6</ele>
        <time>2026-04-07T07:27:15.000Z</time>
        <extensions>
          <gpxtpx:TrackPointExtension>
            <gpxtpx:hr>141</gpxtpx:hr>
            <gpxtpx:cad>69</gpxtpx:cad>
            <gpxtpx:atemp>300.65</gpxtpx:atemp>
          </gpxtpx:TrackPointExtension>
        </extensions>
      </trkpt>
      <trkpt lat="30.602864" lon="34.688384">
        <ele>860.9</ele>
        <time>2026-04-07T07:27:24.000Z</time>
        <extensions>
          <gpxtpx:TrackPointExtension>
            <gpxtpx:hr>141</gpxtpx:hr>
            <gpxtpx:cad>57</gpxtpx:cad>
            <gpxtpx:atemp>300.65</gpxtpx:atemp>
          </gpxtpx:TrackPointExtension>
        </extensions>
      </trkpt>
      <trkpt lat="30.602798" lon="34.688283">
        <ele>862.3</ele>
        <time>2026-04-07T07:27:31.000Z</time>
        <extensions>
          <gpxtpx:TrackPointExtension>
            <gpxtpx:hr>140</gpxtpx:hr>
            <gpxtpx:cad>73</gpxtpx:cad>
            <gpxtpx:atemp>300.65</gpxtpx:atemp>
          </gpxtpx:TrackPointExtension>
        </extensions>
      </trkpt>
      <trkpt lat="30.602738" lon="34.688228">
        <ele>863.4</ele>
        <time>2026-04-07T07:27:37.000Z</time>
        <extensions>
          <gpxtpx:TrackPointExtension>
            <gpxtpx:hr>141</gpxtpx:hr>
            <gpxtpx:cad>64</gpxtpx:cad>
            <gpxtpx:atemp>300.65</gpxtpx:atemp>
          </gpxtpx:TrackPointExtension>
        </extensions>
      </trkpt>
      <trkpt lat="30.602704" lon="34.688179">
        <ele>864.2</ele>
        <time>2026-04-07T07:27:41.000Z</time>
        <extensions>
          <gpxtpx:TrackPointExtension>
            <gpxtpx:hr>140</gpxtpx:hr>
            <gpxtpx:cad>0</gpxtpx:cad>
            <gpxtpx:atemp>299.65</gpxtpx:atemp>
          </gpxtpx:TrackPointExtension>
        </extensions>
      </trkpt>
      <trkpt lat="30.602644" lon="34.688121">
        <ele>865.7</ele>
        <time>2026-04-07T07:27:47.000Z</time>
        <extensions>
          <gpxtpx:TrackPointExtension>
            <gpxtpx:hr>140</gpxtpx:hr>
            <gpxtpx:cad>0</gpxtpx:cad>
            <gpxtpx:atemp>299.65</gpxtpx:atemp>
          </gpxtpx:TrackPointExtension>
        </extensions>
      </trkpt>
      <trkpt lat="30.602554" lon="34.688050">
        <ele>867.8</ele>
        <time>2026-04-07T07:27:57.000Z</time>
        <extensions>
          <gpxtpx:TrackPointExtension>
            <gpxtpx:hr>138</gpxtpx:hr>
            <gpxtpx:cad>56</gpxtpx:cad>
            <gpxtpx:atemp>299.65</gpxtpx:atemp>
          </gpxtpx:TrackPointExtension>
        </extensions>
      </trkpt>
      <trkpt lat="30.602471" lon="34.688011">
        <ele>869.4</ele>
        <time>2026-04-07T07:28:05.000Z</time>
        <extensions>
          <gpxtpx:TrackPointExtension>
            <gpxtpx:hr>140</gpxtpx:hr>
            <gpxtpx:cad>0</gpxtpx:cad>
            <gpxtpx:atemp>299.65</gpxtpx:atemp>
          </gpxtpx:TrackPointExtension>
        </extensions>
      </trkpt>
      <trkpt lat="30.602356" lon="34.687883">
        <ele>872.3</ele>
        <time>2026-04-07T07:28:19.000Z</time>
        <extensions>
          <gpxtpx:TrackPointExtension>
            <gpxtpx:hr>140</gpxtpx:hr>
            <gpxtpx:cad>0</gpxtpx:cad>
            <gpxtpx:atemp>299.65</gpxtpx:atemp>
          </gpxtpx:TrackPointExtension>
        </extensions>
      </trkpt>
      <trkpt lat="30.602336" lon="34.687872">
        <ele>872.5</ele>
        <time>2026-04-07T07:28:21.000Z</time>
        <extensions>
          <gpxtpx:TrackPointExtension>
            <gpxtpx:hr>140</gpxtpx:hr>
            <gpxtpx:cad>68</gpxtpx:cad>
            <gpxtpx:atemp>299.65</gpxtpx:atemp>
          </gpxtpx:TrackPointExtension>
        </extensions>
      </trkpt>
      <trkpt lat="30.602230" lon="34.687763">
        <ele>874.3</ele>
        <time>2026-04-07T07:28:32.000Z</time>
        <extensions>
          <gpxtpx:TrackPointExtension>
            <gpxtpx:hr>140</gpxtpx:hr>
            <gpxtpx:cad>0</gpxtpx:cad>
            <gpxtpx:atemp>299.65</gpxtpx:atemp>
          </gpxtpx:TrackPointExtension>
        </extensions>
      </trkpt>
      <trkpt lat="30.602174" lon="34.687688">
        <ele>875.5</ele>
        <time>2026-04-07T07:28:39.000Z</time>
        <extensions>
          <gpxtpx:TrackPointExtension>
            <gpxtpx:hr>141</gpxtpx:hr>
            <gpxtpx:cad>0</gpxtpx:cad>
            <gpxtpx:atemp>299.65</gpxtpx:atemp>
          </gpxtpx:TrackPointExtension>
        </extensions>
      </trkpt>
      <trkpt lat="30.602091" lon="34.687638">
        <ele>876.9</ele>
        <time>2026-04-07T07:28:46.000Z</time>
        <extensions>
          <gpxtpx:TrackPointExtension>
            <gpxtpx:hr>141</gpxtpx:hr>
            <gpxtpx:cad>68</gpxtpx:cad>
            <gpxtpx:atemp>299.65</gpxtpx:atemp>
          </gpxtpx:TrackPointExtension>
        </extensions>
      </trkpt>
      <trkpt lat="30.602036" lon="34.687630">
        <ele>876.8</ele>
        <time>2026-04-07T07:28:52.000Z</time>
        <extensions>
          <gpxtpx:TrackPointExtension>
            <gpxtpx:hr>143</gpxtpx:hr>
            <gpxtpx:cad>68</gpxtpx:cad>
            <gpxtpx:atemp>299.65</gpxtpx:atemp>
          </gpxtpx:TrackPointExtension>
        </extensions>
      </trkpt>
      <trkpt lat="30.601979" lon="34.687612">
        <ele>876.7</ele>
        <time>2026-04-07T07:29:03.000Z</time>
        <extensions>
          <gpxtpx:TrackPointExtension>
            <gpxtpx:hr>144</gpxtpx:hr>
            <gpxtpx:cad>0</gpxtpx:cad>
            <gpxtpx:atemp>299.65</gpxtpx:atemp>
          </gpxtpx:TrackPointExtension>
        </extensions>
      </trkpt>
      <trkpt lat="30.601957" lon="34.687558">
        <ele>876.9</ele>
        <time>2026-04-07T07:29:07.000Z</time>
        <extensions>
          <gpxtpx:TrackPointExtension>
            <gpxtpx:hr>143</gpxtpx:hr>
            <gpxtpx:cad>0</gpxtpx:cad>
            <gpxtpx:atemp>299.65</gpxtpx:atemp>
          </gpxtpx:TrackPointExtension>
        </extensions>
      </trkpt>
      <trkpt lat="30.601902" lon="34.687484">
        <ele>877.4</ele>
        <time>2026-04-07T07:29:14.000Z</time>
        <extensions>
          <gpxtpx:TrackPointExtension>
            <gpxtpx:hr>141</gpxtpx:hr>
            <gpxtpx:cad>0</gpxtpx:cad>
            <gpxtpx:atemp>299.65</gpxtpx:atemp>
          </gpxtpx:TrackPointExtension>
        </extensions>
      </trkpt>
      <trkpt lat="30.601869" lon="34.687393">
        <ele>878.3</ele>
        <time>2026-04-07T07:29:20.000Z</time>
        <extensions>
          <gpxtpx:TrackPointExtension>
            <gpxtpx:hr>140</gpxtpx:hr>
            <gpxtpx:cad>54</gpxtpx:cad>
            <gpxtpx:atemp>299.65</gpxtpx:atemp>
          </gpxtpx:TrackPointExtension>
        </extensions>
      </trkpt>
      <trkpt lat="30.601833" lon="34.687344">
        <ele>878.8</ele>
        <time>2026-04-07T07:29:25.000Z</time>
        <extensions>
          <gpxtpx:TrackPointExtension>
            <gpxtpx:hr>141</gpxtpx:hr>
            <gpxtpx:cad>53</gpxtpx:cad>
            <gpxtpx:atemp>299.65</gpxtpx:atemp>
          </gpxtpx:TrackPointExtension>
        </extensions>
      </trkpt>
      <trkpt lat="30.601774" lon="34.687249">
        <ele>878.5</ele>
        <time>2026-04-07T07:29:33.000Z</time>
        <extensions>
          <gpxtpx:TrackPointExtension>
            <gpxtpx:hr>142</gpxtpx:hr>
            <gpxtpx:cad>54</gpxtpx:cad>
            <gpxtpx:atemp>299.65</gpxtpx:atemp>
          </gpxtpx:TrackPointExtension>
        </extensions>
      </trkpt>
      <trkpt lat="30.601742" lon="34.687157">
        <ele>878.3</ele>
        <time>2026-04-07T07:29:41.000Z</time>
        <extensions>
          <gpxtpx:TrackPointExtension>
            <gpxtpx:hr>144</gpxtpx:hr>
            <gpxtpx:cad>52</gpxtpx:cad>
            <gpxtpx:atemp>299.65</gpxtpx:atemp>
          </gpxtpx:TrackPointExtension>
        </extensions>
      </trkpt>
      <trkpt lat="30.601670" lon="34.687065">
        <ele>878.0</ele>
        <time>2026-04-07T07:29:50.000Z</time>
        <extensions>
          <gpxtpx:TrackPointExtension>
            <gpxtpx:hr>145</gpxtpx:hr>
            <gpxtpx:cad>55</gpxtpx:cad>
            <gpxtpx:atemp>299.65</gpxtpx:atemp>
          </gpxtpx:TrackPointExtension>
        </extensions>
      </trkpt>
      <trkpt lat="30.601603" lon="34.687011">
        <ele>877.8</ele>
        <time>2026-04-07T07:29:56.000Z</time>
        <extensions>
          <gpxtpx:TrackPointExtension>
            <gpxtpx:hr>144</gpxtpx:hr>
            <gpxtpx:cad>0</gpxtpx:cad>
            <gpxtpx:atemp>299.65</gpxtpx:atemp>
          </gpxtpx:TrackPointExtension>
        </extensions>
      </trkpt>
      <trkpt lat="30.601570" lon="34.686923">
        <ele>878.1</ele>
        <time>2026-04-07T07:30:02.000Z</time>
        <extensions>
          <gpxtpx:TrackPointExtension>
            <gpxtpx:hr>143</gpxtpx:hr>
            <gpxtpx:cad>61</gpxtpx:cad>
            <gpxtpx:atemp>299.65</gpxtpx:atemp>
          </gpxtpx:TrackPointExtension>
        </extensions>
      </trkpt>
      <trkpt lat="30.601533" lon="34.686872">
        <ele>878.5</ele>
        <time>2026-04-07T07:30:06.000Z</time>
        <extensions>
          <gpxtpx:TrackPointExtension>
            <gpxtpx:hr>141</gpxtpx:hr>
            <gpxtpx:cad>61</gpxtpx:cad>
            <gpxtpx:atemp>299.65</gpxtpx:atemp>
          </gpxtpx:TrackPointExtension>
        </extensions>
      </trkpt>
      <trkpt lat="30.601506" lon="34.686808">
        <ele>878.7</ele>
        <time>2026-04-07T07:30:10.000Z</time>
        <extensions>
          <gpxtpx:TrackPointExtension>
            <gpxtpx:hr>139</gpxtpx:hr>
            <gpxtpx:cad>71</gpxtpx:cad>
            <gpxtpx:atemp>299.65</gpxtpx:atemp>
          </gpxtpx:TrackPointExtension>
        </extensions>
      </trkpt>
      <trkpt lat="30.601457" lon="34.686782">
        <ele>878.0</ele>
        <time>2026-04-07T07:30:14.000Z</time>
        <extensions>
          <gpxtpx:TrackPointExtension>
            <gpxtpx:hr>139</gpxtpx:hr>
            <gpxtpx:cad>65</gpxtpx:cad>
            <gpxtpx:atemp>299.65</gpxtpx:atemp>
          </gpxtpx:TrackPointExtension>
        </extensions>
      </trkpt>
      <trkpt lat="30.601351" lon="34.686590">
        <ele>877.9</ele>
        <time>2026-04-07T07:30:26.000Z</time>
        <extensions>
          <gpxtpx:TrackPointExtension>
            <gpxtpx:hr>138</gpxtpx:hr>
            <gpxtpx:cad>73</gpxtpx:cad>
            <gpxtpx:atemp>298.65</gpxtpx:atemp>
          </gpxtpx:TrackPointExtension>
        </extensions>
      </trkpt>
      <trkpt lat="30.601305" lon="34.686430">
        <ele>878.4</ele>
        <time>2026-04-07T07:30:39.000Z</time>
        <extensions>
          <gpxtpx:TrackPointExtension>
            <gpxtpx:hr>142</gpxtpx:hr>
            <gpxtpx:cad>57</gpxtpx:cad>
            <gpxtpx:atemp>298.65</gpxtpx:atemp>
          </gpxtpx:TrackPointExtension>
        </extensions>
      </trkpt>
      <trkpt lat="30.601296" lon="34.686374">
        <ele>878.5</ele>
        <time>2026-04-07T07:30:43.000Z</time>
        <extensions>
          <gpxtpx:TrackPointExtension>
            <gpxtpx:hr>143</gpxtpx:hr>
            <gpxtpx:cad>55</gpxtpx:cad>
            <gpxtpx:atemp>298.65</gpxtpx:atemp>
          </gpxtpx:TrackPointExtension>
        </extensions>
      </trkpt>
      <trkpt lat="30.601253" lon="34.686245">
        <ele>879.0</ele>
        <time>2026-04-07T07:30:54.000Z</time>
        <extensions>
          <gpxtpx:TrackPointExtension>
            <gpxtpx:hr>142</gpxtpx:hr>
            <gpxtpx:cad>0</gpxtpx:cad>
            <gpxtpx:atemp>298.65</gpxtpx:atemp>
          </gpxtpx:TrackPointExtension>
        </extensions>
      </trkpt>
      <trkpt lat="30.601229" lon="34.686108">
        <ele>878.8</ele>
        <time>2026-04-07T07:31:04.000Z</time>
        <extensions>
          <gpxtpx:TrackPointExtension>
            <gpxtpx:hr>144</gpxtpx:hr>
            <gpxtpx:cad>0</gpxtpx:cad>
            <gpxtpx:atemp>298.65</gpxtpx:atemp>
          </gpxtpx:TrackPointExtension>
        </extensions>
      </trkpt>
      <trkpt lat="30.601200" lon="34.686048">
        <ele>878.5</ele>
        <time>2026-04-07T07:31:09.000Z</time>
        <extensions>
          <gpxtpx:TrackPointExtension>
            <gpxtpx:hr>147</gpxtpx:hr>
            <gpxtpx:cad>56</gpxtpx:cad>
            <gpxtpx:atemp>298.65</gpxtpx:atemp>
          </gpxtpx:TrackPointExtension>
        </extensions>
      </trkpt>
      <trkpt lat="30.601148" lon="34.686002">
        <ele>878.2</ele>
        <time>2026-04-07T07:31:14.000Z</time>
        <extensions>
          <gpxtpx:TrackPointExtension>
            <gpxtpx:hr>148</gpxtpx:hr>
            <gpxtpx:cad>0</gpxtpx:cad>
            <gpxtpx:atemp>298.65</gpxtpx:atemp>
          </gpxtpx:TrackPointExtension>
        </extensions>
      </trkpt>
      <trkpt lat="30.601057" lon="34.685840">
        <ele>877.3</ele>
        <time>2026-04-07T07:31:28.000Z</time>
        <extensions>
          <gpxtpx:TrackPointExtension>
            <gpxtpx:hr>149</gpxtpx:hr>
            <gpxtpx:cad>51</gpxtpx:cad>
            <gpxtpx:atemp>298.65</gpxtpx:atemp>
          </gpxtpx:TrackPointExtension>
        </extensions>
      </trkpt>
      <trkpt lat="30.600990" lon="34.685764">
        <ele>877.0</ele>
        <time>2026-04-07T07:31:36.000Z</time>
        <extensions>
          <gpxtpx:TrackPointExtension>
            <gpxtpx:hr>148</gpxtpx:hr>
            <gpxtpx:cad>56</gpxtpx:cad>
            <gpxtpx:atemp>298.65</gpxtpx:atemp>
          </gpxtpx:TrackPointExtension>
        </extensions>
      </trkpt>
      <trkpt lat="30.600926" lon="34.685731">
        <ele>876.2</ele>
        <time>2026-04-07T07:31:41.000Z</time>
        <extensions>
          <gpxtpx:TrackPointExtension>
            <gpxtpx:hr>148</gpxtpx:hr>
            <gpxtpx:cad>123</gpxtpx:cad>
            <gpxtpx:atemp>298.65</gpxtpx:atemp>
          </gpxtpx:TrackPointExtension>
        </extensions>
      </trkpt>
      <trkpt lat="30.600867" lon="34.685589">
        <ele>876.3</ele>
        <time>2026-04-07T07:31:53.000Z</time>
        <extensions>
          <gpxtpx:TrackPointExtension>
            <gpxtpx:hr>144</gpxtpx:hr>
            <gpxtpx:cad>0</gpxtpx:cad>
            <gpxtpx:atemp>298.65</gpxtpx:atemp>
          </gpxtpx:TrackPointExtension>
        </extensions>
      </trkpt>
      <trkpt lat="30.600814" lon="34.685504">
        <ele>876.6</ele>
        <time>2026-04-07T07:32:00.000Z</time>
        <extensions>
          <gpxtpx:TrackPointExtension>
            <gpxtpx:hr>143</gpxtpx:hr>
            <gpxtpx:cad>55</gpxtpx:cad>
            <gpxtpx:atemp>298.65</gpxtpx:atemp>
          </gpxtpx:TrackPointExtension>
        </extensions>
      </trkpt>
      <trkpt lat="30.600803" lon="34.685475">
        <ele>876.8</ele>
        <time>2026-04-07T07:32:02.000Z</time>
        <extensions>
          <gpxtpx:TrackPointExtension>
            <gpxtpx:hr>144</gpxtpx:hr>
            <gpxtpx:cad>53</gpxtpx:cad>
            <gpxtpx:atemp>298.65</gpxtpx:atemp>
          </gpxtpx:TrackPointExtension>
        </extensions>
      </trkpt>
      <trkpt lat="30.600688" lon="34.685288">
        <ele>877.9</ele>
        <time>2026-04-07T07:32:19.000Z</time>
        <extensions>
          <gpxtpx:TrackPointExtension>
            <gpxtpx:hr>145</gpxtpx:hr>
            <gpxtpx:cad>0</gpxtpx:cad>
            <gpxtpx:atemp>298.65</gpxtpx:atemp>
          </gpxtpx:TrackPointExtension>
        </extensions>
      </trkpt>
      <trkpt lat="30.600647" lon="34.685228">
        <ele>877.9</ele>
        <time>2026-04-07T07:32:25.000Z</time>
        <extensions>
          <gpxtpx:TrackPointExtension>
            <gpxtpx:hr>145</gpxtpx:hr>
            <gpxtpx:cad>73</gpxtpx:cad>
            <gpxtpx:atemp>298.65</gpxtpx:atemp>
          </gpxtpx:TrackPointExtension>
        </extensions>
      </trkpt>
      <trkpt lat="30.600498" lon="34.685141">
        <ele>877.6</ele>
        <time>2026-04-07T07:32:38.000Z</time>
        <extensions>
          <gpxtpx:TrackPointExtension>
            <gpxtpx:hr>143</gpxtpx:hr>
            <gpxtpx:cad>59</gpxtpx:cad>
            <gpxtpx:atemp>298.65</gpxtpx:atemp>
          </gpxtpx:TrackPointExtension>
        </extensions>
      </trkpt>
      <trkpt lat="30.600425" lon="34.685089">
        <ele>877.4</ele>
        <time>2026-04-07T07:32:45.000Z</time>
        <extensions>
          <gpxtpx:TrackPointExtension>
            <gpxtpx:hr>143</gpxtpx:hr>
            <gpxtpx:cad>61</gpxtpx:cad>
            <gpxtpx:atemp>298.65</gpxtpx:atemp>
          </gpxtpx:TrackPointExtension>
        </extensions>
      </trkpt>
      <trkpt lat="30.600361" lon="34.685082">
        <ele>876.9</ele>
        <time>2026-04-07T07:32:50.000Z</time>
        <extensions>
          <gpxtpx:TrackPointExtension>
            <gpxtpx:hr>139</gpxtpx:hr>
            <gpxtpx:cad>57</gpxtpx:cad>
            <gpxtpx:atemp>298.65</gpxtpx:atemp>
          </gpxtpx:TrackPointExtension>
        </extensions>
      </trkpt>
      <trkpt lat="30.600273" lon="34.685053">
        <ele>876.4</ele>
        <time>2026-04-07T07:32:57.000Z</time>
        <extensions>
          <gpxtpx:TrackPointExtension>
            <gpxtpx:hr>138</gpxtpx:hr>
            <gpxtpx:cad>57</gpxtpx:cad>
            <gpxtpx:atemp>298.65</gpxtpx:atemp>
          </gpxtpx:TrackPointExtension>
        </extensions>
      </trkpt>
      <trkpt lat="30.600216" lon="34.685019">
        <ele>876.3</ele>
        <time>2026-04-07T07:33:02.000Z</time>
        <extensions>
          <gpxtpx:TrackPointExtension>
            <gpxtpx:hr>138</gpxtpx:hr>
            <gpxtpx:cad>0</gpxtpx:cad>
            <gpxtpx:atemp>298.65</gpxtpx:atemp>
          </gpxtpx:TrackPointExtension>
        </extensions>
      </trkpt>
      <trkpt lat="30.600173" lon="34.685022">
        <ele>876.0</ele>
        <time>2026-04-07T07:33:06.000Z</time>
        <extensions>
          <gpxtpx:TrackPointExtension>
            <gpxtpx:hr>138</gpxtpx:hr>
            <gpxtpx:cad>62</gpxtpx:cad>
            <gpxtpx:atemp>298.65</gpxtpx:atemp>
          </gpxtpx:TrackPointExtension>
        </extensions>
      </trkpt>
      <trkpt lat="30.600090" lon="34.684996">
        <ele>875.6</ele>
        <time>2026-04-07T07:33:12.000Z</time>
        <extensions>
          <gpxtpx:TrackPointExtension>
            <gpxtpx:hr>136</gpxtpx:hr>
            <gpxtpx:cad>54</gpxtpx:cad>
            <gpxtpx:atemp>298.65</gpxtpx:atemp>
          </gpxtpx:TrackPointExtension>
        </extensions>
      </trkpt>
      <trkpt lat="30.600011" lon="34.684983">
        <ele>875.1</ele>
        <time>2026-04-07T07:33:20.000Z</time>
        <extensions>
          <gpxtpx:TrackPointExtension>
            <gpxtpx:hr>133</gpxtpx:hr>
            <gpxtpx:cad>52</gpxtpx:cad>
            <gpxtpx:atemp>298.65</gpxtpx:atemp>
          </gpxtpx:TrackPointExtension>
        </extensions>
      </trkpt>
      <trkpt lat="30.599907" lon="34.684992">
        <ele>874.1</ele>
        <time>2026-04-07T07:33:28.000Z</time>
        <extensions>
          <gpxtpx:TrackPointExtension>
            <gpxtpx:hr>131</gpxtpx:hr>
            <gpxtpx:cad>0</gpxtpx:cad>
            <gpxtpx:atemp>298.65</gpxtpx:atemp>
          </gpxtpx:TrackPointExtension>
        </extensions>
      </trkpt>
      <trkpt lat="30.599836" lon="34.684974">
        <ele>873.7</ele>
        <time>2026-04-07T07:33:34.000Z</time>
        <extensions>
          <gpxtpx:TrackPointExtension>
            <gpxtpx:hr>131</gpxtpx:hr>
            <gpxtpx:cad>56</gpxtpx:cad>
            <gpxtpx:atemp>298.65</gpxtpx:atemp>
          </gpxtpx:TrackPointExtension>
        </extensions>
      </trkpt>
      <trkpt lat="30.599677" lon="34.684960">
        <ele>872.5</ele>
        <time>2026-04-07T07:33:45.000Z</time>
        <extensions>
          <gpxtpx:TrackPointExtension>
            <gpxtpx:hr>129</gpxtpx:hr>
            <gpxtpx:cad>60</gpxtpx:cad>
            <gpxtpx:atemp>298.65</gpxtpx:atemp>
          </gpxtpx:TrackPointExtension>
        </extensions>
      </trkpt>
      <trkpt lat="30.599559" lon="34.685014">
        <ele>870.5</ele>
        <time>2026-04-07T07:33:54.000Z</time>
        <extensions>
          <gpxtpx:TrackPointExtension>
            <gpxtpx:hr>131</gpxtpx:hr>
            <gpxtpx:cad>61</gpxtpx:cad>
            <gpxtpx:atemp>298.65</gpxtpx:atemp>
          </gpxtpx:TrackPointExtension>
        </extensions>
      </trkpt>
      <trkpt lat="30.599434" lon="34.685099">
        <ele>867.9</ele>
        <time>2026-04-07T07:34:04.000Z</time>
        <extensions>
          <gpxtpx:TrackPointExtension>
            <gpxtpx:hr>132</gpxtpx:hr>
            <gpxtpx:cad>57</gpxtpx:cad>
            <gpxtpx:atemp>298.65</gpxtpx:atemp>
          </gpxtpx:TrackPointExtension>
        </extensions>
      </trkpt>
      <trkpt lat="30.599314" lon="34.685251">
        <ele>864.8</ele>
        <time>2026-04-07T07:34:17.000Z</time>
        <extensions>
          <gpxtpx:TrackPointExtension>
            <gpxtpx:hr>131</gpxtpx:hr>
            <gpxtpx:cad>59</gpxtpx:cad>
            <gpxtpx:atemp>298.65</gpxtpx:atemp>
          </gpxtpx:TrackPointExtension>
        </extensions>
      </trkpt>
      <trkpt lat="30.599276" lon="34.685296">
        <ele>864.1</ele>
        <time>2026-04-07T07:34:21.000Z</time>
        <extensions>
          <gpxtpx:TrackPointExtension>
            <gpxtpx:hr>131</gpxtpx:hr>
            <gpxtpx:cad>56</gpxtpx:cad>
            <gpxtpx:atemp>299.65</gpxtpx:atemp>
          </gpxtpx:TrackPointExtension>
        </extensions>
      </trkpt>
      <trkpt lat="30.599235" lon="34.685328">
        <ele>863.5</ele>
        <time>2026-04-07T07:34:25.000Z</time>
        <extensions>
          <gpxtpx:TrackPointExtension>
            <gpxtpx:hr>131</gpxtpx:hr>
            <gpxtpx:cad>0</gpxtpx:cad>
            <gpxtpx:atemp>299.65</gpxtpx:atemp>
          </gpxtpx:TrackPointExtension>
        </extensions>
      </trkpt>
      <trkpt lat="30.599138" lon="34.685445">
        <ele>862.2</ele>
        <time>2026-04-07T07:34:36.000Z</time>
        <extensions>
          <gpxtpx:TrackPointExtension>
            <gpxtpx:hr>129</gpxtpx:hr>
            <gpxtpx:cad>61</gpxtpx:cad>
            <gpxtpx:atemp>299.65</gpxtpx:atemp>
          </gpxtpx:TrackPointExtension>
        </extensions>
      </trkpt>
      <trkpt lat="30.599052" lon="34.685552">
        <ele>861.5</ele>
        <time>2026-04-07T07:34:46.000Z</time>
        <extensions>
          <gpxtpx:TrackPointExtension>
            <gpxtpx:hr>127</gpxtpx:hr>
            <gpxtpx:cad>57</gpxtpx:cad>
            <gpxtpx:atemp>299.65</gpxtpx:atemp>
          </gpxtpx:TrackPointExtension>
        </extensions>
      </trkpt>
      <trkpt lat="30.599022" lon="34.685607">
        <ele>861.3</ele>
        <time>2026-04-07T07:34:50.000Z</time>
        <extensions>
          <gpxtpx:TrackPointExtension>
            <gpxtpx:hr>127</gpxtpx:hr>
            <gpxtpx:cad>57</gpxtpx:cad>
            <gpxtpx:atemp>299.65</gpxtpx:atemp>
          </gpxtpx:TrackPointExtension>
        </extensions>
      </trkpt>
      <trkpt lat="30.598979" lon="34.685728">
        <ele>861.1</ele>
        <time>2026-04-07T07:34:59.000Z</time>
        <extensions>
          <gpxtpx:TrackPointExtension>
            <gpxtpx:hr>126</gpxtpx:hr>
            <gpxtpx:cad>0</gpxtpx:cad>
            <gpxtpx:atemp>299.65</gpxtpx:atemp>
          </gpxtpx:TrackPointExtension>
        </extensions>
      </trkpt>
      <trkpt lat="30.598914" lon="34.685831">
        <ele>861.1</ele>
        <time>2026-04-07T07:35:06.000Z</time>
        <extensions>
          <gpxtpx:TrackPointExtension>
            <gpxtpx:hr>126</gpxtpx:hr>
            <gpxtpx:cad>62</gpxtpx:cad>
            <gpxtpx:atemp>299.65</gpxtpx:atemp>
          </gpxtpx:TrackPointExtension>
        </extensions>
      </trkpt>
      <trkpt lat="30.598789" lon="34.685940">
        <ele>861.7</ele>
        <time>2026-04-07T07:35:16.000Z</time>
        <extensions>
          <gpxtpx:TrackPointExtension>
            <gpxtpx:hr>116</gpxtpx:hr>
            <gpxtpx:cad>79</gpxtpx:cad>
            <gpxtpx:atemp>299.65</gpxtpx:atemp>
          </gpxtpx:TrackPointExtension>
        </extensions>
      </trkpt>
      <trkpt lat="30.598716" lon="34.686022">
        <ele>862.2</ele>
        <time>2026-04-07T07:35:22.000Z</time>
        <extensions>
          <gpxtpx:TrackPointExtension>
            <gpxtpx:hr>119</gpxtpx:hr>
            <gpxtpx:cad>77</gpxtpx:cad>
            <gpxtpx:atemp>299.65</gpxtpx:atemp>
          </gpxtpx:TrackPointExtension>
        </extensions>
      </trkpt>
      <trkpt lat="30.598632" lon="34.686088">
        <ele>863.0</ele>
        <time>2026-04-07T07:35:28.000Z</time>
        <extensions>
          <gpxtpx:TrackPointExtension>
            <gpxtpx:hr>126</gpxtpx:hr>
            <gpxtpx:cad>73</gpxtpx:cad>
            <gpxtpx:atemp>299.65</gpxtpx:atemp>
          </gpxtpx:TrackPointExtension>
        </extensions>
      </trkpt>
      <trkpt lat="30.598547" lon="34.686130">
        <ele>864.0</ele>
        <time>2026-04-07T07:35:34.000Z</time>
        <extensions>
          <gpxtpx:TrackPointExtension>
            <gpxtpx:hr>129</gpxtpx:hr>
            <gpxtpx:cad>70</gpxtpx:cad>
            <gpxtpx:atemp>299.65</gpxtpx:atemp>
          </gpxtpx:TrackPointExtension>
        </extensions>
      </trkpt>
      <trkpt lat="30.598475" lon="34.686191">
        <ele>865.0</ele>
        <time>2026-04-07T07:35:40.000Z</time>
        <extensions>
          <gpxtpx:TrackPointExtension>
            <gpxtpx:hr>132</gpxtpx:hr>
            <gpxtpx:cad>63</gpxtpx:cad>
            <gpxtpx:atemp>299.65</gpxtpx:atemp>
          </gpxtpx:TrackPointExtension>
        </extensions>
      </trkpt>
      <trkpt lat="30.598479" lon="34.686182">
        <ele>864.9</ele>
        <time>2026-04-07T07:35:51.000Z</time>
        <extensions>
          <gpxtpx:TrackPointExtension>
            <gpxtpx:hr>137</gpxtpx:hr>
            <gpxtpx:cad>0</gpxtpx:cad>
            <gpxtpx:atemp>299.65</gpxtpx:atemp>
          </gpxtpx:TrackPointExtension>
        </extensions>
      </trkpt>
      <trkpt lat="30.598372" lon="34.686227">
        <ele>866.4</ele>
        <time>2026-04-07T07:36:01.000Z</time>
        <extensions>
          <gpxtpx:TrackPointExtension>
            <gpxtpx:hr>139</gpxtpx:hr>
            <gpxtpx:cad>0</gpxtpx:cad>
            <gpxtpx:atemp>299.65</gpxtpx:atemp>
          </gpxtpx:TrackPointExtension>
        </extensions>
      </trkpt>
      <trkpt lat="30.598253" lon="34.686324">
        <ele>868.3</ele>
        <time>2026-04-07T07:36:16.000Z</time>
        <extensions>
          <gpxtpx:TrackPointExtension>
            <gpxtpx:hr>137</gpxtpx:hr>
            <gpxtpx:cad>0</gpxtpx:cad>
            <gpxtpx:atemp>298.65</gpxtpx:atemp>
          </gpxtpx:TrackPointExtension>
        </extensions>
      </trkpt>
      <trkpt lat="30.598148" lon="34.686457">
        <ele>870.6</ele>
        <time>2026-04-07T07:36:30.000Z</time>
        <extensions>
          <gpxtpx:TrackPointExtension>
            <gpxtpx:hr>141</gpxtpx:hr>
            <gpxtpx:cad>0</gpxtpx:cad>
            <gpxtpx:atemp>298.65</gpxtpx:atemp>
          </gpxtpx:TrackPointExtension>
        </extensions>
      </trkpt>
      <trkpt lat="30.598104" lon="34.686509">
        <ele>871.6</ele>
        <time>2026-04-07T07:36:37.000Z</time>
        <extensions>
          <gpxtpx:TrackPointExtension>
            <gpxtpx:hr>147</gpxtpx:hr>
            <gpxtpx:cad>0</gpxtpx:cad>
            <gpxtpx:atemp>298.65</gpxtpx:atemp>
          </gpxtpx:TrackPointExtension>
        </extensions>
      </trkpt>
      <trkpt lat="30.598043" lon="34.686529">
        <ele>872.7</ele>
        <time>2026-04-07T07:36:43.000Z</time>
        <extensions>
          <gpxtpx:TrackPointExtension>
            <gpxtpx:hr>149</gpxtpx:hr>
            <gpxtpx:cad>0</gpxtpx:cad>
            <gpxtpx:atemp>298.65</gpxtpx:atemp>
          </gpxtpx:TrackPointExtension>
        </extensions>
      </trkpt>
      <trkpt lat="30.597981" lon="34.686580">
        <ele>873.8</ele>
        <time>2026-04-07T07:36:49.000Z</time>
        <extensions>
          <gpxtpx:TrackPointExtension>
            <gpxtpx:hr>149</gpxtpx:hr>
            <gpxtpx:cad>55</gpxtpx:cad>
            <gpxtpx:atemp>298.65</gpxtpx:atemp>
          </gpxtpx:TrackPointExtension>
        </extensions>
      </trkpt>
      <trkpt lat="30.597941" lon="34.686639">
        <ele>874.5</ele>
        <time>2026-04-07T07:36:54.000Z</time>
        <extensions>
          <gpxtpx:TrackPointExtension>
            <gpxtpx:hr>151</gpxtpx:hr>
            <gpxtpx:cad>75</gpxtpx:cad>
            <gpxtpx:atemp>298.65</gpxtpx:atemp>
          </gpxtpx:TrackPointExtension>
        </extensions>
      </trkpt>
      <trkpt lat="30.597880" lon="34.686830">
        <ele>875.6</ele>
        <time>2026-04-07T07:37:07.000Z</time>
        <extensions>
          <gpxtpx:TrackPointExtension>
            <gpxtpx:hr>150</gpxtpx:hr>
            <gpxtpx:cad>75</gpxtpx:cad>
            <gpxtpx:atemp>298.65</gpxtpx:atemp>
          </gpxtpx:TrackPointExtension>
        </extensions>
      </trkpt>
      <trkpt lat="30.597845" lon="34.686874">
        <ele>876.0</ele>
        <time>2026-04-07T07:37:11.000Z</time>
        <extensions>
          <gpxtpx:TrackPointExtension>
            <gpxtpx:hr>149</gpxtpx:hr>
            <gpxtpx:cad>73</gpxtpx:cad>
            <gpxtpx:atemp>298.65</gpxtpx:atemp>
          </gpxtpx:TrackPointExtension>
        </extensions>
      </trkpt>
      <trkpt lat="30.597755" lon="34.686962">
        <ele>877.3</ele>
        <time>2026-04-07T07:37:24.000Z</time>
        <extensions>
          <gpxtpx:TrackPointExtension>
            <gpxtpx:hr>146</gpxtpx:hr>
            <gpxtpx:cad>50</gpxtpx:cad>
            <gpxtpx:atemp>299.65</gpxtpx:atemp>
          </gpxtpx:TrackPointExtension>
        </extensions>
      </trkpt>
      <trkpt lat="30.597682" lon="34.687113">
        <ele>878.2</ele>
        <time>2026-04-07T07:37:35.000Z</time>
        <extensions>
          <gpxtpx:TrackPointExtension>
            <gpxtpx:hr>145</gpxtpx:hr>
            <gpxtpx:cad>0</gpxtpx:cad>
            <gpxtpx:atemp>299.65</gpxtpx:atemp>
          </gpxtpx:TrackPointExtension>
        </extensions>
      </trkpt>
      <trkpt lat="30.597678" lon="34.687140">
        <ele>878.3</ele>
        <time>2026-04-07T07:37:37.000Z</time>
        <extensions>
          <gpxtpx:TrackPointExtension>
            <gpxtpx:hr>145</gpxtpx:hr>
            <gpxtpx:cad>0</gpxtpx:cad>
            <gpxtpx:atemp>299.65</gpxtpx:atemp>
          </gpxtpx:TrackPointExtension>
        </extensions>
      </trkpt>
      <trkpt lat="30.597629" lon="34.687253">
        <ele>879.1</ele>
        <time>2026-04-07T07:37:46.000Z</time>
        <extensions>
          <gpxtpx:TrackPointExtension>
            <gpxtpx:hr>142</gpxtpx:hr>
            <gpxtpx:cad>0</gpxtpx:cad>
            <gpxtpx:atemp>299.65</gpxtpx:atemp>
          </gpxtpx:TrackPointExtension>
        </extensions>
      </trkpt>
      <trkpt lat="30.597571" lon="34.687355">
        <ele>879.7</ele>
        <time>2026-04-07T07:37:54.000Z</time>
        <extensions>
          <gpxtpx:TrackPointExtension>
            <gpxtpx:hr>137</gpxtpx:hr>
            <gpxtpx:cad>0</gpxtpx:cad>
            <gpxtpx:atemp>299.65</gpxtpx:atemp>
          </gpxtpx:TrackPointExtension>
        </extensions>
      </trkpt>
      <trkpt lat="30.597528" lon="34.687509">
        <ele>880.7</ele>
        <time>2026-04-07T07:38:06.000Z</time>
        <extensions>
          <gpxtpx:TrackPointExtension>
            <gpxtpx:hr>134</gpxtpx:hr>
            <gpxtpx:cad>57</gpxtpx:cad>
            <gpxtpx:atemp>299.65</gpxtpx:atemp>
          </gpxtpx:TrackPointExtension>
        </extensions>
      </trkpt>
      <trkpt lat="30.597493" lon="34.687543">
        <ele>881.2</ele>
        <time>2026-04-07T07:38:09.000Z</time>
        <extensions>
          <gpxtpx:TrackPointExtension>
            <gpxtpx:hr>133</gpxtpx:hr>
            <gpxtpx:cad>59</gpxtpx:cad>
            <gpxtpx:atemp>299.65</gpxtpx:atemp>
          </gpxtpx:TrackPointExtension>
        </extensions>
      </trkpt>
      <trkpt lat="30.597443" lon="34.687625">
        <ele>882.1</ele>
        <time>2026-04-07T07:38:14.000Z</time>
        <extensions>
          <gpxtpx:TrackPointExtension>
            <gpxtpx:hr>133</gpxtpx:hr>
            <gpxtpx:cad>73</gpxtpx:cad>
            <gpxtpx:atemp>299.65</gpxtpx:atemp>
          </gpxtpx:TrackPointExtension>
        </extensions>
      </trkpt>
      <trkpt lat="30.597422" lon="34.687684">
        <ele>882.3</ele>
        <time>2026-04-07T07:38:17.000Z</time>
        <extensions>
          <gpxtpx:TrackPointExtension>
            <gpxtpx:hr>132</gpxtpx:hr>
            <gpxtpx:cad>75</gpxtpx:cad>
            <gpxtpx:atemp>299.65</gpxtpx:atemp>
          </gpxtpx:TrackPointExtension>
        </extensions>
      </trkpt>
      <trkpt lat="30.597418" lon="34.687771">
        <ele>882.4</ele>
        <time>2026-04-07T07:38:23.000Z</time>
        <extensions>
          <gpxtpx:TrackPointExtension>
            <gpxtpx:hr>134</gpxtpx:hr>
            <gpxtpx:cad>0</gpxtpx:cad>
            <gpxtpx:atemp>299.65</gpxtpx:atemp>
          </gpxtpx:TrackPointExtension>
        </extensions>
      </trkpt>
      <trkpt lat="30.597394" lon="34.687946">
        <ele>882.6</ele>
        <time>2026-04-07T07:38:34.000Z</time>
        <extensions>
          <gpxtpx:TrackPointExtension>
            <gpxtpx:hr>134</gpxtpx:hr>
            <gpxtpx:cad>60</gpxtpx:cad>
            <gpxtpx:atemp>299.65</gpxtpx:atemp>
          </gpxtpx:TrackPointExtension>
        </extensions>
      </trkpt>
      <trkpt lat="30.597395" lon="34.688026">
        <ele>882.3</ele>
        <time>2026-04-07T07:38:39.000Z</time>
        <extensions>
          <gpxtpx:TrackPointExtension>
            <gpxtpx:hr>134</gpxtpx:hr>
            <gpxtpx:cad>0</gpxtpx:cad>
            <gpxtpx:atemp>299.65</gpxtpx:atemp>
          </gpxtpx:TrackPointExtension>
        </extensions>
      </trkpt>
      <trkpt lat="30.597412" lon="34.688123">
        <ele>881.8</ele>
        <time>2026-04-07T07:38:46.000Z</time>
        <extensions>
          <gpxtpx:TrackPointExtension>
            <gpxtpx:hr>135</gpxtpx:hr>
            <gpxtpx:cad>68</gpxtpx:cad>
            <gpxtpx:atemp>299.65</gpxtpx:atemp>
          </gpxtpx:TrackPointExtension>
        </extensions>
      </trkpt>
      <trkpt lat="30.597409" lon="34.688186">
        <ele>881.7</ele>
        <time>2026-04-07T07:38:50.000Z</time>
        <extensions>
          <gpxtpx:TrackPointExtension>
            <gpxtpx:hr>135</gpxtpx:hr>
            <gpxtpx:cad>68</gpxtpx:cad>
            <gpxtpx:atemp>299.65</gpxtpx:atemp>
          </gpxtpx:TrackPointExtension>
        </extensions>
      </trkpt>
      <trkpt lat="30.597426" lon="34.688251">
        <ele>880.9</ele>
        <time>2026-04-07T07:38:55.000Z</time>
        <extensions>
          <gpxtpx:TrackPointExtension>
            <gpxtpx:hr>136</gpxtpx:hr>
            <gpxtpx:cad>57</gpxtpx:cad>
            <gpxtpx:atemp>299.65</gpxtpx:atemp>
          </gpxtpx:TrackPointExtension>
        </extensions>
      </trkpt>
      <trkpt lat="30.597461" lon="34.688318">
        <ele>879.9</ele>
        <time>2026-04-07T07:39:01.000Z</time>
        <extensions>
          <gpxtpx:TrackPointExtension>
            <gpxtpx:hr>136</gpxtpx:hr>
            <gpxtpx:cad>54</gpxtpx:cad>
            <gpxtpx:atemp>299.65</gpxtpx:atemp>
          </gpxtpx:TrackPointExtension>
        </extensions>
      </trkpt>
      <trkpt lat="30.597509" lon="34.688429">
        <ele>878.4</ele>
        <time>2026-04-07T07:39:10.000Z</time>
        <extensions>
          <gpxtpx:TrackPointExtension>
            <gpxtpx:hr>135</gpxtpx:hr>
            <gpxtpx:cad>0</gpxtpx:cad>
            <gpxtpx:atemp>299.65</gpxtpx:atemp>
          </gpxtpx:TrackPointExtension>
        </extensions>
      </trkpt>
      <trkpt lat="30.597556" lon="34.688455">
        <ele>877.8</ele>
        <time>2026-04-07T07:39:16.000Z</time>
        <extensions>
          <gpxtpx:TrackPointExtension>
            <gpxtpx:hr>133</gpxtpx:hr>
            <gpxtpx:cad>54</gpxtpx:cad>
            <gpxtpx:atemp>299.65</gpxtpx:atemp>
          </gpxtpx:TrackPointExtension>
        </extensions>
      </trkpt>
      <trkpt lat="30.597591" lon="34.688500">
        <ele>876.8</ele>
        <time>2026-04-07T07:39:22.000Z</time>
        <extensions>
          <gpxtpx:TrackPointExtension>
            <gpxtpx:hr>132</gpxtpx:hr>
            <gpxtpx:cad>54</gpxtpx:cad>
            <gpxtpx:atemp>299.65</gpxtpx:atemp>
          </gpxtpx:TrackPointExtension>
        </extensions>
      </trkpt>
      <trkpt lat="30.597640" lon="34.688508">
        <ele>876.2</ele>
        <time>2026-04-07T07:39:27.000Z</time>
        <extensions>
          <gpxtpx:TrackPointExtension>
            <gpxtpx:hr>131</gpxtpx:hr>
            <gpxtpx:cad>0</gpxtpx:cad>
            <gpxtpx:atemp>299.65</gpxtpx:atemp>
          </gpxtpx:TrackPointExtension>
        </extensions>
      </trkpt>
      <trkpt lat="30.597682" lon="34.688491">
        <ele>875.7</ele>
        <time>2026-04-07T07:39:44.000Z</time>
        <extensions>
          <gpxtpx:TrackPointExtension>
            <gpxtpx:hr>123</gpxtpx:hr>
            <gpxtpx:cad>0</gpxtpx:cad>
            <gpxtpx:atemp>299.65</gpxtpx:atemp>
          </gpxtpx:TrackPointExtension>
        </extensions>
      </trkpt>
      <trkpt lat="30.597742" lon="34.688466">
        <ele>874.8</ele>
        <time>2026-04-07T07:39:54.000Z</time>
        <extensions>
          <gpxtpx:TrackPointExtension>
            <gpxtpx:hr>122</gpxtpx:hr>
            <gpxtpx:cad>55</gpxtpx:cad>
            <gpxtpx:atemp>299.65</gpxtpx:atemp>
          </gpxtpx:TrackPointExtension>
        </extensions>
      </trkpt>
      <trkpt lat="30.597798" lon="34.688449">
        <ele>873.8</ele>
        <time>2026-04-07T07:40:04.000Z</time>
        <extensions>
          <gpxtpx:TrackPointExtension>
            <gpxtpx:hr>123</gpxtpx:hr>
            <gpxtpx:cad>0</gpxtpx:cad>
            <gpxtpx:atemp>299.65</gpxtpx:atemp>
          </gpxtpx:TrackPointExtension>
        </extensions>
      </trkpt>
      <trkpt lat="30.597876" lon="34.688503">
        <ele>871.4</ele>
        <time>2026-04-07T07:40:24.000Z</time>
        <extensions>
          <gpxtpx:TrackPointExtension>
            <gpxtpx:hr>120</gpxtpx:hr>
            <gpxtpx:cad>0</gpxtpx:cad>
            <gpxtpx:atemp>298.65</gpxtpx:atemp>
          </gpxtpx:TrackPointExtension>
        </extensions>
      </trkpt>
      <trkpt lat="30.597900" lon="34.688601">
        <ele>869.4</ele>
        <time>2026-04-07T07:40:34.000Z</time>
        <extensions>
          <gpxtpx:TrackPointExtension>
            <gpxtpx:hr>120</gpxtpx:hr>
            <gpxtpx:cad>51</gpxtpx:cad>
            <gpxtpx:atemp>298.65</gpxtpx:atemp>
          </gpxtpx:TrackPointExtension>
        </extensions>
      </trkpt>
      <trkpt lat="30.597973" lon="34.688639">
        <ele>867.5</ele>
        <time>2026-04-07T07:40:42.000Z</time>
        <extensions>
          <gpxtpx:TrackPointExtension>
            <gpxtpx:hr>116</gpxtpx:hr>
            <gpxtpx:cad>51</gpxtpx:cad>
            <gpxtpx:atemp>299.65</gpxtpx:atemp>
          </gpxtpx:TrackPointExtension>
        </extensions>
      </trkpt>
      <trkpt lat="30.598029" lon="34.688652">
        <ele>866.2</ele>
        <time>2026-04-07T07:40:49.000Z</time>
        <extensions>
          <gpxtpx:TrackPointExtension>
            <gpxtpx:hr>118</gpxtpx:hr>
            <gpxtpx:cad>51</gpxtpx:cad>
            <gpxtpx:atemp>299.65</gpxtpx:atemp>
          </gpxtpx:TrackPointExtension>
        </extensions>
      </trkpt>
      <trkpt lat="30.598092" lon="34.688697">
        <ele>864.5</ele>
        <time>2026-04-07T07:40:57.000Z</time>
        <extensions>
          <gpxtpx:TrackPointExtension>
            <gpxtpx:hr>118</gpxtpx:hr>
            <gpxtpx:cad>0</gpxtpx:cad>
            <gpxtpx:atemp>299.65</gpxtpx:atemp>
          </gpxtpx:TrackPointExtension>
        </extensions>
      </trkpt>
      <trkpt lat="30.598121" lon="34.688737">
        <ele>863.5</ele>
        <time>2026-04-07T07:41:02.000Z</time>
        <extensions>
          <gpxtpx:TrackPointExtension>
            <gpxtpx:hr>118</gpxtpx:hr>
            <gpxtpx:cad>0</gpxtpx:cad>
            <gpxtpx:atemp>299.65</gpxtpx:atemp>
          </gpxtpx:TrackPointExtension>
        </extensions>
      </trkpt>
      <trkpt lat="30.598205" lon="34.688804">
        <ele>861.3</ele>
        <time>2026-04-07T07:41:10.000Z</time>
        <extensions>
          <gpxtpx:TrackPointExtension>
            <gpxtpx:hr>114</gpxtpx:hr>
            <gpxtpx:cad>55</gpxtpx:cad>
            <gpxtpx:atemp>299.65</gpxtpx:atemp>
          </gpxtpx:TrackPointExtension>
        </extensions>
      </trkpt>
      <trkpt lat="30.598307" lon="34.688830">
        <ele>859.6</ele>
        <time>2026-04-07T07:41:19.000Z</time>
        <extensions>
          <gpxtpx:TrackPointExtension>
            <gpxtpx:hr>113</gpxtpx:hr>
            <gpxtpx:cad>53</gpxtpx:cad>
            <gpxtpx:atemp>299.65</gpxtpx:atemp>
          </gpxtpx:TrackPointExtension>
        </extensions>
      </trkpt>
      <trkpt lat="30.598450" lon="34.688840">
        <ele>857.6</ele>
        <time>2026-04-07T07:41:35.000Z</time>
        <extensions>
          <gpxtpx:TrackPointExtension>
            <gpxtpx:hr>123</gpxtpx:hr>
            <gpxtpx:cad>52</gpxtpx:cad>
            <gpxtpx:atemp>299.65</gpxtpx:atemp>
          </gpxtpx:TrackPointExtension>
        </extensions>
      </trkpt>
      <trkpt lat="30.598483" lon="34.688831">
        <ele>857.2</ele>
        <time>2026-04-07T07:41:40.000Z</time>
        <extensions>
          <gpxtpx:TrackPointExtension>
            <gpxtpx:hr>124</gpxtpx:hr>
            <gpxtpx:cad>52</gpxtpx:cad>
            <gpxtpx:atemp>299.65</gpxtpx:atemp>
          </gpxtpx:TrackPointExtension>
        </extensions>
      </trkpt>
      <trkpt lat="30.598566" lon="34.688794">
        <ele>856.1</ele>
        <time>2026-04-07T07:41:54.000Z</time>
        <extensions>
          <gpxtpx:TrackPointExtension>
            <gpxtpx:hr>121</gpxtpx:hr>
            <gpxtpx:cad>52</gpxtpx:cad>
            <gpxtpx:atemp>299.65</gpxtpx:atemp>
          </gpxtpx:TrackPointExtension>
        </extensions>
      </trkpt>
      <trkpt lat="30.598650" lon="34.688765">
        <ele>854.8</ele>
        <time>2026-04-07T07:42:07.000Z</time>
        <extensions>
          <gpxtpx:TrackPointExtension>
            <gpxtpx:hr>121</gpxtpx:hr>
            <gpxtpx:cad>0</gpxtpx:cad>
            <gpxtpx:atemp>299.65</gpxtpx:atemp>
          </gpxtpx:TrackPointExtension>
        </extensions>
      </trkpt>
      <trkpt lat="30.598663" lon="34.688717">
        <ele>854.4</ele>
        <time>2026-04-07T07:42:17.000Z</time>
        <extensions>
          <gpxtpx:TrackPointExtension>
            <gpxtpx:hr>118</gpxtpx:hr>
            <gpxtpx:cad>52</gpxtpx:cad>
            <gpxtpx:atemp>299.65</gpxtpx:atemp>
          </gpxtpx:TrackPointExtension>
        </extensions>
      </trkpt>
      <trkpt lat="30.598723" lon="34.688772">
        <ele>853.5</ele>
        <time>2026-04-07T07:42:24.000Z</time>
        <extensions>
          <gpxtpx:TrackPointExtension>
            <gpxtpx:hr>116</gpxtpx:hr>
            <gpxtpx:cad>0</gpxtpx:cad>
            <gpxtpx:atemp>299.65</gpxtpx:atemp>
          </gpxtpx:TrackPointExtension>
        </extensions>
      </trkpt>
      <trkpt lat="30.598780" lon="34.688767">
        <ele>852.4</ele>
        <time>2026-04-07T07:42:29.000Z</time>
        <extensions>
          <gpxtpx:TrackPointExtension>
            <gpxtpx:hr>116</gpxtpx:hr>
            <gpxtpx:cad>55</gpxtpx:cad>
            <gpxtpx:atemp>299.65</gpxtpx:atemp>
          </gpxtpx:TrackPointExtension>
        </extensions>
      </trkpt>
      <trkpt lat="30.598896" lon="34.688805">
        <ele>850.1</ele>
        <time>2026-04-07T07:42:41.000Z</time>
        <extensions>
          <gpxtpx:TrackPointExtension>
            <gpxtpx:hr>117</gpxtpx:hr>
            <gpxtpx:cad>56</gpxtpx:cad>
            <gpxtpx:atemp>298.65</gpxtpx:atemp>
          </gpxtpx:TrackPointExtension>
        </extensions>
      </trkpt>
      <trkpt lat="30.598966" lon="34.688850">
        <ele>848.9</ele>
        <time>2026-04-07T07:42:54.000Z</time>
        <extensions>
          <gpxtpx:TrackPointExtension>
            <gpxtpx:hr>118</gpxtpx:hr>
            <gpxtpx:cad>0</gpxtpx:cad>
            <gpxtpx:atemp>298.65</gpxtpx:atemp>
          </gpxtpx:TrackPointExtension>
        </extensions>
      </trkpt>
      <trkpt lat="30.599116" lon="34.688896">
        <ele>845.7</ele>
        <time>2026-04-07T07:43:07.000Z</time>
        <extensions>
          <gpxtpx:TrackPointExtension>
            <gpxtpx:hr>120</gpxtpx:hr>
            <gpxtpx:cad>0</gpxtpx:cad>
            <gpxtpx:atemp>298.65</gpxtpx:atemp>
          </gpxtpx:TrackPointExtension>
        </extensions>
      </trkpt>
      <trkpt lat="30.599205" lon="34.688905">
        <ele>843.4</ele>
        <time>2026-04-07T07:43:19.000Z</time>
        <extensions>
          <gpxtpx:TrackPointExtension>
            <gpxtpx:hr>121</gpxtpx:hr>
            <gpxtpx:cad>0</gpxtpx:cad>
            <gpxtpx:atemp>297.65</gpxtpx:atemp>
          </gpxtpx:TrackPointExtension>
        </extensions>
      </trkpt>
      <trkpt lat="30.599294" lon="34.688915">
        <ele>841.1</ele>
        <time>2026-04-07T07:43:37.000Z</time>
        <extensions>
          <gpxtpx:TrackPointExtension>
            <gpxtpx:hr>117</gpxtpx:hr>
            <gpxtpx:cad>0</gpxtpx:cad>
            <gpxtpx:atemp>297.65</gpxtpx:atemp>
          </gpxtpx:TrackPointExtension>
        </extensions>
      </trkpt>
      <trkpt lat="30.599250" lon="34.688961">
        <ele>842.7</ele>
        <time>2026-04-07T07:43:58.000Z</time>
        <extensions>
          <gpxtpx:TrackPointExtension>
            <gpxtpx:hr>115</gpxtpx:hr>
            <gpxtpx:cad>0</gpxtpx:cad>
            <gpxtpx:atemp>297.65</gpxtpx:atemp>
          </gpxtpx:TrackPointExtension>
        </extensions>
      </trkpt>
      <trkpt lat="30.599241" lon="34.688906">
        <ele>842.4</ele>
        <time>2026-04-07T07:44:05.000Z</time>
        <extensions>
          <gpxtpx:TrackPointExtension>
            <gpxtpx:hr>116</gpxtpx:hr>
            <gpxtpx:cad>47</gpxtpx:cad>
            <gpxtpx:atemp>297.65</gpxtpx:atemp>
          </gpxtpx:TrackPointExtension>
        </extensions>
      </trkpt>
      <trkpt lat="30.599191" lon="34.688879">
        <ele>843.5</ele>
        <time>2026-04-07T07:44:14.000Z</time>
        <extensions>
          <gpxtpx:TrackPointExtension>
            <gpxtpx:hr>118</gpxtpx:hr>
            <gpxtpx:cad>0</gpxtpx:cad>
            <gpxtpx:atemp>297.65</gpxtpx:atemp>
          </gpxtpx:TrackPointExtension>
        </extensions>
      </trkpt>
      <trkpt lat="30.599134" lon="34.688814">
        <ele>844.5</ele>
        <time>2026-04-07T07:44:25.000Z</time>
        <extensions>
          <gpxtpx:TrackPointExtension>
            <gpxtpx:hr>119</gpxtpx:hr>
            <gpxtpx:cad>0</gpxtpx:cad>
            <gpxtpx:atemp>297.65</gpxtpx:atemp>
          </gpxtpx:TrackPointExtension>
        </extensions>
      </trkpt>
      <trkpt lat="30.599113" lon="34.688769">
        <ele>844.7</ele>
        <time>2026-04-07T07:44:33.000Z</time>
        <extensions>
          <gpxtpx:TrackPointExtension>
            <gpxtpx:hr>115</gpxtpx:hr>
            <gpxtpx:cad>0</gpxtpx:cad>
            <gpxtpx:atemp>297.65</gpxtpx:atemp>
          </gpxtpx:TrackPointExtension>
        </extensions>
      </trkpt>
      <trkpt lat="30.599157" lon="34.688724">
        <ele>843.0</ele>
        <time>2026-04-07T07:44:53.000Z</time>
        <extensions>
          <gpxtpx:TrackPointExtension>
            <gpxtpx:hr>110</gpxtpx:hr>
            <gpxtpx:cad>0</gpxtpx:cad>
            <gpxtpx:atemp>296.65</gpxtpx:atemp>
          </gpxtpx:TrackPointExtension>
        </extensions>
      </trkpt>
      <trkpt lat="30.599218" lon="34.688721">
        <ele>841.2</ele>
        <time>2026-04-07T07:45:00.000Z</time>
        <extensions>
          <gpxtpx:TrackPointExtension>
            <gpxtpx:hr>110</gpxtpx:hr>
            <gpxtpx:cad>56</gpxtpx:cad>
            <gpxtpx:atemp>296.65</gpxtpx:atemp>
          </gpxtpx:TrackPointExtension>
        </extensions>
      </trkpt>
      <trkpt lat="30.599314" lon="34.688654">
        <ele>837.7</ele>
        <time>2026-04-07T07:45:19.000Z</time>
        <extensions>
          <gpxtpx:TrackPointExtension>
            <gpxtpx:hr>115</gpxtpx:hr>
            <gpxtpx:cad>64</gpxtpx:cad>
            <gpxtpx:atemp>296.65</gpxtpx:atemp>
          </gpxtpx:TrackPointExtension>
        </extensions>
      </trkpt>
      <trkpt lat="30.599335" lon="34.688645">
        <ele>836.9</ele>
        <time>2026-04-07T07:45:22.000Z</time>
        <extensions>
          <gpxtpx:TrackPointExtension>
            <gpxtpx:hr>115</gpxtpx:hr>
            <gpxtpx:cad>64</gpxtpx:cad>
            <gpxtpx:atemp>296.65</gpxtpx:atemp>
          </gpxtpx:TrackPointExtension>
        </extensions>
      </trkpt>
      <trkpt lat="30.599432" lon="34.688665">
        <ele>834.0</ele>
        <time>2026-04-07T07:45:34.000Z</time>
        <extensions>
          <gpxtpx:TrackPointExtension>
            <gpxtpx:hr>115</gpxtpx:hr>
            <gpxtpx:cad>48</gpxtpx:cad>
            <gpxtpx:atemp>296.65</gpxtpx:atemp>
          </gpxtpx:TrackPointExtension>
        </extensions>
      </trkpt>
      <trkpt lat="30.599449" lon="34.688588">
        <ele>832.6</ele>
        <time>2026-04-07T07:45:55.000Z</time>
        <extensions>
          <gpxtpx:TrackPointExtension>
            <gpxtpx:hr>116</gpxtpx:hr>
            <gpxtpx:cad>0</gpxtpx:cad>
            <gpxtpx:atemp>296.65</gpxtpx:atemp>
          </gpxtpx:TrackPointExtension>
        </extensions>
      </trkpt>
      <trkpt lat="30.599460" lon="34.688517">
        <ele>831.5</ele>
        <time>2026-04-07T07:46:09.000Z</time>
        <extensions>
          <gpxtpx:TrackPointExtension>
            <gpxtpx:hr>117</gpxtpx:hr>
            <gpxtpx:cad>0</gpxtpx:cad>
            <gpxtpx:atemp>296.65</gpxtpx:atemp>
          </gpxtpx:TrackPointExtension>
        </extensions>
      </trkpt>
      <trkpt lat="30.599387" lon="34.688469">
        <ele>833.3</ele>
        <time>2026-04-07T07:46:25.000Z</time>
        <extensions>
          <gpxtpx:TrackPointExtension>
            <gpxtpx:hr>114</gpxtpx:hr>
            <gpxtpx:cad>0</gpxtpx:cad>
            <gpxtpx:atemp>296.65</gpxtpx:atemp>
          </gpxtpx:TrackPointExtension>
        </extensions>
      </trkpt>
      <trkpt lat="30.599477" lon="34.688426">
        <ele>830.0</ele>
        <time>2026-04-07T07:46:41.000Z</time>
        <extensions>
          <gpxtpx:TrackPointExtension>
            <gpxtpx:hr>121</gpxtpx:hr>
            <gpxtpx:cad>0</gpxtpx:cad>
            <gpxtpx:atemp>296.65</gpxtpx:atemp>
          </gpxtpx:TrackPointExtension>
        </extensions>
      </trkpt>
      <trkpt lat="30.599528" lon="34.688397">
        <ele>828.2</ele>
        <time>2026-04-07T07:46:50.000Z</time>
        <extensions>
          <gpxtpx:TrackPointExtension>
            <gpxtpx:hr>120</gpxtpx:hr>
            <gpxtpx:cad>66</gpxtpx:cad>
            <gpxtpx:atemp>296.65</gpxtpx:atemp>
          </gpxtpx:TrackPointExtension>
        </extensions>
      </trkpt>
      <trkpt lat="30.599538" lon="34.688335">
        <ele>827.4</ele>
        <time>2026-04-07T07:46:57.000Z</time>
        <extensions>
          <gpxtpx:TrackPointExtension>
            <gpxtpx:hr>118</gpxtpx:hr>
            <gpxtpx:cad>66</gpxtpx:cad>
            <gpxtpx:atemp>296.65</gpxtpx:atemp>
          </gpxtpx:TrackPointExtension>
        </extensions>
      </trkpt>
      <trkpt lat="30.599525" lon="34.688245">
        <ele>827.1</ele>
        <time>2026-04-07T07:47:06.000Z</time>
        <extensions>
          <gpxtpx:TrackPointExtension>
            <gpxtpx:hr>120</gpxtpx:hr>
            <gpxtpx:cad>0</gpxtpx:cad>
            <gpxtpx:atemp>297.65</gpxtpx:atemp>
          </gpxtpx:TrackPointExtension>
        </extensions>
      </trkpt>
      <trkpt lat="30.599474" lon="34.688162">
        <ele>827.9</ele>
        <time>2026-04-07T07:47:15.000Z</time>
        <extensions>
          <gpxtpx:TrackPointExtension>
            <gpxtpx:hr>119</gpxtpx:hr>
            <gpxtpx:cad>0</gpxtpx:cad>
            <gpxtpx:atemp>297.65</gpxtpx:atemp>
          </gpxtpx:TrackPointExtension>
        </extensions>
      </trkpt>
      <trkpt lat="30.599394" lon="34.688135">
        <ele>829.9</ele>
        <time>2026-04-07T07:47:25.000Z</time>
        <extensions>
          <gpxtpx:TrackPointExtension>
            <gpxtpx:hr>118</gpxtpx:hr>
            <gpxtpx:cad>0</gpxtpx:cad>
            <gpxtpx:atemp>297.65</gpxtpx:atemp>
          </gpxtpx:TrackPointExtension>
        </extensions>
      </trkpt>
      <trkpt lat="30.599312" lon="34.688158">
        <ele>832.4</ele>
        <time>2026-04-07T07:47:32.000Z</time>
        <extensions>
          <gpxtpx:TrackPointExtension>
            <gpxtpx:hr>118</gpxtpx:hr>
            <gpxtpx:cad>0</gpxtpx:cad>
            <gpxtpx:atemp>297.65</gpxtpx:atemp>
          </gpxtpx:TrackPointExtension>
        </extensions>
      </trkpt>
      <trkpt lat="30.599264" lon="34.688152">
        <ele>833.6</ele>
        <time>2026-04-07T07:47:48.000Z</time>
        <extensions>
          <gpxtpx:TrackPointExtension>
            <gpxtpx:hr>119</gpxtpx:hr>
            <gpxtpx:cad>0</gpxtpx:cad>
            <gpxtpx:atemp>297.65</gpxtpx:atemp>
          </gpxtpx:TrackPointExtension>
        </extensions>
      </trkpt>
      <trkpt lat="30.599285" lon="34.688085">
        <ele>832.4</ele>
        <time>2026-04-07T07:47:57.000Z</time>
        <extensions>
          <gpxtpx:TrackPointExtension>
            <gpxtpx:hr>124</gpxtpx:hr>
            <gpxtpx:cad>0</gpxtpx:cad>
            <gpxtpx:atemp>297.65</gpxtpx:atemp>
          </gpxtpx:TrackPointExtension>
        </extensions>
      </trkpt>
      <trkpt lat="30.599324" lon="34.688037">
        <ele>830.8</ele>
        <time>2026-04-07T07:48:02.000Z</time>
        <extensions>
          <gpxtpx:TrackPointExtension>
            <gpxtpx:hr>123</gpxtpx:hr>
            <gpxtpx:cad>77</gpxtpx:cad>
            <gpxtpx:atemp>297.65</gpxtpx:atemp>
          </gpxtpx:TrackPointExtension>
        </extensions>
      </trkpt>
      <trkpt lat="30.599366" lon="34.687963">
        <ele>828.9</ele>
        <time>2026-04-07T07:48:12.000Z</time>
        <extensions>
          <gpxtpx:TrackPointExtension>
            <gpxtpx:hr>126</gpxtpx:hr>
            <gpxtpx:cad>54</gpxtpx:cad>
            <gpxtpx:atemp>298.65</gpxtpx:atemp>
          </gpxtpx:TrackPointExtension>
        </extensions>
      </trkpt>
      <trkpt lat="30.599386" lon="34.687896">
        <ele>828.0</ele>
        <time>2026-04-07T07:48:23.000Z</time>
        <extensions>
          <gpxtpx:TrackPointExtension>
            <gpxtpx:hr>125</gpxtpx:hr>
            <gpxtpx:cad>61</gpxtpx:cad>
            <gpxtpx:atemp>298.65</gpxtpx:atemp>
          </gpxtpx:TrackPointExtension>
        </extensions>
      </trkpt>
      <trkpt lat="30.599444" lon="34.687832">
        <ele>826.5</ele>
        <time>2026-04-07T07:48:35.000Z</time>
        <extensions>
          <gpxtpx:TrackPointExtension>
            <gpxtpx:hr>120</gpxtpx:hr>
            <gpxtpx:cad>0</gpxtpx:cad>
            <gpxtpx:atemp>298.65</gpxtpx:atemp>
          </gpxtpx:TrackPointExtension>
        </extensions>
      </trkpt>
      <trkpt lat="30.599483" lon="34.687779">
        <ele>825.5</ele>
        <time>2026-04-07T07:48:48.000Z</time>
        <extensions>
          <gpxtpx:TrackPointExtension>
            <gpxtpx:hr>118</gpxtpx:hr>
            <gpxtpx:cad>56</gpxtpx:cad>
            <gpxtpx:atemp>298.65</gpxtpx:atemp>
          </gpxtpx:TrackPointExtension>
        </extensions>
      </trkpt>
      <trkpt lat="30.599542" lon="34.687699">
        <ele>824.0</ele>
        <time>2026-04-07T07:49:06.000Z</time>
        <extensions>
          <gpxtpx:TrackPointExtension>
            <gpxtpx:hr>117</gpxtpx:hr>
            <gpxtpx:cad>80</gpxtpx:cad>
            <gpxtpx:atemp>299.65</gpxtpx:atemp>
          </gpxtpx:TrackPointExtension>
        </extensions>
      </trkpt>
      <trkpt lat="30.599705" lon="34.687715">
        <ele>820.1</ele>
        <time>2026-04-07T07:49:24.000Z</time>
        <extensions>
          <gpxtpx:TrackPointExtension>
            <gpxtpx:hr>114</gpxtpx:hr>
            <gpxtpx:cad>0</gpxtpx:cad>
            <gpxtpx:atemp>299.65</gpxtpx:atemp>
          </gpxtpx:TrackPointExtension>
        </extensions>
      </trkpt>
      <trkpt lat="30.599842" lon="34.687743">
        <ele>816.7</ele>
        <time>2026-04-07T07:49:36.000Z</time>
        <extensions>
          <gpxtpx:TrackPointExtension>
            <gpxtpx:hr>114</gpxtpx:hr>
            <gpxtpx:cad>0</gpxtpx:cad>
            <gpxtpx:atemp>299.65</gpxtpx:atemp>
          </gpxtpx:TrackPointExtension>
        </extensions>
      </trkpt>
      <trkpt lat="30.599932" lon="34.687747">
        <ele>814.8</ele>
        <time>2026-04-07T07:49:44.000Z</time>
        <extensions>
          <gpxtpx:TrackPointExtension>
            <gpxtpx:hr>114</gpxtpx:hr>
            <gpxtpx:cad>0</gpxtpx:cad>
            <gpxtpx:atemp>299.65</gpxtpx:atemp>
          </gpxtpx:TrackPointExtension>
        </extensions>
      </trkpt>
      <trkpt lat="30.600016" lon="34.687779">
        <ele>812.9</ele>
        <time>2026-04-07T07:49:51.000Z</time>
        <extensions>
          <gpxtpx:TrackPointExtension>
            <gpxtpx:hr>114</gpxtpx:hr>
            <gpxtpx:cad>67</gpxtpx:cad>
            <gpxtpx:atemp>299.65</gpxtpx:atemp>
          </gpxtpx:TrackPointExtension>
        </extensions>
      </trkpt>
      <trkpt lat="30.600065" lon="34.687818">
        <ele>811.6</ele>
        <time>2026-04-07T07:49:56.000Z</time>
        <extensions>
          <gpxtpx:TrackPointExtension>
            <gpxtpx:hr>114</gpxtpx:hr>
            <gpxtpx:cad>67</gpxtpx:cad>
            <gpxtpx:atemp>299.65</gpxtpx:atemp>
          </gpxtpx:TrackPointExtension>
        </extensions>
      </trkpt>
      <trkpt lat="30.600102" lon="34.687863">
        <ele>810.4</ele>
        <time>2026-04-07T07:50:01.000Z</time>
        <extensions>
          <gpxtpx:TrackPointExtension>
            <gpxtpx:hr>114</gpxtpx:hr>
            <gpxtpx:cad>58</gpxtpx:cad>
            <gpxtpx:atemp>299.65</gpxtpx:atemp>
          </gpxtpx:TrackPointExtension>
        </extensions>
      </trkpt>
      <trkpt lat="30.600132" lon="34.687864">
        <ele>809.7</ele>
        <time>2026-04-07T07:50:21.000Z</time>
        <extensions>
          <gpxtpx:TrackPointExtension>
            <gpxtpx:hr>114</gpxtpx:hr>
            <gpxtpx:cad>0</gpxtpx:cad>
            <gpxtpx:atemp>299.65</gpxtpx:atemp>
          </gpxtpx:TrackPointExtension>
        </extensions>
      </trkpt>
      <trkpt lat="30.600137" lon="34.687826">
        <ele>810.0</ele>
        <time>2026-04-07T07:50:45.000Z</time>
        <extensions>
          <gpxtpx:TrackPointExtension>
            <gpxtpx:hr>117</gpxtpx:hr>
            <gpxtpx:cad>0</gpxtpx:cad>
            <gpxtpx:atemp>299.65</gpxtpx:atemp>
          </gpxtpx:TrackPointExtension>
        </extensions>
      </trkpt>
      <trkpt lat="30.600180" lon="34.687889">
        <ele>808.9</ele>
        <time>2026-04-07T07:50:53.000Z</time>
        <extensions>
          <gpxtpx:TrackPointExtension>
            <gpxtpx:hr>114</gpxtpx:hr>
            <gpxtpx:cad>0</gpxtpx:cad>
            <gpxtpx:atemp>299.65</gpxtpx:atemp>
          </gpxtpx:TrackPointExtension>
        </extensions>
      </trkpt>
      <trkpt lat="30.600258" lon="34.687957">
        <ele>807.4</ele>
        <time>2026-04-07T07:51:04.000Z</time>
        <extensions>
          <gpxtpx:TrackPointExtension>
            <gpxtpx:hr>118</gpxtpx:hr>
            <gpxtpx:cad>58</gpxtpx:cad>
            <gpxtpx:atemp>299.65</gpxtpx:atemp>
          </gpxtpx:TrackPointExtension>
        </extensions>
      </trkpt>
      <trkpt lat="30.600307" lon="34.687970">
        <ele>806.8</ele>
        <time>2026-04-07T07:51:42.000Z</time>
        <extensions>
          <gpxtpx:TrackPointExtension>
            <gpxtpx:hr>98</gpxtpx:hr>
            <gpxtpx:cad>0</gpxtpx:cad>
            <gpxtpx:atemp>299.65</gpxtpx:atemp>
          </gpxtpx:TrackPointExtension>
        </extensions>
      </trkpt>
      <trkpt lat="30.600351" lon="34.688025">
        <ele>805.7</ele>
        <time>2026-04-07T07:51:49.000Z</time>
        <extensions>
          <gpxtpx:TrackPointExtension>
            <gpxtpx:hr>105</gpxtpx:hr>
            <gpxtpx:cad>53</gpxtpx:cad>
            <gpxtpx:atemp>299.65</gpxtpx:atemp>
          </gpxtpx:TrackPointExtension>
        </extensions>
      </trkpt>
      <trkpt lat="30.600374" lon="34.688088">
        <ele>804.8</ele>
        <time>2026-04-07T07:51:54.000Z</time>
        <extensions>
          <gpxtpx:TrackPointExtension>
            <gpxtpx:hr>105</gpxtpx:hr>
            <gpxtpx:cad>53</gpxtpx:cad>
            <gpxtpx:atemp>299.65</gpxtpx:atemp>
          </gpxtpx:TrackPointExtension>
        </extensions>
      </trkpt>
      <trkpt lat="30.600395" lon="34.688258">
        <ele>803.2</ele>
        <time>2026-04-07T07:52:08.000Z</time>
        <extensions>
          <gpxtpx:TrackPointExtension>
            <gpxtpx:hr>104</gpxtpx:hr>
            <gpxtpx:cad>48</gpxtpx:cad>
            <gpxtpx:atemp>300.65</gpxtpx:atemp>
          </gpxtpx:TrackPointExtension>
        </extensions>
      </trkpt>
      <trkpt lat="30.600414" lon="34.688340">
        <ele>802.5</ele>
        <time>2026-04-07T07:52:15.000Z</time>
        <extensions>
          <gpxtpx:TrackPointExtension>
            <gpxtpx:hr>105</gpxtpx:hr>
            <gpxtpx:cad>0</gpxtpx:cad>
            <gpxtpx:atemp>300.65</gpxtpx:atemp>
          </gpxtpx:TrackPointExtension>
        </extensions>
      </trkpt>
      <trkpt lat="30.600473" lon="34.688411">
        <ele>801.9</ele>
        <time>2026-04-07T07:52:25.000Z</time>
        <extensions>
          <gpxtpx:TrackPointExtension>
            <gpxtpx:hr>111</gpxtpx:hr>
            <gpxtpx:cad>0</gpxtpx:cad>
            <gpxtpx:atemp>300.65</gpxtpx:atemp>
          </gpxtpx:TrackPointExtension>
        </extensions>
      </trkpt>
      <trkpt lat="30.600561" lon="34.688586">
        <ele>800.3</ele>
        <time>2026-04-07T07:52:42.000Z</time>
        <extensions>
          <gpxtpx:TrackPointExtension>
            <gpxtpx:hr>112</gpxtpx:hr>
            <gpxtpx:cad>56</gpxtpx:cad>
            <gpxtpx:atemp>300.65</gpxtpx:atemp>
          </gpxtpx:TrackPointExtension>
        </extensions>
      </trkpt>
      <trkpt lat="30.600626" lon="34.688677">
        <ele>799.2</ele>
        <time>2026-04-07T07:52:54.000Z</time>
        <extensions>
          <gpxtpx:TrackPointExtension>
            <gpxtpx:hr>112</gpxtpx:hr>
            <gpxtpx:cad>0</gpxtpx:cad>
            <gpxtpx:atemp>300.65</gpxtpx:atemp>
          </gpxtpx:TrackPointExtension>
        </extensions>
      </trkpt>
      <trkpt lat="30.600636" lon="34.688763">
        <ele>798.6</ele>
        <time>2026-04-07T07:53:02.000Z</time>
        <extensions>
          <gpxtpx:TrackPointExtension>
            <gpxtpx:hr>112</gpxtpx:hr>
            <gpxtpx:cad>0</gpxtpx:cad>
            <gpxtpx:atemp>300.65</gpxtpx:atemp>
          </gpxtpx:TrackPointExtension>
        </extensions>
      </trkpt>
      <trkpt lat="30.600671" lon="34.688851">
        <ele>797.6</ele>
        <time>2026-04-07T07:53:09.000Z</time>
        <extensions>
          <gpxtpx:TrackPointExtension>
            <gpxtpx:hr>111</gpxtpx:hr>
            <gpxtpx:cad>59</gpxtpx:cad>
            <gpxtpx:atemp>300.65</gpxtpx:atemp>
          </gpxtpx:TrackPointExtension>
        </extensions>
      </trkpt>
      <trkpt lat="30.600660" lon="34.688935">
        <ele>797.2</ele>
        <time>2026-04-07T07:53:16.000Z</time>
        <extensions>
          <gpxtpx:TrackPointExtension>
            <gpxtpx:hr>112</gpxtpx:hr>
            <gpxtpx:cad>64</gpxtpx:cad>
            <gpxtpx:atemp>300.65</gpxtpx:atemp>
          </gpxtpx:TrackPointExtension>
        </extensions>
      </trkpt>
      <trkpt lat="30.600630" lon="34.689014">
        <ele>797.2</ele>
        <time>2026-04-07T07:53:22.000Z</time>
        <extensions>
          <gpxtpx:TrackPointExtension>
            <gpxtpx:hr>111</gpxtpx:hr>
            <gpxtpx:cad>109</gpxtpx:cad>
            <gpxtpx:atemp>300.65</gpxtpx:atemp>
          </gpxtpx:TrackPointExtension>
        </extensions>
      </trkpt>
      <trkpt lat="30.600648" lon="34.689115">
        <ele>796.6</ele>
        <time>2026-04-07T07:53:39.000Z</time>
        <extensions>
          <gpxtpx:TrackPointExtension>
            <gpxtpx:hr>116</gpxtpx:hr>
            <gpxtpx:cad>0</gpxtpx:cad>
            <gpxtpx:atemp>301.65</gpxtpx:atemp>
          </gpxtpx:TrackPointExtension>
        </extensions>
      </trkpt>
      <trkpt lat="30.600694" lon="34.689271">
        <ele>795.1</ele>
        <time>2026-04-07T07:53:51.000Z</time>
        <extensions>
          <gpxtpx:TrackPointExtension>
            <gpxtpx:hr>118</gpxtpx:hr>
            <gpxtpx:cad>66</gpxtpx:cad>
            <gpxtpx:atemp>301.65</gpxtpx:atemp>
          </gpxtpx:TrackPointExtension>
        </extensions>
      </trkpt>
      <trkpt lat="30.600722" lon="34.689379">
        <ele>794.5</ele>
        <time>2026-04-07T07:54:00.000Z</time>
        <extensions>
          <gpxtpx:TrackPointExtension>
            <gpxtpx:hr>115</gpxtpx:hr>
            <gpxtpx:cad>60</gpxtpx:cad>
            <gpxtpx:atemp>301.65</gpxtpx:atemp>
          </gpxtpx:TrackPointExtension>
        </extensions>
      </trkpt>
      <trkpt lat="30.600733" lon="34.689479">
        <ele>793.8</ele>
        <time>2026-04-07T07:54:08.000Z</time>
        <extensions>
          <gpxtpx:TrackPointExtension>
            <gpxtpx:hr>114</gpxtpx:hr>
            <gpxtpx:cad>57</gpxtpx:cad>
            <gpxtpx:atemp>301.65</gpxtpx:atemp>
          </gpxtpx:TrackPointExtension>
        </extensions>
      </trkpt>
      <trkpt lat="30.600745" lon="34.689523">
        <ele>793.4</ele>
        <time>2026-04-07T07:54:14.000Z</time>
        <extensions>
          <gpxtpx:TrackPointExtension>
            <gpxtpx:hr>113</gpxtpx:hr>
            <gpxtpx:cad>57</gpxtpx:cad>
            <gpxtpx:atemp>301.65</gpxtpx:atemp>
          </gpxtpx:TrackPointExtension>
        </extensions>
      </trkpt>
      <trkpt lat="30.600782" lon="34.689598">
        <ele>792.9</ele>
        <time>2026-04-07T07:54:21.000Z</time>
        <extensions>
          <gpxtpx:TrackPointExtension>
            <gpxtpx:hr>113</gpxtpx:hr>
            <gpxtpx:cad>0</gpxtpx:cad>
            <gpxtpx:atemp>301.65</gpxtpx:atemp>
          </gpxtpx:TrackPointExtension>
        </extensions>
      </trkpt>
      <trkpt lat="30.600796" lon="34.689711">
        <ele>792.4</ele>
        <time>2026-04-07T07:54:34.000Z</time>
        <extensions>
          <gpxtpx:TrackPointExtension>
            <gpxtpx:hr>108</gpxtpx:hr>
            <gpxtpx:cad>49</gpxtpx:cad>
            <gpxtpx:atemp>301.65</gpxtpx:atemp>
          </gpxtpx:TrackPointExtension>
        </extensions>
      </trkpt>
      <trkpt lat="30.600825" lon="34.689770">
        <ele>792.0</ele>
        <time>2026-04-07T07:54:49.000Z</time>
        <extensions>
          <gpxtpx:TrackPointExtension>
            <gpxtpx:hr>108</gpxtpx:hr>
            <gpxtpx:cad>0</gpxtpx:cad>
            <gpxtpx:atemp>301.65</gpxtpx:atemp>
          </gpxtpx:TrackPointExtension>
        </extensions>
      </trkpt>
      <trkpt lat="30.600888" lon="34.689820">
        <ele>791.6</ele>
        <time>2026-04-07T07:54:57.000Z</time>
        <extensions>
          <gpxtpx:TrackPointExtension>
            <gpxtpx:hr>109</gpxtpx:hr>
            <gpxtpx:cad>58</gpxtpx:cad>
            <gpxtpx:atemp>301.65</gpxtpx:atemp>
          </gpxtpx:TrackPointExtension>
        </extensions>
      </trkpt>
      <trkpt lat="30.600889" lon="34.689868">
        <ele>791.3</ele>
        <time>2026-04-07T07:55:02.000Z</time>
        <extensions>
          <gpxtpx:TrackPointExtension>
            <gpxtpx:hr>111</gpxtpx:hr>
            <gpxtpx:cad>0</gpxtpx:cad>
            <gpxtpx:atemp>301.65</gpxtpx:atemp>
          </gpxtpx:TrackPointExtension>
        </extensions>
      </trkpt>
      <trkpt lat="30.600872" lon="34.689935">
        <ele>791.1</ele>
        <time>2026-04-07T07:55:11.000Z</time>
        <extensions>
          <gpxtpx:TrackPointExtension>
            <gpxtpx:hr>110</gpxtpx:hr>
            <gpxtpx:cad>0</gpxtpx:cad>
            <gpxtpx:atemp>300.65</gpxtpx:atemp>
          </gpxtpx:TrackPointExtension>
        </extensions>
      </trkpt>
      <trkpt lat="30.600843" lon="34.689980">
        <ele>791.0</ele>
        <time>2026-04-07T07:55:20.000Z</time>
        <extensions>
          <gpxtpx:TrackPointExtension>
            <gpxtpx:hr>111</gpxtpx:hr>
            <gpxtpx:cad>0</gpxtpx:cad>
            <gpxtpx:atemp>301.65</gpxtpx:atemp>
          </gpxtpx:TrackPointExtension>
        </extensions>
      </trkpt>
      <trkpt lat="30.600797" lon="34.690021">
        <ele>791.1</ele>
        <time>2026-04-07T07:55:32.000Z</time>
        <extensions>
          <gpxtpx:TrackPointExtension>
            <gpxtpx:hr>115</gpxtpx:hr>
            <gpxtpx:cad>0</gpxtpx:cad>
            <gpxtpx:atemp>301.65</gpxtpx:atemp>
          </gpxtpx:TrackPointExtension>
        </extensions>
      </trkpt>
      <trkpt lat="30.600835" lon="34.690113">
        <ele>790.6</ele>
        <time>2026-04-07T07:55:45.000Z</time>
        <extensions>
          <gpxtpx:TrackPointExtension>
            <gpxtpx:hr>108</gpxtpx:hr>
            <gpxtpx:cad>61</gpxtpx:cad>
            <gpxtpx:atemp>301.65</gpxtpx:atemp>
          </gpxtpx:TrackPointExtension>
        </extensions>
      </trkpt>
      <trkpt lat="30.600864" lon="34.690275">
        <ele>789.9</ele>
        <time>2026-04-07T07:56:03.000Z</time>
        <extensions>
          <gpxtpx:TrackPointExtension>
            <gpxtpx:hr>101</gpxtpx:hr>
            <gpxtpx:cad>70</gpxtpx:cad>
            <gpxtpx:atemp>301.65</gpxtpx:atemp>
          </gpxtpx:TrackPointExtension>
        </extensions>
      </trkpt>
      <trkpt lat="30.600844" lon="34.690359">
        <ele>789.7</ele>
        <time>2026-04-07T07:56:09.000Z</time>
        <extensions>
          <gpxtpx:TrackPointExtension>
            <gpxtpx:hr>101</gpxtpx:hr>
            <gpxtpx:cad>64</gpxtpx:cad>
            <gpxtpx:atemp>301.65</gpxtpx:atemp>
          </gpxtpx:TrackPointExtension>
        </extensions>
      </trkpt>
      <trkpt lat="30.600870" lon="34.690535">
        <ele>788.7</ele>
        <time>2026-04-07T07:56:20.000Z</time>
        <extensions>
          <gpxtpx:TrackPointExtension>
            <gpxtpx:hr>104</gpxtpx:hr>
            <gpxtpx:cad>73</gpxtpx:cad>
            <gpxtpx:atemp>301.65</gpxtpx:atemp>
          </gpxtpx:TrackPointExtension>
        </extensions>
      </trkpt>
      <trkpt lat="30.600965" lon="34.690708">
        <ele>786.9</ele>
        <time>2026-04-07T07:56:33.000Z</time>
        <extensions>
          <gpxtpx:TrackPointExtension>
            <gpxtpx:hr>122</gpxtpx:hr>
            <gpxtpx:cad>65</gpxtpx:cad>
            <gpxtpx:atemp>301.65</gpxtpx:atemp>
          </gpxtpx:TrackPointExtension>
        </extensions>
      </trkpt>
      <trkpt lat="30.600991" lon="34.690772">
        <ele>786.2</ele>
        <time>2026-04-07T07:56:39.000Z</time>
        <extensions>
          <gpxtpx:TrackPointExtension>
            <gpxtpx:hr>122</gpxtpx:hr>
            <gpxtpx:cad>79</gpxtpx:cad>
            <gpxtpx:atemp>301.65</gpxtpx:atemp>
          </gpxtpx:TrackPointExtension>
        </extensions>
      </trkpt>
      <trkpt lat="30.601036" lon="34.690840">
        <ele>785.7</ele>
        <time>2026-04-07T07:56:44.000Z</time>
        <extensions>
          <gpxtpx:TrackPointExtension>
            <gpxtpx:hr>122</gpxtpx:hr>
            <gpxtpx:cad>79</gpxtpx:cad>
            <gpxtpx:atemp>301.65</gpxtpx:atemp>
          </gpxtpx:TrackPointExtension>
        </extensions>
      </trkpt>
      <trkpt lat="30.601066" lon="34.690861">
        <ele>785.5</ele>
        <time>2026-04-07T07:56:47.000Z</time>
        <extensions>
          <gpxtpx:TrackPointExtension>
            <gpxtpx:hr>122</gpxtpx:hr>
            <gpxtpx:cad>0</gpxtpx:cad>
            <gpxtpx:atemp>301.65</gpxtpx:atemp>
          </gpxtpx:TrackPointExtension>
        </extensions>
      </trkpt>
      <trkpt lat="30.601111" lon="34.690916">
        <ele>785.1</ele>
        <time>2026-04-07T07:56:51.000Z</time>
        <extensions>
          <gpxtpx:TrackPointExtension>
            <gpxtpx:hr>121</gpxtpx:hr>
            <gpxtpx:cad>0</gpxtpx:cad>
            <gpxtpx:atemp>301.65</gpxtpx:atemp>
          </gpxtpx:TrackPointExtension>
        </extensions>
      </trkpt>
      <trkpt lat="30.601183" lon="34.691047">
        <ele>783.7</ele>
        <time>2026-04-07T07:57:00.000Z</time>
        <extensions>
          <gpxtpx:TrackPointExtension>
            <gpxtpx:hr>120</gpxtpx:hr>
            <gpxtpx:cad>71</gpxtpx:cad>
            <gpxtpx:atemp>301.65</gpxtpx:atemp>
          </gpxtpx:TrackPointExtension>
        </extensions>
      </trkpt>
      <trkpt lat="30.601224" lon="34.691146">
        <ele>782.5</ele>
        <time>2026-04-07T07:57:08.000Z</time>
        <extensions>
          <gpxtpx:TrackPointExtension>
            <gpxtpx:hr>119</gpxtpx:hr>
            <gpxtpx:cad>61</gpxtpx:cad>
            <gpxtpx:atemp>301.65</gpxtpx:atemp>
          </gpxtpx:TrackPointExtension>
        </extensions>
      </trkpt>
      <trkpt lat="30.601237" lon="34.691208">
        <ele>781.6</ele>
        <time>2026-04-07T07:57:12.000Z</time>
        <extensions>
          <gpxtpx:TrackPointExtension>
            <gpxtpx:hr>120</gpxtpx:hr>
            <gpxtpx:cad>61</gpxtpx:cad>
            <gpxtpx:atemp>301.65</gpxtpx:atemp>
          </gpxtpx:TrackPointExtension>
        </extensions>
      </trkpt>
      <trkpt lat="30.601241" lon="34.691329">
        <ele>780.1</ele>
        <time>2026-04-07T07:57:20.000Z</time>
        <extensions>
          <gpxtpx:TrackPointExtension>
            <gpxtpx:hr>115</gpxtpx:hr>
            <gpxtpx:cad>59</gpxtpx:cad>
            <gpxtpx:atemp>301.65</gpxtpx:atemp>
          </gpxtpx:TrackPointExtension>
        </extensions>
      </trkpt>
      <trkpt lat="30.601267" lon="34.691413">
        <ele>779.4</ele>
        <time>2026-04-07T07:57:26.000Z</time>
        <extensions>
          <gpxtpx:TrackPointExtension>
            <gpxtpx:hr>113</gpxtpx:hr>
            <gpxtpx:cad>57</gpxtpx:cad>
            <gpxtpx:atemp>301.65</gpxtpx:atemp>
          </gpxtpx:TrackPointExtension>
        </extensions>
      </trkpt>
      <trkpt lat="30.601355" lon="34.691488">
        <ele>779.2</ele>
        <time>2026-04-07T07:57:35.000Z</time>
        <extensions>
          <gpxtpx:TrackPointExtension>
            <gpxtpx:hr>111</gpxtpx:hr>
            <gpxtpx:cad>62</gpxtpx:cad>
            <gpxtpx:atemp>301.65</gpxtpx:atemp>
          </gpxtpx:TrackPointExtension>
        </extensions>
      </trkpt>
      <trkpt lat="30.601419" lon="34.691531">
        <ele>779.2</ele>
        <time>2026-04-07T07:57:42.000Z</time>
        <extensions>
          <gpxtpx:TrackPointExtension>
            <gpxtpx:hr>113</gpxtpx:hr>
            <gpxtpx:cad>61</gpxtpx:cad>
            <gpxtpx:atemp>301.65</gpxtpx:atemp>
          </gpxtpx:TrackPointExtension>
        </extensions>
      </trkpt>
      <trkpt lat="30.601428" lon="34.691590">
        <ele>778.5</ele>
        <time>2026-04-07T07:57:51.000Z</time>
        <extensions>
          <gpxtpx:TrackPointExtension>
            <gpxtpx:hr>111</gpxtpx:hr>
            <gpxtpx:cad>0</gpxtpx:cad>
            <gpxtpx:atemp>301.65</gpxtpx:atemp>
          </gpxtpx:TrackPointExtension>
        </extensions>
      </trkpt>
      <trkpt lat="30.601325" lon="34.691675">
        <ele>776.8</ele>
        <time>2026-04-07T07:58:01.000Z</time>
        <extensions>
          <gpxtpx:TrackPointExtension>
            <gpxtpx:hr>111</gpxtpx:hr>
            <gpxtpx:cad>58</gpxtpx:cad>
            <gpxtpx:atemp>301.65</gpxtpx:atemp>
          </gpxtpx:TrackPointExtension>
        </extensions>
      </trkpt>
      <trkpt lat="30.601324" lon="34.691741">
        <ele>776.0</ele>
        <time>2026-04-07T07:58:06.000Z</time>
        <extensions>
          <gpxtpx:TrackPointExtension>
            <gpxtpx:hr>112</gpxtpx:hr>
            <gpxtpx:cad>60</gpxtpx:cad>
            <gpxtpx:atemp>301.65</gpxtpx:atemp>
          </gpxtpx:TrackPointExtension>
        </extensions>
      </trkpt>
      <trkpt lat="30.601261" lon="34.691743">
        <ele>775.7</ele>
        <time>2026-04-07T07:58:18.000Z</time>
        <extensions>
          <gpxtpx:TrackPointExtension>
            <gpxtpx:hr>107</gpxtpx:hr>
            <gpxtpx:cad>65</gpxtpx:cad>
            <gpxtpx:atemp>301.65</gpxtpx:atemp>
          </gpxtpx:TrackPointExtension>
        </extensions>
      </trkpt>
      <trkpt lat="30.601201" lon="34.691765">
        <ele>775.4</ele>
        <time>2026-04-07T07:58:24.000Z</time>
        <extensions>
          <gpxtpx:TrackPointExtension>
            <gpxtpx:hr>106</gpxtpx:hr>
            <gpxtpx:cad>0</gpxtpx:cad>
            <gpxtpx:atemp>301.65</gpxtpx:atemp>
          </gpxtpx:TrackPointExtension>
        </extensions>
      </trkpt>
      <trkpt lat="30.601085" lon="34.691740">
        <ele>775.7</ele>
        <time>2026-04-07T07:58:32.000Z</time>
        <extensions>
          <gpxtpx:TrackPointExtension>
            <gpxtpx:hr>113</gpxtpx:hr>
            <gpxtpx:cad>72</gpxtpx:cad>
            <gpxtpx:atemp>301.65</gpxtpx:atemp>
          </gpxtpx:TrackPointExtension>
        </extensions>
      </trkpt>
      <trkpt lat="30.601033" lon="34.691766">
        <ele>775.4</ele>
        <time>2026-04-07T07:58:35.000Z</time>
        <extensions>
          <gpxtpx:TrackPointExtension>
            <gpxtpx:hr>115</gpxtpx:hr>
            <gpxtpx:cad>77</gpxtpx:cad>
            <gpxtpx:atemp>301.65</gpxtpx:atemp>
          </gpxtpx:TrackPointExtension>
        </extensions>
      </trkpt>
      <trkpt lat="30.600980" lon="34.691835">
        <ele>774.7</ele>
        <time>2026-04-07T07:58:39.000Z</time>
        <extensions>
          <gpxtpx:TrackPointExtension>
            <gpxtpx:hr>129</gpxtpx:hr>
            <gpxtpx:cad>77</gpxtpx:cad>
            <gpxtpx:atemp>301.65</gpxtpx:atemp>
          </gpxtpx:TrackPointExtension>
        </extensions>
      </trkpt>
      <trkpt lat="30.600926" lon="34.691872">
        <ele>774.6</ele>
        <time>2026-04-07T07:58:45.000Z</time>
        <extensions>
          <gpxtpx:TrackPointExtension>
            <gpxtpx:hr>135</gpxtpx:hr>
            <gpxtpx:cad>71</gpxtpx:cad>
            <gpxtpx:atemp>301.65</gpxtpx:atemp>
          </gpxtpx:TrackPointExtension>
        </extensions>
      </trkpt>
      <trkpt lat="30.600901" lon="34.691917">
        <ele>774.2</ele>
        <time>2026-04-07T07:58:49.000Z</time>
        <extensions>
          <gpxtpx:TrackPointExtension>
            <gpxtpx:hr>137</gpxtpx:hr>
            <gpxtpx:cad>71</gpxtpx:cad>
            <gpxtpx:atemp>301.65</gpxtpx:atemp>
          </gpxtpx:TrackPointExtension>
        </extensions>
      </trkpt>
      <trkpt lat="30.600837" lon="34.691961">
        <ele>774.0</ele>
        <time>2026-04-07T07:58:55.000Z</time>
        <extensions>
          <gpxtpx:TrackPointExtension>
            <gpxtpx:hr>136</gpxtpx:hr>
            <gpxtpx:cad>57</gpxtpx:cad>
            <gpxtpx:atemp>301.65</gpxtpx:atemp>
          </gpxtpx:TrackPointExtension>
        </extensions>
      </trkpt>
      <trkpt lat="30.600775" lon="34.692032">
        <ele>773.4</ele>
        <time>2026-04-07T07:59:02.000Z</time>
        <extensions>
          <gpxtpx:TrackPointExtension>
            <gpxtpx:hr>135</gpxtpx:hr>
            <gpxtpx:cad>55</gpxtpx:cad>
            <gpxtpx:atemp>301.65</gpxtpx:atemp>
          </gpxtpx:TrackPointExtension>
        </extensions>
      </trkpt>
      <trkpt lat="30.600744" lon="34.692101">
        <ele>772.6</ele>
        <time>2026-04-07T07:59:07.000Z</time>
        <extensions>
          <gpxtpx:TrackPointExtension>
            <gpxtpx:hr>136</gpxtpx:hr>
            <gpxtpx:cad>64</gpxtpx:cad>
            <gpxtpx:atemp>301.65</gpxtpx:atemp>
          </gpxtpx:TrackPointExtension>
        </extensions>
      </trkpt>
      <trkpt lat="30.600637" lon="34.692290">
        <ele>770.3</ele>
        <time>2026-04-07T07:59:20.000Z</time>
        <extensions>
          <gpxtpx:TrackPointExtension>
            <gpxtpx:hr>131</gpxtpx:hr>
            <gpxtpx:cad>73</gpxtpx:cad>
            <gpxtpx:atemp>301.65</gpxtpx:atemp>
          </gpxtpx:TrackPointExtension>
        </extensions>
      </trkpt>
      <trkpt lat="30.600597" lon="34.692335">
        <ele>769.8</ele>
        <time>2026-04-07T07:59:24.000Z</time>
        <extensions>
          <gpxtpx:TrackPointExtension>
            <gpxtpx:hr>127</gpxtpx:hr>
            <gpxtpx:cad>71</gpxtpx:cad>
            <gpxtpx:atemp>301.65</gpxtpx:atemp>
          </gpxtpx:TrackPointExtension>
        </extensions>
      </trkpt>
      <trkpt lat="30.600552" lon="34.692424">
        <ele>768.8</ele>
        <time>2026-04-07T07:59:29.000Z</time>
        <extensions>
          <gpxtpx:TrackPointExtension>
            <gpxtpx:hr>125</gpxtpx:hr>
            <gpxtpx:cad>72</gpxtpx:cad>
            <gpxtpx:atemp>301.65</gpxtpx:atemp>
          </gpxtpx:TrackPointExtension>
        </extensions>
      </trkpt>
      <trkpt lat="30.600457" lon="34.692548">
        <ele>767.8</ele>
        <time>2026-04-07T07:59:38.000Z</time>
        <extensions>
          <gpxtpx:TrackPointExtension>
            <gpxtpx:hr>125</gpxtpx:hr>
            <gpxtpx:cad>73</gpxtpx:cad>
            <gpxtpx:atemp>301.65</gpxtpx:atemp>
          </gpxtpx:TrackPointExtension>
        </extensions>
      </trkpt>
      <trkpt lat="30.600344" lon="34.692675">
        <ele>767.0</ele>
        <time>2026-04-07T07:59:47.000Z</time>
        <extensions>
          <gpxtpx:TrackPointExtension>
            <gpxtpx:hr>127</gpxtpx:hr>
            <gpxtpx:cad>77</gpxtpx:cad>
            <gpxtpx:atemp>301.65</gpxtpx:atemp>
          </gpxtpx:TrackPointExtension>
        </extensions>
      </trkpt>
      <trkpt lat="30.600255" lon="34.692709">
        <ele>767.0</ele>
        <time>2026-04-07T07:59:55.000Z</time>
        <extensions>
          <gpxtpx:TrackPointExtension>
            <gpxtpx:hr>128</gpxtpx:hr>
            <gpxtpx:cad>0</gpxtpx:cad>
            <gpxtpx:atemp>302.65</gpxtpx:atemp>
          </gpxtpx:TrackPointExtension>
        </extensions>
      </trkpt>
      <trkpt lat="30.600152" lon="34.692652">
        <ele>768.7</ele>
        <time>2026-04-07T08:00:03.000Z</time>
        <extensions>
          <gpxtpx:TrackPointExtension>
            <gpxtpx:hr>129</gpxtpx:hr>
            <gpxtpx:cad>0</gpxtpx:cad>
            <gpxtpx:atemp>302.65</gpxtpx:atemp>
          </gpxtpx:TrackPointExtension>
        </extensions>
      </trkpt>
      <trkpt lat="30.600113" lon="34.692666">
        <ele>768.8</ele>
        <time>2026-04-07T08:00:09.000Z</time>
        <extensions>
          <gpxtpx:TrackPointExtension>
            <gpxtpx:hr>128</gpxtpx:hr>
            <gpxtpx:cad>68</gpxtpx:cad>
            <gpxtpx:atemp>302.65</gpxtpx:atemp>
          </gpxtpx:TrackPointExtension>
        </extensions>
      </trkpt>
      <trkpt lat="30.600130" lon="34.692789">
        <ele>766.4</ele>
        <time>2026-04-07T08:00:20.000Z</time>
        <extensions>
          <gpxtpx:TrackPointExtension>
            <gpxtpx:hr>125</gpxtpx:hr>
            <gpxtpx:cad>0</gpxtpx:cad>
            <gpxtpx:atemp>302.65</gpxtpx:atemp>
          </gpxtpx:TrackPointExtension>
        </extensions>
      </trkpt>
      <trkpt lat="30.600154" lon="34.692885">
        <ele>764.5</ele>
        <time>2026-04-07T08:00:26.000Z</time>
        <extensions>
          <gpxtpx:TrackPointExtension>
            <gpxtpx:hr>128</gpxtpx:hr>
            <gpxtpx:cad>73</gpxtpx:cad>
            <gpxtpx:atemp>302.65</gpxtpx:atemp>
          </gpxtpx:TrackPointExtension>
        </extensions>
      </trkpt>
      <trkpt lat="30.600071" lon="34.692998">
        <ele>763.5</ele>
        <time>2026-04-07T08:00:34.000Z</time>
        <extensions>
          <gpxtpx:TrackPointExtension>
            <gpxtpx:hr>132</gpxtpx:hr>
            <gpxtpx:cad>75</gpxtpx:cad>
            <gpxtpx:atemp>302.65</gpxtpx:atemp>
          </gpxtpx:TrackPointExtension>
        </extensions>
      </trkpt>
      <trkpt lat="30.599972" lon="34.693081">
        <ele>763.1</ele>
        <time>2026-04-07T08:00:41.000Z</time>
        <extensions>
          <gpxtpx:TrackPointExtension>
            <gpxtpx:hr>134</gpxtpx:hr>
            <gpxtpx:cad>72</gpxtpx:cad>
            <gpxtpx:atemp>302.65</gpxtpx:atemp>
          </gpxtpx:TrackPointExtension>
        </extensions>
      </trkpt>
      <trkpt lat="30.599914" lon="34.693212">
        <ele>761.3</ele>
        <time>2026-04-07T08:00:51.000Z</time>
        <extensions>
          <gpxtpx:TrackPointExtension>
            <gpxtpx:hr>137</gpxtpx:hr>
            <gpxtpx:cad>73</gpxtpx:cad>
            <gpxtpx:atemp>302.65</gpxtpx:atemp>
          </gpxtpx:TrackPointExtension>
        </extensions>
      </trkpt>
      <trkpt lat="30.599857" lon="34.693277">
        <ele>760.6</ele>
        <time>2026-04-07T08:00:57.000Z</time>
        <extensions>
          <gpxtpx:TrackPointExtension>
            <gpxtpx:hr>137</gpxtpx:hr>
            <gpxtpx:cad>54</gpxtpx:cad>
            <gpxtpx:atemp>302.65</gpxtpx:atemp>
          </gpxtpx:TrackPointExtension>
        </extensions>
      </trkpt>
      <trkpt lat="30.599855" lon="34.693330">
        <ele>759.6</ele>
        <time>2026-04-07T08:01:00.000Z</time>
        <extensions>
          <gpxtpx:TrackPointExtension>
            <gpxtpx:hr>138</gpxtpx:hr>
            <gpxtpx:cad>54</gpxtpx:cad>
            <gpxtpx:atemp>302.65</gpxtpx:atemp>
          </gpxtpx:TrackPointExtension>
        </extensions>
      </trkpt>
      <trkpt lat="30.599815" lon="34.693434">
        <ele>758.2</ele>
        <time>2026-04-07T08:01:06.000Z</time>
        <extensions>
          <gpxtpx:TrackPointExtension>
            <gpxtpx:hr>135</gpxtpx:hr>
            <gpxtpx:cad>76</gpxtpx:cad>
            <gpxtpx:atemp>302.65</gpxtpx:atemp>
          </gpxtpx:TrackPointExtension>
        </extensions>
      </trkpt>
      <trkpt lat="30.599721" lon="34.693504">
        <ele>758.1</ele>
        <time>2026-04-07T08:01:13.000Z</time>
        <extensions>
          <gpxtpx:TrackPointExtension>
            <gpxtpx:hr>136</gpxtpx:hr>
            <gpxtpx:cad>74</gpxtpx:cad>
            <gpxtpx:atemp>302.65</gpxtpx:atemp>
          </gpxtpx:TrackPointExtension>
        </extensions>
      </trkpt>
      <trkpt lat="30.599628" lon="34.693596">
        <ele>757.4</ele>
        <time>2026-04-07T08:01:25.000Z</time>
        <extensions>
          <gpxtpx:TrackPointExtension>
            <gpxtpx:hr>133</gpxtpx:hr>
            <gpxtpx:cad>54</gpxtpx:cad>
            <gpxtpx:atemp>303.65</gpxtpx:atemp>
          </gpxtpx:TrackPointExtension>
        </extensions>
      </trkpt>
      <trkpt lat="30.599541" lon="34.693637">
        <ele>757.5</ele>
        <time>2026-04-07T08:01:34.000Z</time>
        <extensions>
          <gpxtpx:TrackPointExtension>
            <gpxtpx:hr>131</gpxtpx:hr>
            <gpxtpx:cad>0</gpxtpx:cad>
            <gpxtpx:atemp>303.65</gpxtpx:atemp>
          </gpxtpx:TrackPointExtension>
        </extensions>
      </trkpt>
      <trkpt lat="30.599473" lon="34.693690">
        <ele>757.3</ele>
        <time>2026-04-07T08:01:40.000Z</time>
        <extensions>
          <gpxtpx:TrackPointExtension>
            <gpxtpx:hr>122</gpxtpx:hr>
            <gpxtpx:cad>0</gpxtpx:cad>
            <gpxtpx:atemp>303.65</gpxtpx:atemp>
          </gpxtpx:TrackPointExtension>
        </extensions>
      </trkpt>
      <trkpt lat="30.599392" lon="34.693722">
        <ele>757.6</ele>
        <time>2026-04-07T08:01:47.000Z</time>
        <extensions>
          <gpxtpx:TrackPointExtension>
            <gpxtpx:hr>117</gpxtpx:hr>
            <gpxtpx:cad>62</gpxtpx:cad>
            <gpxtpx:atemp>303.65</gpxtpx:atemp>
          </gpxtpx:TrackPointExtension>
        </extensions>
      </trkpt>
      <trkpt lat="30.599345" lon="34.693797">
        <ele>756.6</ele>
        <time>2026-04-07T08:01:54.000Z</time>
        <extensions>
          <gpxtpx:TrackPointExtension>
            <gpxtpx:hr>115</gpxtpx:hr>
            <gpxtpx:cad>0</gpxtpx:cad>
            <gpxtpx:atemp>303.65</gpxtpx:atemp>
          </gpxtpx:TrackPointExtension>
        </extensions>
      </trkpt>
      <trkpt lat="30.599319" lon="34.693868">
        <ele>755.3</ele>
        <time>2026-04-07T08:01:58.000Z</time>
        <extensions>
          <gpxtpx:TrackPointExtension>
            <gpxtpx:hr>114</gpxtpx:hr>
            <gpxtpx:cad>110</gpxtpx:cad>
            <gpxtpx:atemp>303.65</gpxtpx:atemp>
          </gpxtpx:TrackPointExtension>
        </extensions>
      </trkpt>
      <trkpt lat="30.599264" lon="34.693889">
        <ele>755.2</ele>
        <time>2026-04-07T08:02:02.000Z</time>
        <extensions>
          <gpxtpx:TrackPointExtension>
            <gpxtpx:hr>114</gpxtpx:hr>
            <gpxtpx:cad>110</gpxtpx:cad>
            <gpxtpx:atemp>303.65</gpxtpx:atemp>
          </gpxtpx:TrackPointExtension>
        </extensions>
      </trkpt>
      <trkpt lat="30.599169" lon="34.693964">
        <ele>754.0</ele>
        <time>2026-04-07T08:02:13.000Z</time>
        <extensions>
          <gpxtpx:TrackPointExtension>
            <gpxtpx:hr>113</gpxtpx:hr>
            <gpxtpx:cad>0</gpxtpx:cad>
            <gpxtpx:atemp>303.65</gpxtpx:atemp>
          </gpxtpx:TrackPointExtension>
        </extensions>
      </trkpt>
      <trkpt lat="30.599127" lon="34.694027">
        <ele>752.7</ele>
        <time>2026-04-07T08:02:18.000Z</time>
        <extensions>
          <gpxtpx:TrackPointExtension>
            <gpxtpx:hr>112</gpxtpx:hr>
            <gpxtpx:cad>58</gpxtpx:cad>
            <gpxtpx:atemp>303.65</gpxtpx:atemp>
          </gpxtpx:TrackPointExtension>
        </extensions>
      </trkpt>
      <trkpt lat="30.599056" lon="34.694102">
        <ele>751.0</ele>
        <time>2026-04-07T08:02:23.000Z</time>
        <extensions>
          <gpxtpx:TrackPointExtension>
            <gpxtpx:hr>112</gpxtpx:hr>
            <gpxtpx:cad>77</gpxtpx:cad>
            <gpxtpx:atemp>303.65</gpxtpx:atemp>
          </gpxtpx:TrackPointExtension>
        </extensions>
      </trkpt>
      <trkpt lat="30.599042" lon="34.694199">
        <ele>748.6</ele>
        <time>2026-04-07T08:02:30.000Z</time>
        <extensions>
          <gpxtpx:TrackPointExtension>
            <gpxtpx:hr>115</gpxtpx:hr>
            <gpxtpx:cad>0</gpxtpx:cad>
            <gpxtpx:atemp>303.65</gpxtpx:atemp>
          </gpxtpx:TrackPointExtension>
        </extensions>
      </trkpt>
      <trkpt lat="30.599026" lon="34.694250">
        <ele>747.4</ele>
        <time>2026-04-07T08:02:33.000Z</time>
        <extensions>
          <gpxtpx:TrackPointExtension>
            <gpxtpx:hr>115</gpxtpx:hr>
            <gpxtpx:cad>0</gpxtpx:cad>
            <gpxtpx:atemp>303.65</gpxtpx:atemp>
          </gpxtpx:TrackPointExtension>
        </extensions>
      </trkpt>
      <trkpt lat="30.598997" lon="34.694384">
        <ele>743.1</ele>
        <time>2026-04-07T08:02:42.000Z</time>
        <extensions>
          <gpxtpx:TrackPointExtension>
            <gpxtpx:hr>117</gpxtpx:hr>
            <gpxtpx:cad>76</gpxtpx:cad>
            <gpxtpx:atemp>303.65</gpxtpx:atemp>
          </gpxtpx:TrackPointExtension>
        </extensions>
      </trkpt>
      <trkpt lat="30.598984" lon="34.694471">
        <ele>739.9</ele>
        <time>2026-04-07T08:02:47.000Z</time>
        <extensions>
          <gpxtpx:TrackPointExtension>
            <gpxtpx:hr>118</gpxtpx:hr>
            <gpxtpx:cad>69</gpxtpx:cad>
            <gpxtpx:atemp>303.65</gpxtpx:atemp>
          </gpxtpx:TrackPointExtension>
        </extensions>
      </trkpt>
      <trkpt lat="30.598896" lon="34.694583">
        <ele>737.4</ele>
        <time>2026-04-07T08:02:55.000Z</time>
        <extensions>
          <gpxtpx:TrackPointExtension>
            <gpxtpx:hr>122</gpxtpx:hr>
            <gpxtpx:cad>73</gpxtpx:cad>
            <gpxtpx:atemp>303.65</gpxtpx:atemp>
          </gpxtpx:TrackPointExtension>
        </extensions>
      </trkpt>
      <trkpt lat="30.598863" lon="34.694609">
        <ele>737.4</ele>
        <time>2026-04-07T08:02:57.000Z</time>
        <extensions>
          <gpxtpx:TrackPointExtension>
            <gpxtpx:hr>123</gpxtpx:hr>
            <gpxtpx:cad>77</gpxtpx:cad>
            <gpxtpx:atemp>303.65</gpxtpx:atemp>
          </gpxtpx:TrackPointExtension>
        </extensions>
      </trkpt>
      <trkpt lat="30.598762" lon="34.694639">
        <ele>738.6</ele>
        <time>2026-04-07T08:03:03.000Z</time>
        <extensions>
          <gpxtpx:TrackPointExtension>
            <gpxtpx:hr>124</gpxtpx:hr>
            <gpxtpx:cad>78</gpxtpx:cad>
            <gpxtpx:atemp>303.65</gpxtpx:atemp>
          </gpxtpx:TrackPointExtension>
        </extensions>
      </trkpt>
      <trkpt lat="30.598719" lon="34.694642">
        <ele>739.0</ele>
        <time>2026-04-07T08:03:05.000Z</time>
        <extensions>
          <gpxtpx:TrackPointExtension>
            <gpxtpx:hr>124</gpxtpx:hr>
            <gpxtpx:cad>78</gpxtpx:cad>
            <gpxtpx:atemp>302.65</gpxtpx:atemp>
          </gpxtpx:TrackPointExtension>
        </extensions>
      </trkpt>
      <trkpt lat="30.598656" lon="34.694683">
        <ele>738.8</ele>
        <time>2026-04-07T08:03:09.000Z</time>
        <extensions>
          <gpxtpx:TrackPointExtension>
            <gpxtpx:hr>125</gpxtpx:hr>
            <gpxtpx:cad>78</gpxtpx:cad>
            <gpxtpx:atemp>302.65</gpxtpx:atemp>
          </gpxtpx:TrackPointExtension>
        </extensions>
      </trkpt>
      <trkpt lat="30.598621" lon="34.694722">
        <ele>738.4</ele>
        <time>2026-04-07T08:03:13.000Z</time>
        <extensions>
          <gpxtpx:TrackPointExtension>
            <gpxtpx:hr>126</gpxtpx:hr>
            <gpxtpx:cad>77</gpxtpx:cad>
            <gpxtpx:atemp>302.65</gpxtpx:atemp>
          </gpxtpx:TrackPointExtension>
        </extensions>
      </trkpt>
      <trkpt lat="30.598595" lon="34.694804">
        <ele>737.2</ele>
        <time>2026-04-07T08:03:18.000Z</time>
        <extensions>
          <gpxtpx:TrackPointExtension>
            <gpxtpx:hr>129</gpxtpx:hr>
            <gpxtpx:cad>0</gpxtpx:cad>
            <gpxtpx:atemp>302.65</gpxtpx:atemp>
          </gpxtpx:TrackPointExtension>
        </extensions>
      </trkpt>
      <trkpt lat="30.598551" lon="34.694868">
        <ele>736.8</ele>
        <time>2026-04-07T08:03:22.000Z</time>
        <extensions>
          <gpxtpx:TrackPointExtension>
            <gpxtpx:hr>128</gpxtpx:hr>
            <gpxtpx:cad>75</gpxtpx:cad>
            <gpxtpx:atemp>302.65</gpxtpx:atemp>
          </gpxtpx:TrackPointExtension>
        </extensions>
      </trkpt>
      <trkpt lat="30.598525" lon="34.694925">
        <ele>737.0</ele>
        <time>2026-04-07T08:03:26.000Z</time>
        <extensions>
          <gpxtpx:TrackPointExtension>
            <gpxtpx:hr>127</gpxtpx:hr>
            <gpxtpx:cad>75</gpxtpx:cad>
            <gpxtpx:atemp>302.65</gpxtpx:atemp>
          </gpxtpx:TrackPointExtension>
        </extensions>
      </trkpt>
      <trkpt lat="30.598390" lon="34.695100">
        <ele>738.3</ele>
        <time>2026-04-07T08:03:36.000Z</time>
        <extensions>
          <gpxtpx:TrackPointExtension>
            <gpxtpx:hr>133</gpxtpx:hr>
            <gpxtpx:cad>77</gpxtpx:cad>
            <gpxtpx:atemp>302.65</gpxtpx:atemp>
          </gpxtpx:TrackPointExtension>
        </extensions>
      </trkpt>
      <trkpt lat="30.598380" lon="34.695157">
        <ele>738.4</ele>
        <time>2026-04-07T08:03:40.000Z</time>
        <extensions>
          <gpxtpx:TrackPointExtension>
            <gpxtpx:hr>134</gpxtpx:hr>
            <gpxtpx:cad>78</gpxtpx:cad>
            <gpxtpx:atemp>302.65</gpxtpx:atemp>
          </gpxtpx:TrackPointExtension>
        </extensions>
      </trkpt>
      <trkpt lat="30.598336" lon="34.695218">
        <ele>739.4</ele>
        <time>2026-04-07T08:03:51.000Z</time>
        <extensions>
          <gpxtpx:TrackPointExtension>
            <gpxtpx:hr>134</gpxtpx:hr>
            <gpxtpx:cad>55</gpxtpx:cad>
            <gpxtpx:atemp>302.65</gpxtpx:atemp>
          </gpxtpx:TrackPointExtension>
        </extensions>
      </trkpt>
      <trkpt lat="30.598302" lon="34.695300">
        <ele>740.3</ele>
        <time>2026-04-07T08:04:01.000Z</time>
        <extensions>
          <gpxtpx:TrackPointExtension>
            <gpxtpx:hr>134</gpxtpx:hr>
            <gpxtpx:cad>0</gpxtpx:cad>
            <gpxtpx:atemp>302.65</gpxtpx:atemp>
          </gpxtpx:TrackPointExtension>
        </extensions>
      </trkpt>
      <trkpt lat="30.598199" lon="34.695360">
        <ele>741.7</ele>
        <time>2026-04-07T08:04:09.000Z</time>
        <extensions>
          <gpxtpx:TrackPointExtension>
            <gpxtpx:hr>138</gpxtpx:hr>
            <gpxtpx:cad>74</gpxtpx:cad>
            <gpxtpx:atemp>302.65</gpxtpx:atemp>
          </gpxtpx:TrackPointExtension>
        </extensions>
      </trkpt>
      <trkpt lat="30.598116" lon="34.695379">
        <ele>742.1</ele>
        <time>2026-04-07T08:04:14.000Z</time>
        <extensions>
          <gpxtpx:TrackPointExtension>
            <gpxtpx:hr>143</gpxtpx:hr>
            <gpxtpx:cad>76</gpxtpx:cad>
            <gpxtpx:atemp>302.65</gpxtpx:atemp>
          </gpxtpx:TrackPointExtension>
        </extensions>
      </trkpt>
      <trkpt lat="30.598086" lon="34.695404">
        <ele>742.3</ele>
        <time>2026-04-07T08:04:17.000Z</time>
        <extensions>
          <gpxtpx:TrackPointExtension>
            <gpxtpx:hr>146</gpxtpx:hr>
            <gpxtpx:cad>75</gpxtpx:cad>
            <gpxtpx:atemp>302.65</gpxtpx:atemp>
          </gpxtpx:TrackPointExtension>
        </extensions>
      </trkpt>
      <trkpt lat="30.598068" lon="34.695506">
        <ele>743.4</ele>
        <time>2026-04-07T08:04:25.000Z</time>
        <extensions>
          <gpxtpx:TrackPointExtension>
            <gpxtpx:hr>150</gpxtpx:hr>
            <gpxtpx:cad>0</gpxtpx:cad>
            <gpxtpx:atemp>302.65</gpxtpx:atemp>
          </gpxtpx:TrackPointExtension>
        </extensions>
      </trkpt>
      <trkpt lat="30.597989" lon="34.695542">
        <ele>744.1</ele>
        <time>2026-04-07T08:04:31.000Z</time>
        <extensions>
          <gpxtpx:TrackPointExtension>
            <gpxtpx:hr>146</gpxtpx:hr>
            <gpxtpx:cad>0</gpxtpx:cad>
            <gpxtpx:atemp>302.65</gpxtpx:atemp>
          </gpxtpx:TrackPointExtension>
        </extensions>
      </trkpt>
      <trkpt lat="30.597936" lon="34.695590">
        <ele>744.8</ele>
        <time>2026-04-07T08:04:35.000Z</time>
        <extensions>
          <gpxtpx:TrackPointExtension>
            <gpxtpx:hr>146</gpxtpx:hr>
            <gpxtpx:cad>72</gpxtpx:cad>
            <gpxtpx:atemp>302.65</gpxtpx:atemp>
          </gpxtpx:TrackPointExtension>
        </extensions>
      </trkpt>
      <trkpt lat="30.597864" lon="34.695619">
        <ele>745.4</ele>
        <time>2026-04-07T08:04:40.000Z</time>
        <extensions>
          <gpxtpx:TrackPointExtension>
            <gpxtpx:hr>145</gpxtpx:hr>
            <gpxtpx:cad>75</gpxtpx:cad>
            <gpxtpx:atemp>302.65</gpxtpx:atemp>
          </gpxtpx:TrackPointExtension>
        </extensions>
      </trkpt>
      <trkpt lat="30.597810" lon="34.695668">
        <ele>746.1</ele>
        <time>2026-04-07T08:04:45.000Z</time>
        <extensions>
          <gpxtpx:TrackPointExtension>
            <gpxtpx:hr>145</gpxtpx:hr>
            <gpxtpx:cad>70</gpxtpx:cad>
            <gpxtpx:atemp>302.65</gpxtpx:atemp>
          </gpxtpx:TrackPointExtension>
        </extensions>
      </trkpt>
      <trkpt lat="30.597769" lon="34.695690">
        <ele>746.5</ele>
        <time>2026-04-07T08:04:48.000Z</time>
        <extensions>
          <gpxtpx:TrackPointExtension>
            <gpxtpx:hr>146</gpxtpx:hr>
            <gpxtpx:cad>69</gpxtpx:cad>
            <gpxtpx:atemp>302.65</gpxtpx:atemp>
          </gpxtpx:TrackPointExtension>
        </extensions>
      </trkpt>
      <trkpt lat="30.597645" lon="34.695891">
        <ele>749.1</ele>
        <time>2026-04-07T08:04:59.000Z</time>
        <extensions>
          <gpxtpx:TrackPointExtension>
            <gpxtpx:hr>146</gpxtpx:hr>
            <gpxtpx:cad>77</gpxtpx:cad>
            <gpxtpx:atemp>302.65</gpxtpx:atemp>
          </gpxtpx:TrackPointExtension>
        </extensions>
      </trkpt>
      <trkpt lat="30.597609" lon="34.695992">
        <ele>750.0</ele>
        <time>2026-04-07T08:05:04.000Z</time>
        <extensions>
          <gpxtpx:TrackPointExtension>
            <gpxtpx:hr>147</gpxtpx:hr>
            <gpxtpx:cad>78</gpxtpx:cad>
            <gpxtpx:atemp>302.65</gpxtpx:atemp>
          </gpxtpx:TrackPointExtension>
        </extensions>
      </trkpt>
      <trkpt lat="30.597572" lon="34.696077">
        <ele>750.5</ele>
        <time>2026-04-07T08:05:09.000Z</time>
        <extensions>
          <gpxtpx:TrackPointExtension>
            <gpxtpx:hr>148</gpxtpx:hr>
            <gpxtpx:cad>77</gpxtpx:cad>
            <gpxtpx:atemp>302.65</gpxtpx:atemp>
          </gpxtpx:TrackPointExtension>
        </extensions>
      </trkpt>
      <trkpt lat="30.597567" lon="34.696170">
        <ele>751.2</ele>
        <time>2026-04-07T08:05:15.000Z</time>
        <extensions>
          <gpxtpx:TrackPointExtension>
            <gpxtpx:hr>150</gpxtpx:hr>
            <gpxtpx:cad>0</gpxtpx:cad>
            <gpxtpx:atemp>302.65</gpxtpx:atemp>
          </gpxtpx:TrackPointExtension>
        </extensions>
      </trkpt>
      <trkpt lat="30.597532" lon="34.696243">
        <ele>751.6</ele>
        <time>2026-04-07T08:05:22.000Z</time>
        <extensions>
          <gpxtpx:TrackPointExtension>
            <gpxtpx:hr>143</gpxtpx:hr>
            <gpxtpx:cad>56</gpxtpx:cad>
            <gpxtpx:atemp>302.65</gpxtpx:atemp>
          </gpxtpx:TrackPointExtension>
        </extensions>
      </trkpt>
      <trkpt lat="30.597527" lon="34.696276">
        <ele>751.8</ele>
        <time>2026-04-07T08:05:29.000Z</time>
        <extensions>
          <gpxtpx:TrackPointExtension>
            <gpxtpx:hr>144</gpxtpx:hr>
            <gpxtpx:cad>0</gpxtpx:cad>
            <gpxtpx:atemp>303.65</gpxtpx:atemp>
          </gpxtpx:TrackPointExtension>
        </extensions>
      </trkpt>
      <trkpt lat="30.597464" lon="34.696342">
        <ele>752.2</ele>
        <time>2026-04-07T08:05:39.000Z</time>
        <extensions>
          <gpxtpx:TrackPointExtension>
            <gpxtpx:hr>145</gpxtpx:hr>
            <gpxtpx:cad>0</gpxtpx:cad>
            <gpxtpx:atemp>303.65</gpxtpx:atemp>
          </gpxtpx:TrackPointExtension>
        </extensions>
      </trkpt>
      <trkpt lat="30.597412" lon="34.696408">
        <ele>752.4</ele>
        <time>2026-04-07T08:05:44.000Z</time>
        <extensions>
          <gpxtpx:TrackPointExtension>
            <gpxtpx:hr>145</gpxtpx:hr>
            <gpxtpx:cad>72</gpxtpx:cad>
            <gpxtpx:atemp>303.65</gpxtpx:atemp>
          </gpxtpx:TrackPointExtension>
        </extensions>
      </trkpt>
      <trkpt lat="30.597317" lon="34.696595">
        <ele>753.3</ele>
        <time>2026-04-07T08:05:54.000Z</time>
        <extensions>
          <gpxtpx:TrackPointExtension>
            <gpxtpx:hr>148</gpxtpx:hr>
            <gpxtpx:cad>78</gpxtpx:cad>
            <gpxtpx:atemp>303.65</gpxtpx:atemp>
          </gpxtpx:TrackPointExtension>
        </extensions>
      </trkpt>
      <trkpt lat="30.597288" lon="34.696694">
        <ele>753.9</ele>
        <time>2026-04-07T08:05:59.000Z</time>
        <extensions>
          <gpxtpx:TrackPointExtension>
            <gpxtpx:hr>150</gpxtpx:hr>
            <gpxtpx:cad>77</gpxtpx:cad>
            <gpxtpx:atemp>303.65</gpxtpx:atemp>
          </gpxtpx:TrackPointExtension>
        </extensions>
      </trkpt>
      <trkpt lat="30.597217" lon="34.696813">
        <ele>754.5</ele>
        <time>2026-04-07T08:06:06.000Z</time>
        <extensions>
          <gpxtpx:TrackPointExtension>
            <gpxtpx:hr>149</gpxtpx:hr>
            <gpxtpx:cad>78</gpxtpx:cad>
            <gpxtpx:atemp>303.65</gpxtpx:atemp>
          </gpxtpx:TrackPointExtension>
        </extensions>
      </trkpt>
      <trkpt lat="30.597148" lon="34.696897">
        <ele>754.6</ele>
        <time>2026-04-07T08:06:11.000Z</time>
        <extensions>
          <gpxtpx:TrackPointExtension>
            <gpxtpx:hr>152</gpxtpx:hr>
            <gpxtpx:cad>77</gpxtpx:cad>
            <gpxtpx:atemp>303.65</gpxtpx:atemp>
          </gpxtpx:TrackPointExtension>
        </extensions>
      </trkpt>
      <trkpt lat="30.597093" lon="34.697004">
        <ele>754.8</ele>
        <time>2026-04-07T08:06:17.000Z</time>
        <extensions>
          <gpxtpx:TrackPointExtension>
            <gpxtpx:hr>152</gpxtpx:hr>
            <gpxtpx:cad>78</gpxtpx:cad>
            <gpxtpx:atemp>303.65</gpxtpx:atemp>
          </gpxtpx:TrackPointExtension>
        </extensions>
      </trkpt>
      <trkpt lat="30.597017" lon="34.697123">
        <ele>755.0</ele>
        <time>2026-04-07T08:06:24.000Z</time>
        <extensions>
          <gpxtpx:TrackPointExtension>
            <gpxtpx:hr>156</gpxtpx:hr>
            <gpxtpx:cad>76</gpxtpx:cad>
            <gpxtpx:atemp>303.65</gpxtpx:atemp>
          </gpxtpx:TrackPointExtension>
        </extensions>
      </trkpt>
      <trkpt lat="30.596961" lon="34.697201">
        <ele>755.4</ele>
        <time>2026-04-07T08:06:28.000Z</time>
        <extensions>
          <gpxtpx:TrackPointExtension>
            <gpxtpx:hr>157</gpxtpx:hr>
            <gpxtpx:cad>76</gpxtpx:cad>
            <gpxtpx:atemp>303.65</gpxtpx:atemp>
          </gpxtpx:TrackPointExtension>
        </extensions>
      </trkpt>
      <trkpt lat="30.596846" lon="34.697290">
        <ele>755.6</ele>
        <time>2026-04-07T08:06:36.000Z</time>
        <extensions>
          <gpxtpx:TrackPointExtension>
            <gpxtpx:hr>156</gpxtpx:hr>
            <gpxtpx:cad>77</gpxtpx:cad>
            <gpxtpx:atemp>303.65</gpxtpx:atemp>
          </gpxtpx:TrackPointExtension>
        </extensions>
      </trkpt>
      <trkpt lat="30.596794" lon="34.697357">
        <ele>755.9</ele>
        <time>2026-04-07T08:06:43.000Z</time>
        <extensions>
          <gpxtpx:TrackPointExtension>
            <gpxtpx:hr>157</gpxtpx:hr>
            <gpxtpx:cad>58</gpxtpx:cad>
            <gpxtpx:atemp>303.65</gpxtpx:atemp>
          </gpxtpx:TrackPointExtension>
        </extensions>
      </trkpt>
      <trkpt lat="30.596748" lon="34.697388">
        <ele>756.0</ele>
        <time>2026-04-07T08:06:47.000Z</time>
        <extensions>
          <gpxtpx:TrackPointExtension>
            <gpxtpx:hr>156</gpxtpx:hr>
            <gpxtpx:cad>59</gpxtpx:cad>
            <gpxtpx:atemp>303.65</gpxtpx:atemp>
          </gpxtpx:TrackPointExtension>
        </extensions>
      </trkpt>
      <trkpt lat="30.596681" lon="34.697480">
        <ele>756.4</ele>
        <time>2026-04-07T08:06:55.000Z</time>
        <extensions>
          <gpxtpx:TrackPointExtension>
            <gpxtpx:hr>149</gpxtpx:hr>
            <gpxtpx:cad>56</gpxtpx:cad>
            <gpxtpx:atemp>303.65</gpxtpx:atemp>
          </gpxtpx:TrackPointExtension>
        </extensions>
      </trkpt>
      <trkpt lat="30.596631" lon="34.697525">
        <ele>756.6</ele>
        <time>2026-04-07T08:07:01.000Z</time>
        <extensions>
          <gpxtpx:TrackPointExtension>
            <gpxtpx:hr>147</gpxtpx:hr>
            <gpxtpx:cad>55</gpxtpx:cad>
            <gpxtpx:atemp>303.65</gpxtpx:atemp>
          </gpxtpx:TrackPointExtension>
        </extensions>
      </trkpt>
      <trkpt lat="30.596488" lon="34.697719">
        <ele>757.5</ele>
        <time>2026-04-07T08:07:15.000Z</time>
        <extensions>
          <gpxtpx:TrackPointExtension>
            <gpxtpx:hr>140</gpxtpx:hr>
            <gpxtpx:cad>80</gpxtpx:cad>
            <gpxtpx:atemp>304.65</gpxtpx:atemp>
          </gpxtpx:TrackPointExtension>
        </extensions>
      </trkpt>
      <trkpt lat="30.596379" lon="34.697902">
        <ele>758.4</ele>
        <time>2026-04-07T08:07:25.000Z</time>
        <extensions>
          <gpxtpx:TrackPointExtension>
            <gpxtpx:hr>139</gpxtpx:hr>
            <gpxtpx:cad>78</gpxtpx:cad>
            <gpxtpx:atemp>304.65</gpxtpx:atemp>
          </gpxtpx:TrackPointExtension>
        </extensions>
      </trkpt>
      <trkpt lat="30.596357" lon="34.697947">
        <ele>758.5</ele>
        <time>2026-04-07T08:07:27.000Z</time>
        <extensions>
          <gpxtpx:TrackPointExtension>
            <gpxtpx:hr>139</gpxtpx:hr>
            <gpxtpx:cad>79</gpxtpx:cad>
            <gpxtpx:atemp>304.65</gpxtpx:atemp>
          </gpxtpx:TrackPointExtension>
        </extensions>
      </trkpt>
      <trkpt lat="30.596292" lon="34.698123">
        <ele>759.0</ele>
        <time>2026-04-07T08:07:35.000Z</time>
        <extensions>
          <gpxtpx:TrackPointExtension>
            <gpxtpx:hr>139</gpxtpx:hr>
            <gpxtpx:cad>81</gpxtpx:cad>
            <gpxtpx:atemp>304.65</gpxtpx:atemp>
          </gpxtpx:TrackPointExtension>
        </extensions>
      </trkpt>
      <trkpt lat="30.596235" lon="34.698203">
        <ele>759.0</ele>
        <time>2026-04-07T08:07:39.000Z</time>
        <extensions>
          <gpxtpx:TrackPointExtension>
            <gpxtpx:hr>138</gpxtpx:hr>
            <gpxtpx:cad>78</gpxtpx:cad>
            <gpxtpx:atemp>304.65</gpxtpx:atemp>
          </gpxtpx:TrackPointExtension>
        </extensions>
      </trkpt>
      <trkpt lat="30.596056" lon="34.698383">
        <ele>759.2</ele>
        <time>2026-04-07T08:07:52.000Z</time>
        <extensions>
          <gpxtpx:TrackPointExtension>
            <gpxtpx:hr>139</gpxtpx:hr>
            <gpxtpx:cad>76</gpxtpx:cad>
            <gpxtpx:atemp>304.65</gpxtpx:atemp>
          </gpxtpx:TrackPointExtension>
        </extensions>
      </trkpt>
      <trkpt lat="30.595992" lon="34.698551">
        <ele>759.4</ele>
        <time>2026-04-07T08:08:01.000Z</time>
        <extensions>
          <gpxtpx:TrackPointExtension>
            <gpxtpx:hr>138</gpxtpx:hr>
            <gpxtpx:cad>75</gpxtpx:cad>
            <gpxtpx:atemp>304.65</gpxtpx:atemp>
          </gpxtpx:TrackPointExtension>
        </extensions>
      </trkpt>
      <trkpt lat="30.595945" lon="34.698790">
        <ele>760.2</ele>
        <time>2026-04-07T08:08:12.000Z</time>
        <extensions>
          <gpxtpx:TrackPointExtension>
            <gpxtpx:hr>140</gpxtpx:hr>
            <gpxtpx:cad>77</gpxtpx:cad>
            <gpxtpx:atemp>304.65</gpxtpx:atemp>
          </gpxtpx:TrackPointExtension>
        </extensions>
      </trkpt>
      <trkpt lat="30.595934" lon="34.698979">
        <ele>761.4</ele>
        <time>2026-04-07T08:08:22.000Z</time>
        <extensions>
          <gpxtpx:TrackPointExtension>
            <gpxtpx:hr>140</gpxtpx:hr>
            <gpxtpx:cad>75</gpxtpx:cad>
            <gpxtpx:atemp>304.65</gpxtpx:atemp>
          </gpxtpx:TrackPointExtension>
        </extensions>
      </trkpt>
      <trkpt lat="30.595913" lon="34.699042">
        <ele>761.6</ele>
        <time>2026-04-07T08:08:25.000Z</time>
        <extensions>
          <gpxtpx:TrackPointExtension>
            <gpxtpx:hr>140</gpxtpx:hr>
            <gpxtpx:cad>76</gpxtpx:cad>
            <gpxtpx:atemp>304.65</gpxtpx:atemp>
          </gpxtpx:TrackPointExtension>
        </extensions>
      </trkpt>
      <trkpt lat="30.595884" lon="34.699093">
        <ele>761.6</ele>
        <time>2026-04-07T08:08:28.000Z</time>
        <extensions>
          <gpxtpx:TrackPointExtension>
            <gpxtpx:hr>141</gpxtpx:hr>
            <gpxtpx:cad>76</gpxtpx:cad>
            <gpxtpx:atemp>304.65</gpxtpx:atemp>
          </gpxtpx:TrackPointExtension>
        </extensions>
      </trkpt>
      <trkpt lat="30.595866" lon="34.699156">
        <ele>761.7</ele>
        <time>2026-04-07T08:08:33.000Z</time>
        <extensions>
          <gpxtpx:TrackPointExtension>
            <gpxtpx:hr>141</gpxtpx:hr>
            <gpxtpx:cad>76</gpxtpx:cad>
            <gpxtpx:atemp>304.65</gpxtpx:atemp>
          </gpxtpx:TrackPointExtension>
        </extensions>
      </trkpt>
      <trkpt lat="30.595775" lon="34.699230">
        <ele>761.3</ele>
        <time>2026-04-07T08:08:45.000Z</time>
        <extensions>
          <gpxtpx:TrackPointExtension>
            <gpxtpx:hr>139</gpxtpx:hr>
            <gpxtpx:cad>47</gpxtpx:cad>
            <gpxtpx:atemp>304.65</gpxtpx:atemp>
          </gpxtpx:TrackPointExtension>
        </extensions>
      </trkpt>
      <trkpt lat="30.595689" lon="34.699275">
        <ele>760.9</ele>
        <time>2026-04-07T08:08:59.000Z</time>
        <extensions>
          <gpxtpx:TrackPointExtension>
            <gpxtpx:hr>138</gpxtpx:hr>
            <gpxtpx:cad>0</gpxtpx:cad>
            <gpxtpx:atemp>304.65</gpxtpx:atemp>
          </gpxtpx:TrackPointExtension>
        </extensions>
      </trkpt>
      <trkpt lat="30.595577" lon="34.699338">
        <ele>760.3</ele>
        <time>2026-04-07T08:09:06.000Z</time>
        <extensions>
          <gpxtpx:TrackPointExtension>
            <gpxtpx:hr>138</gpxtpx:hr>
            <gpxtpx:cad>76</gpxtpx:cad>
            <gpxtpx:atemp>304.65</gpxtpx:atemp>
          </gpxtpx:TrackPointExtension>
        </extensions>
      </trkpt>
      <trkpt lat="30.595455" lon="34.699375">
        <ele>759.5</ele>
        <time>2026-04-07T08:09:15.000Z</time>
        <extensions>
          <gpxtpx:TrackPointExtension>
            <gpxtpx:hr>142</gpxtpx:hr>
            <gpxtpx:cad>73</gpxtpx:cad>
            <gpxtpx:atemp>303.65</gpxtpx:atemp>
          </gpxtpx:TrackPointExtension>
        </extensions>
      </trkpt>
      <trkpt lat="30.595392" lon="34.699424">
        <ele>759.3</ele>
        <time>2026-04-07T08:09:21.000Z</time>
        <extensions>
          <gpxtpx:TrackPointExtension>
            <gpxtpx:hr>142</gpxtpx:hr>
            <gpxtpx:cad>71</gpxtpx:cad>
            <gpxtpx:atemp>303.65</gpxtpx:atemp>
          </gpxtpx:TrackPointExtension>
        </extensions>
      </trkpt>
      <trkpt lat="30.595337" lon="34.699436">
        <ele>759.0</ele>
        <time>2026-04-07T08:09:26.000Z</time>
        <extensions>
          <gpxtpx:TrackPointExtension>
            <gpxtpx:hr>143</gpxtpx:hr>
            <gpxtpx:cad>58</gpxtpx:cad>
            <gpxtpx:atemp>303.65</gpxtpx:atemp>
          </gpxtpx:TrackPointExtension>
        </extensions>
      </trkpt>
      <trkpt lat="30.595303" lon="34.699490">
        <ele>759.0</ele>
        <time>2026-04-07T08:09:29.000Z</time>
        <extensions>
          <gpxtpx:TrackPointExtension>
            <gpxtpx:hr>142</gpxtpx:hr>
            <gpxtpx:cad>60</gpxtpx:cad>
            <gpxtpx:atemp>302.65</gpxtpx:atemp>
          </gpxtpx:TrackPointExtension>
        </extensions>
      </trkpt>
      <trkpt lat="30.595269" lon="34.699599">
        <ele>758.9</ele>
        <time>2026-04-07T08:09:34.000Z</time>
        <extensions>
          <gpxtpx:TrackPointExtension>
            <gpxtpx:hr>140</gpxtpx:hr>
            <gpxtpx:cad>78</gpxtpx:cad>
            <gpxtpx:atemp>302.65</gpxtpx:atemp>
          </gpxtpx:TrackPointExtension>
        </extensions>
      </trkpt>
      <trkpt lat="30.595250" lon="34.699634">
        <ele>758.8</ele>
        <time>2026-04-07T08:09:36.000Z</time>
        <extensions>
          <gpxtpx:TrackPointExtension>
            <gpxtpx:hr>140</gpxtpx:hr>
            <gpxtpx:cad>77</gpxtpx:cad>
            <gpxtpx:atemp>302.65</gpxtpx:atemp>
          </gpxtpx:TrackPointExtension>
        </extensions>
      </trkpt>
      <trkpt lat="30.595175" lon="34.699715">
        <ele>758.3</ele>
        <time>2026-04-07T08:09:41.000Z</time>
        <extensions>
          <gpxtpx:TrackPointExtension>
            <gpxtpx:hr>140</gpxtpx:hr>
            <gpxtpx:cad>78</gpxtpx:cad>
            <gpxtpx:atemp>302.65</gpxtpx:atemp>
          </gpxtpx:TrackPointExtension>
        </extensions>
      </trkpt>
      <trkpt lat="30.595078" lon="34.699889">
        <ele>757.9</ele>
        <time>2026-04-07T08:09:53.000Z</time>
        <extensions>
          <gpxtpx:TrackPointExtension>
            <gpxtpx:hr>141</gpxtpx:hr>
            <gpxtpx:cad>78</gpxtpx:cad>
            <gpxtpx:atemp>302.65</gpxtpx:atemp>
          </gpxtpx:TrackPointExtension>
        </extensions>
      </trkpt>
      <trkpt lat="30.594962" lon="34.699969">
        <ele>757.5</ele>
        <time>2026-04-07T08:10:05.000Z</time>
        <extensions>
          <gpxtpx:TrackPointExtension>
            <gpxtpx:hr>138</gpxtpx:hr>
            <gpxtpx:cad>0</gpxtpx:cad>
            <gpxtpx:atemp>302.65</gpxtpx:atemp>
          </gpxtpx:TrackPointExtension>
        </extensions>
      </trkpt>
      <trkpt lat="30.594912" lon="34.700122">
        <ele>757.4</ele>
        <time>2026-04-07T08:10:13.000Z</time>
        <extensions>
          <gpxtpx:TrackPointExtension>
            <gpxtpx:hr>138</gpxtpx:hr>
            <gpxtpx:cad>79</gpxtpx:cad>
            <gpxtpx:atemp>301.65</gpxtpx:atemp>
          </gpxtpx:TrackPointExtension>
        </extensions>
      </trkpt>
      <trkpt lat="30.594851" lon="34.700343">
        <ele>757.0</ele>
        <time>2026-04-07T08:10:23.000Z</time>
        <extensions>
          <gpxtpx:TrackPointExtension>
            <gpxtpx:hr>137</gpxtpx:hr>
            <gpxtpx:cad>79</gpxtpx:cad>
            <gpxtpx:atemp>301.65</gpxtpx:atemp>
          </gpxtpx:TrackPointExtension>
        </extensions>
      </trkpt>
      <trkpt lat="30.594810" lon="34.700483">
        <ele>756.8</ele>
        <time>2026-04-07T08:10:29.000Z</time>
        <extensions>
          <gpxtpx:TrackPointExtension>
            <gpxtpx:hr>136</gpxtpx:hr>
            <gpxtpx:cad>80</gpxtpx:cad>
            <gpxtpx:atemp>301.65</gpxtpx:atemp>
          </gpxtpx:TrackPointExtension>
        </extensions>
      </trkpt>
      <trkpt lat="30.594710" lon="34.700759">
        <ele>756.2</ele>
        <time>2026-04-07T08:10:41.000Z</time>
        <extensions>
          <gpxtpx:TrackPointExtension>
            <gpxtpx:hr>136</gpxtpx:hr>
            <gpxtpx:cad>81</gpxtpx:cad>
            <gpxtpx:atemp>301.65</gpxtpx:atemp>
          </gpxtpx:TrackPointExtension>
        </extensions>
      </trkpt>
      <trkpt lat="30.594706" lon="34.700780">
        <ele>756.3</ele>
        <time>2026-04-07T08:10:42.000Z</time>
        <extensions>
          <gpxtpx:TrackPointExtension>
            <gpxtpx:hr>137</gpxtpx:hr>
            <gpxtpx:cad>81</gpxtpx:cad>
            <gpxtpx:atemp>301.65</gpxtpx:atemp>
          </gpxtpx:TrackPointExtension>
        </extensions>
      </trkpt>
      <trkpt lat="30.594621" lon="34.701009">
        <ele>756.8</ele>
        <time>2026-04-07T08:10:52.000Z</time>
        <extensions>
          <gpxtpx:TrackPointExtension>
            <gpxtpx:hr>136</gpxtpx:hr>
            <gpxtpx:cad>81</gpxtpx:cad>
            <gpxtpx:atemp>301.65</gpxtpx:atemp>
          </gpxtpx:TrackPointExtension>
        </extensions>
      </trkpt>
      <trkpt lat="30.594600" lon="34.701071">
        <ele>757.2</ele>
        <time>2026-04-07T08:10:55.000Z</time>
        <extensions>
          <gpxtpx:TrackPointExtension>
            <gpxtpx:hr>135</gpxtpx:hr>
            <gpxtpx:cad>82</gpxtpx:cad>
            <gpxtpx:atemp>301.65</gpxtpx:atemp>
          </gpxtpx:TrackPointExtension>
        </extensions>
      </trkpt>
      <trkpt lat="30.594540" lon="34.701228">
        <ele>758.4</ele>
        <time>2026-04-07T08:11:03.000Z</time>
        <extensions>
          <gpxtpx:TrackPointExtension>
            <gpxtpx:hr>136</gpxtpx:hr>
            <gpxtpx:cad>79</gpxtpx:cad>
            <gpxtpx:atemp>301.65</gpxtpx:atemp>
          </gpxtpx:TrackPointExtension>
        </extensions>
      </trkpt>
      <trkpt lat="30.594488" lon="34.701346">
        <ele>759.4</ele>
        <time>2026-04-07T08:11:09.000Z</time>
        <extensions>
          <gpxtpx:TrackPointExtension>
            <gpxtpx:hr>140</gpxtpx:hr>
            <gpxtpx:cad>79</gpxtpx:cad>
            <gpxtpx:atemp>301.65</gpxtpx:atemp>
          </gpxtpx:TrackPointExtension>
        </extensions>
      </trkpt>
      <trkpt lat="30.594389" lon="34.701588">
        <ele>761.3</ele>
        <time>2026-04-07T08:11:21.000Z</time>
        <extensions>
          <gpxtpx:TrackPointExtension>
            <gpxtpx:hr>145</gpxtpx:hr>
            <gpxtpx:cad>80</gpxtpx:cad>
            <gpxtpx:atemp>301.65</gpxtpx:atemp>
          </gpxtpx:TrackPointExtension>
        </extensions>
      </trkpt>
      <trkpt lat="30.594269" lon="34.701819">
        <ele>763.0</ele>
        <time>2026-04-07T08:11:33.000Z</time>
        <extensions>
          <gpxtpx:TrackPointExtension>
            <gpxtpx:hr>148</gpxtpx:hr>
            <gpxtpx:cad>80</gpxtpx:cad>
            <gpxtpx:atemp>301.65</gpxtpx:atemp>
          </gpxtpx:TrackPointExtension>
        </extensions>
      </trkpt>
      <trkpt lat="30.594254" lon="34.701854">
        <ele>763.2</ele>
        <time>2026-04-07T08:11:36.000Z</time>
        <extensions>
          <gpxtpx:TrackPointExtension>
            <gpxtpx:hr>148</gpxtpx:hr>
            <gpxtpx:cad>80</gpxtpx:cad>
            <gpxtpx:atemp>301.65</gpxtpx:atemp>
          </gpxtpx:TrackPointExtension>
        </extensions>
      </trkpt>
      <trkpt lat="30.594168" lon="34.701994">
        <ele>763.9</ele>
        <time>2026-04-07T08:11:47.000Z</time>
        <extensions>
          <gpxtpx:TrackPointExtension>
            <gpxtpx:hr>146</gpxtpx:hr>
            <gpxtpx:cad>0</gpxtpx:cad>
            <gpxtpx:atemp>301.65</gpxtpx:atemp>
          </gpxtpx:TrackPointExtension>
        </extensions>
      </trkpt>
      <trkpt lat="30.594104" lon="34.702091">
        <ele>764.3</ele>
        <time>2026-04-07T08:11:55.000Z</time>
        <extensions>
          <gpxtpx:TrackPointExtension>
            <gpxtpx:hr>145</gpxtpx:hr>
            <gpxtpx:cad>59</gpxtpx:cad>
            <gpxtpx:atemp>301.65</gpxtpx:atemp>
          </gpxtpx:TrackPointExtension>
        </extensions>
      </trkpt>
      <trkpt lat="30.594028" lon="34.702185">
        <ele>764.7</ele>
        <time>2026-04-07T08:12:04.000Z</time>
        <extensions>
          <gpxtpx:TrackPointExtension>
            <gpxtpx:hr>142</gpxtpx:hr>
            <gpxtpx:cad>0</gpxtpx:cad>
            <gpxtpx:atemp>301.65</gpxtpx:atemp>
          </gpxtpx:TrackPointExtension>
        </extensions>
      </trkpt>
      <trkpt lat="30.593993" lon="34.702248">
        <ele>765.1</ele>
        <time>2026-04-07T08:12:09.000Z</time>
        <extensions>
          <gpxtpx:TrackPointExtension>
            <gpxtpx:hr>139</gpxtpx:hr>
            <gpxtpx:cad>58</gpxtpx:cad>
            <gpxtpx:atemp>301.65</gpxtpx:atemp>
          </gpxtpx:TrackPointExtension>
        </extensions>
      </trkpt>
      <trkpt lat="30.593901" lon="34.702391">
        <ele>765.7</ele>
        <time>2026-04-07T08:12:19.000Z</time>
        <extensions>
          <gpxtpx:TrackPointExtension>
            <gpxtpx:hr>133</gpxtpx:hr>
            <gpxtpx:cad>62</gpxtpx:cad>
            <gpxtpx:atemp>301.65</gpxtpx:atemp>
          </gpxtpx:TrackPointExtension>
        </extensions>
      </trkpt>
      <trkpt lat="30.593793" lon="34.702614">
        <ele>766.1</ele>
        <time>2026-04-07T08:12:30.000Z</time>
        <extensions>
          <gpxtpx:TrackPointExtension>
            <gpxtpx:hr>132</gpxtpx:hr>
            <gpxtpx:cad>81</gpxtpx:cad>
            <gpxtpx:atemp>301.65</gpxtpx:atemp>
          </gpxtpx:TrackPointExtension>
        </extensions>
      </trkpt>
      <trkpt lat="30.593778" lon="34.702658">
        <ele>766.2</ele>
        <time>2026-04-07T08:12:32.000Z</time>
        <extensions>
          <gpxtpx:TrackPointExtension>
            <gpxtpx:hr>132</gpxtpx:hr>
            <gpxtpx:cad>81</gpxtpx:cad>
            <gpxtpx:atemp>301.65</gpxtpx:atemp>
          </gpxtpx:TrackPointExtension>
        </extensions>
      </trkpt>
      <trkpt lat="30.593701" lon="34.702859">
        <ele>766.6</ele>
        <time>2026-04-07T08:12:41.000Z</time>
        <extensions>
          <gpxtpx:TrackPointExtension>
            <gpxtpx:hr>132</gpxtpx:hr>
            <gpxtpx:cad>82</gpxtpx:cad>
            <gpxtpx:atemp>301.65</gpxtpx:atemp>
          </gpxtpx:TrackPointExtension>
        </extensions>
      </trkpt>
      <trkpt lat="30.593650" lon="34.703037">
        <ele>767.4</ele>
        <time>2026-04-07T08:12:49.000Z</time>
        <extensions>
          <gpxtpx:TrackPointExtension>
            <gpxtpx:hr>137</gpxtpx:hr>
            <gpxtpx:cad>81</gpxtpx:cad>
            <gpxtpx:atemp>301.65</gpxtpx:atemp>
          </gpxtpx:TrackPointExtension>
        </extensions>
      </trkpt>
      <trkpt lat="30.593597" lon="34.703278">
        <ele>768.5</ele>
        <time>2026-04-07T08:13:00.000Z</time>
        <extensions>
          <gpxtpx:TrackPointExtension>
            <gpxtpx:hr>138</gpxtpx:hr>
            <gpxtpx:cad>81</gpxtpx:cad>
            <gpxtpx:atemp>301.65</gpxtpx:atemp>
          </gpxtpx:TrackPointExtension>
        </extensions>
      </trkpt>
      <trkpt lat="30.593561" lon="34.703413">
        <ele>769.2</ele>
        <time>2026-04-07T08:13:06.000Z</time>
        <extensions>
          <gpxtpx:TrackPointExtension>
            <gpxtpx:hr>138</gpxtpx:hr>
            <gpxtpx:cad>81</gpxtpx:cad>
            <gpxtpx:atemp>301.65</gpxtpx:atemp>
          </gpxtpx:TrackPointExtension>
        </extensions>
      </trkpt>
      <trkpt lat="30.593560" lon="34.703433">
        <ele>769.3</ele>
        <time>2026-04-07T08:13:07.000Z</time>
        <extensions>
          <gpxtpx:TrackPointExtension>
            <gpxtpx:hr>139</gpxtpx:hr>
            <gpxtpx:cad>81</gpxtpx:cad>
            <gpxtpx:atemp>301.65</gpxtpx:atemp>
          </gpxtpx:TrackPointExtension>
        </extensions>
      </trkpt>
      <trkpt lat="30.593509" lon="34.703636">
        <ele>770.4</ele>
        <time>2026-04-07T08:13:16.000Z</time>
        <extensions>
          <gpxtpx:TrackPointExtension>
            <gpxtpx:hr>139</gpxtpx:hr>
            <gpxtpx:cad>82</gpxtpx:cad>
            <gpxtpx:atemp>301.65</gpxtpx:atemp>
          </gpxtpx:TrackPointExtension>
        </extensions>
      </trkpt>
      <trkpt lat="30.593479" lon="34.703746">
        <ele>771.0</ele>
        <time>2026-04-07T08:13:21.000Z</time>
        <extensions>
          <gpxtpx:TrackPointExtension>
            <gpxtpx:hr>139</gpxtpx:hr>
            <gpxtpx:cad>82</gpxtpx:cad>
            <gpxtpx:atemp>301.65</gpxtpx:atemp>
          </gpxtpx:TrackPointExtension>
        </extensions>
      </trkpt>
      <trkpt lat="30.593421" lon="34.704020">
        <ele>772.6</ele>
        <time>2026-04-07T08:13:33.000Z</time>
        <extensions>
          <gpxtpx:TrackPointExtension>
            <gpxtpx:hr>143</gpxtpx:hr>
            <gpxtpx:cad>81</gpxtpx:cad>
            <gpxtpx:atemp>301.65</gpxtpx:atemp>
          </gpxtpx:TrackPointExtension>
        </extensions>
      </trkpt>
      <trkpt lat="30.593382" lon="34.704167">
        <ele>773.5</ele>
        <time>2026-04-07T08:13:40.000Z</time>
        <extensions>
          <gpxtpx:TrackPointExtension>
            <gpxtpx:hr>143</gpxtpx:hr>
            <gpxtpx:cad>81</gpxtpx:cad>
            <gpxtpx:atemp>301.65</gpxtpx:atemp>
          </gpxtpx:TrackPointExtension>
        </extensions>
      </trkpt>
      <trkpt lat="30.593354" lon="34.704271">
        <ele>774.3</ele>
        <time>2026-04-07T08:13:46.000Z</time>
        <extensions>
          <gpxtpx:TrackPointExtension>
            <gpxtpx:hr>144</gpxtpx:hr>
            <gpxtpx:cad>79</gpxtpx:cad>
            <gpxtpx:atemp>301.65</gpxtpx:atemp>
          </gpxtpx:TrackPointExtension>
        </extensions>
      </trkpt>
      <trkpt lat="30.593319" lon="34.704439">
        <ele>775.6</ele>
        <time>2026-04-07T08:13:58.000Z</time>
        <extensions>
          <gpxtpx:TrackPointExtension>
            <gpxtpx:hr>142</gpxtpx:hr>
            <gpxtpx:cad>58</gpxtpx:cad>
            <gpxtpx:atemp>301.65</gpxtpx:atemp>
          </gpxtpx:TrackPointExtension>
        </extensions>
      </trkpt>
      <trkpt lat="30.593305" lon="34.704558">
        <ele>776.6</ele>
        <time>2026-04-07T08:14:06.000Z</time>
        <extensions>
          <gpxtpx:TrackPointExtension>
            <gpxtpx:hr>140</gpxtpx:hr>
            <gpxtpx:cad>58</gpxtpx:cad>
            <gpxtpx:atemp>301.65</gpxtpx:atemp>
          </gpxtpx:TrackPointExtension>
        </extensions>
      </trkpt>
      <trkpt lat="30.593268" lon="34.704676">
        <ele>777.5</ele>
        <time>2026-04-07T08:14:14.000Z</time>
        <extensions>
          <gpxtpx:TrackPointExtension>
            <gpxtpx:hr>139</gpxtpx:hr>
            <gpxtpx:cad>60</gpxtpx:cad>
            <gpxtpx:atemp>301.65</gpxtpx:atemp>
          </gpxtpx:TrackPointExtension>
        </extensions>
      </trkpt>
      <trkpt lat="30.593212" lon="34.704901">
        <ele>779.5</ele>
        <time>2026-04-07T08:14:29.000Z</time>
        <extensions>
          <gpxtpx:TrackPointExtension>
            <gpxtpx:hr>134</gpxtpx:hr>
            <gpxtpx:cad>58</gpxtpx:cad>
            <gpxtpx:atemp>301.65</gpxtpx:atemp>
          </gpxtpx:TrackPointExtension>
        </extensions>
      </trkpt>
      <trkpt lat="30.593184" lon="34.705064">
        <ele>781.2</ele>
        <time>2026-04-07T08:14:40.000Z</time>
        <extensions>
          <gpxtpx:TrackPointExtension>
            <gpxtpx:hr>127</gpxtpx:hr>
            <gpxtpx:cad>58</gpxtpx:cad>
            <gpxtpx:atemp>301.65</gpxtpx:atemp>
          </gpxtpx:TrackPointExtension>
        </extensions>
      </trkpt>
      <trkpt lat="30.593126" lon="34.705285">
        <ele>782.8</ele>
        <time>2026-04-07T08:14:50.000Z</time>
        <extensions>
          <gpxtpx:TrackPointExtension>
            <gpxtpx:hr>125</gpxtpx:hr>
            <gpxtpx:cad>80</gpxtpx:cad>
            <gpxtpx:atemp>301.65</gpxtpx:atemp>
          </gpxtpx:TrackPointExtension>
        </extensions>
      </trkpt>
      <trkpt lat="30.593079" lon="34.705504">
        <ele>784.1</ele>
        <time>2026-04-07T08:15:00.000Z</time>
        <extensions>
          <gpxtpx:TrackPointExtension>
            <gpxtpx:hr>126</gpxtpx:hr>
            <gpxtpx:cad>81</gpxtpx:cad>
            <gpxtpx:atemp>302.65</gpxtpx:atemp>
          </gpxtpx:TrackPointExtension>
        </extensions>
      </trkpt>
      <trkpt lat="30.593052" lon="34.705672">
        <ele>784.9</ele>
        <time>2026-04-07T08:15:07.000Z</time>
        <extensions>
          <gpxtpx:TrackPointExtension>
            <gpxtpx:hr>129</gpxtpx:hr>
            <gpxtpx:cad>81</gpxtpx:cad>
            <gpxtpx:atemp>302.65</gpxtpx:atemp>
          </gpxtpx:TrackPointExtension>
        </extensions>
      </trkpt>
      <trkpt lat="30.593042" lon="34.705938">
        <ele>785.8</ele>
        <time>2026-04-07T08:15:18.000Z</time>
        <extensions>
          <gpxtpx:TrackPointExtension>
            <gpxtpx:hr>131</gpxtpx:hr>
            <gpxtpx:cad>81</gpxtpx:cad>
            <gpxtpx:atemp>302.65</gpxtpx:atemp>
          </gpxtpx:TrackPointExtension>
        </extensions>
      </trkpt>
      <trkpt lat="30.593027" lon="34.706071">
        <ele>786.4</ele>
        <time>2026-04-07T08:15:24.000Z</time>
        <extensions>
          <gpxtpx:TrackPointExtension>
            <gpxtpx:hr>132</gpxtpx:hr>
            <gpxtpx:cad>81</gpxtpx:cad>
            <gpxtpx:atemp>302.65</gpxtpx:atemp>
          </gpxtpx:TrackPointExtension>
        </extensions>
      </trkpt>
      <trkpt lat="30.593005" lon="34.706377">
        <ele>787.8</ele>
        <time>2026-04-07T08:15:37.000Z</time>
        <extensions>
          <gpxtpx:TrackPointExtension>
            <gpxtpx:hr>137</gpxtpx:hr>
            <gpxtpx:cad>82</gpxtpx:cad>
            <gpxtpx:atemp>302.65</gpxtpx:atemp>
          </gpxtpx:TrackPointExtension>
        </extensions>
      </trkpt>
      <trkpt lat="30.592994" lon="34.706448">
        <ele>788.0</ele>
        <time>2026-04-07T08:15:40.000Z</time>
        <extensions>
          <gpxtpx:TrackPointExtension>
            <gpxtpx:hr>138</gpxtpx:hr>
            <gpxtpx:cad>81</gpxtpx:cad>
            <gpxtpx:atemp>302.65</gpxtpx:atemp>
          </gpxtpx:TrackPointExtension>
        </extensions>
      </trkpt>
      <trkpt lat="30.592976" lon="34.706773">
        <ele>789.3</ele>
        <time>2026-04-07T08:15:54.000Z</time>
        <extensions>
          <gpxtpx:TrackPointExtension>
            <gpxtpx:hr>142</gpxtpx:hr>
            <gpxtpx:cad>82</gpxtpx:cad>
            <gpxtpx:atemp>302.65</gpxtpx:atemp>
          </gpxtpx:TrackPointExtension>
        </extensions>
      </trkpt>
      <trkpt lat="30.592978" lon="34.706820">
        <ele>789.5</ele>
        <time>2026-04-07T08:15:56.000Z</time>
        <extensions>
          <gpxtpx:TrackPointExtension>
            <gpxtpx:hr>142</gpxtpx:hr>
            <gpxtpx:cad>81</gpxtpx:cad>
            <gpxtpx:atemp>302.65</gpxtpx:atemp>
          </gpxtpx:TrackPointExtension>
        </extensions>
      </trkpt>
      <trkpt lat="30.592962" lon="34.707024">
        <ele>790.1</ele>
        <time>2026-04-07T08:16:05.000Z</time>
        <extensions>
          <gpxtpx:TrackPointExtension>
            <gpxtpx:hr>144</gpxtpx:hr>
            <gpxtpx:cad>81</gpxtpx:cad>
            <gpxtpx:atemp>302.65</gpxtpx:atemp>
          </gpxtpx:TrackPointExtension>
        </extensions>
      </trkpt>
      <trkpt lat="30.592958" lon="34.707046">
        <ele>790.2</ele>
        <time>2026-04-07T08:16:06.000Z</time>
        <extensions>
          <gpxtpx:TrackPointExtension>
            <gpxtpx:hr>145</gpxtpx:hr>
            <gpxtpx:cad>81</gpxtpx:cad>
            <gpxtpx:atemp>302.65</gpxtpx:atemp>
          </gpxtpx:TrackPointExtension>
        </extensions>
      </trkpt>
      <trkpt lat="30.592956" lon="34.707304">
        <ele>791.1</ele>
        <time>2026-04-07T08:16:17.000Z</time>
        <extensions>
          <gpxtpx:TrackPointExtension>
            <gpxtpx:hr>145</gpxtpx:hr>
            <gpxtpx:cad>80</gpxtpx:cad>
            <gpxtpx:atemp>302.65</gpxtpx:atemp>
          </gpxtpx:TrackPointExtension>
        </extensions>
      </trkpt>
      <trkpt lat="30.592943" lon="34.707512">
        <ele>792.3</ele>
        <time>2026-04-07T08:16:26.000Z</time>
        <extensions>
          <gpxtpx:TrackPointExtension>
            <gpxtpx:hr>146</gpxtpx:hr>
            <gpxtpx:cad>80</gpxtpx:cad>
            <gpxtpx:atemp>302.65</gpxtpx:atemp>
          </gpxtpx:TrackPointExtension>
        </extensions>
      </trkpt>
      <trkpt lat="30.592947" lon="34.707648">
        <ele>793.3</ele>
        <time>2026-04-07T08:16:32.000Z</time>
        <extensions>
          <gpxtpx:TrackPointExtension>
            <gpxtpx:hr>147</gpxtpx:hr>
            <gpxtpx:cad>81</gpxtpx:cad>
            <gpxtpx:atemp>302.65</gpxtpx:atemp>
          </gpxtpx:TrackPointExtension>
        </extensions>
      </trkpt>
      <trkpt lat="30.592969" lon="34.707902">
        <ele>794.3</ele>
        <time>2026-04-07T08:16:43.000Z</time>
        <extensions>
          <gpxtpx:TrackPointExtension>
            <gpxtpx:hr>148</gpxtpx:hr>
            <gpxtpx:cad>80</gpxtpx:cad>
            <gpxtpx:atemp>302.65</gpxtpx:atemp>
          </gpxtpx:TrackPointExtension>
        </extensions>
      </trkpt>
      <trkpt lat="30.592997" lon="34.708061">
        <ele>795.1</ele>
        <time>2026-04-07T08:16:50.000Z</time>
        <extensions>
          <gpxtpx:TrackPointExtension>
            <gpxtpx:hr>149</gpxtpx:hr>
            <gpxtpx:cad>81</gpxtpx:cad>
            <gpxtpx:atemp>302.65</gpxtpx:atemp>
          </gpxtpx:TrackPointExtension>
        </extensions>
      </trkpt>
      <trkpt lat="30.592998" lon="34.708090">
        <ele>795.2</ele>
        <time>2026-04-07T08:16:51.000Z</time>
        <extensions>
          <gpxtpx:TrackPointExtension>
            <gpxtpx:hr>149</gpxtpx:hr>
            <gpxtpx:cad>81</gpxtpx:cad>
            <gpxtpx:atemp>302.65</gpxtpx:atemp>
          </gpxtpx:TrackPointExtension>
        </extensions>
      </trkpt>
      <trkpt lat="30.593046" lon="34.708303">
        <ele>796.3</ele>
        <time>2026-04-07T08:17:01.000Z</time>
        <extensions>
          <gpxtpx:TrackPointExtension>
            <gpxtpx:hr>150</gpxtpx:hr>
            <gpxtpx:cad>80</gpxtpx:cad>
            <gpxtpx:atemp>302.65</gpxtpx:atemp>
          </gpxtpx:TrackPointExtension>
        </extensions>
      </trkpt>
      <trkpt lat="30.593088" lon="34.708470">
        <ele>797.2</ele>
        <time>2026-04-07T08:17:08.000Z</time>
        <extensions>
          <gpxtpx:TrackPointExtension>
            <gpxtpx:hr>151</gpxtpx:hr>
            <gpxtpx:cad>82</gpxtpx:cad>
            <gpxtpx:atemp>302.65</gpxtpx:atemp>
          </gpxtpx:TrackPointExtension>
        </extensions>
      </trkpt>
      <trkpt lat="30.593078" lon="34.708536">
        <ele>797.3</ele>
        <time>2026-04-07T08:17:11.000Z</time>
        <extensions>
          <gpxtpx:TrackPointExtension>
            <gpxtpx:hr>151</gpxtpx:hr>
            <gpxtpx:cad>80</gpxtpx:cad>
            <gpxtpx:atemp>302.65</gpxtpx:atemp>
          </gpxtpx:TrackPointExtension>
        </extensions>
      </trkpt>
      <trkpt lat="30.593081" lon="34.708624">
        <ele>797.4</ele>
        <time>2026-04-07T08:17:15.000Z</time>
        <extensions>
          <gpxtpx:TrackPointExtension>
            <gpxtpx:hr>152</gpxtpx:hr>
            <gpxtpx:cad>80</gpxtpx:cad>
            <gpxtpx:atemp>302.65</gpxtpx:atemp>
          </gpxtpx:TrackPointExtension>
        </extensions>
      </trkpt>
      <trkpt lat="30.593132" lon="34.708808">
        <ele>797.8</ele>
        <time>2026-04-07T08:17:25.000Z</time>
        <extensions>
          <gpxtpx:TrackPointExtension>
            <gpxtpx:hr>152</gpxtpx:hr>
            <gpxtpx:cad>79</gpxtpx:cad>
            <gpxtpx:atemp>302.65</gpxtpx:atemp>
          </gpxtpx:TrackPointExtension>
        </extensions>
      </trkpt>
    </trkseg>
  </trk>
</gpx>
