<?xml version="1.0" encoding="UTF-8" standalone="no" ?>
<gpx creator="CompeGPS" version="1.1" xsi:schemaLocation="http://www.topografix.com/GPX/1/1 http://www.topografix.com/GPX/1/1/gpx.xsd http://www.garmin.com/xmlschemas/WaypointExtension/v1 http://www8.garmin.com/xmlschemas/WaypointExtensionv1.xsd http://www.garmin.com/xmlschemas/TrackPointExtension/v1 http://www.garmin.com/xmlschemas/TrackPointExtensionv1.xsd http://www.garmin.com/xmlschemas/GpxExtensions/v3 http://www8.garmin.com/xmlschemas/GpxExtensionsv3.xsd http://www.garmin.com/xmlschemas/ActivityExtension/v1 http://www8.garmin.com/xmlschemas/ActivityExtensionv1.xsd http://www.garmin.com/xmlschemas/AdventuresExtensions/v1 http://www8.garmin.com/xmlschemas/AdventuresExtensionv1.xsd http://www.garmin.com/xmlschemas/PressureExtension/v1 http://www.garmin.com/xmlschemas/PressureExtensionv1.xsd http://www.garmin.com/xmlschemas/TripExtensions/v1 http://www.garmin.com/xmlschemas/TripExtensionsv1.xsd http://www.garmin.com/xmlschemas/TripMetaDataExtensions/v1 http://www.garmin.com/xmlschemas/TripMetaDataExtensionsv1.xsd http://www.garmin.com/xmlschemas/ViaPointTransportationModeExtensions/v1 http://www.garmin.com/xmlschemas/ViaPointTransportationModeExtensionsv1.xsd http://www.garmin.com/xmlschemas/CreationTimeExtension/v1 http://www.garmin.com/xmlschemas/CreationTimeExtensionsv1.xsd http://www.garmin.com/xmlschemas/AccelerationExtension/v1 http://www.garmin.com/xmlschemas/AccelerationExtensionv1.xsd http://www.garmin.com/xmlschemas/PowerExtension/v1 http://www.garmin.com/xmlschemas/PowerExtensionv1.xsd http://www.garmin.com/xmlschemas/VideoExtension/v1 http://www.garmin.com/xmlschemas/VideoExtensionv1.xsd" xmlns="http://www.topografix.com/GPX/1/1" xmlns:xsi="http://www.w3.org/2001/XMLSchema-instance" xmlns:wptx1="http://www.garmin.com/xmlschemas/WaypointExtension/v1" xmlns:gpxtrx="http://www.garmin.com/xmlschemas/GpxExtensions/v3" xmlns:gpxtpx="http://www.garmin.com/xmlschemas/TrackPointExtension/v1" xmlns:gpxx="http://www.garmin.com/xmlschemas/GpxExtensions/v3" xmlns:trp="http://www.garmin.com/xmlschemas/TripExtensions/v1" xmlns:adv="http://www.garmin.com/xmlschemas/AdventuresExtensions/v1" xmlns:prs="http://www.garmin.com/xmlschemas/PressureExtension/v1" xmlns:tmd="http://www.garmin.com/xmlschemas/TripMetaDataExtensions/v1" xmlns:vptm="http://www.garmin.com/xmlschemas/ViaPointTransportationModeExtensions/v1" xmlns:ctx="http://www.garmin.com/xmlschemas/CreationTimeExtension/v1" xmlns:gpxacc="http://www.garmin.com/xmlschemas/AccelerationExtension/v1" xmlns:gpxpx="http://www.garmin.com/xmlschemas/PowerExtension/v1" xmlns:vidx1="http://www.garmin.com/xmlschemas/VideoExtension/v1" xmlns:twonav="http://twonav.com/twonav">
  <metadata>
    <author>
      <email id="" domain=""/>
    </author>
    <copyright author="">
      <license></license>
    </copyright>
    <link href="http://www.compegps.com">
      <text>CompeGPS TEAM, SL</text>
    </link>
    <time>2026-03-31T09:12:43.905Z</time>
    <bounds maxlat="30.547441" maxlon="35.007248" minlat="30.499953" minlon="34.939276"/>
  </metadata>
  <trk>
    <name>hadav24</name>
    <extensions>
      <line xmlns="http://www.topografix.com/GPX/gpx_style/0/2">
        <width>4</width>
      </line>
      <gpxx:TrackExtension>
        <gpxx:DisplayColor>DarkYellow</gpxx:DisplayColor>
      </gpxx:TrackExtension>
      <twonav:TwoNavExtension>
        <twonav:activity>4</twonav:activity>
        <twonav:terrain>0</twonav:terrain>
      </twonav:TwoNavExtension>
    </extensions>
    <trkseg>
      <trkpt lat="30.516873" lon="34.941321">
        <ele>625.0</ele>
        <time>2026-03-31T04:32:31.000Z</time>
        <extensions>
          <gpxtpx:TrackPointExtension>
            <gpxtpx:hr>137</gpxtpx:hr>
            <gpxtpx:cad>79</gpxtpx:cad>
            <gpxtpx:atemp>303.15</gpxtpx:atemp>
          </gpxtpx:TrackPointExtension>
        </extensions>
      </trkpt>
      <trkpt lat="30.516919" lon="34.941482">
        <ele>628.2</ele>
        <time>2026-03-31T04:32:39.000Z</time>
        <extensions>
          <gpxtpx:TrackPointExtension>
            <gpxtpx:hr>138</gpxtpx:hr>
            <gpxtpx:cad>78</gpxtpx:cad>
            <gpxtpx:atemp>303.15</gpxtpx:atemp>
          </gpxtpx:TrackPointExtension>
        </extensions>
      </trkpt>
      <trkpt lat="30.516961" lon="34.941552">
        <ele>629.1</ele>
        <time>2026-03-31T04:32:43.000Z</time>
        <extensions>
          <gpxtpx:TrackPointExtension>
            <gpxtpx:hr>139</gpxtpx:hr>
            <gpxtpx:cad>79</gpxtpx:cad>
            <gpxtpx:atemp>303.15</gpxtpx:atemp>
          </gpxtpx:TrackPointExtension>
        </extensions>
      </trkpt>
      <trkpt lat="30.517000" lon="34.941595">
        <ele>629.2</ele>
        <time>2026-03-31T04:32:46.000Z</time>
        <extensions>
          <gpxtpx:TrackPointExtension>
            <gpxtpx:hr>139</gpxtpx:hr>
            <gpxtpx:cad>80</gpxtpx:cad>
            <gpxtpx:atemp>303.15</gpxtpx:atemp>
          </gpxtpx:TrackPointExtension>
        </extensions>
      </trkpt>
      <trkpt lat="30.517122" lon="34.941702">
        <ele>629.7</ele>
        <time>2026-03-31T04:32:54.000Z</time>
        <extensions>
          <gpxtpx:TrackPointExtension>
            <gpxtpx:hr>140</gpxtpx:hr>
            <gpxtpx:cad>79</gpxtpx:cad>
            <gpxtpx:atemp>303.15</gpxtpx:atemp>
          </gpxtpx:TrackPointExtension>
        </extensions>
      </trkpt>
      <trkpt lat="30.517258" lon="34.941785">
        <ele>630.1</ele>
        <time>2026-03-31T04:33:02.000Z</time>
        <extensions>
          <gpxtpx:TrackPointExtension>
            <gpxtpx:hr>141</gpxtpx:hr>
            <gpxtpx:cad>80</gpxtpx:cad>
            <gpxtpx:atemp>304.15</gpxtpx:atemp>
          </gpxtpx:TrackPointExtension>
        </extensions>
      </trkpt>
      <trkpt lat="30.517434" lon="34.941866">
        <ele>629.5</ele>
        <time>2026-03-31T04:33:12.000Z</time>
        <extensions>
          <gpxtpx:TrackPointExtension>
            <gpxtpx:hr>139</gpxtpx:hr>
            <gpxtpx:cad>80</gpxtpx:cad>
            <gpxtpx:atemp>304.15</gpxtpx:atemp>
          </gpxtpx:TrackPointExtension>
        </extensions>
      </trkpt>
      <trkpt lat="30.517496" lon="34.941905">
        <ele>629.2</ele>
        <time>2026-03-31T04:33:16.000Z</time>
        <extensions>
          <gpxtpx:TrackPointExtension>
            <gpxtpx:hr>139</gpxtpx:hr>
            <gpxtpx:cad>79</gpxtpx:cad>
            <gpxtpx:atemp>304.15</gpxtpx:atemp>
          </gpxtpx:TrackPointExtension>
        </extensions>
      </trkpt>
      <trkpt lat="30.517581" lon="34.941976">
        <ele>628.9</ele>
        <time>2026-03-31T04:33:22.000Z</time>
        <extensions>
          <gpxtpx:TrackPointExtension>
            <gpxtpx:hr>139</gpxtpx:hr>
            <gpxtpx:cad>79</gpxtpx:cad>
            <gpxtpx:atemp>304.15</gpxtpx:atemp>
          </gpxtpx:TrackPointExtension>
        </extensions>
      </trkpt>
      <trkpt lat="30.517694" lon="34.942044">
        <ele>628.8</ele>
        <time>2026-03-31T04:33:29.000Z</time>
        <extensions>
          <gpxtpx:TrackPointExtension>
            <gpxtpx:hr>137</gpxtpx:hr>
            <gpxtpx:cad>79</gpxtpx:cad>
            <gpxtpx:atemp>304.15</gpxtpx:atemp>
          </gpxtpx:TrackPointExtension>
        </extensions>
      </trkpt>
      <trkpt lat="30.517847" lon="34.942121">
        <ele>628.9</ele>
        <time>2026-03-31T04:33:38.000Z</time>
        <extensions>
          <gpxtpx:TrackPointExtension>
            <gpxtpx:hr>145</gpxtpx:hr>
            <gpxtpx:cad>78</gpxtpx:cad>
            <gpxtpx:atemp>305.15</gpxtpx:atemp>
          </gpxtpx:TrackPointExtension>
        </extensions>
      </trkpt>
      <trkpt lat="30.518051" lon="34.942253">
        <ele>628.7</ele>
        <time>2026-03-31T04:33:51.000Z</time>
        <extensions>
          <gpxtpx:TrackPointExtension>
            <gpxtpx:hr>142</gpxtpx:hr>
            <gpxtpx:cad>0</gpxtpx:cad>
            <gpxtpx:atemp>305.15</gpxtpx:atemp>
          </gpxtpx:TrackPointExtension>
        </extensions>
      </trkpt>
      <trkpt lat="30.518171" lon="34.942362">
        <ele>628.9</ele>
        <time>2026-03-31T04:34:05.000Z</time>
        <extensions>
          <gpxtpx:TrackPointExtension>
            <gpxtpx:hr>143</gpxtpx:hr>
            <gpxtpx:cad>0</gpxtpx:cad>
            <gpxtpx:atemp>305.15</gpxtpx:atemp>
          </gpxtpx:TrackPointExtension>
        </extensions>
      </trkpt>
      <trkpt lat="30.518195" lon="34.942411">
        <ele>628.8</ele>
        <time>2026-03-31T04:34:10.000Z</time>
        <extensions>
          <gpxtpx:TrackPointExtension>
            <gpxtpx:hr>145</gpxtpx:hr>
            <gpxtpx:cad>0</gpxtpx:cad>
            <gpxtpx:atemp>305.15</gpxtpx:atemp>
          </gpxtpx:TrackPointExtension>
        </extensions>
      </trkpt>
      <trkpt lat="30.518244" lon="34.942464">
        <ele>628.8</ele>
        <time>2026-03-31T04:34:16.000Z</time>
        <extensions>
          <gpxtpx:TrackPointExtension>
            <gpxtpx:hr>147</gpxtpx:hr>
            <gpxtpx:cad>0</gpxtpx:cad>
            <gpxtpx:atemp>305.15</gpxtpx:atemp>
          </gpxtpx:TrackPointExtension>
        </extensions>
      </trkpt>
      <trkpt lat="30.518233" lon="34.942543">
        <ele>628.5</ele>
        <time>2026-03-31T04:34:25.000Z</time>
        <extensions>
          <gpxtpx:TrackPointExtension>
            <gpxtpx:hr>154</gpxtpx:hr>
            <gpxtpx:cad>55</gpxtpx:cad>
            <gpxtpx:atemp>305.15</gpxtpx:atemp>
          </gpxtpx:TrackPointExtension>
        </extensions>
      </trkpt>
      <trkpt lat="30.518124" lon="34.942633">
        <ele>627.8</ele>
        <time>2026-03-31T04:34:38.000Z</time>
        <extensions>
          <gpxtpx:TrackPointExtension>
            <gpxtpx:hr>155</gpxtpx:hr>
            <gpxtpx:cad>52</gpxtpx:cad>
            <gpxtpx:atemp>305.15</gpxtpx:atemp>
          </gpxtpx:TrackPointExtension>
        </extensions>
      </trkpt>
      <trkpt lat="30.518055" lon="34.942654">
        <ele>627.4</ele>
        <time>2026-03-31T04:34:45.000Z</time>
        <extensions>
          <gpxtpx:TrackPointExtension>
            <gpxtpx:hr>155</gpxtpx:hr>
            <gpxtpx:cad>47</gpxtpx:cad>
            <gpxtpx:atemp>305.15</gpxtpx:atemp>
          </gpxtpx:TrackPointExtension>
        </extensions>
      </trkpt>
      <trkpt lat="30.518016" lon="34.942688">
        <ele>627.1</ele>
        <time>2026-03-31T04:34:51.000Z</time>
        <extensions>
          <gpxtpx:TrackPointExtension>
            <gpxtpx:hr>158</gpxtpx:hr>
            <gpxtpx:cad>49</gpxtpx:cad>
            <gpxtpx:atemp>305.15</gpxtpx:atemp>
          </gpxtpx:TrackPointExtension>
        </extensions>
      </trkpt>
      <trkpt lat="30.517962" lon="34.942706">
        <ele>626.7</ele>
        <time>2026-03-31T04:34:58.000Z</time>
        <extensions>
          <gpxtpx:TrackPointExtension>
            <gpxtpx:hr>158</gpxtpx:hr>
            <gpxtpx:cad>0</gpxtpx:cad>
            <gpxtpx:atemp>305.15</gpxtpx:atemp>
          </gpxtpx:TrackPointExtension>
        </extensions>
      </trkpt>
      <trkpt lat="30.517877" lon="34.942802">
        <ele>625.8</ele>
        <time>2026-03-31T04:35:11.000Z</time>
        <extensions>
          <gpxtpx:TrackPointExtension>
            <gpxtpx:hr>152</gpxtpx:hr>
            <gpxtpx:cad>0</gpxtpx:cad>
            <gpxtpx:atemp>305.15</gpxtpx:atemp>
          </gpxtpx:TrackPointExtension>
        </extensions>
      </trkpt>
      <trkpt lat="30.517835" lon="34.942862">
        <ele>625.3</ele>
        <time>2026-03-31T04:35:19.000Z</time>
        <extensions>
          <gpxtpx:TrackPointExtension>
            <gpxtpx:hr>152</gpxtpx:hr>
            <gpxtpx:cad>0</gpxtpx:cad>
            <gpxtpx:atemp>305.15</gpxtpx:atemp>
          </gpxtpx:TrackPointExtension>
        </extensions>
      </trkpt>
      <trkpt lat="30.517686" lon="34.942927">
        <ele>624.9</ele>
        <time>2026-03-31T04:35:37.000Z</time>
        <extensions>
          <gpxtpx:TrackPointExtension>
            <gpxtpx:hr>148</gpxtpx:hr>
            <gpxtpx:cad>0</gpxtpx:cad>
            <gpxtpx:atemp>305.15</gpxtpx:atemp>
          </gpxtpx:TrackPointExtension>
        </extensions>
      </trkpt>
      <trkpt lat="30.517636" lon="34.942956">
        <ele>624.7</ele>
        <time>2026-03-31T04:35:43.000Z</time>
        <extensions>
          <gpxtpx:TrackPointExtension>
            <gpxtpx:hr>147</gpxtpx:hr>
            <gpxtpx:cad>0</gpxtpx:cad>
            <gpxtpx:atemp>305.15</gpxtpx:atemp>
          </gpxtpx:TrackPointExtension>
        </extensions>
      </trkpt>
      <trkpt lat="30.517611" lon="34.942956">
        <ele>624.6</ele>
        <time>2026-03-31T04:35:45.000Z</time>
        <extensions>
          <gpxtpx:TrackPointExtension>
            <gpxtpx:hr>147</gpxtpx:hr>
            <gpxtpx:cad>0</gpxtpx:cad>
            <gpxtpx:atemp>305.15</gpxtpx:atemp>
          </gpxtpx:TrackPointExtension>
        </extensions>
      </trkpt>
      <trkpt lat="30.517550" lon="34.943002">
        <ele>624.1</ele>
        <time>2026-03-31T04:35:54.000Z</time>
        <extensions>
          <gpxtpx:TrackPointExtension>
            <gpxtpx:hr>143</gpxtpx:hr>
            <gpxtpx:cad>77</gpxtpx:cad>
            <gpxtpx:atemp>305.15</gpxtpx:atemp>
          </gpxtpx:TrackPointExtension>
        </extensions>
      </trkpt>
      <trkpt lat="30.517486" lon="34.943033">
        <ele>623.6</ele>
        <time>2026-03-31T04:36:03.000Z</time>
        <extensions>
          <gpxtpx:TrackPointExtension>
            <gpxtpx:hr>144</gpxtpx:hr>
            <gpxtpx:cad>0</gpxtpx:cad>
            <gpxtpx:atemp>305.15</gpxtpx:atemp>
          </gpxtpx:TrackPointExtension>
        </extensions>
      </trkpt>
      <trkpt lat="30.517441" lon="34.943072">
        <ele>623.2</ele>
        <time>2026-03-31T04:36:08.000Z</time>
        <extensions>
          <gpxtpx:TrackPointExtension>
            <gpxtpx:hr>143</gpxtpx:hr>
            <gpxtpx:cad>0</gpxtpx:cad>
            <gpxtpx:atemp>305.15</gpxtpx:atemp>
          </gpxtpx:TrackPointExtension>
        </extensions>
      </trkpt>
      <trkpt lat="30.517389" lon="34.943071">
        <ele>623.0</ele>
        <time>2026-03-31T04:36:14.000Z</time>
        <extensions>
          <gpxtpx:TrackPointExtension>
            <gpxtpx:hr>140</gpxtpx:hr>
            <gpxtpx:cad>0</gpxtpx:cad>
            <gpxtpx:atemp>305.15</gpxtpx:atemp>
          </gpxtpx:TrackPointExtension>
        </extensions>
      </trkpt>
      <trkpt lat="30.517257" lon="34.943126">
        <ele>622.4</ele>
        <time>2026-03-31T04:36:30.000Z</time>
        <extensions>
          <gpxtpx:TrackPointExtension>
            <gpxtpx:hr>146</gpxtpx:hr>
            <gpxtpx:cad>56</gpxtpx:cad>
            <gpxtpx:atemp>305.15</gpxtpx:atemp>
          </gpxtpx:TrackPointExtension>
        </extensions>
      </trkpt>
      <trkpt lat="30.517094" lon="34.943142">
        <ele>622.2</ele>
        <time>2026-03-31T04:36:45.000Z</time>
        <extensions>
          <gpxtpx:TrackPointExtension>
            <gpxtpx:hr>148</gpxtpx:hr>
            <gpxtpx:cad>52</gpxtpx:cad>
            <gpxtpx:atemp>305.15</gpxtpx:atemp>
          </gpxtpx:TrackPointExtension>
        </extensions>
      </trkpt>
      <trkpt lat="30.517055" lon="34.943126">
        <ele>622.1</ele>
        <time>2026-03-31T04:36:49.000Z</time>
        <extensions>
          <gpxtpx:TrackPointExtension>
            <gpxtpx:hr>150</gpxtpx:hr>
            <gpxtpx:cad>55</gpxtpx:cad>
            <gpxtpx:atemp>305.15</gpxtpx:atemp>
          </gpxtpx:TrackPointExtension>
        </extensions>
      </trkpt>
      <trkpt lat="30.516995" lon="34.943120">
        <ele>621.9</ele>
        <time>2026-03-31T04:36:55.000Z</time>
        <extensions>
          <gpxtpx:TrackPointExtension>
            <gpxtpx:hr>150</gpxtpx:hr>
            <gpxtpx:cad>47</gpxtpx:cad>
            <gpxtpx:atemp>305.15</gpxtpx:atemp>
          </gpxtpx:TrackPointExtension>
        </extensions>
      </trkpt>
      <trkpt lat="30.516870" lon="34.943127">
        <ele>621.5</ele>
        <time>2026-03-31T04:37:09.000Z</time>
        <extensions>
          <gpxtpx:TrackPointExtension>
            <gpxtpx:hr>150</gpxtpx:hr>
            <gpxtpx:cad>0</gpxtpx:cad>
            <gpxtpx:atemp>305.15</gpxtpx:atemp>
          </gpxtpx:TrackPointExtension>
        </extensions>
      </trkpt>
      <trkpt lat="30.516783" lon="34.943143">
        <ele>621.2</ele>
        <time>2026-03-31T04:37:23.000Z</time>
        <extensions>
          <gpxtpx:TrackPointExtension>
            <gpxtpx:hr>147</gpxtpx:hr>
            <gpxtpx:cad>76</gpxtpx:cad>
            <gpxtpx:atemp>305.15</gpxtpx:atemp>
          </gpxtpx:TrackPointExtension>
        </extensions>
      </trkpt>
      <trkpt lat="30.516707" lon="34.943183">
        <ele>621.0</ele>
        <time>2026-03-31T04:37:34.000Z</time>
        <extensions>
          <gpxtpx:TrackPointExtension>
            <gpxtpx:hr>144</gpxtpx:hr>
            <gpxtpx:cad>41</gpxtpx:cad>
            <gpxtpx:atemp>305.15</gpxtpx:atemp>
          </gpxtpx:TrackPointExtension>
        </extensions>
      </trkpt>
      <trkpt lat="30.516663" lon="34.943219">
        <ele>621.0</ele>
        <time>2026-03-31T04:37:41.000Z</time>
        <extensions>
          <gpxtpx:TrackPointExtension>
            <gpxtpx:hr>144</gpxtpx:hr>
            <gpxtpx:cad>0</gpxtpx:cad>
            <gpxtpx:atemp>305.15</gpxtpx:atemp>
          </gpxtpx:TrackPointExtension>
        </extensions>
      </trkpt>
      <trkpt lat="30.516590" lon="34.943212">
        <ele>621.0</ele>
        <time>2026-03-31T04:37:52.000Z</time>
        <extensions>
          <gpxtpx:TrackPointExtension>
            <gpxtpx:hr>145</gpxtpx:hr>
            <gpxtpx:cad>0</gpxtpx:cad>
            <gpxtpx:atemp>305.15</gpxtpx:atemp>
          </gpxtpx:TrackPointExtension>
        </extensions>
      </trkpt>
      <trkpt lat="30.516524" lon="34.943230">
        <ele>620.9</ele>
        <time>2026-03-31T04:38:01.000Z</time>
        <extensions>
          <gpxtpx:TrackPointExtension>
            <gpxtpx:hr>144</gpxtpx:hr>
            <gpxtpx:cad>0</gpxtpx:cad>
            <gpxtpx:atemp>305.15</gpxtpx:atemp>
          </gpxtpx:TrackPointExtension>
        </extensions>
      </trkpt>
      <trkpt lat="30.516358" lon="34.943262">
        <ele>620.8</ele>
        <time>2026-03-31T04:38:24.000Z</time>
        <extensions>
          <gpxtpx:TrackPointExtension>
            <gpxtpx:hr>153</gpxtpx:hr>
            <gpxtpx:cad>0</gpxtpx:cad>
            <gpxtpx:atemp>305.15</gpxtpx:atemp>
          </gpxtpx:TrackPointExtension>
        </extensions>
      </trkpt>
      <trkpt lat="30.516302" lon="34.943253">
        <ele>620.8</ele>
        <time>2026-03-31T04:38:32.000Z</time>
        <extensions>
          <gpxtpx:TrackPointExtension>
            <gpxtpx:hr>154</gpxtpx:hr>
            <gpxtpx:cad>0</gpxtpx:cad>
            <gpxtpx:atemp>305.15</gpxtpx:atemp>
          </gpxtpx:TrackPointExtension>
        </extensions>
      </trkpt>
      <trkpt lat="30.516287" lon="34.943216">
        <ele>620.9</ele>
        <time>2026-03-31T04:38:41.000Z</time>
        <extensions>
          <gpxtpx:TrackPointExtension>
            <gpxtpx:hr>154</gpxtpx:hr>
            <gpxtpx:cad>77</gpxtpx:cad>
            <gpxtpx:atemp>306.15</gpxtpx:atemp>
          </gpxtpx:TrackPointExtension>
        </extensions>
      </trkpt>
      <trkpt lat="30.516122" lon="34.943284">
        <ele>619.8</ele>
        <time>2026-03-31T04:39:06.000Z</time>
        <extensions>
          <gpxtpx:TrackPointExtension>
            <gpxtpx:hr>154</gpxtpx:hr>
            <gpxtpx:cad>0</gpxtpx:cad>
            <gpxtpx:atemp>306.15</gpxtpx:atemp>
          </gpxtpx:TrackPointExtension>
        </extensions>
      </trkpt>
      <trkpt lat="30.516083" lon="34.943309">
        <ele>619.4</ele>
        <time>2026-03-31T04:39:12.000Z</time>
        <extensions>
          <gpxtpx:TrackPointExtension>
            <gpxtpx:hr>155</gpxtpx:hr>
            <gpxtpx:cad>0</gpxtpx:cad>
            <gpxtpx:atemp>306.15</gpxtpx:atemp>
          </gpxtpx:TrackPointExtension>
        </extensions>
      </trkpt>
      <trkpt lat="30.515970" lon="34.943337">
        <ele>618.5</ele>
        <time>2026-03-31T04:39:25.000Z</time>
        <extensions>
          <gpxtpx:TrackPointExtension>
            <gpxtpx:hr>156</gpxtpx:hr>
            <gpxtpx:cad>62</gpxtpx:cad>
            <gpxtpx:atemp>305.15</gpxtpx:atemp>
          </gpxtpx:TrackPointExtension>
        </extensions>
      </trkpt>
      <trkpt lat="30.515927" lon="34.943351">
        <ele>618.1</ele>
        <time>2026-03-31T04:39:30.000Z</time>
        <extensions>
          <gpxtpx:TrackPointExtension>
            <gpxtpx:hr>156</gpxtpx:hr>
            <gpxtpx:cad>52</gpxtpx:cad>
            <gpxtpx:atemp>305.15</gpxtpx:atemp>
          </gpxtpx:TrackPointExtension>
        </extensions>
      </trkpt>
      <trkpt lat="30.515855" lon="34.943355">
        <ele>617.6</ele>
        <time>2026-03-31T04:39:38.000Z</time>
        <extensions>
          <gpxtpx:TrackPointExtension>
            <gpxtpx:hr>158</gpxtpx:hr>
            <gpxtpx:cad>65</gpxtpx:cad>
            <gpxtpx:atemp>305.15</gpxtpx:atemp>
          </gpxtpx:TrackPointExtension>
        </extensions>
      </trkpt>
      <trkpt lat="30.515780" lon="34.943379">
        <ele>617.0</ele>
        <time>2026-03-31T04:39:48.000Z</time>
        <extensions>
          <gpxtpx:TrackPointExtension>
            <gpxtpx:hr>159</gpxtpx:hr>
            <gpxtpx:cad>0</gpxtpx:cad>
            <gpxtpx:atemp>305.15</gpxtpx:atemp>
          </gpxtpx:TrackPointExtension>
        </extensions>
      </trkpt>
      <trkpt lat="30.515685" lon="34.943464">
        <ele>615.9</ele>
        <time>2026-03-31T04:40:01.000Z</time>
        <extensions>
          <gpxtpx:TrackPointExtension>
            <gpxtpx:hr>158</gpxtpx:hr>
            <gpxtpx:cad>46</gpxtpx:cad>
            <gpxtpx:atemp>305.15</gpxtpx:atemp>
          </gpxtpx:TrackPointExtension>
        </extensions>
      </trkpt>
      <trkpt lat="30.515555" lon="34.943553">
        <ele>614.3</ele>
        <time>2026-03-31T04:40:15.000Z</time>
        <extensions>
          <gpxtpx:TrackPointExtension>
            <gpxtpx:hr>158</gpxtpx:hr>
            <gpxtpx:cad>44</gpxtpx:cad>
            <gpxtpx:atemp>305.15</gpxtpx:atemp>
          </gpxtpx:TrackPointExtension>
        </extensions>
      </trkpt>
      <trkpt lat="30.515490" lon="34.943622">
        <ele>613.4</ele>
        <time>2026-03-31T04:40:25.000Z</time>
        <extensions>
          <gpxtpx:TrackPointExtension>
            <gpxtpx:hr>156</gpxtpx:hr>
            <gpxtpx:cad>68</gpxtpx:cad>
            <gpxtpx:atemp>305.15</gpxtpx:atemp>
          </gpxtpx:TrackPointExtension>
        </extensions>
      </trkpt>
      <trkpt lat="30.515380" lon="34.943664">
        <ele>611.8</ele>
        <time>2026-03-31T04:40:36.000Z</time>
        <extensions>
          <gpxtpx:TrackPointExtension>
            <gpxtpx:hr>155</gpxtpx:hr>
            <gpxtpx:cad>57</gpxtpx:cad>
            <gpxtpx:atemp>305.15</gpxtpx:atemp>
          </gpxtpx:TrackPointExtension>
        </extensions>
      </trkpt>
      <trkpt lat="30.515221" lon="34.943689">
        <ele>609.4</ele>
        <time>2026-03-31T04:40:52.000Z</time>
        <extensions>
          <gpxtpx:TrackPointExtension>
            <gpxtpx:hr>153</gpxtpx:hr>
            <gpxtpx:cad>50</gpxtpx:cad>
            <gpxtpx:atemp>305.15</gpxtpx:atemp>
          </gpxtpx:TrackPointExtension>
        </extensions>
      </trkpt>
      <trkpt lat="30.515107" lon="34.943743">
        <ele>607.7</ele>
        <time>2026-03-31T04:41:04.000Z</time>
        <extensions>
          <gpxtpx:TrackPointExtension>
            <gpxtpx:hr>151</gpxtpx:hr>
            <gpxtpx:cad>66</gpxtpx:cad>
            <gpxtpx:atemp>305.15</gpxtpx:atemp>
          </gpxtpx:TrackPointExtension>
        </extensions>
      </trkpt>
      <trkpt lat="30.515031" lon="34.943791">
        <ele>606.8</ele>
        <time>2026-03-31T04:41:13.000Z</time>
        <extensions>
          <gpxtpx:TrackPointExtension>
            <gpxtpx:hr>146</gpxtpx:hr>
            <gpxtpx:cad>0</gpxtpx:cad>
            <gpxtpx:atemp>305.15</gpxtpx:atemp>
          </gpxtpx:TrackPointExtension>
        </extensions>
      </trkpt>
      <trkpt lat="30.514993" lon="34.943884">
        <ele>606.4</ele>
        <time>2026-03-31T04:41:27.000Z</time>
        <extensions>
          <gpxtpx:TrackPointExtension>
            <gpxtpx:hr>146</gpxtpx:hr>
            <gpxtpx:cad>0</gpxtpx:cad>
            <gpxtpx:atemp>305.15</gpxtpx:atemp>
          </gpxtpx:TrackPointExtension>
        </extensions>
      </trkpt>
      <trkpt lat="30.514924" lon="34.943994">
        <ele>605.7</ele>
        <time>2026-03-31T04:41:42.000Z</time>
        <extensions>
          <gpxtpx:TrackPointExtension>
            <gpxtpx:hr>146</gpxtpx:hr>
            <gpxtpx:cad>0</gpxtpx:cad>
            <gpxtpx:atemp>305.15</gpxtpx:atemp>
          </gpxtpx:TrackPointExtension>
        </extensions>
      </trkpt>
      <trkpt lat="30.514903" lon="34.944035">
        <ele>605.5</ele>
        <time>2026-03-31T04:41:47.000Z</time>
        <extensions>
          <gpxtpx:TrackPointExtension>
            <gpxtpx:hr>146</gpxtpx:hr>
            <gpxtpx:cad>0</gpxtpx:cad>
            <gpxtpx:atemp>305.15</gpxtpx:atemp>
          </gpxtpx:TrackPointExtension>
        </extensions>
      </trkpt>
      <trkpt lat="30.514791" lon="34.944109">
        <ele>604.3</ele>
        <time>2026-03-31T04:42:06.000Z</time>
        <extensions>
          <gpxtpx:TrackPointExtension>
            <gpxtpx:hr>149</gpxtpx:hr>
            <gpxtpx:cad>0</gpxtpx:cad>
            <gpxtpx:atemp>305.15</gpxtpx:atemp>
          </gpxtpx:TrackPointExtension>
        </extensions>
      </trkpt>
      <trkpt lat="30.514738" lon="34.944118">
        <ele>603.6</ele>
        <time>2026-03-31T04:42:14.000Z</time>
        <extensions>
          <gpxtpx:TrackPointExtension>
            <gpxtpx:hr>149</gpxtpx:hr>
            <gpxtpx:cad>0</gpxtpx:cad>
            <gpxtpx:atemp>305.15</gpxtpx:atemp>
          </gpxtpx:TrackPointExtension>
        </extensions>
      </trkpt>
      <trkpt lat="30.514695" lon="34.944145">
        <ele>603.0</ele>
        <time>2026-03-31T04:42:21.000Z</time>
        <extensions>
          <gpxtpx:TrackPointExtension>
            <gpxtpx:hr>149</gpxtpx:hr>
            <gpxtpx:cad>0</gpxtpx:cad>
            <gpxtpx:atemp>305.15</gpxtpx:atemp>
          </gpxtpx:TrackPointExtension>
        </extensions>
      </trkpt>
      <trkpt lat="30.514636" lon="34.944211">
        <ele>602.4</ele>
        <time>2026-03-31T04:42:29.000Z</time>
        <extensions>
          <gpxtpx:TrackPointExtension>
            <gpxtpx:hr>148</gpxtpx:hr>
            <gpxtpx:cad>0</gpxtpx:cad>
            <gpxtpx:atemp>305.15</gpxtpx:atemp>
          </gpxtpx:TrackPointExtension>
        </extensions>
      </trkpt>
      <trkpt lat="30.514568" lon="34.944232">
        <ele>601.5</ele>
        <time>2026-03-31T04:42:35.000Z</time>
        <extensions>
          <gpxtpx:TrackPointExtension>
            <gpxtpx:hr>148</gpxtpx:hr>
            <gpxtpx:cad>68</gpxtpx:cad>
            <gpxtpx:atemp>305.15</gpxtpx:atemp>
          </gpxtpx:TrackPointExtension>
        </extensions>
      </trkpt>
      <trkpt lat="30.514519" lon="34.944267">
        <ele>600.9</ele>
        <time>2026-03-31T04:42:40.000Z</time>
        <extensions>
          <gpxtpx:TrackPointExtension>
            <gpxtpx:hr>151</gpxtpx:hr>
            <gpxtpx:cad>65</gpxtpx:cad>
            <gpxtpx:atemp>305.15</gpxtpx:atemp>
          </gpxtpx:TrackPointExtension>
        </extensions>
      </trkpt>
      <trkpt lat="30.514390" lon="34.944345">
        <ele>599.6</ele>
        <time>2026-03-31T04:42:51.000Z</time>
        <extensions>
          <gpxtpx:TrackPointExtension>
            <gpxtpx:hr>152</gpxtpx:hr>
            <gpxtpx:cad>53</gpxtpx:cad>
            <gpxtpx:atemp>305.15</gpxtpx:atemp>
          </gpxtpx:TrackPointExtension>
        </extensions>
      </trkpt>
      <trkpt lat="30.514368" lon="34.944356">
        <ele>599.4</ele>
        <time>2026-03-31T04:42:53.000Z</time>
        <extensions>
          <gpxtpx:TrackPointExtension>
            <gpxtpx:hr>151</gpxtpx:hr>
            <gpxtpx:cad>0</gpxtpx:cad>
            <gpxtpx:atemp>305.15</gpxtpx:atemp>
          </gpxtpx:TrackPointExtension>
        </extensions>
      </trkpt>
      <trkpt lat="30.514259" lon="34.944391">
        <ele>598.1</ele>
        <time>2026-03-31T04:43:04.000Z</time>
        <extensions>
          <gpxtpx:TrackPointExtension>
            <gpxtpx:hr>148</gpxtpx:hr>
            <gpxtpx:cad>52</gpxtpx:cad>
            <gpxtpx:atemp>305.15</gpxtpx:atemp>
          </gpxtpx:TrackPointExtension>
        </extensions>
      </trkpt>
      <trkpt lat="30.514181" lon="34.944405">
        <ele>596.8</ele>
        <time>2026-03-31T04:43:13.000Z</time>
        <extensions>
          <gpxtpx:TrackPointExtension>
            <gpxtpx:hr>147</gpxtpx:hr>
            <gpxtpx:cad>56</gpxtpx:cad>
            <gpxtpx:atemp>305.15</gpxtpx:atemp>
          </gpxtpx:TrackPointExtension>
        </extensions>
      </trkpt>
      <trkpt lat="30.514051" lon="34.944454">
        <ele>595.0</ele>
        <time>2026-03-31T04:43:24.000Z</time>
        <extensions>
          <gpxtpx:TrackPointExtension>
            <gpxtpx:hr>142</gpxtpx:hr>
            <gpxtpx:cad>69</gpxtpx:cad>
            <gpxtpx:atemp>305.15</gpxtpx:atemp>
          </gpxtpx:TrackPointExtension>
        </extensions>
      </trkpt>
      <trkpt lat="30.513952" lon="34.944463">
        <ele>592.5</ele>
        <time>2026-03-31T04:43:31.000Z</time>
        <extensions>
          <gpxtpx:TrackPointExtension>
            <gpxtpx:hr>141</gpxtpx:hr>
            <gpxtpx:cad>70</gpxtpx:cad>
            <gpxtpx:atemp>305.15</gpxtpx:atemp>
          </gpxtpx:TrackPointExtension>
        </extensions>
      </trkpt>
      <trkpt lat="30.513806" lon="34.944492">
        <ele>588.6</ele>
        <time>2026-03-31T04:43:42.000Z</time>
        <extensions>
          <gpxtpx:TrackPointExtension>
            <gpxtpx:hr>137</gpxtpx:hr>
            <gpxtpx:cad>0</gpxtpx:cad>
            <gpxtpx:atemp>305.15</gpxtpx:atemp>
          </gpxtpx:TrackPointExtension>
        </extensions>
      </trkpt>
      <trkpt lat="30.513788" lon="34.944515">
        <ele>588.4</ele>
        <time>2026-03-31T04:43:45.000Z</time>
        <extensions>
          <gpxtpx:TrackPointExtension>
            <gpxtpx:hr>136</gpxtpx:hr>
            <gpxtpx:cad>66</gpxtpx:cad>
            <gpxtpx:atemp>305.15</gpxtpx:atemp>
          </gpxtpx:TrackPointExtension>
        </extensions>
      </trkpt>
      <trkpt lat="30.513727" lon="34.944554">
        <ele>586.9</ele>
        <time>2026-03-31T04:43:51.000Z</time>
        <extensions>
          <gpxtpx:TrackPointExtension>
            <gpxtpx:hr>133</gpxtpx:hr>
            <gpxtpx:cad>75</gpxtpx:cad>
            <gpxtpx:atemp>305.15</gpxtpx:atemp>
          </gpxtpx:TrackPointExtension>
        </extensions>
      </trkpt>
      <trkpt lat="30.513597" lon="34.944578">
        <ele>583.0</ele>
        <time>2026-03-31T04:44:00.000Z</time>
        <extensions>
          <gpxtpx:TrackPointExtension>
            <gpxtpx:hr>134</gpxtpx:hr>
            <gpxtpx:cad>43</gpxtpx:cad>
            <gpxtpx:atemp>305.15</gpxtpx:atemp>
          </gpxtpx:TrackPointExtension>
        </extensions>
      </trkpt>
      <trkpt lat="30.513532" lon="34.944621">
        <ele>581.5</ele>
        <time>2026-03-31T04:44:08.000Z</time>
        <extensions>
          <gpxtpx:TrackPointExtension>
            <gpxtpx:hr>133</gpxtpx:hr>
            <gpxtpx:cad>0</gpxtpx:cad>
            <gpxtpx:atemp>305.15</gpxtpx:atemp>
          </gpxtpx:TrackPointExtension>
        </extensions>
      </trkpt>
      <trkpt lat="30.513448" lon="34.944640">
        <ele>578.9</ele>
        <time>2026-03-31T04:44:23.000Z</time>
        <extensions>
          <gpxtpx:TrackPointExtension>
            <gpxtpx:hr>135</gpxtpx:hr>
            <gpxtpx:cad>0</gpxtpx:cad>
            <gpxtpx:atemp>305.15</gpxtpx:atemp>
          </gpxtpx:TrackPointExtension>
        </extensions>
      </trkpt>
      <trkpt lat="30.513396" lon="34.944677">
        <ele>577.6</ele>
        <time>2026-03-31T04:44:28.000Z</time>
        <extensions>
          <gpxtpx:TrackPointExtension>
            <gpxtpx:hr>135</gpxtpx:hr>
            <gpxtpx:cad>53</gpxtpx:cad>
            <gpxtpx:atemp>305.15</gpxtpx:atemp>
          </gpxtpx:TrackPointExtension>
        </extensions>
      </trkpt>
      <trkpt lat="30.513327" lon="34.944752">
        <ele>576.2</ele>
        <time>2026-03-31T04:44:37.000Z</time>
        <extensions>
          <gpxtpx:TrackPointExtension>
            <gpxtpx:hr>134</gpxtpx:hr>
            <gpxtpx:cad>0</gpxtpx:cad>
            <gpxtpx:atemp>305.15</gpxtpx:atemp>
          </gpxtpx:TrackPointExtension>
        </extensions>
      </trkpt>
      <trkpt lat="30.513295" lon="34.944810">
        <ele>575.9</ele>
        <time>2026-03-31T04:44:41.000Z</time>
        <extensions>
          <gpxtpx:TrackPointExtension>
            <gpxtpx:hr>133</gpxtpx:hr>
            <gpxtpx:cad>56</gpxtpx:cad>
            <gpxtpx:atemp>305.15</gpxtpx:atemp>
          </gpxtpx:TrackPointExtension>
        </extensions>
      </trkpt>
      <trkpt lat="30.513209" lon="34.944980">
        <ele>575.7</ele>
        <time>2026-03-31T04:44:55.000Z</time>
        <extensions>
          <gpxtpx:TrackPointExtension>
            <gpxtpx:hr>133</gpxtpx:hr>
            <gpxtpx:cad>57</gpxtpx:cad>
            <gpxtpx:atemp>305.15</gpxtpx:atemp>
          </gpxtpx:TrackPointExtension>
        </extensions>
      </trkpt>
      <trkpt lat="30.513180" lon="34.945034">
        <ele>575.6</ele>
        <time>2026-03-31T04:45:01.000Z</time>
        <extensions>
          <gpxtpx:TrackPointExtension>
            <gpxtpx:hr>132</gpxtpx:hr>
            <gpxtpx:cad>0</gpxtpx:cad>
            <gpxtpx:atemp>305.15</gpxtpx:atemp>
          </gpxtpx:TrackPointExtension>
        </extensions>
      </trkpt>
      <trkpt lat="30.513143" lon="34.945082">
        <ele>575.3</ele>
        <time>2026-03-31T04:45:05.000Z</time>
        <extensions>
          <gpxtpx:TrackPointExtension>
            <gpxtpx:hr>131</gpxtpx:hr>
            <gpxtpx:cad>0</gpxtpx:cad>
            <gpxtpx:atemp>304.15</gpxtpx:atemp>
          </gpxtpx:TrackPointExtension>
        </extensions>
      </trkpt>
      <trkpt lat="30.513106" lon="34.945171">
        <ele>575.7</ele>
        <time>2026-03-31T04:45:12.000Z</time>
        <extensions>
          <gpxtpx:TrackPointExtension>
            <gpxtpx:hr>132</gpxtpx:hr>
            <gpxtpx:cad>67</gpxtpx:cad>
            <gpxtpx:atemp>304.15</gpxtpx:atemp>
          </gpxtpx:TrackPointExtension>
        </extensions>
      </trkpt>
      <trkpt lat="30.513105" lon="34.945240">
        <ele>576.9</ele>
        <time>2026-03-31T04:45:17.000Z</time>
        <extensions>
          <gpxtpx:TrackPointExtension>
            <gpxtpx:hr>133</gpxtpx:hr>
            <gpxtpx:cad>0</gpxtpx:cad>
            <gpxtpx:atemp>304.15</gpxtpx:atemp>
          </gpxtpx:TrackPointExtension>
        </extensions>
      </trkpt>
      <trkpt lat="30.513135" lon="34.945334">
        <ele>579.6</ele>
        <time>2026-03-31T04:45:23.000Z</time>
        <extensions>
          <gpxtpx:TrackPointExtension>
            <gpxtpx:hr>134</gpxtpx:hr>
            <gpxtpx:cad>48</gpxtpx:cad>
            <gpxtpx:atemp>304.15</gpxtpx:atemp>
          </gpxtpx:TrackPointExtension>
        </extensions>
      </trkpt>
      <trkpt lat="30.513112" lon="34.945401">
        <ele>580.0</ele>
        <time>2026-03-31T04:45:29.000Z</time>
        <extensions>
          <gpxtpx:TrackPointExtension>
            <gpxtpx:hr>136</gpxtpx:hr>
            <gpxtpx:cad>56</gpxtpx:cad>
            <gpxtpx:atemp>304.15</gpxtpx:atemp>
          </gpxtpx:TrackPointExtension>
        </extensions>
      </trkpt>
      <trkpt lat="30.512996" lon="34.945517">
        <ele>578.3</ele>
        <time>2026-03-31T04:45:45.000Z</time>
        <extensions>
          <gpxtpx:TrackPointExtension>
            <gpxtpx:hr>141</gpxtpx:hr>
            <gpxtpx:cad>0</gpxtpx:cad>
            <gpxtpx:atemp>304.15</gpxtpx:atemp>
          </gpxtpx:TrackPointExtension>
        </extensions>
      </trkpt>
      <trkpt lat="30.512982" lon="34.945579">
        <ele>578.9</ele>
        <time>2026-03-31T04:45:51.000Z</time>
        <extensions>
          <gpxtpx:TrackPointExtension>
            <gpxtpx:hr>141</gpxtpx:hr>
            <gpxtpx:cad>0</gpxtpx:cad>
            <gpxtpx:atemp>304.15</gpxtpx:atemp>
          </gpxtpx:TrackPointExtension>
        </extensions>
      </trkpt>
      <trkpt lat="30.512901" lon="34.945711">
        <ele>578.8</ele>
        <time>2026-03-31T04:46:05.000Z</time>
        <extensions>
          <gpxtpx:TrackPointExtension>
            <gpxtpx:hr>144</gpxtpx:hr>
            <gpxtpx:cad>54</gpxtpx:cad>
            <gpxtpx:atemp>304.15</gpxtpx:atemp>
          </gpxtpx:TrackPointExtension>
        </extensions>
      </trkpt>
      <trkpt lat="30.512912" lon="34.945810">
        <ele>580.9</ele>
        <time>2026-03-31T04:46:13.000Z</time>
        <extensions>
          <gpxtpx:TrackPointExtension>
            <gpxtpx:hr>149</gpxtpx:hr>
            <gpxtpx:cad>0</gpxtpx:cad>
            <gpxtpx:atemp>304.15</gpxtpx:atemp>
          </gpxtpx:TrackPointExtension>
        </extensions>
      </trkpt>
      <trkpt lat="30.512894" lon="34.945857">
        <ele>581.3</ele>
        <time>2026-03-31T04:46:19.000Z</time>
        <extensions>
          <gpxtpx:TrackPointExtension>
            <gpxtpx:hr>149</gpxtpx:hr>
            <gpxtpx:cad>0</gpxtpx:cad>
            <gpxtpx:atemp>304.15</gpxtpx:atemp>
          </gpxtpx:TrackPointExtension>
        </extensions>
      </trkpt>
      <trkpt lat="30.512813" lon="34.945955">
        <ele>580.7</ele>
        <time>2026-03-31T04:46:31.000Z</time>
        <extensions>
          <gpxtpx:TrackPointExtension>
            <gpxtpx:hr>153</gpxtpx:hr>
            <gpxtpx:cad>0</gpxtpx:cad>
            <gpxtpx:atemp>304.15</gpxtpx:atemp>
          </gpxtpx:TrackPointExtension>
        </extensions>
      </trkpt>
      <trkpt lat="30.512723" lon="34.946126">
        <ele>580.5</ele>
        <time>2026-03-31T04:46:57.000Z</time>
        <extensions>
          <gpxtpx:TrackPointExtension>
            <gpxtpx:hr>159</gpxtpx:hr>
            <gpxtpx:cad>0</gpxtpx:cad>
            <gpxtpx:atemp>304.15</gpxtpx:atemp>
          </gpxtpx:TrackPointExtension>
        </extensions>
      </trkpt>
      <trkpt lat="30.512653" lon="34.946190">
        <ele>579.5</ele>
        <time>2026-03-31T04:47:14.000Z</time>
        <extensions>
          <gpxtpx:TrackPointExtension>
            <gpxtpx:hr>159</gpxtpx:hr>
            <gpxtpx:cad>47</gpxtpx:cad>
            <gpxtpx:atemp>304.15</gpxtpx:atemp>
          </gpxtpx:TrackPointExtension>
        </extensions>
      </trkpt>
      <trkpt lat="30.512594" lon="34.946207">
        <ele>578.1</ele>
        <time>2026-03-31T04:47:26.000Z</time>
        <extensions>
          <gpxtpx:TrackPointExtension>
            <gpxtpx:hr>159</gpxtpx:hr>
            <gpxtpx:cad>0</gpxtpx:cad>
            <gpxtpx:atemp>304.15</gpxtpx:atemp>
          </gpxtpx:TrackPointExtension>
        </extensions>
      </trkpt>
      <trkpt lat="30.512527" lon="34.946265">
        <ele>577.0</ele>
        <time>2026-03-31T04:47:37.000Z</time>
        <extensions>
          <gpxtpx:TrackPointExtension>
            <gpxtpx:hr>152</gpxtpx:hr>
            <gpxtpx:cad>0</gpxtpx:cad>
            <gpxtpx:atemp>304.15</gpxtpx:atemp>
          </gpxtpx:TrackPointExtension>
        </extensions>
      </trkpt>
      <trkpt lat="30.512500" lon="34.946256">
        <ele>576.1</ele>
        <time>2026-03-31T04:47:48.000Z</time>
        <extensions>
          <gpxtpx:TrackPointExtension>
            <gpxtpx:hr>149</gpxtpx:hr>
            <gpxtpx:cad>0</gpxtpx:cad>
            <gpxtpx:atemp>304.15</gpxtpx:atemp>
          </gpxtpx:TrackPointExtension>
        </extensions>
      </trkpt>
      <trkpt lat="30.512469" lon="34.946279">
        <ele>575.5</ele>
        <time>2026-03-31T04:48:04.000Z</time>
        <extensions>
          <gpxtpx:TrackPointExtension>
            <gpxtpx:hr>146</gpxtpx:hr>
            <gpxtpx:cad>0</gpxtpx:cad>
            <gpxtpx:atemp>304.15</gpxtpx:atemp>
          </gpxtpx:TrackPointExtension>
        </extensions>
      </trkpt>
      <trkpt lat="30.512447" lon="34.946232">
        <ele>574.2</ele>
        <time>2026-03-31T04:48:13.000Z</time>
        <extensions>
          <gpxtpx:TrackPointExtension>
            <gpxtpx:hr>142</gpxtpx:hr>
            <gpxtpx:cad>45</gpxtpx:cad>
            <gpxtpx:atemp>304.15</gpxtpx:atemp>
          </gpxtpx:TrackPointExtension>
        </extensions>
      </trkpt>
      <trkpt lat="30.512407" lon="34.946244">
        <ele>573.2</ele>
        <time>2026-03-31T04:48:23.000Z</time>
        <extensions>
          <gpxtpx:TrackPointExtension>
            <gpxtpx:hr>141</gpxtpx:hr>
            <gpxtpx:cad>50</gpxtpx:cad>
            <gpxtpx:atemp>304.15</gpxtpx:atemp>
          </gpxtpx:TrackPointExtension>
        </extensions>
      </trkpt>
      <trkpt lat="30.512400" lon="34.946259">
        <ele>573.2</ele>
        <time>2026-03-31T04:48:57.000Z</time>
        <extensions>
          <gpxtpx:TrackPointExtension>
            <gpxtpx:hr>156</gpxtpx:hr>
            <gpxtpx:cad>0</gpxtpx:cad>
            <gpxtpx:atemp>304.15</gpxtpx:atemp>
          </gpxtpx:TrackPointExtension>
        </extensions>
      </trkpt>
      <trkpt lat="30.512392" lon="34.946265">
        <ele>573.1</ele>
        <time>2026-03-31T04:49:22.000Z</time>
        <extensions>
          <gpxtpx:TrackPointExtension>
            <gpxtpx:hr>164</gpxtpx:hr>
            <gpxtpx:cad>0</gpxtpx:cad>
            <gpxtpx:atemp>305.15</gpxtpx:atemp>
          </gpxtpx:TrackPointExtension>
        </extensions>
      </trkpt>
      <trkpt lat="30.512364" lon="34.946271">
        <ele>572.4</ele>
        <time>2026-03-31T04:49:30.000Z</time>
        <extensions>
          <gpxtpx:TrackPointExtension>
            <gpxtpx:hr>161</gpxtpx:hr>
            <gpxtpx:cad>0</gpxtpx:cad>
            <gpxtpx:atemp>305.15</gpxtpx:atemp>
          </gpxtpx:TrackPointExtension>
        </extensions>
      </trkpt>
      <trkpt lat="30.512325" lon="34.946344">
        <ele>572.3</ele>
        <time>2026-03-31T04:49:43.000Z</time>
        <extensions>
          <gpxtpx:TrackPointExtension>
            <gpxtpx:hr>155</gpxtpx:hr>
            <gpxtpx:cad>0</gpxtpx:cad>
            <gpxtpx:atemp>304.15</gpxtpx:atemp>
          </gpxtpx:TrackPointExtension>
        </extensions>
      </trkpt>
      <trkpt lat="30.512273" lon="34.946371">
        <ele>571.2</ele>
        <time>2026-03-31T04:50:00.000Z</time>
        <extensions>
          <gpxtpx:TrackPointExtension>
            <gpxtpx:hr>149</gpxtpx:hr>
            <gpxtpx:cad>0</gpxtpx:cad>
            <gpxtpx:atemp>304.15</gpxtpx:atemp>
          </gpxtpx:TrackPointExtension>
        </extensions>
      </trkpt>
      <trkpt lat="30.512251" lon="34.946327">
        <ele>569.9</ele>
        <time>2026-03-31T04:50:19.000Z</time>
        <extensions>
          <gpxtpx:TrackPointExtension>
            <gpxtpx:hr>148</gpxtpx:hr>
            <gpxtpx:cad>0</gpxtpx:cad>
            <gpxtpx:atemp>304.15</gpxtpx:atemp>
          </gpxtpx:TrackPointExtension>
        </extensions>
      </trkpt>
      <trkpt lat="30.512220" lon="34.946359">
        <ele>569.5</ele>
        <time>2026-03-31T04:50:36.000Z</time>
        <extensions>
          <gpxtpx:TrackPointExtension>
            <gpxtpx:hr>158</gpxtpx:hr>
            <gpxtpx:cad>0</gpxtpx:cad>
            <gpxtpx:atemp>304.15</gpxtpx:atemp>
          </gpxtpx:TrackPointExtension>
        </extensions>
      </trkpt>
      <trkpt lat="30.512241" lon="34.946462">
        <ele>571.6</ele>
        <time>2026-03-31T04:50:57.000Z</time>
        <extensions>
          <gpxtpx:TrackPointExtension>
            <gpxtpx:hr>155</gpxtpx:hr>
            <gpxtpx:cad>0</gpxtpx:cad>
            <gpxtpx:atemp>304.15</gpxtpx:atemp>
          </gpxtpx:TrackPointExtension>
        </extensions>
      </trkpt>
      <trkpt lat="30.512215" lon="34.946477">
        <ele>571.1</ele>
        <time>2026-03-31T04:51:09.000Z</time>
        <extensions>
          <gpxtpx:TrackPointExtension>
            <gpxtpx:hr>151</gpxtpx:hr>
            <gpxtpx:cad>0</gpxtpx:cad>
            <gpxtpx:atemp>304.15</gpxtpx:atemp>
          </gpxtpx:TrackPointExtension>
        </extensions>
      </trkpt>
      <trkpt lat="30.512204" lon="34.946469">
        <ele>570.6</ele>
        <time>2026-03-31T04:51:15.000Z</time>
        <extensions>
          <gpxtpx:TrackPointExtension>
            <gpxtpx:hr>152</gpxtpx:hr>
            <gpxtpx:cad>0</gpxtpx:cad>
            <gpxtpx:atemp>304.15</gpxtpx:atemp>
          </gpxtpx:TrackPointExtension>
        </extensions>
      </trkpt>
      <trkpt lat="30.512172" lon="34.946484">
        <ele>569.9</ele>
        <time>2026-03-31T04:51:26.000Z</time>
        <extensions>
          <gpxtpx:TrackPointExtension>
            <gpxtpx:hr>150</gpxtpx:hr>
            <gpxtpx:cad>0</gpxtpx:cad>
            <gpxtpx:atemp>304.15</gpxtpx:atemp>
          </gpxtpx:TrackPointExtension>
        </extensions>
      </trkpt>
      <trkpt lat="30.512140" lon="34.946538">
        <ele>569.7</ele>
        <time>2026-03-31T04:51:41.000Z</time>
        <extensions>
          <gpxtpx:TrackPointExtension>
            <gpxtpx:hr>144</gpxtpx:hr>
            <gpxtpx:cad>0</gpxtpx:cad>
            <gpxtpx:atemp>304.15</gpxtpx:atemp>
          </gpxtpx:TrackPointExtension>
        </extensions>
      </trkpt>
      <trkpt lat="30.512084" lon="34.946596">
        <ele>568.8</ele>
        <time>2026-03-31T04:51:57.000Z</time>
        <extensions>
          <gpxtpx:TrackPointExtension>
            <gpxtpx:hr>145</gpxtpx:hr>
            <gpxtpx:cad>0</gpxtpx:cad>
            <gpxtpx:atemp>304.15</gpxtpx:atemp>
          </gpxtpx:TrackPointExtension>
        </extensions>
      </trkpt>
      <trkpt lat="30.512088" lon="34.946637">
        <ele>569.3</ele>
        <time>2026-03-31T04:52:05.000Z</time>
        <extensions>
          <gpxtpx:TrackPointExtension>
            <gpxtpx:hr>145</gpxtpx:hr>
            <gpxtpx:cad>0</gpxtpx:cad>
            <gpxtpx:atemp>305.15</gpxtpx:atemp>
          </gpxtpx:TrackPointExtension>
        </extensions>
      </trkpt>
      <trkpt lat="30.512083" lon="34.946684">
        <ele>569.7</ele>
        <time>2026-03-31T04:52:11.000Z</time>
        <extensions>
          <gpxtpx:TrackPointExtension>
            <gpxtpx:hr>142</gpxtpx:hr>
            <gpxtpx:cad>0</gpxtpx:cad>
            <gpxtpx:atemp>305.15</gpxtpx:atemp>
          </gpxtpx:TrackPointExtension>
        </extensions>
      </trkpt>
      <trkpt lat="30.512063" lon="34.946744">
        <ele>569.7</ele>
        <time>2026-03-31T04:52:17.000Z</time>
        <extensions>
          <gpxtpx:TrackPointExtension>
            <gpxtpx:hr>139</gpxtpx:hr>
            <gpxtpx:cad>75</gpxtpx:cad>
            <gpxtpx:atemp>305.15</gpxtpx:atemp>
          </gpxtpx:TrackPointExtension>
        </extensions>
      </trkpt>
      <trkpt lat="30.511933" lon="34.946808">
        <ele>566.7</ele>
        <time>2026-03-31T04:52:37.000Z</time>
        <extensions>
          <gpxtpx:TrackPointExtension>
            <gpxtpx:hr>139</gpxtpx:hr>
            <gpxtpx:cad>0</gpxtpx:cad>
            <gpxtpx:atemp>304.15</gpxtpx:atemp>
          </gpxtpx:TrackPointExtension>
        </extensions>
      </trkpt>
      <trkpt lat="30.511914" lon="34.946841">
        <ele>566.6</ele>
        <time>2026-03-31T04:52:42.000Z</time>
        <extensions>
          <gpxtpx:TrackPointExtension>
            <gpxtpx:hr>142</gpxtpx:hr>
            <gpxtpx:cad>46</gpxtpx:cad>
            <gpxtpx:atemp>304.15</gpxtpx:atemp>
          </gpxtpx:TrackPointExtension>
        </extensions>
      </trkpt>
      <trkpt lat="30.511869" lon="34.946881">
        <ele>565.9</ele>
        <time>2026-03-31T04:52:50.000Z</time>
        <extensions>
          <gpxtpx:TrackPointExtension>
            <gpxtpx:hr>143</gpxtpx:hr>
            <gpxtpx:cad>46</gpxtpx:cad>
            <gpxtpx:atemp>304.15</gpxtpx:atemp>
          </gpxtpx:TrackPointExtension>
        </extensions>
      </trkpt>
      <trkpt lat="30.511781" lon="34.946921">
        <ele>563.9</ele>
        <time>2026-03-31T04:53:04.000Z</time>
        <extensions>
          <gpxtpx:TrackPointExtension>
            <gpxtpx:hr>143</gpxtpx:hr>
            <gpxtpx:cad>65</gpxtpx:cad>
            <gpxtpx:atemp>305.15</gpxtpx:atemp>
          </gpxtpx:TrackPointExtension>
        </extensions>
      </trkpt>
      <trkpt lat="30.511748" lon="34.947080">
        <ele>565.1</ele>
        <time>2026-03-31T04:53:26.000Z</time>
        <extensions>
          <gpxtpx:TrackPointExtension>
            <gpxtpx:hr>132</gpxtpx:hr>
            <gpxtpx:cad>0</gpxtpx:cad>
            <gpxtpx:atemp>305.15</gpxtpx:atemp>
          </gpxtpx:TrackPointExtension>
        </extensions>
      </trkpt>
      <trkpt lat="30.511723" lon="34.947150">
        <ele>565.6</ele>
        <time>2026-03-31T04:53:35.000Z</time>
        <extensions>
          <gpxtpx:TrackPointExtension>
            <gpxtpx:hr>132</gpxtpx:hr>
            <gpxtpx:cad>0</gpxtpx:cad>
            <gpxtpx:atemp>304.15</gpxtpx:atemp>
          </gpxtpx:TrackPointExtension>
        </extensions>
      </trkpt>
      <trkpt lat="30.511686" lon="34.947182">
        <ele>565.1</ele>
        <time>2026-03-31T04:53:52.000Z</time>
        <extensions>
          <gpxtpx:TrackPointExtension>
            <gpxtpx:hr>136</gpxtpx:hr>
            <gpxtpx:cad>0</gpxtpx:cad>
            <gpxtpx:atemp>305.15</gpxtpx:atemp>
          </gpxtpx:TrackPointExtension>
        </extensions>
      </trkpt>
      <trkpt lat="30.511692" lon="34.947244">
        <ele>566.4</ele>
        <time>2026-03-31T04:54:03.000Z</time>
        <extensions>
          <gpxtpx:TrackPointExtension>
            <gpxtpx:hr>136</gpxtpx:hr>
            <gpxtpx:cad>44</gpxtpx:cad>
            <gpxtpx:atemp>305.15</gpxtpx:atemp>
          </gpxtpx:TrackPointExtension>
        </extensions>
      </trkpt>
      <trkpt lat="30.511629" lon="34.947283">
        <ele>565.3</ele>
        <time>2026-03-31T04:54:16.000Z</time>
        <extensions>
          <gpxtpx:TrackPointExtension>
            <gpxtpx:hr>143</gpxtpx:hr>
            <gpxtpx:cad>0</gpxtpx:cad>
            <gpxtpx:atemp>305.15</gpxtpx:atemp>
          </gpxtpx:TrackPointExtension>
        </extensions>
      </trkpt>
      <trkpt lat="30.511592" lon="34.947347">
        <ele>565.6</ele>
        <time>2026-03-31T04:54:29.000Z</time>
        <extensions>
          <gpxtpx:TrackPointExtension>
            <gpxtpx:hr>149</gpxtpx:hr>
            <gpxtpx:cad>75</gpxtpx:cad>
            <gpxtpx:atemp>304.15</gpxtpx:atemp>
          </gpxtpx:TrackPointExtension>
        </extensions>
      </trkpt>
      <trkpt lat="30.511541" lon="34.947399">
        <ele>565.5</ele>
        <time>2026-03-31T04:54:39.000Z</time>
        <extensions>
          <gpxtpx:TrackPointExtension>
            <gpxtpx:hr>151</gpxtpx:hr>
            <gpxtpx:cad>0</gpxtpx:cad>
            <gpxtpx:atemp>304.15</gpxtpx:atemp>
          </gpxtpx:TrackPointExtension>
        </extensions>
      </trkpt>
      <trkpt lat="30.511511" lon="34.947450">
        <ele>566.0</ele>
        <time>2026-03-31T04:54:49.000Z</time>
        <extensions>
          <gpxtpx:TrackPointExtension>
            <gpxtpx:hr>156</gpxtpx:hr>
            <gpxtpx:cad>0</gpxtpx:cad>
            <gpxtpx:atemp>304.15</gpxtpx:atemp>
          </gpxtpx:TrackPointExtension>
        </extensions>
      </trkpt>
      <trkpt lat="30.511489" lon="34.947512">
        <ele>567.1</ele>
        <time>2026-03-31T04:55:04.000Z</time>
        <extensions>
          <gpxtpx:TrackPointExtension>
            <gpxtpx:hr>152</gpxtpx:hr>
            <gpxtpx:cad>0</gpxtpx:cad>
            <gpxtpx:atemp>305.15</gpxtpx:atemp>
          </gpxtpx:TrackPointExtension>
        </extensions>
      </trkpt>
      <trkpt lat="30.511401" lon="34.947620">
        <ele>567.3</ele>
        <time>2026-03-31T04:55:25.000Z</time>
        <extensions>
          <gpxtpx:TrackPointExtension>
            <gpxtpx:hr>145</gpxtpx:hr>
            <gpxtpx:cad>60</gpxtpx:cad>
            <gpxtpx:atemp>305.15</gpxtpx:atemp>
          </gpxtpx:TrackPointExtension>
        </extensions>
      </trkpt>
      <trkpt lat="30.511359" lon="34.947639">
        <ele>566.5</ele>
        <time>2026-03-31T04:55:31.000Z</time>
        <extensions>
          <gpxtpx:TrackPointExtension>
            <gpxtpx:hr>140</gpxtpx:hr>
            <gpxtpx:cad>0</gpxtpx:cad>
            <gpxtpx:atemp>305.15</gpxtpx:atemp>
          </gpxtpx:TrackPointExtension>
        </extensions>
      </trkpt>
      <trkpt lat="30.511345" lon="34.947656">
        <ele>566.6</ele>
        <time>2026-03-31T04:55:50.000Z</time>
        <extensions>
          <gpxtpx:TrackPointExtension>
            <gpxtpx:hr>140</gpxtpx:hr>
            <gpxtpx:cad>0</gpxtpx:cad>
            <gpxtpx:atemp>304.15</gpxtpx:atemp>
          </gpxtpx:TrackPointExtension>
        </extensions>
      </trkpt>
      <trkpt lat="30.511334" lon="34.947792">
        <ele>570.7</ele>
        <time>2026-03-31T04:56:10.000Z</time>
        <extensions>
          <gpxtpx:TrackPointExtension>
            <gpxtpx:hr>141</gpxtpx:hr>
            <gpxtpx:cad>0</gpxtpx:cad>
            <gpxtpx:atemp>304.15</gpxtpx:atemp>
          </gpxtpx:TrackPointExtension>
        </extensions>
      </trkpt>
      <trkpt lat="30.511273" lon="34.947869">
        <ele>571.2</ele>
        <time>2026-03-31T04:56:26.000Z</time>
        <extensions>
          <gpxtpx:TrackPointExtension>
            <gpxtpx:hr>144</gpxtpx:hr>
            <gpxtpx:cad>0</gpxtpx:cad>
            <gpxtpx:atemp>304.15</gpxtpx:atemp>
          </gpxtpx:TrackPointExtension>
        </extensions>
      </trkpt>
      <trkpt lat="30.511124" lon="34.947919">
        <ele>568.5</ele>
        <time>2026-03-31T04:56:50.000Z</time>
        <extensions>
          <gpxtpx:TrackPointExtension>
            <gpxtpx:hr>141</gpxtpx:hr>
            <gpxtpx:cad>0</gpxtpx:cad>
            <gpxtpx:atemp>305.15</gpxtpx:atemp>
          </gpxtpx:TrackPointExtension>
        </extensions>
      </trkpt>
      <trkpt lat="30.511023" lon="34.947944">
        <ele>566.5</ele>
        <time>2026-03-31T04:57:05.000Z</time>
        <extensions>
          <gpxtpx:TrackPointExtension>
            <gpxtpx:hr>141</gpxtpx:hr>
            <gpxtpx:cad>0</gpxtpx:cad>
            <gpxtpx:atemp>304.15</gpxtpx:atemp>
          </gpxtpx:TrackPointExtension>
        </extensions>
      </trkpt>
      <trkpt lat="30.510963" lon="34.947985">
        <ele>566.2</ele>
        <time>2026-03-31T04:57:18.000Z</time>
        <extensions>
          <gpxtpx:TrackPointExtension>
            <gpxtpx:hr>140</gpxtpx:hr>
            <gpxtpx:cad>0</gpxtpx:cad>
            <gpxtpx:atemp>304.15</gpxtpx:atemp>
          </gpxtpx:TrackPointExtension>
        </extensions>
      </trkpt>
      <trkpt lat="30.510906" lon="34.948057">
        <ele>567.0</ele>
        <time>2026-03-31T04:57:30.000Z</time>
        <extensions>
          <gpxtpx:TrackPointExtension>
            <gpxtpx:hr>138</gpxtpx:hr>
            <gpxtpx:cad>0</gpxtpx:cad>
            <gpxtpx:atemp>304.15</gpxtpx:atemp>
          </gpxtpx:TrackPointExtension>
        </extensions>
      </trkpt>
      <trkpt lat="30.510864" lon="34.948073">
        <ele>566.3</ele>
        <time>2026-03-31T04:57:41.000Z</time>
        <extensions>
          <gpxtpx:TrackPointExtension>
            <gpxtpx:hr>138</gpxtpx:hr>
            <gpxtpx:cad>0</gpxtpx:cad>
            <gpxtpx:atemp>304.15</gpxtpx:atemp>
          </gpxtpx:TrackPointExtension>
        </extensions>
      </trkpt>
      <trkpt lat="30.510730" lon="34.948145">
        <ele>565.1</ele>
        <time>2026-03-31T04:58:02.000Z</time>
        <extensions>
          <gpxtpx:TrackPointExtension>
            <gpxtpx:hr>136</gpxtpx:hr>
            <gpxtpx:cad>0</gpxtpx:cad>
            <gpxtpx:atemp>304.15</gpxtpx:atemp>
          </gpxtpx:TrackPointExtension>
        </extensions>
      </trkpt>
      <trkpt lat="30.510656" lon="34.948289">
        <ele>568.2</ele>
        <time>2026-03-31T04:58:21.000Z</time>
        <extensions>
          <gpxtpx:TrackPointExtension>
            <gpxtpx:hr>134</gpxtpx:hr>
            <gpxtpx:cad>0</gpxtpx:cad>
            <gpxtpx:atemp>304.15</gpxtpx:atemp>
          </gpxtpx:TrackPointExtension>
        </extensions>
      </trkpt>
      <trkpt lat="30.510644" lon="34.948340">
        <ele>569.6</ele>
        <time>2026-03-31T04:58:29.000Z</time>
        <extensions>
          <gpxtpx:TrackPointExtension>
            <gpxtpx:hr>134</gpxtpx:hr>
            <gpxtpx:cad>0</gpxtpx:cad>
            <gpxtpx:atemp>304.15</gpxtpx:atemp>
          </gpxtpx:TrackPointExtension>
        </extensions>
      </trkpt>
      <trkpt lat="30.510594" lon="34.948376">
        <ele>569.3</ele>
        <time>2026-03-31T04:58:40.000Z</time>
        <extensions>
          <gpxtpx:TrackPointExtension>
            <gpxtpx:hr>131</gpxtpx:hr>
            <gpxtpx:cad>0</gpxtpx:cad>
            <gpxtpx:atemp>304.15</gpxtpx:atemp>
          </gpxtpx:TrackPointExtension>
        </extensions>
      </trkpt>
      <trkpt lat="30.510434" lon="34.948358">
        <ele>563.4</ele>
        <time>2026-03-31T04:59:01.000Z</time>
        <extensions>
          <gpxtpx:TrackPointExtension>
            <gpxtpx:hr>134</gpxtpx:hr>
            <gpxtpx:cad>51</gpxtpx:cad>
            <gpxtpx:atemp>305.15</gpxtpx:atemp>
          </gpxtpx:TrackPointExtension>
        </extensions>
      </trkpt>
      <trkpt lat="30.510390" lon="34.948390">
        <ele>563.1</ele>
        <time>2026-03-31T04:59:06.000Z</time>
        <extensions>
          <gpxtpx:TrackPointExtension>
            <gpxtpx:hr>138</gpxtpx:hr>
            <gpxtpx:cad>54</gpxtpx:cad>
            <gpxtpx:atemp>305.15</gpxtpx:atemp>
          </gpxtpx:TrackPointExtension>
        </extensions>
      </trkpt>
      <trkpt lat="30.510311" lon="34.948525">
        <ele>564.7</ele>
        <time>2026-03-31T04:59:22.000Z</time>
        <extensions>
          <gpxtpx:TrackPointExtension>
            <gpxtpx:hr>143</gpxtpx:hr>
            <gpxtpx:cad>44</gpxtpx:cad>
            <gpxtpx:atemp>304.15</gpxtpx:atemp>
          </gpxtpx:TrackPointExtension>
        </extensions>
      </trkpt>
      <trkpt lat="30.510231" lon="34.948585">
        <ele>563.6</ele>
        <time>2026-03-31T04:59:33.000Z</time>
        <extensions>
          <gpxtpx:TrackPointExtension>
            <gpxtpx:hr>148</gpxtpx:hr>
            <gpxtpx:cad>47</gpxtpx:cad>
            <gpxtpx:atemp>304.15</gpxtpx:atemp>
          </gpxtpx:TrackPointExtension>
        </extensions>
      </trkpt>
      <trkpt lat="30.510205" lon="34.948633">
        <ele>564.0</ele>
        <time>2026-03-31T04:59:39.000Z</time>
        <extensions>
          <gpxtpx:TrackPointExtension>
            <gpxtpx:hr>148</gpxtpx:hr>
            <gpxtpx:cad>51</gpxtpx:cad>
            <gpxtpx:atemp>304.15</gpxtpx:atemp>
          </gpxtpx:TrackPointExtension>
        </extensions>
      </trkpt>
      <trkpt lat="30.510186" lon="34.948717">
        <ele>565.7</ele>
        <time>2026-03-31T04:59:48.000Z</time>
        <extensions>
          <gpxtpx:TrackPointExtension>
            <gpxtpx:hr>150</gpxtpx:hr>
            <gpxtpx:cad>54</gpxtpx:cad>
            <gpxtpx:atemp>304.15</gpxtpx:atemp>
          </gpxtpx:TrackPointExtension>
        </extensions>
      </trkpt>
      <trkpt lat="30.510189" lon="34.948807">
        <ele>568.3</ele>
        <time>2026-03-31T04:59:56.000Z</time>
        <extensions>
          <gpxtpx:TrackPointExtension>
            <gpxtpx:hr>150</gpxtpx:hr>
            <gpxtpx:cad>45</gpxtpx:cad>
            <gpxtpx:atemp>304.15</gpxtpx:atemp>
          </gpxtpx:TrackPointExtension>
        </extensions>
      </trkpt>
      <trkpt lat="30.510178" lon="34.948887">
        <ele>569.9</ele>
        <time>2026-03-31T05:00:05.000Z</time>
        <extensions>
          <gpxtpx:TrackPointExtension>
            <gpxtpx:hr>152</gpxtpx:hr>
            <gpxtpx:cad>0</gpxtpx:cad>
            <gpxtpx:atemp>304.15</gpxtpx:atemp>
          </gpxtpx:TrackPointExtension>
        </extensions>
      </trkpt>
      <trkpt lat="30.510161" lon="34.948909">
        <ele>569.9</ele>
        <time>2026-03-31T05:00:09.000Z</time>
        <extensions>
          <gpxtpx:TrackPointExtension>
            <gpxtpx:hr>150</gpxtpx:hr>
            <gpxtpx:cad>0</gpxtpx:cad>
            <gpxtpx:atemp>304.15</gpxtpx:atemp>
          </gpxtpx:TrackPointExtension>
        </extensions>
      </trkpt>
      <trkpt lat="30.510084" lon="34.948958">
        <ele>567.9</ele>
        <time>2026-03-31T05:00:24.000Z</time>
        <extensions>
          <gpxtpx:TrackPointExtension>
            <gpxtpx:hr>150</gpxtpx:hr>
            <gpxtpx:cad>0</gpxtpx:cad>
            <gpxtpx:atemp>304.15</gpxtpx:atemp>
          </gpxtpx:TrackPointExtension>
        </extensions>
      </trkpt>
      <trkpt lat="30.509983" lon="34.949062">
        <ele>566.0</ele>
        <time>2026-03-31T05:00:39.000Z</time>
        <extensions>
          <gpxtpx:TrackPointExtension>
            <gpxtpx:hr>148</gpxtpx:hr>
            <gpxtpx:cad>0</gpxtpx:cad>
            <gpxtpx:atemp>305.15</gpxtpx:atemp>
          </gpxtpx:TrackPointExtension>
        </extensions>
      </trkpt>
      <trkpt lat="30.509897" lon="34.949128">
        <ele>563.7</ele>
        <time>2026-03-31T05:00:56.000Z</time>
        <extensions>
          <gpxtpx:TrackPointExtension>
            <gpxtpx:hr>146</gpxtpx:hr>
            <gpxtpx:cad>0</gpxtpx:cad>
            <gpxtpx:atemp>305.15</gpxtpx:atemp>
          </gpxtpx:TrackPointExtension>
        </extensions>
      </trkpt>
      <trkpt lat="30.509860" lon="34.949180">
        <ele>563.2</ele>
        <time>2026-03-31T05:01:05.000Z</time>
        <extensions>
          <gpxtpx:TrackPointExtension>
            <gpxtpx:hr>147</gpxtpx:hr>
            <gpxtpx:cad>0</gpxtpx:cad>
            <gpxtpx:atemp>305.15</gpxtpx:atemp>
          </gpxtpx:TrackPointExtension>
        </extensions>
      </trkpt>
      <trkpt lat="30.509818" lon="34.949200">
        <ele>561.9</ele>
        <time>2026-03-31T05:01:15.000Z</time>
        <extensions>
          <gpxtpx:TrackPointExtension>
            <gpxtpx:hr>150</gpxtpx:hr>
            <gpxtpx:cad>0</gpxtpx:cad>
            <gpxtpx:atemp>305.15</gpxtpx:atemp>
          </gpxtpx:TrackPointExtension>
        </extensions>
      </trkpt>
      <trkpt lat="30.509760" lon="34.949249">
        <ele>560.4</ele>
        <time>2026-03-31T05:01:22.000Z</time>
        <extensions>
          <gpxtpx:TrackPointExtension>
            <gpxtpx:hr>150</gpxtpx:hr>
            <gpxtpx:cad>0</gpxtpx:cad>
            <gpxtpx:atemp>305.15</gpxtpx:atemp>
          </gpxtpx:TrackPointExtension>
        </extensions>
      </trkpt>
      <trkpt lat="30.509738" lon="34.949292">
        <ele>560.4</ele>
        <time>2026-03-31T05:01:26.000Z</time>
        <extensions>
          <gpxtpx:TrackPointExtension>
            <gpxtpx:hr>150</gpxtpx:hr>
            <gpxtpx:cad>47</gpxtpx:cad>
            <gpxtpx:atemp>305.15</gpxtpx:atemp>
          </gpxtpx:TrackPointExtension>
        </extensions>
      </trkpt>
      <trkpt lat="30.509649" lon="34.949362">
        <ele>557.9</ele>
        <time>2026-03-31T05:01:39.000Z</time>
        <extensions>
          <gpxtpx:TrackPointExtension>
            <gpxtpx:hr>150</gpxtpx:hr>
            <gpxtpx:cad>47</gpxtpx:cad>
            <gpxtpx:atemp>305.15</gpxtpx:atemp>
          </gpxtpx:TrackPointExtension>
        </extensions>
      </trkpt>
      <trkpt lat="30.509549" lon="34.949490">
        <ele>555.9</ele>
        <time>2026-03-31T05:01:58.000Z</time>
        <extensions>
          <gpxtpx:TrackPointExtension>
            <gpxtpx:hr>150</gpxtpx:hr>
            <gpxtpx:cad>0</gpxtpx:cad>
            <gpxtpx:atemp>305.15</gpxtpx:atemp>
          </gpxtpx:TrackPointExtension>
        </extensions>
      </trkpt>
      <trkpt lat="30.509527" lon="34.949542">
        <ele>555.9</ele>
        <time>2026-03-31T05:02:04.000Z</time>
        <extensions>
          <gpxtpx:TrackPointExtension>
            <gpxtpx:hr>149</gpxtpx:hr>
            <gpxtpx:cad>0</gpxtpx:cad>
            <gpxtpx:atemp>305.15</gpxtpx:atemp>
          </gpxtpx:TrackPointExtension>
        </extensions>
      </trkpt>
      <trkpt lat="30.509470" lon="34.949623">
        <ele>554.8</ele>
        <time>2026-03-31T05:02:15.000Z</time>
        <extensions>
          <gpxtpx:TrackPointExtension>
            <gpxtpx:hr>151</gpxtpx:hr>
            <gpxtpx:cad>0</gpxtpx:cad>
            <gpxtpx:atemp>305.15</gpxtpx:atemp>
          </gpxtpx:TrackPointExtension>
        </extensions>
      </trkpt>
      <trkpt lat="30.509438" lon="34.949655">
        <ele>553.9</ele>
        <time>2026-03-31T05:02:19.000Z</time>
        <extensions>
          <gpxtpx:TrackPointExtension>
            <gpxtpx:hr>152</gpxtpx:hr>
            <gpxtpx:cad>0</gpxtpx:cad>
            <gpxtpx:atemp>305.15</gpxtpx:atemp>
          </gpxtpx:TrackPointExtension>
        </extensions>
      </trkpt>
      <trkpt lat="30.509325" lon="34.949730">
        <ele>550.0</ele>
        <time>2026-03-31T05:02:36.000Z</time>
        <extensions>
          <gpxtpx:TrackPointExtension>
            <gpxtpx:hr>155</gpxtpx:hr>
            <gpxtpx:cad>0</gpxtpx:cad>
            <gpxtpx:atemp>305.15</gpxtpx:atemp>
          </gpxtpx:TrackPointExtension>
        </extensions>
      </trkpt>
      <trkpt lat="30.509301" lon="34.949752">
        <ele>549.3</ele>
        <time>2026-03-31T05:02:40.000Z</time>
        <extensions>
          <gpxtpx:TrackPointExtension>
            <gpxtpx:hr>154</gpxtpx:hr>
            <gpxtpx:cad>0</gpxtpx:cad>
            <gpxtpx:atemp>305.15</gpxtpx:atemp>
          </gpxtpx:TrackPointExtension>
        </extensions>
      </trkpt>
      <trkpt lat="30.509218" lon="34.949859">
        <ele>547.5</ele>
        <time>2026-03-31T05:02:53.000Z</time>
        <extensions>
          <gpxtpx:TrackPointExtension>
            <gpxtpx:hr>158</gpxtpx:hr>
            <gpxtpx:cad>68</gpxtpx:cad>
            <gpxtpx:atemp>305.15</gpxtpx:atemp>
          </gpxtpx:TrackPointExtension>
        </extensions>
      </trkpt>
      <trkpt lat="30.509163" lon="34.949942">
        <ele>546.2</ele>
        <time>2026-03-31T05:03:01.000Z</time>
        <extensions>
          <gpxtpx:TrackPointExtension>
            <gpxtpx:hr>159</gpxtpx:hr>
            <gpxtpx:cad>61</gpxtpx:cad>
            <gpxtpx:atemp>305.15</gpxtpx:atemp>
          </gpxtpx:TrackPointExtension>
        </extensions>
      </trkpt>
      <trkpt lat="30.509111" lon="34.949983">
        <ele>544.4</ele>
        <time>2026-03-31T05:03:06.000Z</time>
        <extensions>
          <gpxtpx:TrackPointExtension>
            <gpxtpx:hr>157</gpxtpx:hr>
            <gpxtpx:cad>56</gpxtpx:cad>
            <gpxtpx:atemp>305.15</gpxtpx:atemp>
          </gpxtpx:TrackPointExtension>
        </extensions>
      </trkpt>
      <trkpt lat="30.509072" lon="34.950069">
        <ele>543.5</ele>
        <time>2026-03-31T05:03:13.000Z</time>
        <extensions>
          <gpxtpx:TrackPointExtension>
            <gpxtpx:hr>155</gpxtpx:hr>
            <gpxtpx:cad>51</gpxtpx:cad>
            <gpxtpx:atemp>305.15</gpxtpx:atemp>
          </gpxtpx:TrackPointExtension>
        </extensions>
      </trkpt>
      <trkpt lat="30.509018" lon="34.950140">
        <ele>541.6</ele>
        <time>2026-03-31T05:03:21.000Z</time>
        <extensions>
          <gpxtpx:TrackPointExtension>
            <gpxtpx:hr>155</gpxtpx:hr>
            <gpxtpx:cad>0</gpxtpx:cad>
            <gpxtpx:atemp>304.15</gpxtpx:atemp>
          </gpxtpx:TrackPointExtension>
        </extensions>
      </trkpt>
      <trkpt lat="30.508961" lon="34.950158">
        <ele>539.5</ele>
        <time>2026-03-31T05:03:34.000Z</time>
        <extensions>
          <gpxtpx:TrackPointExtension>
            <gpxtpx:hr>151</gpxtpx:hr>
            <gpxtpx:cad>0</gpxtpx:cad>
            <gpxtpx:atemp>304.15</gpxtpx:atemp>
          </gpxtpx:TrackPointExtension>
        </extensions>
      </trkpt>
      <trkpt lat="30.508931" lon="34.950184">
        <ele>538.6</ele>
        <time>2026-03-31T05:03:40.000Z</time>
        <extensions>
          <gpxtpx:TrackPointExtension>
            <gpxtpx:hr>151</gpxtpx:hr>
            <gpxtpx:cad>0</gpxtpx:cad>
            <gpxtpx:atemp>304.15</gpxtpx:atemp>
          </gpxtpx:TrackPointExtension>
        </extensions>
      </trkpt>
      <trkpt lat="30.508895" lon="34.950236">
        <ele>537.6</ele>
        <time>2026-03-31T05:03:49.000Z</time>
        <extensions>
          <gpxtpx:TrackPointExtension>
            <gpxtpx:hr>150</gpxtpx:hr>
            <gpxtpx:cad>0</gpxtpx:cad>
            <gpxtpx:atemp>304.15</gpxtpx:atemp>
          </gpxtpx:TrackPointExtension>
        </extensions>
      </trkpt>
      <trkpt lat="30.508901" lon="34.950317">
        <ele>538.6</ele>
        <time>2026-03-31T05:04:02.000Z</time>
        <extensions>
          <gpxtpx:TrackPointExtension>
            <gpxtpx:hr>150</gpxtpx:hr>
            <gpxtpx:cad>41</gpxtpx:cad>
            <gpxtpx:atemp>304.15</gpxtpx:atemp>
          </gpxtpx:TrackPointExtension>
        </extensions>
      </trkpt>
      <trkpt lat="30.508933" lon="34.950397">
        <ele>540.7</ele>
        <time>2026-03-31T05:04:11.000Z</time>
        <extensions>
          <gpxtpx:TrackPointExtension>
            <gpxtpx:hr>151</gpxtpx:hr>
            <gpxtpx:cad>55</gpxtpx:cad>
            <gpxtpx:atemp>304.15</gpxtpx:atemp>
          </gpxtpx:TrackPointExtension>
        </extensions>
      </trkpt>
      <trkpt lat="30.508902" lon="34.950431">
        <ele>539.7</ele>
        <time>2026-03-31T05:04:15.000Z</time>
        <extensions>
          <gpxtpx:TrackPointExtension>
            <gpxtpx:hr>150</gpxtpx:hr>
            <gpxtpx:cad>0</gpxtpx:cad>
            <gpxtpx:atemp>304.15</gpxtpx:atemp>
          </gpxtpx:TrackPointExtension>
        </extensions>
      </trkpt>
      <trkpt lat="30.508923" lon="34.950517">
        <ele>541.8</ele>
        <time>2026-03-31T05:04:22.000Z</time>
        <extensions>
          <gpxtpx:TrackPointExtension>
            <gpxtpx:hr>149</gpxtpx:hr>
            <gpxtpx:cad>0</gpxtpx:cad>
            <gpxtpx:atemp>303.15</gpxtpx:atemp>
          </gpxtpx:TrackPointExtension>
        </extensions>
      </trkpt>
      <trkpt lat="30.508900" lon="34.950585">
        <ele>541.6</ele>
        <time>2026-03-31T05:04:29.000Z</time>
        <extensions>
          <gpxtpx:TrackPointExtension>
            <gpxtpx:hr>151</gpxtpx:hr>
            <gpxtpx:cad>0</gpxtpx:cad>
            <gpxtpx:atemp>303.15</gpxtpx:atemp>
          </gpxtpx:TrackPointExtension>
        </extensions>
      </trkpt>
      <trkpt lat="30.508804" lon="34.950740">
        <ele>539.3</ele>
        <time>2026-03-31T05:04:47.000Z</time>
        <extensions>
          <gpxtpx:TrackPointExtension>
            <gpxtpx:hr>153</gpxtpx:hr>
            <gpxtpx:cad>50</gpxtpx:cad>
            <gpxtpx:atemp>303.15</gpxtpx:atemp>
          </gpxtpx:TrackPointExtension>
        </extensions>
      </trkpt>
      <trkpt lat="30.508798" lon="34.950800">
        <ele>540.1</ele>
        <time>2026-03-31T05:04:52.000Z</time>
        <extensions>
          <gpxtpx:TrackPointExtension>
            <gpxtpx:hr>153</gpxtpx:hr>
            <gpxtpx:cad>80</gpxtpx:cad>
            <gpxtpx:atemp>303.15</gpxtpx:atemp>
          </gpxtpx:TrackPointExtension>
        </extensions>
      </trkpt>
      <trkpt lat="30.508785" lon="34.950898">
        <ele>541.2</ele>
        <time>2026-03-31T05:05:04.000Z</time>
        <extensions>
          <gpxtpx:TrackPointExtension>
            <gpxtpx:hr>153</gpxtpx:hr>
            <gpxtpx:cad>0</gpxtpx:cad>
            <gpxtpx:atemp>304.15</gpxtpx:atemp>
          </gpxtpx:TrackPointExtension>
        </extensions>
      </trkpt>
      <trkpt lat="30.508770" lon="34.950983">
        <ele>542.1</ele>
        <time>2026-03-31T05:05:13.000Z</time>
        <extensions>
          <gpxtpx:TrackPointExtension>
            <gpxtpx:hr>157</gpxtpx:hr>
            <gpxtpx:cad>0</gpxtpx:cad>
            <gpxtpx:atemp>304.15</gpxtpx:atemp>
          </gpxtpx:TrackPointExtension>
        </extensions>
      </trkpt>
      <trkpt lat="30.508752" lon="34.951005">
        <ele>541.7</ele>
        <time>2026-03-31T05:05:25.000Z</time>
        <extensions>
          <gpxtpx:TrackPointExtension>
            <gpxtpx:hr>153</gpxtpx:hr>
            <gpxtpx:cad>0</gpxtpx:cad>
            <gpxtpx:atemp>304.15</gpxtpx:atemp>
          </gpxtpx:TrackPointExtension>
        </extensions>
      </trkpt>
      <trkpt lat="30.508749" lon="34.951050">
        <ele>542.4</ele>
        <time>2026-03-31T05:05:31.000Z</time>
        <extensions>
          <gpxtpx:TrackPointExtension>
            <gpxtpx:hr>146</gpxtpx:hr>
            <gpxtpx:cad>0</gpxtpx:cad>
            <gpxtpx:atemp>304.15</gpxtpx:atemp>
          </gpxtpx:TrackPointExtension>
        </extensions>
      </trkpt>
      <trkpt lat="30.508736" lon="34.951098">
        <ele>542.7</ele>
        <time>2026-03-31T05:05:38.000Z</time>
        <extensions>
          <gpxtpx:TrackPointExtension>
            <gpxtpx:hr>143</gpxtpx:hr>
            <gpxtpx:cad>0</gpxtpx:cad>
            <gpxtpx:atemp>304.15</gpxtpx:atemp>
          </gpxtpx:TrackPointExtension>
        </extensions>
      </trkpt>
      <trkpt lat="30.508694" lon="34.951117">
        <ele>541.3</ele>
        <time>2026-03-31T05:05:46.000Z</time>
        <extensions>
          <gpxtpx:TrackPointExtension>
            <gpxtpx:hr>142</gpxtpx:hr>
            <gpxtpx:cad>0</gpxtpx:cad>
            <gpxtpx:atemp>304.15</gpxtpx:atemp>
          </gpxtpx:TrackPointExtension>
        </extensions>
      </trkpt>
      <trkpt lat="30.508647" lon="34.951235">
        <ele>541.6</ele>
        <time>2026-03-31T05:06:03.000Z</time>
        <extensions>
          <gpxtpx:TrackPointExtension>
            <gpxtpx:hr>138</gpxtpx:hr>
            <gpxtpx:cad>0</gpxtpx:cad>
            <gpxtpx:atemp>304.15</gpxtpx:atemp>
          </gpxtpx:TrackPointExtension>
        </extensions>
      </trkpt>
      <trkpt lat="30.508585" lon="34.951301">
        <ele>540.6</ele>
        <time>2026-03-31T05:06:12.000Z</time>
        <extensions>
          <gpxtpx:TrackPointExtension>
            <gpxtpx:hr>136</gpxtpx:hr>
            <gpxtpx:cad>0</gpxtpx:cad>
            <gpxtpx:atemp>304.15</gpxtpx:atemp>
          </gpxtpx:TrackPointExtension>
        </extensions>
      </trkpt>
      <trkpt lat="30.508545" lon="34.951364">
        <ele>540.4</ele>
        <time>2026-03-31T05:06:18.000Z</time>
        <extensions>
          <gpxtpx:TrackPointExtension>
            <gpxtpx:hr>132</gpxtpx:hr>
            <gpxtpx:cad>61</gpxtpx:cad>
            <gpxtpx:atemp>304.15</gpxtpx:atemp>
          </gpxtpx:TrackPointExtension>
        </extensions>
      </trkpt>
      <trkpt lat="30.508532" lon="34.951429">
        <ele>541.4</ele>
        <time>2026-03-31T05:06:24.000Z</time>
        <extensions>
          <gpxtpx:TrackPointExtension>
            <gpxtpx:hr>129</gpxtpx:hr>
            <gpxtpx:cad>63</gpxtpx:cad>
            <gpxtpx:atemp>304.15</gpxtpx:atemp>
          </gpxtpx:TrackPointExtension>
        </extensions>
      </trkpt>
      <trkpt lat="30.508480" lon="34.951514">
        <ele>541.0</ele>
        <time>2026-03-31T05:06:32.000Z</time>
        <extensions>
          <gpxtpx:TrackPointExtension>
            <gpxtpx:hr>129</gpxtpx:hr>
            <gpxtpx:cad>0</gpxtpx:cad>
            <gpxtpx:atemp>304.15</gpxtpx:atemp>
          </gpxtpx:TrackPointExtension>
        </extensions>
      </trkpt>
      <trkpt lat="30.508462" lon="34.951625">
        <ele>543.0</ele>
        <time>2026-03-31T05:06:46.000Z</time>
        <extensions>
          <gpxtpx:TrackPointExtension>
            <gpxtpx:hr>131</gpxtpx:hr>
            <gpxtpx:cad>0</gpxtpx:cad>
            <gpxtpx:atemp>304.15</gpxtpx:atemp>
          </gpxtpx:TrackPointExtension>
        </extensions>
      </trkpt>
      <trkpt lat="30.508420" lon="34.951669">
        <ele>542.5</ele>
        <time>2026-03-31T05:06:54.000Z</time>
        <extensions>
          <gpxtpx:TrackPointExtension>
            <gpxtpx:hr>132</gpxtpx:hr>
            <gpxtpx:cad>0</gpxtpx:cad>
            <gpxtpx:atemp>303.15</gpxtpx:atemp>
          </gpxtpx:TrackPointExtension>
        </extensions>
      </trkpt>
      <trkpt lat="30.508350" lon="34.951714">
        <ele>540.9</ele>
        <time>2026-03-31T05:07:07.000Z</time>
        <extensions>
          <gpxtpx:TrackPointExtension>
            <gpxtpx:hr>132</gpxtpx:hr>
            <gpxtpx:cad>0</gpxtpx:cad>
            <gpxtpx:atemp>303.15</gpxtpx:atemp>
          </gpxtpx:TrackPointExtension>
        </extensions>
      </trkpt>
      <trkpt lat="30.508272" lon="34.951816">
        <ele>540.3</ele>
        <time>2026-03-31T05:07:25.000Z</time>
        <extensions>
          <gpxtpx:TrackPointExtension>
            <gpxtpx:hr>133</gpxtpx:hr>
            <gpxtpx:cad>48</gpxtpx:cad>
            <gpxtpx:atemp>303.15</gpxtpx:atemp>
          </gpxtpx:TrackPointExtension>
        </extensions>
      </trkpt>
      <trkpt lat="30.508240" lon="34.951873">
        <ele>540.5</ele>
        <time>2026-03-31T05:07:31.000Z</time>
        <extensions>
          <gpxtpx:TrackPointExtension>
            <gpxtpx:hr>135</gpxtpx:hr>
            <gpxtpx:cad>59</gpxtpx:cad>
            <gpxtpx:atemp>303.15</gpxtpx:atemp>
          </gpxtpx:TrackPointExtension>
        </extensions>
      </trkpt>
      <trkpt lat="30.508119" lon="34.952007">
        <ele>539.2</ele>
        <time>2026-03-31T05:07:51.000Z</time>
        <extensions>
          <gpxtpx:TrackPointExtension>
            <gpxtpx:hr>138</gpxtpx:hr>
            <gpxtpx:cad>0</gpxtpx:cad>
            <gpxtpx:atemp>302.15</gpxtpx:atemp>
          </gpxtpx:TrackPointExtension>
        </extensions>
      </trkpt>
      <trkpt lat="30.508076" lon="34.952045">
        <ele>538.4</ele>
        <time>2026-03-31T05:07:56.000Z</time>
        <extensions>
          <gpxtpx:TrackPointExtension>
            <gpxtpx:hr>141</gpxtpx:hr>
            <gpxtpx:cad>53</gpxtpx:cad>
            <gpxtpx:atemp>302.15</gpxtpx:atemp>
          </gpxtpx:TrackPointExtension>
        </extensions>
      </trkpt>
      <trkpt lat="30.508009" lon="34.952146">
        <ele>538.3</ele>
        <time>2026-03-31T05:08:07.000Z</time>
        <extensions>
          <gpxtpx:TrackPointExtension>
            <gpxtpx:hr>141</gpxtpx:hr>
            <gpxtpx:cad>49</gpxtpx:cad>
            <gpxtpx:atemp>302.15</gpxtpx:atemp>
          </gpxtpx:TrackPointExtension>
        </extensions>
      </trkpt>
      <trkpt lat="30.507952" lon="34.952195">
        <ele>537.3</ele>
        <time>2026-03-31T05:08:16.000Z</time>
        <extensions>
          <gpxtpx:TrackPointExtension>
            <gpxtpx:hr>145</gpxtpx:hr>
            <gpxtpx:cad>0</gpxtpx:cad>
            <gpxtpx:atemp>302.15</gpxtpx:atemp>
          </gpxtpx:TrackPointExtension>
        </extensions>
      </trkpt>
      <trkpt lat="30.507862" lon="34.952226">
        <ele>534.3</ele>
        <time>2026-03-31T05:08:28.000Z</time>
        <extensions>
          <gpxtpx:TrackPointExtension>
            <gpxtpx:hr>144</gpxtpx:hr>
            <gpxtpx:cad>0</gpxtpx:cad>
            <gpxtpx:atemp>302.15</gpxtpx:atemp>
          </gpxtpx:TrackPointExtension>
        </extensions>
      </trkpt>
      <trkpt lat="30.507836" lon="34.952299">
        <ele>535.0</ele>
        <time>2026-03-31T05:08:36.000Z</time>
        <extensions>
          <gpxtpx:TrackPointExtension>
            <gpxtpx:hr>142</gpxtpx:hr>
            <gpxtpx:cad>0</gpxtpx:cad>
            <gpxtpx:atemp>302.15</gpxtpx:atemp>
          </gpxtpx:TrackPointExtension>
        </extensions>
      </trkpt>
      <trkpt lat="30.507846" lon="34.952424">
        <ele>538.0</ele>
        <time>2026-03-31T05:08:54.000Z</time>
        <extensions>
          <gpxtpx:TrackPointExtension>
            <gpxtpx:hr>142</gpxtpx:hr>
            <gpxtpx:cad>0</gpxtpx:cad>
            <gpxtpx:atemp>302.15</gpxtpx:atemp>
          </gpxtpx:TrackPointExtension>
        </extensions>
      </trkpt>
      <trkpt lat="30.507836" lon="34.952456">
        <ele>538.1</ele>
        <time>2026-03-31T05:08:59.000Z</time>
        <extensions>
          <gpxtpx:TrackPointExtension>
            <gpxtpx:hr>143</gpxtpx:hr>
            <gpxtpx:cad>53</gpxtpx:cad>
            <gpxtpx:atemp>302.15</gpxtpx:atemp>
          </gpxtpx:TrackPointExtension>
        </extensions>
      </trkpt>
      <trkpt lat="30.507793" lon="34.952519">
        <ele>537.2</ele>
        <time>2026-03-31T05:09:06.000Z</time>
        <extensions>
          <gpxtpx:TrackPointExtension>
            <gpxtpx:hr>143</gpxtpx:hr>
            <gpxtpx:cad>52</gpxtpx:cad>
            <gpxtpx:atemp>302.15</gpxtpx:atemp>
          </gpxtpx:TrackPointExtension>
        </extensions>
      </trkpt>
      <trkpt lat="30.507749" lon="34.952542">
        <ele>535.6</ele>
        <time>2026-03-31T05:09:11.000Z</time>
        <extensions>
          <gpxtpx:TrackPointExtension>
            <gpxtpx:hr>143</gpxtpx:hr>
            <gpxtpx:cad>55</gpxtpx:cad>
            <gpxtpx:atemp>302.15</gpxtpx:atemp>
          </gpxtpx:TrackPointExtension>
        </extensions>
      </trkpt>
      <trkpt lat="30.507713" lon="34.952611">
        <ele>535.0</ele>
        <time>2026-03-31T05:09:18.000Z</time>
        <extensions>
          <gpxtpx:TrackPointExtension>
            <gpxtpx:hr>142</gpxtpx:hr>
            <gpxtpx:cad>53</gpxtpx:cad>
            <gpxtpx:atemp>302.15</gpxtpx:atemp>
          </gpxtpx:TrackPointExtension>
        </extensions>
      </trkpt>
      <trkpt lat="30.507702" lon="34.952675">
        <ele>535.5</ele>
        <time>2026-03-31T05:09:23.000Z</time>
        <extensions>
          <gpxtpx:TrackPointExtension>
            <gpxtpx:hr>144</gpxtpx:hr>
            <gpxtpx:cad>53</gpxtpx:cad>
            <gpxtpx:atemp>302.15</gpxtpx:atemp>
          </gpxtpx:TrackPointExtension>
        </extensions>
      </trkpt>
      <trkpt lat="30.507674" lon="34.952747">
        <ele>535.2</ele>
        <time>2026-03-31T05:09:29.000Z</time>
        <extensions>
          <gpxtpx:TrackPointExtension>
            <gpxtpx:hr>144</gpxtpx:hr>
            <gpxtpx:cad>52</gpxtpx:cad>
            <gpxtpx:atemp>302.15</gpxtpx:atemp>
          </gpxtpx:TrackPointExtension>
        </extensions>
      </trkpt>
      <trkpt lat="30.507670" lon="34.952784">
        <ele>535.5</ele>
        <time>2026-03-31T05:09:32.000Z</time>
        <extensions>
          <gpxtpx:TrackPointExtension>
            <gpxtpx:hr>143</gpxtpx:hr>
            <gpxtpx:cad>56</gpxtpx:cad>
            <gpxtpx:atemp>302.15</gpxtpx:atemp>
          </gpxtpx:TrackPointExtension>
        </extensions>
      </trkpt>
      <trkpt lat="30.507629" lon="34.952880">
        <ele>535.0</ele>
        <time>2026-03-31T05:09:42.000Z</time>
        <extensions>
          <gpxtpx:TrackPointExtension>
            <gpxtpx:hr>141</gpxtpx:hr>
            <gpxtpx:cad>56</gpxtpx:cad>
            <gpxtpx:atemp>302.15</gpxtpx:atemp>
          </gpxtpx:TrackPointExtension>
        </extensions>
      </trkpt>
      <trkpt lat="30.507612" lon="34.953028">
        <ele>535.5</ele>
        <time>2026-03-31T05:09:56.000Z</time>
        <extensions>
          <gpxtpx:TrackPointExtension>
            <gpxtpx:hr>142</gpxtpx:hr>
            <gpxtpx:cad>56</gpxtpx:cad>
            <gpxtpx:atemp>302.15</gpxtpx:atemp>
          </gpxtpx:TrackPointExtension>
        </extensions>
      </trkpt>
      <trkpt lat="30.507570" lon="34.953134">
        <ele>534.5</ele>
        <time>2026-03-31T05:10:05.000Z</time>
        <extensions>
          <gpxtpx:TrackPointExtension>
            <gpxtpx:hr>141</gpxtpx:hr>
            <gpxtpx:cad>59</gpxtpx:cad>
            <gpxtpx:atemp>302.15</gpxtpx:atemp>
          </gpxtpx:TrackPointExtension>
        </extensions>
      </trkpt>
      <trkpt lat="30.507534" lon="34.953193">
        <ele>533.5</ele>
        <time>2026-03-31T05:10:11.000Z</time>
        <extensions>
          <gpxtpx:TrackPointExtension>
            <gpxtpx:hr>136</gpxtpx:hr>
            <gpxtpx:cad>59</gpxtpx:cad>
            <gpxtpx:atemp>302.15</gpxtpx:atemp>
          </gpxtpx:TrackPointExtension>
        </extensions>
      </trkpt>
      <trkpt lat="30.507531" lon="34.953261">
        <ele>534.1</ele>
        <time>2026-03-31T05:10:16.000Z</time>
        <extensions>
          <gpxtpx:TrackPointExtension>
            <gpxtpx:hr>137</gpxtpx:hr>
            <gpxtpx:cad>0</gpxtpx:cad>
            <gpxtpx:atemp>302.15</gpxtpx:atemp>
          </gpxtpx:TrackPointExtension>
        </extensions>
      </trkpt>
      <trkpt lat="30.507539" lon="34.953324">
        <ele>535.3</ele>
        <time>2026-03-31T05:10:20.000Z</time>
        <extensions>
          <gpxtpx:TrackPointExtension>
            <gpxtpx:hr>138</gpxtpx:hr>
            <gpxtpx:cad>0</gpxtpx:cad>
            <gpxtpx:atemp>302.15</gpxtpx:atemp>
          </gpxtpx:TrackPointExtension>
        </extensions>
      </trkpt>
      <trkpt lat="30.507527" lon="34.953411">
        <ele>535.8</ele>
        <time>2026-03-31T05:10:27.000Z</time>
        <extensions>
          <gpxtpx:TrackPointExtension>
            <gpxtpx:hr>139</gpxtpx:hr>
            <gpxtpx:cad>0</gpxtpx:cad>
            <gpxtpx:atemp>302.15</gpxtpx:atemp>
          </gpxtpx:TrackPointExtension>
        </extensions>
      </trkpt>
      <trkpt lat="30.507464" lon="34.953543">
        <ele>534.9</ele>
        <time>2026-03-31T05:10:39.000Z</time>
        <extensions>
          <gpxtpx:TrackPointExtension>
            <gpxtpx:hr>142</gpxtpx:hr>
            <gpxtpx:cad>56</gpxtpx:cad>
            <gpxtpx:atemp>302.15</gpxtpx:atemp>
          </gpxtpx:TrackPointExtension>
        </extensions>
      </trkpt>
      <trkpt lat="30.507430" lon="34.953707">
        <ele>535.7</ele>
        <time>2026-03-31T05:10:51.000Z</time>
        <extensions>
          <gpxtpx:TrackPointExtension>
            <gpxtpx:hr>143</gpxtpx:hr>
            <gpxtpx:cad>54</gpxtpx:cad>
            <gpxtpx:atemp>302.15</gpxtpx:atemp>
          </gpxtpx:TrackPointExtension>
        </extensions>
      </trkpt>
      <trkpt lat="30.507424" lon="34.953905">
        <ele>537.6</ele>
        <time>2026-03-31T05:11:05.000Z</time>
        <extensions>
          <gpxtpx:TrackPointExtension>
            <gpxtpx:hr>143</gpxtpx:hr>
            <gpxtpx:cad>0</gpxtpx:cad>
            <gpxtpx:atemp>302.15</gpxtpx:atemp>
          </gpxtpx:TrackPointExtension>
        </extensions>
      </trkpt>
      <trkpt lat="30.507410" lon="34.954090">
        <ele>538.9</ele>
        <time>2026-03-31T05:11:20.000Z</time>
        <extensions>
          <gpxtpx:TrackPointExtension>
            <gpxtpx:hr>144</gpxtpx:hr>
            <gpxtpx:cad>0</gpxtpx:cad>
            <gpxtpx:atemp>302.15</gpxtpx:atemp>
          </gpxtpx:TrackPointExtension>
        </extensions>
      </trkpt>
      <trkpt lat="30.507402" lon="34.954227">
        <ele>539.6</ele>
        <time>2026-03-31T05:11:35.000Z</time>
        <extensions>
          <gpxtpx:TrackPointExtension>
            <gpxtpx:hr>144</gpxtpx:hr>
            <gpxtpx:cad>79</gpxtpx:cad>
            <gpxtpx:atemp>302.15</gpxtpx:atemp>
          </gpxtpx:TrackPointExtension>
        </extensions>
      </trkpt>
      <trkpt lat="30.507294" lon="34.954329">
        <ele>537.5</ele>
        <time>2026-03-31T05:11:52.000Z</time>
        <extensions>
          <gpxtpx:TrackPointExtension>
            <gpxtpx:hr>142</gpxtpx:hr>
            <gpxtpx:cad>0</gpxtpx:cad>
            <gpxtpx:atemp>302.15</gpxtpx:atemp>
          </gpxtpx:TrackPointExtension>
        </extensions>
      </trkpt>
      <trkpt lat="30.507256" lon="34.954339">
        <ele>536.6</ele>
        <time>2026-03-31T05:11:57.000Z</time>
        <extensions>
          <gpxtpx:TrackPointExtension>
            <gpxtpx:hr>142</gpxtpx:hr>
            <gpxtpx:cad>0</gpxtpx:cad>
            <gpxtpx:atemp>302.15</gpxtpx:atemp>
          </gpxtpx:TrackPointExtension>
        </extensions>
      </trkpt>
      <trkpt lat="30.507195" lon="34.954325">
        <ele>535.0</ele>
        <time>2026-03-31T05:12:03.000Z</time>
        <extensions>
          <gpxtpx:TrackPointExtension>
            <gpxtpx:hr>142</gpxtpx:hr>
            <gpxtpx:cad>66</gpxtpx:cad>
            <gpxtpx:atemp>302.15</gpxtpx:atemp>
          </gpxtpx:TrackPointExtension>
        </extensions>
      </trkpt>
      <trkpt lat="30.507059" lon="34.954315">
        <ele>531.3</ele>
        <time>2026-03-31T05:12:15.000Z</time>
        <extensions>
          <gpxtpx:TrackPointExtension>
            <gpxtpx:hr>145</gpxtpx:hr>
            <gpxtpx:cad>56</gpxtpx:cad>
            <gpxtpx:atemp>302.15</gpxtpx:atemp>
          </gpxtpx:TrackPointExtension>
        </extensions>
      </trkpt>
      <trkpt lat="30.506982" lon="34.954343">
        <ele>529.0</ele>
        <time>2026-03-31T05:12:23.000Z</time>
        <extensions>
          <gpxtpx:TrackPointExtension>
            <gpxtpx:hr>147</gpxtpx:hr>
            <gpxtpx:cad>55</gpxtpx:cad>
            <gpxtpx:atemp>302.15</gpxtpx:atemp>
          </gpxtpx:TrackPointExtension>
        </extensions>
      </trkpt>
      <trkpt lat="30.506948" lon="34.954373">
        <ele>528.2</ele>
        <time>2026-03-31T05:12:27.000Z</time>
        <extensions>
          <gpxtpx:TrackPointExtension>
            <gpxtpx:hr>148</gpxtpx:hr>
            <gpxtpx:cad>55</gpxtpx:cad>
            <gpxtpx:atemp>302.15</gpxtpx:atemp>
          </gpxtpx:TrackPointExtension>
        </extensions>
      </trkpt>
      <trkpt lat="30.506891" lon="34.954452">
        <ele>527.2</ele>
        <time>2026-03-31T05:12:35.000Z</time>
        <extensions>
          <gpxtpx:TrackPointExtension>
            <gpxtpx:hr>149</gpxtpx:hr>
            <gpxtpx:cad>60</gpxtpx:cad>
            <gpxtpx:atemp>302.15</gpxtpx:atemp>
          </gpxtpx:TrackPointExtension>
        </extensions>
      </trkpt>
      <trkpt lat="30.506870" lon="34.954525">
        <ele>527.3</ele>
        <time>2026-03-31T05:12:40.000Z</time>
        <extensions>
          <gpxtpx:TrackPointExtension>
            <gpxtpx:hr>150</gpxtpx:hr>
            <gpxtpx:cad>56</gpxtpx:cad>
            <gpxtpx:atemp>302.15</gpxtpx:atemp>
          </gpxtpx:TrackPointExtension>
        </extensions>
      </trkpt>
      <trkpt lat="30.506824" lon="34.954586">
        <ele>526.6</ele>
        <time>2026-03-31T05:12:46.000Z</time>
        <extensions>
          <gpxtpx:TrackPointExtension>
            <gpxtpx:hr>150</gpxtpx:hr>
            <gpxtpx:cad>0</gpxtpx:cad>
            <gpxtpx:atemp>302.15</gpxtpx:atemp>
          </gpxtpx:TrackPointExtension>
        </extensions>
      </trkpt>
      <trkpt lat="30.506781" lon="34.954612">
        <ele>525.5</ele>
        <time>2026-03-31T05:12:51.000Z</time>
        <extensions>
          <gpxtpx:TrackPointExtension>
            <gpxtpx:hr>149</gpxtpx:hr>
            <gpxtpx:cad>0</gpxtpx:cad>
            <gpxtpx:atemp>302.15</gpxtpx:atemp>
          </gpxtpx:TrackPointExtension>
        </extensions>
      </trkpt>
      <trkpt lat="30.506654" lon="34.954761">
        <ele>523.0</ele>
        <time>2026-03-31T05:13:10.000Z</time>
        <extensions>
          <gpxtpx:TrackPointExtension>
            <gpxtpx:hr>154</gpxtpx:hr>
            <gpxtpx:cad>57</gpxtpx:cad>
            <gpxtpx:atemp>302.15</gpxtpx:atemp>
          </gpxtpx:TrackPointExtension>
        </extensions>
      </trkpt>
      <trkpt lat="30.506619" lon="34.954811">
        <ele>522.4</ele>
        <time>2026-03-31T05:13:15.000Z</time>
        <extensions>
          <gpxtpx:TrackPointExtension>
            <gpxtpx:hr>155</gpxtpx:hr>
            <gpxtpx:cad>53</gpxtpx:cad>
            <gpxtpx:atemp>302.15</gpxtpx:atemp>
          </gpxtpx:TrackPointExtension>
        </extensions>
      </trkpt>
      <trkpt lat="30.506519" lon="34.954851">
        <ele>519.6</ele>
        <time>2026-03-31T05:13:25.000Z</time>
        <extensions>
          <gpxtpx:TrackPointExtension>
            <gpxtpx:hr>156</gpxtpx:hr>
            <gpxtpx:cad>52</gpxtpx:cad>
            <gpxtpx:atemp>301.15</gpxtpx:atemp>
          </gpxtpx:TrackPointExtension>
        </extensions>
      </trkpt>
      <trkpt lat="30.506381" lon="34.954958">
        <ele>515.8</ele>
        <time>2026-03-31T05:13:46.000Z</time>
        <extensions>
          <gpxtpx:TrackPointExtension>
            <gpxtpx:hr>156</gpxtpx:hr>
            <gpxtpx:cad>0</gpxtpx:cad>
            <gpxtpx:atemp>301.15</gpxtpx:atemp>
          </gpxtpx:TrackPointExtension>
        </extensions>
      </trkpt>
      <trkpt lat="30.506325" lon="34.955043">
        <ele>514.7</ele>
        <time>2026-03-31T05:14:01.000Z</time>
        <extensions>
          <gpxtpx:TrackPointExtension>
            <gpxtpx:hr>156</gpxtpx:hr>
            <gpxtpx:cad>0</gpxtpx:cad>
            <gpxtpx:atemp>301.15</gpxtpx:atemp>
          </gpxtpx:TrackPointExtension>
        </extensions>
      </trkpt>
      <trkpt lat="30.506282" lon="34.955065">
        <ele>513.4</ele>
        <time>2026-03-31T05:14:10.000Z</time>
        <extensions>
          <gpxtpx:TrackPointExtension>
            <gpxtpx:hr>156</gpxtpx:hr>
            <gpxtpx:cad>0</gpxtpx:cad>
            <gpxtpx:atemp>301.15</gpxtpx:atemp>
          </gpxtpx:TrackPointExtension>
        </extensions>
      </trkpt>
      <trkpt lat="30.506252" lon="34.955148">
        <ele>513.2</ele>
        <time>2026-03-31T05:14:23.000Z</time>
        <extensions>
          <gpxtpx:TrackPointExtension>
            <gpxtpx:hr>156</gpxtpx:hr>
            <gpxtpx:cad>0</gpxtpx:cad>
            <gpxtpx:atemp>301.15</gpxtpx:atemp>
          </gpxtpx:TrackPointExtension>
        </extensions>
      </trkpt>
      <trkpt lat="30.506237" lon="34.955175">
        <ele>512.9</ele>
        <time>2026-03-31T05:14:30.000Z</time>
        <extensions>
          <gpxtpx:TrackPointExtension>
            <gpxtpx:hr>155</gpxtpx:hr>
            <gpxtpx:cad>0</gpxtpx:cad>
            <gpxtpx:atemp>301.15</gpxtpx:atemp>
          </gpxtpx:TrackPointExtension>
        </extensions>
      </trkpt>
      <trkpt lat="30.506185" lon="34.955224">
        <ele>511.4</ele>
        <time>2026-03-31T05:14:42.000Z</time>
        <extensions>
          <gpxtpx:TrackPointExtension>
            <gpxtpx:hr>155</gpxtpx:hr>
            <gpxtpx:cad>0</gpxtpx:cad>
            <gpxtpx:atemp>301.15</gpxtpx:atemp>
          </gpxtpx:TrackPointExtension>
        </extensions>
      </trkpt>
      <trkpt lat="30.506086" lon="34.955246">
        <ele>507.7</ele>
        <time>2026-03-31T05:15:00.000Z</time>
        <extensions>
          <gpxtpx:TrackPointExtension>
            <gpxtpx:hr>154</gpxtpx:hr>
            <gpxtpx:cad>0</gpxtpx:cad>
            <gpxtpx:atemp>301.15</gpxtpx:atemp>
          </gpxtpx:TrackPointExtension>
        </extensions>
      </trkpt>
      <trkpt lat="30.506019" lon="34.955268">
        <ele>505.3</ele>
        <time>2026-03-31T05:15:15.000Z</time>
        <extensions>
          <gpxtpx:TrackPointExtension>
            <gpxtpx:hr>155</gpxtpx:hr>
            <gpxtpx:cad>0</gpxtpx:cad>
            <gpxtpx:atemp>301.15</gpxtpx:atemp>
          </gpxtpx:TrackPointExtension>
        </extensions>
      </trkpt>
      <trkpt lat="30.505983" lon="34.955271">
        <ele>503.9</ele>
        <time>2026-03-31T05:15:24.000Z</time>
        <extensions>
          <gpxtpx:TrackPointExtension>
            <gpxtpx:hr>154</gpxtpx:hr>
            <gpxtpx:cad>0</gpxtpx:cad>
            <gpxtpx:atemp>301.15</gpxtpx:atemp>
          </gpxtpx:TrackPointExtension>
        </extensions>
      </trkpt>
      <trkpt lat="30.505925" lon="34.955291">
        <ele>501.8</ele>
        <time>2026-03-31T05:15:42.000Z</time>
        <extensions>
          <gpxtpx:TrackPointExtension>
            <gpxtpx:hr>151</gpxtpx:hr>
            <gpxtpx:cad>0</gpxtpx:cad>
            <gpxtpx:atemp>301.15</gpxtpx:atemp>
          </gpxtpx:TrackPointExtension>
        </extensions>
      </trkpt>
      <trkpt lat="30.505909" lon="34.955309">
        <ele>501.3</ele>
        <time>2026-03-31T05:15:49.000Z</time>
        <extensions>
          <gpxtpx:TrackPointExtension>
            <gpxtpx:hr>152</gpxtpx:hr>
            <gpxtpx:cad>0</gpxtpx:cad>
            <gpxtpx:atemp>301.15</gpxtpx:atemp>
          </gpxtpx:TrackPointExtension>
        </extensions>
      </trkpt>
      <trkpt lat="30.505828" lon="34.955327">
        <ele>498.3</ele>
        <time>2026-03-31T05:16:10.000Z</time>
        <extensions>
          <gpxtpx:TrackPointExtension>
            <gpxtpx:hr>152</gpxtpx:hr>
            <gpxtpx:cad>0</gpxtpx:cad>
            <gpxtpx:atemp>301.15</gpxtpx:atemp>
          </gpxtpx:TrackPointExtension>
        </extensions>
      </trkpt>
      <trkpt lat="30.505766" lon="34.955343">
        <ele>496.0</ele>
        <time>2026-03-31T05:16:26.000Z</time>
        <extensions>
          <gpxtpx:TrackPointExtension>
            <gpxtpx:hr>154</gpxtpx:hr>
            <gpxtpx:cad>0</gpxtpx:cad>
            <gpxtpx:atemp>301.15</gpxtpx:atemp>
          </gpxtpx:TrackPointExtension>
        </extensions>
      </trkpt>
      <trkpt lat="30.505620" lon="34.955313">
        <ele>490.2</ele>
        <time>2026-03-31T05:16:57.000Z</time>
        <extensions>
          <gpxtpx:TrackPointExtension>
            <gpxtpx:hr>157</gpxtpx:hr>
            <gpxtpx:cad>0</gpxtpx:cad>
            <gpxtpx:atemp>301.15</gpxtpx:atemp>
          </gpxtpx:TrackPointExtension>
        </extensions>
      </trkpt>
      <trkpt lat="30.505489" lon="34.955333">
        <ele>485.7</ele>
        <time>2026-03-31T05:17:27.000Z</time>
        <extensions>
          <gpxtpx:TrackPointExtension>
            <gpxtpx:hr>154</gpxtpx:hr>
            <gpxtpx:cad>0</gpxtpx:cad>
            <gpxtpx:atemp>301.15</gpxtpx:atemp>
          </gpxtpx:TrackPointExtension>
        </extensions>
      </trkpt>
      <trkpt lat="30.505407" lon="34.955391">
        <ele>483.4</ele>
        <time>2026-03-31T05:17:49.000Z</time>
        <extensions>
          <gpxtpx:TrackPointExtension>
            <gpxtpx:hr>153</gpxtpx:hr>
            <gpxtpx:cad>0</gpxtpx:cad>
            <gpxtpx:atemp>301.15</gpxtpx:atemp>
          </gpxtpx:TrackPointExtension>
        </extensions>
      </trkpt>
      <trkpt lat="30.505391" lon="34.955408">
        <ele>483.0</ele>
        <time>2026-03-31T05:17:56.000Z</time>
        <extensions>
          <gpxtpx:TrackPointExtension>
            <gpxtpx:hr>152</gpxtpx:hr>
            <gpxtpx:cad>0</gpxtpx:cad>
            <gpxtpx:atemp>302.15</gpxtpx:atemp>
          </gpxtpx:TrackPointExtension>
        </extensions>
      </trkpt>
      <trkpt lat="30.505343" lon="34.955430">
        <ele>481.5</ele>
        <time>2026-03-31T05:18:06.000Z</time>
        <extensions>
          <gpxtpx:TrackPointExtension>
            <gpxtpx:hr>153</gpxtpx:hr>
            <gpxtpx:cad>0</gpxtpx:cad>
            <gpxtpx:atemp>302.15</gpxtpx:atemp>
          </gpxtpx:TrackPointExtension>
        </extensions>
      </trkpt>
      <trkpt lat="30.505288" lon="34.955435">
        <ele>479.6</ele>
        <time>2026-03-31T05:18:18.000Z</time>
        <extensions>
          <gpxtpx:TrackPointExtension>
            <gpxtpx:hr>151</gpxtpx:hr>
            <gpxtpx:cad>0</gpxtpx:cad>
            <gpxtpx:atemp>302.15</gpxtpx:atemp>
          </gpxtpx:TrackPointExtension>
        </extensions>
      </trkpt>
      <trkpt lat="30.505249" lon="34.955469">
        <ele>478.6</ele>
        <time>2026-03-31T05:18:29.000Z</time>
        <extensions>
          <gpxtpx:TrackPointExtension>
            <gpxtpx:hr>151</gpxtpx:hr>
            <gpxtpx:cad>0</gpxtpx:cad>
            <gpxtpx:atemp>302.15</gpxtpx:atemp>
          </gpxtpx:TrackPointExtension>
        </extensions>
      </trkpt>
      <trkpt lat="30.505217" lon="34.955436">
        <ele>477.0</ele>
        <time>2026-03-31T05:18:35.000Z</time>
        <extensions>
          <gpxtpx:TrackPointExtension>
            <gpxtpx:hr>150</gpxtpx:hr>
            <gpxtpx:cad>0</gpxtpx:cad>
            <gpxtpx:atemp>302.15</gpxtpx:atemp>
          </gpxtpx:TrackPointExtension>
        </extensions>
      </trkpt>
      <trkpt lat="30.505168" lon="34.955433">
        <ele>475.2</ele>
        <time>2026-03-31T05:18:51.000Z</time>
        <extensions>
          <gpxtpx:TrackPointExtension>
            <gpxtpx:hr>149</gpxtpx:hr>
            <gpxtpx:cad>0</gpxtpx:cad>
            <gpxtpx:atemp>303.15</gpxtpx:atemp>
          </gpxtpx:TrackPointExtension>
        </extensions>
      </trkpt>
      <trkpt lat="30.505077" lon="34.955485">
        <ele>472.6</ele>
        <time>2026-03-31T05:19:09.000Z</time>
        <extensions>
          <gpxtpx:TrackPointExtension>
            <gpxtpx:hr>163</gpxtpx:hr>
            <gpxtpx:cad>0</gpxtpx:cad>
            <gpxtpx:atemp>303.15</gpxtpx:atemp>
          </gpxtpx:TrackPointExtension>
        </extensions>
      </trkpt>
      <trkpt lat="30.505020" lon="34.955507">
        <ele>470.8</ele>
        <time>2026-03-31T05:19:18.000Z</time>
        <extensions>
          <gpxtpx:TrackPointExtension>
            <gpxtpx:hr>159</gpxtpx:hr>
            <gpxtpx:cad>45</gpxtpx:cad>
            <gpxtpx:atemp>303.15</gpxtpx:atemp>
          </gpxtpx:TrackPointExtension>
        </extensions>
      </trkpt>
      <trkpt lat="30.504969" lon="34.955500">
        <ele>469.0</ele>
        <time>2026-03-31T05:19:24.000Z</time>
        <extensions>
          <gpxtpx:TrackPointExtension>
            <gpxtpx:hr>161</gpxtpx:hr>
            <gpxtpx:cad>46</gpxtpx:cad>
            <gpxtpx:atemp>303.15</gpxtpx:atemp>
          </gpxtpx:TrackPointExtension>
        </extensions>
      </trkpt>
      <trkpt lat="30.504850" lon="34.955515">
        <ele>465.0</ele>
        <time>2026-03-31T05:19:40.000Z</time>
        <extensions>
          <gpxtpx:TrackPointExtension>
            <gpxtpx:hr>160</gpxtpx:hr>
            <gpxtpx:cad>0</gpxtpx:cad>
            <gpxtpx:atemp>303.15</gpxtpx:atemp>
          </gpxtpx:TrackPointExtension>
        </extensions>
      </trkpt>
      <trkpt lat="30.504817" lon="34.955488">
        <ele>463.8</ele>
        <time>2026-03-31T05:19:49.000Z</time>
        <extensions>
          <gpxtpx:TrackPointExtension>
            <gpxtpx:hr>161</gpxtpx:hr>
            <gpxtpx:cad>0</gpxtpx:cad>
            <gpxtpx:atemp>303.15</gpxtpx:atemp>
          </gpxtpx:TrackPointExtension>
        </extensions>
      </trkpt>
      <trkpt lat="30.504782" lon="34.955493">
        <ele>462.6</ele>
        <time>2026-03-31T05:19:54.000Z</time>
        <extensions>
          <gpxtpx:TrackPointExtension>
            <gpxtpx:hr>160</gpxtpx:hr>
            <gpxtpx:cad>0</gpxtpx:cad>
            <gpxtpx:atemp>303.15</gpxtpx:atemp>
          </gpxtpx:TrackPointExtension>
        </extensions>
      </trkpt>
      <trkpt lat="30.504756" lon="34.955466">
        <ele>461.7</ele>
        <time>2026-03-31T05:20:09.000Z</time>
        <extensions>
          <gpxtpx:TrackPointExtension>
            <gpxtpx:hr>160</gpxtpx:hr>
            <gpxtpx:cad>0</gpxtpx:cad>
            <gpxtpx:atemp>303.15</gpxtpx:atemp>
          </gpxtpx:TrackPointExtension>
        </extensions>
      </trkpt>
      <trkpt lat="30.504717" lon="34.955462">
        <ele>460.4</ele>
        <time>2026-03-31T05:20:21.000Z</time>
        <extensions>
          <gpxtpx:TrackPointExtension>
            <gpxtpx:hr>160</gpxtpx:hr>
            <gpxtpx:cad>0</gpxtpx:cad>
            <gpxtpx:atemp>303.15</gpxtpx:atemp>
          </gpxtpx:TrackPointExtension>
        </extensions>
      </trkpt>
      <trkpt lat="30.504697" lon="34.955455">
        <ele>459.7</ele>
        <time>2026-03-31T05:20:27.000Z</time>
        <extensions>
          <gpxtpx:TrackPointExtension>
            <gpxtpx:hr>159</gpxtpx:hr>
            <gpxtpx:cad>0</gpxtpx:cad>
            <gpxtpx:atemp>303.15</gpxtpx:atemp>
          </gpxtpx:TrackPointExtension>
        </extensions>
      </trkpt>
      <trkpt lat="30.504647" lon="34.955458">
        <ele>458.1</ele>
        <time>2026-03-31T05:20:37.000Z</time>
        <extensions>
          <gpxtpx:TrackPointExtension>
            <gpxtpx:hr>157</gpxtpx:hr>
            <gpxtpx:cad>0</gpxtpx:cad>
            <gpxtpx:atemp>303.15</gpxtpx:atemp>
          </gpxtpx:TrackPointExtension>
        </extensions>
      </trkpt>
      <trkpt lat="30.504638" lon="34.955427">
        <ele>457.8</ele>
        <time>2026-03-31T05:20:48.000Z</time>
        <extensions>
          <gpxtpx:TrackPointExtension>
            <gpxtpx:hr>157</gpxtpx:hr>
            <gpxtpx:cad>0</gpxtpx:cad>
            <gpxtpx:atemp>303.15</gpxtpx:atemp>
          </gpxtpx:TrackPointExtension>
        </extensions>
      </trkpt>
      <trkpt lat="30.504601" lon="34.955388">
        <ele>456.6</ele>
        <time>2026-03-31T05:20:58.000Z</time>
        <extensions>
          <gpxtpx:TrackPointExtension>
            <gpxtpx:hr>156</gpxtpx:hr>
            <gpxtpx:cad>0</gpxtpx:cad>
            <gpxtpx:atemp>303.15</gpxtpx:atemp>
          </gpxtpx:TrackPointExtension>
        </extensions>
      </trkpt>
      <trkpt lat="30.504536" lon="34.955382">
        <ele>454.5</ele>
        <time>2026-03-31T05:21:11.000Z</time>
        <extensions>
          <gpxtpx:TrackPointExtension>
            <gpxtpx:hr>157</gpxtpx:hr>
            <gpxtpx:cad>0</gpxtpx:cad>
            <gpxtpx:atemp>302.15</gpxtpx:atemp>
          </gpxtpx:TrackPointExtension>
        </extensions>
      </trkpt>
      <trkpt lat="30.504462" lon="34.955306">
        <ele>452.1</ele>
        <time>2026-03-31T05:21:28.000Z</time>
        <extensions>
          <gpxtpx:TrackPointExtension>
            <gpxtpx:hr>155</gpxtpx:hr>
            <gpxtpx:cad>0</gpxtpx:cad>
            <gpxtpx:atemp>303.15</gpxtpx:atemp>
          </gpxtpx:TrackPointExtension>
        </extensions>
      </trkpt>
      <trkpt lat="30.504400" lon="34.955261">
        <ele>450.1</ele>
        <time>2026-03-31T05:21:40.000Z</time>
        <extensions>
          <gpxtpx:TrackPointExtension>
            <gpxtpx:hr>154</gpxtpx:hr>
            <gpxtpx:cad>0</gpxtpx:cad>
            <gpxtpx:atemp>303.15</gpxtpx:atemp>
          </gpxtpx:TrackPointExtension>
        </extensions>
      </trkpt>
      <trkpt lat="30.504343" lon="34.955253">
        <ele>448.2</ele>
        <time>2026-03-31T05:21:54.000Z</time>
        <extensions>
          <gpxtpx:TrackPointExtension>
            <gpxtpx:hr>154</gpxtpx:hr>
            <gpxtpx:cad>0</gpxtpx:cad>
            <gpxtpx:atemp>303.15</gpxtpx:atemp>
          </gpxtpx:TrackPointExtension>
        </extensions>
      </trkpt>
      <trkpt lat="30.504307" lon="34.955209">
        <ele>447.0</ele>
        <time>2026-03-31T05:22:05.000Z</time>
        <extensions>
          <gpxtpx:TrackPointExtension>
            <gpxtpx:hr>157</gpxtpx:hr>
            <gpxtpx:cad>0</gpxtpx:cad>
            <gpxtpx:atemp>303.15</gpxtpx:atemp>
          </gpxtpx:TrackPointExtension>
        </extensions>
      </trkpt>
      <trkpt lat="30.504257" lon="34.955189">
        <ele>445.4</ele>
        <time>2026-03-31T05:22:24.000Z</time>
        <extensions>
          <gpxtpx:TrackPointExtension>
            <gpxtpx:hr>157</gpxtpx:hr>
            <gpxtpx:cad>0</gpxtpx:cad>
            <gpxtpx:atemp>303.15</gpxtpx:atemp>
          </gpxtpx:TrackPointExtension>
        </extensions>
      </trkpt>
      <trkpt lat="30.504152" lon="34.955214">
        <ele>441.9</ele>
        <time>2026-03-31T05:22:42.000Z</time>
        <extensions>
          <gpxtpx:TrackPointExtension>
            <gpxtpx:hr>157</gpxtpx:hr>
            <gpxtpx:cad>0</gpxtpx:cad>
            <gpxtpx:atemp>304.15</gpxtpx:atemp>
          </gpxtpx:TrackPointExtension>
        </extensions>
      </trkpt>
      <trkpt lat="30.504140" lon="34.955191">
        <ele>441.5</ele>
        <time>2026-03-31T05:22:49.000Z</time>
        <extensions>
          <gpxtpx:TrackPointExtension>
            <gpxtpx:hr>158</gpxtpx:hr>
            <gpxtpx:cad>0</gpxtpx:cad>
            <gpxtpx:atemp>304.15</gpxtpx:atemp>
          </gpxtpx:TrackPointExtension>
        </extensions>
      </trkpt>
      <trkpt lat="30.504118" lon="34.955164">
        <ele>440.9</ele>
        <time>2026-03-31T05:22:55.000Z</time>
        <extensions>
          <gpxtpx:TrackPointExtension>
            <gpxtpx:hr>159</gpxtpx:hr>
            <gpxtpx:cad>0</gpxtpx:cad>
            <gpxtpx:atemp>304.15</gpxtpx:atemp>
          </gpxtpx:TrackPointExtension>
        </extensions>
      </trkpt>
      <trkpt lat="30.504059" lon="34.955178">
        <ele>438.9</ele>
        <time>2026-03-31T05:23:05.000Z</time>
        <extensions>
          <gpxtpx:TrackPointExtension>
            <gpxtpx:hr>158</gpxtpx:hr>
            <gpxtpx:cad>0</gpxtpx:cad>
            <gpxtpx:atemp>304.15</gpxtpx:atemp>
          </gpxtpx:TrackPointExtension>
        </extensions>
      </trkpt>
      <trkpt lat="30.503969" lon="34.955132">
        <ele>436.5</ele>
        <time>2026-03-31T05:23:28.000Z</time>
        <extensions>
          <gpxtpx:TrackPointExtension>
            <gpxtpx:hr>155</gpxtpx:hr>
            <gpxtpx:cad>0</gpxtpx:cad>
            <gpxtpx:atemp>304.15</gpxtpx:atemp>
          </gpxtpx:TrackPointExtension>
        </extensions>
      </trkpt>
      <trkpt lat="30.503873" lon="34.955041">
        <ele>434.4</ele>
        <time>2026-03-31T05:23:55.000Z</time>
        <extensions>
          <gpxtpx:TrackPointExtension>
            <gpxtpx:hr>154</gpxtpx:hr>
            <gpxtpx:cad>0</gpxtpx:cad>
            <gpxtpx:atemp>304.15</gpxtpx:atemp>
          </gpxtpx:TrackPointExtension>
        </extensions>
      </trkpt>
      <trkpt lat="30.503841" lon="34.955027">
        <ele>433.7</ele>
        <time>2026-03-31T05:24:01.000Z</time>
        <extensions>
          <gpxtpx:TrackPointExtension>
            <gpxtpx:hr>154</gpxtpx:hr>
            <gpxtpx:cad>0</gpxtpx:cad>
            <gpxtpx:atemp>304.15</gpxtpx:atemp>
          </gpxtpx:TrackPointExtension>
        </extensions>
      </trkpt>
      <trkpt lat="30.503800" lon="34.955035">
        <ele>432.6</ele>
        <time>2026-03-31T05:24:09.000Z</time>
        <extensions>
          <gpxtpx:TrackPointExtension>
            <gpxtpx:hr>152</gpxtpx:hr>
            <gpxtpx:cad>0</gpxtpx:cad>
            <gpxtpx:atemp>304.15</gpxtpx:atemp>
          </gpxtpx:TrackPointExtension>
        </extensions>
      </trkpt>
      <trkpt lat="30.503764" lon="34.955024">
        <ele>431.8</ele>
        <time>2026-03-31T05:24:20.000Z</time>
        <extensions>
          <gpxtpx:TrackPointExtension>
            <gpxtpx:hr>151</gpxtpx:hr>
            <gpxtpx:cad>0</gpxtpx:cad>
            <gpxtpx:atemp>304.15</gpxtpx:atemp>
          </gpxtpx:TrackPointExtension>
        </extensions>
      </trkpt>
      <trkpt lat="30.503703" lon="34.955002">
        <ele>430.2</ele>
        <time>2026-03-31T05:24:30.000Z</time>
        <extensions>
          <gpxtpx:TrackPointExtension>
            <gpxtpx:hr>147</gpxtpx:hr>
            <gpxtpx:cad>0</gpxtpx:cad>
            <gpxtpx:atemp>304.15</gpxtpx:atemp>
          </gpxtpx:TrackPointExtension>
        </extensions>
      </trkpt>
      <trkpt lat="30.503652" lon="34.954944">
        <ele>429.0</ele>
        <time>2026-03-31T05:24:44.000Z</time>
        <extensions>
          <gpxtpx:TrackPointExtension>
            <gpxtpx:hr>150</gpxtpx:hr>
            <gpxtpx:cad>0</gpxtpx:cad>
            <gpxtpx:atemp>304.15</gpxtpx:atemp>
          </gpxtpx:TrackPointExtension>
        </extensions>
      </trkpt>
      <trkpt lat="30.503626" lon="34.954963">
        <ele>428.2</ele>
        <time>2026-03-31T05:24:51.000Z</time>
        <extensions>
          <gpxtpx:TrackPointExtension>
            <gpxtpx:hr>149</gpxtpx:hr>
            <gpxtpx:cad>0</gpxtpx:cad>
            <gpxtpx:atemp>304.15</gpxtpx:atemp>
          </gpxtpx:TrackPointExtension>
        </extensions>
      </trkpt>
      <trkpt lat="30.503616" lon="34.954979">
        <ele>427.9</ele>
        <time>2026-03-31T05:25:04.000Z</time>
        <extensions>
          <gpxtpx:TrackPointExtension>
            <gpxtpx:hr>150</gpxtpx:hr>
            <gpxtpx:cad>0</gpxtpx:cad>
            <gpxtpx:atemp>304.15</gpxtpx:atemp>
          </gpxtpx:TrackPointExtension>
        </extensions>
      </trkpt>
      <trkpt lat="30.503606" lon="34.955078">
        <ele>427.5</ele>
        <time>2026-03-31T05:25:18.000Z</time>
        <extensions>
          <gpxtpx:TrackPointExtension>
            <gpxtpx:hr>152</gpxtpx:hr>
            <gpxtpx:cad>0</gpxtpx:cad>
            <gpxtpx:atemp>304.15</gpxtpx:atemp>
          </gpxtpx:TrackPointExtension>
        </extensions>
      </trkpt>
      <trkpt lat="30.503610" lon="34.955123">
        <ele>427.5</ele>
        <time>2026-03-31T05:25:24.000Z</time>
        <extensions>
          <gpxtpx:TrackPointExtension>
            <gpxtpx:hr>154</gpxtpx:hr>
            <gpxtpx:cad>0</gpxtpx:cad>
            <gpxtpx:atemp>304.15</gpxtpx:atemp>
          </gpxtpx:TrackPointExtension>
        </extensions>
      </trkpt>
      <trkpt lat="30.503636" lon="34.955170">
        <ele>428.0</ele>
        <time>2026-03-31T05:25:31.000Z</time>
        <extensions>
          <gpxtpx:TrackPointExtension>
            <gpxtpx:hr>154</gpxtpx:hr>
            <gpxtpx:cad>0</gpxtpx:cad>
            <gpxtpx:atemp>304.15</gpxtpx:atemp>
          </gpxtpx:TrackPointExtension>
        </extensions>
      </trkpt>
      <trkpt lat="30.503646" lon="34.955231">
        <ele>427.8</ele>
        <time>2026-03-31T05:25:39.000Z</time>
        <extensions>
          <gpxtpx:TrackPointExtension>
            <gpxtpx:hr>154</gpxtpx:hr>
            <gpxtpx:cad>0</gpxtpx:cad>
            <gpxtpx:atemp>304.15</gpxtpx:atemp>
          </gpxtpx:TrackPointExtension>
        </extensions>
      </trkpt>
      <trkpt lat="30.503606" lon="34.955313">
        <ele>426.4</ele>
        <time>2026-03-31T05:25:57.000Z</time>
        <extensions>
          <gpxtpx:TrackPointExtension>
            <gpxtpx:hr>155</gpxtpx:hr>
            <gpxtpx:cad>0</gpxtpx:cad>
            <gpxtpx:atemp>304.15</gpxtpx:atemp>
          </gpxtpx:TrackPointExtension>
        </extensions>
      </trkpt>
      <trkpt lat="30.503566" lon="34.955333">
        <ele>425.4</ele>
        <time>2026-03-31T05:26:05.000Z</time>
        <extensions>
          <gpxtpx:TrackPointExtension>
            <gpxtpx:hr>151</gpxtpx:hr>
            <gpxtpx:cad>0</gpxtpx:cad>
            <gpxtpx:atemp>304.15</gpxtpx:atemp>
          </gpxtpx:TrackPointExtension>
        </extensions>
      </trkpt>
      <trkpt lat="30.503532" lon="34.955331">
        <ele>424.7</ele>
        <time>2026-03-31T05:26:10.000Z</time>
        <extensions>
          <gpxtpx:TrackPointExtension>
            <gpxtpx:hr>154</gpxtpx:hr>
            <gpxtpx:cad>0</gpxtpx:cad>
            <gpxtpx:atemp>304.15</gpxtpx:atemp>
          </gpxtpx:TrackPointExtension>
        </extensions>
      </trkpt>
      <trkpt lat="30.503463" lon="34.955378">
        <ele>422.9</ele>
        <time>2026-03-31T05:26:29.000Z</time>
        <extensions>
          <gpxtpx:TrackPointExtension>
            <gpxtpx:hr>154</gpxtpx:hr>
            <gpxtpx:cad>0</gpxtpx:cad>
            <gpxtpx:atemp>304.15</gpxtpx:atemp>
          </gpxtpx:TrackPointExtension>
        </extensions>
      </trkpt>
      <trkpt lat="30.503404" lon="34.955450">
        <ele>421.2</ele>
        <time>2026-03-31T05:26:50.000Z</time>
        <extensions>
          <gpxtpx:TrackPointExtension>
            <gpxtpx:hr>151</gpxtpx:hr>
            <gpxtpx:cad>0</gpxtpx:cad>
            <gpxtpx:atemp>304.15</gpxtpx:atemp>
          </gpxtpx:TrackPointExtension>
        </extensions>
      </trkpt>
      <trkpt lat="30.503372" lon="34.955506">
        <ele>420.0</ele>
        <time>2026-03-31T05:27:00.000Z</time>
        <extensions>
          <gpxtpx:TrackPointExtension>
            <gpxtpx:hr>151</gpxtpx:hr>
            <gpxtpx:cad>0</gpxtpx:cad>
            <gpxtpx:atemp>304.15</gpxtpx:atemp>
          </gpxtpx:TrackPointExtension>
        </extensions>
      </trkpt>
      <trkpt lat="30.503338" lon="34.955481">
        <ele>419.5</ele>
        <time>2026-03-31T05:27:13.000Z</time>
        <extensions>
          <gpxtpx:TrackPointExtension>
            <gpxtpx:hr>151</gpxtpx:hr>
            <gpxtpx:cad>0</gpxtpx:cad>
            <gpxtpx:atemp>304.15</gpxtpx:atemp>
          </gpxtpx:TrackPointExtension>
        </extensions>
      </trkpt>
      <trkpt lat="30.503290" lon="34.955390">
        <ele>419.1</ele>
        <time>2026-03-31T05:27:32.000Z</time>
        <extensions>
          <gpxtpx:TrackPointExtension>
            <gpxtpx:hr>152</gpxtpx:hr>
            <gpxtpx:cad>0</gpxtpx:cad>
            <gpxtpx:atemp>304.15</gpxtpx:atemp>
          </gpxtpx:TrackPointExtension>
        </extensions>
      </trkpt>
      <trkpt lat="30.503266" lon="34.955385">
        <ele>418.6</ele>
        <time>2026-03-31T05:27:40.000Z</time>
        <extensions>
          <gpxtpx:TrackPointExtension>
            <gpxtpx:hr>153</gpxtpx:hr>
            <gpxtpx:cad>0</gpxtpx:cad>
            <gpxtpx:atemp>304.15</gpxtpx:atemp>
          </gpxtpx:TrackPointExtension>
        </extensions>
      </trkpt>
      <trkpt lat="30.503241" lon="34.955421">
        <ele>418.0</ele>
        <time>2026-03-31T05:27:48.000Z</time>
        <extensions>
          <gpxtpx:TrackPointExtension>
            <gpxtpx:hr>154</gpxtpx:hr>
            <gpxtpx:cad>0</gpxtpx:cad>
            <gpxtpx:atemp>304.15</gpxtpx:atemp>
          </gpxtpx:TrackPointExtension>
        </extensions>
      </trkpt>
      <trkpt lat="30.503217" lon="34.955544">
        <ele>416.5</ele>
        <time>2026-03-31T05:28:07.000Z</time>
        <extensions>
          <gpxtpx:TrackPointExtension>
            <gpxtpx:hr>157</gpxtpx:hr>
            <gpxtpx:cad>0</gpxtpx:cad>
            <gpxtpx:atemp>304.15</gpxtpx:atemp>
          </gpxtpx:TrackPointExtension>
        </extensions>
      </trkpt>
      <trkpt lat="30.503220" lon="34.955553">
        <ele>416.5</ele>
        <time>2026-03-31T05:28:19.000Z</time>
        <extensions>
          <gpxtpx:TrackPointExtension>
            <gpxtpx:hr>158</gpxtpx:hr>
            <gpxtpx:cad>0</gpxtpx:cad>
            <gpxtpx:atemp>304.15</gpxtpx:atemp>
          </gpxtpx:TrackPointExtension>
        </extensions>
      </trkpt>
      <trkpt lat="30.503156" lon="34.955544">
        <ele>415.5</ele>
        <time>2026-03-31T05:28:34.000Z</time>
        <extensions>
          <gpxtpx:TrackPointExtension>
            <gpxtpx:hr>159</gpxtpx:hr>
            <gpxtpx:cad>0</gpxtpx:cad>
            <gpxtpx:atemp>304.15</gpxtpx:atemp>
          </gpxtpx:TrackPointExtension>
        </extensions>
      </trkpt>
      <trkpt lat="30.503137" lon="34.955531">
        <ele>415.3</ele>
        <time>2026-03-31T05:28:42.000Z</time>
        <extensions>
          <gpxtpx:TrackPointExtension>
            <gpxtpx:hr>159</gpxtpx:hr>
            <gpxtpx:cad>0</gpxtpx:cad>
            <gpxtpx:atemp>304.15</gpxtpx:atemp>
          </gpxtpx:TrackPointExtension>
        </extensions>
      </trkpt>
      <trkpt lat="30.503109" lon="34.955550">
        <ele>414.8</ele>
        <time>2026-03-31T05:28:47.000Z</time>
        <extensions>
          <gpxtpx:TrackPointExtension>
            <gpxtpx:hr>159</gpxtpx:hr>
            <gpxtpx:cad>0</gpxtpx:cad>
            <gpxtpx:atemp>304.15</gpxtpx:atemp>
          </gpxtpx:TrackPointExtension>
        </extensions>
      </trkpt>
      <trkpt lat="30.503106" lon="34.955567">
        <ele>414.6</ele>
        <time>2026-03-31T05:28:53.000Z</time>
        <extensions>
          <gpxtpx:TrackPointExtension>
            <gpxtpx:hr>158</gpxtpx:hr>
            <gpxtpx:cad>0</gpxtpx:cad>
            <gpxtpx:atemp>304.15</gpxtpx:atemp>
          </gpxtpx:TrackPointExtension>
        </extensions>
      </trkpt>
      <trkpt lat="30.503087" lon="34.955594">
        <ele>414.2</ele>
        <time>2026-03-31T05:29:04.000Z</time>
        <extensions>
          <gpxtpx:TrackPointExtension>
            <gpxtpx:hr>158</gpxtpx:hr>
            <gpxtpx:cad>0</gpxtpx:cad>
            <gpxtpx:atemp>304.15</gpxtpx:atemp>
          </gpxtpx:TrackPointExtension>
        </extensions>
      </trkpt>
      <trkpt lat="30.503098" lon="34.955624">
        <ele>414.1</ele>
        <time>2026-03-31T05:29:13.000Z</time>
        <extensions>
          <gpxtpx:TrackPointExtension>
            <gpxtpx:hr>158</gpxtpx:hr>
            <gpxtpx:cad>0</gpxtpx:cad>
            <gpxtpx:atemp>304.15</gpxtpx:atemp>
          </gpxtpx:TrackPointExtension>
        </extensions>
      </trkpt>
      <trkpt lat="30.503094" lon="34.955651">
        <ele>413.9</ele>
        <time>2026-03-31T05:29:23.000Z</time>
        <extensions>
          <gpxtpx:TrackPointExtension>
            <gpxtpx:hr>158</gpxtpx:hr>
            <gpxtpx:cad>0</gpxtpx:cad>
            <gpxtpx:atemp>304.15</gpxtpx:atemp>
          </gpxtpx:TrackPointExtension>
        </extensions>
      </trkpt>
      <trkpt lat="30.503068" lon="34.955672">
        <ele>413.3</ele>
        <time>2026-03-31T05:29:32.000Z</time>
        <extensions>
          <gpxtpx:TrackPointExtension>
            <gpxtpx:hr>156</gpxtpx:hr>
            <gpxtpx:cad>0</gpxtpx:cad>
            <gpxtpx:atemp>304.15</gpxtpx:atemp>
          </gpxtpx:TrackPointExtension>
        </extensions>
      </trkpt>
      <trkpt lat="30.503073" lon="34.955681">
        <ele>413.3</ele>
        <time>2026-03-31T05:29:38.000Z</time>
        <extensions>
          <gpxtpx:TrackPointExtension>
            <gpxtpx:hr>156</gpxtpx:hr>
            <gpxtpx:cad>0</gpxtpx:cad>
            <gpxtpx:atemp>304.15</gpxtpx:atemp>
          </gpxtpx:TrackPointExtension>
        </extensions>
      </trkpt>
      <trkpt lat="30.503049" lon="34.955721">
        <ele>412.6</ele>
        <time>2026-03-31T05:29:48.000Z</time>
        <extensions>
          <gpxtpx:TrackPointExtension>
            <gpxtpx:hr>154</gpxtpx:hr>
            <gpxtpx:cad>0</gpxtpx:cad>
            <gpxtpx:atemp>304.15</gpxtpx:atemp>
          </gpxtpx:TrackPointExtension>
        </extensions>
      </trkpt>
      <trkpt lat="30.503048" lon="34.955768">
        <ele>412.1</ele>
        <time>2026-03-31T05:29:52.000Z</time>
        <extensions>
          <gpxtpx:TrackPointExtension>
            <gpxtpx:hr>155</gpxtpx:hr>
            <gpxtpx:cad>0</gpxtpx:cad>
            <gpxtpx:atemp>304.15</gpxtpx:atemp>
          </gpxtpx:TrackPointExtension>
        </extensions>
      </trkpt>
      <trkpt lat="30.503004" lon="34.955891">
        <ele>409.9</ele>
        <time>2026-03-31T05:30:22.000Z</time>
        <extensions>
          <gpxtpx:TrackPointExtension>
            <gpxtpx:hr>155</gpxtpx:hr>
            <gpxtpx:cad>0</gpxtpx:cad>
            <gpxtpx:atemp>304.15</gpxtpx:atemp>
          </gpxtpx:TrackPointExtension>
        </extensions>
      </trkpt>
      <trkpt lat="30.502982" lon="34.955996">
        <ele>408.1</ele>
        <time>2026-03-31T05:30:37.000Z</time>
        <extensions>
          <gpxtpx:TrackPointExtension>
            <gpxtpx:hr>150</gpxtpx:hr>
            <gpxtpx:cad>0</gpxtpx:cad>
            <gpxtpx:atemp>304.15</gpxtpx:atemp>
          </gpxtpx:TrackPointExtension>
        </extensions>
      </trkpt>
      <trkpt lat="30.502959" lon="34.956120">
        <ele>405.9</ele>
        <time>2026-03-31T05:30:57.000Z</time>
        <extensions>
          <gpxtpx:TrackPointExtension>
            <gpxtpx:hr>152</gpxtpx:hr>
            <gpxtpx:cad>0</gpxtpx:cad>
            <gpxtpx:atemp>303.15</gpxtpx:atemp>
          </gpxtpx:TrackPointExtension>
        </extensions>
      </trkpt>
      <trkpt lat="30.502946" lon="34.956145">
        <ele>405.2</ele>
        <time>2026-03-31T05:31:00.000Z</time>
        <extensions>
          <gpxtpx:TrackPointExtension>
            <gpxtpx:hr>152</gpxtpx:hr>
            <gpxtpx:cad>58</gpxtpx:cad>
            <gpxtpx:atemp>303.15</gpxtpx:atemp>
          </gpxtpx:TrackPointExtension>
        </extensions>
      </trkpt>
      <trkpt lat="30.502944" lon="34.956243">
        <ele>403.8</ele>
        <time>2026-03-31T05:31:09.000Z</time>
        <extensions>
          <gpxtpx:TrackPointExtension>
            <gpxtpx:hr>152</gpxtpx:hr>
            <gpxtpx:cad>46</gpxtpx:cad>
            <gpxtpx:atemp>303.15</gpxtpx:atemp>
          </gpxtpx:TrackPointExtension>
        </extensions>
      </trkpt>
      <trkpt lat="30.502859" lon="34.956395">
        <ele>399.6</ele>
        <time>2026-03-31T05:31:31.000Z</time>
        <extensions>
          <gpxtpx:TrackPointExtension>
            <gpxtpx:hr>149</gpxtpx:hr>
            <gpxtpx:cad>0</gpxtpx:cad>
            <gpxtpx:atemp>303.15</gpxtpx:atemp>
          </gpxtpx:TrackPointExtension>
        </extensions>
      </trkpt>
      <trkpt lat="30.502788" lon="34.956448">
        <ele>397.0</ele>
        <time>2026-03-31T05:31:45.000Z</time>
        <extensions>
          <gpxtpx:TrackPointExtension>
            <gpxtpx:hr>149</gpxtpx:hr>
            <gpxtpx:cad>0</gpxtpx:cad>
            <gpxtpx:atemp>303.15</gpxtpx:atemp>
          </gpxtpx:TrackPointExtension>
        </extensions>
      </trkpt>
      <trkpt lat="30.502780" lon="34.956512">
        <ele>395.8</ele>
        <time>2026-03-31T05:31:53.000Z</time>
        <extensions>
          <gpxtpx:TrackPointExtension>
            <gpxtpx:hr>152</gpxtpx:hr>
            <gpxtpx:cad>0</gpxtpx:cad>
            <gpxtpx:atemp>303.15</gpxtpx:atemp>
          </gpxtpx:TrackPointExtension>
        </extensions>
      </trkpt>
      <trkpt lat="30.502714" lon="34.956557">
        <ele>393.5</ele>
        <time>2026-03-31T05:32:05.000Z</time>
        <extensions>
          <gpxtpx:TrackPointExtension>
            <gpxtpx:hr>147</gpxtpx:hr>
            <gpxtpx:cad>0</gpxtpx:cad>
            <gpxtpx:atemp>303.15</gpxtpx:atemp>
          </gpxtpx:TrackPointExtension>
        </extensions>
      </trkpt>
      <trkpt lat="30.502666" lon="34.956575">
        <ele>392.0</ele>
        <time>2026-03-31T05:32:12.000Z</time>
        <extensions>
          <gpxtpx:TrackPointExtension>
            <gpxtpx:hr>146</gpxtpx:hr>
            <gpxtpx:cad>0</gpxtpx:cad>
            <gpxtpx:atemp>303.15</gpxtpx:atemp>
          </gpxtpx:TrackPointExtension>
        </extensions>
      </trkpt>
      <trkpt lat="30.502627" lon="34.956604">
        <ele>390.7</ele>
        <time>2026-03-31T05:32:17.000Z</time>
        <extensions>
          <gpxtpx:TrackPointExtension>
            <gpxtpx:hr>145</gpxtpx:hr>
            <gpxtpx:cad>41</gpxtpx:cad>
            <gpxtpx:atemp>303.15</gpxtpx:atemp>
          </gpxtpx:TrackPointExtension>
        </extensions>
      </trkpt>
      <trkpt lat="30.502532" lon="34.956646">
        <ele>388.4</ele>
        <time>2026-03-31T05:32:27.000Z</time>
        <extensions>
          <gpxtpx:TrackPointExtension>
            <gpxtpx:hr>145</gpxtpx:hr>
            <gpxtpx:cad>57</gpxtpx:cad>
            <gpxtpx:atemp>303.15</gpxtpx:atemp>
          </gpxtpx:TrackPointExtension>
        </extensions>
      </trkpt>
      <trkpt lat="30.502510" lon="34.956693">
        <ele>387.3</ele>
        <time>2026-03-31T05:32:31.000Z</time>
        <extensions>
          <gpxtpx:TrackPointExtension>
            <gpxtpx:hr>147</gpxtpx:hr>
            <gpxtpx:cad>59</gpxtpx:cad>
            <gpxtpx:atemp>303.15</gpxtpx:atemp>
          </gpxtpx:TrackPointExtension>
        </extensions>
      </trkpt>
      <trkpt lat="30.502450" lon="34.956773">
        <ele>385.1</ele>
        <time>2026-03-31T05:32:38.000Z</time>
        <extensions>
          <gpxtpx:TrackPointExtension>
            <gpxtpx:hr>145</gpxtpx:hr>
            <gpxtpx:cad>76</gpxtpx:cad>
            <gpxtpx:atemp>303.15</gpxtpx:atemp>
          </gpxtpx:TrackPointExtension>
        </extensions>
      </trkpt>
      <trkpt lat="30.502390" lon="34.956882">
        <ele>383.0</ele>
        <time>2026-03-31T05:32:45.000Z</time>
        <extensions>
          <gpxtpx:TrackPointExtension>
            <gpxtpx:hr>144</gpxtpx:hr>
            <gpxtpx:cad>77</gpxtpx:cad>
            <gpxtpx:atemp>303.15</gpxtpx:atemp>
          </gpxtpx:TrackPointExtension>
        </extensions>
      </trkpt>
      <trkpt lat="30.502292" lon="34.957052">
        <ele>380.5</ele>
        <time>2026-03-31T05:32:55.000Z</time>
        <extensions>
          <gpxtpx:TrackPointExtension>
            <gpxtpx:hr>141</gpxtpx:hr>
            <gpxtpx:cad>78</gpxtpx:cad>
            <gpxtpx:atemp>303.15</gpxtpx:atemp>
          </gpxtpx:TrackPointExtension>
        </extensions>
      </trkpt>
      <trkpt lat="30.502269" lon="34.957194">
        <ele>379.6</ele>
        <time>2026-03-31T05:33:02.000Z</time>
        <extensions>
          <gpxtpx:TrackPointExtension>
            <gpxtpx:hr>138</gpxtpx:hr>
            <gpxtpx:cad>56</gpxtpx:cad>
            <gpxtpx:atemp>303.15</gpxtpx:atemp>
          </gpxtpx:TrackPointExtension>
        </extensions>
      </trkpt>
      <trkpt lat="30.502231" lon="34.957256">
        <ele>379.0</ele>
        <time>2026-03-31T05:33:06.000Z</time>
        <extensions>
          <gpxtpx:TrackPointExtension>
            <gpxtpx:hr>139</gpxtpx:hr>
            <gpxtpx:cad>56</gpxtpx:cad>
            <gpxtpx:atemp>303.15</gpxtpx:atemp>
          </gpxtpx:TrackPointExtension>
        </extensions>
      </trkpt>
      <trkpt lat="30.502090" lon="34.957330">
        <ele>377.2</ele>
        <time>2026-03-31T05:33:18.000Z</time>
        <extensions>
          <gpxtpx:TrackPointExtension>
            <gpxtpx:hr>141</gpxtpx:hr>
            <gpxtpx:cad>76</gpxtpx:cad>
            <gpxtpx:atemp>303.15</gpxtpx:atemp>
          </gpxtpx:TrackPointExtension>
        </extensions>
      </trkpt>
      <trkpt lat="30.502006" lon="34.957367">
        <ele>376.4</ele>
        <time>2026-03-31T05:33:23.000Z</time>
        <extensions>
          <gpxtpx:TrackPointExtension>
            <gpxtpx:hr>140</gpxtpx:hr>
            <gpxtpx:cad>75</gpxtpx:cad>
            <gpxtpx:atemp>303.15</gpxtpx:atemp>
          </gpxtpx:TrackPointExtension>
        </extensions>
      </trkpt>
      <trkpt lat="30.501940" lon="34.957375">
        <ele>375.9</ele>
        <time>2026-03-31T05:33:27.000Z</time>
        <extensions>
          <gpxtpx:TrackPointExtension>
            <gpxtpx:hr>140</gpxtpx:hr>
            <gpxtpx:cad>76</gpxtpx:cad>
            <gpxtpx:atemp>303.15</gpxtpx:atemp>
          </gpxtpx:TrackPointExtension>
        </extensions>
      </trkpt>
      <trkpt lat="30.501866" lon="34.957424">
        <ele>375.3</ele>
        <time>2026-03-31T05:33:32.000Z</time>
        <extensions>
          <gpxtpx:TrackPointExtension>
            <gpxtpx:hr>142</gpxtpx:hr>
            <gpxtpx:cad>0</gpxtpx:cad>
            <gpxtpx:atemp>303.15</gpxtpx:atemp>
          </gpxtpx:TrackPointExtension>
        </extensions>
      </trkpt>
      <trkpt lat="30.501813" lon="34.957515">
        <ele>374.5</ele>
        <time>2026-03-31T05:33:43.000Z</time>
        <extensions>
          <gpxtpx:TrackPointExtension>
            <gpxtpx:hr>145</gpxtpx:hr>
            <gpxtpx:cad>0</gpxtpx:cad>
            <gpxtpx:atemp>303.15</gpxtpx:atemp>
          </gpxtpx:TrackPointExtension>
        </extensions>
      </trkpt>
      <trkpt lat="30.501736" lon="34.957555">
        <ele>373.4</ele>
        <time>2026-03-31T05:33:52.000Z</time>
        <extensions>
          <gpxtpx:TrackPointExtension>
            <gpxtpx:hr>145</gpxtpx:hr>
            <gpxtpx:cad>51</gpxtpx:cad>
            <gpxtpx:atemp>303.15</gpxtpx:atemp>
          </gpxtpx:TrackPointExtension>
        </extensions>
      </trkpt>
      <trkpt lat="30.501699" lon="34.957621">
        <ele>372.6</ele>
        <time>2026-03-31T05:33:57.000Z</time>
        <extensions>
          <gpxtpx:TrackPointExtension>
            <gpxtpx:hr>144</gpxtpx:hr>
            <gpxtpx:cad>53</gpxtpx:cad>
            <gpxtpx:atemp>303.15</gpxtpx:atemp>
          </gpxtpx:TrackPointExtension>
        </extensions>
      </trkpt>
      <trkpt lat="30.501644" lon="34.957665">
        <ele>371.7</ele>
        <time>2026-03-31T05:34:04.000Z</time>
        <extensions>
          <gpxtpx:TrackPointExtension>
            <gpxtpx:hr>144</gpxtpx:hr>
            <gpxtpx:cad>0</gpxtpx:cad>
            <gpxtpx:atemp>303.15</gpxtpx:atemp>
          </gpxtpx:TrackPointExtension>
        </extensions>
      </trkpt>
      <trkpt lat="30.501606" lon="34.957676">
        <ele>371.2</ele>
        <time>2026-03-31T05:34:08.000Z</time>
        <extensions>
          <gpxtpx:TrackPointExtension>
            <gpxtpx:hr>145</gpxtpx:hr>
            <gpxtpx:cad>50</gpxtpx:cad>
            <gpxtpx:atemp>303.15</gpxtpx:atemp>
          </gpxtpx:TrackPointExtension>
        </extensions>
      </trkpt>
      <trkpt lat="30.501551" lon="34.957753">
        <ele>370.4</ele>
        <time>2026-03-31T05:34:16.000Z</time>
        <extensions>
          <gpxtpx:TrackPointExtension>
            <gpxtpx:hr>145</gpxtpx:hr>
            <gpxtpx:cad>55</gpxtpx:cad>
            <gpxtpx:atemp>302.15</gpxtpx:atemp>
          </gpxtpx:TrackPointExtension>
        </extensions>
      </trkpt>
      <trkpt lat="30.501520" lon="34.957874">
        <ele>369.9</ele>
        <time>2026-03-31T05:34:27.000Z</time>
        <extensions>
          <gpxtpx:TrackPointExtension>
            <gpxtpx:hr>147</gpxtpx:hr>
            <gpxtpx:cad>51</gpxtpx:cad>
            <gpxtpx:atemp>302.15</gpxtpx:atemp>
          </gpxtpx:TrackPointExtension>
        </extensions>
      </trkpt>
      <trkpt lat="30.501480" lon="34.957919">
        <ele>369.3</ele>
        <time>2026-03-31T05:34:31.000Z</time>
        <extensions>
          <gpxtpx:TrackPointExtension>
            <gpxtpx:hr>148</gpxtpx:hr>
            <gpxtpx:cad>47</gpxtpx:cad>
            <gpxtpx:atemp>302.15</gpxtpx:atemp>
          </gpxtpx:TrackPointExtension>
        </extensions>
      </trkpt>
      <trkpt lat="30.501364" lon="34.958017">
        <ele>368.1</ele>
        <time>2026-03-31T05:34:45.000Z</time>
        <extensions>
          <gpxtpx:TrackPointExtension>
            <gpxtpx:hr>151</gpxtpx:hr>
            <gpxtpx:cad>0</gpxtpx:cad>
            <gpxtpx:atemp>302.15</gpxtpx:atemp>
          </gpxtpx:TrackPointExtension>
        </extensions>
      </trkpt>
      <trkpt lat="30.501271" lon="34.958168">
        <ele>367.3</ele>
        <time>2026-03-31T05:34:57.000Z</time>
        <extensions>
          <gpxtpx:TrackPointExtension>
            <gpxtpx:hr>153</gpxtpx:hr>
            <gpxtpx:cad>55</gpxtpx:cad>
            <gpxtpx:atemp>302.15</gpxtpx:atemp>
          </gpxtpx:TrackPointExtension>
        </extensions>
      </trkpt>
      <trkpt lat="30.501224" lon="34.958229">
        <ele>366.8</ele>
        <time>2026-03-31T05:35:03.000Z</time>
        <extensions>
          <gpxtpx:TrackPointExtension>
            <gpxtpx:hr>153</gpxtpx:hr>
            <gpxtpx:cad>56</gpxtpx:cad>
            <gpxtpx:atemp>302.15</gpxtpx:atemp>
          </gpxtpx:TrackPointExtension>
        </extensions>
      </trkpt>
      <trkpt lat="30.501194" lon="34.958256">
        <ele>366.4</ele>
        <time>2026-03-31T05:35:06.000Z</time>
        <extensions>
          <gpxtpx:TrackPointExtension>
            <gpxtpx:hr>152</gpxtpx:hr>
            <gpxtpx:cad>56</gpxtpx:cad>
            <gpxtpx:atemp>302.15</gpxtpx:atemp>
          </gpxtpx:TrackPointExtension>
        </extensions>
      </trkpt>
      <trkpt lat="30.501113" lon="34.958384">
        <ele>365.6</ele>
        <time>2026-03-31T05:35:18.000Z</time>
        <extensions>
          <gpxtpx:TrackPointExtension>
            <gpxtpx:hr>154</gpxtpx:hr>
            <gpxtpx:cad>56</gpxtpx:cad>
            <gpxtpx:atemp>301.15</gpxtpx:atemp>
          </gpxtpx:TrackPointExtension>
        </extensions>
      </trkpt>
      <trkpt lat="30.501101" lon="34.958417">
        <ele>365.5</ele>
        <time>2026-03-31T05:35:21.000Z</time>
        <extensions>
          <gpxtpx:TrackPointExtension>
            <gpxtpx:hr>154</gpxtpx:hr>
            <gpxtpx:cad>52</gpxtpx:cad>
            <gpxtpx:atemp>302.15</gpxtpx:atemp>
          </gpxtpx:TrackPointExtension>
        </extensions>
      </trkpt>
      <trkpt lat="30.501022" lon="34.958528">
        <ele>364.5</ele>
        <time>2026-03-31T05:35:32.000Z</time>
        <extensions>
          <gpxtpx:TrackPointExtension>
            <gpxtpx:hr>154</gpxtpx:hr>
            <gpxtpx:cad>75</gpxtpx:cad>
            <gpxtpx:atemp>301.15</gpxtpx:atemp>
          </gpxtpx:TrackPointExtension>
        </extensions>
      </trkpt>
      <trkpt lat="30.500941" lon="34.958633">
        <ele>363.6</ele>
        <time>2026-03-31T05:35:40.000Z</time>
        <extensions>
          <gpxtpx:TrackPointExtension>
            <gpxtpx:hr>152</gpxtpx:hr>
            <gpxtpx:cad>76</gpxtpx:cad>
            <gpxtpx:atemp>302.15</gpxtpx:atemp>
          </gpxtpx:TrackPointExtension>
        </extensions>
      </trkpt>
      <trkpt lat="30.500909" lon="34.958707">
        <ele>363.6</ele>
        <time>2026-03-31T05:35:44.000Z</time>
        <extensions>
          <gpxtpx:TrackPointExtension>
            <gpxtpx:hr>152</gpxtpx:hr>
            <gpxtpx:cad>75</gpxtpx:cad>
            <gpxtpx:atemp>302.15</gpxtpx:atemp>
          </gpxtpx:TrackPointExtension>
        </extensions>
      </trkpt>
      <trkpt lat="30.500882" lon="34.958821">
        <ele>363.9</ele>
        <time>2026-03-31T05:35:50.000Z</time>
        <extensions>
          <gpxtpx:TrackPointExtension>
            <gpxtpx:hr>152</gpxtpx:hr>
            <gpxtpx:cad>72</gpxtpx:cad>
            <gpxtpx:atemp>302.15</gpxtpx:atemp>
          </gpxtpx:TrackPointExtension>
        </extensions>
      </trkpt>
      <trkpt lat="30.500845" lon="34.958865">
        <ele>363.5</ele>
        <time>2026-03-31T05:35:53.000Z</time>
        <extensions>
          <gpxtpx:TrackPointExtension>
            <gpxtpx:hr>152</gpxtpx:hr>
            <gpxtpx:cad>79</gpxtpx:cad>
            <gpxtpx:atemp>302.15</gpxtpx:atemp>
          </gpxtpx:TrackPointExtension>
        </extensions>
      </trkpt>
      <trkpt lat="30.500774" lon="34.958911">
        <ele>362.6</ele>
        <time>2026-03-31T05:35:58.000Z</time>
        <extensions>
          <gpxtpx:TrackPointExtension>
            <gpxtpx:hr>151</gpxtpx:hr>
            <gpxtpx:cad>79</gpxtpx:cad>
            <gpxtpx:atemp>302.15</gpxtpx:atemp>
          </gpxtpx:TrackPointExtension>
        </extensions>
      </trkpt>
      <trkpt lat="30.500672" lon="34.959074">
        <ele>361.8</ele>
        <time>2026-03-31T05:36:08.000Z</time>
        <extensions>
          <gpxtpx:TrackPointExtension>
            <gpxtpx:hr>151</gpxtpx:hr>
            <gpxtpx:cad>77</gpxtpx:cad>
            <gpxtpx:atemp>302.15</gpxtpx:atemp>
          </gpxtpx:TrackPointExtension>
        </extensions>
      </trkpt>
      <trkpt lat="30.500608" lon="34.959152">
        <ele>361.2</ele>
        <time>2026-03-31T05:36:13.000Z</time>
        <extensions>
          <gpxtpx:TrackPointExtension>
            <gpxtpx:hr>151</gpxtpx:hr>
            <gpxtpx:cad>74</gpxtpx:cad>
            <gpxtpx:atemp>302.15</gpxtpx:atemp>
          </gpxtpx:TrackPointExtension>
        </extensions>
      </trkpt>
      <trkpt lat="30.500567" lon="34.959232">
        <ele>360.9</ele>
        <time>2026-03-31T05:36:18.000Z</time>
        <extensions>
          <gpxtpx:TrackPointExtension>
            <gpxtpx:hr>150</gpxtpx:hr>
            <gpxtpx:cad>72</gpxtpx:cad>
            <gpxtpx:atemp>302.15</gpxtpx:atemp>
          </gpxtpx:TrackPointExtension>
        </extensions>
      </trkpt>
      <trkpt lat="30.500487" lon="34.959321">
        <ele>360.0</ele>
        <time>2026-03-31T05:36:25.000Z</time>
        <extensions>
          <gpxtpx:TrackPointExtension>
            <gpxtpx:hr>150</gpxtpx:hr>
            <gpxtpx:cad>51</gpxtpx:cad>
            <gpxtpx:atemp>302.15</gpxtpx:atemp>
          </gpxtpx:TrackPointExtension>
        </extensions>
      </trkpt>
      <trkpt lat="30.500501" lon="34.959415">
        <ele>360.2</ele>
        <time>2026-03-31T05:36:32.000Z</time>
        <extensions>
          <gpxtpx:TrackPointExtension>
            <gpxtpx:hr>150</gpxtpx:hr>
            <gpxtpx:cad>49</gpxtpx:cad>
            <gpxtpx:atemp>302.15</gpxtpx:atemp>
          </gpxtpx:TrackPointExtension>
        </extensions>
      </trkpt>
      <trkpt lat="30.500484" lon="34.959463">
        <ele>360.0</ele>
        <time>2026-03-31T05:36:36.000Z</time>
        <extensions>
          <gpxtpx:TrackPointExtension>
            <gpxtpx:hr>147</gpxtpx:hr>
            <gpxtpx:cad>56</gpxtpx:cad>
            <gpxtpx:atemp>302.15</gpxtpx:atemp>
          </gpxtpx:TrackPointExtension>
        </extensions>
      </trkpt>
      <trkpt lat="30.500476" lon="34.959548">
        <ele>359.9</ele>
        <time>2026-03-31T05:36:43.000Z</time>
        <extensions>
          <gpxtpx:TrackPointExtension>
            <gpxtpx:hr>144</gpxtpx:hr>
            <gpxtpx:cad>73</gpxtpx:cad>
            <gpxtpx:atemp>302.15</gpxtpx:atemp>
          </gpxtpx:TrackPointExtension>
        </extensions>
      </trkpt>
      <trkpt lat="30.500433" lon="34.959604">
        <ele>359.3</ele>
        <time>2026-03-31T05:36:47.000Z</time>
        <extensions>
          <gpxtpx:TrackPointExtension>
            <gpxtpx:hr>145</gpxtpx:hr>
            <gpxtpx:cad>73</gpxtpx:cad>
            <gpxtpx:atemp>302.15</gpxtpx:atemp>
          </gpxtpx:TrackPointExtension>
        </extensions>
      </trkpt>
      <trkpt lat="30.500331" lon="34.959724">
        <ele>358.7</ele>
        <time>2026-03-31T05:36:57.000Z</time>
        <extensions>
          <gpxtpx:TrackPointExtension>
            <gpxtpx:hr>145</gpxtpx:hr>
            <gpxtpx:cad>74</gpxtpx:cad>
            <gpxtpx:atemp>302.15</gpxtpx:atemp>
          </gpxtpx:TrackPointExtension>
        </extensions>
      </trkpt>
      <trkpt lat="30.500252" lon="34.959825">
        <ele>358.2</ele>
        <time>2026-03-31T05:37:04.000Z</time>
        <extensions>
          <gpxtpx:TrackPointExtension>
            <gpxtpx:hr>144</gpxtpx:hr>
            <gpxtpx:cad>76</gpxtpx:cad>
            <gpxtpx:atemp>302.15</gpxtpx:atemp>
          </gpxtpx:TrackPointExtension>
        </extensions>
      </trkpt>
      <trkpt lat="30.500170" lon="34.959964">
        <ele>357.7</ele>
        <time>2026-03-31T05:37:14.000Z</time>
        <extensions>
          <gpxtpx:TrackPointExtension>
            <gpxtpx:hr>144</gpxtpx:hr>
            <gpxtpx:cad>55</gpxtpx:cad>
            <gpxtpx:atemp>302.15</gpxtpx:atemp>
          </gpxtpx:TrackPointExtension>
        </extensions>
      </trkpt>
      <trkpt lat="30.500155" lon="34.959995">
        <ele>357.6</ele>
        <time>2026-03-31T05:37:17.000Z</time>
        <extensions>
          <gpxtpx:TrackPointExtension>
            <gpxtpx:hr>144</gpxtpx:hr>
            <gpxtpx:cad>54</gpxtpx:cad>
            <gpxtpx:atemp>302.15</gpxtpx:atemp>
          </gpxtpx:TrackPointExtension>
        </extensions>
      </trkpt>
      <trkpt lat="30.500083" lon="34.960081">
        <ele>357.4</ele>
        <time>2026-03-31T05:37:27.000Z</time>
        <extensions>
          <gpxtpx:TrackPointExtension>
            <gpxtpx:hr>145</gpxtpx:hr>
            <gpxtpx:cad>51</gpxtpx:cad>
            <gpxtpx:atemp>302.15</gpxtpx:atemp>
          </gpxtpx:TrackPointExtension>
        </extensions>
      </trkpt>
      <trkpt lat="30.500055" lon="34.960162">
        <ele>357.4</ele>
        <time>2026-03-31T05:37:33.000Z</time>
        <extensions>
          <gpxtpx:TrackPointExtension>
            <gpxtpx:hr>146</gpxtpx:hr>
            <gpxtpx:cad>0</gpxtpx:cad>
            <gpxtpx:atemp>302.15</gpxtpx:atemp>
          </gpxtpx:TrackPointExtension>
        </extensions>
      </trkpt>
      <trkpt lat="30.500038" lon="34.960254">
        <ele>357.3</ele>
        <time>2026-03-31T05:37:42.000Z</time>
        <extensions>
          <gpxtpx:TrackPointExtension>
            <gpxtpx:hr>146</gpxtpx:hr>
            <gpxtpx:cad>0</gpxtpx:cad>
            <gpxtpx:atemp>302.15</gpxtpx:atemp>
          </gpxtpx:TrackPointExtension>
        </extensions>
      </trkpt>
      <trkpt lat="30.499997" lon="34.960373">
        <ele>357.0</ele>
        <time>2026-03-31T05:37:52.000Z</time>
        <extensions>
          <gpxtpx:TrackPointExtension>
            <gpxtpx:hr>147</gpxtpx:hr>
            <gpxtpx:cad>56</gpxtpx:cad>
            <gpxtpx:atemp>302.15</gpxtpx:atemp>
          </gpxtpx:TrackPointExtension>
        </extensions>
      </trkpt>
      <trkpt lat="30.499970" lon="34.960556">
        <ele>356.3</ele>
        <time>2026-03-31T05:38:05.000Z</time>
        <extensions>
          <gpxtpx:TrackPointExtension>
            <gpxtpx:hr>147</gpxtpx:hr>
            <gpxtpx:cad>57</gpxtpx:cad>
            <gpxtpx:atemp>302.15</gpxtpx:atemp>
          </gpxtpx:TrackPointExtension>
        </extensions>
      </trkpt>
      <trkpt lat="30.499978" lon="34.960620">
        <ele>356.1</ele>
        <time>2026-03-31T05:38:10.000Z</time>
        <extensions>
          <gpxtpx:TrackPointExtension>
            <gpxtpx:hr>148</gpxtpx:hr>
            <gpxtpx:cad>74</gpxtpx:cad>
            <gpxtpx:atemp>302.15</gpxtpx:atemp>
          </gpxtpx:TrackPointExtension>
        </extensions>
      </trkpt>
      <trkpt lat="30.499987" lon="34.960772">
        <ele>355.9</ele>
        <time>2026-03-31T05:38:19.000Z</time>
        <extensions>
          <gpxtpx:TrackPointExtension>
            <gpxtpx:hr>147</gpxtpx:hr>
            <gpxtpx:cad>0</gpxtpx:cad>
            <gpxtpx:atemp>302.15</gpxtpx:atemp>
          </gpxtpx:TrackPointExtension>
        </extensions>
      </trkpt>
      <trkpt lat="30.499978" lon="34.960850">
        <ele>355.8</ele>
        <time>2026-03-31T05:38:25.000Z</time>
        <extensions>
          <gpxtpx:TrackPointExtension>
            <gpxtpx:hr>147</gpxtpx:hr>
            <gpxtpx:cad>52</gpxtpx:cad>
            <gpxtpx:atemp>302.15</gpxtpx:atemp>
          </gpxtpx:TrackPointExtension>
        </extensions>
      </trkpt>
      <trkpt lat="30.499953" lon="34.960920">
        <ele>355.7</ele>
        <time>2026-03-31T05:38:31.000Z</time>
        <extensions>
          <gpxtpx:TrackPointExtension>
            <gpxtpx:hr>147</gpxtpx:hr>
            <gpxtpx:cad>68</gpxtpx:cad>
            <gpxtpx:atemp>302.15</gpxtpx:atemp>
          </gpxtpx:TrackPointExtension>
        </extensions>
      </trkpt>
      <trkpt lat="30.499976" lon="34.961065">
        <ele>355.7</ele>
        <time>2026-03-31T05:38:43.000Z</time>
        <extensions>
          <gpxtpx:TrackPointExtension>
            <gpxtpx:hr>149</gpxtpx:hr>
            <gpxtpx:cad>68</gpxtpx:cad>
            <gpxtpx:atemp>302.15</gpxtpx:atemp>
          </gpxtpx:TrackPointExtension>
        </extensions>
      </trkpt>
      <trkpt lat="30.500004" lon="34.961140">
        <ele>355.7</ele>
        <time>2026-03-31T05:38:48.000Z</time>
        <extensions>
          <gpxtpx:TrackPointExtension>
            <gpxtpx:hr>151</gpxtpx:hr>
            <gpxtpx:cad>0</gpxtpx:cad>
            <gpxtpx:atemp>302.15</gpxtpx:atemp>
          </gpxtpx:TrackPointExtension>
        </extensions>
      </trkpt>
      <trkpt lat="30.500001" lon="34.961250">
        <ele>355.5</ele>
        <time>2026-03-31T05:38:55.000Z</time>
        <extensions>
          <gpxtpx:TrackPointExtension>
            <gpxtpx:hr>153</gpxtpx:hr>
            <gpxtpx:cad>50</gpxtpx:cad>
            <gpxtpx:atemp>302.15</gpxtpx:atemp>
          </gpxtpx:TrackPointExtension>
        </extensions>
      </trkpt>
      <trkpt lat="30.500007" lon="34.961392">
        <ele>355.0</ele>
        <time>2026-03-31T05:39:07.000Z</time>
        <extensions>
          <gpxtpx:TrackPointExtension>
            <gpxtpx:hr>153</gpxtpx:hr>
            <gpxtpx:cad>57</gpxtpx:cad>
            <gpxtpx:atemp>302.15</gpxtpx:atemp>
          </gpxtpx:TrackPointExtension>
        </extensions>
      </trkpt>
      <trkpt lat="30.500029" lon="34.961455">
        <ele>354.9</ele>
        <time>2026-03-31T05:39:12.000Z</time>
        <extensions>
          <gpxtpx:TrackPointExtension>
            <gpxtpx:hr>152</gpxtpx:hr>
            <gpxtpx:cad>56</gpxtpx:cad>
            <gpxtpx:atemp>302.15</gpxtpx:atemp>
          </gpxtpx:TrackPointExtension>
        </extensions>
      </trkpt>
      <trkpt lat="30.500050" lon="34.961568">
        <ele>354.6</ele>
        <time>2026-03-31T05:39:20.000Z</time>
        <extensions>
          <gpxtpx:TrackPointExtension>
            <gpxtpx:hr>151</gpxtpx:hr>
            <gpxtpx:cad>57</gpxtpx:cad>
            <gpxtpx:atemp>302.15</gpxtpx:atemp>
          </gpxtpx:TrackPointExtension>
        </extensions>
      </trkpt>
      <trkpt lat="30.500070" lon="34.961613">
        <ele>354.5</ele>
        <time>2026-03-31T05:39:24.000Z</time>
        <extensions>
          <gpxtpx:TrackPointExtension>
            <gpxtpx:hr>151</gpxtpx:hr>
            <gpxtpx:cad>0</gpxtpx:cad>
            <gpxtpx:atemp>302.15</gpxtpx:atemp>
          </gpxtpx:TrackPointExtension>
        </extensions>
      </trkpt>
      <trkpt lat="30.500134" lon="34.961740">
        <ele>354.2</ele>
        <time>2026-03-31T05:39:34.000Z</time>
        <extensions>
          <gpxtpx:TrackPointExtension>
            <gpxtpx:hr>149</gpxtpx:hr>
            <gpxtpx:cad>75</gpxtpx:cad>
            <gpxtpx:atemp>302.15</gpxtpx:atemp>
          </gpxtpx:TrackPointExtension>
        </extensions>
      </trkpt>
      <trkpt lat="30.500169" lon="34.961803">
        <ele>354.1</ele>
        <time>2026-03-31T05:39:38.000Z</time>
        <extensions>
          <gpxtpx:TrackPointExtension>
            <gpxtpx:hr>148</gpxtpx:hr>
            <gpxtpx:cad>77</gpxtpx:cad>
            <gpxtpx:atemp>302.15</gpxtpx:atemp>
          </gpxtpx:TrackPointExtension>
        </extensions>
      </trkpt>
      <trkpt lat="30.500271" lon="34.961965">
        <ele>353.9</ele>
        <time>2026-03-31T05:39:48.000Z</time>
        <extensions>
          <gpxtpx:TrackPointExtension>
            <gpxtpx:hr>148</gpxtpx:hr>
            <gpxtpx:cad>76</gpxtpx:cad>
            <gpxtpx:atemp>302.15</gpxtpx:atemp>
          </gpxtpx:TrackPointExtension>
        </extensions>
      </trkpt>
      <trkpt lat="30.500282" lon="34.962008">
        <ele>353.8</ele>
        <time>2026-03-31T05:39:50.000Z</time>
        <extensions>
          <gpxtpx:TrackPointExtension>
            <gpxtpx:hr>149</gpxtpx:hr>
            <gpxtpx:cad>75</gpxtpx:cad>
            <gpxtpx:atemp>302.15</gpxtpx:atemp>
          </gpxtpx:TrackPointExtension>
        </extensions>
      </trkpt>
      <trkpt lat="30.500347" lon="34.962128">
        <ele>353.1</ele>
        <time>2026-03-31T05:39:57.000Z</time>
        <extensions>
          <gpxtpx:TrackPointExtension>
            <gpxtpx:hr>150</gpxtpx:hr>
            <gpxtpx:cad>77</gpxtpx:cad>
            <gpxtpx:atemp>302.15</gpxtpx:atemp>
          </gpxtpx:TrackPointExtension>
        </extensions>
      </trkpt>
      <trkpt lat="30.500394" lon="34.962291">
        <ele>352.3</ele>
        <time>2026-03-31T05:40:06.000Z</time>
        <extensions>
          <gpxtpx:TrackPointExtension>
            <gpxtpx:hr>148</gpxtpx:hr>
            <gpxtpx:cad>76</gpxtpx:cad>
            <gpxtpx:atemp>302.15</gpxtpx:atemp>
          </gpxtpx:TrackPointExtension>
        </extensions>
      </trkpt>
      <trkpt lat="30.500431" lon="34.962498">
        <ele>351.0</ele>
        <time>2026-03-31T05:40:17.000Z</time>
        <extensions>
          <gpxtpx:TrackPointExtension>
            <gpxtpx:hr>150</gpxtpx:hr>
            <gpxtpx:cad>75</gpxtpx:cad>
            <gpxtpx:atemp>302.15</gpxtpx:atemp>
          </gpxtpx:TrackPointExtension>
        </extensions>
      </trkpt>
      <trkpt lat="30.500429" lon="34.962609">
        <ele>350.2</ele>
        <time>2026-03-31T05:40:23.000Z</time>
        <extensions>
          <gpxtpx:TrackPointExtension>
            <gpxtpx:hr>150</gpxtpx:hr>
            <gpxtpx:cad>72</gpxtpx:cad>
            <gpxtpx:atemp>302.15</gpxtpx:atemp>
          </gpxtpx:TrackPointExtension>
        </extensions>
      </trkpt>
      <trkpt lat="30.500464" lon="34.962684">
        <ele>349.5</ele>
        <time>2026-03-31T05:40:28.000Z</time>
        <extensions>
          <gpxtpx:TrackPointExtension>
            <gpxtpx:hr>150</gpxtpx:hr>
            <gpxtpx:cad>66</gpxtpx:cad>
            <gpxtpx:atemp>302.15</gpxtpx:atemp>
          </gpxtpx:TrackPointExtension>
        </extensions>
      </trkpt>
      <trkpt lat="30.500498" lon="34.962720">
        <ele>349.1</ele>
        <time>2026-03-31T05:40:31.000Z</time>
        <extensions>
          <gpxtpx:TrackPointExtension>
            <gpxtpx:hr>152</gpxtpx:hr>
            <gpxtpx:cad>67</gpxtpx:cad>
            <gpxtpx:atemp>302.15</gpxtpx:atemp>
          </gpxtpx:TrackPointExtension>
        </extensions>
      </trkpt>
      <trkpt lat="30.500541" lon="34.962826">
        <ele>348.2</ele>
        <time>2026-03-31T05:40:38.000Z</time>
        <extensions>
          <gpxtpx:TrackPointExtension>
            <gpxtpx:hr>153</gpxtpx:hr>
            <gpxtpx:cad>70</gpxtpx:cad>
            <gpxtpx:atemp>302.15</gpxtpx:atemp>
          </gpxtpx:TrackPointExtension>
        </extensions>
      </trkpt>
      <trkpt lat="30.500571" lon="34.963006">
        <ele>346.8</ele>
        <time>2026-03-31T05:40:48.000Z</time>
        <extensions>
          <gpxtpx:TrackPointExtension>
            <gpxtpx:hr>152</gpxtpx:hr>
            <gpxtpx:cad>52</gpxtpx:cad>
            <gpxtpx:atemp>302.15</gpxtpx:atemp>
          </gpxtpx:TrackPointExtension>
        </extensions>
      </trkpt>
      <trkpt lat="30.500554" lon="34.963069">
        <ele>346.4</ele>
        <time>2026-03-31T05:40:53.000Z</time>
        <extensions>
          <gpxtpx:TrackPointExtension>
            <gpxtpx:hr>153</gpxtpx:hr>
            <gpxtpx:cad>57</gpxtpx:cad>
            <gpxtpx:atemp>303.15</gpxtpx:atemp>
          </gpxtpx:TrackPointExtension>
        </extensions>
      </trkpt>
      <trkpt lat="30.500570" lon="34.963217">
        <ele>345.3</ele>
        <time>2026-03-31T05:41:04.000Z</time>
        <extensions>
          <gpxtpx:TrackPointExtension>
            <gpxtpx:hr>151</gpxtpx:hr>
            <gpxtpx:cad>78</gpxtpx:cad>
            <gpxtpx:atemp>303.15</gpxtpx:atemp>
          </gpxtpx:TrackPointExtension>
        </extensions>
      </trkpt>
      <trkpt lat="30.500547" lon="34.963327">
        <ele>344.6</ele>
        <time>2026-03-31T05:41:09.000Z</time>
        <extensions>
          <gpxtpx:TrackPointExtension>
            <gpxtpx:hr>150</gpxtpx:hr>
            <gpxtpx:cad>78</gpxtpx:cad>
            <gpxtpx:atemp>303.15</gpxtpx:atemp>
          </gpxtpx:TrackPointExtension>
        </extensions>
      </trkpt>
      <trkpt lat="30.500543" lon="34.963495">
        <ele>343.5</ele>
        <time>2026-03-31T05:41:17.000Z</time>
        <extensions>
          <gpxtpx:TrackPointExtension>
            <gpxtpx:hr>151</gpxtpx:hr>
            <gpxtpx:cad>76</gpxtpx:cad>
            <gpxtpx:atemp>303.15</gpxtpx:atemp>
          </gpxtpx:TrackPointExtension>
        </extensions>
      </trkpt>
      <trkpt lat="30.500516" lon="34.963688">
        <ele>342.9</ele>
        <time>2026-03-31T05:41:26.000Z</time>
        <extensions>
          <gpxtpx:TrackPointExtension>
            <gpxtpx:hr>149</gpxtpx:hr>
            <gpxtpx:cad>74</gpxtpx:cad>
            <gpxtpx:atemp>303.15</gpxtpx:atemp>
          </gpxtpx:TrackPointExtension>
        </extensions>
      </trkpt>
      <trkpt lat="30.500511" lon="34.963909">
        <ele>343.2</ele>
        <time>2026-03-31T05:41:39.000Z</time>
        <extensions>
          <gpxtpx:TrackPointExtension>
            <gpxtpx:hr>151</gpxtpx:hr>
            <gpxtpx:cad>76</gpxtpx:cad>
            <gpxtpx:atemp>303.15</gpxtpx:atemp>
          </gpxtpx:TrackPointExtension>
        </extensions>
      </trkpt>
      <trkpt lat="30.500527" lon="34.964032">
        <ele>343.6</ele>
        <time>2026-03-31T05:41:46.000Z</time>
        <extensions>
          <gpxtpx:TrackPointExtension>
            <gpxtpx:hr>149</gpxtpx:hr>
            <gpxtpx:cad>76</gpxtpx:cad>
            <gpxtpx:atemp>303.15</gpxtpx:atemp>
          </gpxtpx:TrackPointExtension>
        </extensions>
      </trkpt>
      <trkpt lat="30.500520" lon="34.964144">
        <ele>343.6</ele>
        <time>2026-03-31T05:41:51.000Z</time>
        <extensions>
          <gpxtpx:TrackPointExtension>
            <gpxtpx:hr>149</gpxtpx:hr>
            <gpxtpx:cad>77</gpxtpx:cad>
            <gpxtpx:atemp>303.15</gpxtpx:atemp>
          </gpxtpx:TrackPointExtension>
        </extensions>
      </trkpt>
      <trkpt lat="30.500525" lon="34.964186">
        <ele>343.6</ele>
        <time>2026-03-31T05:41:53.000Z</time>
        <extensions>
          <gpxtpx:TrackPointExtension>
            <gpxtpx:hr>149</gpxtpx:hr>
            <gpxtpx:cad>77</gpxtpx:cad>
            <gpxtpx:atemp>303.15</gpxtpx:atemp>
          </gpxtpx:TrackPointExtension>
        </extensions>
      </trkpt>
      <trkpt lat="30.500515" lon="34.964266">
        <ele>343.6</ele>
        <time>2026-03-31T05:41:56.000Z</time>
        <extensions>
          <gpxtpx:TrackPointExtension>
            <gpxtpx:hr>149</gpxtpx:hr>
            <gpxtpx:cad>77</gpxtpx:cad>
            <gpxtpx:atemp>303.15</gpxtpx:atemp>
          </gpxtpx:TrackPointExtension>
        </extensions>
      </trkpt>
      <trkpt lat="30.500518" lon="34.964326">
        <ele>343.6</ele>
        <time>2026-03-31T05:41:59.000Z</time>
        <extensions>
          <gpxtpx:TrackPointExtension>
            <gpxtpx:hr>149</gpxtpx:hr>
            <gpxtpx:cad>78</gpxtpx:cad>
            <gpxtpx:atemp>303.15</gpxtpx:atemp>
          </gpxtpx:TrackPointExtension>
        </extensions>
      </trkpt>
      <trkpt lat="30.500545" lon="34.964536">
        <ele>343.5</ele>
        <time>2026-03-31T05:42:08.000Z</time>
        <extensions>
          <gpxtpx:TrackPointExtension>
            <gpxtpx:hr>148</gpxtpx:hr>
            <gpxtpx:cad>80</gpxtpx:cad>
            <gpxtpx:atemp>303.15</gpxtpx:atemp>
          </gpxtpx:TrackPointExtension>
        </extensions>
      </trkpt>
      <trkpt lat="30.500565" lon="34.964766">
        <ele>344.5</ele>
        <time>2026-03-31T05:42:18.000Z</time>
        <extensions>
          <gpxtpx:TrackPointExtension>
            <gpxtpx:hr>147</gpxtpx:hr>
            <gpxtpx:cad>79</gpxtpx:cad>
            <gpxtpx:atemp>303.15</gpxtpx:atemp>
          </gpxtpx:TrackPointExtension>
        </extensions>
      </trkpt>
      <trkpt lat="30.500571" lon="34.964786">
        <ele>344.6</ele>
        <time>2026-03-31T05:42:19.000Z</time>
        <extensions>
          <gpxtpx:TrackPointExtension>
            <gpxtpx:hr>147</gpxtpx:hr>
            <gpxtpx:cad>79</gpxtpx:cad>
            <gpxtpx:atemp>303.15</gpxtpx:atemp>
          </gpxtpx:TrackPointExtension>
        </extensions>
      </trkpt>
      <trkpt lat="30.500598" lon="34.964979">
        <ele>345.6</ele>
        <time>2026-03-31T05:42:27.000Z</time>
        <extensions>
          <gpxtpx:TrackPointExtension>
            <gpxtpx:hr>145</gpxtpx:hr>
            <gpxtpx:cad>79</gpxtpx:cad>
            <gpxtpx:atemp>303.15</gpxtpx:atemp>
          </gpxtpx:TrackPointExtension>
        </extensions>
      </trkpt>
      <trkpt lat="30.500637" lon="34.965182">
        <ele>346.4</ele>
        <time>2026-03-31T05:42:36.000Z</time>
        <extensions>
          <gpxtpx:TrackPointExtension>
            <gpxtpx:hr>143</gpxtpx:hr>
            <gpxtpx:cad>79</gpxtpx:cad>
            <gpxtpx:atemp>303.15</gpxtpx:atemp>
          </gpxtpx:TrackPointExtension>
        </extensions>
      </trkpt>
      <trkpt lat="30.500694" lon="34.965429">
        <ele>347.0</ele>
        <time>2026-03-31T05:42:47.000Z</time>
        <extensions>
          <gpxtpx:TrackPointExtension>
            <gpxtpx:hr>138</gpxtpx:hr>
            <gpxtpx:cad>77</gpxtpx:cad>
            <gpxtpx:atemp>303.15</gpxtpx:atemp>
          </gpxtpx:TrackPointExtension>
        </extensions>
      </trkpt>
      <trkpt lat="30.500719" lon="34.965612">
        <ele>347.0</ele>
        <time>2026-03-31T05:42:55.000Z</time>
        <extensions>
          <gpxtpx:TrackPointExtension>
            <gpxtpx:hr>134</gpxtpx:hr>
            <gpxtpx:cad>78</gpxtpx:cad>
            <gpxtpx:atemp>303.15</gpxtpx:atemp>
          </gpxtpx:TrackPointExtension>
        </extensions>
      </trkpt>
      <trkpt lat="30.500745" lon="34.965751">
        <ele>347.2</ele>
        <time>2026-03-31T05:43:01.000Z</time>
        <extensions>
          <gpxtpx:TrackPointExtension>
            <gpxtpx:hr>131</gpxtpx:hr>
            <gpxtpx:cad>78</gpxtpx:cad>
            <gpxtpx:atemp>303.15</gpxtpx:atemp>
          </gpxtpx:TrackPointExtension>
        </extensions>
      </trkpt>
      <trkpt lat="30.500760" lon="34.965909">
        <ele>347.6</ele>
        <time>2026-03-31T05:43:08.000Z</time>
        <extensions>
          <gpxtpx:TrackPointExtension>
            <gpxtpx:hr>129</gpxtpx:hr>
            <gpxtpx:cad>80</gpxtpx:cad>
            <gpxtpx:atemp>303.15</gpxtpx:atemp>
          </gpxtpx:TrackPointExtension>
        </extensions>
      </trkpt>
      <trkpt lat="30.500794" lon="34.965997">
        <ele>347.6</ele>
        <time>2026-03-31T05:43:12.000Z</time>
        <extensions>
          <gpxtpx:TrackPointExtension>
            <gpxtpx:hr>130</gpxtpx:hr>
            <gpxtpx:cad>60</gpxtpx:cad>
            <gpxtpx:atemp>303.15</gpxtpx:atemp>
          </gpxtpx:TrackPointExtension>
        </extensions>
      </trkpt>
      <trkpt lat="30.500841" lon="34.966152">
        <ele>347.2</ele>
        <time>2026-03-31T05:43:23.000Z</time>
        <extensions>
          <gpxtpx:TrackPointExtension>
            <gpxtpx:hr>129</gpxtpx:hr>
            <gpxtpx:cad>57</gpxtpx:cad>
            <gpxtpx:atemp>303.15</gpxtpx:atemp>
          </gpxtpx:TrackPointExtension>
        </extensions>
      </trkpt>
      <trkpt lat="30.500871" lon="34.966217">
        <ele>347.0</ele>
        <time>2026-03-31T05:43:29.000Z</time>
        <extensions>
          <gpxtpx:TrackPointExtension>
            <gpxtpx:hr>130</gpxtpx:hr>
            <gpxtpx:cad>54</gpxtpx:cad>
            <gpxtpx:atemp>303.15</gpxtpx:atemp>
          </gpxtpx:TrackPointExtension>
        </extensions>
      </trkpt>
      <trkpt lat="30.500891" lon="34.966290">
        <ele>346.9</ele>
        <time>2026-03-31T05:43:35.000Z</time>
        <extensions>
          <gpxtpx:TrackPointExtension>
            <gpxtpx:hr>129</gpxtpx:hr>
            <gpxtpx:cad>55</gpxtpx:cad>
            <gpxtpx:atemp>303.15</gpxtpx:atemp>
          </gpxtpx:TrackPointExtension>
        </extensions>
      </trkpt>
      <trkpt lat="30.500909" lon="34.966414">
        <ele>346.5</ele>
        <time>2026-03-31T05:43:44.000Z</time>
        <extensions>
          <gpxtpx:TrackPointExtension>
            <gpxtpx:hr>131</gpxtpx:hr>
            <gpxtpx:cad>55</gpxtpx:cad>
            <gpxtpx:atemp>303.15</gpxtpx:atemp>
          </gpxtpx:TrackPointExtension>
        </extensions>
      </trkpt>
      <trkpt lat="30.500949" lon="34.966569">
        <ele>345.9</ele>
        <time>2026-03-31T05:43:56.000Z</time>
        <extensions>
          <gpxtpx:TrackPointExtension>
            <gpxtpx:hr>134</gpxtpx:hr>
            <gpxtpx:cad>57</gpxtpx:cad>
            <gpxtpx:atemp>303.15</gpxtpx:atemp>
          </gpxtpx:TrackPointExtension>
        </extensions>
      </trkpt>
      <trkpt lat="30.500956" lon="34.966624">
        <ele>345.7</ele>
        <time>2026-03-31T05:44:00.000Z</time>
        <extensions>
          <gpxtpx:TrackPointExtension>
            <gpxtpx:hr>132</gpxtpx:hr>
            <gpxtpx:cad>57</gpxtpx:cad>
            <gpxtpx:atemp>303.15</gpxtpx:atemp>
          </gpxtpx:TrackPointExtension>
        </extensions>
      </trkpt>
      <trkpt lat="30.500981" lon="34.966679">
        <ele>345.5</ele>
        <time>2026-03-31T05:44:04.000Z</time>
        <extensions>
          <gpxtpx:TrackPointExtension>
            <gpxtpx:hr>132</gpxtpx:hr>
            <gpxtpx:cad>0</gpxtpx:cad>
            <gpxtpx:atemp>303.15</gpxtpx:atemp>
          </gpxtpx:TrackPointExtension>
        </extensions>
      </trkpt>
      <trkpt lat="30.500986" lon="34.966748">
        <ele>345.2</ele>
        <time>2026-03-31T05:44:14.000Z</time>
        <extensions>
          <gpxtpx:TrackPointExtension>
            <gpxtpx:hr>136</gpxtpx:hr>
            <gpxtpx:cad>56</gpxtpx:cad>
            <gpxtpx:atemp>303.15</gpxtpx:atemp>
          </gpxtpx:TrackPointExtension>
        </extensions>
      </trkpt>
      <trkpt lat="30.501006" lon="34.966800">
        <ele>345.0</ele>
        <time>2026-03-31T05:44:18.000Z</time>
        <extensions>
          <gpxtpx:TrackPointExtension>
            <gpxtpx:hr>138</gpxtpx:hr>
            <gpxtpx:cad>59</gpxtpx:cad>
            <gpxtpx:atemp>304.15</gpxtpx:atemp>
          </gpxtpx:TrackPointExtension>
        </extensions>
      </trkpt>
      <trkpt lat="30.501025" lon="34.966943">
        <ele>344.5</ele>
        <time>2026-03-31T05:44:28.000Z</time>
        <extensions>
          <gpxtpx:TrackPointExtension>
            <gpxtpx:hr>141</gpxtpx:hr>
            <gpxtpx:cad>57</gpxtpx:cad>
            <gpxtpx:atemp>304.15</gpxtpx:atemp>
          </gpxtpx:TrackPointExtension>
        </extensions>
      </trkpt>
      <trkpt lat="30.501051" lon="34.966997">
        <ele>344.3</ele>
        <time>2026-03-31T05:44:33.000Z</time>
        <extensions>
          <gpxtpx:TrackPointExtension>
            <gpxtpx:hr>142</gpxtpx:hr>
            <gpxtpx:cad>58</gpxtpx:cad>
            <gpxtpx:atemp>304.15</gpxtpx:atemp>
          </gpxtpx:TrackPointExtension>
        </extensions>
      </trkpt>
      <trkpt lat="30.501098" lon="34.967171">
        <ele>343.5</ele>
        <time>2026-03-31T05:44:45.000Z</time>
        <extensions>
          <gpxtpx:TrackPointExtension>
            <gpxtpx:hr>148</gpxtpx:hr>
            <gpxtpx:cad>57</gpxtpx:cad>
            <gpxtpx:atemp>304.15</gpxtpx:atemp>
          </gpxtpx:TrackPointExtension>
        </extensions>
      </trkpt>
      <trkpt lat="30.501156" lon="34.967355">
        <ele>342.7</ele>
        <time>2026-03-31T05:44:58.000Z</time>
        <extensions>
          <gpxtpx:TrackPointExtension>
            <gpxtpx:hr>154</gpxtpx:hr>
            <gpxtpx:cad>55</gpxtpx:cad>
            <gpxtpx:atemp>305.15</gpxtpx:atemp>
          </gpxtpx:TrackPointExtension>
        </extensions>
      </trkpt>
      <trkpt lat="30.501179" lon="34.967499">
        <ele>341.8</ele>
        <time>2026-03-31T05:45:08.000Z</time>
        <extensions>
          <gpxtpx:TrackPointExtension>
            <gpxtpx:hr>158</gpxtpx:hr>
            <gpxtpx:cad>56</gpxtpx:cad>
            <gpxtpx:atemp>305.15</gpxtpx:atemp>
          </gpxtpx:TrackPointExtension>
        </extensions>
      </trkpt>
      <trkpt lat="30.501215" lon="34.967620">
        <ele>341.0</ele>
        <time>2026-03-31T05:45:17.000Z</time>
        <extensions>
          <gpxtpx:TrackPointExtension>
            <gpxtpx:hr>160</gpxtpx:hr>
            <gpxtpx:cad>53</gpxtpx:cad>
            <gpxtpx:atemp>305.15</gpxtpx:atemp>
          </gpxtpx:TrackPointExtension>
        </extensions>
      </trkpt>
      <trkpt lat="30.501211" lon="34.967724">
        <ele>340.2</ele>
        <time>2026-03-31T05:45:25.000Z</time>
        <extensions>
          <gpxtpx:TrackPointExtension>
            <gpxtpx:hr>160</gpxtpx:hr>
            <gpxtpx:cad>46</gpxtpx:cad>
            <gpxtpx:atemp>305.15</gpxtpx:atemp>
          </gpxtpx:TrackPointExtension>
        </extensions>
      </trkpt>
      <trkpt lat="30.501215" lon="34.967841">
        <ele>339.4</ele>
        <time>2026-03-31T05:45:42.000Z</time>
        <extensions>
          <gpxtpx:TrackPointExtension>
            <gpxtpx:hr>160</gpxtpx:hr>
            <gpxtpx:cad>42</gpxtpx:cad>
            <gpxtpx:atemp>305.15</gpxtpx:atemp>
          </gpxtpx:TrackPointExtension>
        </extensions>
      </trkpt>
      <trkpt lat="30.501199" lon="34.967897">
        <ele>339.0</ele>
        <time>2026-03-31T05:45:51.000Z</time>
        <extensions>
          <gpxtpx:TrackPointExtension>
            <gpxtpx:hr>161</gpxtpx:hr>
            <gpxtpx:cad>0</gpxtpx:cad>
            <gpxtpx:atemp>305.15</gpxtpx:atemp>
          </gpxtpx:TrackPointExtension>
        </extensions>
      </trkpt>
      <trkpt lat="30.501167" lon="34.967945">
        <ele>338.5</ele>
        <time>2026-03-31T05:46:00.000Z</time>
        <extensions>
          <gpxtpx:TrackPointExtension>
            <gpxtpx:hr>162</gpxtpx:hr>
            <gpxtpx:cad>0</gpxtpx:cad>
            <gpxtpx:atemp>305.15</gpxtpx:atemp>
          </gpxtpx:TrackPointExtension>
        </extensions>
      </trkpt>
      <trkpt lat="30.501133" lon="34.967981">
        <ele>338.1</ele>
        <time>2026-03-31T05:46:08.000Z</time>
        <extensions>
          <gpxtpx:TrackPointExtension>
            <gpxtpx:hr>162</gpxtpx:hr>
            <gpxtpx:cad>79</gpxtpx:cad>
            <gpxtpx:atemp>305.15</gpxtpx:atemp>
          </gpxtpx:TrackPointExtension>
        </extensions>
      </trkpt>
      <trkpt lat="30.501106" lon="34.968042">
        <ele>337.6</ele>
        <time>2026-03-31T05:46:19.000Z</time>
        <extensions>
          <gpxtpx:TrackPointExtension>
            <gpxtpx:hr>161</gpxtpx:hr>
            <gpxtpx:cad>0</gpxtpx:cad>
            <gpxtpx:atemp>305.15</gpxtpx:atemp>
          </gpxtpx:TrackPointExtension>
        </extensions>
      </trkpt>
      <trkpt lat="30.501102" lon="34.968087">
        <ele>337.2</ele>
        <time>2026-03-31T05:46:27.000Z</time>
        <extensions>
          <gpxtpx:TrackPointExtension>
            <gpxtpx:hr>161</gpxtpx:hr>
            <gpxtpx:cad>77</gpxtpx:cad>
            <gpxtpx:atemp>305.15</gpxtpx:atemp>
          </gpxtpx:TrackPointExtension>
        </extensions>
      </trkpt>
      <trkpt lat="30.501090" lon="34.968127">
        <ele>336.9</ele>
        <time>2026-03-31T05:46:33.000Z</time>
        <extensions>
          <gpxtpx:TrackPointExtension>
            <gpxtpx:hr>160</gpxtpx:hr>
            <gpxtpx:cad>0</gpxtpx:cad>
            <gpxtpx:atemp>305.15</gpxtpx:atemp>
          </gpxtpx:TrackPointExtension>
        </extensions>
      </trkpt>
      <trkpt lat="30.501092" lon="34.968167">
        <ele>336.6</ele>
        <time>2026-03-31T05:46:43.000Z</time>
        <extensions>
          <gpxtpx:TrackPointExtension>
            <gpxtpx:hr>159</gpxtpx:hr>
            <gpxtpx:cad>40</gpxtpx:cad>
            <gpxtpx:atemp>305.15</gpxtpx:atemp>
          </gpxtpx:TrackPointExtension>
        </extensions>
      </trkpt>
      <trkpt lat="30.501073" lon="34.968225">
        <ele>336.1</ele>
        <time>2026-03-31T05:46:53.000Z</time>
        <extensions>
          <gpxtpx:TrackPointExtension>
            <gpxtpx:hr>157</gpxtpx:hr>
            <gpxtpx:cad>43</gpxtpx:cad>
            <gpxtpx:atemp>304.15</gpxtpx:atemp>
          </gpxtpx:TrackPointExtension>
        </extensions>
      </trkpt>
      <trkpt lat="30.500960" lon="34.968345">
        <ele>334.4</ele>
        <time>2026-03-31T05:47:14.000Z</time>
        <extensions>
          <gpxtpx:TrackPointExtension>
            <gpxtpx:hr>151</gpxtpx:hr>
            <gpxtpx:cad>45</gpxtpx:cad>
            <gpxtpx:atemp>304.15</gpxtpx:atemp>
          </gpxtpx:TrackPointExtension>
        </extensions>
      </trkpt>
      <trkpt lat="30.500923" lon="34.968395">
        <ele>333.8</ele>
        <time>2026-03-31T05:47:20.000Z</time>
        <extensions>
          <gpxtpx:TrackPointExtension>
            <gpxtpx:hr>146</gpxtpx:hr>
            <gpxtpx:cad>53</gpxtpx:cad>
            <gpxtpx:atemp>304.15</gpxtpx:atemp>
          </gpxtpx:TrackPointExtension>
        </extensions>
      </trkpt>
      <trkpt lat="30.500907" lon="34.968452">
        <ele>333.0</ele>
        <time>2026-03-31T05:47:28.000Z</time>
        <extensions>
          <gpxtpx:TrackPointExtension>
            <gpxtpx:hr>143</gpxtpx:hr>
            <gpxtpx:cad>57</gpxtpx:cad>
            <gpxtpx:atemp>304.15</gpxtpx:atemp>
          </gpxtpx:TrackPointExtension>
        </extensions>
      </trkpt>
      <trkpt lat="30.500928" lon="34.968514">
        <ele>332.2</ele>
        <time>2026-03-31T05:47:37.000Z</time>
        <extensions>
          <gpxtpx:TrackPointExtension>
            <gpxtpx:hr>146</gpxtpx:hr>
            <gpxtpx:cad>75</gpxtpx:cad>
            <gpxtpx:atemp>304.15</gpxtpx:atemp>
          </gpxtpx:TrackPointExtension>
        </extensions>
      </trkpt>
      <trkpt lat="30.500952" lon="34.968671">
        <ele>330.0</ele>
        <time>2026-03-31T05:47:47.000Z</time>
        <extensions>
          <gpxtpx:TrackPointExtension>
            <gpxtpx:hr>147</gpxtpx:hr>
            <gpxtpx:cad>59</gpxtpx:cad>
            <gpxtpx:atemp>304.15</gpxtpx:atemp>
          </gpxtpx:TrackPointExtension>
        </extensions>
      </trkpt>
      <trkpt lat="30.501011" lon="34.968788">
        <ele>328.9</ele>
        <time>2026-03-31T05:47:56.000Z</time>
        <extensions>
          <gpxtpx:TrackPointExtension>
            <gpxtpx:hr>147</gpxtpx:hr>
            <gpxtpx:cad>0</gpxtpx:cad>
            <gpxtpx:atemp>304.15</gpxtpx:atemp>
          </gpxtpx:TrackPointExtension>
        </extensions>
      </trkpt>
      <trkpt lat="30.501042" lon="34.968863">
        <ele>328.2</ele>
        <time>2026-03-31T05:48:01.000Z</time>
        <extensions>
          <gpxtpx:TrackPointExtension>
            <gpxtpx:hr>148</gpxtpx:hr>
            <gpxtpx:cad>57</gpxtpx:cad>
            <gpxtpx:atemp>304.15</gpxtpx:atemp>
          </gpxtpx:TrackPointExtension>
        </extensions>
      </trkpt>
      <trkpt lat="30.501057" lon="34.968924">
        <ele>327.6</ele>
        <time>2026-03-31T05:48:05.000Z</time>
        <extensions>
          <gpxtpx:TrackPointExtension>
            <gpxtpx:hr>148</gpxtpx:hr>
            <gpxtpx:cad>61</gpxtpx:cad>
            <gpxtpx:atemp>304.15</gpxtpx:atemp>
          </gpxtpx:TrackPointExtension>
        </extensions>
      </trkpt>
      <trkpt lat="30.501050" lon="34.969095">
        <ele>325.4</ele>
        <time>2026-03-31T05:48:16.000Z</time>
        <extensions>
          <gpxtpx:TrackPointExtension>
            <gpxtpx:hr>144</gpxtpx:hr>
            <gpxtpx:cad>56</gpxtpx:cad>
            <gpxtpx:atemp>304.15</gpxtpx:atemp>
          </gpxtpx:TrackPointExtension>
        </extensions>
      </trkpt>
      <trkpt lat="30.501046" lon="34.969228">
        <ele>323.9</ele>
        <time>2026-03-31T05:48:26.000Z</time>
        <extensions>
          <gpxtpx:TrackPointExtension>
            <gpxtpx:hr>142</gpxtpx:hr>
            <gpxtpx:cad>0</gpxtpx:cad>
            <gpxtpx:atemp>303.15</gpxtpx:atemp>
          </gpxtpx:TrackPointExtension>
        </extensions>
      </trkpt>
      <trkpt lat="30.501114" lon="34.969342">
        <ele>323.8</ele>
        <time>2026-03-31T05:48:46.000Z</time>
        <extensions>
          <gpxtpx:TrackPointExtension>
            <gpxtpx:hr>142</gpxtpx:hr>
            <gpxtpx:cad>0</gpxtpx:cad>
            <gpxtpx:atemp>303.15</gpxtpx:atemp>
          </gpxtpx:TrackPointExtension>
        </extensions>
      </trkpt>
      <trkpt lat="30.501128" lon="34.969416">
        <ele>323.6</ele>
        <time>2026-03-31T05:48:52.000Z</time>
        <extensions>
          <gpxtpx:TrackPointExtension>
            <gpxtpx:hr>143</gpxtpx:hr>
            <gpxtpx:cad>52</gpxtpx:cad>
            <gpxtpx:atemp>303.15</gpxtpx:atemp>
          </gpxtpx:TrackPointExtension>
        </extensions>
      </trkpt>
      <trkpt lat="30.501168" lon="34.969454">
        <ele>323.9</ele>
        <time>2026-03-31T05:48:57.000Z</time>
        <extensions>
          <gpxtpx:TrackPointExtension>
            <gpxtpx:hr>143</gpxtpx:hr>
            <gpxtpx:cad>54</gpxtpx:cad>
            <gpxtpx:atemp>303.15</gpxtpx:atemp>
          </gpxtpx:TrackPointExtension>
        </extensions>
      </trkpt>
      <trkpt lat="30.501183" lon="34.969479">
        <ele>323.9</ele>
        <time>2026-03-31T05:48:59.000Z</time>
        <extensions>
          <gpxtpx:TrackPointExtension>
            <gpxtpx:hr>143</gpxtpx:hr>
            <gpxtpx:cad>54</gpxtpx:cad>
            <gpxtpx:atemp>303.15</gpxtpx:atemp>
          </gpxtpx:TrackPointExtension>
        </extensions>
      </trkpt>
      <trkpt lat="30.501184" lon="34.969581">
        <ele>323.3</ele>
        <time>2026-03-31T05:49:05.000Z</time>
        <extensions>
          <gpxtpx:TrackPointExtension>
            <gpxtpx:hr>143</gpxtpx:hr>
            <gpxtpx:cad>54</gpxtpx:cad>
            <gpxtpx:atemp>303.15</gpxtpx:atemp>
          </gpxtpx:TrackPointExtension>
        </extensions>
      </trkpt>
      <trkpt lat="30.501252" lon="34.969656">
        <ele>323.8</ele>
        <time>2026-03-31T05:49:14.000Z</time>
        <extensions>
          <gpxtpx:TrackPointExtension>
            <gpxtpx:hr>139</gpxtpx:hr>
            <gpxtpx:cad>55</gpxtpx:cad>
            <gpxtpx:atemp>303.15</gpxtpx:atemp>
          </gpxtpx:TrackPointExtension>
        </extensions>
      </trkpt>
      <trkpt lat="30.501291" lon="34.969720">
        <ele>324.0</ele>
        <time>2026-03-31T05:49:18.000Z</time>
        <extensions>
          <gpxtpx:TrackPointExtension>
            <gpxtpx:hr>141</gpxtpx:hr>
            <gpxtpx:cad>57</gpxtpx:cad>
            <gpxtpx:atemp>303.15</gpxtpx:atemp>
          </gpxtpx:TrackPointExtension>
        </extensions>
      </trkpt>
      <trkpt lat="30.501301" lon="34.969799">
        <ele>323.8</ele>
        <time>2026-03-31T05:49:24.000Z</time>
        <extensions>
          <gpxtpx:TrackPointExtension>
            <gpxtpx:hr>141</gpxtpx:hr>
            <gpxtpx:cad>0</gpxtpx:cad>
            <gpxtpx:atemp>303.15</gpxtpx:atemp>
          </gpxtpx:TrackPointExtension>
        </extensions>
      </trkpt>
      <trkpt lat="30.501352" lon="34.970001">
        <ele>323.9</ele>
        <time>2026-03-31T05:49:35.000Z</time>
        <extensions>
          <gpxtpx:TrackPointExtension>
            <gpxtpx:hr>140</gpxtpx:hr>
            <gpxtpx:cad>76</gpxtpx:cad>
            <gpxtpx:atemp>303.15</gpxtpx:atemp>
          </gpxtpx:TrackPointExtension>
        </extensions>
      </trkpt>
      <trkpt lat="30.501447" lon="34.970218">
        <ele>324.2</ele>
        <time>2026-03-31T05:49:49.000Z</time>
        <extensions>
          <gpxtpx:TrackPointExtension>
            <gpxtpx:hr>146</gpxtpx:hr>
            <gpxtpx:cad>0</gpxtpx:cad>
            <gpxtpx:atemp>303.15</gpxtpx:atemp>
          </gpxtpx:TrackPointExtension>
        </extensions>
      </trkpt>
      <trkpt lat="30.501439" lon="34.970376">
        <ele>323.8</ele>
        <time>2026-03-31T05:50:03.000Z</time>
        <extensions>
          <gpxtpx:TrackPointExtension>
            <gpxtpx:hr>150</gpxtpx:hr>
            <gpxtpx:cad>55</gpxtpx:cad>
            <gpxtpx:atemp>303.15</gpxtpx:atemp>
          </gpxtpx:TrackPointExtension>
        </extensions>
      </trkpt>
      <trkpt lat="30.501475" lon="34.970454">
        <ele>323.7</ele>
        <time>2026-03-31T05:50:09.000Z</time>
        <extensions>
          <gpxtpx:TrackPointExtension>
            <gpxtpx:hr>152</gpxtpx:hr>
            <gpxtpx:cad>0</gpxtpx:cad>
            <gpxtpx:atemp>303.15</gpxtpx:atemp>
          </gpxtpx:TrackPointExtension>
        </extensions>
      </trkpt>
      <trkpt lat="30.501505" lon="34.970487">
        <ele>323.7</ele>
        <time>2026-03-31T05:50:13.000Z</time>
        <extensions>
          <gpxtpx:TrackPointExtension>
            <gpxtpx:hr>153</gpxtpx:hr>
            <gpxtpx:cad>55</gpxtpx:cad>
            <gpxtpx:atemp>303.15</gpxtpx:atemp>
          </gpxtpx:TrackPointExtension>
        </extensions>
      </trkpt>
      <trkpt lat="30.501540" lon="34.970553">
        <ele>323.6</ele>
        <time>2026-03-31T05:50:19.000Z</time>
        <extensions>
          <gpxtpx:TrackPointExtension>
            <gpxtpx:hr>152</gpxtpx:hr>
            <gpxtpx:cad>55</gpxtpx:cad>
            <gpxtpx:atemp>303.15</gpxtpx:atemp>
          </gpxtpx:TrackPointExtension>
        </extensions>
      </trkpt>
      <trkpt lat="30.501642" lon="34.970703">
        <ele>323.4</ele>
        <time>2026-03-31T05:50:33.000Z</time>
        <extensions>
          <gpxtpx:TrackPointExtension>
            <gpxtpx:hr>152</gpxtpx:hr>
            <gpxtpx:cad>78</gpxtpx:cad>
            <gpxtpx:atemp>303.15</gpxtpx:atemp>
          </gpxtpx:TrackPointExtension>
        </extensions>
      </trkpt>
      <trkpt lat="30.501688" lon="34.970785">
        <ele>323.4</ele>
        <time>2026-03-31T05:50:37.000Z</time>
        <extensions>
          <gpxtpx:TrackPointExtension>
            <gpxtpx:hr>152</gpxtpx:hr>
            <gpxtpx:cad>80</gpxtpx:cad>
            <gpxtpx:atemp>303.15</gpxtpx:atemp>
          </gpxtpx:TrackPointExtension>
        </extensions>
      </trkpt>
      <trkpt lat="30.501718" lon="34.970873">
        <ele>323.2</ele>
        <time>2026-03-31T05:50:41.000Z</time>
        <extensions>
          <gpxtpx:TrackPointExtension>
            <gpxtpx:hr>151</gpxtpx:hr>
            <gpxtpx:cad>80</gpxtpx:cad>
            <gpxtpx:atemp>303.15</gpxtpx:atemp>
          </gpxtpx:TrackPointExtension>
        </extensions>
      </trkpt>
      <trkpt lat="30.501756" lon="34.970945">
        <ele>323.1</ele>
        <time>2026-03-31T05:50:45.000Z</time>
        <extensions>
          <gpxtpx:TrackPointExtension>
            <gpxtpx:hr>151</gpxtpx:hr>
            <gpxtpx:cad>79</gpxtpx:cad>
            <gpxtpx:atemp>303.15</gpxtpx:atemp>
          </gpxtpx:TrackPointExtension>
        </extensions>
      </trkpt>
      <trkpt lat="30.501795" lon="34.970992">
        <ele>322.9</ele>
        <time>2026-03-31T05:50:48.000Z</time>
        <extensions>
          <gpxtpx:TrackPointExtension>
            <gpxtpx:hr>151</gpxtpx:hr>
            <gpxtpx:cad>79</gpxtpx:cad>
            <gpxtpx:atemp>303.15</gpxtpx:atemp>
          </gpxtpx:TrackPointExtension>
        </extensions>
      </trkpt>
      <trkpt lat="30.501834" lon="34.971106">
        <ele>322.5</ele>
        <time>2026-03-31T05:50:53.000Z</time>
        <extensions>
          <gpxtpx:TrackPointExtension>
            <gpxtpx:hr>150</gpxtpx:hr>
            <gpxtpx:cad>79</gpxtpx:cad>
            <gpxtpx:atemp>303.15</gpxtpx:atemp>
          </gpxtpx:TrackPointExtension>
        </extensions>
      </trkpt>
      <trkpt lat="30.501842" lon="34.971120">
        <ele>322.5</ele>
        <time>2026-03-31T05:50:54.000Z</time>
        <extensions>
          <gpxtpx:TrackPointExtension>
            <gpxtpx:hr>150</gpxtpx:hr>
            <gpxtpx:cad>79</gpxtpx:cad>
            <gpxtpx:atemp>303.15</gpxtpx:atemp>
          </gpxtpx:TrackPointExtension>
        </extensions>
      </trkpt>
      <trkpt lat="30.501880" lon="34.971225">
        <ele>322.1</ele>
        <time>2026-03-31T05:50:59.000Z</time>
        <extensions>
          <gpxtpx:TrackPointExtension>
            <gpxtpx:hr>151</gpxtpx:hr>
            <gpxtpx:cad>79</gpxtpx:cad>
            <gpxtpx:atemp>304.15</gpxtpx:atemp>
          </gpxtpx:TrackPointExtension>
        </extensions>
      </trkpt>
      <trkpt lat="30.501903" lon="34.971260">
        <ele>322.0</ele>
        <time>2026-03-31T05:51:01.000Z</time>
        <extensions>
          <gpxtpx:TrackPointExtension>
            <gpxtpx:hr>150</gpxtpx:hr>
            <gpxtpx:cad>80</gpxtpx:cad>
            <gpxtpx:atemp>304.15</gpxtpx:atemp>
          </gpxtpx:TrackPointExtension>
        </extensions>
      </trkpt>
      <trkpt lat="30.501974" lon="34.971332">
        <ele>321.7</ele>
        <time>2026-03-31T05:51:06.000Z</time>
        <extensions>
          <gpxtpx:TrackPointExtension>
            <gpxtpx:hr>150</gpxtpx:hr>
            <gpxtpx:cad>79</gpxtpx:cad>
            <gpxtpx:atemp>304.15</gpxtpx:atemp>
          </gpxtpx:TrackPointExtension>
        </extensions>
      </trkpt>
      <trkpt lat="30.502043" lon="34.971491">
        <ele>321.1</ele>
        <time>2026-03-31T05:51:14.000Z</time>
        <extensions>
          <gpxtpx:TrackPointExtension>
            <gpxtpx:hr>153</gpxtpx:hr>
            <gpxtpx:cad>77</gpxtpx:cad>
            <gpxtpx:atemp>304.15</gpxtpx:atemp>
          </gpxtpx:TrackPointExtension>
        </extensions>
      </trkpt>
      <trkpt lat="30.502096" lon="34.971560">
        <ele>320.9</ele>
        <time>2026-03-31T05:51:20.000Z</time>
        <extensions>
          <gpxtpx:TrackPointExtension>
            <gpxtpx:hr>153</gpxtpx:hr>
            <gpxtpx:cad>55</gpxtpx:cad>
            <gpxtpx:atemp>304.15</gpxtpx:atemp>
          </gpxtpx:TrackPointExtension>
        </extensions>
      </trkpt>
      <trkpt lat="30.502117" lon="34.971608">
        <ele>320.8</ele>
        <time>2026-03-31T05:51:23.000Z</time>
        <extensions>
          <gpxtpx:TrackPointExtension>
            <gpxtpx:hr>154</gpxtpx:hr>
            <gpxtpx:cad>55</gpxtpx:cad>
            <gpxtpx:atemp>304.15</gpxtpx:atemp>
          </gpxtpx:TrackPointExtension>
        </extensions>
      </trkpt>
      <trkpt lat="30.502239" lon="34.971678">
        <ele>320.7</ele>
        <time>2026-03-31T05:51:35.000Z</time>
        <extensions>
          <gpxtpx:TrackPointExtension>
            <gpxtpx:hr>153</gpxtpx:hr>
            <gpxtpx:cad>53</gpxtpx:cad>
            <gpxtpx:atemp>304.15</gpxtpx:atemp>
          </gpxtpx:TrackPointExtension>
        </extensions>
      </trkpt>
      <trkpt lat="30.502360" lon="34.971704">
        <ele>320.7</ele>
        <time>2026-03-31T05:51:45.000Z</time>
        <extensions>
          <gpxtpx:TrackPointExtension>
            <gpxtpx:hr>153</gpxtpx:hr>
            <gpxtpx:cad>55</gpxtpx:cad>
            <gpxtpx:atemp>304.15</gpxtpx:atemp>
          </gpxtpx:TrackPointExtension>
        </extensions>
      </trkpt>
      <trkpt lat="30.502408" lon="34.971707">
        <ele>321.0</ele>
        <time>2026-03-31T05:51:50.000Z</time>
        <extensions>
          <gpxtpx:TrackPointExtension>
            <gpxtpx:hr>148</gpxtpx:hr>
            <gpxtpx:cad>76</gpxtpx:cad>
            <gpxtpx:atemp>304.15</gpxtpx:atemp>
          </gpxtpx:TrackPointExtension>
        </extensions>
      </trkpt>
      <trkpt lat="30.502569" lon="34.971814">
        <ele>321.5</ele>
        <time>2026-03-31T05:52:03.000Z</time>
        <extensions>
          <gpxtpx:TrackPointExtension>
            <gpxtpx:hr>147</gpxtpx:hr>
            <gpxtpx:cad>77</gpxtpx:cad>
            <gpxtpx:atemp>304.15</gpxtpx:atemp>
          </gpxtpx:TrackPointExtension>
        </extensions>
      </trkpt>
      <trkpt lat="30.502599" lon="34.971916">
        <ele>321.3</ele>
        <time>2026-03-31T05:52:08.000Z</time>
        <extensions>
          <gpxtpx:TrackPointExtension>
            <gpxtpx:hr>147</gpxtpx:hr>
            <gpxtpx:cad>77</gpxtpx:cad>
            <gpxtpx:atemp>304.15</gpxtpx:atemp>
          </gpxtpx:TrackPointExtension>
        </extensions>
      </trkpt>
      <trkpt lat="30.502605" lon="34.972056">
        <ele>320.9</ele>
        <time>2026-03-31T05:52:14.000Z</time>
        <extensions>
          <gpxtpx:TrackPointExtension>
            <gpxtpx:hr>145</gpxtpx:hr>
            <gpxtpx:cad>79</gpxtpx:cad>
            <gpxtpx:atemp>304.15</gpxtpx:atemp>
          </gpxtpx:TrackPointExtension>
        </extensions>
      </trkpt>
      <trkpt lat="30.502624" lon="34.972140">
        <ele>320.7</ele>
        <time>2026-03-31T05:52:18.000Z</time>
        <extensions>
          <gpxtpx:TrackPointExtension>
            <gpxtpx:hr>142</gpxtpx:hr>
            <gpxtpx:cad>80</gpxtpx:cad>
            <gpxtpx:atemp>304.15</gpxtpx:atemp>
          </gpxtpx:TrackPointExtension>
        </extensions>
      </trkpt>
      <trkpt lat="30.502612" lon="34.972306">
        <ele>320.0</ele>
        <time>2026-03-31T05:52:25.000Z</time>
        <extensions>
          <gpxtpx:TrackPointExtension>
            <gpxtpx:hr>141</gpxtpx:hr>
            <gpxtpx:cad>81</gpxtpx:cad>
            <gpxtpx:atemp>304.15</gpxtpx:atemp>
          </gpxtpx:TrackPointExtension>
        </extensions>
      </trkpt>
      <trkpt lat="30.502613" lon="34.972327">
        <ele>319.9</ele>
        <time>2026-03-31T05:52:26.000Z</time>
        <extensions>
          <gpxtpx:TrackPointExtension>
            <gpxtpx:hr>142</gpxtpx:hr>
            <gpxtpx:cad>81</gpxtpx:cad>
            <gpxtpx:atemp>304.15</gpxtpx:atemp>
          </gpxtpx:TrackPointExtension>
        </extensions>
      </trkpt>
      <trkpt lat="30.502569" lon="34.972549">
        <ele>319.0</ele>
        <time>2026-03-31T05:52:35.000Z</time>
        <extensions>
          <gpxtpx:TrackPointExtension>
            <gpxtpx:hr>141</gpxtpx:hr>
            <gpxtpx:cad>80</gpxtpx:cad>
            <gpxtpx:atemp>304.15</gpxtpx:atemp>
          </gpxtpx:TrackPointExtension>
        </extensions>
      </trkpt>
      <trkpt lat="30.502562" lon="34.972569">
        <ele>318.9</ele>
        <time>2026-03-31T05:52:36.000Z</time>
        <extensions>
          <gpxtpx:TrackPointExtension>
            <gpxtpx:hr>141</gpxtpx:hr>
            <gpxtpx:cad>80</gpxtpx:cad>
            <gpxtpx:atemp>304.15</gpxtpx:atemp>
          </gpxtpx:TrackPointExtension>
        </extensions>
      </trkpt>
      <trkpt lat="30.502537" lon="34.972782">
        <ele>318.6</ele>
        <time>2026-03-31T05:52:45.000Z</time>
        <extensions>
          <gpxtpx:TrackPointExtension>
            <gpxtpx:hr>141</gpxtpx:hr>
            <gpxtpx:cad>77</gpxtpx:cad>
            <gpxtpx:atemp>304.15</gpxtpx:atemp>
          </gpxtpx:TrackPointExtension>
        </extensions>
      </trkpt>
      <trkpt lat="30.502545" lon="34.972882">
        <ele>318.7</ele>
        <time>2026-03-31T05:52:49.000Z</time>
        <extensions>
          <gpxtpx:TrackPointExtension>
            <gpxtpx:hr>143</gpxtpx:hr>
            <gpxtpx:cad>51</gpxtpx:cad>
            <gpxtpx:atemp>304.15</gpxtpx:atemp>
          </gpxtpx:TrackPointExtension>
        </extensions>
      </trkpt>
      <trkpt lat="30.502564" lon="34.972926">
        <ele>318.8</ele>
        <time>2026-03-31T05:52:52.000Z</time>
        <extensions>
          <gpxtpx:TrackPointExtension>
            <gpxtpx:hr>145</gpxtpx:hr>
            <gpxtpx:cad>51</gpxtpx:cad>
            <gpxtpx:atemp>304.15</gpxtpx:atemp>
          </gpxtpx:TrackPointExtension>
        </extensions>
      </trkpt>
      <trkpt lat="30.502614" lon="34.972979">
        <ele>319.1</ele>
        <time>2026-03-31T05:52:58.000Z</time>
        <extensions>
          <gpxtpx:TrackPointExtension>
            <gpxtpx:hr>146</gpxtpx:hr>
            <gpxtpx:cad>55</gpxtpx:cad>
            <gpxtpx:atemp>304.15</gpxtpx:atemp>
          </gpxtpx:TrackPointExtension>
        </extensions>
      </trkpt>
      <trkpt lat="30.502630" lon="34.973044">
        <ele>319.4</ele>
        <time>2026-03-31T05:53:03.000Z</time>
        <extensions>
          <gpxtpx:TrackPointExtension>
            <gpxtpx:hr>148</gpxtpx:hr>
            <gpxtpx:cad>50</gpxtpx:cad>
            <gpxtpx:atemp>303.15</gpxtpx:atemp>
          </gpxtpx:TrackPointExtension>
        </extensions>
      </trkpt>
      <trkpt lat="30.502720" lon="34.973182">
        <ele>320.6</ele>
        <time>2026-03-31T05:53:16.000Z</time>
        <extensions>
          <gpxtpx:TrackPointExtension>
            <gpxtpx:hr>148</gpxtpx:hr>
            <gpxtpx:cad>56</gpxtpx:cad>
            <gpxtpx:atemp>303.15</gpxtpx:atemp>
          </gpxtpx:TrackPointExtension>
        </extensions>
      </trkpt>
      <trkpt lat="30.502743" lon="34.973201">
        <ele>320.8</ele>
        <time>2026-03-31T05:53:19.000Z</time>
        <extensions>
          <gpxtpx:TrackPointExtension>
            <gpxtpx:hr>148</gpxtpx:hr>
            <gpxtpx:cad>58</gpxtpx:cad>
            <gpxtpx:atemp>303.15</gpxtpx:atemp>
          </gpxtpx:TrackPointExtension>
        </extensions>
      </trkpt>
      <trkpt lat="30.502794" lon="34.973317">
        <ele>321.6</ele>
        <time>2026-03-31T05:53:29.000Z</time>
        <extensions>
          <gpxtpx:TrackPointExtension>
            <gpxtpx:hr>146</gpxtpx:hr>
            <gpxtpx:cad>76</gpxtpx:cad>
            <gpxtpx:atemp>303.15</gpxtpx:atemp>
          </gpxtpx:TrackPointExtension>
        </extensions>
      </trkpt>
      <trkpt lat="30.502871" lon="34.973428">
        <ele>322.5</ele>
        <time>2026-03-31T05:53:35.000Z</time>
        <extensions>
          <gpxtpx:TrackPointExtension>
            <gpxtpx:hr>144</gpxtpx:hr>
            <gpxtpx:cad>77</gpxtpx:cad>
            <gpxtpx:atemp>303.15</gpxtpx:atemp>
          </gpxtpx:TrackPointExtension>
        </extensions>
      </trkpt>
      <trkpt lat="30.502925" lon="34.973471">
        <ele>323.1</ele>
        <time>2026-03-31T05:53:39.000Z</time>
        <extensions>
          <gpxtpx:TrackPointExtension>
            <gpxtpx:hr>141</gpxtpx:hr>
            <gpxtpx:cad>77</gpxtpx:cad>
            <gpxtpx:atemp>303.15</gpxtpx:atemp>
          </gpxtpx:TrackPointExtension>
        </extensions>
      </trkpt>
      <trkpt lat="30.503028" lon="34.973598">
        <ele>324.1</ele>
        <time>2026-03-31T05:53:47.000Z</time>
        <extensions>
          <gpxtpx:TrackPointExtension>
            <gpxtpx:hr>140</gpxtpx:hr>
            <gpxtpx:cad>72</gpxtpx:cad>
            <gpxtpx:atemp>303.15</gpxtpx:atemp>
          </gpxtpx:TrackPointExtension>
        </extensions>
      </trkpt>
      <trkpt lat="30.503092" lon="34.973755">
        <ele>324.6</ele>
        <time>2026-03-31T05:53:56.000Z</time>
        <extensions>
          <gpxtpx:TrackPointExtension>
            <gpxtpx:hr>139</gpxtpx:hr>
            <gpxtpx:cad>0</gpxtpx:cad>
            <gpxtpx:atemp>303.15</gpxtpx:atemp>
          </gpxtpx:TrackPointExtension>
        </extensions>
      </trkpt>
      <trkpt lat="30.503085" lon="34.973815">
        <ele>324.8</ele>
        <time>2026-03-31T05:54:02.000Z</time>
        <extensions>
          <gpxtpx:TrackPointExtension>
            <gpxtpx:hr>139</gpxtpx:hr>
            <gpxtpx:cad>59</gpxtpx:cad>
            <gpxtpx:atemp>303.15</gpxtpx:atemp>
          </gpxtpx:TrackPointExtension>
        </extensions>
      </trkpt>
      <trkpt lat="30.503115" lon="34.973857">
        <ele>325.1</ele>
        <time>2026-03-31T05:54:06.000Z</time>
        <extensions>
          <gpxtpx:TrackPointExtension>
            <gpxtpx:hr>140</gpxtpx:hr>
            <gpxtpx:cad>59</gpxtpx:cad>
            <gpxtpx:atemp>303.15</gpxtpx:atemp>
          </gpxtpx:TrackPointExtension>
        </extensions>
      </trkpt>
      <trkpt lat="30.503170" lon="34.973890">
        <ele>325.4</ele>
        <time>2026-03-31T05:54:11.000Z</time>
        <extensions>
          <gpxtpx:TrackPointExtension>
            <gpxtpx:hr>142</gpxtpx:hr>
            <gpxtpx:cad>59</gpxtpx:cad>
            <gpxtpx:atemp>303.15</gpxtpx:atemp>
          </gpxtpx:TrackPointExtension>
        </extensions>
      </trkpt>
      <trkpt lat="30.503289" lon="34.973984">
        <ele>325.6</ele>
        <time>2026-03-31T05:54:22.000Z</time>
        <extensions>
          <gpxtpx:TrackPointExtension>
            <gpxtpx:hr>147</gpxtpx:hr>
            <gpxtpx:cad>57</gpxtpx:cad>
            <gpxtpx:atemp>303.15</gpxtpx:atemp>
          </gpxtpx:TrackPointExtension>
        </extensions>
      </trkpt>
      <trkpt lat="30.503331" lon="34.974008">
        <ele>325.5</ele>
        <time>2026-03-31T05:54:26.000Z</time>
        <extensions>
          <gpxtpx:TrackPointExtension>
            <gpxtpx:hr>147</gpxtpx:hr>
            <gpxtpx:cad>57</gpxtpx:cad>
            <gpxtpx:atemp>303.15</gpxtpx:atemp>
          </gpxtpx:TrackPointExtension>
        </extensions>
      </trkpt>
      <trkpt lat="30.503429" lon="34.974161">
        <ele>325.2</ele>
        <time>2026-03-31T05:54:39.000Z</time>
        <extensions>
          <gpxtpx:TrackPointExtension>
            <gpxtpx:hr>148</gpxtpx:hr>
            <gpxtpx:cad>0</gpxtpx:cad>
            <gpxtpx:atemp>303.15</gpxtpx:atemp>
          </gpxtpx:TrackPointExtension>
        </extensions>
      </trkpt>
      <trkpt lat="30.503519" lon="34.974247">
        <ele>324.7</ele>
        <time>2026-03-31T05:54:49.000Z</time>
        <extensions>
          <gpxtpx:TrackPointExtension>
            <gpxtpx:hr>149</gpxtpx:hr>
            <gpxtpx:cad>59</gpxtpx:cad>
            <gpxtpx:atemp>304.15</gpxtpx:atemp>
          </gpxtpx:TrackPointExtension>
        </extensions>
      </trkpt>
      <trkpt lat="30.503649" lon="34.974353">
        <ele>323.9</ele>
        <time>2026-03-31T05:55:01.000Z</time>
        <extensions>
          <gpxtpx:TrackPointExtension>
            <gpxtpx:hr>150</gpxtpx:hr>
            <gpxtpx:cad>79</gpxtpx:cad>
            <gpxtpx:atemp>304.15</gpxtpx:atemp>
          </gpxtpx:TrackPointExtension>
        </extensions>
      </trkpt>
      <trkpt lat="30.503680" lon="34.974384">
        <ele>323.8</ele>
        <time>2026-03-31T05:55:03.000Z</time>
        <extensions>
          <gpxtpx:TrackPointExtension>
            <gpxtpx:hr>150</gpxtpx:hr>
            <gpxtpx:cad>78</gpxtpx:cad>
            <gpxtpx:atemp>304.15</gpxtpx:atemp>
          </gpxtpx:TrackPointExtension>
        </extensions>
      </trkpt>
      <trkpt lat="30.503808" lon="34.974471">
        <ele>323.3</ele>
        <time>2026-03-31T05:55:11.000Z</time>
        <extensions>
          <gpxtpx:TrackPointExtension>
            <gpxtpx:hr>150</gpxtpx:hr>
            <gpxtpx:cad>78</gpxtpx:cad>
            <gpxtpx:atemp>304.15</gpxtpx:atemp>
          </gpxtpx:TrackPointExtension>
        </extensions>
      </trkpt>
      <trkpt lat="30.503914" lon="34.974526">
        <ele>322.7</ele>
        <time>2026-03-31T05:55:17.000Z</time>
        <extensions>
          <gpxtpx:TrackPointExtension>
            <gpxtpx:hr>153</gpxtpx:hr>
            <gpxtpx:cad>73</gpxtpx:cad>
            <gpxtpx:atemp>304.15</gpxtpx:atemp>
          </gpxtpx:TrackPointExtension>
        </extensions>
      </trkpt>
      <trkpt lat="30.503924" lon="34.974598">
        <ele>322.8</ele>
        <time>2026-03-31T05:55:22.000Z</time>
        <extensions>
          <gpxtpx:TrackPointExtension>
            <gpxtpx:hr>153</gpxtpx:hr>
            <gpxtpx:cad>78</gpxtpx:cad>
            <gpxtpx:atemp>304.15</gpxtpx:atemp>
          </gpxtpx:TrackPointExtension>
        </extensions>
      </trkpt>
      <trkpt lat="30.503911" lon="34.974673">
        <ele>323.2</ele>
        <time>2026-03-31T05:55:26.000Z</time>
        <extensions>
          <gpxtpx:TrackPointExtension>
            <gpxtpx:hr>154</gpxtpx:hr>
            <gpxtpx:cad>79</gpxtpx:cad>
            <gpxtpx:atemp>304.15</gpxtpx:atemp>
          </gpxtpx:TrackPointExtension>
        </extensions>
      </trkpt>
      <trkpt lat="30.503947" lon="34.974832">
        <ele>323.5</ele>
        <time>2026-03-31T05:55:34.000Z</time>
        <extensions>
          <gpxtpx:TrackPointExtension>
            <gpxtpx:hr>155</gpxtpx:hr>
            <gpxtpx:cad>81</gpxtpx:cad>
            <gpxtpx:atemp>304.15</gpxtpx:atemp>
          </gpxtpx:TrackPointExtension>
        </extensions>
      </trkpt>
      <trkpt lat="30.503952" lon="34.974878">
        <ele>323.6</ele>
        <time>2026-03-31T05:55:36.000Z</time>
        <extensions>
          <gpxtpx:TrackPointExtension>
            <gpxtpx:hr>155</gpxtpx:hr>
            <gpxtpx:cad>81</gpxtpx:cad>
            <gpxtpx:atemp>304.15</gpxtpx:atemp>
          </gpxtpx:TrackPointExtension>
        </extensions>
      </trkpt>
      <trkpt lat="30.504024" lon="34.975154">
        <ele>323.1</ele>
        <time>2026-03-31T05:55:48.000Z</time>
        <extensions>
          <gpxtpx:TrackPointExtension>
            <gpxtpx:hr>155</gpxtpx:hr>
            <gpxtpx:cad>81</gpxtpx:cad>
            <gpxtpx:atemp>304.15</gpxtpx:atemp>
          </gpxtpx:TrackPointExtension>
        </extensions>
      </trkpt>
      <trkpt lat="30.504031" lon="34.975171">
        <ele>323.1</ele>
        <time>2026-03-31T05:55:49.000Z</time>
        <extensions>
          <gpxtpx:TrackPointExtension>
            <gpxtpx:hr>156</gpxtpx:hr>
            <gpxtpx:cad>80</gpxtpx:cad>
            <gpxtpx:atemp>304.15</gpxtpx:atemp>
          </gpxtpx:TrackPointExtension>
        </extensions>
      </trkpt>
      <trkpt lat="30.504110" lon="34.975454">
        <ele>322.9</ele>
        <time>2026-03-31T05:56:02.000Z</time>
        <extensions>
          <gpxtpx:TrackPointExtension>
            <gpxtpx:hr>156</gpxtpx:hr>
            <gpxtpx:cad>80</gpxtpx:cad>
            <gpxtpx:atemp>304.15</gpxtpx:atemp>
          </gpxtpx:TrackPointExtension>
        </extensions>
      </trkpt>
      <trkpt lat="30.504136" lon="34.975538">
        <ele>322.7</ele>
        <time>2026-03-31T05:56:06.000Z</time>
        <extensions>
          <gpxtpx:TrackPointExtension>
            <gpxtpx:hr>156</gpxtpx:hr>
            <gpxtpx:cad>80</gpxtpx:cad>
            <gpxtpx:atemp>304.15</gpxtpx:atemp>
          </gpxtpx:TrackPointExtension>
        </extensions>
      </trkpt>
      <trkpt lat="30.504199" lon="34.975812">
        <ele>322.1</ele>
        <time>2026-03-31T05:56:18.000Z</time>
        <extensions>
          <gpxtpx:TrackPointExtension>
            <gpxtpx:hr>155</gpxtpx:hr>
            <gpxtpx:cad>81</gpxtpx:cad>
            <gpxtpx:atemp>304.15</gpxtpx:atemp>
          </gpxtpx:TrackPointExtension>
        </extensions>
      </trkpt>
      <trkpt lat="30.504226" lon="34.976036">
        <ele>321.7</ele>
        <time>2026-03-31T05:56:27.000Z</time>
        <extensions>
          <gpxtpx:TrackPointExtension>
            <gpxtpx:hr>156</gpxtpx:hr>
            <gpxtpx:cad>81</gpxtpx:cad>
            <gpxtpx:atemp>304.15</gpxtpx:atemp>
          </gpxtpx:TrackPointExtension>
        </extensions>
      </trkpt>
      <trkpt lat="30.504244" lon="34.976218">
        <ele>321.3</ele>
        <time>2026-03-31T05:56:35.000Z</time>
        <extensions>
          <gpxtpx:TrackPointExtension>
            <gpxtpx:hr>156</gpxtpx:hr>
            <gpxtpx:cad>81</gpxtpx:cad>
            <gpxtpx:atemp>304.15</gpxtpx:atemp>
          </gpxtpx:TrackPointExtension>
        </extensions>
      </trkpt>
      <trkpt lat="30.504260" lon="34.976340">
        <ele>321.3</ele>
        <time>2026-03-31T05:56:40.000Z</time>
        <extensions>
          <gpxtpx:TrackPointExtension>
            <gpxtpx:hr>156</gpxtpx:hr>
            <gpxtpx:cad>81</gpxtpx:cad>
            <gpxtpx:atemp>304.15</gpxtpx:atemp>
          </gpxtpx:TrackPointExtension>
        </extensions>
      </trkpt>
      <trkpt lat="30.504277" lon="34.976599">
        <ele>321.5</ele>
        <time>2026-03-31T05:56:51.000Z</time>
        <extensions>
          <gpxtpx:TrackPointExtension>
            <gpxtpx:hr>155</gpxtpx:hr>
            <gpxtpx:cad>80</gpxtpx:cad>
            <gpxtpx:atemp>304.15</gpxtpx:atemp>
          </gpxtpx:TrackPointExtension>
        </extensions>
      </trkpt>
      <trkpt lat="30.504291" lon="34.976683">
        <ele>321.3</ele>
        <time>2026-03-31T05:56:55.000Z</time>
        <extensions>
          <gpxtpx:TrackPointExtension>
            <gpxtpx:hr>155</gpxtpx:hr>
            <gpxtpx:cad>78</gpxtpx:cad>
            <gpxtpx:atemp>304.15</gpxtpx:atemp>
          </gpxtpx:TrackPointExtension>
        </extensions>
      </trkpt>
      <trkpt lat="30.504318" lon="34.976926">
        <ele>321.2</ele>
        <time>2026-03-31T05:57:06.000Z</time>
        <extensions>
          <gpxtpx:TrackPointExtension>
            <gpxtpx:hr>154</gpxtpx:hr>
            <gpxtpx:cad>78</gpxtpx:cad>
            <gpxtpx:atemp>304.15</gpxtpx:atemp>
          </gpxtpx:TrackPointExtension>
        </extensions>
      </trkpt>
      <trkpt lat="30.504348" lon="34.977127">
        <ele>321.3</ele>
        <time>2026-03-31T05:57:16.000Z</time>
        <extensions>
          <gpxtpx:TrackPointExtension>
            <gpxtpx:hr>153</gpxtpx:hr>
            <gpxtpx:cad>78</gpxtpx:cad>
            <gpxtpx:atemp>304.15</gpxtpx:atemp>
          </gpxtpx:TrackPointExtension>
        </extensions>
      </trkpt>
      <trkpt lat="30.504403" lon="34.977304">
        <ele>320.5</ele>
        <time>2026-03-31T05:57:25.000Z</time>
        <extensions>
          <gpxtpx:TrackPointExtension>
            <gpxtpx:hr>153</gpxtpx:hr>
            <gpxtpx:cad>77</gpxtpx:cad>
            <gpxtpx:atemp>304.15</gpxtpx:atemp>
          </gpxtpx:TrackPointExtension>
        </extensions>
      </trkpt>
      <trkpt lat="30.504449" lon="34.977388">
        <ele>319.9</ele>
        <time>2026-03-31T05:57:30.000Z</time>
        <extensions>
          <gpxtpx:TrackPointExtension>
            <gpxtpx:hr>152</gpxtpx:hr>
            <gpxtpx:cad>78</gpxtpx:cad>
            <gpxtpx:atemp>304.15</gpxtpx:atemp>
          </gpxtpx:TrackPointExtension>
        </extensions>
      </trkpt>
      <trkpt lat="30.504532" lon="34.977492">
        <ele>318.7</ele>
        <time>2026-03-31T05:57:37.000Z</time>
        <extensions>
          <gpxtpx:TrackPointExtension>
            <gpxtpx:hr>151</gpxtpx:hr>
            <gpxtpx:cad>77</gpxtpx:cad>
            <gpxtpx:atemp>304.15</gpxtpx:atemp>
          </gpxtpx:TrackPointExtension>
        </extensions>
      </trkpt>
      <trkpt lat="30.504645" lon="34.977644">
        <ele>318.0</ele>
        <time>2026-03-31T05:57:46.000Z</time>
        <extensions>
          <gpxtpx:TrackPointExtension>
            <gpxtpx:hr>151</gpxtpx:hr>
            <gpxtpx:cad>77</gpxtpx:cad>
            <gpxtpx:atemp>304.15</gpxtpx:atemp>
          </gpxtpx:TrackPointExtension>
        </extensions>
      </trkpt>
      <trkpt lat="30.504709" lon="34.977720">
        <ele>318.0</ele>
        <time>2026-03-31T05:57:52.000Z</time>
        <extensions>
          <gpxtpx:TrackPointExtension>
            <gpxtpx:hr>152</gpxtpx:hr>
            <gpxtpx:cad>77</gpxtpx:cad>
            <gpxtpx:atemp>304.15</gpxtpx:atemp>
          </gpxtpx:TrackPointExtension>
        </extensions>
      </trkpt>
      <trkpt lat="30.504740" lon="34.977746">
        <ele>318.0</ele>
        <time>2026-03-31T05:57:54.000Z</time>
        <extensions>
          <gpxtpx:TrackPointExtension>
            <gpxtpx:hr>152</gpxtpx:hr>
            <gpxtpx:cad>77</gpxtpx:cad>
            <gpxtpx:atemp>304.15</gpxtpx:atemp>
          </gpxtpx:TrackPointExtension>
        </extensions>
      </trkpt>
      <trkpt lat="30.504868" lon="34.977914">
        <ele>318.1</ele>
        <time>2026-03-31T05:58:05.000Z</time>
        <extensions>
          <gpxtpx:TrackPointExtension>
            <gpxtpx:hr>151</gpxtpx:hr>
            <gpxtpx:cad>77</gpxtpx:cad>
            <gpxtpx:atemp>304.15</gpxtpx:atemp>
          </gpxtpx:TrackPointExtension>
        </extensions>
      </trkpt>
      <trkpt lat="30.504917" lon="34.978016">
        <ele>318.8</ele>
        <time>2026-03-31T05:58:10.000Z</time>
        <extensions>
          <gpxtpx:TrackPointExtension>
            <gpxtpx:hr>151</gpxtpx:hr>
            <gpxtpx:cad>79</gpxtpx:cad>
            <gpxtpx:atemp>304.15</gpxtpx:atemp>
          </gpxtpx:TrackPointExtension>
        </extensions>
      </trkpt>
      <trkpt lat="30.504933" lon="34.978111">
        <ele>319.0</ele>
        <time>2026-03-31T05:58:14.000Z</time>
        <extensions>
          <gpxtpx:TrackPointExtension>
            <gpxtpx:hr>152</gpxtpx:hr>
            <gpxtpx:cad>79</gpxtpx:cad>
            <gpxtpx:atemp>304.15</gpxtpx:atemp>
          </gpxtpx:TrackPointExtension>
        </extensions>
      </trkpt>
      <trkpt lat="30.504939" lon="34.978128">
        <ele>319.1</ele>
        <time>2026-03-31T05:58:15.000Z</time>
        <extensions>
          <gpxtpx:TrackPointExtension>
            <gpxtpx:hr>151</gpxtpx:hr>
            <gpxtpx:cad>79</gpxtpx:cad>
            <gpxtpx:atemp>304.15</gpxtpx:atemp>
          </gpxtpx:TrackPointExtension>
        </extensions>
      </trkpt>
      <trkpt lat="30.504965" lon="34.978264">
        <ele>319.2</ele>
        <time>2026-03-31T05:58:21.000Z</time>
        <extensions>
          <gpxtpx:TrackPointExtension>
            <gpxtpx:hr>150</gpxtpx:hr>
            <gpxtpx:cad>80</gpxtpx:cad>
            <gpxtpx:atemp>304.15</gpxtpx:atemp>
          </gpxtpx:TrackPointExtension>
        </extensions>
      </trkpt>
      <trkpt lat="30.505000" lon="34.978474">
        <ele>319.0</ele>
        <time>2026-03-31T05:58:30.000Z</time>
        <extensions>
          <gpxtpx:TrackPointExtension>
            <gpxtpx:hr>151</gpxtpx:hr>
            <gpxtpx:cad>79</gpxtpx:cad>
            <gpxtpx:atemp>304.15</gpxtpx:atemp>
          </gpxtpx:TrackPointExtension>
        </extensions>
      </trkpt>
      <trkpt lat="30.505039" lon="34.978702">
        <ele>318.2</ele>
        <time>2026-03-31T05:58:40.000Z</time>
        <extensions>
          <gpxtpx:TrackPointExtension>
            <gpxtpx:hr>151</gpxtpx:hr>
            <gpxtpx:cad>78</gpxtpx:cad>
            <gpxtpx:atemp>304.15</gpxtpx:atemp>
          </gpxtpx:TrackPointExtension>
        </extensions>
      </trkpt>
      <trkpt lat="30.505075" lon="34.978804">
        <ele>318.0</ele>
        <time>2026-03-31T05:58:45.000Z</time>
        <extensions>
          <gpxtpx:TrackPointExtension>
            <gpxtpx:hr>152</gpxtpx:hr>
            <gpxtpx:cad>0</gpxtpx:cad>
            <gpxtpx:atemp>304.15</gpxtpx:atemp>
          </gpxtpx:TrackPointExtension>
        </extensions>
      </trkpt>
      <trkpt lat="30.505123" lon="34.978831">
        <ele>318.3</ele>
        <time>2026-03-31T05:58:50.000Z</time>
        <extensions>
          <gpxtpx:TrackPointExtension>
            <gpxtpx:hr>150</gpxtpx:hr>
            <gpxtpx:cad>79</gpxtpx:cad>
            <gpxtpx:atemp>304.15</gpxtpx:atemp>
          </gpxtpx:TrackPointExtension>
        </extensions>
      </trkpt>
      <trkpt lat="30.505151" lon="34.978907">
        <ele>318.1</ele>
        <time>2026-03-31T05:58:54.000Z</time>
        <extensions>
          <gpxtpx:TrackPointExtension>
            <gpxtpx:hr>150</gpxtpx:hr>
            <gpxtpx:cad>79</gpxtpx:cad>
            <gpxtpx:atemp>304.15</gpxtpx:atemp>
          </gpxtpx:TrackPointExtension>
        </extensions>
      </trkpt>
      <trkpt lat="30.505159" lon="34.979005">
        <ele>317.5</ele>
        <time>2026-03-31T05:58:58.000Z</time>
        <extensions>
          <gpxtpx:TrackPointExtension>
            <gpxtpx:hr>150</gpxtpx:hr>
            <gpxtpx:cad>79</gpxtpx:cad>
            <gpxtpx:atemp>304.15</gpxtpx:atemp>
          </gpxtpx:TrackPointExtension>
        </extensions>
      </trkpt>
      <trkpt lat="30.505214" lon="34.979274">
        <ele>316.3</ele>
        <time>2026-03-31T05:59:10.000Z</time>
        <extensions>
          <gpxtpx:TrackPointExtension>
            <gpxtpx:hr>148</gpxtpx:hr>
            <gpxtpx:cad>80</gpxtpx:cad>
            <gpxtpx:atemp>304.15</gpxtpx:atemp>
          </gpxtpx:TrackPointExtension>
        </extensions>
      </trkpt>
      <trkpt lat="30.505247" lon="34.979452">
        <ele>315.6</ele>
        <time>2026-03-31T05:59:18.000Z</time>
        <extensions>
          <gpxtpx:TrackPointExtension>
            <gpxtpx:hr>148</gpxtpx:hr>
            <gpxtpx:cad>79</gpxtpx:cad>
            <gpxtpx:atemp>305.15</gpxtpx:atemp>
          </gpxtpx:TrackPointExtension>
        </extensions>
      </trkpt>
      <trkpt lat="30.505301" lon="34.979681">
        <ele>315.0</ele>
        <time>2026-03-31T05:59:28.000Z</time>
        <extensions>
          <gpxtpx:TrackPointExtension>
            <gpxtpx:hr>146</gpxtpx:hr>
            <gpxtpx:cad>78</gpxtpx:cad>
            <gpxtpx:atemp>305.15</gpxtpx:atemp>
          </gpxtpx:TrackPointExtension>
        </extensions>
      </trkpt>
      <trkpt lat="30.505342" lon="34.979830">
        <ele>314.8</ele>
        <time>2026-03-31T05:59:35.000Z</time>
        <extensions>
          <gpxtpx:TrackPointExtension>
            <gpxtpx:hr>145</gpxtpx:hr>
            <gpxtpx:cad>78</gpxtpx:cad>
            <gpxtpx:atemp>305.15</gpxtpx:atemp>
          </gpxtpx:TrackPointExtension>
        </extensions>
      </trkpt>
      <trkpt lat="30.505379" lon="34.979926">
        <ele>314.7</ele>
        <time>2026-03-31T05:59:40.000Z</time>
        <extensions>
          <gpxtpx:TrackPointExtension>
            <gpxtpx:hr>145</gpxtpx:hr>
            <gpxtpx:cad>79</gpxtpx:cad>
            <gpxtpx:atemp>305.15</gpxtpx:atemp>
          </gpxtpx:TrackPointExtension>
        </extensions>
      </trkpt>
      <trkpt lat="30.505452" lon="34.980138">
        <ele>314.1</ele>
        <time>2026-03-31T05:59:50.000Z</time>
        <extensions>
          <gpxtpx:TrackPointExtension>
            <gpxtpx:hr>139</gpxtpx:hr>
            <gpxtpx:cad>77</gpxtpx:cad>
            <gpxtpx:atemp>305.15</gpxtpx:atemp>
          </gpxtpx:TrackPointExtension>
        </extensions>
      </trkpt>
      <trkpt lat="30.505503" lon="34.980295">
        <ele>314.7</ele>
        <time>2026-03-31T05:59:58.000Z</time>
        <extensions>
          <gpxtpx:TrackPointExtension>
            <gpxtpx:hr>134</gpxtpx:hr>
            <gpxtpx:cad>77</gpxtpx:cad>
            <gpxtpx:atemp>305.15</gpxtpx:atemp>
          </gpxtpx:TrackPointExtension>
        </extensions>
      </trkpt>
      <trkpt lat="30.505554" lon="34.980409">
        <ele>315.0</ele>
        <time>2026-03-31T06:00:04.000Z</time>
        <extensions>
          <gpxtpx:TrackPointExtension>
            <gpxtpx:hr>132</gpxtpx:hr>
            <gpxtpx:cad>78</gpxtpx:cad>
            <gpxtpx:atemp>305.15</gpxtpx:atemp>
          </gpxtpx:TrackPointExtension>
        </extensions>
      </trkpt>
      <trkpt lat="30.505619" lon="34.980491">
        <ele>315.0</ele>
        <time>2026-03-31T06:00:09.000Z</time>
        <extensions>
          <gpxtpx:TrackPointExtension>
            <gpxtpx:hr>135</gpxtpx:hr>
            <gpxtpx:cad>78</gpxtpx:cad>
            <gpxtpx:atemp>305.15</gpxtpx:atemp>
          </gpxtpx:TrackPointExtension>
        </extensions>
      </trkpt>
      <trkpt lat="30.505660" lon="34.980604">
        <ele>315.0</ele>
        <time>2026-03-31T06:00:14.000Z</time>
        <extensions>
          <gpxtpx:TrackPointExtension>
            <gpxtpx:hr>140</gpxtpx:hr>
            <gpxtpx:cad>77</gpxtpx:cad>
            <gpxtpx:atemp>305.15</gpxtpx:atemp>
          </gpxtpx:TrackPointExtension>
        </extensions>
      </trkpt>
      <trkpt lat="30.505786" lon="34.980793">
        <ele>315.6</ele>
        <time>2026-03-31T06:00:27.000Z</time>
        <extensions>
          <gpxtpx:TrackPointExtension>
            <gpxtpx:hr>146</gpxtpx:hr>
            <gpxtpx:cad>64</gpxtpx:cad>
            <gpxtpx:atemp>304.15</gpxtpx:atemp>
          </gpxtpx:TrackPointExtension>
        </extensions>
      </trkpt>
      <trkpt lat="30.505861" lon="34.980938">
        <ele>316.0</ele>
        <time>2026-03-31T06:00:39.000Z</time>
        <extensions>
          <gpxtpx:TrackPointExtension>
            <gpxtpx:hr>148</gpxtpx:hr>
            <gpxtpx:cad>50</gpxtpx:cad>
            <gpxtpx:atemp>304.15</gpxtpx:atemp>
          </gpxtpx:TrackPointExtension>
        </extensions>
      </trkpt>
      <trkpt lat="30.505921" lon="34.981001">
        <ele>316.2</ele>
        <time>2026-03-31T06:00:51.000Z</time>
        <extensions>
          <gpxtpx:TrackPointExtension>
            <gpxtpx:hr>149</gpxtpx:hr>
            <gpxtpx:cad>57</gpxtpx:cad>
            <gpxtpx:atemp>304.15</gpxtpx:atemp>
          </gpxtpx:TrackPointExtension>
        </extensions>
      </trkpt>
      <trkpt lat="30.506030" lon="34.981103">
        <ele>317.0</ele>
        <time>2026-03-31T06:01:05.000Z</time>
        <extensions>
          <gpxtpx:TrackPointExtension>
            <gpxtpx:hr>152</gpxtpx:hr>
            <gpxtpx:cad>75</gpxtpx:cad>
            <gpxtpx:atemp>304.15</gpxtpx:atemp>
          </gpxtpx:TrackPointExtension>
        </extensions>
      </trkpt>
      <trkpt lat="30.506195" lon="34.981220">
        <ele>317.2</ele>
        <time>2026-03-31T06:01:17.000Z</time>
        <extensions>
          <gpxtpx:TrackPointExtension>
            <gpxtpx:hr>148</gpxtpx:hr>
            <gpxtpx:cad>76</gpxtpx:cad>
            <gpxtpx:atemp>304.15</gpxtpx:atemp>
          </gpxtpx:TrackPointExtension>
        </extensions>
      </trkpt>
      <trkpt lat="30.506355" lon="34.981280">
        <ele>317.3</ele>
        <time>2026-03-31T06:01:27.000Z</time>
        <extensions>
          <gpxtpx:TrackPointExtension>
            <gpxtpx:hr>146</gpxtpx:hr>
            <gpxtpx:cad>78</gpxtpx:cad>
            <gpxtpx:atemp>304.15</gpxtpx:atemp>
          </gpxtpx:TrackPointExtension>
        </extensions>
      </trkpt>
      <trkpt lat="30.506501" lon="34.981324">
        <ele>317.6</ele>
        <time>2026-03-31T06:01:35.000Z</time>
        <extensions>
          <gpxtpx:TrackPointExtension>
            <gpxtpx:hr>146</gpxtpx:hr>
            <gpxtpx:cad>78</gpxtpx:cad>
            <gpxtpx:atemp>304.15</gpxtpx:atemp>
          </gpxtpx:TrackPointExtension>
        </extensions>
      </trkpt>
      <trkpt lat="30.506521" lon="34.981335">
        <ele>317.6</ele>
        <time>2026-03-31T06:01:36.000Z</time>
        <extensions>
          <gpxtpx:TrackPointExtension>
            <gpxtpx:hr>146</gpxtpx:hr>
            <gpxtpx:cad>78</gpxtpx:cad>
            <gpxtpx:atemp>304.15</gpxtpx:atemp>
          </gpxtpx:TrackPointExtension>
        </extensions>
      </trkpt>
      <trkpt lat="30.506740" lon="34.981405">
        <ele>317.3</ele>
        <time>2026-03-31T06:01:48.000Z</time>
        <extensions>
          <gpxtpx:TrackPointExtension>
            <gpxtpx:hr>145</gpxtpx:hr>
            <gpxtpx:cad>75</gpxtpx:cad>
            <gpxtpx:atemp>304.15</gpxtpx:atemp>
          </gpxtpx:TrackPointExtension>
        </extensions>
      </trkpt>
      <trkpt lat="30.506827" lon="34.981445">
        <ele>316.9</ele>
        <time>2026-03-31T06:01:53.000Z</time>
        <extensions>
          <gpxtpx:TrackPointExtension>
            <gpxtpx:hr>142</gpxtpx:hr>
            <gpxtpx:cad>77</gpxtpx:cad>
            <gpxtpx:atemp>304.15</gpxtpx:atemp>
          </gpxtpx:TrackPointExtension>
        </extensions>
      </trkpt>
      <trkpt lat="30.506870" lon="34.981453">
        <ele>316.6</ele>
        <time>2026-03-31T06:01:55.000Z</time>
        <extensions>
          <gpxtpx:TrackPointExtension>
            <gpxtpx:hr>142</gpxtpx:hr>
            <gpxtpx:cad>75</gpxtpx:cad>
            <gpxtpx:atemp>304.15</gpxtpx:atemp>
          </gpxtpx:TrackPointExtension>
        </extensions>
      </trkpt>
      <trkpt lat="30.506972" lon="34.981500">
        <ele>315.9</ele>
        <time>2026-03-31T06:02:01.000Z</time>
        <extensions>
          <gpxtpx:TrackPointExtension>
            <gpxtpx:hr>143</gpxtpx:hr>
            <gpxtpx:cad>75</gpxtpx:cad>
            <gpxtpx:atemp>304.15</gpxtpx:atemp>
          </gpxtpx:TrackPointExtension>
        </extensions>
      </trkpt>
      <trkpt lat="30.507052" lon="34.981517">
        <ele>315.3</ele>
        <time>2026-03-31T06:02:06.000Z</time>
        <extensions>
          <gpxtpx:TrackPointExtension>
            <gpxtpx:hr>143</gpxtpx:hr>
            <gpxtpx:cad>76</gpxtpx:cad>
            <gpxtpx:atemp>303.15</gpxtpx:atemp>
          </gpxtpx:TrackPointExtension>
        </extensions>
      </trkpt>
      <trkpt lat="30.507210" lon="34.981602">
        <ele>314.6</ele>
        <time>2026-03-31T06:02:16.000Z</time>
        <extensions>
          <gpxtpx:TrackPointExtension>
            <gpxtpx:hr>145</gpxtpx:hr>
            <gpxtpx:cad>76</gpxtpx:cad>
            <gpxtpx:atemp>303.15</gpxtpx:atemp>
          </gpxtpx:TrackPointExtension>
        </extensions>
      </trkpt>
      <trkpt lat="30.507330" lon="34.981677">
        <ele>313.7</ele>
        <time>2026-03-31T06:02:23.000Z</time>
        <extensions>
          <gpxtpx:TrackPointExtension>
            <gpxtpx:hr>147</gpxtpx:hr>
            <gpxtpx:cad>61</gpxtpx:cad>
            <gpxtpx:atemp>303.15</gpxtpx:atemp>
          </gpxtpx:TrackPointExtension>
        </extensions>
      </trkpt>
      <trkpt lat="30.507386" lon="34.981722">
        <ele>313.1</ele>
        <time>2026-03-31T06:02:27.000Z</time>
        <extensions>
          <gpxtpx:TrackPointExtension>
            <gpxtpx:hr>150</gpxtpx:hr>
            <gpxtpx:cad>57</gpxtpx:cad>
            <gpxtpx:atemp>303.15</gpxtpx:atemp>
          </gpxtpx:TrackPointExtension>
        </extensions>
      </trkpt>
      <trkpt lat="30.507518" lon="34.981824">
        <ele>311.3</ele>
        <time>2026-03-31T06:02:39.000Z</time>
        <extensions>
          <gpxtpx:TrackPointExtension>
            <gpxtpx:hr>152</gpxtpx:hr>
            <gpxtpx:cad>55</gpxtpx:cad>
            <gpxtpx:atemp>303.15</gpxtpx:atemp>
          </gpxtpx:TrackPointExtension>
        </extensions>
      </trkpt>
      <trkpt lat="30.507586" lon="34.981886">
        <ele>310.3</ele>
        <time>2026-03-31T06:02:46.000Z</time>
        <extensions>
          <gpxtpx:TrackPointExtension>
            <gpxtpx:hr>149</gpxtpx:hr>
            <gpxtpx:cad>57</gpxtpx:cad>
            <gpxtpx:atemp>303.15</gpxtpx:atemp>
          </gpxtpx:TrackPointExtension>
        </extensions>
      </trkpt>
      <trkpt lat="30.507652" lon="34.981925">
        <ele>309.5</ele>
        <time>2026-03-31T06:02:53.000Z</time>
        <extensions>
          <gpxtpx:TrackPointExtension>
            <gpxtpx:hr>145</gpxtpx:hr>
            <gpxtpx:cad>57</gpxtpx:cad>
            <gpxtpx:atemp>303.15</gpxtpx:atemp>
          </gpxtpx:TrackPointExtension>
        </extensions>
      </trkpt>
      <trkpt lat="30.507745" lon="34.981990">
        <ele>308.3</ele>
        <time>2026-03-31T06:03:06.000Z</time>
        <extensions>
          <gpxtpx:TrackPointExtension>
            <gpxtpx:hr>145</gpxtpx:hr>
            <gpxtpx:cad>58</gpxtpx:cad>
            <gpxtpx:atemp>303.15</gpxtpx:atemp>
          </gpxtpx:TrackPointExtension>
        </extensions>
      </trkpt>
      <trkpt lat="30.507864" lon="34.982040">
        <ele>306.9</ele>
        <time>2026-03-31T06:03:20.000Z</time>
        <extensions>
          <gpxtpx:TrackPointExtension>
            <gpxtpx:hr>150</gpxtpx:hr>
            <gpxtpx:cad>58</gpxtpx:cad>
            <gpxtpx:atemp>303.15</gpxtpx:atemp>
          </gpxtpx:TrackPointExtension>
        </extensions>
      </trkpt>
      <trkpt lat="30.507922" lon="34.982076">
        <ele>306.0</ele>
        <time>2026-03-31T06:03:25.000Z</time>
        <extensions>
          <gpxtpx:TrackPointExtension>
            <gpxtpx:hr>151</gpxtpx:hr>
            <gpxtpx:cad>59</gpxtpx:cad>
            <gpxtpx:atemp>303.15</gpxtpx:atemp>
          </gpxtpx:TrackPointExtension>
        </extensions>
      </trkpt>
      <trkpt lat="30.508029" lon="34.982114">
        <ele>305.1</ele>
        <time>2026-03-31T06:03:33.000Z</time>
        <extensions>
          <gpxtpx:TrackPointExtension>
            <gpxtpx:hr>154</gpxtpx:hr>
            <gpxtpx:cad>57</gpxtpx:cad>
            <gpxtpx:atemp>303.15</gpxtpx:atemp>
          </gpxtpx:TrackPointExtension>
        </extensions>
      </trkpt>
      <trkpt lat="30.508071" lon="34.982141">
        <ele>304.7</ele>
        <time>2026-03-31T06:03:37.000Z</time>
        <extensions>
          <gpxtpx:TrackPointExtension>
            <gpxtpx:hr>155</gpxtpx:hr>
            <gpxtpx:cad>57</gpxtpx:cad>
            <gpxtpx:atemp>303.15</gpxtpx:atemp>
          </gpxtpx:TrackPointExtension>
        </extensions>
      </trkpt>
      <trkpt lat="30.508145" lon="34.982331">
        <ele>303.5</ele>
        <time>2026-03-31T06:03:51.000Z</time>
        <extensions>
          <gpxtpx:TrackPointExtension>
            <gpxtpx:hr>155</gpxtpx:hr>
            <gpxtpx:cad>53</gpxtpx:cad>
            <gpxtpx:atemp>303.15</gpxtpx:atemp>
          </gpxtpx:TrackPointExtension>
        </extensions>
      </trkpt>
      <trkpt lat="30.508152" lon="34.982386">
        <ele>303.6</ele>
        <time>2026-03-31T06:03:55.000Z</time>
        <extensions>
          <gpxtpx:TrackPointExtension>
            <gpxtpx:hr>155</gpxtpx:hr>
            <gpxtpx:cad>56</gpxtpx:cad>
            <gpxtpx:atemp>303.15</gpxtpx:atemp>
          </gpxtpx:TrackPointExtension>
        </extensions>
      </trkpt>
      <trkpt lat="30.508219" lon="34.982424">
        <ele>303.7</ele>
        <time>2026-03-31T06:04:03.000Z</time>
        <extensions>
          <gpxtpx:TrackPointExtension>
            <gpxtpx:hr>154</gpxtpx:hr>
            <gpxtpx:cad>57</gpxtpx:cad>
            <gpxtpx:atemp>303.15</gpxtpx:atemp>
          </gpxtpx:TrackPointExtension>
        </extensions>
      </trkpt>
      <trkpt lat="30.508283" lon="34.982419">
        <ele>303.6</ele>
        <time>2026-03-31T06:04:09.000Z</time>
        <extensions>
          <gpxtpx:TrackPointExtension>
            <gpxtpx:hr>154</gpxtpx:hr>
            <gpxtpx:cad>0</gpxtpx:cad>
            <gpxtpx:atemp>303.15</gpxtpx:atemp>
          </gpxtpx:TrackPointExtension>
        </extensions>
      </trkpt>
      <trkpt lat="30.508378" lon="34.982388">
        <ele>303.2</ele>
        <time>2026-03-31T06:04:18.000Z</time>
        <extensions>
          <gpxtpx:TrackPointExtension>
            <gpxtpx:hr>146</gpxtpx:hr>
            <gpxtpx:cad>50</gpxtpx:cad>
            <gpxtpx:atemp>303.15</gpxtpx:atemp>
          </gpxtpx:TrackPointExtension>
        </extensions>
      </trkpt>
      <trkpt lat="30.508576" lon="34.982359">
        <ele>303.0</ele>
        <time>2026-03-31T06:04:34.000Z</time>
        <extensions>
          <gpxtpx:TrackPointExtension>
            <gpxtpx:hr>148</gpxtpx:hr>
            <gpxtpx:cad>76</gpxtpx:cad>
            <gpxtpx:atemp>303.15</gpxtpx:atemp>
          </gpxtpx:TrackPointExtension>
        </extensions>
      </trkpt>
      <trkpt lat="30.508590" lon="34.982360">
        <ele>303.0</ele>
        <time>2026-03-31T06:04:35.000Z</time>
        <extensions>
          <gpxtpx:TrackPointExtension>
            <gpxtpx:hr>148</gpxtpx:hr>
            <gpxtpx:cad>75</gpxtpx:cad>
            <gpxtpx:atemp>303.15</gpxtpx:atemp>
          </gpxtpx:TrackPointExtension>
        </extensions>
      </trkpt>
      <trkpt lat="30.508720" lon="34.982344">
        <ele>302.9</ele>
        <time>2026-03-31T06:04:42.000Z</time>
        <extensions>
          <gpxtpx:TrackPointExtension>
            <gpxtpx:hr>152</gpxtpx:hr>
            <gpxtpx:cad>80</gpxtpx:cad>
            <gpxtpx:atemp>303.15</gpxtpx:atemp>
          </gpxtpx:TrackPointExtension>
        </extensions>
      </trkpt>
      <trkpt lat="30.508733" lon="34.982351">
        <ele>302.9</ele>
        <time>2026-03-31T06:04:43.000Z</time>
        <extensions>
          <gpxtpx:TrackPointExtension>
            <gpxtpx:hr>152</gpxtpx:hr>
            <gpxtpx:cad>80</gpxtpx:cad>
            <gpxtpx:atemp>303.15</gpxtpx:atemp>
          </gpxtpx:TrackPointExtension>
        </extensions>
      </trkpt>
      <trkpt lat="30.508856" lon="34.982374">
        <ele>303.1</ele>
        <time>2026-03-31T06:04:49.000Z</time>
        <extensions>
          <gpxtpx:TrackPointExtension>
            <gpxtpx:hr>153</gpxtpx:hr>
            <gpxtpx:cad>78</gpxtpx:cad>
            <gpxtpx:atemp>303.15</gpxtpx:atemp>
          </gpxtpx:TrackPointExtension>
        </extensions>
      </trkpt>
      <trkpt lat="30.508929" lon="34.982411">
        <ele>303.5</ele>
        <time>2026-03-31T06:04:53.000Z</time>
        <extensions>
          <gpxtpx:TrackPointExtension>
            <gpxtpx:hr>153</gpxtpx:hr>
            <gpxtpx:cad>79</gpxtpx:cad>
            <gpxtpx:atemp>303.15</gpxtpx:atemp>
          </gpxtpx:TrackPointExtension>
        </extensions>
      </trkpt>
      <trkpt lat="30.508947" lon="34.982414">
        <ele>303.6</ele>
        <time>2026-03-31T06:04:54.000Z</time>
        <extensions>
          <gpxtpx:TrackPointExtension>
            <gpxtpx:hr>153</gpxtpx:hr>
            <gpxtpx:cad>79</gpxtpx:cad>
            <gpxtpx:atemp>303.15</gpxtpx:atemp>
          </gpxtpx:TrackPointExtension>
        </extensions>
      </trkpt>
      <trkpt lat="30.509164" lon="34.982334">
        <ele>303.2</ele>
        <time>2026-03-31T06:05:05.000Z</time>
        <extensions>
          <gpxtpx:TrackPointExtension>
            <gpxtpx:hr>153</gpxtpx:hr>
            <gpxtpx:cad>79</gpxtpx:cad>
            <gpxtpx:atemp>303.15</gpxtpx:atemp>
          </gpxtpx:TrackPointExtension>
        </extensions>
      </trkpt>
      <trkpt lat="30.509276" lon="34.982319">
        <ele>303.5</ele>
        <time>2026-03-31T06:05:10.000Z</time>
        <extensions>
          <gpxtpx:TrackPointExtension>
            <gpxtpx:hr>152</gpxtpx:hr>
            <gpxtpx:cad>78</gpxtpx:cad>
            <gpxtpx:atemp>303.15</gpxtpx:atemp>
          </gpxtpx:TrackPointExtension>
        </extensions>
      </trkpt>
      <trkpt lat="30.509416" lon="34.982325">
        <ele>304.0</ele>
        <time>2026-03-31T06:05:17.000Z</time>
        <extensions>
          <gpxtpx:TrackPointExtension>
            <gpxtpx:hr>153</gpxtpx:hr>
            <gpxtpx:cad>78</gpxtpx:cad>
            <gpxtpx:atemp>303.15</gpxtpx:atemp>
          </gpxtpx:TrackPointExtension>
        </extensions>
      </trkpt>
      <trkpt lat="30.509474" lon="34.982311">
        <ele>304.1</ele>
        <time>2026-03-31T06:05:20.000Z</time>
        <extensions>
          <gpxtpx:TrackPointExtension>
            <gpxtpx:hr>154</gpxtpx:hr>
            <gpxtpx:cad>80</gpxtpx:cad>
            <gpxtpx:atemp>303.15</gpxtpx:atemp>
          </gpxtpx:TrackPointExtension>
        </extensions>
      </trkpt>
      <trkpt lat="30.509568" lon="34.982321">
        <ele>304.5</ele>
        <time>2026-03-31T06:05:25.000Z</time>
        <extensions>
          <gpxtpx:TrackPointExtension>
            <gpxtpx:hr>153</gpxtpx:hr>
            <gpxtpx:cad>80</gpxtpx:cad>
            <gpxtpx:atemp>303.15</gpxtpx:atemp>
          </gpxtpx:TrackPointExtension>
        </extensions>
      </trkpt>
      <trkpt lat="30.509736" lon="34.982324">
        <ele>304.0</ele>
        <time>2026-03-31T06:05:33.000Z</time>
        <extensions>
          <gpxtpx:TrackPointExtension>
            <gpxtpx:hr>153</gpxtpx:hr>
            <gpxtpx:cad>81</gpxtpx:cad>
            <gpxtpx:atemp>303.15</gpxtpx:atemp>
          </gpxtpx:TrackPointExtension>
        </extensions>
      </trkpt>
      <trkpt lat="30.510014" lon="34.982324">
        <ele>303.1</ele>
        <time>2026-03-31T06:05:46.000Z</time>
        <extensions>
          <gpxtpx:TrackPointExtension>
            <gpxtpx:hr>152</gpxtpx:hr>
            <gpxtpx:cad>79</gpxtpx:cad>
            <gpxtpx:atemp>303.15</gpxtpx:atemp>
          </gpxtpx:TrackPointExtension>
        </extensions>
      </trkpt>
      <trkpt lat="30.510034" lon="34.982319">
        <ele>303.0</ele>
        <time>2026-03-31T06:05:47.000Z</time>
        <extensions>
          <gpxtpx:TrackPointExtension>
            <gpxtpx:hr>152</gpxtpx:hr>
            <gpxtpx:cad>80</gpxtpx:cad>
            <gpxtpx:atemp>303.15</gpxtpx:atemp>
          </gpxtpx:TrackPointExtension>
        </extensions>
      </trkpt>
      <trkpt lat="30.510160" lon="34.982310">
        <ele>302.6</ele>
        <time>2026-03-31T06:05:53.000Z</time>
        <extensions>
          <gpxtpx:TrackPointExtension>
            <gpxtpx:hr>154</gpxtpx:hr>
            <gpxtpx:cad>78</gpxtpx:cad>
            <gpxtpx:atemp>303.15</gpxtpx:atemp>
          </gpxtpx:TrackPointExtension>
        </extensions>
      </trkpt>
      <trkpt lat="30.510221" lon="34.982308">
        <ele>302.3</ele>
        <time>2026-03-31T06:05:56.000Z</time>
        <extensions>
          <gpxtpx:TrackPointExtension>
            <gpxtpx:hr>158</gpxtpx:hr>
            <gpxtpx:cad>78</gpxtpx:cad>
            <gpxtpx:atemp>304.15</gpxtpx:atemp>
          </gpxtpx:TrackPointExtension>
        </extensions>
      </trkpt>
      <trkpt lat="30.510243" lon="34.982312">
        <ele>302.3</ele>
        <time>2026-03-31T06:05:57.000Z</time>
        <extensions>
          <gpxtpx:TrackPointExtension>
            <gpxtpx:hr>160</gpxtpx:hr>
            <gpxtpx:cad>78</gpxtpx:cad>
            <gpxtpx:atemp>304.15</gpxtpx:atemp>
          </gpxtpx:TrackPointExtension>
        </extensions>
      </trkpt>
      <trkpt lat="30.510341" lon="34.982300">
        <ele>301.8</ele>
        <time>2026-03-31T06:06:02.000Z</time>
        <extensions>
          <gpxtpx:TrackPointExtension>
            <gpxtpx:hr>163</gpxtpx:hr>
            <gpxtpx:cad>78</gpxtpx:cad>
            <gpxtpx:atemp>304.15</gpxtpx:atemp>
          </gpxtpx:TrackPointExtension>
        </extensions>
      </trkpt>
      <trkpt lat="30.510462" lon="34.982298">
        <ele>301.4</ele>
        <time>2026-03-31T06:06:08.000Z</time>
        <extensions>
          <gpxtpx:TrackPointExtension>
            <gpxtpx:hr>160</gpxtpx:hr>
            <gpxtpx:cad>79</gpxtpx:cad>
            <gpxtpx:atemp>304.15</gpxtpx:atemp>
          </gpxtpx:TrackPointExtension>
        </extensions>
      </trkpt>
      <trkpt lat="30.510500" lon="34.982302">
        <ele>301.3</ele>
        <time>2026-03-31T06:06:10.000Z</time>
        <extensions>
          <gpxtpx:TrackPointExtension>
            <gpxtpx:hr>159</gpxtpx:hr>
            <gpxtpx:cad>79</gpxtpx:cad>
            <gpxtpx:atemp>304.15</gpxtpx:atemp>
          </gpxtpx:TrackPointExtension>
        </extensions>
      </trkpt>
      <trkpt lat="30.510590" lon="34.982290">
        <ele>301.0</ele>
        <time>2026-03-31T06:06:15.000Z</time>
        <extensions>
          <gpxtpx:TrackPointExtension>
            <gpxtpx:hr>157</gpxtpx:hr>
            <gpxtpx:cad>78</gpxtpx:cad>
            <gpxtpx:atemp>304.15</gpxtpx:atemp>
          </gpxtpx:TrackPointExtension>
        </extensions>
      </trkpt>
      <trkpt lat="30.510691" lon="34.982310">
        <ele>300.8</ele>
        <time>2026-03-31T06:06:20.000Z</time>
        <extensions>
          <gpxtpx:TrackPointExtension>
            <gpxtpx:hr>154</gpxtpx:hr>
            <gpxtpx:cad>77</gpxtpx:cad>
            <gpxtpx:atemp>304.15</gpxtpx:atemp>
          </gpxtpx:TrackPointExtension>
        </extensions>
      </trkpt>
      <trkpt lat="30.510752" lon="34.982346">
        <ele>300.9</ele>
        <time>2026-03-31T06:06:24.000Z</time>
        <extensions>
          <gpxtpx:TrackPointExtension>
            <gpxtpx:hr>152</gpxtpx:hr>
            <gpxtpx:cad>76</gpxtpx:cad>
            <gpxtpx:atemp>304.15</gpxtpx:atemp>
          </gpxtpx:TrackPointExtension>
        </extensions>
      </trkpt>
      <trkpt lat="30.510825" lon="34.982356">
        <ele>301.0</ele>
        <time>2026-03-31T06:06:28.000Z</time>
        <extensions>
          <gpxtpx:TrackPointExtension>
            <gpxtpx:hr>152</gpxtpx:hr>
            <gpxtpx:cad>75</gpxtpx:cad>
            <gpxtpx:atemp>304.15</gpxtpx:atemp>
          </gpxtpx:TrackPointExtension>
        </extensions>
      </trkpt>
      <trkpt lat="30.510857" lon="34.982370">
        <ele>301.1</ele>
        <time>2026-03-31T06:06:30.000Z</time>
        <extensions>
          <gpxtpx:TrackPointExtension>
            <gpxtpx:hr>151</gpxtpx:hr>
            <gpxtpx:cad>75</gpxtpx:cad>
            <gpxtpx:atemp>304.15</gpxtpx:atemp>
          </gpxtpx:TrackPointExtension>
        </extensions>
      </trkpt>
      <trkpt lat="30.510936" lon="34.982468">
        <ele>302.1</ele>
        <time>2026-03-31T06:06:38.000Z</time>
        <extensions>
          <gpxtpx:TrackPointExtension>
            <gpxtpx:hr>151</gpxtpx:hr>
            <gpxtpx:cad>54</gpxtpx:cad>
            <gpxtpx:atemp>304.15</gpxtpx:atemp>
          </gpxtpx:TrackPointExtension>
        </extensions>
      </trkpt>
      <trkpt lat="30.510959" lon="34.982521">
        <ele>302.7</ele>
        <time>2026-03-31T06:06:42.000Z</time>
        <extensions>
          <gpxtpx:TrackPointExtension>
            <gpxtpx:hr>150</gpxtpx:hr>
            <gpxtpx:cad>54</gpxtpx:cad>
            <gpxtpx:atemp>303.15</gpxtpx:atemp>
          </gpxtpx:TrackPointExtension>
        </extensions>
      </trkpt>
      <trkpt lat="30.511008" lon="34.982576">
        <ele>303.3</ele>
        <time>2026-03-31T06:06:50.000Z</time>
        <extensions>
          <gpxtpx:TrackPointExtension>
            <gpxtpx:hr>152</gpxtpx:hr>
            <gpxtpx:cad>63</gpxtpx:cad>
            <gpxtpx:atemp>303.15</gpxtpx:atemp>
          </gpxtpx:TrackPointExtension>
        </extensions>
      </trkpt>
      <trkpt lat="30.511074" lon="34.982624">
        <ele>303.9</ele>
        <time>2026-03-31T06:06:57.000Z</time>
        <extensions>
          <gpxtpx:TrackPointExtension>
            <gpxtpx:hr>150</gpxtpx:hr>
            <gpxtpx:cad>0</gpxtpx:cad>
            <gpxtpx:atemp>303.15</gpxtpx:atemp>
          </gpxtpx:TrackPointExtension>
        </extensions>
      </trkpt>
      <trkpt lat="30.511107" lon="34.982711">
        <ele>304.6</ele>
        <time>2026-03-31T06:07:03.000Z</time>
        <extensions>
          <gpxtpx:TrackPointExtension>
            <gpxtpx:hr>152</gpxtpx:hr>
            <gpxtpx:cad>69</gpxtpx:cad>
            <gpxtpx:atemp>303.15</gpxtpx:atemp>
          </gpxtpx:TrackPointExtension>
        </extensions>
      </trkpt>
      <trkpt lat="30.511158" lon="34.982791">
        <ele>305.5</ele>
        <time>2026-03-31T06:07:12.000Z</time>
        <extensions>
          <gpxtpx:TrackPointExtension>
            <gpxtpx:hr>152</gpxtpx:hr>
            <gpxtpx:cad>77</gpxtpx:cad>
            <gpxtpx:atemp>303.15</gpxtpx:atemp>
          </gpxtpx:TrackPointExtension>
        </extensions>
      </trkpt>
      <trkpt lat="30.511249" lon="34.982798">
        <ele>305.7</ele>
        <time>2026-03-31T06:07:17.000Z</time>
        <extensions>
          <gpxtpx:TrackPointExtension>
            <gpxtpx:hr>152</gpxtpx:hr>
            <gpxtpx:cad>79</gpxtpx:cad>
            <gpxtpx:atemp>303.15</gpxtpx:atemp>
          </gpxtpx:TrackPointExtension>
        </extensions>
      </trkpt>
      <trkpt lat="30.511263" lon="34.982796">
        <ele>305.8</ele>
        <time>2026-03-31T06:07:18.000Z</time>
        <extensions>
          <gpxtpx:TrackPointExtension>
            <gpxtpx:hr>152</gpxtpx:hr>
            <gpxtpx:cad>78</gpxtpx:cad>
            <gpxtpx:atemp>303.15</gpxtpx:atemp>
          </gpxtpx:TrackPointExtension>
        </extensions>
      </trkpt>
      <trkpt lat="30.511370" lon="34.982805">
        <ele>306.7</ele>
        <time>2026-03-31T06:07:23.000Z</time>
        <extensions>
          <gpxtpx:TrackPointExtension>
            <gpxtpx:hr>153</gpxtpx:hr>
            <gpxtpx:cad>78</gpxtpx:cad>
            <gpxtpx:atemp>303.15</gpxtpx:atemp>
          </gpxtpx:TrackPointExtension>
        </extensions>
      </trkpt>
      <trkpt lat="30.511458" lon="34.982843">
        <ele>307.7</ele>
        <time>2026-03-31T06:07:28.000Z</time>
        <extensions>
          <gpxtpx:TrackPointExtension>
            <gpxtpx:hr>154</gpxtpx:hr>
            <gpxtpx:cad>77</gpxtpx:cad>
            <gpxtpx:atemp>303.15</gpxtpx:atemp>
          </gpxtpx:TrackPointExtension>
        </extensions>
      </trkpt>
      <trkpt lat="30.511562" lon="34.982843">
        <ele>308.3</ele>
        <time>2026-03-31T06:07:33.000Z</time>
        <extensions>
          <gpxtpx:TrackPointExtension>
            <gpxtpx:hr>154</gpxtpx:hr>
            <gpxtpx:cad>78</gpxtpx:cad>
            <gpxtpx:atemp>303.15</gpxtpx:atemp>
          </gpxtpx:TrackPointExtension>
        </extensions>
      </trkpt>
      <trkpt lat="30.511641" lon="34.982833">
        <ele>308.5</ele>
        <time>2026-03-31T06:07:37.000Z</time>
        <extensions>
          <gpxtpx:TrackPointExtension>
            <gpxtpx:hr>153</gpxtpx:hr>
            <gpxtpx:cad>78</gpxtpx:cad>
            <gpxtpx:atemp>303.15</gpxtpx:atemp>
          </gpxtpx:TrackPointExtension>
        </extensions>
      </trkpt>
      <trkpt lat="30.511862" lon="34.982790">
        <ele>308.8</ele>
        <time>2026-03-31T06:07:49.000Z</time>
        <extensions>
          <gpxtpx:TrackPointExtension>
            <gpxtpx:hr>152</gpxtpx:hr>
            <gpxtpx:cad>79</gpxtpx:cad>
            <gpxtpx:atemp>303.15</gpxtpx:atemp>
          </gpxtpx:TrackPointExtension>
        </extensions>
      </trkpt>
      <trkpt lat="30.512002" lon="34.982759">
        <ele>309.0</ele>
        <time>2026-03-31T06:07:56.000Z</time>
        <extensions>
          <gpxtpx:TrackPointExtension>
            <gpxtpx:hr>151</gpxtpx:hr>
            <gpxtpx:cad>80</gpxtpx:cad>
            <gpxtpx:atemp>303.15</gpxtpx:atemp>
          </gpxtpx:TrackPointExtension>
        </extensions>
      </trkpt>
      <trkpt lat="30.512080" lon="34.982735">
        <ele>309.0</ele>
        <time>2026-03-31T06:08:00.000Z</time>
        <extensions>
          <gpxtpx:TrackPointExtension>
            <gpxtpx:hr>152</gpxtpx:hr>
            <gpxtpx:cad>79</gpxtpx:cad>
            <gpxtpx:atemp>303.15</gpxtpx:atemp>
          </gpxtpx:TrackPointExtension>
        </extensions>
      </trkpt>
      <trkpt lat="30.512261" lon="34.982696">
        <ele>308.6</ele>
        <time>2026-03-31T06:08:09.000Z</time>
        <extensions>
          <gpxtpx:TrackPointExtension>
            <gpxtpx:hr>150</gpxtpx:hr>
            <gpxtpx:cad>79</gpxtpx:cad>
            <gpxtpx:atemp>303.15</gpxtpx:atemp>
          </gpxtpx:TrackPointExtension>
        </extensions>
      </trkpt>
      <trkpt lat="30.512460" lon="34.982677">
        <ele>308.1</ele>
        <time>2026-03-31T06:08:19.000Z</time>
        <extensions>
          <gpxtpx:TrackPointExtension>
            <gpxtpx:hr>149</gpxtpx:hr>
            <gpxtpx:cad>79</gpxtpx:cad>
            <gpxtpx:atemp>303.15</gpxtpx:atemp>
          </gpxtpx:TrackPointExtension>
        </extensions>
      </trkpt>
      <trkpt lat="30.512503" lon="34.982668">
        <ele>307.9</ele>
        <time>2026-03-31T06:08:21.000Z</time>
        <extensions>
          <gpxtpx:TrackPointExtension>
            <gpxtpx:hr>149</gpxtpx:hr>
            <gpxtpx:cad>79</gpxtpx:cad>
            <gpxtpx:atemp>303.15</gpxtpx:atemp>
          </gpxtpx:TrackPointExtension>
        </extensions>
      </trkpt>
      <trkpt lat="30.512710" lon="34.982670">
        <ele>307.4</ele>
        <time>2026-03-31T06:08:31.000Z</time>
        <extensions>
          <gpxtpx:TrackPointExtension>
            <gpxtpx:hr>146</gpxtpx:hr>
            <gpxtpx:cad>79</gpxtpx:cad>
            <gpxtpx:atemp>303.15</gpxtpx:atemp>
          </gpxtpx:TrackPointExtension>
        </extensions>
      </trkpt>
      <trkpt lat="30.512885" lon="34.982681">
        <ele>307.5</ele>
        <time>2026-03-31T06:08:40.000Z</time>
        <extensions>
          <gpxtpx:TrackPointExtension>
            <gpxtpx:hr>141</gpxtpx:hr>
            <gpxtpx:cad>80</gpxtpx:cad>
            <gpxtpx:atemp>303.15</gpxtpx:atemp>
          </gpxtpx:TrackPointExtension>
        </extensions>
      </trkpt>
      <trkpt lat="30.513069" lon="34.982708">
        <ele>307.3</ele>
        <time>2026-03-31T06:08:49.000Z</time>
        <extensions>
          <gpxtpx:TrackPointExtension>
            <gpxtpx:hr>141</gpxtpx:hr>
            <gpxtpx:cad>78</gpxtpx:cad>
            <gpxtpx:atemp>303.15</gpxtpx:atemp>
          </gpxtpx:TrackPointExtension>
        </extensions>
      </trkpt>
      <trkpt lat="30.513127" lon="34.982712">
        <ele>307.2</ele>
        <time>2026-03-31T06:08:52.000Z</time>
        <extensions>
          <gpxtpx:TrackPointExtension>
            <gpxtpx:hr>139</gpxtpx:hr>
            <gpxtpx:cad>76</gpxtpx:cad>
            <gpxtpx:atemp>303.15</gpxtpx:atemp>
          </gpxtpx:TrackPointExtension>
        </extensions>
      </trkpt>
      <trkpt lat="30.513342" lon="34.982717">
        <ele>307.1</ele>
        <time>2026-03-31T06:09:03.000Z</time>
        <extensions>
          <gpxtpx:TrackPointExtension>
            <gpxtpx:hr>126</gpxtpx:hr>
            <gpxtpx:cad>75</gpxtpx:cad>
            <gpxtpx:atemp>303.15</gpxtpx:atemp>
          </gpxtpx:TrackPointExtension>
        </extensions>
      </trkpt>
      <trkpt lat="30.513512" lon="34.982732">
        <ele>307.4</ele>
        <time>2026-03-31T06:09:14.000Z</time>
        <extensions>
          <gpxtpx:TrackPointExtension>
            <gpxtpx:hr>122</gpxtpx:hr>
            <gpxtpx:cad>0</gpxtpx:cad>
            <gpxtpx:atemp>303.15</gpxtpx:atemp>
          </gpxtpx:TrackPointExtension>
        </extensions>
      </trkpt>
      <trkpt lat="30.513584" lon="34.982776">
        <ele>308.2</ele>
        <time>2026-03-31T06:09:22.000Z</time>
        <extensions>
          <gpxtpx:TrackPointExtension>
            <gpxtpx:hr>130</gpxtpx:hr>
            <gpxtpx:cad>55</gpxtpx:cad>
            <gpxtpx:atemp>303.15</gpxtpx:atemp>
          </gpxtpx:TrackPointExtension>
        </extensions>
      </trkpt>
      <trkpt lat="30.513596" lon="34.982860">
        <ele>309.3</ele>
        <time>2026-03-31T06:09:28.000Z</time>
        <extensions>
          <gpxtpx:TrackPointExtension>
            <gpxtpx:hr>133</gpxtpx:hr>
            <gpxtpx:cad>0</gpxtpx:cad>
            <gpxtpx:atemp>303.15</gpxtpx:atemp>
          </gpxtpx:TrackPointExtension>
        </extensions>
      </trkpt>
      <trkpt lat="30.513613" lon="34.982889">
        <ele>309.7</ele>
        <time>2026-03-31T06:09:54.000Z</time>
        <extensions>
          <gpxtpx:TrackPointExtension>
            <gpxtpx:hr>148</gpxtpx:hr>
            <gpxtpx:cad>59</gpxtpx:cad>
            <gpxtpx:atemp>303.15</gpxtpx:atemp>
          </gpxtpx:TrackPointExtension>
        </extensions>
      </trkpt>
      <trkpt lat="30.513645" lon="34.983069">
        <ele>312.2</ele>
        <time>2026-03-31T06:10:07.000Z</time>
        <extensions>
          <gpxtpx:TrackPointExtension>
            <gpxtpx:hr>148</gpxtpx:hr>
            <gpxtpx:cad>76</gpxtpx:cad>
            <gpxtpx:atemp>303.15</gpxtpx:atemp>
          </gpxtpx:TrackPointExtension>
        </extensions>
      </trkpt>
      <trkpt lat="30.513712" lon="34.983255">
        <ele>314.9</ele>
        <time>2026-03-31T06:10:16.000Z</time>
        <extensions>
          <gpxtpx:TrackPointExtension>
            <gpxtpx:hr>149</gpxtpx:hr>
            <gpxtpx:cad>0</gpxtpx:cad>
            <gpxtpx:atemp>303.15</gpxtpx:atemp>
          </gpxtpx:TrackPointExtension>
        </extensions>
      </trkpt>
      <trkpt lat="30.513767" lon="34.983343">
        <ele>316.1</ele>
        <time>2026-03-31T06:10:22.000Z</time>
        <extensions>
          <gpxtpx:TrackPointExtension>
            <gpxtpx:hr>149</gpxtpx:hr>
            <gpxtpx:cad>72</gpxtpx:cad>
            <gpxtpx:atemp>303.15</gpxtpx:atemp>
          </gpxtpx:TrackPointExtension>
        </extensions>
      </trkpt>
      <trkpt lat="30.513860" lon="34.983422">
        <ele>317.3</ele>
        <time>2026-03-31T06:10:31.000Z</time>
        <extensions>
          <gpxtpx:TrackPointExtension>
            <gpxtpx:hr>150</gpxtpx:hr>
            <gpxtpx:cad>69</gpxtpx:cad>
            <gpxtpx:atemp>303.15</gpxtpx:atemp>
          </gpxtpx:TrackPointExtension>
        </extensions>
      </trkpt>
      <trkpt lat="30.513904" lon="34.983482">
        <ele>318.1</ele>
        <time>2026-03-31T06:10:35.000Z</time>
        <extensions>
          <gpxtpx:TrackPointExtension>
            <gpxtpx:hr>149</gpxtpx:hr>
            <gpxtpx:cad>71</gpxtpx:cad>
            <gpxtpx:atemp>303.15</gpxtpx:atemp>
          </gpxtpx:TrackPointExtension>
        </extensions>
      </trkpt>
      <trkpt lat="30.513905" lon="34.983580">
        <ele>319.5</ele>
        <time>2026-03-31T06:10:41.000Z</time>
        <extensions>
          <gpxtpx:TrackPointExtension>
            <gpxtpx:hr>149</gpxtpx:hr>
            <gpxtpx:cad>75</gpxtpx:cad>
            <gpxtpx:atemp>303.15</gpxtpx:atemp>
          </gpxtpx:TrackPointExtension>
        </extensions>
      </trkpt>
      <trkpt lat="30.513942" lon="34.983659">
        <ele>320.4</ele>
        <time>2026-03-31T06:10:45.000Z</time>
        <extensions>
          <gpxtpx:TrackPointExtension>
            <gpxtpx:hr>149</gpxtpx:hr>
            <gpxtpx:cad>76</gpxtpx:cad>
            <gpxtpx:atemp>302.15</gpxtpx:atemp>
          </gpxtpx:TrackPointExtension>
        </extensions>
      </trkpt>
      <trkpt lat="30.513969" lon="34.983691">
        <ele>320.7</ele>
        <time>2026-03-31T06:10:47.000Z</time>
        <extensions>
          <gpxtpx:TrackPointExtension>
            <gpxtpx:hr>148</gpxtpx:hr>
            <gpxtpx:cad>77</gpxtpx:cad>
            <gpxtpx:atemp>302.15</gpxtpx:atemp>
          </gpxtpx:TrackPointExtension>
        </extensions>
      </trkpt>
      <trkpt lat="30.514023" lon="34.983813">
        <ele>321.9</ele>
        <time>2026-03-31T06:10:53.000Z</time>
        <extensions>
          <gpxtpx:TrackPointExtension>
            <gpxtpx:hr>148</gpxtpx:hr>
            <gpxtpx:cad>77</gpxtpx:cad>
            <gpxtpx:atemp>302.15</gpxtpx:atemp>
          </gpxtpx:TrackPointExtension>
        </extensions>
      </trkpt>
      <trkpt lat="30.514084" lon="34.983861">
        <ele>322.0</ele>
        <time>2026-03-31T06:10:57.000Z</time>
        <extensions>
          <gpxtpx:TrackPointExtension>
            <gpxtpx:hr>148</gpxtpx:hr>
            <gpxtpx:cad>77</gpxtpx:cad>
            <gpxtpx:atemp>302.15</gpxtpx:atemp>
          </gpxtpx:TrackPointExtension>
        </extensions>
      </trkpt>
      <trkpt lat="30.514136" lon="34.983925">
        <ele>322.2</ele>
        <time>2026-03-31T06:11:01.000Z</time>
        <extensions>
          <gpxtpx:TrackPointExtension>
            <gpxtpx:hr>147</gpxtpx:hr>
            <gpxtpx:cad>77</gpxtpx:cad>
            <gpxtpx:atemp>302.15</gpxtpx:atemp>
          </gpxtpx:TrackPointExtension>
        </extensions>
      </trkpt>
      <trkpt lat="30.514151" lon="34.983959">
        <ele>322.5</ele>
        <time>2026-03-31T06:11:03.000Z</time>
        <extensions>
          <gpxtpx:TrackPointExtension>
            <gpxtpx:hr>146</gpxtpx:hr>
            <gpxtpx:cad>76</gpxtpx:cad>
            <gpxtpx:atemp>302.15</gpxtpx:atemp>
          </gpxtpx:TrackPointExtension>
        </extensions>
      </trkpt>
      <trkpt lat="30.514197" lon="34.984027">
        <ele>322.6</ele>
        <time>2026-03-31T06:11:07.000Z</time>
        <extensions>
          <gpxtpx:TrackPointExtension>
            <gpxtpx:hr>145</gpxtpx:hr>
            <gpxtpx:cad>74</gpxtpx:cad>
            <gpxtpx:atemp>302.15</gpxtpx:atemp>
          </gpxtpx:TrackPointExtension>
        </extensions>
      </trkpt>
      <trkpt lat="30.514302" lon="34.984126">
        <ele>322.1</ele>
        <time>2026-03-31T06:11:14.000Z</time>
        <extensions>
          <gpxtpx:TrackPointExtension>
            <gpxtpx:hr>142</gpxtpx:hr>
            <gpxtpx:cad>75</gpxtpx:cad>
            <gpxtpx:atemp>302.15</gpxtpx:atemp>
          </gpxtpx:TrackPointExtension>
        </extensions>
      </trkpt>
      <trkpt lat="30.514329" lon="34.984169">
        <ele>322.2</ele>
        <time>2026-03-31T06:11:16.000Z</time>
        <extensions>
          <gpxtpx:TrackPointExtension>
            <gpxtpx:hr>141</gpxtpx:hr>
            <gpxtpx:cad>75</gpxtpx:cad>
            <gpxtpx:atemp>302.15</gpxtpx:atemp>
          </gpxtpx:TrackPointExtension>
        </extensions>
      </trkpt>
      <trkpt lat="30.514469" lon="34.984315">
        <ele>321.2</ele>
        <time>2026-03-31T06:11:27.000Z</time>
        <extensions>
          <gpxtpx:TrackPointExtension>
            <gpxtpx:hr>137</gpxtpx:hr>
            <gpxtpx:cad>72</gpxtpx:cad>
            <gpxtpx:atemp>302.15</gpxtpx:atemp>
          </gpxtpx:TrackPointExtension>
        </extensions>
      </trkpt>
      <trkpt lat="30.514505" lon="34.984379">
        <ele>321.3</ele>
        <time>2026-03-31T06:11:32.000Z</time>
        <extensions>
          <gpxtpx:TrackPointExtension>
            <gpxtpx:hr>137</gpxtpx:hr>
            <gpxtpx:cad>72</gpxtpx:cad>
            <gpxtpx:atemp>302.15</gpxtpx:atemp>
          </gpxtpx:TrackPointExtension>
        </extensions>
      </trkpt>
      <trkpt lat="30.514568" lon="34.984432">
        <ele>320.7</ele>
        <time>2026-03-31T06:11:39.000Z</time>
        <extensions>
          <gpxtpx:TrackPointExtension>
            <gpxtpx:hr>138</gpxtpx:hr>
            <gpxtpx:cad>78</gpxtpx:cad>
            <gpxtpx:atemp>302.15</gpxtpx:atemp>
          </gpxtpx:TrackPointExtension>
        </extensions>
      </trkpt>
      <trkpt lat="30.514692" lon="34.984463">
        <ele>319.3</ele>
        <time>2026-03-31T06:11:46.000Z</time>
        <extensions>
          <gpxtpx:TrackPointExtension>
            <gpxtpx:hr>136</gpxtpx:hr>
            <gpxtpx:cad>0</gpxtpx:cad>
            <gpxtpx:atemp>302.15</gpxtpx:atemp>
          </gpxtpx:TrackPointExtension>
        </extensions>
      </trkpt>
      <trkpt lat="30.514758" lon="34.984457">
        <ele>318.3</ele>
        <time>2026-03-31T06:11:50.000Z</time>
        <extensions>
          <gpxtpx:TrackPointExtension>
            <gpxtpx:hr>136</gpxtpx:hr>
            <gpxtpx:cad>0</gpxtpx:cad>
            <gpxtpx:atemp>302.15</gpxtpx:atemp>
          </gpxtpx:TrackPointExtension>
        </extensions>
      </trkpt>
      <trkpt lat="30.514806" lon="34.984546">
        <ele>317.9</ele>
        <time>2026-03-31T06:12:00.000Z</time>
        <extensions>
          <gpxtpx:TrackPointExtension>
            <gpxtpx:hr>132</gpxtpx:hr>
            <gpxtpx:cad>77</gpxtpx:cad>
            <gpxtpx:atemp>302.15</gpxtpx:atemp>
          </gpxtpx:TrackPointExtension>
        </extensions>
      </trkpt>
      <trkpt lat="30.514834" lon="34.984570">
        <ele>317.5</ele>
        <time>2026-03-31T06:12:02.000Z</time>
        <extensions>
          <gpxtpx:TrackPointExtension>
            <gpxtpx:hr>131</gpxtpx:hr>
            <gpxtpx:cad>77</gpxtpx:cad>
            <gpxtpx:atemp>302.15</gpxtpx:atemp>
          </gpxtpx:TrackPointExtension>
        </extensions>
      </trkpt>
      <trkpt lat="30.514927" lon="34.984594">
        <ele>316.8</ele>
        <time>2026-03-31T06:12:06.000Z</time>
        <extensions>
          <gpxtpx:TrackPointExtension>
            <gpxtpx:hr>128</gpxtpx:hr>
            <gpxtpx:cad>78</gpxtpx:cad>
            <gpxtpx:atemp>302.15</gpxtpx:atemp>
          </gpxtpx:TrackPointExtension>
        </extensions>
      </trkpt>
      <trkpt lat="30.515003" lon="34.984630">
        <ele>316.7</ele>
        <time>2026-03-31T06:12:10.000Z</time>
        <extensions>
          <gpxtpx:TrackPointExtension>
            <gpxtpx:hr>125</gpxtpx:hr>
            <gpxtpx:cad>78</gpxtpx:cad>
            <gpxtpx:atemp>302.15</gpxtpx:atemp>
          </gpxtpx:TrackPointExtension>
        </extensions>
      </trkpt>
      <trkpt lat="30.515122" lon="34.984718">
        <ele>316.1</ele>
        <time>2026-03-31T06:12:17.000Z</time>
        <extensions>
          <gpxtpx:TrackPointExtension>
            <gpxtpx:hr>120</gpxtpx:hr>
            <gpxtpx:cad>107</gpxtpx:cad>
            <gpxtpx:atemp>302.15</gpxtpx:atemp>
          </gpxtpx:TrackPointExtension>
        </extensions>
      </trkpt>
      <trkpt lat="30.515269" lon="34.984857">
        <ele>316.0</ele>
        <time>2026-03-31T06:12:32.000Z</time>
        <extensions>
          <gpxtpx:TrackPointExtension>
            <gpxtpx:hr>129</gpxtpx:hr>
            <gpxtpx:cad>54</gpxtpx:cad>
            <gpxtpx:atemp>302.15</gpxtpx:atemp>
          </gpxtpx:TrackPointExtension>
        </extensions>
      </trkpt>
      <trkpt lat="30.515299" lon="34.984908">
        <ele>316.0</ele>
        <time>2026-03-31T06:12:37.000Z</time>
        <extensions>
          <gpxtpx:TrackPointExtension>
            <gpxtpx:hr>131</gpxtpx:hr>
            <gpxtpx:cad>55</gpxtpx:cad>
            <gpxtpx:atemp>302.15</gpxtpx:atemp>
          </gpxtpx:TrackPointExtension>
        </extensions>
      </trkpt>
      <trkpt lat="30.515350" lon="34.985063">
        <ele>315.6</ele>
        <time>2026-03-31T06:12:55.000Z</time>
        <extensions>
          <gpxtpx:TrackPointExtension>
            <gpxtpx:hr>128</gpxtpx:hr>
            <gpxtpx:cad>0</gpxtpx:cad>
            <gpxtpx:atemp>302.15</gpxtpx:atemp>
          </gpxtpx:TrackPointExtension>
        </extensions>
      </trkpt>
      <trkpt lat="30.515343" lon="34.985058">
        <ele>315.7</ele>
        <time>2026-03-31T06:13:09.000Z</time>
        <extensions>
          <gpxtpx:TrackPointExtension>
            <gpxtpx:hr>135</gpxtpx:hr>
            <gpxtpx:cad>56</gpxtpx:cad>
            <gpxtpx:atemp>302.15</gpxtpx:atemp>
          </gpxtpx:TrackPointExtension>
        </extensions>
      </trkpt>
      <trkpt lat="30.515426" lon="34.985154">
        <ele>315.0</ele>
        <time>2026-03-31T06:13:21.000Z</time>
        <extensions>
          <gpxtpx:TrackPointExtension>
            <gpxtpx:hr>136</gpxtpx:hr>
            <gpxtpx:cad>58</gpxtpx:cad>
            <gpxtpx:atemp>302.15</gpxtpx:atemp>
          </gpxtpx:TrackPointExtension>
        </extensions>
      </trkpt>
      <trkpt lat="30.515520" lon="34.985256">
        <ele>314.8</ele>
        <time>2026-03-31T06:13:31.000Z</time>
        <extensions>
          <gpxtpx:TrackPointExtension>
            <gpxtpx:hr>138</gpxtpx:hr>
            <gpxtpx:cad>58</gpxtpx:cad>
            <gpxtpx:atemp>302.15</gpxtpx:atemp>
          </gpxtpx:TrackPointExtension>
        </extensions>
      </trkpt>
      <trkpt lat="30.515625" lon="34.985359">
        <ele>314.4</ele>
        <time>2026-03-31T06:13:42.000Z</time>
        <extensions>
          <gpxtpx:TrackPointExtension>
            <gpxtpx:hr>143</gpxtpx:hr>
            <gpxtpx:cad>57</gpxtpx:cad>
            <gpxtpx:atemp>302.15</gpxtpx:atemp>
          </gpxtpx:TrackPointExtension>
        </extensions>
      </trkpt>
      <trkpt lat="30.515661" lon="34.985409">
        <ele>314.1</ele>
        <time>2026-03-31T06:13:47.000Z</time>
        <extensions>
          <gpxtpx:TrackPointExtension>
            <gpxtpx:hr>143</gpxtpx:hr>
            <gpxtpx:cad>61</gpxtpx:cad>
            <gpxtpx:atemp>302.15</gpxtpx:atemp>
          </gpxtpx:TrackPointExtension>
        </extensions>
      </trkpt>
      <trkpt lat="30.515690" lon="34.985435">
        <ele>314.0</ele>
        <time>2026-03-31T06:13:50.000Z</time>
        <extensions>
          <gpxtpx:TrackPointExtension>
            <gpxtpx:hr>143</gpxtpx:hr>
            <gpxtpx:cad>77</gpxtpx:cad>
            <gpxtpx:atemp>303.15</gpxtpx:atemp>
          </gpxtpx:TrackPointExtension>
        </extensions>
      </trkpt>
      <trkpt lat="30.515816" lon="34.985595">
        <ele>315.3</ele>
        <time>2026-03-31T06:14:01.000Z</time>
        <extensions>
          <gpxtpx:TrackPointExtension>
            <gpxtpx:hr>147</gpxtpx:hr>
            <gpxtpx:cad>51</gpxtpx:cad>
            <gpxtpx:atemp>303.15</gpxtpx:atemp>
          </gpxtpx:TrackPointExtension>
        </extensions>
      </trkpt>
      <trkpt lat="30.515811" lon="34.985658">
        <ele>315.3</ele>
        <time>2026-03-31T06:14:06.000Z</time>
        <extensions>
          <gpxtpx:TrackPointExtension>
            <gpxtpx:hr>147</gpxtpx:hr>
            <gpxtpx:cad>0</gpxtpx:cad>
            <gpxtpx:atemp>303.15</gpxtpx:atemp>
          </gpxtpx:TrackPointExtension>
        </extensions>
      </trkpt>
      <trkpt lat="30.515846" lon="34.985718">
        <ele>315.9</ele>
        <time>2026-03-31T06:14:12.000Z</time>
        <extensions>
          <gpxtpx:TrackPointExtension>
            <gpxtpx:hr>152</gpxtpx:hr>
            <gpxtpx:cad>0</gpxtpx:cad>
            <gpxtpx:atemp>303.15</gpxtpx:atemp>
          </gpxtpx:TrackPointExtension>
        </extensions>
      </trkpt>
      <trkpt lat="30.515858" lon="34.985794">
        <ele>316.7</ele>
        <time>2026-03-31T06:14:20.000Z</time>
        <extensions>
          <gpxtpx:TrackPointExtension>
            <gpxtpx:hr>154</gpxtpx:hr>
            <gpxtpx:cad>78</gpxtpx:cad>
            <gpxtpx:atemp>303.15</gpxtpx:atemp>
          </gpxtpx:TrackPointExtension>
        </extensions>
      </trkpt>
      <trkpt lat="30.515852" lon="34.986046">
        <ele>319.3</ele>
        <time>2026-03-31T06:14:31.000Z</time>
        <extensions>
          <gpxtpx:TrackPointExtension>
            <gpxtpx:hr>154</gpxtpx:hr>
            <gpxtpx:cad>56</gpxtpx:cad>
            <gpxtpx:atemp>303.15</gpxtpx:atemp>
          </gpxtpx:TrackPointExtension>
        </extensions>
      </trkpt>
      <trkpt lat="30.515832" lon="34.986110">
        <ele>320.0</ele>
        <time>2026-03-31T06:14:36.000Z</time>
        <extensions>
          <gpxtpx:TrackPointExtension>
            <gpxtpx:hr>151</gpxtpx:hr>
            <gpxtpx:cad>0</gpxtpx:cad>
            <gpxtpx:atemp>303.15</gpxtpx:atemp>
          </gpxtpx:TrackPointExtension>
        </extensions>
      </trkpt>
      <trkpt lat="30.515785" lon="34.986197">
        <ele>320.5</ele>
        <time>2026-03-31T06:14:42.000Z</time>
        <extensions>
          <gpxtpx:TrackPointExtension>
            <gpxtpx:hr>150</gpxtpx:hr>
            <gpxtpx:cad>59</gpxtpx:cad>
            <gpxtpx:atemp>303.15</gpxtpx:atemp>
          </gpxtpx:TrackPointExtension>
        </extensions>
      </trkpt>
      <trkpt lat="30.515758" lon="34.986274">
        <ele>321.3</ele>
        <time>2026-03-31T06:14:48.000Z</time>
        <extensions>
          <gpxtpx:TrackPointExtension>
            <gpxtpx:hr>150</gpxtpx:hr>
            <gpxtpx:cad>70</gpxtpx:cad>
            <gpxtpx:atemp>303.15</gpxtpx:atemp>
          </gpxtpx:TrackPointExtension>
        </extensions>
      </trkpt>
      <trkpt lat="30.515732" lon="34.986314">
        <ele>321.5</ele>
        <time>2026-03-31T06:14:51.000Z</time>
        <extensions>
          <gpxtpx:TrackPointExtension>
            <gpxtpx:hr>151</gpxtpx:hr>
            <gpxtpx:cad>70</gpxtpx:cad>
            <gpxtpx:atemp>303.15</gpxtpx:atemp>
          </gpxtpx:TrackPointExtension>
        </extensions>
      </trkpt>
      <trkpt lat="30.515663" lon="34.986372">
        <ele>321.7</ele>
        <time>2026-03-31T06:14:58.000Z</time>
        <extensions>
          <gpxtpx:TrackPointExtension>
            <gpxtpx:hr>154</gpxtpx:hr>
            <gpxtpx:cad>50</gpxtpx:cad>
            <gpxtpx:atemp>303.15</gpxtpx:atemp>
          </gpxtpx:TrackPointExtension>
        </extensions>
      </trkpt>
      <trkpt lat="30.515663" lon="34.986460">
        <ele>322.9</ele>
        <time>2026-03-31T06:15:05.000Z</time>
        <extensions>
          <gpxtpx:TrackPointExtension>
            <gpxtpx:hr>146</gpxtpx:hr>
            <gpxtpx:cad>0</gpxtpx:cad>
            <gpxtpx:atemp>303.15</gpxtpx:atemp>
          </gpxtpx:TrackPointExtension>
        </extensions>
      </trkpt>
      <trkpt lat="30.515618" lon="34.986532">
        <ele>323.8</ele>
        <time>2026-03-31T06:15:15.000Z</time>
        <extensions>
          <gpxtpx:TrackPointExtension>
            <gpxtpx:hr>147</gpxtpx:hr>
            <gpxtpx:cad>43</gpxtpx:cad>
            <gpxtpx:atemp>303.15</gpxtpx:atemp>
          </gpxtpx:TrackPointExtension>
        </extensions>
      </trkpt>
      <trkpt lat="30.515581" lon="34.986557">
        <ele>324.0</ele>
        <time>2026-03-31T06:15:18.000Z</time>
        <extensions>
          <gpxtpx:TrackPointExtension>
            <gpxtpx:hr>147</gpxtpx:hr>
            <gpxtpx:cad>83</gpxtpx:cad>
            <gpxtpx:atemp>303.15</gpxtpx:atemp>
          </gpxtpx:TrackPointExtension>
        </extensions>
      </trkpt>
      <trkpt lat="30.515476" lon="34.986670">
        <ele>325.0</ele>
        <time>2026-03-31T06:15:29.000Z</time>
        <extensions>
          <gpxtpx:TrackPointExtension>
            <gpxtpx:hr>148</gpxtpx:hr>
            <gpxtpx:cad>80</gpxtpx:cad>
            <gpxtpx:atemp>303.15</gpxtpx:atemp>
          </gpxtpx:TrackPointExtension>
        </extensions>
      </trkpt>
      <trkpt lat="30.515239" lon="34.986775">
        <ele>326.4</ele>
        <time>2026-03-31T06:15:41.000Z</time>
        <extensions>
          <gpxtpx:TrackPointExtension>
            <gpxtpx:hr>149</gpxtpx:hr>
            <gpxtpx:cad>80</gpxtpx:cad>
            <gpxtpx:atemp>303.15</gpxtpx:atemp>
          </gpxtpx:TrackPointExtension>
        </extensions>
      </trkpt>
      <trkpt lat="30.515144" lon="34.986863">
        <ele>327.4</ele>
        <time>2026-03-31T06:15:47.000Z</time>
        <extensions>
          <gpxtpx:TrackPointExtension>
            <gpxtpx:hr>152</gpxtpx:hr>
            <gpxtpx:cad>79</gpxtpx:cad>
            <gpxtpx:atemp>303.15</gpxtpx:atemp>
          </gpxtpx:TrackPointExtension>
        </extensions>
      </trkpt>
      <trkpt lat="30.515064" lon="34.986909">
        <ele>329.2</ele>
        <time>2026-03-31T06:15:52.000Z</time>
        <extensions>
          <gpxtpx:TrackPointExtension>
            <gpxtpx:hr>153</gpxtpx:hr>
            <gpxtpx:cad>52</gpxtpx:cad>
            <gpxtpx:atemp>302.15</gpxtpx:atemp>
          </gpxtpx:TrackPointExtension>
        </extensions>
      </trkpt>
      <trkpt lat="30.515006" lon="34.986986">
        <ele>330.5</ele>
        <time>2026-03-31T06:16:01.000Z</time>
        <extensions>
          <gpxtpx:TrackPointExtension>
            <gpxtpx:hr>156</gpxtpx:hr>
            <gpxtpx:cad>79</gpxtpx:cad>
            <gpxtpx:atemp>302.15</gpxtpx:atemp>
          </gpxtpx:TrackPointExtension>
        </extensions>
      </trkpt>
      <trkpt lat="30.514998" lon="34.987082">
        <ele>331.0</ele>
        <time>2026-03-31T06:16:06.000Z</time>
        <extensions>
          <gpxtpx:TrackPointExtension>
            <gpxtpx:hr>156</gpxtpx:hr>
            <gpxtpx:cad>78</gpxtpx:cad>
            <gpxtpx:atemp>302.15</gpxtpx:atemp>
          </gpxtpx:TrackPointExtension>
        </extensions>
      </trkpt>
      <trkpt lat="30.514992" lon="34.987103">
        <ele>331.1</ele>
        <time>2026-03-31T06:16:07.000Z</time>
        <extensions>
          <gpxtpx:TrackPointExtension>
            <gpxtpx:hr>156</gpxtpx:hr>
            <gpxtpx:cad>78</gpxtpx:cad>
            <gpxtpx:atemp>302.15</gpxtpx:atemp>
          </gpxtpx:TrackPointExtension>
        </extensions>
      </trkpt>
      <trkpt lat="30.514995" lon="34.987289">
        <ele>331.4</ele>
        <time>2026-03-31T06:16:14.000Z</time>
        <extensions>
          <gpxtpx:TrackPointExtension>
            <gpxtpx:hr>154</gpxtpx:hr>
            <gpxtpx:cad>77</gpxtpx:cad>
            <gpxtpx:atemp>302.15</gpxtpx:atemp>
          </gpxtpx:TrackPointExtension>
        </extensions>
      </trkpt>
      <trkpt lat="30.514972" lon="34.987403">
        <ele>332.0</ele>
        <time>2026-03-31T06:16:20.000Z</time>
        <extensions>
          <gpxtpx:TrackPointExtension>
            <gpxtpx:hr>150</gpxtpx:hr>
            <gpxtpx:cad>78</gpxtpx:cad>
            <gpxtpx:atemp>302.15</gpxtpx:atemp>
          </gpxtpx:TrackPointExtension>
        </extensions>
      </trkpt>
      <trkpt lat="30.515018" lon="34.987593">
        <ele>332.1</ele>
        <time>2026-03-31T06:16:29.000Z</time>
        <extensions>
          <gpxtpx:TrackPointExtension>
            <gpxtpx:hr>148</gpxtpx:hr>
            <gpxtpx:cad>74</gpxtpx:cad>
            <gpxtpx:atemp>302.15</gpxtpx:atemp>
          </gpxtpx:TrackPointExtension>
        </extensions>
      </trkpt>
      <trkpt lat="30.515049" lon="34.987646">
        <ele>332.0</ele>
        <time>2026-03-31T06:16:32.000Z</time>
        <extensions>
          <gpxtpx:TrackPointExtension>
            <gpxtpx:hr>149</gpxtpx:hr>
            <gpxtpx:cad>75</gpxtpx:cad>
            <gpxtpx:atemp>302.15</gpxtpx:atemp>
          </gpxtpx:TrackPointExtension>
        </extensions>
      </trkpt>
      <trkpt lat="30.515077" lon="34.987756">
        <ele>332.1</ele>
        <time>2026-03-31T06:16:38.000Z</time>
        <extensions>
          <gpxtpx:TrackPointExtension>
            <gpxtpx:hr>148</gpxtpx:hr>
            <gpxtpx:cad>71</gpxtpx:cad>
            <gpxtpx:atemp>302.15</gpxtpx:atemp>
          </gpxtpx:TrackPointExtension>
        </extensions>
      </trkpt>
      <trkpt lat="30.515113" lon="34.987948">
        <ele>332.4</ele>
        <time>2026-03-31T06:16:49.000Z</time>
        <extensions>
          <gpxtpx:TrackPointExtension>
            <gpxtpx:hr>147</gpxtpx:hr>
            <gpxtpx:cad>0</gpxtpx:cad>
            <gpxtpx:atemp>302.15</gpxtpx:atemp>
          </gpxtpx:TrackPointExtension>
        </extensions>
      </trkpt>
      <trkpt lat="30.515137" lon="34.988052">
        <ele>332.5</ele>
        <time>2026-03-31T06:16:55.000Z</time>
        <extensions>
          <gpxtpx:TrackPointExtension>
            <gpxtpx:hr>146</gpxtpx:hr>
            <gpxtpx:cad>0</gpxtpx:cad>
            <gpxtpx:atemp>302.15</gpxtpx:atemp>
          </gpxtpx:TrackPointExtension>
        </extensions>
      </trkpt>
      <trkpt lat="30.515167" lon="34.988218">
        <ele>332.9</ele>
        <time>2026-03-31T06:17:07.000Z</time>
        <extensions>
          <gpxtpx:TrackPointExtension>
            <gpxtpx:hr>144</gpxtpx:hr>
            <gpxtpx:cad>78</gpxtpx:cad>
            <gpxtpx:atemp>302.15</gpxtpx:atemp>
          </gpxtpx:TrackPointExtension>
        </extensions>
      </trkpt>
      <trkpt lat="30.515185" lon="34.988275">
        <ele>333.2</ele>
        <time>2026-03-31T06:17:10.000Z</time>
        <extensions>
          <gpxtpx:TrackPointExtension>
            <gpxtpx:hr>144</gpxtpx:hr>
            <gpxtpx:cad>79</gpxtpx:cad>
            <gpxtpx:atemp>302.15</gpxtpx:atemp>
          </gpxtpx:TrackPointExtension>
        </extensions>
      </trkpt>
      <trkpt lat="30.515283" lon="34.988420">
        <ele>332.7</ele>
        <time>2026-03-31T06:17:18.000Z</time>
        <extensions>
          <gpxtpx:TrackPointExtension>
            <gpxtpx:hr>144</gpxtpx:hr>
            <gpxtpx:cad>79</gpxtpx:cad>
            <gpxtpx:atemp>302.15</gpxtpx:atemp>
          </gpxtpx:TrackPointExtension>
        </extensions>
      </trkpt>
      <trkpt lat="30.515352" lon="34.988471">
        <ele>331.9</ele>
        <time>2026-03-31T06:17:22.000Z</time>
        <extensions>
          <gpxtpx:TrackPointExtension>
            <gpxtpx:hr>143</gpxtpx:hr>
            <gpxtpx:cad>78</gpxtpx:cad>
            <gpxtpx:atemp>302.15</gpxtpx:atemp>
          </gpxtpx:TrackPointExtension>
        </extensions>
      </trkpt>
      <trkpt lat="30.515404" lon="34.988548">
        <ele>331.7</ele>
        <time>2026-03-31T06:17:26.000Z</time>
        <extensions>
          <gpxtpx:TrackPointExtension>
            <gpxtpx:hr>145</gpxtpx:hr>
            <gpxtpx:cad>78</gpxtpx:cad>
            <gpxtpx:atemp>302.15</gpxtpx:atemp>
          </gpxtpx:TrackPointExtension>
        </extensions>
      </trkpt>
      <trkpt lat="30.515482" lon="34.988629">
        <ele>331.7</ele>
        <time>2026-03-31T06:17:31.000Z</time>
        <extensions>
          <gpxtpx:TrackPointExtension>
            <gpxtpx:hr>145</gpxtpx:hr>
            <gpxtpx:cad>76</gpxtpx:cad>
            <gpxtpx:atemp>302.15</gpxtpx:atemp>
          </gpxtpx:TrackPointExtension>
        </extensions>
      </trkpt>
      <trkpt lat="30.515496" lon="34.988672">
        <ele>331.8</ele>
        <time>2026-03-31T06:17:33.000Z</time>
        <extensions>
          <gpxtpx:TrackPointExtension>
            <gpxtpx:hr>145</gpxtpx:hr>
            <gpxtpx:cad>77</gpxtpx:cad>
            <gpxtpx:atemp>302.15</gpxtpx:atemp>
          </gpxtpx:TrackPointExtension>
        </extensions>
      </trkpt>
      <trkpt lat="30.515555" lon="34.988772">
        <ele>331.6</ele>
        <time>2026-03-31T06:17:39.000Z</time>
        <extensions>
          <gpxtpx:TrackPointExtension>
            <gpxtpx:hr>147</gpxtpx:hr>
            <gpxtpx:cad>76</gpxtpx:cad>
            <gpxtpx:atemp>303.15</gpxtpx:atemp>
          </gpxtpx:TrackPointExtension>
        </extensions>
      </trkpt>
      <trkpt lat="30.515599" lon="34.988816">
        <ele>331.3</ele>
        <time>2026-03-31T06:17:42.000Z</time>
        <extensions>
          <gpxtpx:TrackPointExtension>
            <gpxtpx:hr>147</gpxtpx:hr>
            <gpxtpx:cad>76</gpxtpx:cad>
            <gpxtpx:atemp>303.15</gpxtpx:atemp>
          </gpxtpx:TrackPointExtension>
        </extensions>
      </trkpt>
      <trkpt lat="30.515624" lon="34.988875">
        <ele>331.2</ele>
        <time>2026-03-31T06:17:45.000Z</time>
        <extensions>
          <gpxtpx:TrackPointExtension>
            <gpxtpx:hr>147</gpxtpx:hr>
            <gpxtpx:cad>76</gpxtpx:cad>
            <gpxtpx:atemp>303.15</gpxtpx:atemp>
          </gpxtpx:TrackPointExtension>
        </extensions>
      </trkpt>
      <trkpt lat="30.515675" lon="34.988957">
        <ele>331.0</ele>
        <time>2026-03-31T06:17:50.000Z</time>
        <extensions>
          <gpxtpx:TrackPointExtension>
            <gpxtpx:hr>146</gpxtpx:hr>
            <gpxtpx:cad>77</gpxtpx:cad>
            <gpxtpx:atemp>303.15</gpxtpx:atemp>
          </gpxtpx:TrackPointExtension>
        </extensions>
      </trkpt>
      <trkpt lat="30.515720" lon="34.989005">
        <ele>330.8</ele>
        <time>2026-03-31T06:17:53.000Z</time>
        <extensions>
          <gpxtpx:TrackPointExtension>
            <gpxtpx:hr>147</gpxtpx:hr>
            <gpxtpx:cad>0</gpxtpx:cad>
            <gpxtpx:atemp>303.15</gpxtpx:atemp>
          </gpxtpx:TrackPointExtension>
        </extensions>
      </trkpt>
      <trkpt lat="30.515739" lon="34.989067">
        <ele>331.0</ele>
        <time>2026-03-31T06:17:56.000Z</time>
        <extensions>
          <gpxtpx:TrackPointExtension>
            <gpxtpx:hr>147</gpxtpx:hr>
            <gpxtpx:cad>0</gpxtpx:cad>
            <gpxtpx:atemp>303.15</gpxtpx:atemp>
          </gpxtpx:TrackPointExtension>
        </extensions>
      </trkpt>
      <trkpt lat="30.515733" lon="34.989165">
        <ele>331.3</ele>
        <time>2026-03-31T06:18:04.000Z</time>
        <extensions>
          <gpxtpx:TrackPointExtension>
            <gpxtpx:hr>152</gpxtpx:hr>
            <gpxtpx:cad>55</gpxtpx:cad>
            <gpxtpx:atemp>303.15</gpxtpx:atemp>
          </gpxtpx:TrackPointExtension>
        </extensions>
      </trkpt>
      <trkpt lat="30.515762" lon="34.989215">
        <ele>331.3</ele>
        <time>2026-03-31T06:18:12.000Z</time>
        <extensions>
          <gpxtpx:TrackPointExtension>
            <gpxtpx:hr>151</gpxtpx:hr>
            <gpxtpx:cad>78</gpxtpx:cad>
            <gpxtpx:atemp>303.15</gpxtpx:atemp>
          </gpxtpx:TrackPointExtension>
        </extensions>
      </trkpt>
      <trkpt lat="30.515777" lon="34.989353">
        <ele>331.4</ele>
        <time>2026-03-31T06:18:19.000Z</time>
        <extensions>
          <gpxtpx:TrackPointExtension>
            <gpxtpx:hr>150</gpxtpx:hr>
            <gpxtpx:cad>78</gpxtpx:cad>
            <gpxtpx:atemp>303.15</gpxtpx:atemp>
          </gpxtpx:TrackPointExtension>
        </extensions>
      </trkpt>
      <trkpt lat="30.515812" lon="34.989406">
        <ele>331.2</ele>
        <time>2026-03-31T06:18:22.000Z</time>
        <extensions>
          <gpxtpx:TrackPointExtension>
            <gpxtpx:hr>151</gpxtpx:hr>
            <gpxtpx:cad>79</gpxtpx:cad>
            <gpxtpx:atemp>303.15</gpxtpx:atemp>
          </gpxtpx:TrackPointExtension>
        </extensions>
      </trkpt>
      <trkpt lat="30.515821" lon="34.989522">
        <ele>331.1</ele>
        <time>2026-03-31T06:18:28.000Z</time>
        <extensions>
          <gpxtpx:TrackPointExtension>
            <gpxtpx:hr>152</gpxtpx:hr>
            <gpxtpx:cad>71</gpxtpx:cad>
            <gpxtpx:atemp>302.15</gpxtpx:atemp>
          </gpxtpx:TrackPointExtension>
        </extensions>
      </trkpt>
      <trkpt lat="30.515910" lon="34.989673">
        <ele>330.8</ele>
        <time>2026-03-31T06:18:38.000Z</time>
        <extensions>
          <gpxtpx:TrackPointExtension>
            <gpxtpx:hr>153</gpxtpx:hr>
            <gpxtpx:cad>65</gpxtpx:cad>
            <gpxtpx:atemp>302.15</gpxtpx:atemp>
          </gpxtpx:TrackPointExtension>
        </extensions>
      </trkpt>
      <trkpt lat="30.515925" lon="34.989741">
        <ele>330.9</ele>
        <time>2026-03-31T06:18:42.000Z</time>
        <extensions>
          <gpxtpx:TrackPointExtension>
            <gpxtpx:hr>152</gpxtpx:hr>
            <gpxtpx:cad>74</gpxtpx:cad>
            <gpxtpx:atemp>302.15</gpxtpx:atemp>
          </gpxtpx:TrackPointExtension>
        </extensions>
      </trkpt>
      <trkpt lat="30.515917" lon="34.989826">
        <ele>331.3</ele>
        <time>2026-03-31T06:18:47.000Z</time>
        <extensions>
          <gpxtpx:TrackPointExtension>
            <gpxtpx:hr>151</gpxtpx:hr>
            <gpxtpx:cad>77</gpxtpx:cad>
            <gpxtpx:atemp>302.15</gpxtpx:atemp>
          </gpxtpx:TrackPointExtension>
        </extensions>
      </trkpt>
      <trkpt lat="30.515967" lon="34.989926">
        <ele>331.0</ele>
        <time>2026-03-31T06:18:53.000Z</time>
        <extensions>
          <gpxtpx:TrackPointExtension>
            <gpxtpx:hr>150</gpxtpx:hr>
            <gpxtpx:cad>78</gpxtpx:cad>
            <gpxtpx:atemp>303.15</gpxtpx:atemp>
          </gpxtpx:TrackPointExtension>
        </extensions>
      </trkpt>
      <trkpt lat="30.515972" lon="34.989954">
        <ele>331.0</ele>
        <time>2026-03-31T06:18:54.000Z</time>
        <extensions>
          <gpxtpx:TrackPointExtension>
            <gpxtpx:hr>150</gpxtpx:hr>
            <gpxtpx:cad>77</gpxtpx:cad>
            <gpxtpx:atemp>303.15</gpxtpx:atemp>
          </gpxtpx:TrackPointExtension>
        </extensions>
      </trkpt>
      <trkpt lat="30.516018" lon="34.990113">
        <ele>331.0</ele>
        <time>2026-03-31T06:19:01.000Z</time>
        <extensions>
          <gpxtpx:TrackPointExtension>
            <gpxtpx:hr>150</gpxtpx:hr>
            <gpxtpx:cad>78</gpxtpx:cad>
            <gpxtpx:atemp>303.15</gpxtpx:atemp>
          </gpxtpx:TrackPointExtension>
        </extensions>
      </trkpt>
      <trkpt lat="30.516048" lon="34.990193">
        <ele>331.0</ele>
        <time>2026-03-31T06:19:05.000Z</time>
        <extensions>
          <gpxtpx:TrackPointExtension>
            <gpxtpx:hr>150</gpxtpx:hr>
            <gpxtpx:cad>79</gpxtpx:cad>
            <gpxtpx:atemp>303.15</gpxtpx:atemp>
          </gpxtpx:TrackPointExtension>
        </extensions>
      </trkpt>
      <trkpt lat="30.516063" lon="34.990283">
        <ele>331.0</ele>
        <time>2026-03-31T06:19:09.000Z</time>
        <extensions>
          <gpxtpx:TrackPointExtension>
            <gpxtpx:hr>150</gpxtpx:hr>
            <gpxtpx:cad>81</gpxtpx:cad>
            <gpxtpx:atemp>303.15</gpxtpx:atemp>
          </gpxtpx:TrackPointExtension>
        </extensions>
      </trkpt>
      <trkpt lat="30.515999" lon="34.990484">
        <ele>331.0</ele>
        <time>2026-03-31T06:19:18.000Z</time>
        <extensions>
          <gpxtpx:TrackPointExtension>
            <gpxtpx:hr>145</gpxtpx:hr>
            <gpxtpx:cad>79</gpxtpx:cad>
            <gpxtpx:atemp>303.15</gpxtpx:atemp>
          </gpxtpx:TrackPointExtension>
        </extensions>
      </trkpt>
      <trkpt lat="30.515904" lon="34.990661">
        <ele>331.7</ele>
        <time>2026-03-31T06:19:26.000Z</time>
        <extensions>
          <gpxtpx:TrackPointExtension>
            <gpxtpx:hr>142</gpxtpx:hr>
            <gpxtpx:cad>76</gpxtpx:cad>
            <gpxtpx:atemp>303.15</gpxtpx:atemp>
          </gpxtpx:TrackPointExtension>
        </extensions>
      </trkpt>
      <trkpt lat="30.515796" lon="34.990815">
        <ele>333.6</ele>
        <time>2026-03-31T06:19:35.000Z</time>
        <extensions>
          <gpxtpx:TrackPointExtension>
            <gpxtpx:hr>139</gpxtpx:hr>
            <gpxtpx:cad>76</gpxtpx:cad>
            <gpxtpx:atemp>303.15</gpxtpx:atemp>
          </gpxtpx:TrackPointExtension>
        </extensions>
      </trkpt>
      <trkpt lat="30.515768" lon="34.990949">
        <ele>334.8</ele>
        <time>2026-03-31T06:19:42.000Z</time>
        <extensions>
          <gpxtpx:TrackPointExtension>
            <gpxtpx:hr>134</gpxtpx:hr>
            <gpxtpx:cad>76</gpxtpx:cad>
            <gpxtpx:atemp>303.15</gpxtpx:atemp>
          </gpxtpx:TrackPointExtension>
        </extensions>
      </trkpt>
      <trkpt lat="30.515731" lon="34.991032">
        <ele>335.9</ele>
        <time>2026-03-31T06:19:46.000Z</time>
        <extensions>
          <gpxtpx:TrackPointExtension>
            <gpxtpx:hr>134</gpxtpx:hr>
            <gpxtpx:cad>71</gpxtpx:cad>
            <gpxtpx:atemp>304.15</gpxtpx:atemp>
          </gpxtpx:TrackPointExtension>
        </extensions>
      </trkpt>
      <trkpt lat="30.515732" lon="34.991129">
        <ele>336.6</ele>
        <time>2026-03-31T06:19:50.000Z</time>
        <extensions>
          <gpxtpx:TrackPointExtension>
            <gpxtpx:hr>133</gpxtpx:hr>
            <gpxtpx:cad>0</gpxtpx:cad>
            <gpxtpx:atemp>304.15</gpxtpx:atemp>
          </gpxtpx:TrackPointExtension>
        </extensions>
      </trkpt>
      <trkpt lat="30.515704" lon="34.991209">
        <ele>337.6</ele>
        <time>2026-03-31T06:19:56.000Z</time>
        <extensions>
          <gpxtpx:TrackPointExtension>
            <gpxtpx:hr>131</gpxtpx:hr>
            <gpxtpx:cad>0</gpxtpx:cad>
            <gpxtpx:atemp>304.15</gpxtpx:atemp>
          </gpxtpx:TrackPointExtension>
        </extensions>
      </trkpt>
      <trkpt lat="30.515762" lon="34.991400">
        <ele>338.5</ele>
        <time>2026-03-31T06:20:11.000Z</time>
        <extensions>
          <gpxtpx:TrackPointExtension>
            <gpxtpx:hr>129</gpxtpx:hr>
            <gpxtpx:cad>0</gpxtpx:cad>
            <gpxtpx:atemp>303.15</gpxtpx:atemp>
          </gpxtpx:TrackPointExtension>
        </extensions>
      </trkpt>
      <trkpt lat="30.515807" lon="34.991548">
        <ele>339.2</ele>
        <time>2026-03-31T06:20:20.000Z</time>
        <extensions>
          <gpxtpx:TrackPointExtension>
            <gpxtpx:hr>131</gpxtpx:hr>
            <gpxtpx:cad>55</gpxtpx:cad>
            <gpxtpx:atemp>304.15</gpxtpx:atemp>
          </gpxtpx:TrackPointExtension>
        </extensions>
      </trkpt>
      <trkpt lat="30.515818" lon="34.991728">
        <ele>341.3</ele>
        <time>2026-03-31T06:20:32.000Z</time>
        <extensions>
          <gpxtpx:TrackPointExtension>
            <gpxtpx:hr>140</gpxtpx:hr>
            <gpxtpx:cad>77</gpxtpx:cad>
            <gpxtpx:atemp>304.15</gpxtpx:atemp>
          </gpxtpx:TrackPointExtension>
        </extensions>
      </trkpt>
      <trkpt lat="30.515775" lon="34.991869">
        <ele>343.7</ele>
        <time>2026-03-31T06:20:39.000Z</time>
        <extensions>
          <gpxtpx:TrackPointExtension>
            <gpxtpx:hr>138</gpxtpx:hr>
            <gpxtpx:cad>0</gpxtpx:cad>
            <gpxtpx:atemp>304.15</gpxtpx:atemp>
          </gpxtpx:TrackPointExtension>
        </extensions>
      </trkpt>
      <trkpt lat="30.515774" lon="34.991935">
        <ele>344.6</ele>
        <time>2026-03-31T06:20:44.000Z</time>
        <extensions>
          <gpxtpx:TrackPointExtension>
            <gpxtpx:hr>134</gpxtpx:hr>
            <gpxtpx:cad>0</gpxtpx:cad>
            <gpxtpx:atemp>304.15</gpxtpx:atemp>
          </gpxtpx:TrackPointExtension>
        </extensions>
      </trkpt>
      <trkpt lat="30.515744" lon="34.992001">
        <ele>346.0</ele>
        <time>2026-03-31T06:20:53.000Z</time>
        <extensions>
          <gpxtpx:TrackPointExtension>
            <gpxtpx:hr>133</gpxtpx:hr>
            <gpxtpx:cad>0</gpxtpx:cad>
            <gpxtpx:atemp>304.15</gpxtpx:atemp>
          </gpxtpx:TrackPointExtension>
        </extensions>
      </trkpt>
      <trkpt lat="30.515779" lon="34.991998">
        <ele>345.3</ele>
        <time>2026-03-31T06:21:09.000Z</time>
        <extensions>
          <gpxtpx:TrackPointExtension>
            <gpxtpx:hr>130</gpxtpx:hr>
            <gpxtpx:cad>77</gpxtpx:cad>
            <gpxtpx:atemp>303.15</gpxtpx:atemp>
          </gpxtpx:TrackPointExtension>
        </extensions>
      </trkpt>
      <trkpt lat="30.515824" lon="34.991964">
        <ele>344.1</ele>
        <time>2026-03-31T06:21:13.000Z</time>
        <extensions>
          <gpxtpx:TrackPointExtension>
            <gpxtpx:hr>132</gpxtpx:hr>
            <gpxtpx:cad>56</gpxtpx:cad>
            <gpxtpx:atemp>303.15</gpxtpx:atemp>
          </gpxtpx:TrackPointExtension>
        </extensions>
      </trkpt>
      <trkpt lat="30.515906" lon="34.991964">
        <ele>342.8</ele>
        <time>2026-03-31T06:21:20.000Z</time>
        <extensions>
          <gpxtpx:TrackPointExtension>
            <gpxtpx:hr>134</gpxtpx:hr>
            <gpxtpx:cad>57</gpxtpx:cad>
            <gpxtpx:atemp>303.15</gpxtpx:atemp>
          </gpxtpx:TrackPointExtension>
        </extensions>
      </trkpt>
      <trkpt lat="30.515975" lon="34.992012">
        <ele>342.2</ele>
        <time>2026-03-31T06:21:27.000Z</time>
        <extensions>
          <gpxtpx:TrackPointExtension>
            <gpxtpx:hr>134</gpxtpx:hr>
            <gpxtpx:cad>76</gpxtpx:cad>
            <gpxtpx:atemp>303.15</gpxtpx:atemp>
          </gpxtpx:TrackPointExtension>
        </extensions>
      </trkpt>
      <trkpt lat="30.516054" lon="34.992116">
        <ele>342.6</ele>
        <time>2026-03-31T06:21:34.000Z</time>
        <extensions>
          <gpxtpx:TrackPointExtension>
            <gpxtpx:hr>137</gpxtpx:hr>
            <gpxtpx:cad>54</gpxtpx:cad>
            <gpxtpx:atemp>303.15</gpxtpx:atemp>
          </gpxtpx:TrackPointExtension>
        </extensions>
      </trkpt>
      <trkpt lat="30.516086" lon="34.992167">
        <ele>342.9</ele>
        <time>2026-03-31T06:21:38.000Z</time>
        <extensions>
          <gpxtpx:TrackPointExtension>
            <gpxtpx:hr>138</gpxtpx:hr>
            <gpxtpx:cad>53</gpxtpx:cad>
            <gpxtpx:atemp>303.15</gpxtpx:atemp>
          </gpxtpx:TrackPointExtension>
        </extensions>
      </trkpt>
      <trkpt lat="30.516131" lon="34.992264">
        <ele>343.5</ele>
        <time>2026-03-31T06:21:46.000Z</time>
        <extensions>
          <gpxtpx:TrackPointExtension>
            <gpxtpx:hr>142</gpxtpx:hr>
            <gpxtpx:cad>51</gpxtpx:cad>
            <gpxtpx:atemp>303.15</gpxtpx:atemp>
          </gpxtpx:TrackPointExtension>
        </extensions>
      </trkpt>
      <trkpt lat="30.516206" lon="34.992352">
        <ele>343.5</ele>
        <time>2026-03-31T06:21:55.000Z</time>
        <extensions>
          <gpxtpx:TrackPointExtension>
            <gpxtpx:hr>140</gpxtpx:hr>
            <gpxtpx:cad>0</gpxtpx:cad>
            <gpxtpx:atemp>303.15</gpxtpx:atemp>
          </gpxtpx:TrackPointExtension>
        </extensions>
      </trkpt>
      <trkpt lat="30.516248" lon="34.992373">
        <ele>343.2</ele>
        <time>2026-03-31T06:21:59.000Z</time>
        <extensions>
          <gpxtpx:TrackPointExtension>
            <gpxtpx:hr>139</gpxtpx:hr>
            <gpxtpx:cad>0</gpxtpx:cad>
            <gpxtpx:atemp>303.15</gpxtpx:atemp>
          </gpxtpx:TrackPointExtension>
        </extensions>
      </trkpt>
      <trkpt lat="30.516304" lon="34.992387">
        <ele>342.8</ele>
        <time>2026-03-31T06:22:06.000Z</time>
        <extensions>
          <gpxtpx:TrackPointExtension>
            <gpxtpx:hr>139</gpxtpx:hr>
            <gpxtpx:cad>0</gpxtpx:cad>
            <gpxtpx:atemp>303.15</gpxtpx:atemp>
          </gpxtpx:TrackPointExtension>
        </extensions>
      </trkpt>
      <trkpt lat="30.516382" lon="34.992497">
        <ele>343.3</ele>
        <time>2026-03-31T06:22:17.000Z</time>
        <extensions>
          <gpxtpx:TrackPointExtension>
            <gpxtpx:hr>132</gpxtpx:hr>
            <gpxtpx:cad>77</gpxtpx:cad>
            <gpxtpx:atemp>303.15</gpxtpx:atemp>
          </gpxtpx:TrackPointExtension>
        </extensions>
      </trkpt>
      <trkpt lat="30.516506" lon="34.992636">
        <ele>343.3</ele>
        <time>2026-03-31T06:22:26.000Z</time>
        <extensions>
          <gpxtpx:TrackPointExtension>
            <gpxtpx:hr>132</gpxtpx:hr>
            <gpxtpx:cad>0</gpxtpx:cad>
            <gpxtpx:atemp>303.15</gpxtpx:atemp>
          </gpxtpx:TrackPointExtension>
        </extensions>
      </trkpt>
      <trkpt lat="30.516560" lon="34.992710">
        <ele>343.1</ele>
        <time>2026-03-31T06:22:33.000Z</time>
        <extensions>
          <gpxtpx:TrackPointExtension>
            <gpxtpx:hr>131</gpxtpx:hr>
            <gpxtpx:cad>77</gpxtpx:cad>
            <gpxtpx:atemp>303.15</gpxtpx:atemp>
          </gpxtpx:TrackPointExtension>
        </extensions>
      </trkpt>
      <trkpt lat="30.516570" lon="34.992743">
        <ele>343.2</ele>
        <time>2026-03-31T06:22:35.000Z</time>
        <extensions>
          <gpxtpx:TrackPointExtension>
            <gpxtpx:hr>130</gpxtpx:hr>
            <gpxtpx:cad>77</gpxtpx:cad>
            <gpxtpx:atemp>303.15</gpxtpx:atemp>
          </gpxtpx:TrackPointExtension>
        </extensions>
      </trkpt>
      <trkpt lat="30.516707" lon="34.992965">
        <ele>342.8</ele>
        <time>2026-03-31T06:22:47.000Z</time>
        <extensions>
          <gpxtpx:TrackPointExtension>
            <gpxtpx:hr>109</gpxtpx:hr>
            <gpxtpx:cad>77</gpxtpx:cad>
            <gpxtpx:atemp>303.15</gpxtpx:atemp>
          </gpxtpx:TrackPointExtension>
        </extensions>
      </trkpt>
      <trkpt lat="30.516754" lon="34.993095">
        <ele>343.0</ele>
        <time>2026-03-31T06:22:53.000Z</time>
        <extensions>
          <gpxtpx:TrackPointExtension>
            <gpxtpx:hr>104</gpxtpx:hr>
            <gpxtpx:cad>0</gpxtpx:cad>
            <gpxtpx:atemp>304.15</gpxtpx:atemp>
          </gpxtpx:TrackPointExtension>
        </extensions>
      </trkpt>
      <trkpt lat="30.516864" lon="34.993232">
        <ele>342.5</ele>
        <time>2026-03-31T06:23:05.000Z</time>
        <extensions>
          <gpxtpx:TrackPointExtension>
            <gpxtpx:hr>104</gpxtpx:hr>
            <gpxtpx:cad>49</gpxtpx:cad>
            <gpxtpx:atemp>304.15</gpxtpx:atemp>
          </gpxtpx:TrackPointExtension>
        </extensions>
      </trkpt>
      <trkpt lat="30.516908" lon="34.993306">
        <ele>342.1</ele>
        <time>2026-03-31T06:23:13.000Z</time>
        <extensions>
          <gpxtpx:TrackPointExtension>
            <gpxtpx:hr>113</gpxtpx:hr>
            <gpxtpx:cad>0</gpxtpx:cad>
            <gpxtpx:atemp>304.15</gpxtpx:atemp>
          </gpxtpx:TrackPointExtension>
        </extensions>
      </trkpt>
      <trkpt lat="30.516908" lon="34.993339">
        <ele>342.2</ele>
        <time>2026-03-31T06:23:16.000Z</time>
        <extensions>
          <gpxtpx:TrackPointExtension>
            <gpxtpx:hr>132</gpxtpx:hr>
            <gpxtpx:cad>0</gpxtpx:cad>
            <gpxtpx:atemp>304.15</gpxtpx:atemp>
          </gpxtpx:TrackPointExtension>
        </extensions>
      </trkpt>
      <trkpt lat="30.516917" lon="34.993366">
        <ele>342.2</ele>
        <time>2026-03-31T06:23:37.000Z</time>
        <extensions>
          <gpxtpx:TrackPointExtension>
            <gpxtpx:hr>141</gpxtpx:hr>
            <gpxtpx:cad>0</gpxtpx:cad>
            <gpxtpx:atemp>303.15</gpxtpx:atemp>
          </gpxtpx:TrackPointExtension>
        </extensions>
      </trkpt>
      <trkpt lat="30.516910" lon="34.993330">
        <ele>342.2</ele>
        <time>2026-03-31T06:23:48.000Z</time>
        <extensions>
          <gpxtpx:TrackPointExtension>
            <gpxtpx:hr>139</gpxtpx:hr>
            <gpxtpx:cad>0</gpxtpx:cad>
            <gpxtpx:atemp>303.15</gpxtpx:atemp>
          </gpxtpx:TrackPointExtension>
        </extensions>
      </trkpt>
      <trkpt lat="30.516901" lon="34.993303">
        <ele>342.2</ele>
        <time>2026-03-31T06:23:55.000Z</time>
        <extensions>
          <gpxtpx:TrackPointExtension>
            <gpxtpx:hr>139</gpxtpx:hr>
            <gpxtpx:cad>76</gpxtpx:cad>
            <gpxtpx:atemp>303.15</gpxtpx:atemp>
          </gpxtpx:TrackPointExtension>
        </extensions>
      </trkpt>
      <trkpt lat="30.516925" lon="34.993352">
        <ele>342.0</ele>
        <time>2026-03-31T06:23:59.000Z</time>
        <extensions>
          <gpxtpx:TrackPointExtension>
            <gpxtpx:hr>141</gpxtpx:hr>
            <gpxtpx:cad>78</gpxtpx:cad>
            <gpxtpx:atemp>303.15</gpxtpx:atemp>
          </gpxtpx:TrackPointExtension>
        </extensions>
      </trkpt>
      <trkpt lat="30.517001" lon="34.993449">
        <ele>341.2</ele>
        <time>2026-03-31T06:24:05.000Z</time>
        <extensions>
          <gpxtpx:TrackPointExtension>
            <gpxtpx:hr>139</gpxtpx:hr>
            <gpxtpx:cad>76</gpxtpx:cad>
            <gpxtpx:atemp>303.15</gpxtpx:atemp>
          </gpxtpx:TrackPointExtension>
        </extensions>
      </trkpt>
      <trkpt lat="30.517056" lon="34.993560">
        <ele>340.4</ele>
        <time>2026-03-31T06:24:11.000Z</time>
        <extensions>
          <gpxtpx:TrackPointExtension>
            <gpxtpx:hr>139</gpxtpx:hr>
            <gpxtpx:cad>72</gpxtpx:cad>
            <gpxtpx:atemp>303.15</gpxtpx:atemp>
          </gpxtpx:TrackPointExtension>
        </extensions>
      </trkpt>
      <trkpt lat="30.517147" lon="34.993715">
        <ele>339.8</ele>
        <time>2026-03-31T06:24:20.000Z</time>
        <extensions>
          <gpxtpx:TrackPointExtension>
            <gpxtpx:hr>138</gpxtpx:hr>
            <gpxtpx:cad>77</gpxtpx:cad>
            <gpxtpx:atemp>303.15</gpxtpx:atemp>
          </gpxtpx:TrackPointExtension>
        </extensions>
      </trkpt>
      <trkpt lat="30.517155" lon="34.993758">
        <ele>339.7</ele>
        <time>2026-03-31T06:24:22.000Z</time>
        <extensions>
          <gpxtpx:TrackPointExtension>
            <gpxtpx:hr>138</gpxtpx:hr>
            <gpxtpx:cad>70</gpxtpx:cad>
            <gpxtpx:atemp>303.15</gpxtpx:atemp>
          </gpxtpx:TrackPointExtension>
        </extensions>
      </trkpt>
      <trkpt lat="30.517182" lon="34.993834">
        <ele>339.6</ele>
        <time>2026-03-31T06:24:26.000Z</time>
        <extensions>
          <gpxtpx:TrackPointExtension>
            <gpxtpx:hr>139</gpxtpx:hr>
            <gpxtpx:cad>70</gpxtpx:cad>
            <gpxtpx:atemp>303.15</gpxtpx:atemp>
          </gpxtpx:TrackPointExtension>
        </extensions>
      </trkpt>
      <trkpt lat="30.517194" lon="34.993904">
        <ele>339.6</ele>
        <time>2026-03-31T06:24:33.000Z</time>
        <extensions>
          <gpxtpx:TrackPointExtension>
            <gpxtpx:hr>138</gpxtpx:hr>
            <gpxtpx:cad>74</gpxtpx:cad>
            <gpxtpx:atemp>303.15</gpxtpx:atemp>
          </gpxtpx:TrackPointExtension>
        </extensions>
      </trkpt>
      <trkpt lat="30.517259" lon="34.993966">
        <ele>339.4</ele>
        <time>2026-03-31T06:24:38.000Z</time>
        <extensions>
          <gpxtpx:TrackPointExtension>
            <gpxtpx:hr>137</gpxtpx:hr>
            <gpxtpx:cad>71</gpxtpx:cad>
            <gpxtpx:atemp>303.15</gpxtpx:atemp>
          </gpxtpx:TrackPointExtension>
        </extensions>
      </trkpt>
      <trkpt lat="30.517284" lon="34.994055">
        <ele>339.4</ele>
        <time>2026-03-31T06:24:43.000Z</time>
        <extensions>
          <gpxtpx:TrackPointExtension>
            <gpxtpx:hr>136</gpxtpx:hr>
            <gpxtpx:cad>78</gpxtpx:cad>
            <gpxtpx:atemp>304.15</gpxtpx:atemp>
          </gpxtpx:TrackPointExtension>
        </extensions>
      </trkpt>
      <trkpt lat="30.517373" lon="34.994163">
        <ele>339.6</ele>
        <time>2026-03-31T06:24:50.000Z</time>
        <extensions>
          <gpxtpx:TrackPointExtension>
            <gpxtpx:hr>136</gpxtpx:hr>
            <gpxtpx:cad>76</gpxtpx:cad>
            <gpxtpx:atemp>304.15</gpxtpx:atemp>
          </gpxtpx:TrackPointExtension>
        </extensions>
      </trkpt>
      <trkpt lat="30.517433" lon="34.994249">
        <ele>340.1</ele>
        <time>2026-03-31T06:24:55.000Z</time>
        <extensions>
          <gpxtpx:TrackPointExtension>
            <gpxtpx:hr>135</gpxtpx:hr>
            <gpxtpx:cad>77</gpxtpx:cad>
            <gpxtpx:atemp>304.15</gpxtpx:atemp>
          </gpxtpx:TrackPointExtension>
        </extensions>
      </trkpt>
      <trkpt lat="30.517534" lon="34.994363">
        <ele>340.8</ele>
        <time>2026-03-31T06:25:02.000Z</time>
        <extensions>
          <gpxtpx:TrackPointExtension>
            <gpxtpx:hr>130</gpxtpx:hr>
            <gpxtpx:cad>76</gpxtpx:cad>
            <gpxtpx:atemp>304.15</gpxtpx:atemp>
          </gpxtpx:TrackPointExtension>
        </extensions>
      </trkpt>
      <trkpt lat="30.517568" lon="34.994446">
        <ele>341.0</ele>
        <time>2026-03-31T06:25:06.000Z</time>
        <extensions>
          <gpxtpx:TrackPointExtension>
            <gpxtpx:hr>129</gpxtpx:hr>
            <gpxtpx:cad>76</gpxtpx:cad>
            <gpxtpx:atemp>304.15</gpxtpx:atemp>
          </gpxtpx:TrackPointExtension>
        </extensions>
      </trkpt>
      <trkpt lat="30.517626" lon="34.994556">
        <ele>341.0</ele>
        <time>2026-03-31T06:25:12.000Z</time>
        <extensions>
          <gpxtpx:TrackPointExtension>
            <gpxtpx:hr>121</gpxtpx:hr>
            <gpxtpx:cad>79</gpxtpx:cad>
            <gpxtpx:atemp>304.15</gpxtpx:atemp>
          </gpxtpx:TrackPointExtension>
        </extensions>
      </trkpt>
      <trkpt lat="30.517658" lon="34.994660">
        <ele>341.1</ele>
        <time>2026-03-31T06:25:17.000Z</time>
        <extensions>
          <gpxtpx:TrackPointExtension>
            <gpxtpx:hr>121</gpxtpx:hr>
            <gpxtpx:cad>58</gpxtpx:cad>
            <gpxtpx:atemp>304.15</gpxtpx:atemp>
          </gpxtpx:TrackPointExtension>
        </extensions>
      </trkpt>
      <trkpt lat="30.517729" lon="34.994809">
        <ele>341.1</ele>
        <time>2026-03-31T06:25:37.000Z</time>
        <extensions>
          <gpxtpx:TrackPointExtension>
            <gpxtpx:hr>128</gpxtpx:hr>
            <gpxtpx:cad>0</gpxtpx:cad>
            <gpxtpx:atemp>304.15</gpxtpx:atemp>
          </gpxtpx:TrackPointExtension>
        </extensions>
      </trkpt>
      <trkpt lat="30.517776" lon="34.994873">
        <ele>341.0</ele>
        <time>2026-03-31T06:25:43.000Z</time>
        <extensions>
          <gpxtpx:TrackPointExtension>
            <gpxtpx:hr>125</gpxtpx:hr>
            <gpxtpx:cad>0</gpxtpx:cad>
            <gpxtpx:atemp>304.15</gpxtpx:atemp>
          </gpxtpx:TrackPointExtension>
        </extensions>
      </trkpt>
      <trkpt lat="30.517796" lon="34.994912">
        <ele>341.1</ele>
        <time>2026-03-31T06:25:45.000Z</time>
        <extensions>
          <gpxtpx:TrackPointExtension>
            <gpxtpx:hr>125</gpxtpx:hr>
            <gpxtpx:cad>0</gpxtpx:cad>
            <gpxtpx:atemp>304.15</gpxtpx:atemp>
          </gpxtpx:TrackPointExtension>
        </extensions>
      </trkpt>
      <trkpt lat="30.517806" lon="34.994978">
        <ele>341.2</ele>
        <time>2026-03-31T06:25:50.000Z</time>
        <extensions>
          <gpxtpx:TrackPointExtension>
            <gpxtpx:hr>127</gpxtpx:hr>
            <gpxtpx:cad>55</gpxtpx:cad>
            <gpxtpx:atemp>304.15</gpxtpx:atemp>
          </gpxtpx:TrackPointExtension>
        </extensions>
      </trkpt>
      <trkpt lat="30.517853" lon="34.995074">
        <ele>341.2</ele>
        <time>2026-03-31T06:26:04.000Z</time>
        <extensions>
          <gpxtpx:TrackPointExtension>
            <gpxtpx:hr>132</gpxtpx:hr>
            <gpxtpx:cad>0</gpxtpx:cad>
            <gpxtpx:atemp>304.15</gpxtpx:atemp>
          </gpxtpx:TrackPointExtension>
        </extensions>
      </trkpt>
      <trkpt lat="30.517907" lon="34.995149">
        <ele>341.0</ele>
        <time>2026-03-31T06:26:13.000Z</time>
        <extensions>
          <gpxtpx:TrackPointExtension>
            <gpxtpx:hr>133</gpxtpx:hr>
            <gpxtpx:cad>0</gpxtpx:cad>
            <gpxtpx:atemp>304.15</gpxtpx:atemp>
          </gpxtpx:TrackPointExtension>
        </extensions>
      </trkpt>
      <trkpt lat="30.518011" lon="34.995250">
        <ele>341.3</ele>
        <time>2026-03-31T06:26:41.000Z</time>
        <extensions>
          <gpxtpx:TrackPointExtension>
            <gpxtpx:hr>136</gpxtpx:hr>
            <gpxtpx:cad>0</gpxtpx:cad>
            <gpxtpx:atemp>304.15</gpxtpx:atemp>
          </gpxtpx:TrackPointExtension>
        </extensions>
      </trkpt>
      <trkpt lat="30.518058" lon="34.995199">
        <ele>341.5</ele>
        <time>2026-03-31T06:26:46.000Z</time>
        <extensions>
          <gpxtpx:TrackPointExtension>
            <gpxtpx:hr>134</gpxtpx:hr>
            <gpxtpx:cad>0</gpxtpx:cad>
            <gpxtpx:atemp>304.15</gpxtpx:atemp>
          </gpxtpx:TrackPointExtension>
        </extensions>
      </trkpt>
      <trkpt lat="30.518077" lon="34.995161">
        <ele>341.6</ele>
        <time>2026-03-31T06:26:53.000Z</time>
        <extensions>
          <gpxtpx:TrackPointExtension>
            <gpxtpx:hr>132</gpxtpx:hr>
            <gpxtpx:cad>0</gpxtpx:cad>
            <gpxtpx:atemp>304.15</gpxtpx:atemp>
          </gpxtpx:TrackPointExtension>
        </extensions>
      </trkpt>
      <trkpt lat="30.518117" lon="34.995177">
        <ele>341.7</ele>
        <time>2026-03-31T06:26:58.000Z</time>
        <extensions>
          <gpxtpx:TrackPointExtension>
            <gpxtpx:hr>131</gpxtpx:hr>
            <gpxtpx:cad>0</gpxtpx:cad>
            <gpxtpx:atemp>304.15</gpxtpx:atemp>
          </gpxtpx:TrackPointExtension>
        </extensions>
      </trkpt>
      <trkpt lat="30.518154" lon="34.995320">
        <ele>341.9</ele>
        <time>2026-03-31T06:27:14.000Z</time>
        <extensions>
          <gpxtpx:TrackPointExtension>
            <gpxtpx:hr>132</gpxtpx:hr>
            <gpxtpx:cad>0</gpxtpx:cad>
            <gpxtpx:atemp>304.15</gpxtpx:atemp>
          </gpxtpx:TrackPointExtension>
        </extensions>
      </trkpt>
      <trkpt lat="30.518196" lon="34.995376">
        <ele>342.0</ele>
        <time>2026-03-31T06:27:19.000Z</time>
        <extensions>
          <gpxtpx:TrackPointExtension>
            <gpxtpx:hr>135</gpxtpx:hr>
            <gpxtpx:cad>71</gpxtpx:cad>
            <gpxtpx:atemp>304.15</gpxtpx:atemp>
          </gpxtpx:TrackPointExtension>
        </extensions>
      </trkpt>
      <trkpt lat="30.518207" lon="34.995464">
        <ele>342.1</ele>
        <time>2026-03-31T06:27:24.000Z</time>
        <extensions>
          <gpxtpx:TrackPointExtension>
            <gpxtpx:hr>140</gpxtpx:hr>
            <gpxtpx:cad>50</gpxtpx:cad>
            <gpxtpx:atemp>304.15</gpxtpx:atemp>
          </gpxtpx:TrackPointExtension>
        </extensions>
      </trkpt>
      <trkpt lat="30.518236" lon="34.995534">
        <ele>342.4</ele>
        <time>2026-03-31T06:27:28.000Z</time>
        <extensions>
          <gpxtpx:TrackPointExtension>
            <gpxtpx:hr>140</gpxtpx:hr>
            <gpxtpx:cad>50</gpxtpx:cad>
            <gpxtpx:atemp>304.15</gpxtpx:atemp>
          </gpxtpx:TrackPointExtension>
        </extensions>
      </trkpt>
      <trkpt lat="30.518240" lon="34.995568">
        <ele>342.5</ele>
        <time>2026-03-31T06:27:30.000Z</time>
        <extensions>
          <gpxtpx:TrackPointExtension>
            <gpxtpx:hr>139</gpxtpx:hr>
            <gpxtpx:cad>50</gpxtpx:cad>
            <gpxtpx:atemp>304.15</gpxtpx:atemp>
          </gpxtpx:TrackPointExtension>
        </extensions>
      </trkpt>
      <trkpt lat="30.518226" lon="34.995642">
        <ele>342.3</ele>
        <time>2026-03-31T06:27:35.000Z</time>
        <extensions>
          <gpxtpx:TrackPointExtension>
            <gpxtpx:hr>139</gpxtpx:hr>
            <gpxtpx:cad>50</gpxtpx:cad>
            <gpxtpx:atemp>303.15</gpxtpx:atemp>
          </gpxtpx:TrackPointExtension>
        </extensions>
      </trkpt>
      <trkpt lat="30.518227" lon="34.995701">
        <ele>342.4</ele>
        <time>2026-03-31T06:27:44.000Z</time>
        <extensions>
          <gpxtpx:TrackPointExtension>
            <gpxtpx:hr>139</gpxtpx:hr>
            <gpxtpx:cad>53</gpxtpx:cad>
            <gpxtpx:atemp>303.15</gpxtpx:atemp>
          </gpxtpx:TrackPointExtension>
        </extensions>
      </trkpt>
      <trkpt lat="30.518197" lon="34.995778">
        <ele>342.0</ele>
        <time>2026-03-31T06:27:51.000Z</time>
        <extensions>
          <gpxtpx:TrackPointExtension>
            <gpxtpx:hr>145</gpxtpx:hr>
            <gpxtpx:cad>57</gpxtpx:cad>
            <gpxtpx:atemp>303.15</gpxtpx:atemp>
          </gpxtpx:TrackPointExtension>
        </extensions>
      </trkpt>
      <trkpt lat="30.518176" lon="34.995875">
        <ele>341.9</ele>
        <time>2026-03-31T06:28:00.000Z</time>
        <extensions>
          <gpxtpx:TrackPointExtension>
            <gpxtpx:hr>147</gpxtpx:hr>
            <gpxtpx:cad>57</gpxtpx:cad>
            <gpxtpx:atemp>303.15</gpxtpx:atemp>
          </gpxtpx:TrackPointExtension>
        </extensions>
      </trkpt>
      <trkpt lat="30.518195" lon="34.995921">
        <ele>342.0</ele>
        <time>2026-03-31T06:28:03.000Z</time>
        <extensions>
          <gpxtpx:TrackPointExtension>
            <gpxtpx:hr>146</gpxtpx:hr>
            <gpxtpx:cad>0</gpxtpx:cad>
            <gpxtpx:atemp>303.15</gpxtpx:atemp>
          </gpxtpx:TrackPointExtension>
        </extensions>
      </trkpt>
      <trkpt lat="30.518237" lon="34.995962">
        <ele>342.5</ele>
        <time>2026-03-31T06:28:08.000Z</time>
        <extensions>
          <gpxtpx:TrackPointExtension>
            <gpxtpx:hr>149</gpxtpx:hr>
            <gpxtpx:cad>0</gpxtpx:cad>
            <gpxtpx:atemp>303.15</gpxtpx:atemp>
          </gpxtpx:TrackPointExtension>
        </extensions>
      </trkpt>
      <trkpt lat="30.518272" lon="34.996053">
        <ele>342.8</ele>
        <time>2026-03-31T06:28:13.000Z</time>
        <extensions>
          <gpxtpx:TrackPointExtension>
            <gpxtpx:hr>151</gpxtpx:hr>
            <gpxtpx:cad>70</gpxtpx:cad>
            <gpxtpx:atemp>303.15</gpxtpx:atemp>
          </gpxtpx:TrackPointExtension>
        </extensions>
      </trkpt>
      <trkpt lat="30.518278" lon="34.996100">
        <ele>342.9</ele>
        <time>2026-03-31T06:28:16.000Z</time>
        <extensions>
          <gpxtpx:TrackPointExtension>
            <gpxtpx:hr>151</gpxtpx:hr>
            <gpxtpx:cad>67</gpxtpx:cad>
            <gpxtpx:atemp>303.15</gpxtpx:atemp>
          </gpxtpx:TrackPointExtension>
        </extensions>
      </trkpt>
      <trkpt lat="30.518306" lon="34.996264">
        <ele>343.2</ele>
        <time>2026-03-31T06:28:27.000Z</time>
        <extensions>
          <gpxtpx:TrackPointExtension>
            <gpxtpx:hr>152</gpxtpx:hr>
            <gpxtpx:cad>0</gpxtpx:cad>
            <gpxtpx:atemp>303.15</gpxtpx:atemp>
          </gpxtpx:TrackPointExtension>
        </extensions>
      </trkpt>
      <trkpt lat="30.518339" lon="34.996344">
        <ele>343.6</ele>
        <time>2026-03-31T06:28:32.000Z</time>
        <extensions>
          <gpxtpx:TrackPointExtension>
            <gpxtpx:hr>153</gpxtpx:hr>
            <gpxtpx:cad>69</gpxtpx:cad>
            <gpxtpx:atemp>302.15</gpxtpx:atemp>
          </gpxtpx:TrackPointExtension>
        </extensions>
      </trkpt>
      <trkpt lat="30.518369" lon="34.996518">
        <ele>343.9</ele>
        <time>2026-03-31T06:28:43.000Z</time>
        <extensions>
          <gpxtpx:TrackPointExtension>
            <gpxtpx:hr>156</gpxtpx:hr>
            <gpxtpx:cad>82</gpxtpx:cad>
            <gpxtpx:atemp>302.15</gpxtpx:atemp>
          </gpxtpx:TrackPointExtension>
        </extensions>
      </trkpt>
      <trkpt lat="30.518431" lon="34.996585">
        <ele>344.6</ele>
        <time>2026-03-31T06:28:49.000Z</time>
        <extensions>
          <gpxtpx:TrackPointExtension>
            <gpxtpx:hr>155</gpxtpx:hr>
            <gpxtpx:cad>82</gpxtpx:cad>
            <gpxtpx:atemp>302.15</gpxtpx:atemp>
          </gpxtpx:TrackPointExtension>
        </extensions>
      </trkpt>
      <trkpt lat="30.518459" lon="34.996632">
        <ele>344.9</ele>
        <time>2026-03-31T06:28:51.000Z</time>
        <extensions>
          <gpxtpx:TrackPointExtension>
            <gpxtpx:hr>155</gpxtpx:hr>
            <gpxtpx:cad>82</gpxtpx:cad>
            <gpxtpx:atemp>302.15</gpxtpx:atemp>
          </gpxtpx:TrackPointExtension>
        </extensions>
      </trkpt>
      <trkpt lat="30.518519" lon="34.996782">
        <ele>345.7</ele>
        <time>2026-03-31T06:28:57.000Z</time>
        <extensions>
          <gpxtpx:TrackPointExtension>
            <gpxtpx:hr>154</gpxtpx:hr>
            <gpxtpx:cad>82</gpxtpx:cad>
            <gpxtpx:atemp>302.15</gpxtpx:atemp>
          </gpxtpx:TrackPointExtension>
        </extensions>
      </trkpt>
      <trkpt lat="30.518611" lon="34.996908">
        <ele>346.6</ele>
        <time>2026-03-31T06:29:03.000Z</time>
        <extensions>
          <gpxtpx:TrackPointExtension>
            <gpxtpx:hr>154</gpxtpx:hr>
            <gpxtpx:cad>81</gpxtpx:cad>
            <gpxtpx:atemp>302.15</gpxtpx:atemp>
          </gpxtpx:TrackPointExtension>
        </extensions>
      </trkpt>
      <trkpt lat="30.518690" lon="34.997060">
        <ele>347.2</ele>
        <time>2026-03-31T06:29:09.000Z</time>
        <extensions>
          <gpxtpx:TrackPointExtension>
            <gpxtpx:hr>154</gpxtpx:hr>
            <gpxtpx:cad>81</gpxtpx:cad>
            <gpxtpx:atemp>302.15</gpxtpx:atemp>
          </gpxtpx:TrackPointExtension>
        </extensions>
      </trkpt>
      <trkpt lat="30.518768" lon="34.997148">
        <ele>348.1</ele>
        <time>2026-03-31T06:29:14.000Z</time>
        <extensions>
          <gpxtpx:TrackPointExtension>
            <gpxtpx:hr>154</gpxtpx:hr>
            <gpxtpx:cad>81</gpxtpx:cad>
            <gpxtpx:atemp>302.15</gpxtpx:atemp>
          </gpxtpx:TrackPointExtension>
        </extensions>
      </trkpt>
      <trkpt lat="30.518837" lon="34.997337">
        <ele>348.4</ele>
        <time>2026-03-31T06:29:22.000Z</time>
        <extensions>
          <gpxtpx:TrackPointExtension>
            <gpxtpx:hr>153</gpxtpx:hr>
            <gpxtpx:cad>81</gpxtpx:cad>
            <gpxtpx:atemp>302.15</gpxtpx:atemp>
          </gpxtpx:TrackPointExtension>
        </extensions>
      </trkpt>
      <trkpt lat="30.518839" lon="34.997413">
        <ele>348.1</ele>
        <time>2026-03-31T06:29:25.000Z</time>
        <extensions>
          <gpxtpx:TrackPointExtension>
            <gpxtpx:hr>153</gpxtpx:hr>
            <gpxtpx:cad>80</gpxtpx:cad>
            <gpxtpx:atemp>302.15</gpxtpx:atemp>
          </gpxtpx:TrackPointExtension>
        </extensions>
      </trkpt>
      <trkpt lat="30.518874" lon="34.997594">
        <ele>347.9</ele>
        <time>2026-03-31T06:29:32.000Z</time>
        <extensions>
          <gpxtpx:TrackPointExtension>
            <gpxtpx:hr>153</gpxtpx:hr>
            <gpxtpx:cad>80</gpxtpx:cad>
            <gpxtpx:atemp>302.15</gpxtpx:atemp>
          </gpxtpx:TrackPointExtension>
        </extensions>
      </trkpt>
      <trkpt lat="30.518923" lon="34.997783">
        <ele>348.2</ele>
        <time>2026-03-31T06:29:40.000Z</time>
        <extensions>
          <gpxtpx:TrackPointExtension>
            <gpxtpx:hr>154</gpxtpx:hr>
            <gpxtpx:cad>79</gpxtpx:cad>
            <gpxtpx:atemp>302.15</gpxtpx:atemp>
          </gpxtpx:TrackPointExtension>
        </extensions>
      </trkpt>
      <trkpt lat="30.518980" lon="34.997945">
        <ele>348.4</ele>
        <time>2026-03-31T06:29:47.000Z</time>
        <extensions>
          <gpxtpx:TrackPointExtension>
            <gpxtpx:hr>155</gpxtpx:hr>
            <gpxtpx:cad>79</gpxtpx:cad>
            <gpxtpx:atemp>302.15</gpxtpx:atemp>
          </gpxtpx:TrackPointExtension>
        </extensions>
      </trkpt>
      <trkpt lat="30.519068" lon="34.998222">
        <ele>348.5</ele>
        <time>2026-03-31T06:29:59.000Z</time>
        <extensions>
          <gpxtpx:TrackPointExtension>
            <gpxtpx:hr>158</gpxtpx:hr>
            <gpxtpx:cad>79</gpxtpx:cad>
            <gpxtpx:atemp>302.15</gpxtpx:atemp>
          </gpxtpx:TrackPointExtension>
        </extensions>
      </trkpt>
      <trkpt lat="30.519140" lon="34.998376">
        <ele>349.0</ele>
        <time>2026-03-31T06:30:06.000Z</time>
        <extensions>
          <gpxtpx:TrackPointExtension>
            <gpxtpx:hr>157</gpxtpx:hr>
            <gpxtpx:cad>79</gpxtpx:cad>
            <gpxtpx:atemp>302.15</gpxtpx:atemp>
          </gpxtpx:TrackPointExtension>
        </extensions>
      </trkpt>
      <trkpt lat="30.519160" lon="34.998411">
        <ele>349.1</ele>
        <time>2026-03-31T06:30:08.000Z</time>
        <extensions>
          <gpxtpx:TrackPointExtension>
            <gpxtpx:hr>157</gpxtpx:hr>
            <gpxtpx:cad>76</gpxtpx:cad>
            <gpxtpx:atemp>302.15</gpxtpx:atemp>
          </gpxtpx:TrackPointExtension>
        </extensions>
      </trkpt>
      <trkpt lat="30.519220" lon="34.998573">
        <ele>349.5</ele>
        <time>2026-03-31T06:30:15.000Z</time>
        <extensions>
          <gpxtpx:TrackPointExtension>
            <gpxtpx:hr>157</gpxtpx:hr>
            <gpxtpx:cad>74</gpxtpx:cad>
            <gpxtpx:atemp>302.15</gpxtpx:atemp>
          </gpxtpx:TrackPointExtension>
        </extensions>
      </trkpt>
      <trkpt lat="30.519298" lon="34.998713">
        <ele>350.0</ele>
        <time>2026-03-31T06:30:23.000Z</time>
        <extensions>
          <gpxtpx:TrackPointExtension>
            <gpxtpx:hr>156</gpxtpx:hr>
            <gpxtpx:cad>72</gpxtpx:cad>
            <gpxtpx:atemp>302.15</gpxtpx:atemp>
          </gpxtpx:TrackPointExtension>
        </extensions>
      </trkpt>
      <trkpt lat="30.519329" lon="34.998762">
        <ele>350.3</ele>
        <time>2026-03-31T06:30:26.000Z</time>
        <extensions>
          <gpxtpx:TrackPointExtension>
            <gpxtpx:hr>155</gpxtpx:hr>
            <gpxtpx:cad>77</gpxtpx:cad>
            <gpxtpx:atemp>302.15</gpxtpx:atemp>
          </gpxtpx:TrackPointExtension>
        </extensions>
      </trkpt>
      <trkpt lat="30.519345" lon="34.998891">
        <ele>350.0</ele>
        <time>2026-03-31T06:30:32.000Z</time>
        <extensions>
          <gpxtpx:TrackPointExtension>
            <gpxtpx:hr>156</gpxtpx:hr>
            <gpxtpx:cad>79</gpxtpx:cad>
            <gpxtpx:atemp>302.15</gpxtpx:atemp>
          </gpxtpx:TrackPointExtension>
        </extensions>
      </trkpt>
      <trkpt lat="30.519451" lon="34.999055">
        <ele>350.6</ele>
        <time>2026-03-31T06:30:41.000Z</time>
        <extensions>
          <gpxtpx:TrackPointExtension>
            <gpxtpx:hr>156</gpxtpx:hr>
            <gpxtpx:cad>76</gpxtpx:cad>
            <gpxtpx:atemp>302.15</gpxtpx:atemp>
          </gpxtpx:TrackPointExtension>
        </extensions>
      </trkpt>
      <trkpt lat="30.519503" lon="34.999166">
        <ele>351.1</ele>
        <time>2026-03-31T06:30:46.000Z</time>
        <extensions>
          <gpxtpx:TrackPointExtension>
            <gpxtpx:hr>155</gpxtpx:hr>
            <gpxtpx:cad>77</gpxtpx:cad>
            <gpxtpx:atemp>302.15</gpxtpx:atemp>
          </gpxtpx:TrackPointExtension>
        </extensions>
      </trkpt>
      <trkpt lat="30.519562" lon="34.999326">
        <ele>351.7</ele>
        <time>2026-03-31T06:30:54.000Z</time>
        <extensions>
          <gpxtpx:TrackPointExtension>
            <gpxtpx:hr>156</gpxtpx:hr>
            <gpxtpx:cad>77</gpxtpx:cad>
            <gpxtpx:atemp>302.15</gpxtpx:atemp>
          </gpxtpx:TrackPointExtension>
        </extensions>
      </trkpt>
      <trkpt lat="30.519596" lon="34.999502">
        <ele>351.4</ele>
        <time>2026-03-31T06:31:02.000Z</time>
        <extensions>
          <gpxtpx:TrackPointExtension>
            <gpxtpx:hr>154</gpxtpx:hr>
            <gpxtpx:cad>79</gpxtpx:cad>
            <gpxtpx:atemp>302.15</gpxtpx:atemp>
          </gpxtpx:TrackPointExtension>
        </extensions>
      </trkpt>
      <trkpt lat="30.519623" lon="34.999566">
        <ele>351.5</ele>
        <time>2026-03-31T06:31:05.000Z</time>
        <extensions>
          <gpxtpx:TrackPointExtension>
            <gpxtpx:hr>155</gpxtpx:hr>
            <gpxtpx:cad>79</gpxtpx:cad>
            <gpxtpx:atemp>302.15</gpxtpx:atemp>
          </gpxtpx:TrackPointExtension>
        </extensions>
      </trkpt>
      <trkpt lat="30.519630" lon="34.999632">
        <ele>351.6</ele>
        <time>2026-03-31T06:31:08.000Z</time>
        <extensions>
          <gpxtpx:TrackPointExtension>
            <gpxtpx:hr>154</gpxtpx:hr>
            <gpxtpx:cad>79</gpxtpx:cad>
            <gpxtpx:atemp>302.15</gpxtpx:atemp>
          </gpxtpx:TrackPointExtension>
        </extensions>
      </trkpt>
      <trkpt lat="30.519657" lon="34.999702">
        <ele>352.1</ele>
        <time>2026-03-31T06:31:11.000Z</time>
        <extensions>
          <gpxtpx:TrackPointExtension>
            <gpxtpx:hr>154</gpxtpx:hr>
            <gpxtpx:cad>80</gpxtpx:cad>
            <gpxtpx:atemp>302.15</gpxtpx:atemp>
          </gpxtpx:TrackPointExtension>
        </extensions>
      </trkpt>
      <trkpt lat="30.519746" lon="34.999842">
        <ele>353.1</ele>
        <time>2026-03-31T06:31:18.000Z</time>
        <extensions>
          <gpxtpx:TrackPointExtension>
            <gpxtpx:hr>151</gpxtpx:hr>
            <gpxtpx:cad>78</gpxtpx:cad>
            <gpxtpx:atemp>302.15</gpxtpx:atemp>
          </gpxtpx:TrackPointExtension>
        </extensions>
      </trkpt>
      <trkpt lat="30.519787" lon="34.999980">
        <ele>353.5</ele>
        <time>2026-03-31T06:31:24.000Z</time>
        <extensions>
          <gpxtpx:TrackPointExtension>
            <gpxtpx:hr>149</gpxtpx:hr>
            <gpxtpx:cad>79</gpxtpx:cad>
            <gpxtpx:atemp>302.15</gpxtpx:atemp>
          </gpxtpx:TrackPointExtension>
        </extensions>
      </trkpt>
      <trkpt lat="30.519814" lon="35.000034">
        <ele>353.7</ele>
        <time>2026-03-31T06:31:27.000Z</time>
        <extensions>
          <gpxtpx:TrackPointExtension>
            <gpxtpx:hr>147</gpxtpx:hr>
            <gpxtpx:cad>77</gpxtpx:cad>
            <gpxtpx:atemp>302.15</gpxtpx:atemp>
          </gpxtpx:TrackPointExtension>
        </extensions>
      </trkpt>
      <trkpt lat="30.519851" lon="35.000081">
        <ele>353.9</ele>
        <time>2026-03-31T06:31:30.000Z</time>
        <extensions>
          <gpxtpx:TrackPointExtension>
            <gpxtpx:hr>146</gpxtpx:hr>
            <gpxtpx:cad>76</gpxtpx:cad>
            <gpxtpx:atemp>302.15</gpxtpx:atemp>
          </gpxtpx:TrackPointExtension>
        </extensions>
      </trkpt>
      <trkpt lat="30.519923" lon="35.000273">
        <ele>353.7</ele>
        <time>2026-03-31T06:31:39.000Z</time>
        <extensions>
          <gpxtpx:TrackPointExtension>
            <gpxtpx:hr>144</gpxtpx:hr>
            <gpxtpx:cad>78</gpxtpx:cad>
            <gpxtpx:atemp>302.15</gpxtpx:atemp>
          </gpxtpx:TrackPointExtension>
        </extensions>
      </trkpt>
      <trkpt lat="30.519930" lon="35.000339">
        <ele>353.5</ele>
        <time>2026-03-31T06:31:42.000Z</time>
        <extensions>
          <gpxtpx:TrackPointExtension>
            <gpxtpx:hr>142</gpxtpx:hr>
            <gpxtpx:cad>78</gpxtpx:cad>
            <gpxtpx:atemp>302.15</gpxtpx:atemp>
          </gpxtpx:TrackPointExtension>
        </extensions>
      </trkpt>
      <trkpt lat="30.519951" lon="35.000479">
        <ele>353.5</ele>
        <time>2026-03-31T06:31:49.000Z</time>
        <extensions>
          <gpxtpx:TrackPointExtension>
            <gpxtpx:hr>140</gpxtpx:hr>
            <gpxtpx:cad>78</gpxtpx:cad>
            <gpxtpx:atemp>302.15</gpxtpx:atemp>
          </gpxtpx:TrackPointExtension>
        </extensions>
      </trkpt>
      <trkpt lat="30.520015" lon="35.000628">
        <ele>353.9</ele>
        <time>2026-03-31T06:31:56.000Z</time>
        <extensions>
          <gpxtpx:TrackPointExtension>
            <gpxtpx:hr>139</gpxtpx:hr>
            <gpxtpx:cad>78</gpxtpx:cad>
            <gpxtpx:atemp>302.15</gpxtpx:atemp>
          </gpxtpx:TrackPointExtension>
        </extensions>
      </trkpt>
      <trkpt lat="30.520101" lon="35.000776">
        <ele>353.7</ele>
        <time>2026-03-31T06:32:03.000Z</time>
        <extensions>
          <gpxtpx:TrackPointExtension>
            <gpxtpx:hr>137</gpxtpx:hr>
            <gpxtpx:cad>81</gpxtpx:cad>
            <gpxtpx:atemp>303.15</gpxtpx:atemp>
          </gpxtpx:TrackPointExtension>
        </extensions>
      </trkpt>
      <trkpt lat="30.520117" lon="35.000816">
        <ele>353.6</ele>
        <time>2026-03-31T06:32:05.000Z</time>
        <extensions>
          <gpxtpx:TrackPointExtension>
            <gpxtpx:hr>136</gpxtpx:hr>
            <gpxtpx:cad>80</gpxtpx:cad>
            <gpxtpx:atemp>303.15</gpxtpx:atemp>
          </gpxtpx:TrackPointExtension>
        </extensions>
      </trkpt>
      <trkpt lat="30.520179" lon="35.001036">
        <ele>353.1</ele>
        <time>2026-03-31T06:32:15.000Z</time>
        <extensions>
          <gpxtpx:TrackPointExtension>
            <gpxtpx:hr>135</gpxtpx:hr>
            <gpxtpx:cad>78</gpxtpx:cad>
            <gpxtpx:atemp>303.15</gpxtpx:atemp>
          </gpxtpx:TrackPointExtension>
        </extensions>
      </trkpt>
      <trkpt lat="30.520256" lon="35.001238">
        <ele>353.1</ele>
        <time>2026-03-31T06:32:25.000Z</time>
        <extensions>
          <gpxtpx:TrackPointExtension>
            <gpxtpx:hr>136</gpxtpx:hr>
            <gpxtpx:cad>54</gpxtpx:cad>
            <gpxtpx:atemp>303.15</gpxtpx:atemp>
          </gpxtpx:TrackPointExtension>
        </extensions>
      </trkpt>
      <trkpt lat="30.520258" lon="35.001335">
        <ele>353.4</ele>
        <time>2026-03-31T06:32:32.000Z</time>
        <extensions>
          <gpxtpx:TrackPointExtension>
            <gpxtpx:hr>135</gpxtpx:hr>
            <gpxtpx:cad>0</gpxtpx:cad>
            <gpxtpx:atemp>303.15</gpxtpx:atemp>
          </gpxtpx:TrackPointExtension>
        </extensions>
      </trkpt>
      <trkpt lat="30.520294" lon="35.001458">
        <ele>353.6</ele>
        <time>2026-03-31T06:32:44.000Z</time>
        <extensions>
          <gpxtpx:TrackPointExtension>
            <gpxtpx:hr>138</gpxtpx:hr>
            <gpxtpx:cad>44</gpxtpx:cad>
            <gpxtpx:atemp>303.15</gpxtpx:atemp>
          </gpxtpx:TrackPointExtension>
        </extensions>
      </trkpt>
      <trkpt lat="30.520341" lon="35.001528">
        <ele>353.5</ele>
        <time>2026-03-31T06:32:50.000Z</time>
        <extensions>
          <gpxtpx:TrackPointExtension>
            <gpxtpx:hr>139</gpxtpx:hr>
            <gpxtpx:cad>0</gpxtpx:cad>
            <gpxtpx:atemp>303.15</gpxtpx:atemp>
          </gpxtpx:TrackPointExtension>
        </extensions>
      </trkpt>
      <trkpt lat="30.520318" lon="35.001601">
        <ele>354.0</ele>
        <time>2026-03-31T06:33:00.000Z</time>
        <extensions>
          <gpxtpx:TrackPointExtension>
            <gpxtpx:hr>141</gpxtpx:hr>
            <gpxtpx:cad>61</gpxtpx:cad>
            <gpxtpx:atemp>302.15</gpxtpx:atemp>
          </gpxtpx:TrackPointExtension>
        </extensions>
      </trkpt>
      <trkpt lat="30.520348" lon="35.001615">
        <ele>353.8</ele>
        <time>2026-03-31T06:33:07.000Z</time>
        <extensions>
          <gpxtpx:TrackPointExtension>
            <gpxtpx:hr>145</gpxtpx:hr>
            <gpxtpx:cad>62</gpxtpx:cad>
            <gpxtpx:atemp>302.15</gpxtpx:atemp>
          </gpxtpx:TrackPointExtension>
        </extensions>
      </trkpt>
      <trkpt lat="30.520359" lon="35.001632">
        <ele>353.8</ele>
        <time>2026-03-31T06:33:09.000Z</time>
        <extensions>
          <gpxtpx:TrackPointExtension>
            <gpxtpx:hr>146</gpxtpx:hr>
            <gpxtpx:cad>65</gpxtpx:cad>
            <gpxtpx:atemp>302.15</gpxtpx:atemp>
          </gpxtpx:TrackPointExtension>
        </extensions>
      </trkpt>
      <trkpt lat="30.520435" lon="35.001714">
        <ele>353.6</ele>
        <time>2026-03-31T06:33:17.000Z</time>
        <extensions>
          <gpxtpx:TrackPointExtension>
            <gpxtpx:hr>146</gpxtpx:hr>
            <gpxtpx:cad>56</gpxtpx:cad>
            <gpxtpx:atemp>302.15</gpxtpx:atemp>
          </gpxtpx:TrackPointExtension>
        </extensions>
      </trkpt>
      <trkpt lat="30.520453" lon="35.001743">
        <ele>353.6</ele>
        <time>2026-03-31T06:33:19.000Z</time>
        <extensions>
          <gpxtpx:TrackPointExtension>
            <gpxtpx:hr>145</gpxtpx:hr>
            <gpxtpx:cad>56</gpxtpx:cad>
            <gpxtpx:atemp>302.15</gpxtpx:atemp>
          </gpxtpx:TrackPointExtension>
        </extensions>
      </trkpt>
      <trkpt lat="30.520449" lon="35.001809">
        <ele>353.9</ele>
        <time>2026-03-31T06:33:24.000Z</time>
        <extensions>
          <gpxtpx:TrackPointExtension>
            <gpxtpx:hr>148</gpxtpx:hr>
            <gpxtpx:cad>58</gpxtpx:cad>
            <gpxtpx:atemp>302.15</gpxtpx:atemp>
          </gpxtpx:TrackPointExtension>
        </extensions>
      </trkpt>
      <trkpt lat="30.520430" lon="35.001879">
        <ele>354.2</ele>
        <time>2026-03-31T06:33:28.000Z</time>
        <extensions>
          <gpxtpx:TrackPointExtension>
            <gpxtpx:hr>150</gpxtpx:hr>
            <gpxtpx:cad>62</gpxtpx:cad>
            <gpxtpx:atemp>302.15</gpxtpx:atemp>
          </gpxtpx:TrackPointExtension>
        </extensions>
      </trkpt>
      <trkpt lat="30.520495" lon="35.002029">
        <ele>354.5</ele>
        <time>2026-03-31T06:33:38.000Z</time>
        <extensions>
          <gpxtpx:TrackPointExtension>
            <gpxtpx:hr>149</gpxtpx:hr>
            <gpxtpx:cad>78</gpxtpx:cad>
            <gpxtpx:atemp>302.15</gpxtpx:atemp>
          </gpxtpx:TrackPointExtension>
        </extensions>
      </trkpt>
      <trkpt lat="30.520534" lon="35.002081">
        <ele>354.6</ele>
        <time>2026-03-31T06:33:41.000Z</time>
        <extensions>
          <gpxtpx:TrackPointExtension>
            <gpxtpx:hr>149</gpxtpx:hr>
            <gpxtpx:cad>77</gpxtpx:cad>
            <gpxtpx:atemp>303.15</gpxtpx:atemp>
          </gpxtpx:TrackPointExtension>
        </extensions>
      </trkpt>
      <trkpt lat="30.520549" lon="35.002120">
        <ele>354.7</ele>
        <time>2026-03-31T06:33:43.000Z</time>
        <extensions>
          <gpxtpx:TrackPointExtension>
            <gpxtpx:hr>148</gpxtpx:hr>
            <gpxtpx:cad>78</gpxtpx:cad>
            <gpxtpx:atemp>303.15</gpxtpx:atemp>
          </gpxtpx:TrackPointExtension>
        </extensions>
      </trkpt>
      <trkpt lat="30.520521" lon="35.002283">
        <ele>355.8</ele>
        <time>2026-03-31T06:33:50.000Z</time>
        <extensions>
          <gpxtpx:TrackPointExtension>
            <gpxtpx:hr>149</gpxtpx:hr>
            <gpxtpx:cad>76</gpxtpx:cad>
            <gpxtpx:atemp>303.15</gpxtpx:atemp>
          </gpxtpx:TrackPointExtension>
        </extensions>
      </trkpt>
      <trkpt lat="30.520493" lon="35.002343">
        <ele>356.3</ele>
        <time>2026-03-31T06:33:53.000Z</time>
        <extensions>
          <gpxtpx:TrackPointExtension>
            <gpxtpx:hr>148</gpxtpx:hr>
            <gpxtpx:cad>74</gpxtpx:cad>
            <gpxtpx:atemp>303.15</gpxtpx:atemp>
          </gpxtpx:TrackPointExtension>
        </extensions>
      </trkpt>
      <trkpt lat="30.520484" lon="35.002411">
        <ele>356.9</ele>
        <time>2026-03-31T06:33:57.000Z</time>
        <extensions>
          <gpxtpx:TrackPointExtension>
            <gpxtpx:hr>147</gpxtpx:hr>
            <gpxtpx:cad>77</gpxtpx:cad>
            <gpxtpx:atemp>302.15</gpxtpx:atemp>
          </gpxtpx:TrackPointExtension>
        </extensions>
      </trkpt>
      <trkpt lat="30.520492" lon="35.002476">
        <ele>357.3</ele>
        <time>2026-03-31T06:34:00.000Z</time>
        <extensions>
          <gpxtpx:TrackPointExtension>
            <gpxtpx:hr>147</gpxtpx:hr>
            <gpxtpx:cad>78</gpxtpx:cad>
            <gpxtpx:atemp>302.15</gpxtpx:atemp>
          </gpxtpx:TrackPointExtension>
        </extensions>
      </trkpt>
      <trkpt lat="30.520468" lon="35.002598">
        <ele>358.3</ele>
        <time>2026-03-31T06:34:07.000Z</time>
        <extensions>
          <gpxtpx:TrackPointExtension>
            <gpxtpx:hr>147</gpxtpx:hr>
            <gpxtpx:cad>76</gpxtpx:cad>
            <gpxtpx:atemp>302.15</gpxtpx:atemp>
          </gpxtpx:TrackPointExtension>
        </extensions>
      </trkpt>
      <trkpt lat="30.520494" lon="35.002764">
        <ele>359.5</ele>
        <time>2026-03-31T06:34:15.000Z</time>
        <extensions>
          <gpxtpx:TrackPointExtension>
            <gpxtpx:hr>144</gpxtpx:hr>
            <gpxtpx:cad>77</gpxtpx:cad>
            <gpxtpx:atemp>302.15</gpxtpx:atemp>
          </gpxtpx:TrackPointExtension>
        </extensions>
      </trkpt>
      <trkpt lat="30.520500" lon="35.002843">
        <ele>360.2</ele>
        <time>2026-03-31T06:34:19.000Z</time>
        <extensions>
          <gpxtpx:TrackPointExtension>
            <gpxtpx:hr>143</gpxtpx:hr>
            <gpxtpx:cad>77</gpxtpx:cad>
            <gpxtpx:atemp>302.15</gpxtpx:atemp>
          </gpxtpx:TrackPointExtension>
        </extensions>
      </trkpt>
      <trkpt lat="30.520537" lon="35.003003">
        <ele>360.9</ele>
        <time>2026-03-31T06:34:27.000Z</time>
        <extensions>
          <gpxtpx:TrackPointExtension>
            <gpxtpx:hr>142</gpxtpx:hr>
            <gpxtpx:cad>80</gpxtpx:cad>
            <gpxtpx:atemp>302.15</gpxtpx:atemp>
          </gpxtpx:TrackPointExtension>
        </extensions>
      </trkpt>
      <trkpt lat="30.520564" lon="35.003066">
        <ele>361.0</ele>
        <time>2026-03-31T06:34:30.000Z</time>
        <extensions>
          <gpxtpx:TrackPointExtension>
            <gpxtpx:hr>141</gpxtpx:hr>
            <gpxtpx:cad>79</gpxtpx:cad>
            <gpxtpx:atemp>302.15</gpxtpx:atemp>
          </gpxtpx:TrackPointExtension>
        </extensions>
      </trkpt>
      <trkpt lat="30.520580" lon="35.003144">
        <ele>361.3</ele>
        <time>2026-03-31T06:34:33.000Z</time>
        <extensions>
          <gpxtpx:TrackPointExtension>
            <gpxtpx:hr>142</gpxtpx:hr>
            <gpxtpx:cad>78</gpxtpx:cad>
            <gpxtpx:atemp>303.15</gpxtpx:atemp>
          </gpxtpx:TrackPointExtension>
        </extensions>
      </trkpt>
      <trkpt lat="30.520585" lon="35.003270">
        <ele>362.2</ele>
        <time>2026-03-31T06:34:38.000Z</time>
        <extensions>
          <gpxtpx:TrackPointExtension>
            <gpxtpx:hr>141</gpxtpx:hr>
            <gpxtpx:cad>78</gpxtpx:cad>
            <gpxtpx:atemp>303.15</gpxtpx:atemp>
          </gpxtpx:TrackPointExtension>
        </extensions>
      </trkpt>
      <trkpt lat="30.520601" lon="35.003336">
        <ele>362.5</ele>
        <time>2026-03-31T06:34:41.000Z</time>
        <extensions>
          <gpxtpx:TrackPointExtension>
            <gpxtpx:hr>141</gpxtpx:hr>
            <gpxtpx:cad>77</gpxtpx:cad>
            <gpxtpx:atemp>303.15</gpxtpx:atemp>
          </gpxtpx:TrackPointExtension>
        </extensions>
      </trkpt>
      <trkpt lat="30.520630" lon="35.003400">
        <ele>362.6</ele>
        <time>2026-03-31T06:34:44.000Z</time>
        <extensions>
          <gpxtpx:TrackPointExtension>
            <gpxtpx:hr>136</gpxtpx:hr>
            <gpxtpx:cad>78</gpxtpx:cad>
            <gpxtpx:atemp>303.15</gpxtpx:atemp>
          </gpxtpx:TrackPointExtension>
        </extensions>
      </trkpt>
      <trkpt lat="30.520671" lon="35.003557">
        <ele>362.8</ele>
        <time>2026-03-31T06:34:51.000Z</time>
        <extensions>
          <gpxtpx:TrackPointExtension>
            <gpxtpx:hr>134</gpxtpx:hr>
            <gpxtpx:cad>53</gpxtpx:cad>
            <gpxtpx:atemp>303.15</gpxtpx:atemp>
          </gpxtpx:TrackPointExtension>
        </extensions>
      </trkpt>
      <trkpt lat="30.520716" lon="35.003622">
        <ele>362.2</ele>
        <time>2026-03-31T06:34:57.000Z</time>
        <extensions>
          <gpxtpx:TrackPointExtension>
            <gpxtpx:hr>141</gpxtpx:hr>
            <gpxtpx:cad>53</gpxtpx:cad>
            <gpxtpx:atemp>303.15</gpxtpx:atemp>
          </gpxtpx:TrackPointExtension>
        </extensions>
      </trkpt>
      <trkpt lat="30.520783" lon="35.003836">
        <ele>362.2</ele>
        <time>2026-03-31T06:35:11.000Z</time>
        <extensions>
          <gpxtpx:TrackPointExtension>
            <gpxtpx:hr>136</gpxtpx:hr>
            <gpxtpx:cad>74</gpxtpx:cad>
            <gpxtpx:atemp>303.15</gpxtpx:atemp>
          </gpxtpx:TrackPointExtension>
        </extensions>
      </trkpt>
      <trkpt lat="30.520834" lon="35.003891">
        <ele>361.8</ele>
        <time>2026-03-31T06:35:15.000Z</time>
        <extensions>
          <gpxtpx:TrackPointExtension>
            <gpxtpx:hr>134</gpxtpx:hr>
            <gpxtpx:cad>74</gpxtpx:cad>
            <gpxtpx:atemp>302.15</gpxtpx:atemp>
          </gpxtpx:TrackPointExtension>
        </extensions>
      </trkpt>
      <trkpt lat="30.520889" lon="35.003990">
        <ele>361.3</ele>
        <time>2026-03-31T06:35:23.000Z</time>
        <extensions>
          <gpxtpx:TrackPointExtension>
            <gpxtpx:hr>135</gpxtpx:hr>
            <gpxtpx:cad>0</gpxtpx:cad>
            <gpxtpx:atemp>302.15</gpxtpx:atemp>
          </gpxtpx:TrackPointExtension>
        </extensions>
      </trkpt>
      <trkpt lat="30.520913" lon="35.004070">
        <ele>361.4</ele>
        <time>2026-03-31T06:35:27.000Z</time>
        <extensions>
          <gpxtpx:TrackPointExtension>
            <gpxtpx:hr>136</gpxtpx:hr>
            <gpxtpx:cad>0</gpxtpx:cad>
            <gpxtpx:atemp>302.15</gpxtpx:atemp>
          </gpxtpx:TrackPointExtension>
        </extensions>
      </trkpt>
      <trkpt lat="30.520952" lon="35.004247">
        <ele>361.9</ele>
        <time>2026-03-31T06:35:39.000Z</time>
        <extensions>
          <gpxtpx:TrackPointExtension>
            <gpxtpx:hr>146</gpxtpx:hr>
            <gpxtpx:cad>47</gpxtpx:cad>
            <gpxtpx:atemp>302.15</gpxtpx:atemp>
          </gpxtpx:TrackPointExtension>
        </extensions>
      </trkpt>
      <trkpt lat="30.520958" lon="35.004304">
        <ele>362.2</ele>
        <time>2026-03-31T06:35:43.000Z</time>
        <extensions>
          <gpxtpx:TrackPointExtension>
            <gpxtpx:hr>150</gpxtpx:hr>
            <gpxtpx:cad>47</gpxtpx:cad>
            <gpxtpx:atemp>302.15</gpxtpx:atemp>
          </gpxtpx:TrackPointExtension>
        </extensions>
      </trkpt>
      <trkpt lat="30.520945" lon="35.004376">
        <ele>363.3</ele>
        <time>2026-03-31T06:35:50.000Z</time>
        <extensions>
          <gpxtpx:TrackPointExtension>
            <gpxtpx:hr>149</gpxtpx:hr>
            <gpxtpx:cad>0</gpxtpx:cad>
            <gpxtpx:atemp>302.15</gpxtpx:atemp>
          </gpxtpx:TrackPointExtension>
        </extensions>
      </trkpt>
      <trkpt lat="30.521004" lon="35.004479">
        <ele>363.7</ele>
        <time>2026-03-31T06:36:05.000Z</time>
        <extensions>
          <gpxtpx:TrackPointExtension>
            <gpxtpx:hr>154</gpxtpx:hr>
            <gpxtpx:cad>0</gpxtpx:cad>
            <gpxtpx:atemp>302.15</gpxtpx:atemp>
          </gpxtpx:TrackPointExtension>
        </extensions>
      </trkpt>
      <trkpt lat="30.521042" lon="35.004515">
        <ele>363.8</ele>
        <time>2026-03-31T06:36:12.000Z</time>
        <extensions>
          <gpxtpx:TrackPointExtension>
            <gpxtpx:hr>157</gpxtpx:hr>
            <gpxtpx:cad>50</gpxtpx:cad>
            <gpxtpx:atemp>302.15</gpxtpx:atemp>
          </gpxtpx:TrackPointExtension>
        </extensions>
      </trkpt>
      <trkpt lat="30.521133" lon="35.004586">
        <ele>363.9</ele>
        <time>2026-03-31T06:36:23.000Z</time>
        <extensions>
          <gpxtpx:TrackPointExtension>
            <gpxtpx:hr>155</gpxtpx:hr>
            <gpxtpx:cad>79</gpxtpx:cad>
            <gpxtpx:atemp>302.15</gpxtpx:atemp>
          </gpxtpx:TrackPointExtension>
        </extensions>
      </trkpt>
      <trkpt lat="30.521359" lon="35.004692">
        <ele>364.4</ele>
        <time>2026-03-31T06:36:34.000Z</time>
        <extensions>
          <gpxtpx:TrackPointExtension>
            <gpxtpx:hr>155</gpxtpx:hr>
            <gpxtpx:cad>79</gpxtpx:cad>
            <gpxtpx:atemp>302.15</gpxtpx:atemp>
          </gpxtpx:TrackPointExtension>
        </extensions>
      </trkpt>
      <trkpt lat="30.521407" lon="35.004746">
        <ele>365.0</ele>
        <time>2026-03-31T06:36:37.000Z</time>
        <extensions>
          <gpxtpx:TrackPointExtension>
            <gpxtpx:hr>155</gpxtpx:hr>
            <gpxtpx:cad>80</gpxtpx:cad>
            <gpxtpx:atemp>302.15</gpxtpx:atemp>
          </gpxtpx:TrackPointExtension>
        </extensions>
      </trkpt>
      <trkpt lat="30.521449" lon="35.004768">
        <ele>365.2</ele>
        <time>2026-03-31T06:36:39.000Z</time>
        <extensions>
          <gpxtpx:TrackPointExtension>
            <gpxtpx:hr>154</gpxtpx:hr>
            <gpxtpx:cad>79</gpxtpx:cad>
            <gpxtpx:atemp>302.15</gpxtpx:atemp>
          </gpxtpx:TrackPointExtension>
        </extensions>
      </trkpt>
      <trkpt lat="30.521564" lon="35.004850">
        <ele>366.2</ele>
        <time>2026-03-31T06:36:45.000Z</time>
        <extensions>
          <gpxtpx:TrackPointExtension>
            <gpxtpx:hr>154</gpxtpx:hr>
            <gpxtpx:cad>79</gpxtpx:cad>
            <gpxtpx:atemp>302.15</gpxtpx:atemp>
          </gpxtpx:TrackPointExtension>
        </extensions>
      </trkpt>
      <trkpt lat="30.521612" lon="35.004895">
        <ele>367.0</ele>
        <time>2026-03-31T06:36:48.000Z</time>
        <extensions>
          <gpxtpx:TrackPointExtension>
            <gpxtpx:hr>154</gpxtpx:hr>
            <gpxtpx:cad>80</gpxtpx:cad>
            <gpxtpx:atemp>302.15</gpxtpx:atemp>
          </gpxtpx:TrackPointExtension>
        </extensions>
      </trkpt>
      <trkpt lat="30.521737" lon="35.004951">
        <ele>368.3</ele>
        <time>2026-03-31T06:36:54.000Z</time>
        <extensions>
          <gpxtpx:TrackPointExtension>
            <gpxtpx:hr>154</gpxtpx:hr>
            <gpxtpx:cad>81</gpxtpx:cad>
            <gpxtpx:atemp>302.15</gpxtpx:atemp>
          </gpxtpx:TrackPointExtension>
        </extensions>
      </trkpt>
      <trkpt lat="30.521825" lon="35.005028">
        <ele>369.3</ele>
        <time>2026-03-31T06:36:59.000Z</time>
        <extensions>
          <gpxtpx:TrackPointExtension>
            <gpxtpx:hr>154</gpxtpx:hr>
            <gpxtpx:cad>81</gpxtpx:cad>
            <gpxtpx:atemp>302.15</gpxtpx:atemp>
          </gpxtpx:TrackPointExtension>
        </extensions>
      </trkpt>
      <trkpt lat="30.522030" lon="35.005142">
        <ele>370.9</ele>
        <time>2026-03-31T06:37:09.000Z</time>
        <extensions>
          <gpxtpx:TrackPointExtension>
            <gpxtpx:hr>154</gpxtpx:hr>
            <gpxtpx:cad>77</gpxtpx:cad>
            <gpxtpx:atemp>302.15</gpxtpx:atemp>
          </gpxtpx:TrackPointExtension>
        </extensions>
      </trkpt>
      <trkpt lat="30.522144" lon="35.005271">
        <ele>372.8</ele>
        <time>2026-03-31T06:37:16.000Z</time>
        <extensions>
          <gpxtpx:TrackPointExtension>
            <gpxtpx:hr>154</gpxtpx:hr>
            <gpxtpx:cad>80</gpxtpx:cad>
            <gpxtpx:atemp>302.15</gpxtpx:atemp>
          </gpxtpx:TrackPointExtension>
        </extensions>
      </trkpt>
      <trkpt lat="30.522311" lon="35.005383">
        <ele>373.8</ele>
        <time>2026-03-31T06:37:25.000Z</time>
        <extensions>
          <gpxtpx:TrackPointExtension>
            <gpxtpx:hr>152</gpxtpx:hr>
            <gpxtpx:cad>80</gpxtpx:cad>
            <gpxtpx:atemp>302.15</gpxtpx:atemp>
          </gpxtpx:TrackPointExtension>
        </extensions>
      </trkpt>
      <trkpt lat="30.522415" lon="35.005435">
        <ele>373.7</ele>
        <time>2026-03-31T06:37:30.000Z</time>
        <extensions>
          <gpxtpx:TrackPointExtension>
            <gpxtpx:hr>149</gpxtpx:hr>
            <gpxtpx:cad>80</gpxtpx:cad>
            <gpxtpx:atemp>302.15</gpxtpx:atemp>
          </gpxtpx:TrackPointExtension>
        </extensions>
      </trkpt>
      <trkpt lat="30.522569" lon="35.005471">
        <ele>372.5</ele>
        <time>2026-03-31T06:37:37.000Z</time>
        <extensions>
          <gpxtpx:TrackPointExtension>
            <gpxtpx:hr>148</gpxtpx:hr>
            <gpxtpx:cad>81</gpxtpx:cad>
            <gpxtpx:atemp>302.15</gpxtpx:atemp>
          </gpxtpx:TrackPointExtension>
        </extensions>
      </trkpt>
      <trkpt lat="30.522623" lon="35.005512">
        <ele>372.5</ele>
        <time>2026-03-31T06:37:40.000Z</time>
        <extensions>
          <gpxtpx:TrackPointExtension>
            <gpxtpx:hr>149</gpxtpx:hr>
            <gpxtpx:cad>81</gpxtpx:cad>
            <gpxtpx:atemp>303.15</gpxtpx:atemp>
          </gpxtpx:TrackPointExtension>
        </extensions>
      </trkpt>
      <trkpt lat="30.522717" lon="35.005531">
        <ele>371.9</ele>
        <time>2026-03-31T06:37:44.000Z</time>
        <extensions>
          <gpxtpx:TrackPointExtension>
            <gpxtpx:hr>149</gpxtpx:hr>
            <gpxtpx:cad>80</gpxtpx:cad>
            <gpxtpx:atemp>303.15</gpxtpx:atemp>
          </gpxtpx:TrackPointExtension>
        </extensions>
      </trkpt>
      <trkpt lat="30.522776" lon="35.005566">
        <ele>371.6</ele>
        <time>2026-03-31T06:37:47.000Z</time>
        <extensions>
          <gpxtpx:TrackPointExtension>
            <gpxtpx:hr>149</gpxtpx:hr>
            <gpxtpx:cad>80</gpxtpx:cad>
            <gpxtpx:atemp>303.15</gpxtpx:atemp>
          </gpxtpx:TrackPointExtension>
        </extensions>
      </trkpt>
      <trkpt lat="30.522997" lon="35.005732">
        <ele>370.9</ele>
        <time>2026-03-31T06:37:59.000Z</time>
        <extensions>
          <gpxtpx:TrackPointExtension>
            <gpxtpx:hr>144</gpxtpx:hr>
            <gpxtpx:cad>77</gpxtpx:cad>
            <gpxtpx:atemp>303.15</gpxtpx:atemp>
          </gpxtpx:TrackPointExtension>
        </extensions>
      </trkpt>
      <trkpt lat="30.523064" lon="35.005798">
        <ele>371.2</ele>
        <time>2026-03-31T06:38:03.000Z</time>
        <extensions>
          <gpxtpx:TrackPointExtension>
            <gpxtpx:hr>141</gpxtpx:hr>
            <gpxtpx:cad>0</gpxtpx:cad>
            <gpxtpx:atemp>303.15</gpxtpx:atemp>
          </gpxtpx:TrackPointExtension>
        </extensions>
      </trkpt>
      <trkpt lat="30.523111" lon="35.005827">
        <ele>371.2</ele>
        <time>2026-03-31T06:38:07.000Z</time>
        <extensions>
          <gpxtpx:TrackPointExtension>
            <gpxtpx:hr>140</gpxtpx:hr>
            <gpxtpx:cad>0</gpxtpx:cad>
            <gpxtpx:atemp>303.15</gpxtpx:atemp>
          </gpxtpx:TrackPointExtension>
        </extensions>
      </trkpt>
      <trkpt lat="30.523150" lon="35.005892">
        <ele>371.6</ele>
        <time>2026-03-31T06:38:12.000Z</time>
        <extensions>
          <gpxtpx:TrackPointExtension>
            <gpxtpx:hr>140</gpxtpx:hr>
            <gpxtpx:cad>0</gpxtpx:cad>
            <gpxtpx:atemp>302.15</gpxtpx:atemp>
          </gpxtpx:TrackPointExtension>
        </extensions>
      </trkpt>
      <trkpt lat="30.523190" lon="35.005894">
        <ele>371.2</ele>
        <time>2026-03-31T06:38:16.000Z</time>
        <extensions>
          <gpxtpx:TrackPointExtension>
            <gpxtpx:hr>139</gpxtpx:hr>
            <gpxtpx:cad>80</gpxtpx:cad>
            <gpxtpx:atemp>302.15</gpxtpx:atemp>
          </gpxtpx:TrackPointExtension>
        </extensions>
      </trkpt>
      <trkpt lat="30.523250" lon="35.005927">
        <ele>371.4</ele>
        <time>2026-03-31T06:38:20.000Z</time>
        <extensions>
          <gpxtpx:TrackPointExtension>
            <gpxtpx:hr>140</gpxtpx:hr>
            <gpxtpx:cad>80</gpxtpx:cad>
            <gpxtpx:atemp>302.15</gpxtpx:atemp>
          </gpxtpx:TrackPointExtension>
        </extensions>
      </trkpt>
      <trkpt lat="30.523313" lon="35.005997">
        <ele>371.9</ele>
        <time>2026-03-31T06:38:24.000Z</time>
        <extensions>
          <gpxtpx:TrackPointExtension>
            <gpxtpx:hr>141</gpxtpx:hr>
            <gpxtpx:cad>79</gpxtpx:cad>
            <gpxtpx:atemp>303.15</gpxtpx:atemp>
          </gpxtpx:TrackPointExtension>
        </extensions>
      </trkpt>
      <trkpt lat="30.523363" lon="35.006036">
        <ele>372.2</ele>
        <time>2026-03-31T06:38:27.000Z</time>
        <extensions>
          <gpxtpx:TrackPointExtension>
            <gpxtpx:hr>140</gpxtpx:hr>
            <gpxtpx:cad>78</gpxtpx:cad>
            <gpxtpx:atemp>303.15</gpxtpx:atemp>
          </gpxtpx:TrackPointExtension>
        </extensions>
      </trkpt>
      <trkpt lat="30.523564" lon="35.006150">
        <ele>372.9</ele>
        <time>2026-03-31T06:38:40.000Z</time>
        <extensions>
          <gpxtpx:TrackPointExtension>
            <gpxtpx:hr>145</gpxtpx:hr>
            <gpxtpx:cad>0</gpxtpx:cad>
            <gpxtpx:atemp>303.15</gpxtpx:atemp>
          </gpxtpx:TrackPointExtension>
        </extensions>
      </trkpt>
      <trkpt lat="30.523592" lon="35.006238">
        <ele>373.5</ele>
        <time>2026-03-31T06:38:48.000Z</time>
        <extensions>
          <gpxtpx:TrackPointExtension>
            <gpxtpx:hr>145</gpxtpx:hr>
            <gpxtpx:cad>61</gpxtpx:cad>
            <gpxtpx:atemp>302.15</gpxtpx:atemp>
          </gpxtpx:TrackPointExtension>
        </extensions>
      </trkpt>
      <trkpt lat="30.523581" lon="35.006328">
        <ele>374.3</ele>
        <time>2026-03-31T06:38:55.000Z</time>
        <extensions>
          <gpxtpx:TrackPointExtension>
            <gpxtpx:hr>146</gpxtpx:hr>
            <gpxtpx:cad>64</gpxtpx:cad>
            <gpxtpx:atemp>302.15</gpxtpx:atemp>
          </gpxtpx:TrackPointExtension>
        </extensions>
      </trkpt>
      <trkpt lat="30.523615" lon="35.006373">
        <ele>374.6</ele>
        <time>2026-03-31T06:38:59.000Z</time>
        <extensions>
          <gpxtpx:TrackPointExtension>
            <gpxtpx:hr>146</gpxtpx:hr>
            <gpxtpx:cad>67</gpxtpx:cad>
            <gpxtpx:atemp>302.15</gpxtpx:atemp>
          </gpxtpx:TrackPointExtension>
        </extensions>
      </trkpt>
      <trkpt lat="30.523658" lon="35.006399">
        <ele>374.6</ele>
        <time>2026-03-31T06:39:03.000Z</time>
        <extensions>
          <gpxtpx:TrackPointExtension>
            <gpxtpx:hr>146</gpxtpx:hr>
            <gpxtpx:cad>74</gpxtpx:cad>
            <gpxtpx:atemp>302.15</gpxtpx:atemp>
          </gpxtpx:TrackPointExtension>
        </extensions>
      </trkpt>
      <trkpt lat="30.523703" lon="35.006440">
        <ele>374.7</ele>
        <time>2026-03-31T06:39:07.000Z</time>
        <extensions>
          <gpxtpx:TrackPointExtension>
            <gpxtpx:hr>146</gpxtpx:hr>
            <gpxtpx:cad>72</gpxtpx:cad>
            <gpxtpx:atemp>302.15</gpxtpx:atemp>
          </gpxtpx:TrackPointExtension>
        </extensions>
      </trkpt>
      <trkpt lat="30.523740" lon="35.006510">
        <ele>374.9</ele>
        <time>2026-03-31T06:39:11.000Z</time>
        <extensions>
          <gpxtpx:TrackPointExtension>
            <gpxtpx:hr>146</gpxtpx:hr>
            <gpxtpx:cad>77</gpxtpx:cad>
            <gpxtpx:atemp>302.15</gpxtpx:atemp>
          </gpxtpx:TrackPointExtension>
        </extensions>
      </trkpt>
      <trkpt lat="30.523796" lon="35.006562">
        <ele>375.3</ele>
        <time>2026-03-31T06:39:16.000Z</time>
        <extensions>
          <gpxtpx:TrackPointExtension>
            <gpxtpx:hr>145</gpxtpx:hr>
            <gpxtpx:cad>77</gpxtpx:cad>
            <gpxtpx:atemp>302.15</gpxtpx:atemp>
          </gpxtpx:TrackPointExtension>
        </extensions>
      </trkpt>
      <trkpt lat="30.523970" lon="35.006613">
        <ele>375.7</ele>
        <time>2026-03-31T06:39:26.000Z</time>
        <extensions>
          <gpxtpx:TrackPointExtension>
            <gpxtpx:hr>145</gpxtpx:hr>
            <gpxtpx:cad>80</gpxtpx:cad>
            <gpxtpx:atemp>302.15</gpxtpx:atemp>
          </gpxtpx:TrackPointExtension>
        </extensions>
      </trkpt>
      <trkpt lat="30.524135" lon="35.006642">
        <ele>376.3</ele>
        <time>2026-03-31T06:39:34.000Z</time>
        <extensions>
          <gpxtpx:TrackPointExtension>
            <gpxtpx:hr>149</gpxtpx:hr>
            <gpxtpx:cad>75</gpxtpx:cad>
            <gpxtpx:atemp>302.15</gpxtpx:atemp>
          </gpxtpx:TrackPointExtension>
        </extensions>
      </trkpt>
      <trkpt lat="30.524240" lon="35.006703">
        <ele>376.8</ele>
        <time>2026-03-31T06:39:41.000Z</time>
        <extensions>
          <gpxtpx:TrackPointExtension>
            <gpxtpx:hr>145</gpxtpx:hr>
            <gpxtpx:cad>77</gpxtpx:cad>
            <gpxtpx:atemp>302.15</gpxtpx:atemp>
          </gpxtpx:TrackPointExtension>
        </extensions>
      </trkpt>
      <trkpt lat="30.524270" lon="35.006705">
        <ele>376.9</ele>
        <time>2026-03-31T06:39:43.000Z</time>
        <extensions>
          <gpxtpx:TrackPointExtension>
            <gpxtpx:hr>145</gpxtpx:hr>
            <gpxtpx:cad>77</gpxtpx:cad>
            <gpxtpx:atemp>302.15</gpxtpx:atemp>
          </gpxtpx:TrackPointExtension>
        </extensions>
      </trkpt>
      <trkpt lat="30.524324" lon="35.006761">
        <ele>377.1</ele>
        <time>2026-03-31T06:39:47.000Z</time>
        <extensions>
          <gpxtpx:TrackPointExtension>
            <gpxtpx:hr>146</gpxtpx:hr>
            <gpxtpx:cad>83</gpxtpx:cad>
            <gpxtpx:atemp>302.15</gpxtpx:atemp>
          </gpxtpx:TrackPointExtension>
        </extensions>
      </trkpt>
      <trkpt lat="30.524445" lon="35.006802">
        <ele>377.5</ele>
        <time>2026-03-31T06:39:57.000Z</time>
        <extensions>
          <gpxtpx:TrackPointExtension>
            <gpxtpx:hr>137</gpxtpx:hr>
            <gpxtpx:cad>77</gpxtpx:cad>
            <gpxtpx:atemp>302.15</gpxtpx:atemp>
          </gpxtpx:TrackPointExtension>
        </extensions>
      </trkpt>
      <trkpt lat="30.524595" lon="35.006868">
        <ele>378.2</ele>
        <time>2026-03-31T06:40:09.000Z</time>
        <extensions>
          <gpxtpx:TrackPointExtension>
            <gpxtpx:hr>136</gpxtpx:hr>
            <gpxtpx:cad>79</gpxtpx:cad>
            <gpxtpx:atemp>302.15</gpxtpx:atemp>
          </gpxtpx:TrackPointExtension>
        </extensions>
      </trkpt>
      <trkpt lat="30.524705" lon="35.006949">
        <ele>378.3</ele>
        <time>2026-03-31T06:40:15.000Z</time>
        <extensions>
          <gpxtpx:TrackPointExtension>
            <gpxtpx:hr>135</gpxtpx:hr>
            <gpxtpx:cad>78</gpxtpx:cad>
            <gpxtpx:atemp>302.15</gpxtpx:atemp>
          </gpxtpx:TrackPointExtension>
        </extensions>
      </trkpt>
      <trkpt lat="30.524833" lon="35.007015">
        <ele>378.1</ele>
        <time>2026-03-31T06:40:22.000Z</time>
        <extensions>
          <gpxtpx:TrackPointExtension>
            <gpxtpx:hr>134</gpxtpx:hr>
            <gpxtpx:cad>77</gpxtpx:cad>
            <gpxtpx:atemp>302.15</gpxtpx:atemp>
          </gpxtpx:TrackPointExtension>
        </extensions>
      </trkpt>
      <trkpt lat="30.524915" lon="35.007039">
        <ele>377.9</ele>
        <time>2026-03-31T06:40:27.000Z</time>
        <extensions>
          <gpxtpx:TrackPointExtension>
            <gpxtpx:hr>133</gpxtpx:hr>
            <gpxtpx:cad>79</gpxtpx:cad>
            <gpxtpx:atemp>302.15</gpxtpx:atemp>
          </gpxtpx:TrackPointExtension>
        </extensions>
      </trkpt>
      <trkpt lat="30.524946" lon="35.007039">
        <ele>377.8</ele>
        <time>2026-03-31T06:40:29.000Z</time>
        <extensions>
          <gpxtpx:TrackPointExtension>
            <gpxtpx:hr>133</gpxtpx:hr>
            <gpxtpx:cad>78</gpxtpx:cad>
            <gpxtpx:atemp>302.15</gpxtpx:atemp>
          </gpxtpx:TrackPointExtension>
        </extensions>
      </trkpt>
      <trkpt lat="30.525035" lon="35.007062">
        <ele>377.5</ele>
        <time>2026-03-31T06:40:33.000Z</time>
        <extensions>
          <gpxtpx:TrackPointExtension>
            <gpxtpx:hr>132</gpxtpx:hr>
            <gpxtpx:cad>80</gpxtpx:cad>
            <gpxtpx:atemp>302.15</gpxtpx:atemp>
          </gpxtpx:TrackPointExtension>
        </extensions>
      </trkpt>
      <trkpt lat="30.525113" lon="35.007063">
        <ele>377.2</ele>
        <time>2026-03-31T06:40:37.000Z</time>
        <extensions>
          <gpxtpx:TrackPointExtension>
            <gpxtpx:hr>132</gpxtpx:hr>
            <gpxtpx:cad>80</gpxtpx:cad>
            <gpxtpx:atemp>302.15</gpxtpx:atemp>
          </gpxtpx:TrackPointExtension>
        </extensions>
      </trkpt>
      <trkpt lat="30.525232" lon="35.007093">
        <ele>376.7</ele>
        <time>2026-03-31T06:40:44.000Z</time>
        <extensions>
          <gpxtpx:TrackPointExtension>
            <gpxtpx:hr>130</gpxtpx:hr>
            <gpxtpx:cad>80</gpxtpx:cad>
            <gpxtpx:atemp>302.15</gpxtpx:atemp>
          </gpxtpx:TrackPointExtension>
        </extensions>
      </trkpt>
      <trkpt lat="30.525377" lon="35.007100">
        <ele>376.2</ele>
        <time>2026-03-31T06:40:50.000Z</time>
        <extensions>
          <gpxtpx:TrackPointExtension>
            <gpxtpx:hr>130</gpxtpx:hr>
            <gpxtpx:cad>75</gpxtpx:cad>
            <gpxtpx:atemp>303.15</gpxtpx:atemp>
          </gpxtpx:TrackPointExtension>
        </extensions>
      </trkpt>
      <trkpt lat="30.525487" lon="35.007131">
        <ele>376.0</ele>
        <time>2026-03-31T06:40:55.000Z</time>
        <extensions>
          <gpxtpx:TrackPointExtension>
            <gpxtpx:hr>130</gpxtpx:hr>
            <gpxtpx:cad>0</gpxtpx:cad>
            <gpxtpx:atemp>302.15</gpxtpx:atemp>
          </gpxtpx:TrackPointExtension>
        </extensions>
      </trkpt>
      <trkpt lat="30.525561" lon="35.007127">
        <ele>375.9</ele>
        <time>2026-03-31T06:40:59.000Z</time>
        <extensions>
          <gpxtpx:TrackPointExtension>
            <gpxtpx:hr>131</gpxtpx:hr>
            <gpxtpx:cad>74</gpxtpx:cad>
            <gpxtpx:atemp>302.15</gpxtpx:atemp>
          </gpxtpx:TrackPointExtension>
        </extensions>
      </trkpt>
      <trkpt lat="30.525656" lon="35.007150">
        <ele>375.8</ele>
        <time>2026-03-31T06:41:07.000Z</time>
        <extensions>
          <gpxtpx:TrackPointExtension>
            <gpxtpx:hr>132</gpxtpx:hr>
            <gpxtpx:cad>74</gpxtpx:cad>
            <gpxtpx:atemp>302.15</gpxtpx:atemp>
          </gpxtpx:TrackPointExtension>
        </extensions>
      </trkpt>
      <trkpt lat="30.525729" lon="35.007228">
        <ele>375.5</ele>
        <time>2026-03-31T06:41:12.000Z</time>
        <extensions>
          <gpxtpx:TrackPointExtension>
            <gpxtpx:hr>132</gpxtpx:hr>
            <gpxtpx:cad>74</gpxtpx:cad>
            <gpxtpx:atemp>302.15</gpxtpx:atemp>
          </gpxtpx:TrackPointExtension>
        </extensions>
      </trkpt>
      <trkpt lat="30.525780" lon="35.007228">
        <ele>375.6</ele>
        <time>2026-03-31T06:41:15.000Z</time>
        <extensions>
          <gpxtpx:TrackPointExtension>
            <gpxtpx:hr>133</gpxtpx:hr>
            <gpxtpx:cad>74</gpxtpx:cad>
            <gpxtpx:atemp>302.15</gpxtpx:atemp>
          </gpxtpx:TrackPointExtension>
        </extensions>
      </trkpt>
      <trkpt lat="30.525969" lon="35.007208">
        <ele>376.1</ele>
        <time>2026-03-31T06:41:26.000Z</time>
        <extensions>
          <gpxtpx:TrackPointExtension>
            <gpxtpx:hr>134</gpxtpx:hr>
            <gpxtpx:cad>60</gpxtpx:cad>
            <gpxtpx:atemp>303.15</gpxtpx:atemp>
          </gpxtpx:TrackPointExtension>
        </extensions>
      </trkpt>
      <trkpt lat="30.526027" lon="35.007220">
        <ele>376.4</ele>
        <time>2026-03-31T06:41:29.000Z</time>
        <extensions>
          <gpxtpx:TrackPointExtension>
            <gpxtpx:hr>134</gpxtpx:hr>
            <gpxtpx:cad>60</gpxtpx:cad>
            <gpxtpx:atemp>303.15</gpxtpx:atemp>
          </gpxtpx:TrackPointExtension>
        </extensions>
      </trkpt>
      <trkpt lat="30.526117" lon="35.007212">
        <ele>377.1</ele>
        <time>2026-03-31T06:41:36.000Z</time>
        <extensions>
          <gpxtpx:TrackPointExtension>
            <gpxtpx:hr>133</gpxtpx:hr>
            <gpxtpx:cad>71</gpxtpx:cad>
            <gpxtpx:atemp>303.15</gpxtpx:atemp>
          </gpxtpx:TrackPointExtension>
        </extensions>
      </trkpt>
      <trkpt lat="30.526293" lon="35.007219">
        <ele>378.4</ele>
        <time>2026-03-31T06:41:47.000Z</time>
        <extensions>
          <gpxtpx:TrackPointExtension>
            <gpxtpx:hr>136</gpxtpx:hr>
            <gpxtpx:cad>62</gpxtpx:cad>
            <gpxtpx:atemp>303.15</gpxtpx:atemp>
          </gpxtpx:TrackPointExtension>
        </extensions>
      </trkpt>
      <trkpt lat="30.526399" lon="35.007166">
        <ele>379.6</ele>
        <time>2026-03-31T06:41:55.000Z</time>
        <extensions>
          <gpxtpx:TrackPointExtension>
            <gpxtpx:hr>138</gpxtpx:hr>
            <gpxtpx:cad>67</gpxtpx:cad>
            <gpxtpx:atemp>302.15</gpxtpx:atemp>
          </gpxtpx:TrackPointExtension>
        </extensions>
      </trkpt>
      <trkpt lat="30.526573" lon="35.007142">
        <ele>381.4</ele>
        <time>2026-03-31T06:42:05.000Z</time>
        <extensions>
          <gpxtpx:TrackPointExtension>
            <gpxtpx:hr>142</gpxtpx:hr>
            <gpxtpx:cad>0</gpxtpx:cad>
            <gpxtpx:atemp>302.15</gpxtpx:atemp>
          </gpxtpx:TrackPointExtension>
        </extensions>
      </trkpt>
      <trkpt lat="30.526648" lon="35.007122">
        <ele>382.6</ele>
        <time>2026-03-31T06:42:09.000Z</time>
        <extensions>
          <gpxtpx:TrackPointExtension>
            <gpxtpx:hr>142</gpxtpx:hr>
            <gpxtpx:cad>69</gpxtpx:cad>
            <gpxtpx:atemp>302.15</gpxtpx:atemp>
          </gpxtpx:TrackPointExtension>
        </extensions>
      </trkpt>
      <trkpt lat="30.526697" lon="35.007098">
        <ele>383.4</ele>
        <time>2026-03-31T06:42:12.000Z</time>
        <extensions>
          <gpxtpx:TrackPointExtension>
            <gpxtpx:hr>143</gpxtpx:hr>
            <gpxtpx:cad>63</gpxtpx:cad>
            <gpxtpx:atemp>302.15</gpxtpx:atemp>
          </gpxtpx:TrackPointExtension>
        </extensions>
      </trkpt>
      <trkpt lat="30.526739" lon="35.007090">
        <ele>384.0</ele>
        <time>2026-03-31T06:42:15.000Z</time>
        <extensions>
          <gpxtpx:TrackPointExtension>
            <gpxtpx:hr>144</gpxtpx:hr>
            <gpxtpx:cad>62</gpxtpx:cad>
            <gpxtpx:atemp>302.15</gpxtpx:atemp>
          </gpxtpx:TrackPointExtension>
        </extensions>
      </trkpt>
      <trkpt lat="30.526830" lon="35.007105">
        <ele>385.3</ele>
        <time>2026-03-31T06:42:24.000Z</time>
        <extensions>
          <gpxtpx:TrackPointExtension>
            <gpxtpx:hr>147</gpxtpx:hr>
            <gpxtpx:cad>73</gpxtpx:cad>
            <gpxtpx:atemp>302.15</gpxtpx:atemp>
          </gpxtpx:TrackPointExtension>
        </extensions>
      </trkpt>
      <trkpt lat="30.526871" lon="35.007123">
        <ele>385.9</ele>
        <time>2026-03-31T06:42:28.000Z</time>
        <extensions>
          <gpxtpx:TrackPointExtension>
            <gpxtpx:hr>145</gpxtpx:hr>
            <gpxtpx:cad>73</gpxtpx:cad>
            <gpxtpx:atemp>302.15</gpxtpx:atemp>
          </gpxtpx:TrackPointExtension>
        </extensions>
      </trkpt>
      <trkpt lat="30.526973" lon="35.007068">
        <ele>387.5</ele>
        <time>2026-03-31T06:42:36.000Z</time>
        <extensions>
          <gpxtpx:TrackPointExtension>
            <gpxtpx:hr>147</gpxtpx:hr>
            <gpxtpx:cad>37</gpxtpx:cad>
            <gpxtpx:atemp>301.15</gpxtpx:atemp>
          </gpxtpx:TrackPointExtension>
        </extensions>
      </trkpt>
      <trkpt lat="30.527095" lon="35.007063">
        <ele>389.2</ele>
        <time>2026-03-31T06:42:46.000Z</time>
        <extensions>
          <gpxtpx:TrackPointExtension>
            <gpxtpx:hr>148</gpxtpx:hr>
            <gpxtpx:cad>79</gpxtpx:cad>
            <gpxtpx:atemp>301.15</gpxtpx:atemp>
          </gpxtpx:TrackPointExtension>
        </extensions>
      </trkpt>
      <trkpt lat="30.527135" lon="35.007080">
        <ele>389.8</ele>
        <time>2026-03-31T06:42:49.000Z</time>
        <extensions>
          <gpxtpx:TrackPointExtension>
            <gpxtpx:hr>149</gpxtpx:hr>
            <gpxtpx:cad>72</gpxtpx:cad>
            <gpxtpx:atemp>301.15</gpxtpx:atemp>
          </gpxtpx:TrackPointExtension>
        </extensions>
      </trkpt>
      <trkpt lat="30.527194" lon="35.007084">
        <ele>390.6</ele>
        <time>2026-03-31T06:42:52.000Z</time>
        <extensions>
          <gpxtpx:TrackPointExtension>
            <gpxtpx:hr>149</gpxtpx:hr>
            <gpxtpx:cad>72</gpxtpx:cad>
            <gpxtpx:atemp>301.15</gpxtpx:atemp>
          </gpxtpx:TrackPointExtension>
        </extensions>
      </trkpt>
      <trkpt lat="30.527300" lon="35.007063">
        <ele>392.1</ele>
        <time>2026-03-31T06:42:57.000Z</time>
        <extensions>
          <gpxtpx:TrackPointExtension>
            <gpxtpx:hr>149</gpxtpx:hr>
            <gpxtpx:cad>69</gpxtpx:cad>
            <gpxtpx:atemp>301.15</gpxtpx:atemp>
          </gpxtpx:TrackPointExtension>
        </extensions>
      </trkpt>
      <trkpt lat="30.527323" lon="35.007066">
        <ele>392.5</ele>
        <time>2026-03-31T06:42:59.000Z</time>
        <extensions>
          <gpxtpx:TrackPointExtension>
            <gpxtpx:hr>149</gpxtpx:hr>
            <gpxtpx:cad>0</gpxtpx:cad>
            <gpxtpx:atemp>301.15</gpxtpx:atemp>
          </gpxtpx:TrackPointExtension>
        </extensions>
      </trkpt>
      <trkpt lat="30.527402" lon="35.007097">
        <ele>393.7</ele>
        <time>2026-03-31T06:43:04.000Z</time>
        <extensions>
          <gpxtpx:TrackPointExtension>
            <gpxtpx:hr>149</gpxtpx:hr>
            <gpxtpx:cad>80</gpxtpx:cad>
            <gpxtpx:atemp>301.15</gpxtpx:atemp>
          </gpxtpx:TrackPointExtension>
        </extensions>
      </trkpt>
      <trkpt lat="30.527498" lon="35.007103">
        <ele>395.1</ele>
        <time>2026-03-31T06:43:09.000Z</time>
        <extensions>
          <gpxtpx:TrackPointExtension>
            <gpxtpx:hr>148</gpxtpx:hr>
            <gpxtpx:cad>80</gpxtpx:cad>
            <gpxtpx:atemp>301.15</gpxtpx:atemp>
          </gpxtpx:TrackPointExtension>
        </extensions>
      </trkpt>
      <trkpt lat="30.527584" lon="35.007149">
        <ele>396.9</ele>
        <time>2026-03-31T06:43:13.000Z</time>
        <extensions>
          <gpxtpx:TrackPointExtension>
            <gpxtpx:hr>147</gpxtpx:hr>
            <gpxtpx:cad>78</gpxtpx:cad>
            <gpxtpx:atemp>301.15</gpxtpx:atemp>
          </gpxtpx:TrackPointExtension>
        </extensions>
      </trkpt>
      <trkpt lat="30.527770" lon="35.007181">
        <ele>398.9</ele>
        <time>2026-03-31T06:43:21.000Z</time>
        <extensions>
          <gpxtpx:TrackPointExtension>
            <gpxtpx:hr>146</gpxtpx:hr>
            <gpxtpx:cad>78</gpxtpx:cad>
            <gpxtpx:atemp>301.15</gpxtpx:atemp>
          </gpxtpx:TrackPointExtension>
        </extensions>
      </trkpt>
      <trkpt lat="30.527855" lon="35.007207">
        <ele>399.8</ele>
        <time>2026-03-31T06:43:25.000Z</time>
        <extensions>
          <gpxtpx:TrackPointExtension>
            <gpxtpx:hr>146</gpxtpx:hr>
            <gpxtpx:cad>79</gpxtpx:cad>
            <gpxtpx:atemp>301.15</gpxtpx:atemp>
          </gpxtpx:TrackPointExtension>
        </extensions>
      </trkpt>
      <trkpt lat="30.528000" lon="35.007218">
        <ele>400.6</ele>
        <time>2026-03-31T06:43:32.000Z</time>
        <extensions>
          <gpxtpx:TrackPointExtension>
            <gpxtpx:hr>144</gpxtpx:hr>
            <gpxtpx:cad>80</gpxtpx:cad>
            <gpxtpx:atemp>301.15</gpxtpx:atemp>
          </gpxtpx:TrackPointExtension>
        </extensions>
      </trkpt>
      <trkpt lat="30.528286" lon="35.007240">
        <ele>401.1</ele>
        <time>2026-03-31T06:43:45.000Z</time>
        <extensions>
          <gpxtpx:TrackPointExtension>
            <gpxtpx:hr>145</gpxtpx:hr>
            <gpxtpx:cad>79</gpxtpx:cad>
            <gpxtpx:atemp>302.15</gpxtpx:atemp>
          </gpxtpx:TrackPointExtension>
        </extensions>
      </trkpt>
      <trkpt lat="30.528333" lon="35.007234">
        <ele>400.9</ele>
        <time>2026-03-31T06:43:47.000Z</time>
        <extensions>
          <gpxtpx:TrackPointExtension>
            <gpxtpx:hr>145</gpxtpx:hr>
            <gpxtpx:cad>79</gpxtpx:cad>
            <gpxtpx:atemp>302.15</gpxtpx:atemp>
          </gpxtpx:TrackPointExtension>
        </extensions>
      </trkpt>
      <trkpt lat="30.528396" lon="35.007241">
        <ele>401.0</ele>
        <time>2026-03-31T06:43:50.000Z</time>
        <extensions>
          <gpxtpx:TrackPointExtension>
            <gpxtpx:hr>145</gpxtpx:hr>
            <gpxtpx:cad>77</gpxtpx:cad>
            <gpxtpx:atemp>302.15</gpxtpx:atemp>
          </gpxtpx:TrackPointExtension>
        </extensions>
      </trkpt>
      <trkpt lat="30.528440" lon="35.007230">
        <ele>400.7</ele>
        <time>2026-03-31T06:43:52.000Z</time>
        <extensions>
          <gpxtpx:TrackPointExtension>
            <gpxtpx:hr>145</gpxtpx:hr>
            <gpxtpx:cad>76</gpxtpx:cad>
            <gpxtpx:atemp>302.15</gpxtpx:atemp>
          </gpxtpx:TrackPointExtension>
        </extensions>
      </trkpt>
      <trkpt lat="30.528540" lon="35.007178">
        <ele>399.7</ele>
        <time>2026-03-31T06:43:57.000Z</time>
        <extensions>
          <gpxtpx:TrackPointExtension>
            <gpxtpx:hr>145</gpxtpx:hr>
            <gpxtpx:cad>0</gpxtpx:cad>
            <gpxtpx:atemp>302.15</gpxtpx:atemp>
          </gpxtpx:TrackPointExtension>
        </extensions>
      </trkpt>
      <trkpt lat="30.528591" lon="35.007175">
        <ele>399.6</ele>
        <time>2026-03-31T06:44:00.000Z</time>
        <extensions>
          <gpxtpx:TrackPointExtension>
            <gpxtpx:hr>145</gpxtpx:hr>
            <gpxtpx:cad>0</gpxtpx:cad>
            <gpxtpx:atemp>302.15</gpxtpx:atemp>
          </gpxtpx:TrackPointExtension>
        </extensions>
      </trkpt>
      <trkpt lat="30.528648" lon="35.007225">
        <ele>400.5</ele>
        <time>2026-03-31T06:44:04.000Z</time>
        <extensions>
          <gpxtpx:TrackPointExtension>
            <gpxtpx:hr>146</gpxtpx:hr>
            <gpxtpx:cad>0</gpxtpx:cad>
            <gpxtpx:atemp>302.15</gpxtpx:atemp>
          </gpxtpx:TrackPointExtension>
        </extensions>
      </trkpt>
      <trkpt lat="30.528737" lon="35.007248">
        <ele>401.0</ele>
        <time>2026-03-31T06:44:13.000Z</time>
        <extensions>
          <gpxtpx:TrackPointExtension>
            <gpxtpx:hr>144</gpxtpx:hr>
            <gpxtpx:cad>77</gpxtpx:cad>
            <gpxtpx:atemp>302.15</gpxtpx:atemp>
          </gpxtpx:TrackPointExtension>
        </extensions>
      </trkpt>
      <trkpt lat="30.528907" lon="35.007222">
        <ele>400.5</ele>
        <time>2026-03-31T06:44:22.000Z</time>
        <extensions>
          <gpxtpx:TrackPointExtension>
            <gpxtpx:hr>143</gpxtpx:hr>
            <gpxtpx:cad>80</gpxtpx:cad>
            <gpxtpx:atemp>302.15</gpxtpx:atemp>
          </gpxtpx:TrackPointExtension>
        </extensions>
      </trkpt>
      <trkpt lat="30.528969" lon="35.007195">
        <ele>400.0</ele>
        <time>2026-03-31T06:44:25.000Z</time>
        <extensions>
          <gpxtpx:TrackPointExtension>
            <gpxtpx:hr>143</gpxtpx:hr>
            <gpxtpx:cad>80</gpxtpx:cad>
            <gpxtpx:atemp>302.15</gpxtpx:atemp>
          </gpxtpx:TrackPointExtension>
        </extensions>
      </trkpt>
      <trkpt lat="30.529177" lon="35.007146">
        <ele>399.5</ele>
        <time>2026-03-31T06:44:34.000Z</time>
        <extensions>
          <gpxtpx:TrackPointExtension>
            <gpxtpx:hr>142</gpxtpx:hr>
            <gpxtpx:cad>77</gpxtpx:cad>
            <gpxtpx:atemp>302.15</gpxtpx:atemp>
          </gpxtpx:TrackPointExtension>
        </extensions>
      </trkpt>
      <trkpt lat="30.529337" lon="35.007126">
        <ele>399.7</ele>
        <time>2026-03-31T06:44:41.000Z</time>
        <extensions>
          <gpxtpx:TrackPointExtension>
            <gpxtpx:hr>142</gpxtpx:hr>
            <gpxtpx:cad>77</gpxtpx:cad>
            <gpxtpx:atemp>302.15</gpxtpx:atemp>
          </gpxtpx:TrackPointExtension>
        </extensions>
      </trkpt>
      <trkpt lat="30.529379" lon="35.007127">
        <ele>399.9</ele>
        <time>2026-03-31T06:44:43.000Z</time>
        <extensions>
          <gpxtpx:TrackPointExtension>
            <gpxtpx:hr>141</gpxtpx:hr>
            <gpxtpx:cad>79</gpxtpx:cad>
            <gpxtpx:atemp>302.15</gpxtpx:atemp>
          </gpxtpx:TrackPointExtension>
        </extensions>
      </trkpt>
      <trkpt lat="30.529533" lon="35.007083">
        <ele>399.8</ele>
        <time>2026-03-31T06:44:51.000Z</time>
        <extensions>
          <gpxtpx:TrackPointExtension>
            <gpxtpx:hr>141</gpxtpx:hr>
            <gpxtpx:cad>72</gpxtpx:cad>
            <gpxtpx:atemp>302.15</gpxtpx:atemp>
          </gpxtpx:TrackPointExtension>
        </extensions>
      </trkpt>
      <trkpt lat="30.529609" lon="35.007140">
        <ele>400.9</ele>
        <time>2026-03-31T06:44:57.000Z</time>
        <extensions>
          <gpxtpx:TrackPointExtension>
            <gpxtpx:hr>140</gpxtpx:hr>
            <gpxtpx:cad>0</gpxtpx:cad>
            <gpxtpx:atemp>302.15</gpxtpx:atemp>
          </gpxtpx:TrackPointExtension>
        </extensions>
      </trkpt>
      <trkpt lat="30.529724" lon="35.007171">
        <ele>401.6</ele>
        <time>2026-03-31T06:45:04.000Z</time>
        <extensions>
          <gpxtpx:TrackPointExtension>
            <gpxtpx:hr>140</gpxtpx:hr>
            <gpxtpx:cad>57</gpxtpx:cad>
            <gpxtpx:atemp>302.15</gpxtpx:atemp>
          </gpxtpx:TrackPointExtension>
        </extensions>
      </trkpt>
      <trkpt lat="30.529787" lon="35.007173">
        <ele>401.8</ele>
        <time>2026-03-31T06:45:10.000Z</time>
        <extensions>
          <gpxtpx:TrackPointExtension>
            <gpxtpx:hr>141</gpxtpx:hr>
            <gpxtpx:cad>61</gpxtpx:cad>
            <gpxtpx:atemp>302.15</gpxtpx:atemp>
          </gpxtpx:TrackPointExtension>
        </extensions>
      </trkpt>
      <trkpt lat="30.529837" lon="35.007151">
        <ele>401.7</ele>
        <time>2026-03-31T06:45:14.000Z</time>
        <extensions>
          <gpxtpx:TrackPointExtension>
            <gpxtpx:hr>141</gpxtpx:hr>
            <gpxtpx:cad>66</gpxtpx:cad>
            <gpxtpx:atemp>302.15</gpxtpx:atemp>
          </gpxtpx:TrackPointExtension>
        </extensions>
      </trkpt>
      <trkpt lat="30.530029" lon="35.007123">
        <ele>401.4</ele>
        <time>2026-03-31T06:45:26.000Z</time>
        <extensions>
          <gpxtpx:TrackPointExtension>
            <gpxtpx:hr>139</gpxtpx:hr>
            <gpxtpx:cad>77</gpxtpx:cad>
            <gpxtpx:atemp>301.15</gpxtpx:atemp>
          </gpxtpx:TrackPointExtension>
        </extensions>
      </trkpt>
      <trkpt lat="30.530219" lon="35.007155">
        <ele>402.1</ele>
        <time>2026-03-31T06:45:36.000Z</time>
        <extensions>
          <gpxtpx:TrackPointExtension>
            <gpxtpx:hr>137</gpxtpx:hr>
            <gpxtpx:cad>78</gpxtpx:cad>
            <gpxtpx:atemp>301.15</gpxtpx:atemp>
          </gpxtpx:TrackPointExtension>
        </extensions>
      </trkpt>
      <trkpt lat="30.530235" lon="35.007155">
        <ele>402.1</ele>
        <time>2026-03-31T06:45:37.000Z</time>
        <extensions>
          <gpxtpx:TrackPointExtension>
            <gpxtpx:hr>137</gpxtpx:hr>
            <gpxtpx:cad>78</gpxtpx:cad>
            <gpxtpx:atemp>301.15</gpxtpx:atemp>
          </gpxtpx:TrackPointExtension>
        </extensions>
      </trkpt>
      <trkpt lat="30.530312" lon="35.007186">
        <ele>402.7</ele>
        <time>2026-03-31T06:45:41.000Z</time>
        <extensions>
          <gpxtpx:TrackPointExtension>
            <gpxtpx:hr>136</gpxtpx:hr>
            <gpxtpx:cad>76</gpxtpx:cad>
            <gpxtpx:atemp>301.15</gpxtpx:atemp>
          </gpxtpx:TrackPointExtension>
        </extensions>
      </trkpt>
      <trkpt lat="30.530418" lon="35.007190">
        <ele>403.2</ele>
        <time>2026-03-31T06:45:46.000Z</time>
        <extensions>
          <gpxtpx:TrackPointExtension>
            <gpxtpx:hr>137</gpxtpx:hr>
            <gpxtpx:cad>55</gpxtpx:cad>
            <gpxtpx:atemp>301.15</gpxtpx:atemp>
          </gpxtpx:TrackPointExtension>
        </extensions>
      </trkpt>
      <trkpt lat="30.530553" lon="35.007143">
        <ele>403.1</ele>
        <time>2026-03-31T06:45:56.000Z</time>
        <extensions>
          <gpxtpx:TrackPointExtension>
            <gpxtpx:hr>139</gpxtpx:hr>
            <gpxtpx:cad>0</gpxtpx:cad>
            <gpxtpx:atemp>301.15</gpxtpx:atemp>
          </gpxtpx:TrackPointExtension>
        </extensions>
      </trkpt>
      <trkpt lat="30.530602" lon="35.007150">
        <ele>403.4</ele>
        <time>2026-03-31T06:46:00.000Z</time>
        <extensions>
          <gpxtpx:TrackPointExtension>
            <gpxtpx:hr>138</gpxtpx:hr>
            <gpxtpx:cad>69</gpxtpx:cad>
            <gpxtpx:atemp>301.15</gpxtpx:atemp>
          </gpxtpx:TrackPointExtension>
        </extensions>
      </trkpt>
      <trkpt lat="30.530737" lon="35.007149">
        <ele>404.0</ele>
        <time>2026-03-31T06:46:09.000Z</time>
        <extensions>
          <gpxtpx:TrackPointExtension>
            <gpxtpx:hr>140</gpxtpx:hr>
            <gpxtpx:cad>78</gpxtpx:cad>
            <gpxtpx:atemp>301.15</gpxtpx:atemp>
          </gpxtpx:TrackPointExtension>
        </extensions>
      </trkpt>
      <trkpt lat="30.530814" lon="35.007112">
        <ele>404.2</ele>
        <time>2026-03-31T06:46:14.000Z</time>
        <extensions>
          <gpxtpx:TrackPointExtension>
            <gpxtpx:hr>140</gpxtpx:hr>
            <gpxtpx:cad>78</gpxtpx:cad>
            <gpxtpx:atemp>301.15</gpxtpx:atemp>
          </gpxtpx:TrackPointExtension>
        </extensions>
      </trkpt>
      <trkpt lat="30.530872" lon="35.007097">
        <ele>404.4</ele>
        <time>2026-03-31T06:46:17.000Z</time>
        <extensions>
          <gpxtpx:TrackPointExtension>
            <gpxtpx:hr>139</gpxtpx:hr>
            <gpxtpx:cad>79</gpxtpx:cad>
            <gpxtpx:atemp>301.15</gpxtpx:atemp>
          </gpxtpx:TrackPointExtension>
        </extensions>
      </trkpt>
      <trkpt lat="30.530966" lon="35.007040">
        <ele>405.0</ele>
        <time>2026-03-31T06:46:22.000Z</time>
        <extensions>
          <gpxtpx:TrackPointExtension>
            <gpxtpx:hr>139</gpxtpx:hr>
            <gpxtpx:cad>80</gpxtpx:cad>
            <gpxtpx:atemp>301.15</gpxtpx:atemp>
          </gpxtpx:TrackPointExtension>
        </extensions>
      </trkpt>
      <trkpt lat="30.531077" lon="35.007007">
        <ele>405.7</ele>
        <time>2026-03-31T06:46:27.000Z</time>
        <extensions>
          <gpxtpx:TrackPointExtension>
            <gpxtpx:hr>142</gpxtpx:hr>
            <gpxtpx:cad>80</gpxtpx:cad>
            <gpxtpx:atemp>301.15</gpxtpx:atemp>
          </gpxtpx:TrackPointExtension>
        </extensions>
      </trkpt>
      <trkpt lat="30.531325" lon="35.006945">
        <ele>406.9</ele>
        <time>2026-03-31T06:46:38.000Z</time>
        <extensions>
          <gpxtpx:TrackPointExtension>
            <gpxtpx:hr>139</gpxtpx:hr>
            <gpxtpx:cad>81</gpxtpx:cad>
            <gpxtpx:atemp>302.15</gpxtpx:atemp>
          </gpxtpx:TrackPointExtension>
        </extensions>
      </trkpt>
      <trkpt lat="30.531445" lon="35.006927">
        <ele>407.4</ele>
        <time>2026-03-31T06:46:43.000Z</time>
        <extensions>
          <gpxtpx:TrackPointExtension>
            <gpxtpx:hr>138</gpxtpx:hr>
            <gpxtpx:cad>81</gpxtpx:cad>
            <gpxtpx:atemp>302.15</gpxtpx:atemp>
          </gpxtpx:TrackPointExtension>
        </extensions>
      </trkpt>
      <trkpt lat="30.531554" lon="35.006885">
        <ele>407.7</ele>
        <time>2026-03-31T06:46:48.000Z</time>
        <extensions>
          <gpxtpx:TrackPointExtension>
            <gpxtpx:hr>139</gpxtpx:hr>
            <gpxtpx:cad>80</gpxtpx:cad>
            <gpxtpx:atemp>302.15</gpxtpx:atemp>
          </gpxtpx:TrackPointExtension>
        </extensions>
      </trkpt>
      <trkpt lat="30.531719" lon="35.006832">
        <ele>407.9</ele>
        <time>2026-03-31T06:46:55.000Z</time>
        <extensions>
          <gpxtpx:TrackPointExtension>
            <gpxtpx:hr>137</gpxtpx:hr>
            <gpxtpx:cad>78</gpxtpx:cad>
            <gpxtpx:atemp>303.15</gpxtpx:atemp>
          </gpxtpx:TrackPointExtension>
        </extensions>
      </trkpt>
      <trkpt lat="30.531827" lon="35.006777">
        <ele>408.0</ele>
        <time>2026-03-31T06:47:00.000Z</time>
        <extensions>
          <gpxtpx:TrackPointExtension>
            <gpxtpx:hr>137</gpxtpx:hr>
            <gpxtpx:cad>76</gpxtpx:cad>
            <gpxtpx:atemp>303.15</gpxtpx:atemp>
          </gpxtpx:TrackPointExtension>
        </extensions>
      </trkpt>
      <trkpt lat="30.531891" lon="35.006760">
        <ele>408.1</ele>
        <time>2026-03-31T06:47:03.000Z</time>
        <extensions>
          <gpxtpx:TrackPointExtension>
            <gpxtpx:hr>139</gpxtpx:hr>
            <gpxtpx:cad>77</gpxtpx:cad>
            <gpxtpx:atemp>303.15</gpxtpx:atemp>
          </gpxtpx:TrackPointExtension>
        </extensions>
      </trkpt>
      <trkpt lat="30.532014" lon="35.006765">
        <ele>408.6</ele>
        <time>2026-03-31T06:47:10.000Z</time>
        <extensions>
          <gpxtpx:TrackPointExtension>
            <gpxtpx:hr>138</gpxtpx:hr>
            <gpxtpx:cad>0</gpxtpx:cad>
            <gpxtpx:atemp>303.15</gpxtpx:atemp>
          </gpxtpx:TrackPointExtension>
        </extensions>
      </trkpt>
      <trkpt lat="30.532109" lon="35.006737">
        <ele>408.9</ele>
        <time>2026-03-31T06:47:17.000Z</time>
        <extensions>
          <gpxtpx:TrackPointExtension>
            <gpxtpx:hr>139</gpxtpx:hr>
            <gpxtpx:cad>0</gpxtpx:cad>
            <gpxtpx:atemp>303.15</gpxtpx:atemp>
          </gpxtpx:TrackPointExtension>
        </extensions>
      </trkpt>
      <trkpt lat="30.532164" lon="35.006665">
        <ele>408.9</ele>
        <time>2026-03-31T06:47:39.000Z</time>
        <extensions>
          <gpxtpx:TrackPointExtension>
            <gpxtpx:hr>143</gpxtpx:hr>
            <gpxtpx:cad>78</gpxtpx:cad>
            <gpxtpx:atemp>302.15</gpxtpx:atemp>
          </gpxtpx:TrackPointExtension>
        </extensions>
      </trkpt>
      <trkpt lat="30.532175" lon="35.006620">
        <ele>408.8</ele>
        <time>2026-03-31T06:47:41.000Z</time>
        <extensions>
          <gpxtpx:TrackPointExtension>
            <gpxtpx:hr>143</gpxtpx:hr>
            <gpxtpx:cad>77</gpxtpx:cad>
            <gpxtpx:atemp>302.15</gpxtpx:atemp>
          </gpxtpx:TrackPointExtension>
        </extensions>
      </trkpt>
      <trkpt lat="30.532169" lon="35.006418">
        <ele>408.3</ele>
        <time>2026-03-31T06:47:49.000Z</time>
        <extensions>
          <gpxtpx:TrackPointExtension>
            <gpxtpx:hr>143</gpxtpx:hr>
            <gpxtpx:cad>77</gpxtpx:cad>
            <gpxtpx:atemp>302.15</gpxtpx:atemp>
          </gpxtpx:TrackPointExtension>
        </extensions>
      </trkpt>
      <trkpt lat="30.532175" lon="35.006379">
        <ele>408.3</ele>
        <time>2026-03-31T06:47:51.000Z</time>
        <extensions>
          <gpxtpx:TrackPointExtension>
            <gpxtpx:hr>144</gpxtpx:hr>
            <gpxtpx:cad>77</gpxtpx:cad>
            <gpxtpx:atemp>302.15</gpxtpx:atemp>
          </gpxtpx:TrackPointExtension>
        </extensions>
      </trkpt>
      <trkpt lat="30.532202" lon="35.006293">
        <ele>408.4</ele>
        <time>2026-03-31T06:47:55.000Z</time>
        <extensions>
          <gpxtpx:TrackPointExtension>
            <gpxtpx:hr>144</gpxtpx:hr>
            <gpxtpx:cad>78</gpxtpx:cad>
            <gpxtpx:atemp>302.15</gpxtpx:atemp>
          </gpxtpx:TrackPointExtension>
        </extensions>
      </trkpt>
      <trkpt lat="30.532218" lon="35.006166">
        <ele>408.9</ele>
        <time>2026-03-31T06:48:01.000Z</time>
        <extensions>
          <gpxtpx:TrackPointExtension>
            <gpxtpx:hr>144</gpxtpx:hr>
            <gpxtpx:cad>77</gpxtpx:cad>
            <gpxtpx:atemp>302.15</gpxtpx:atemp>
          </gpxtpx:TrackPointExtension>
        </extensions>
      </trkpt>
      <trkpt lat="30.532275" lon="35.005977">
        <ele>410.4</ele>
        <time>2026-03-31T06:48:09.000Z</time>
        <extensions>
          <gpxtpx:TrackPointExtension>
            <gpxtpx:hr>144</gpxtpx:hr>
            <gpxtpx:cad>78</gpxtpx:cad>
            <gpxtpx:atemp>302.15</gpxtpx:atemp>
          </gpxtpx:TrackPointExtension>
        </extensions>
      </trkpt>
      <trkpt lat="30.532275" lon="35.005791">
        <ele>411.7</ele>
        <time>2026-03-31T06:48:17.000Z</time>
        <extensions>
          <gpxtpx:TrackPointExtension>
            <gpxtpx:hr>144</gpxtpx:hr>
            <gpxtpx:cad>77</gpxtpx:cad>
            <gpxtpx:atemp>302.15</gpxtpx:atemp>
          </gpxtpx:TrackPointExtension>
        </extensions>
      </trkpt>
      <trkpt lat="30.532280" lon="35.005669">
        <ele>412.7</ele>
        <time>2026-03-31T06:48:22.000Z</time>
        <extensions>
          <gpxtpx:TrackPointExtension>
            <gpxtpx:hr>144</gpxtpx:hr>
            <gpxtpx:cad>75</gpxtpx:cad>
            <gpxtpx:atemp>302.15</gpxtpx:atemp>
          </gpxtpx:TrackPointExtension>
        </extensions>
      </trkpt>
      <trkpt lat="30.532274" lon="35.005612">
        <ele>413.3</ele>
        <time>2026-03-31T06:48:25.000Z</time>
        <extensions>
          <gpxtpx:TrackPointExtension>
            <gpxtpx:hr>143</gpxtpx:hr>
            <gpxtpx:cad>76</gpxtpx:cad>
            <gpxtpx:atemp>302.15</gpxtpx:atemp>
          </gpxtpx:TrackPointExtension>
        </extensions>
      </trkpt>
      <trkpt lat="30.532302" lon="35.005526">
        <ele>414.4</ele>
        <time>2026-03-31T06:48:30.000Z</time>
        <extensions>
          <gpxtpx:TrackPointExtension>
            <gpxtpx:hr>142</gpxtpx:hr>
            <gpxtpx:cad>75</gpxtpx:cad>
            <gpxtpx:atemp>302.15</gpxtpx:atemp>
          </gpxtpx:TrackPointExtension>
        </extensions>
      </trkpt>
      <trkpt lat="30.532315" lon="35.005447">
        <ele>415.3</ele>
        <time>2026-03-31T06:48:34.000Z</time>
        <extensions>
          <gpxtpx:TrackPointExtension>
            <gpxtpx:hr>141</gpxtpx:hr>
            <gpxtpx:cad>76</gpxtpx:cad>
            <gpxtpx:atemp>302.15</gpxtpx:atemp>
          </gpxtpx:TrackPointExtension>
        </extensions>
      </trkpt>
      <trkpt lat="30.532281" lon="35.005299">
        <ele>416.3</ele>
        <time>2026-03-31T06:48:41.000Z</time>
        <extensions>
          <gpxtpx:TrackPointExtension>
            <gpxtpx:hr>142</gpxtpx:hr>
            <gpxtpx:cad>0</gpxtpx:cad>
            <gpxtpx:atemp>302.15</gpxtpx:atemp>
          </gpxtpx:TrackPointExtension>
        </extensions>
      </trkpt>
      <trkpt lat="30.532276" lon="35.005247">
        <ele>416.6</ele>
        <time>2026-03-31T06:48:44.000Z</time>
        <extensions>
          <gpxtpx:TrackPointExtension>
            <gpxtpx:hr>142</gpxtpx:hr>
            <gpxtpx:cad>73</gpxtpx:cad>
            <gpxtpx:atemp>302.15</gpxtpx:atemp>
          </gpxtpx:TrackPointExtension>
        </extensions>
      </trkpt>
      <trkpt lat="30.532286" lon="35.005155">
        <ele>417.3</ele>
        <time>2026-03-31T06:48:49.000Z</time>
        <extensions>
          <gpxtpx:TrackPointExtension>
            <gpxtpx:hr>143</gpxtpx:hr>
            <gpxtpx:cad>73</gpxtpx:cad>
            <gpxtpx:atemp>302.15</gpxtpx:atemp>
          </gpxtpx:TrackPointExtension>
        </extensions>
      </trkpt>
      <trkpt lat="30.532281" lon="35.005046">
        <ele>417.8</ele>
        <time>2026-03-31T06:48:55.000Z</time>
        <extensions>
          <gpxtpx:TrackPointExtension>
            <gpxtpx:hr>142</gpxtpx:hr>
            <gpxtpx:cad>70</gpxtpx:cad>
            <gpxtpx:atemp>302.15</gpxtpx:atemp>
          </gpxtpx:TrackPointExtension>
        </extensions>
      </trkpt>
      <trkpt lat="30.532264" lon="35.004865">
        <ele>418.3</ele>
        <time>2026-03-31T06:49:05.000Z</time>
        <extensions>
          <gpxtpx:TrackPointExtension>
            <gpxtpx:hr>143</gpxtpx:hr>
            <gpxtpx:cad>78</gpxtpx:cad>
            <gpxtpx:atemp>302.15</gpxtpx:atemp>
          </gpxtpx:TrackPointExtension>
        </extensions>
      </trkpt>
      <trkpt lat="30.532264" lon="35.004823">
        <ele>418.3</ele>
        <time>2026-03-31T06:49:07.000Z</time>
        <extensions>
          <gpxtpx:TrackPointExtension>
            <gpxtpx:hr>143</gpxtpx:hr>
            <gpxtpx:cad>78</gpxtpx:cad>
            <gpxtpx:atemp>302.15</gpxtpx:atemp>
          </gpxtpx:TrackPointExtension>
        </extensions>
      </trkpt>
      <trkpt lat="30.532238" lon="35.004622">
        <ele>418.5</ele>
        <time>2026-03-31T06:49:17.000Z</time>
        <extensions>
          <gpxtpx:TrackPointExtension>
            <gpxtpx:hr>144</gpxtpx:hr>
            <gpxtpx:cad>75</gpxtpx:cad>
            <gpxtpx:atemp>302.15</gpxtpx:atemp>
          </gpxtpx:TrackPointExtension>
        </extensions>
      </trkpt>
      <trkpt lat="30.532253" lon="35.004548">
        <ele>418.9</ele>
        <time>2026-03-31T06:49:21.000Z</time>
        <extensions>
          <gpxtpx:TrackPointExtension>
            <gpxtpx:hr>140</gpxtpx:hr>
            <gpxtpx:cad>0</gpxtpx:cad>
            <gpxtpx:atemp>302.15</gpxtpx:atemp>
          </gpxtpx:TrackPointExtension>
        </extensions>
      </trkpt>
      <trkpt lat="30.532278" lon="35.004497">
        <ele>419.3</ele>
        <time>2026-03-31T06:49:24.000Z</time>
        <extensions>
          <gpxtpx:TrackPointExtension>
            <gpxtpx:hr>139</gpxtpx:hr>
            <gpxtpx:cad>77</gpxtpx:cad>
            <gpxtpx:atemp>302.15</gpxtpx:atemp>
          </gpxtpx:TrackPointExtension>
        </extensions>
      </trkpt>
      <trkpt lat="30.532305" lon="35.004349">
        <ele>420.5</ele>
        <time>2026-03-31T06:49:30.000Z</time>
        <extensions>
          <gpxtpx:TrackPointExtension>
            <gpxtpx:hr>139</gpxtpx:hr>
            <gpxtpx:cad>80</gpxtpx:cad>
            <gpxtpx:atemp>302.15</gpxtpx:atemp>
          </gpxtpx:TrackPointExtension>
        </extensions>
      </trkpt>
      <trkpt lat="30.532303" lon="35.004193">
        <ele>421.6</ele>
        <time>2026-03-31T06:49:36.000Z</time>
        <extensions>
          <gpxtpx:TrackPointExtension>
            <gpxtpx:hr>139</gpxtpx:hr>
            <gpxtpx:cad>77</gpxtpx:cad>
            <gpxtpx:atemp>303.15</gpxtpx:atemp>
          </gpxtpx:TrackPointExtension>
        </extensions>
      </trkpt>
      <trkpt lat="30.532299" lon="35.004176">
        <ele>421.7</ele>
        <time>2026-03-31T06:49:37.000Z</time>
        <extensions>
          <gpxtpx:TrackPointExtension>
            <gpxtpx:hr>139</gpxtpx:hr>
            <gpxtpx:cad>77</gpxtpx:cad>
            <gpxtpx:atemp>303.15</gpxtpx:atemp>
          </gpxtpx:TrackPointExtension>
        </extensions>
      </trkpt>
      <trkpt lat="30.532290" lon="35.004054">
        <ele>422.6</ele>
        <time>2026-03-31T06:49:42.000Z</time>
        <extensions>
          <gpxtpx:TrackPointExtension>
            <gpxtpx:hr>138</gpxtpx:hr>
            <gpxtpx:cad>77</gpxtpx:cad>
            <gpxtpx:atemp>303.15</gpxtpx:atemp>
          </gpxtpx:TrackPointExtension>
        </extensions>
      </trkpt>
      <trkpt lat="30.532284" lon="35.004036">
        <ele>422.7</ele>
        <time>2026-03-31T06:49:43.000Z</time>
        <extensions>
          <gpxtpx:TrackPointExtension>
            <gpxtpx:hr>137</gpxtpx:hr>
            <gpxtpx:cad>0</gpxtpx:cad>
            <gpxtpx:atemp>303.15</gpxtpx:atemp>
          </gpxtpx:TrackPointExtension>
        </extensions>
      </trkpt>
      <trkpt lat="30.532244" lon="35.003836">
        <ele>424.3</ele>
        <time>2026-03-31T06:49:52.000Z</time>
        <extensions>
          <gpxtpx:TrackPointExtension>
            <gpxtpx:hr>138</gpxtpx:hr>
            <gpxtpx:cad>0</gpxtpx:cad>
            <gpxtpx:atemp>303.15</gpxtpx:atemp>
          </gpxtpx:TrackPointExtension>
        </extensions>
      </trkpt>
      <trkpt lat="30.532234" lon="35.003730">
        <ele>425.2</ele>
        <time>2026-03-31T06:50:00.000Z</time>
        <extensions>
          <gpxtpx:TrackPointExtension>
            <gpxtpx:hr>136</gpxtpx:hr>
            <gpxtpx:cad>79</gpxtpx:cad>
            <gpxtpx:atemp>303.15</gpxtpx:atemp>
          </gpxtpx:TrackPointExtension>
        </extensions>
      </trkpt>
      <trkpt lat="30.532235" lon="35.003560">
        <ele>426.7</ele>
        <time>2026-03-31T06:50:07.000Z</time>
        <extensions>
          <gpxtpx:TrackPointExtension>
            <gpxtpx:hr>133</gpxtpx:hr>
            <gpxtpx:cad>75</gpxtpx:cad>
            <gpxtpx:atemp>303.15</gpxtpx:atemp>
          </gpxtpx:TrackPointExtension>
        </extensions>
      </trkpt>
      <trkpt lat="30.532226" lon="35.003529">
        <ele>427.0</ele>
        <time>2026-03-31T06:50:08.000Z</time>
        <extensions>
          <gpxtpx:TrackPointExtension>
            <gpxtpx:hr>133</gpxtpx:hr>
            <gpxtpx:cad>75</gpxtpx:cad>
            <gpxtpx:atemp>303.15</gpxtpx:atemp>
          </gpxtpx:TrackPointExtension>
        </extensions>
      </trkpt>
      <trkpt lat="30.532242" lon="35.003349">
        <ele>428.6</ele>
        <time>2026-03-31T06:50:16.000Z</time>
        <extensions>
          <gpxtpx:TrackPointExtension>
            <gpxtpx:hr>131</gpxtpx:hr>
            <gpxtpx:cad>71</gpxtpx:cad>
            <gpxtpx:atemp>303.15</gpxtpx:atemp>
          </gpxtpx:TrackPointExtension>
        </extensions>
      </trkpt>
      <trkpt lat="30.532230" lon="35.003294">
        <ele>429.1</ele>
        <time>2026-03-31T06:50:19.000Z</time>
        <extensions>
          <gpxtpx:TrackPointExtension>
            <gpxtpx:hr>130</gpxtpx:hr>
            <gpxtpx:cad>70</gpxtpx:cad>
            <gpxtpx:atemp>304.15</gpxtpx:atemp>
          </gpxtpx:TrackPointExtension>
        </extensions>
      </trkpt>
      <trkpt lat="30.532243" lon="35.003110">
        <ele>430.5</ele>
        <time>2026-03-31T06:50:29.000Z</time>
        <extensions>
          <gpxtpx:TrackPointExtension>
            <gpxtpx:hr>128</gpxtpx:hr>
            <gpxtpx:cad>115</gpxtpx:cad>
            <gpxtpx:atemp>304.15</gpxtpx:atemp>
          </gpxtpx:TrackPointExtension>
        </extensions>
      </trkpt>
      <trkpt lat="30.532230" lon="35.003026">
        <ele>430.9</ele>
        <time>2026-03-31T06:50:34.000Z</time>
        <extensions>
          <gpxtpx:TrackPointExtension>
            <gpxtpx:hr>126</gpxtpx:hr>
            <gpxtpx:cad>69</gpxtpx:cad>
            <gpxtpx:atemp>304.15</gpxtpx:atemp>
          </gpxtpx:TrackPointExtension>
        </extensions>
      </trkpt>
      <trkpt lat="30.532246" lon="35.002939">
        <ele>431.5</ele>
        <time>2026-03-31T06:50:39.000Z</time>
        <extensions>
          <gpxtpx:TrackPointExtension>
            <gpxtpx:hr>125</gpxtpx:hr>
            <gpxtpx:cad>69</gpxtpx:cad>
            <gpxtpx:atemp>304.15</gpxtpx:atemp>
          </gpxtpx:TrackPointExtension>
        </extensions>
      </trkpt>
      <trkpt lat="30.532250" lon="35.002770">
        <ele>431.9</ele>
        <time>2026-03-31T06:50:49.000Z</time>
        <extensions>
          <gpxtpx:TrackPointExtension>
            <gpxtpx:hr>130</gpxtpx:hr>
            <gpxtpx:cad>0</gpxtpx:cad>
            <gpxtpx:atemp>304.15</gpxtpx:atemp>
          </gpxtpx:TrackPointExtension>
        </extensions>
      </trkpt>
      <trkpt lat="30.532207" lon="35.002612">
        <ele>431.9</ele>
        <time>2026-03-31T06:51:07.000Z</time>
        <extensions>
          <gpxtpx:TrackPointExtension>
            <gpxtpx:hr>128</gpxtpx:hr>
            <gpxtpx:cad>0</gpxtpx:cad>
            <gpxtpx:atemp>304.15</gpxtpx:atemp>
          </gpxtpx:TrackPointExtension>
        </extensions>
      </trkpt>
      <trkpt lat="30.532188" lon="35.002524">
        <ele>431.8</ele>
        <time>2026-03-31T06:51:14.000Z</time>
        <extensions>
          <gpxtpx:TrackPointExtension>
            <gpxtpx:hr>126</gpxtpx:hr>
            <gpxtpx:cad>58</gpxtpx:cad>
            <gpxtpx:atemp>303.15</gpxtpx:atemp>
          </gpxtpx:TrackPointExtension>
        </extensions>
      </trkpt>
      <trkpt lat="30.532188" lon="35.002496">
        <ele>431.8</ele>
        <time>2026-03-31T06:51:16.000Z</time>
        <extensions>
          <gpxtpx:TrackPointExtension>
            <gpxtpx:hr>125</gpxtpx:hr>
            <gpxtpx:cad>57</gpxtpx:cad>
            <gpxtpx:atemp>303.15</gpxtpx:atemp>
          </gpxtpx:TrackPointExtension>
        </extensions>
      </trkpt>
      <trkpt lat="30.532177" lon="35.002293">
        <ele>431.3</ele>
        <time>2026-03-31T06:51:31.000Z</time>
        <extensions>
          <gpxtpx:TrackPointExtension>
            <gpxtpx:hr>125</gpxtpx:hr>
            <gpxtpx:cad>57</gpxtpx:cad>
            <gpxtpx:atemp>303.15</gpxtpx:atemp>
          </gpxtpx:TrackPointExtension>
        </extensions>
      </trkpt>
      <trkpt lat="30.532146" lon="35.002199">
        <ele>430.4</ele>
        <time>2026-03-31T06:51:38.000Z</time>
        <extensions>
          <gpxtpx:TrackPointExtension>
            <gpxtpx:hr>124</gpxtpx:hr>
            <gpxtpx:cad>73</gpxtpx:cad>
            <gpxtpx:atemp>303.15</gpxtpx:atemp>
          </gpxtpx:TrackPointExtension>
        </extensions>
      </trkpt>
      <trkpt lat="30.532136" lon="35.002102">
        <ele>429.7</ele>
        <time>2026-03-31T06:51:44.000Z</time>
        <extensions>
          <gpxtpx:TrackPointExtension>
            <gpxtpx:hr>115</gpxtpx:hr>
            <gpxtpx:cad>67</gpxtpx:cad>
            <gpxtpx:atemp>304.15</gpxtpx:atemp>
          </gpxtpx:TrackPointExtension>
        </extensions>
      </trkpt>
      <trkpt lat="30.532142" lon="35.002013">
        <ele>429.4</ele>
        <time>2026-03-31T06:51:49.000Z</time>
        <extensions>
          <gpxtpx:TrackPointExtension>
            <gpxtpx:hr>112</gpxtpx:hr>
            <gpxtpx:cad>72</gpxtpx:cad>
            <gpxtpx:atemp>304.15</gpxtpx:atemp>
          </gpxtpx:TrackPointExtension>
        </extensions>
      </trkpt>
      <trkpt lat="30.532164" lon="35.001928">
        <ele>429.5</ele>
        <time>2026-03-31T06:51:54.000Z</time>
        <extensions>
          <gpxtpx:TrackPointExtension>
            <gpxtpx:hr>110</gpxtpx:hr>
            <gpxtpx:cad>75</gpxtpx:cad>
            <gpxtpx:atemp>304.15</gpxtpx:atemp>
          </gpxtpx:TrackPointExtension>
        </extensions>
      </trkpt>
      <trkpt lat="30.532133" lon="35.001780">
        <ele>428.6</ele>
        <time>2026-03-31T06:52:01.000Z</time>
        <extensions>
          <gpxtpx:TrackPointExtension>
            <gpxtpx:hr>110</gpxtpx:hr>
            <gpxtpx:cad>52</gpxtpx:cad>
            <gpxtpx:atemp>304.15</gpxtpx:atemp>
          </gpxtpx:TrackPointExtension>
        </extensions>
      </trkpt>
      <trkpt lat="30.532143" lon="35.001693">
        <ele>428.5</ele>
        <time>2026-03-31T06:52:11.000Z</time>
        <extensions>
          <gpxtpx:TrackPointExtension>
            <gpxtpx:hr>108</gpxtpx:hr>
            <gpxtpx:cad>53</gpxtpx:cad>
            <gpxtpx:atemp>304.15</gpxtpx:atemp>
          </gpxtpx:TrackPointExtension>
        </extensions>
      </trkpt>
      <trkpt lat="30.532129" lon="35.001617">
        <ele>428.0</ele>
        <time>2026-03-31T06:52:17.000Z</time>
        <extensions>
          <gpxtpx:TrackPointExtension>
            <gpxtpx:hr>103</gpxtpx:hr>
            <gpxtpx:cad>0</gpxtpx:cad>
            <gpxtpx:atemp>304.15</gpxtpx:atemp>
          </gpxtpx:TrackPointExtension>
        </extensions>
      </trkpt>
      <trkpt lat="30.532142" lon="35.001577">
        <ele>428.0</ele>
        <time>2026-03-31T06:52:23.000Z</time>
        <extensions>
          <gpxtpx:TrackPointExtension>
            <gpxtpx:hr>103</gpxtpx:hr>
            <gpxtpx:cad>0</gpxtpx:cad>
            <gpxtpx:atemp>304.15</gpxtpx:atemp>
          </gpxtpx:TrackPointExtension>
        </extensions>
      </trkpt>
      <trkpt lat="30.532136" lon="35.001527">
        <ele>427.8</ele>
        <time>2026-03-31T06:52:27.000Z</time>
        <extensions>
          <gpxtpx:TrackPointExtension>
            <gpxtpx:hr>102</gpxtpx:hr>
            <gpxtpx:cad>52</gpxtpx:cad>
            <gpxtpx:atemp>304.15</gpxtpx:atemp>
          </gpxtpx:TrackPointExtension>
        </extensions>
      </trkpt>
      <trkpt lat="30.532148" lon="35.001429">
        <ele>427.9</ele>
        <time>2026-03-31T06:52:35.000Z</time>
        <extensions>
          <gpxtpx:TrackPointExtension>
            <gpxtpx:hr>102</gpxtpx:hr>
            <gpxtpx:cad>55</gpxtpx:cad>
            <gpxtpx:atemp>304.15</gpxtpx:atemp>
          </gpxtpx:TrackPointExtension>
        </extensions>
      </trkpt>
      <trkpt lat="30.532102" lon="35.001243">
        <ele>427.3</ele>
        <time>2026-03-31T06:52:49.000Z</time>
        <extensions>
          <gpxtpx:TrackPointExtension>
            <gpxtpx:hr>102</gpxtpx:hr>
            <gpxtpx:cad>50</gpxtpx:cad>
            <gpxtpx:atemp>304.15</gpxtpx:atemp>
          </gpxtpx:TrackPointExtension>
        </extensions>
      </trkpt>
      <trkpt lat="30.532089" lon="35.001213">
        <ele>427.1</ele>
        <time>2026-03-31T06:52:51.000Z</time>
        <extensions>
          <gpxtpx:TrackPointExtension>
            <gpxtpx:hr>101</gpxtpx:hr>
            <gpxtpx:cad>50</gpxtpx:cad>
            <gpxtpx:atemp>304.15</gpxtpx:atemp>
          </gpxtpx:TrackPointExtension>
        </extensions>
      </trkpt>
      <trkpt lat="30.532080" lon="35.001042">
        <ele>427.0</ele>
        <time>2026-03-31T06:53:05.000Z</time>
        <extensions>
          <gpxtpx:TrackPointExtension>
            <gpxtpx:hr>102</gpxtpx:hr>
            <gpxtpx:cad>55</gpxtpx:cad>
            <gpxtpx:atemp>304.15</gpxtpx:atemp>
          </gpxtpx:TrackPointExtension>
        </extensions>
      </trkpt>
      <trkpt lat="30.532050" lon="35.000959">
        <ele>427.0</ele>
        <time>2026-03-31T06:53:13.000Z</time>
        <extensions>
          <gpxtpx:TrackPointExtension>
            <gpxtpx:hr>102</gpxtpx:hr>
            <gpxtpx:cad>58</gpxtpx:cad>
            <gpxtpx:atemp>304.15</gpxtpx:atemp>
          </gpxtpx:TrackPointExtension>
        </extensions>
      </trkpt>
      <trkpt lat="30.532041" lon="35.000872">
        <ele>427.9</ele>
        <time>2026-03-31T06:53:21.000Z</time>
        <extensions>
          <gpxtpx:TrackPointExtension>
            <gpxtpx:hr>108</gpxtpx:hr>
            <gpxtpx:cad>54</gpxtpx:cad>
            <gpxtpx:atemp>303.15</gpxtpx:atemp>
          </gpxtpx:TrackPointExtension>
        </extensions>
      </trkpt>
      <trkpt lat="30.532051" lon="35.000811">
        <ele>428.6</ele>
        <time>2026-03-31T06:53:28.000Z</time>
        <extensions>
          <gpxtpx:TrackPointExtension>
            <gpxtpx:hr>100</gpxtpx:hr>
            <gpxtpx:cad>0</gpxtpx:cad>
            <gpxtpx:atemp>303.15</gpxtpx:atemp>
          </gpxtpx:TrackPointExtension>
        </extensions>
      </trkpt>
      <trkpt lat="30.532080" lon="35.000799">
        <ele>428.9</ele>
        <time>2026-03-31T06:53:37.000Z</time>
        <extensions>
          <gpxtpx:TrackPointExtension>
            <gpxtpx:hr>105</gpxtpx:hr>
            <gpxtpx:cad>0</gpxtpx:cad>
            <gpxtpx:atemp>303.15</gpxtpx:atemp>
          </gpxtpx:TrackPointExtension>
        </extensions>
      </trkpt>
      <trkpt lat="30.532076" lon="35.000796">
        <ele>428.9</ele>
        <time>2026-03-31T06:53:47.000Z</time>
        <extensions>
          <gpxtpx:TrackPointExtension>
            <gpxtpx:hr>112</gpxtpx:hr>
            <gpxtpx:cad>0</gpxtpx:cad>
            <gpxtpx:atemp>303.15</gpxtpx:atemp>
          </gpxtpx:TrackPointExtension>
        </extensions>
      </trkpt>
      <trkpt lat="30.532062" lon="35.000760">
        <ele>429.2</ele>
        <time>2026-03-31T06:53:59.000Z</time>
        <extensions>
          <gpxtpx:TrackPointExtension>
            <gpxtpx:hr>112</gpxtpx:hr>
            <gpxtpx:cad>0</gpxtpx:cad>
            <gpxtpx:atemp>302.15</gpxtpx:atemp>
          </gpxtpx:TrackPointExtension>
        </extensions>
      </trkpt>
      <trkpt lat="30.532127" lon="35.000736">
        <ele>429.9</ele>
        <time>2026-03-31T06:54:36.000Z</time>
        <extensions>
          <gpxtpx:TrackPointExtension>
            <gpxtpx:hr>130</gpxtpx:hr>
            <gpxtpx:cad>0</gpxtpx:cad>
            <gpxtpx:atemp>302.15</gpxtpx:atemp>
          </gpxtpx:TrackPointExtension>
        </extensions>
      </trkpt>
      <trkpt lat="30.532209" lon="35.000740">
        <ele>430.6</ele>
        <time>2026-03-31T06:54:49.000Z</time>
        <extensions>
          <gpxtpx:TrackPointExtension>
            <gpxtpx:hr>138</gpxtpx:hr>
            <gpxtpx:cad>52</gpxtpx:cad>
            <gpxtpx:atemp>302.15</gpxtpx:atemp>
          </gpxtpx:TrackPointExtension>
        </extensions>
      </trkpt>
      <trkpt lat="30.532258" lon="35.000720">
        <ele>431.1</ele>
        <time>2026-03-31T06:54:55.000Z</time>
        <extensions>
          <gpxtpx:TrackPointExtension>
            <gpxtpx:hr>142</gpxtpx:hr>
            <gpxtpx:cad>52</gpxtpx:cad>
            <gpxtpx:atemp>302.15</gpxtpx:atemp>
          </gpxtpx:TrackPointExtension>
        </extensions>
      </trkpt>
      <trkpt lat="30.532305" lon="35.000711">
        <ele>431.5</ele>
        <time>2026-03-31T06:55:00.000Z</time>
        <extensions>
          <gpxtpx:TrackPointExtension>
            <gpxtpx:hr>144</gpxtpx:hr>
            <gpxtpx:cad>55</gpxtpx:cad>
            <gpxtpx:atemp>302.15</gpxtpx:atemp>
          </gpxtpx:TrackPointExtension>
        </extensions>
      </trkpt>
      <trkpt lat="30.532381" lon="35.000742">
        <ele>432.0</ele>
        <time>2026-03-31T06:55:09.000Z</time>
        <extensions>
          <gpxtpx:TrackPointExtension>
            <gpxtpx:hr>145</gpxtpx:hr>
            <gpxtpx:cad>51</gpxtpx:cad>
            <gpxtpx:atemp>302.15</gpxtpx:atemp>
          </gpxtpx:TrackPointExtension>
        </extensions>
      </trkpt>
      <trkpt lat="30.532540" lon="35.000731">
        <ele>433.3</ele>
        <time>2026-03-31T06:55:24.000Z</time>
        <extensions>
          <gpxtpx:TrackPointExtension>
            <gpxtpx:hr>150</gpxtpx:hr>
            <gpxtpx:cad>0</gpxtpx:cad>
            <gpxtpx:atemp>302.15</gpxtpx:atemp>
          </gpxtpx:TrackPointExtension>
        </extensions>
      </trkpt>
      <trkpt lat="30.532613" lon="35.000689">
        <ele>433.8</ele>
        <time>2026-03-31T06:55:30.000Z</time>
        <extensions>
          <gpxtpx:TrackPointExtension>
            <gpxtpx:hr>150</gpxtpx:hr>
            <gpxtpx:cad>73</gpxtpx:cad>
            <gpxtpx:atemp>302.15</gpxtpx:atemp>
          </gpxtpx:TrackPointExtension>
        </extensions>
      </trkpt>
      <trkpt lat="30.532765" lon="35.000622">
        <ele>434.5</ele>
        <time>2026-03-31T06:55:40.000Z</time>
        <extensions>
          <gpxtpx:TrackPointExtension>
            <gpxtpx:hr>150</gpxtpx:hr>
            <gpxtpx:cad>73</gpxtpx:cad>
            <gpxtpx:atemp>302.15</gpxtpx:atemp>
          </gpxtpx:TrackPointExtension>
        </extensions>
      </trkpt>
      <trkpt lat="30.532841" lon="35.000567">
        <ele>434.5</ele>
        <time>2026-03-31T06:55:45.000Z</time>
        <extensions>
          <gpxtpx:TrackPointExtension>
            <gpxtpx:hr>150</gpxtpx:hr>
            <gpxtpx:cad>0</gpxtpx:cad>
            <gpxtpx:atemp>302.15</gpxtpx:atemp>
          </gpxtpx:TrackPointExtension>
        </extensions>
      </trkpt>
      <trkpt lat="30.532875" lon="35.000556">
        <ele>434.5</ele>
        <time>2026-03-31T06:55:47.000Z</time>
        <extensions>
          <gpxtpx:TrackPointExtension>
            <gpxtpx:hr>151</gpxtpx:hr>
            <gpxtpx:cad>56</gpxtpx:cad>
            <gpxtpx:atemp>302.15</gpxtpx:atemp>
          </gpxtpx:TrackPointExtension>
        </extensions>
      </trkpt>
      <trkpt lat="30.532955" lon="35.000562">
        <ele>434.5</ele>
        <time>2026-03-31T06:55:52.000Z</time>
        <extensions>
          <gpxtpx:TrackPointExtension>
            <gpxtpx:hr>156</gpxtpx:hr>
            <gpxtpx:cad>74</gpxtpx:cad>
            <gpxtpx:atemp>302.15</gpxtpx:atemp>
          </gpxtpx:TrackPointExtension>
        </extensions>
      </trkpt>
      <trkpt lat="30.533113" lon="35.000534">
        <ele>434.0</ele>
        <time>2026-03-31T06:56:04.000Z</time>
        <extensions>
          <gpxtpx:TrackPointExtension>
            <gpxtpx:hr>161</gpxtpx:hr>
            <gpxtpx:cad>76</gpxtpx:cad>
            <gpxtpx:atemp>302.15</gpxtpx:atemp>
          </gpxtpx:TrackPointExtension>
        </extensions>
      </trkpt>
      <trkpt lat="30.533245" lon="35.000521">
        <ele>433.8</ele>
        <time>2026-03-31T06:56:12.000Z</time>
        <extensions>
          <gpxtpx:TrackPointExtension>
            <gpxtpx:hr>159</gpxtpx:hr>
            <gpxtpx:cad>76</gpxtpx:cad>
            <gpxtpx:atemp>302.15</gpxtpx:atemp>
          </gpxtpx:TrackPointExtension>
        </extensions>
      </trkpt>
      <trkpt lat="30.533396" lon="35.000479">
        <ele>433.4</ele>
        <time>2026-03-31T06:56:21.000Z</time>
        <extensions>
          <gpxtpx:TrackPointExtension>
            <gpxtpx:hr>155</gpxtpx:hr>
            <gpxtpx:cad>75</gpxtpx:cad>
            <gpxtpx:atemp>302.15</gpxtpx:atemp>
          </gpxtpx:TrackPointExtension>
        </extensions>
      </trkpt>
      <trkpt lat="30.533513" lon="35.000427">
        <ele>433.1</ele>
        <time>2026-03-31T06:56:28.000Z</time>
        <extensions>
          <gpxtpx:TrackPointExtension>
            <gpxtpx:hr>150</gpxtpx:hr>
            <gpxtpx:cad>74</gpxtpx:cad>
            <gpxtpx:atemp>303.15</gpxtpx:atemp>
          </gpxtpx:TrackPointExtension>
        </extensions>
      </trkpt>
      <trkpt lat="30.533579" lon="35.000392">
        <ele>433.0</ele>
        <time>2026-03-31T06:56:32.000Z</time>
        <extensions>
          <gpxtpx:TrackPointExtension>
            <gpxtpx:hr>149</gpxtpx:hr>
            <gpxtpx:cad>0</gpxtpx:cad>
            <gpxtpx:atemp>303.15</gpxtpx:atemp>
          </gpxtpx:TrackPointExtension>
        </extensions>
      </trkpt>
      <trkpt lat="30.533633" lon="35.000397">
        <ele>433.0</ele>
        <time>2026-03-31T06:56:36.000Z</time>
        <extensions>
          <gpxtpx:TrackPointExtension>
            <gpxtpx:hr>146</gpxtpx:hr>
            <gpxtpx:cad>73</gpxtpx:cad>
            <gpxtpx:atemp>302.15</gpxtpx:atemp>
          </gpxtpx:TrackPointExtension>
        </extensions>
      </trkpt>
      <trkpt lat="30.533702" lon="35.000372">
        <ele>433.0</ele>
        <time>2026-03-31T06:56:42.000Z</time>
        <extensions>
          <gpxtpx:TrackPointExtension>
            <gpxtpx:hr>140</gpxtpx:hr>
            <gpxtpx:cad>72</gpxtpx:cad>
            <gpxtpx:atemp>302.15</gpxtpx:atemp>
          </gpxtpx:TrackPointExtension>
        </extensions>
      </trkpt>
      <trkpt lat="30.533784" lon="35.000364">
        <ele>433.0</ele>
        <time>2026-03-31T06:56:47.000Z</time>
        <extensions>
          <gpxtpx:TrackPointExtension>
            <gpxtpx:hr>136</gpxtpx:hr>
            <gpxtpx:cad>72</gpxtpx:cad>
            <gpxtpx:atemp>302.15</gpxtpx:atemp>
          </gpxtpx:TrackPointExtension>
        </extensions>
      </trkpt>
      <trkpt lat="30.533905" lon="35.000370">
        <ele>433.1</ele>
        <time>2026-03-31T06:56:54.000Z</time>
        <extensions>
          <gpxtpx:TrackPointExtension>
            <gpxtpx:hr>136</gpxtpx:hr>
            <gpxtpx:cad>0</gpxtpx:cad>
            <gpxtpx:atemp>302.15</gpxtpx:atemp>
          </gpxtpx:TrackPointExtension>
        </extensions>
      </trkpt>
      <trkpt lat="30.533953" lon="35.000332">
        <ele>433.2</ele>
        <time>2026-03-31T06:57:02.000Z</time>
        <extensions>
          <gpxtpx:TrackPointExtension>
            <gpxtpx:hr>132</gpxtpx:hr>
            <gpxtpx:cad>0</gpxtpx:cad>
            <gpxtpx:atemp>302.15</gpxtpx:atemp>
          </gpxtpx:TrackPointExtension>
        </extensions>
      </trkpt>
      <trkpt lat="30.534025" lon="35.000338">
        <ele>433.3</ele>
        <time>2026-03-31T06:57:08.000Z</time>
        <extensions>
          <gpxtpx:TrackPointExtension>
            <gpxtpx:hr>134</gpxtpx:hr>
            <gpxtpx:cad>0</gpxtpx:cad>
            <gpxtpx:atemp>302.15</gpxtpx:atemp>
          </gpxtpx:TrackPointExtension>
        </extensions>
      </trkpt>
      <trkpt lat="30.534157" lon="35.000286">
        <ele>433.5</ele>
        <time>2026-03-31T06:57:18.000Z</time>
        <extensions>
          <gpxtpx:TrackPointExtension>
            <gpxtpx:hr>133</gpxtpx:hr>
            <gpxtpx:cad>70</gpxtpx:cad>
            <gpxtpx:atemp>302.15</gpxtpx:atemp>
          </gpxtpx:TrackPointExtension>
        </extensions>
      </trkpt>
      <trkpt lat="30.534255" lon="35.000282">
        <ele>433.5</ele>
        <time>2026-03-31T06:57:24.000Z</time>
        <extensions>
          <gpxtpx:TrackPointExtension>
            <gpxtpx:hr>131</gpxtpx:hr>
            <gpxtpx:cad>69</gpxtpx:cad>
            <gpxtpx:atemp>302.15</gpxtpx:atemp>
          </gpxtpx:TrackPointExtension>
        </extensions>
      </trkpt>
      <trkpt lat="30.534278" lon="35.000266">
        <ele>433.5</ele>
        <time>2026-03-31T06:57:26.000Z</time>
        <extensions>
          <gpxtpx:TrackPointExtension>
            <gpxtpx:hr>131</gpxtpx:hr>
            <gpxtpx:cad>71</gpxtpx:cad>
            <gpxtpx:atemp>302.15</gpxtpx:atemp>
          </gpxtpx:TrackPointExtension>
        </extensions>
      </trkpt>
      <trkpt lat="30.534350" lon="35.000254">
        <ele>433.5</ele>
        <time>2026-03-31T06:57:30.000Z</time>
        <extensions>
          <gpxtpx:TrackPointExtension>
            <gpxtpx:hr>131</gpxtpx:hr>
            <gpxtpx:cad>74</gpxtpx:cad>
            <gpxtpx:atemp>302.15</gpxtpx:atemp>
          </gpxtpx:TrackPointExtension>
        </extensions>
      </trkpt>
      <trkpt lat="30.534435" lon="35.000284">
        <ele>433.3</ele>
        <time>2026-03-31T06:57:35.000Z</time>
        <extensions>
          <gpxtpx:TrackPointExtension>
            <gpxtpx:hr>130</gpxtpx:hr>
            <gpxtpx:cad>73</gpxtpx:cad>
            <gpxtpx:atemp>302.15</gpxtpx:atemp>
          </gpxtpx:TrackPointExtension>
        </extensions>
      </trkpt>
      <trkpt lat="30.534535" lon="35.000279">
        <ele>433.1</ele>
        <time>2026-03-31T06:57:42.000Z</time>
        <extensions>
          <gpxtpx:TrackPointExtension>
            <gpxtpx:hr>131</gpxtpx:hr>
            <gpxtpx:cad>57</gpxtpx:cad>
            <gpxtpx:atemp>302.15</gpxtpx:atemp>
          </gpxtpx:TrackPointExtension>
        </extensions>
      </trkpt>
      <trkpt lat="30.534660" lon="35.000237">
        <ele>432.9</ele>
        <time>2026-03-31T06:57:52.000Z</time>
        <extensions>
          <gpxtpx:TrackPointExtension>
            <gpxtpx:hr>126</gpxtpx:hr>
            <gpxtpx:cad>57</gpxtpx:cad>
            <gpxtpx:atemp>302.15</gpxtpx:atemp>
          </gpxtpx:TrackPointExtension>
        </extensions>
      </trkpt>
      <trkpt lat="30.534721" lon="35.000200">
        <ele>432.7</ele>
        <time>2026-03-31T06:57:58.000Z</time>
        <extensions>
          <gpxtpx:TrackPointExtension>
            <gpxtpx:hr>127</gpxtpx:hr>
            <gpxtpx:cad>0</gpxtpx:cad>
            <gpxtpx:atemp>302.15</gpxtpx:atemp>
          </gpxtpx:TrackPointExtension>
        </extensions>
      </trkpt>
      <trkpt lat="30.534773" lon="35.000190">
        <ele>432.6</ele>
        <time>2026-03-31T06:58:02.000Z</time>
        <extensions>
          <gpxtpx:TrackPointExtension>
            <gpxtpx:hr>127</gpxtpx:hr>
            <gpxtpx:cad>74</gpxtpx:cad>
            <gpxtpx:atemp>302.15</gpxtpx:atemp>
          </gpxtpx:TrackPointExtension>
        </extensions>
      </trkpt>
      <trkpt lat="30.534836" lon="35.000160">
        <ele>432.2</ele>
        <time>2026-03-31T06:58:07.000Z</time>
        <extensions>
          <gpxtpx:TrackPointExtension>
            <gpxtpx:hr>125</gpxtpx:hr>
            <gpxtpx:cad>74</gpxtpx:cad>
            <gpxtpx:atemp>302.15</gpxtpx:atemp>
          </gpxtpx:TrackPointExtension>
        </extensions>
      </trkpt>
      <trkpt lat="30.534981" lon="35.000140">
        <ele>431.6</ele>
        <time>2026-03-31T06:58:16.000Z</time>
        <extensions>
          <gpxtpx:TrackPointExtension>
            <gpxtpx:hr>127</gpxtpx:hr>
            <gpxtpx:cad>75</gpxtpx:cad>
            <gpxtpx:atemp>303.15</gpxtpx:atemp>
          </gpxtpx:TrackPointExtension>
        </extensions>
      </trkpt>
      <trkpt lat="30.535056" lon="35.000091">
        <ele>431.0</ele>
        <time>2026-03-31T06:58:21.000Z</time>
        <extensions>
          <gpxtpx:TrackPointExtension>
            <gpxtpx:hr>125</gpxtpx:hr>
            <gpxtpx:cad>71</gpxtpx:cad>
            <gpxtpx:atemp>303.15</gpxtpx:atemp>
          </gpxtpx:TrackPointExtension>
        </extensions>
      </trkpt>
      <trkpt lat="30.535103" lon="35.000017">
        <ele>430.3</ele>
        <time>2026-03-31T06:58:26.000Z</time>
        <extensions>
          <gpxtpx:TrackPointExtension>
            <gpxtpx:hr>126</gpxtpx:hr>
            <gpxtpx:cad>0</gpxtpx:cad>
            <gpxtpx:atemp>303.15</gpxtpx:atemp>
          </gpxtpx:TrackPointExtension>
        </extensions>
      </trkpt>
      <trkpt lat="30.535233" lon="34.999897">
        <ele>428.6</ele>
        <time>2026-03-31T06:58:41.000Z</time>
        <extensions>
          <gpxtpx:TrackPointExtension>
            <gpxtpx:hr>128</gpxtpx:hr>
            <gpxtpx:cad>53</gpxtpx:cad>
            <gpxtpx:atemp>303.15</gpxtpx:atemp>
          </gpxtpx:TrackPointExtension>
        </extensions>
      </trkpt>
      <trkpt lat="30.535318" lon="34.999911">
        <ele>428.2</ele>
        <time>2026-03-31T06:58:49.000Z</time>
        <extensions>
          <gpxtpx:TrackPointExtension>
            <gpxtpx:hr>126</gpxtpx:hr>
            <gpxtpx:cad>0</gpxtpx:cad>
            <gpxtpx:atemp>303.15</gpxtpx:atemp>
          </gpxtpx:TrackPointExtension>
        </extensions>
      </trkpt>
      <trkpt lat="30.535376" lon="34.999887">
        <ele>427.6</ele>
        <time>2026-03-31T06:58:53.000Z</time>
        <extensions>
          <gpxtpx:TrackPointExtension>
            <gpxtpx:hr>120</gpxtpx:hr>
            <gpxtpx:cad>0</gpxtpx:cad>
            <gpxtpx:atemp>303.15</gpxtpx:atemp>
          </gpxtpx:TrackPointExtension>
        </extensions>
      </trkpt>
      <trkpt lat="30.535397" lon="34.999853">
        <ele>427.1</ele>
        <time>2026-03-31T06:58:57.000Z</time>
        <extensions>
          <gpxtpx:TrackPointExtension>
            <gpxtpx:hr>113</gpxtpx:hr>
            <gpxtpx:cad>0</gpxtpx:cad>
            <gpxtpx:atemp>303.15</gpxtpx:atemp>
          </gpxtpx:TrackPointExtension>
        </extensions>
      </trkpt>
      <trkpt lat="30.535374" lon="34.999796">
        <ele>427.1</ele>
        <time>2026-03-31T06:59:03.000Z</time>
        <extensions>
          <gpxtpx:TrackPointExtension>
            <gpxtpx:hr>108</gpxtpx:hr>
            <gpxtpx:cad>0</gpxtpx:cad>
            <gpxtpx:atemp>303.15</gpxtpx:atemp>
          </gpxtpx:TrackPointExtension>
        </extensions>
      </trkpt>
      <trkpt lat="30.535365" lon="34.999734">
        <ele>426.9</ele>
        <time>2026-03-31T06:59:06.000Z</time>
        <extensions>
          <gpxtpx:TrackPointExtension>
            <gpxtpx:hr>111</gpxtpx:hr>
            <gpxtpx:cad>0</gpxtpx:cad>
            <gpxtpx:atemp>303.15</gpxtpx:atemp>
          </gpxtpx:TrackPointExtension>
        </extensions>
      </trkpt>
      <trkpt lat="30.535384" lon="34.999666">
        <ele>426.5</ele>
        <time>2026-03-31T06:59:12.000Z</time>
        <extensions>
          <gpxtpx:TrackPointExtension>
            <gpxtpx:hr>115</gpxtpx:hr>
            <gpxtpx:cad>50</gpxtpx:cad>
            <gpxtpx:atemp>303.15</gpxtpx:atemp>
          </gpxtpx:TrackPointExtension>
        </extensions>
      </trkpt>
      <trkpt lat="30.535417" lon="34.999611">
        <ele>426.1</ele>
        <time>2026-03-31T06:59:16.000Z</time>
        <extensions>
          <gpxtpx:TrackPointExtension>
            <gpxtpx:hr>119</gpxtpx:hr>
            <gpxtpx:cad>49</gpxtpx:cad>
            <gpxtpx:atemp>303.15</gpxtpx:atemp>
          </gpxtpx:TrackPointExtension>
        </extensions>
      </trkpt>
      <trkpt lat="30.535421" lon="34.999506">
        <ele>426.0</ele>
        <time>2026-03-31T06:59:28.000Z</time>
        <extensions>
          <gpxtpx:TrackPointExtension>
            <gpxtpx:hr>123</gpxtpx:hr>
            <gpxtpx:cad>55</gpxtpx:cad>
            <gpxtpx:atemp>303.15</gpxtpx:atemp>
          </gpxtpx:TrackPointExtension>
        </extensions>
      </trkpt>
      <trkpt lat="30.535425" lon="34.999374">
        <ele>426.0</ele>
        <time>2026-03-31T06:59:38.000Z</time>
        <extensions>
          <gpxtpx:TrackPointExtension>
            <gpxtpx:hr>123</gpxtpx:hr>
            <gpxtpx:cad>54</gpxtpx:cad>
            <gpxtpx:atemp>303.15</gpxtpx:atemp>
          </gpxtpx:TrackPointExtension>
        </extensions>
      </trkpt>
      <trkpt lat="30.535438" lon="34.999288">
        <ele>426.1</ele>
        <time>2026-03-31T06:59:45.000Z</time>
        <extensions>
          <gpxtpx:TrackPointExtension>
            <gpxtpx:hr>123</gpxtpx:hr>
            <gpxtpx:cad>0</gpxtpx:cad>
            <gpxtpx:atemp>303.15</gpxtpx:atemp>
          </gpxtpx:TrackPointExtension>
        </extensions>
      </trkpt>
      <trkpt lat="30.535427" lon="34.999222">
        <ele>426.3</ele>
        <time>2026-03-31T06:59:50.000Z</time>
        <extensions>
          <gpxtpx:TrackPointExtension>
            <gpxtpx:hr>122</gpxtpx:hr>
            <gpxtpx:cad>0</gpxtpx:cad>
            <gpxtpx:atemp>303.15</gpxtpx:atemp>
          </gpxtpx:TrackPointExtension>
        </extensions>
      </trkpt>
      <trkpt lat="30.535427" lon="34.999122">
        <ele>426.7</ele>
        <time>2026-03-31T06:59:58.000Z</time>
        <extensions>
          <gpxtpx:TrackPointExtension>
            <gpxtpx:hr>123</gpxtpx:hr>
            <gpxtpx:cad>59</gpxtpx:cad>
            <gpxtpx:atemp>303.15</gpxtpx:atemp>
          </gpxtpx:TrackPointExtension>
        </extensions>
      </trkpt>
      <trkpt lat="30.535448" lon="34.999018">
        <ele>427.1</ele>
        <time>2026-03-31T07:00:05.000Z</time>
        <extensions>
          <gpxtpx:TrackPointExtension>
            <gpxtpx:hr>120</gpxtpx:hr>
            <gpxtpx:cad>0</gpxtpx:cad>
            <gpxtpx:atemp>303.15</gpxtpx:atemp>
          </gpxtpx:TrackPointExtension>
        </extensions>
      </trkpt>
      <trkpt lat="30.535502" lon="34.998929">
        <ele>427.7</ele>
        <time>2026-03-31T07:00:15.000Z</time>
        <extensions>
          <gpxtpx:TrackPointExtension>
            <gpxtpx:hr>114</gpxtpx:hr>
            <gpxtpx:cad>0</gpxtpx:cad>
            <gpxtpx:atemp>303.15</gpxtpx:atemp>
          </gpxtpx:TrackPointExtension>
        </extensions>
      </trkpt>
      <trkpt lat="30.535584" lon="34.998892">
        <ele>428.1</ele>
        <time>2026-03-31T07:00:26.000Z</time>
        <extensions>
          <gpxtpx:TrackPointExtension>
            <gpxtpx:hr>117</gpxtpx:hr>
            <gpxtpx:cad>52</gpxtpx:cad>
            <gpxtpx:atemp>303.15</gpxtpx:atemp>
          </gpxtpx:TrackPointExtension>
        </extensions>
      </trkpt>
      <trkpt lat="30.535646" lon="34.998891">
        <ele>428.3</ele>
        <time>2026-03-31T07:00:32.000Z</time>
        <extensions>
          <gpxtpx:TrackPointExtension>
            <gpxtpx:hr>119</gpxtpx:hr>
            <gpxtpx:cad>0</gpxtpx:cad>
            <gpxtpx:atemp>303.15</gpxtpx:atemp>
          </gpxtpx:TrackPointExtension>
        </extensions>
      </trkpt>
      <trkpt lat="30.535676" lon="34.998921">
        <ele>428.3</ele>
        <time>2026-03-31T07:00:41.000Z</time>
        <extensions>
          <gpxtpx:TrackPointExtension>
            <gpxtpx:hr>122</gpxtpx:hr>
            <gpxtpx:cad>41</gpxtpx:cad>
            <gpxtpx:atemp>303.15</gpxtpx:atemp>
          </gpxtpx:TrackPointExtension>
        </extensions>
      </trkpt>
      <trkpt lat="30.535702" lon="34.998929">
        <ele>428.4</ele>
        <time>2026-03-31T07:00:47.000Z</time>
        <extensions>
          <gpxtpx:TrackPointExtension>
            <gpxtpx:hr>115</gpxtpx:hr>
            <gpxtpx:cad>50</gpxtpx:cad>
            <gpxtpx:atemp>303.15</gpxtpx:atemp>
          </gpxtpx:TrackPointExtension>
        </extensions>
      </trkpt>
      <trkpt lat="30.535764" lon="34.998971">
        <ele>428.8</ele>
        <time>2026-03-31T07:01:02.000Z</time>
        <extensions>
          <gpxtpx:TrackPointExtension>
            <gpxtpx:hr>115</gpxtpx:hr>
            <gpxtpx:cad>51</gpxtpx:cad>
            <gpxtpx:atemp>303.15</gpxtpx:atemp>
          </gpxtpx:TrackPointExtension>
        </extensions>
      </trkpt>
      <trkpt lat="30.535814" lon="34.998987">
        <ele>429.1</ele>
        <time>2026-03-31T07:01:10.000Z</time>
        <extensions>
          <gpxtpx:TrackPointExtension>
            <gpxtpx:hr>116</gpxtpx:hr>
            <gpxtpx:cad>49</gpxtpx:cad>
            <gpxtpx:atemp>303.15</gpxtpx:atemp>
          </gpxtpx:TrackPointExtension>
        </extensions>
      </trkpt>
      <trkpt lat="30.535859" lon="34.998957">
        <ele>429.7</ele>
        <time>2026-03-31T07:01:14.000Z</time>
        <extensions>
          <gpxtpx:TrackPointExtension>
            <gpxtpx:hr>115</gpxtpx:hr>
            <gpxtpx:cad>49</gpxtpx:cad>
            <gpxtpx:atemp>303.15</gpxtpx:atemp>
          </gpxtpx:TrackPointExtension>
        </extensions>
      </trkpt>
      <trkpt lat="30.535979" lon="34.998958">
        <ele>430.9</ele>
        <time>2026-03-31T07:01:25.000Z</time>
        <extensions>
          <gpxtpx:TrackPointExtension>
            <gpxtpx:hr>117</gpxtpx:hr>
            <gpxtpx:cad>52</gpxtpx:cad>
            <gpxtpx:atemp>303.15</gpxtpx:atemp>
          </gpxtpx:TrackPointExtension>
        </extensions>
      </trkpt>
      <trkpt lat="30.536040" lon="34.998949">
        <ele>431.9</ele>
        <time>2026-03-31T07:01:32.000Z</time>
        <extensions>
          <gpxtpx:TrackPointExtension>
            <gpxtpx:hr>115</gpxtpx:hr>
            <gpxtpx:cad>0</gpxtpx:cad>
            <gpxtpx:atemp>303.15</gpxtpx:atemp>
          </gpxtpx:TrackPointExtension>
        </extensions>
      </trkpt>
      <trkpt lat="30.536074" lon="34.998954">
        <ele>432.4</ele>
        <time>2026-03-31T07:01:35.000Z</time>
        <extensions>
          <gpxtpx:TrackPointExtension>
            <gpxtpx:hr>116</gpxtpx:hr>
            <gpxtpx:cad>55</gpxtpx:cad>
            <gpxtpx:atemp>303.15</gpxtpx:atemp>
          </gpxtpx:TrackPointExtension>
        </extensions>
      </trkpt>
      <trkpt lat="30.536133" lon="34.999003">
        <ele>432.6</ele>
        <time>2026-03-31T07:01:43.000Z</time>
        <extensions>
          <gpxtpx:TrackPointExtension>
            <gpxtpx:hr>119</gpxtpx:hr>
            <gpxtpx:cad>0</gpxtpx:cad>
            <gpxtpx:atemp>303.15</gpxtpx:atemp>
          </gpxtpx:TrackPointExtension>
        </extensions>
      </trkpt>
      <trkpt lat="30.536168" lon="34.999012">
        <ele>433.0</ele>
        <time>2026-03-31T07:01:52.000Z</time>
        <extensions>
          <gpxtpx:TrackPointExtension>
            <gpxtpx:hr>126</gpxtpx:hr>
            <gpxtpx:cad>0</gpxtpx:cad>
            <gpxtpx:atemp>303.15</gpxtpx:atemp>
          </gpxtpx:TrackPointExtension>
        </extensions>
      </trkpt>
      <trkpt lat="30.536211" lon="34.999006">
        <ele>433.7</ele>
        <time>2026-03-31T07:01:57.000Z</time>
        <extensions>
          <gpxtpx:TrackPointExtension>
            <gpxtpx:hr>127</gpxtpx:hr>
            <gpxtpx:cad>0</gpxtpx:cad>
            <gpxtpx:atemp>303.15</gpxtpx:atemp>
          </gpxtpx:TrackPointExtension>
        </extensions>
      </trkpt>
      <trkpt lat="30.536284" lon="34.999021">
        <ele>434.7</ele>
        <time>2026-03-31T07:02:06.000Z</time>
        <extensions>
          <gpxtpx:TrackPointExtension>
            <gpxtpx:hr>134</gpxtpx:hr>
            <gpxtpx:cad>54</gpxtpx:cad>
            <gpxtpx:atemp>303.15</gpxtpx:atemp>
          </gpxtpx:TrackPointExtension>
        </extensions>
      </trkpt>
      <trkpt lat="30.536328" lon="34.999010">
        <ele>435.7</ele>
        <time>2026-03-31T07:02:10.000Z</time>
        <extensions>
          <gpxtpx:TrackPointExtension>
            <gpxtpx:hr>137</gpxtpx:hr>
            <gpxtpx:cad>54</gpxtpx:cad>
            <gpxtpx:atemp>303.15</gpxtpx:atemp>
          </gpxtpx:TrackPointExtension>
        </extensions>
      </trkpt>
      <trkpt lat="30.536398" lon="34.999016">
        <ele>436.8</ele>
        <time>2026-03-31T07:02:17.000Z</time>
        <extensions>
          <gpxtpx:TrackPointExtension>
            <gpxtpx:hr>140</gpxtpx:hr>
            <gpxtpx:cad>54</gpxtpx:cad>
            <gpxtpx:atemp>303.15</gpxtpx:atemp>
          </gpxtpx:TrackPointExtension>
        </extensions>
      </trkpt>
      <trkpt lat="30.536499" lon="34.999033">
        <ele>438.4</ele>
        <time>2026-03-31T07:02:27.000Z</time>
        <extensions>
          <gpxtpx:TrackPointExtension>
            <gpxtpx:hr>145</gpxtpx:hr>
            <gpxtpx:cad>0</gpxtpx:cad>
            <gpxtpx:atemp>303.15</gpxtpx:atemp>
          </gpxtpx:TrackPointExtension>
        </extensions>
      </trkpt>
      <trkpt lat="30.536566" lon="34.999062">
        <ele>438.9</ele>
        <time>2026-03-31T07:02:37.000Z</time>
        <extensions>
          <gpxtpx:TrackPointExtension>
            <gpxtpx:hr>148</gpxtpx:hr>
            <gpxtpx:cad>0</gpxtpx:cad>
            <gpxtpx:atemp>303.15</gpxtpx:atemp>
          </gpxtpx:TrackPointExtension>
        </extensions>
      </trkpt>
      <trkpt lat="30.536703" lon="34.999089">
        <ele>439.9</ele>
        <time>2026-03-31T07:02:48.000Z</time>
        <extensions>
          <gpxtpx:TrackPointExtension>
            <gpxtpx:hr>149</gpxtpx:hr>
            <gpxtpx:cad>0</gpxtpx:cad>
            <gpxtpx:atemp>303.15</gpxtpx:atemp>
          </gpxtpx:TrackPointExtension>
        </extensions>
      </trkpt>
      <trkpt lat="30.536764" lon="34.999114">
        <ele>440.0</ele>
        <time>2026-03-31T07:02:56.000Z</time>
        <extensions>
          <gpxtpx:TrackPointExtension>
            <gpxtpx:hr>150</gpxtpx:hr>
            <gpxtpx:cad>0</gpxtpx:cad>
            <gpxtpx:atemp>303.15</gpxtpx:atemp>
          </gpxtpx:TrackPointExtension>
        </extensions>
      </trkpt>
      <trkpt lat="30.536775" lon="34.999151">
        <ele>439.5</ele>
        <time>2026-03-31T07:03:00.000Z</time>
        <extensions>
          <gpxtpx:TrackPointExtension>
            <gpxtpx:hr>150</gpxtpx:hr>
            <gpxtpx:cad>40</gpxtpx:cad>
            <gpxtpx:atemp>303.15</gpxtpx:atemp>
          </gpxtpx:TrackPointExtension>
        </extensions>
      </trkpt>
      <trkpt lat="30.536831" lon="34.999210">
        <ele>438.9</ele>
        <time>2026-03-31T07:03:09.000Z</time>
        <extensions>
          <gpxtpx:TrackPointExtension>
            <gpxtpx:hr>151</gpxtpx:hr>
            <gpxtpx:cad>43</gpxtpx:cad>
            <gpxtpx:atemp>304.15</gpxtpx:atemp>
          </gpxtpx:TrackPointExtension>
        </extensions>
      </trkpt>
      <trkpt lat="30.536858" lon="34.999275">
        <ele>437.9</ele>
        <time>2026-03-31T07:03:17.000Z</time>
        <extensions>
          <gpxtpx:TrackPointExtension>
            <gpxtpx:hr>151</gpxtpx:hr>
            <gpxtpx:cad>46</gpxtpx:cad>
            <gpxtpx:atemp>304.15</gpxtpx:atemp>
          </gpxtpx:TrackPointExtension>
        </extensions>
      </trkpt>
      <trkpt lat="30.536920" lon="34.999383">
        <ele>436.7</ele>
        <time>2026-03-31T07:03:31.000Z</time>
        <extensions>
          <gpxtpx:TrackPointExtension>
            <gpxtpx:hr>152</gpxtpx:hr>
            <gpxtpx:cad>40</gpxtpx:cad>
            <gpxtpx:atemp>303.15</gpxtpx:atemp>
          </gpxtpx:TrackPointExtension>
        </extensions>
      </trkpt>
      <trkpt lat="30.536995" lon="34.999574">
        <ele>434.5</ele>
        <time>2026-03-31T07:03:54.000Z</time>
        <extensions>
          <gpxtpx:TrackPointExtension>
            <gpxtpx:hr>148</gpxtpx:hr>
            <gpxtpx:cad>0</gpxtpx:cad>
            <gpxtpx:atemp>303.15</gpxtpx:atemp>
          </gpxtpx:TrackPointExtension>
        </extensions>
      </trkpt>
      <trkpt lat="30.536973" lon="34.999613">
        <ele>433.7</ele>
        <time>2026-03-31T07:03:59.000Z</time>
        <extensions>
          <gpxtpx:TrackPointExtension>
            <gpxtpx:hr>149</gpxtpx:hr>
            <gpxtpx:cad>0</gpxtpx:cad>
            <gpxtpx:atemp>303.15</gpxtpx:atemp>
          </gpxtpx:TrackPointExtension>
        </extensions>
      </trkpt>
      <trkpt lat="30.536970" lon="34.999670">
        <ele>432.6</ele>
        <time>2026-03-31T07:04:07.000Z</time>
        <extensions>
          <gpxtpx:TrackPointExtension>
            <gpxtpx:hr>148</gpxtpx:hr>
            <gpxtpx:cad>0</gpxtpx:cad>
            <gpxtpx:atemp>303.15</gpxtpx:atemp>
          </gpxtpx:TrackPointExtension>
        </extensions>
      </trkpt>
      <trkpt lat="30.536996" lon="34.999730">
        <ele>431.7</ele>
        <time>2026-03-31T07:04:13.000Z</time>
        <extensions>
          <gpxtpx:TrackPointExtension>
            <gpxtpx:hr>146</gpxtpx:hr>
            <gpxtpx:cad>0</gpxtpx:cad>
            <gpxtpx:atemp>303.15</gpxtpx:atemp>
          </gpxtpx:TrackPointExtension>
        </extensions>
      </trkpt>
      <trkpt lat="30.537006" lon="34.999785">
        <ele>430.8</ele>
        <time>2026-03-31T07:04:17.000Z</time>
        <extensions>
          <gpxtpx:TrackPointExtension>
            <gpxtpx:hr>146</gpxtpx:hr>
            <gpxtpx:cad>0</gpxtpx:cad>
            <gpxtpx:atemp>303.15</gpxtpx:atemp>
          </gpxtpx:TrackPointExtension>
        </extensions>
      </trkpt>
      <trkpt lat="30.537023" lon="34.999830">
        <ele>430.1</ele>
        <time>2026-03-31T07:04:27.000Z</time>
        <extensions>
          <gpxtpx:TrackPointExtension>
            <gpxtpx:hr>140</gpxtpx:hr>
            <gpxtpx:cad>63</gpxtpx:cad>
            <gpxtpx:atemp>303.15</gpxtpx:atemp>
          </gpxtpx:TrackPointExtension>
        </extensions>
      </trkpt>
      <trkpt lat="30.537032" lon="34.999892">
        <ele>429.1</ele>
        <time>2026-03-31T07:04:32.000Z</time>
        <extensions>
          <gpxtpx:TrackPointExtension>
            <gpxtpx:hr>136</gpxtpx:hr>
            <gpxtpx:cad>62</gpxtpx:cad>
            <gpxtpx:atemp>303.15</gpxtpx:atemp>
          </gpxtpx:TrackPointExtension>
        </extensions>
      </trkpt>
      <trkpt lat="30.537082" lon="34.999979">
        <ele>427.9</ele>
        <time>2026-03-31T07:04:39.000Z</time>
        <extensions>
          <gpxtpx:TrackPointExtension>
            <gpxtpx:hr>133</gpxtpx:hr>
            <gpxtpx:cad>62</gpxtpx:cad>
            <gpxtpx:atemp>304.15</gpxtpx:atemp>
          </gpxtpx:TrackPointExtension>
        </extensions>
      </trkpt>
      <trkpt lat="30.537047" lon="35.000058">
        <ele>426.3</ele>
        <time>2026-03-31T07:04:46.000Z</time>
        <extensions>
          <gpxtpx:TrackPointExtension>
            <gpxtpx:hr>126</gpxtpx:hr>
            <gpxtpx:cad>0</gpxtpx:cad>
            <gpxtpx:atemp>304.15</gpxtpx:atemp>
          </gpxtpx:TrackPointExtension>
        </extensions>
      </trkpt>
      <trkpt lat="30.537044" lon="35.000099">
        <ele>425.6</ele>
        <time>2026-03-31T07:04:48.000Z</time>
        <extensions>
          <gpxtpx:TrackPointExtension>
            <gpxtpx:hr>124</gpxtpx:hr>
            <gpxtpx:cad>0</gpxtpx:cad>
            <gpxtpx:atemp>304.15</gpxtpx:atemp>
          </gpxtpx:TrackPointExtension>
        </extensions>
      </trkpt>
      <trkpt lat="30.537089" lon="35.000249">
        <ele>423.1</ele>
        <time>2026-03-31T07:05:00.000Z</time>
        <extensions>
          <gpxtpx:TrackPointExtension>
            <gpxtpx:hr>119</gpxtpx:hr>
            <gpxtpx:cad>50</gpxtpx:cad>
            <gpxtpx:atemp>304.15</gpxtpx:atemp>
          </gpxtpx:TrackPointExtension>
        </extensions>
      </trkpt>
      <trkpt lat="30.537197" lon="35.000378">
        <ele>421.2</ele>
        <time>2026-03-31T07:05:13.000Z</time>
        <extensions>
          <gpxtpx:TrackPointExtension>
            <gpxtpx:hr>121</gpxtpx:hr>
            <gpxtpx:cad>54</gpxtpx:cad>
            <gpxtpx:atemp>304.15</gpxtpx:atemp>
          </gpxtpx:TrackPointExtension>
        </extensions>
      </trkpt>
      <trkpt lat="30.537248" lon="35.000465">
        <ele>419.8</ele>
        <time>2026-03-31T07:05:21.000Z</time>
        <extensions>
          <gpxtpx:TrackPointExtension>
            <gpxtpx:hr>120</gpxtpx:hr>
            <gpxtpx:cad>52</gpxtpx:cad>
            <gpxtpx:atemp>304.15</gpxtpx:atemp>
          </gpxtpx:TrackPointExtension>
        </extensions>
      </trkpt>
      <trkpt lat="30.537273" lon="35.000554">
        <ele>418.4</ele>
        <time>2026-03-31T07:05:27.000Z</time>
        <extensions>
          <gpxtpx:TrackPointExtension>
            <gpxtpx:hr>118</gpxtpx:hr>
            <gpxtpx:cad>0</gpxtpx:cad>
            <gpxtpx:atemp>304.15</gpxtpx:atemp>
          </gpxtpx:TrackPointExtension>
        </extensions>
      </trkpt>
      <trkpt lat="30.537249" lon="35.000676">
        <ele>416.3</ele>
        <time>2026-03-31T07:05:38.000Z</time>
        <extensions>
          <gpxtpx:TrackPointExtension>
            <gpxtpx:hr>113</gpxtpx:hr>
            <gpxtpx:cad>53</gpxtpx:cad>
            <gpxtpx:atemp>304.15</gpxtpx:atemp>
          </gpxtpx:TrackPointExtension>
        </extensions>
      </trkpt>
      <trkpt lat="30.537250" lon="35.000817">
        <ele>414.0</ele>
        <time>2026-03-31T07:05:48.000Z</time>
        <extensions>
          <gpxtpx:TrackPointExtension>
            <gpxtpx:hr>105</gpxtpx:hr>
            <gpxtpx:cad>0</gpxtpx:cad>
            <gpxtpx:atemp>304.15</gpxtpx:atemp>
          </gpxtpx:TrackPointExtension>
        </extensions>
      </trkpt>
      <trkpt lat="30.537213" lon="35.000920">
        <ele>412.4</ele>
        <time>2026-03-31T07:06:03.000Z</time>
        <extensions>
          <gpxtpx:TrackPointExtension>
            <gpxtpx:hr>100</gpxtpx:hr>
            <gpxtpx:cad>0</gpxtpx:cad>
            <gpxtpx:atemp>303.15</gpxtpx:atemp>
          </gpxtpx:TrackPointExtension>
        </extensions>
      </trkpt>
      <trkpt lat="30.537208" lon="35.000910">
        <ele>412.5</ele>
        <time>2026-03-31T07:06:13.000Z</time>
        <extensions>
          <gpxtpx:TrackPointExtension>
            <gpxtpx:hr>99</gpxtpx:hr>
            <gpxtpx:cad>0</gpxtpx:cad>
            <gpxtpx:atemp>303.15</gpxtpx:atemp>
          </gpxtpx:TrackPointExtension>
        </extensions>
      </trkpt>
      <trkpt lat="30.537223" lon="35.000902">
        <ele>412.6</ele>
        <time>2026-03-31T07:07:18.000Z</time>
        <extensions>
          <gpxtpx:TrackPointExtension>
            <gpxtpx:hr>107</gpxtpx:hr>
            <gpxtpx:cad>0</gpxtpx:cad>
            <gpxtpx:atemp>305.15</gpxtpx:atemp>
          </gpxtpx:TrackPointExtension>
        </extensions>
      </trkpt>
      <trkpt lat="30.537212" lon="35.000855">
        <ele>413.4</ele>
        <time>2026-03-31T07:07:28.000Z</time>
        <extensions>
          <gpxtpx:TrackPointExtension>
            <gpxtpx:hr>108</gpxtpx:hr>
            <gpxtpx:cad>0</gpxtpx:cad>
            <gpxtpx:atemp>305.15</gpxtpx:atemp>
          </gpxtpx:TrackPointExtension>
        </extensions>
      </trkpt>
      <trkpt lat="30.537157" lon="35.000822">
        <ele>414.0</ele>
        <time>2026-03-31T07:07:40.000Z</time>
        <extensions>
          <gpxtpx:TrackPointExtension>
            <gpxtpx:hr>108</gpxtpx:hr>
            <gpxtpx:cad>0</gpxtpx:cad>
            <gpxtpx:atemp>305.15</gpxtpx:atemp>
          </gpxtpx:TrackPointExtension>
        </extensions>
      </trkpt>
      <trkpt lat="30.537134" lon="35.000782">
        <ele>414.7</ele>
        <time>2026-03-31T07:08:14.000Z</time>
        <extensions>
          <gpxtpx:TrackPointExtension>
            <gpxtpx:hr>107</gpxtpx:hr>
            <gpxtpx:cad>47</gpxtpx:cad>
            <gpxtpx:atemp>304.15</gpxtpx:atemp>
          </gpxtpx:TrackPointExtension>
        </extensions>
      </trkpt>
      <trkpt lat="30.537077" lon="35.000824">
        <ele>414.2</ele>
        <time>2026-03-31T07:08:25.000Z</time>
        <extensions>
          <gpxtpx:TrackPointExtension>
            <gpxtpx:hr>102</gpxtpx:hr>
            <gpxtpx:cad>0</gpxtpx:cad>
            <gpxtpx:atemp>304.15</gpxtpx:atemp>
          </gpxtpx:TrackPointExtension>
        </extensions>
      </trkpt>
      <trkpt lat="30.537113" lon="35.000792">
        <ele>414.6</ele>
        <time>2026-03-31T07:09:39.000Z</time>
        <extensions>
          <gpxtpx:TrackPointExtension>
            <gpxtpx:hr>113</gpxtpx:hr>
            <gpxtpx:cad>50</gpxtpx:cad>
            <gpxtpx:atemp>304.15</gpxtpx:atemp>
          </gpxtpx:TrackPointExtension>
        </extensions>
      </trkpt>
      <trkpt lat="30.537166" lon="35.000794">
        <ele>414.5</ele>
        <time>2026-03-31T07:09:46.000Z</time>
        <extensions>
          <gpxtpx:TrackPointExtension>
            <gpxtpx:hr>114</gpxtpx:hr>
            <gpxtpx:cad>46</gpxtpx:cad>
            <gpxtpx:atemp>304.15</gpxtpx:atemp>
          </gpxtpx:TrackPointExtension>
        </extensions>
      </trkpt>
      <trkpt lat="30.537234" lon="35.000842">
        <ele>413.6</ele>
        <time>2026-03-31T07:10:01.000Z</time>
        <extensions>
          <gpxtpx:TrackPointExtension>
            <gpxtpx:hr>126</gpxtpx:hr>
            <gpxtpx:cad>41</gpxtpx:cad>
            <gpxtpx:atemp>304.15</gpxtpx:atemp>
          </gpxtpx:TrackPointExtension>
        </extensions>
      </trkpt>
      <trkpt lat="30.537317" lon="35.000854">
        <ele>413.2</ele>
        <time>2026-03-31T07:10:19.000Z</time>
        <extensions>
          <gpxtpx:TrackPointExtension>
            <gpxtpx:hr>129</gpxtpx:hr>
            <gpxtpx:cad>0</gpxtpx:cad>
            <gpxtpx:atemp>303.15</gpxtpx:atemp>
          </gpxtpx:TrackPointExtension>
        </extensions>
      </trkpt>
      <trkpt lat="30.537344" lon="35.000823">
        <ele>413.7</ele>
        <time>2026-03-31T07:10:25.000Z</time>
        <extensions>
          <gpxtpx:TrackPointExtension>
            <gpxtpx:hr>129</gpxtpx:hr>
            <gpxtpx:cad>56</gpxtpx:cad>
            <gpxtpx:atemp>303.15</gpxtpx:atemp>
          </gpxtpx:TrackPointExtension>
        </extensions>
      </trkpt>
      <trkpt lat="30.537368" lon="35.000808">
        <ele>414.0</ele>
        <time>2026-03-31T07:10:27.000Z</time>
        <extensions>
          <gpxtpx:TrackPointExtension>
            <gpxtpx:hr>129</gpxtpx:hr>
            <gpxtpx:cad>55</gpxtpx:cad>
            <gpxtpx:atemp>303.15</gpxtpx:atemp>
          </gpxtpx:TrackPointExtension>
        </extensions>
      </trkpt>
      <trkpt lat="30.537522" lon="35.000786">
        <ele>415.7</ele>
        <time>2026-03-31T07:10:40.000Z</time>
        <extensions>
          <gpxtpx:TrackPointExtension>
            <gpxtpx:hr>132</gpxtpx:hr>
            <gpxtpx:cad>51</gpxtpx:cad>
            <gpxtpx:atemp>303.15</gpxtpx:atemp>
          </gpxtpx:TrackPointExtension>
        </extensions>
      </trkpt>
      <trkpt lat="30.537651" lon="35.000726">
        <ele>417.8</ele>
        <time>2026-03-31T07:10:54.000Z</time>
        <extensions>
          <gpxtpx:TrackPointExtension>
            <gpxtpx:hr>142</gpxtpx:hr>
            <gpxtpx:cad>57</gpxtpx:cad>
            <gpxtpx:atemp>303.15</gpxtpx:atemp>
          </gpxtpx:TrackPointExtension>
        </extensions>
      </trkpt>
      <trkpt lat="30.537765" lon="35.000653">
        <ele>420.9</ele>
        <time>2026-03-31T07:11:05.000Z</time>
        <extensions>
          <gpxtpx:TrackPointExtension>
            <gpxtpx:hr>148</gpxtpx:hr>
            <gpxtpx:cad>52</gpxtpx:cad>
            <gpxtpx:atemp>303.15</gpxtpx:atemp>
          </gpxtpx:TrackPointExtension>
        </extensions>
      </trkpt>
      <trkpt lat="30.537886" lon="35.000597">
        <ele>423.6</ele>
        <time>2026-03-31T07:11:19.000Z</time>
        <extensions>
          <gpxtpx:TrackPointExtension>
            <gpxtpx:hr>149</gpxtpx:hr>
            <gpxtpx:cad>50</gpxtpx:cad>
            <gpxtpx:atemp>303.15</gpxtpx:atemp>
          </gpxtpx:TrackPointExtension>
        </extensions>
      </trkpt>
      <trkpt lat="30.537945" lon="35.000504">
        <ele>425.5</ele>
        <time>2026-03-31T07:11:30.000Z</time>
        <extensions>
          <gpxtpx:TrackPointExtension>
            <gpxtpx:hr>152</gpxtpx:hr>
            <gpxtpx:cad>71</gpxtpx:cad>
            <gpxtpx:atemp>303.15</gpxtpx:atemp>
          </gpxtpx:TrackPointExtension>
        </extensions>
      </trkpt>
      <trkpt lat="30.537957" lon="35.000461">
        <ele>426.1</ele>
        <time>2026-03-31T07:11:35.000Z</time>
        <extensions>
          <gpxtpx:TrackPointExtension>
            <gpxtpx:hr>149</gpxtpx:hr>
            <gpxtpx:cad>72</gpxtpx:cad>
            <gpxtpx:atemp>303.15</gpxtpx:atemp>
          </gpxtpx:TrackPointExtension>
        </extensions>
      </trkpt>
      <trkpt lat="30.538017" lon="35.000386">
        <ele>427.8</ele>
        <time>2026-03-31T07:11:40.000Z</time>
        <extensions>
          <gpxtpx:TrackPointExtension>
            <gpxtpx:hr>147</gpxtpx:hr>
            <gpxtpx:cad>72</gpxtpx:cad>
            <gpxtpx:atemp>303.15</gpxtpx:atemp>
          </gpxtpx:TrackPointExtension>
        </extensions>
      </trkpt>
      <trkpt lat="30.538025" lon="35.000356">
        <ele>428.2</ele>
        <time>2026-03-31T07:11:42.000Z</time>
        <extensions>
          <gpxtpx:TrackPointExtension>
            <gpxtpx:hr>145</gpxtpx:hr>
            <gpxtpx:cad>74</gpxtpx:cad>
            <gpxtpx:atemp>303.15</gpxtpx:atemp>
          </gpxtpx:TrackPointExtension>
        </extensions>
      </trkpt>
      <trkpt lat="30.538082" lon="35.000247">
        <ele>429.7</ele>
        <time>2026-03-31T07:11:49.000Z</time>
        <extensions>
          <gpxtpx:TrackPointExtension>
            <gpxtpx:hr>142</gpxtpx:hr>
            <gpxtpx:cad>74</gpxtpx:cad>
            <gpxtpx:atemp>303.15</gpxtpx:atemp>
          </gpxtpx:TrackPointExtension>
        </extensions>
      </trkpt>
      <trkpt lat="30.538124" lon="35.000098">
        <ele>431.0</ele>
        <time>2026-03-31T07:11:57.000Z</time>
        <extensions>
          <gpxtpx:TrackPointExtension>
            <gpxtpx:hr>142</gpxtpx:hr>
            <gpxtpx:cad>76</gpxtpx:cad>
            <gpxtpx:atemp>302.15</gpxtpx:atemp>
          </gpxtpx:TrackPointExtension>
        </extensions>
      </trkpt>
      <trkpt lat="30.538151" lon="34.999919">
        <ele>431.9</ele>
        <time>2026-03-31T07:12:06.000Z</time>
        <extensions>
          <gpxtpx:TrackPointExtension>
            <gpxtpx:hr>145</gpxtpx:hr>
            <gpxtpx:cad>65</gpxtpx:cad>
            <gpxtpx:atemp>302.15</gpxtpx:atemp>
          </gpxtpx:TrackPointExtension>
        </extensions>
      </trkpt>
      <trkpt lat="30.538171" lon="34.999821">
        <ele>432.1</ele>
        <time>2026-03-31T07:12:12.000Z</time>
        <extensions>
          <gpxtpx:TrackPointExtension>
            <gpxtpx:hr>146</gpxtpx:hr>
            <gpxtpx:cad>53</gpxtpx:cad>
            <gpxtpx:atemp>302.15</gpxtpx:atemp>
          </gpxtpx:TrackPointExtension>
        </extensions>
      </trkpt>
      <trkpt lat="30.538219" lon="34.999669">
        <ele>431.9</ele>
        <time>2026-03-31T07:12:27.000Z</time>
        <extensions>
          <gpxtpx:TrackPointExtension>
            <gpxtpx:hr>153</gpxtpx:hr>
            <gpxtpx:cad>76</gpxtpx:cad>
            <gpxtpx:atemp>302.15</gpxtpx:atemp>
          </gpxtpx:TrackPointExtension>
        </extensions>
      </trkpt>
      <trkpt lat="30.538245" lon="34.999618">
        <ele>431.8</ele>
        <time>2026-03-31T07:12:31.000Z</time>
        <extensions>
          <gpxtpx:TrackPointExtension>
            <gpxtpx:hr>152</gpxtpx:hr>
            <gpxtpx:cad>76</gpxtpx:cad>
            <gpxtpx:atemp>302.15</gpxtpx:atemp>
          </gpxtpx:TrackPointExtension>
        </extensions>
      </trkpt>
      <trkpt lat="30.538337" lon="34.999501">
        <ele>431.0</ele>
        <time>2026-03-31T07:12:38.000Z</time>
        <extensions>
          <gpxtpx:TrackPointExtension>
            <gpxtpx:hr>152</gpxtpx:hr>
            <gpxtpx:cad>74</gpxtpx:cad>
            <gpxtpx:atemp>302.15</gpxtpx:atemp>
          </gpxtpx:TrackPointExtension>
        </extensions>
      </trkpt>
      <trkpt lat="30.538400" lon="34.999386">
        <ele>430.0</ele>
        <time>2026-03-31T07:12:45.000Z</time>
        <extensions>
          <gpxtpx:TrackPointExtension>
            <gpxtpx:hr>151</gpxtpx:hr>
            <gpxtpx:cad>76</gpxtpx:cad>
            <gpxtpx:atemp>303.15</gpxtpx:atemp>
          </gpxtpx:TrackPointExtension>
        </extensions>
      </trkpt>
      <trkpt lat="30.538454" lon="34.999240">
        <ele>428.5</ele>
        <time>2026-03-31T07:12:53.000Z</time>
        <extensions>
          <gpxtpx:TrackPointExtension>
            <gpxtpx:hr>148</gpxtpx:hr>
            <gpxtpx:cad>74</gpxtpx:cad>
            <gpxtpx:atemp>303.15</gpxtpx:atemp>
          </gpxtpx:TrackPointExtension>
        </extensions>
      </trkpt>
      <trkpt lat="30.538512" lon="34.999125">
        <ele>427.0</ele>
        <time>2026-03-31T07:13:00.000Z</time>
        <extensions>
          <gpxtpx:TrackPointExtension>
            <gpxtpx:hr>145</gpxtpx:hr>
            <gpxtpx:cad>74</gpxtpx:cad>
            <gpxtpx:atemp>303.15</gpxtpx:atemp>
          </gpxtpx:TrackPointExtension>
        </extensions>
      </trkpt>
      <trkpt lat="30.538560" lon="34.999069">
        <ele>426.2</ele>
        <time>2026-03-31T07:13:04.000Z</time>
        <extensions>
          <gpxtpx:TrackPointExtension>
            <gpxtpx:hr>144</gpxtpx:hr>
            <gpxtpx:cad>75</gpxtpx:cad>
            <gpxtpx:atemp>303.15</gpxtpx:atemp>
          </gpxtpx:TrackPointExtension>
        </extensions>
      </trkpt>
      <trkpt lat="30.538699" lon="34.998930">
        <ele>424.3</ele>
        <time>2026-03-31T07:13:15.000Z</time>
        <extensions>
          <gpxtpx:TrackPointExtension>
            <gpxtpx:hr>142</gpxtpx:hr>
            <gpxtpx:cad>74</gpxtpx:cad>
            <gpxtpx:atemp>303.15</gpxtpx:atemp>
          </gpxtpx:TrackPointExtension>
        </extensions>
      </trkpt>
      <trkpt lat="30.538767" lon="34.998792">
        <ele>422.5</ele>
        <time>2026-03-31T07:13:23.000Z</time>
        <extensions>
          <gpxtpx:TrackPointExtension>
            <gpxtpx:hr>138</gpxtpx:hr>
            <gpxtpx:cad>73</gpxtpx:cad>
            <gpxtpx:atemp>303.15</gpxtpx:atemp>
          </gpxtpx:TrackPointExtension>
        </extensions>
      </trkpt>
      <trkpt lat="30.538788" lon="34.998765">
        <ele>422.2</ele>
        <time>2026-03-31T07:13:25.000Z</time>
        <extensions>
          <gpxtpx:TrackPointExtension>
            <gpxtpx:hr>138</gpxtpx:hr>
            <gpxtpx:cad>71</gpxtpx:cad>
            <gpxtpx:atemp>303.15</gpxtpx:atemp>
          </gpxtpx:TrackPointExtension>
        </extensions>
      </trkpt>
      <trkpt lat="30.538837" lon="34.998665">
        <ele>421.0</ele>
        <time>2026-03-31T07:13:31.000Z</time>
        <extensions>
          <gpxtpx:TrackPointExtension>
            <gpxtpx:hr>137</gpxtpx:hr>
            <gpxtpx:cad>68</gpxtpx:cad>
            <gpxtpx:atemp>303.15</gpxtpx:atemp>
          </gpxtpx:TrackPointExtension>
        </extensions>
      </trkpt>
      <trkpt lat="30.538926" lon="34.998564">
        <ele>419.6</ele>
        <time>2026-03-31T07:13:39.000Z</time>
        <extensions>
          <gpxtpx:TrackPointExtension>
            <gpxtpx:hr>138</gpxtpx:hr>
            <gpxtpx:cad>0</gpxtpx:cad>
            <gpxtpx:atemp>303.15</gpxtpx:atemp>
          </gpxtpx:TrackPointExtension>
        </extensions>
      </trkpt>
      <trkpt lat="30.538939" lon="34.998501">
        <ele>418.7</ele>
        <time>2026-03-31T07:13:43.000Z</time>
        <extensions>
          <gpxtpx:TrackPointExtension>
            <gpxtpx:hr>140</gpxtpx:hr>
            <gpxtpx:cad>57</gpxtpx:cad>
            <gpxtpx:atemp>303.15</gpxtpx:atemp>
          </gpxtpx:TrackPointExtension>
        </extensions>
      </trkpt>
      <trkpt lat="30.538968" lon="34.998450">
        <ele>418.1</ele>
        <time>2026-03-31T07:13:47.000Z</time>
        <extensions>
          <gpxtpx:TrackPointExtension>
            <gpxtpx:hr>140</gpxtpx:hr>
            <gpxtpx:cad>62</gpxtpx:cad>
            <gpxtpx:atemp>303.15</gpxtpx:atemp>
          </gpxtpx:TrackPointExtension>
        </extensions>
      </trkpt>
      <trkpt lat="30.539033" lon="34.998382">
        <ele>417.4</ele>
        <time>2026-03-31T07:13:54.000Z</time>
        <extensions>
          <gpxtpx:TrackPointExtension>
            <gpxtpx:hr>137</gpxtpx:hr>
            <gpxtpx:cad>74</gpxtpx:cad>
            <gpxtpx:atemp>303.15</gpxtpx:atemp>
          </gpxtpx:TrackPointExtension>
        </extensions>
      </trkpt>
      <trkpt lat="30.539125" lon="34.998231">
        <ele>416.1</ele>
        <time>2026-03-31T07:14:04.000Z</time>
        <extensions>
          <gpxtpx:TrackPointExtension>
            <gpxtpx:hr>138</gpxtpx:hr>
            <gpxtpx:cad>73</gpxtpx:cad>
            <gpxtpx:atemp>304.15</gpxtpx:atemp>
          </gpxtpx:TrackPointExtension>
        </extensions>
      </trkpt>
      <trkpt lat="30.539203" lon="34.998148">
        <ele>415.2</ele>
        <time>2026-03-31T07:14:10.000Z</time>
        <extensions>
          <gpxtpx:TrackPointExtension>
            <gpxtpx:hr>135</gpxtpx:hr>
            <gpxtpx:cad>73</gpxtpx:cad>
            <gpxtpx:atemp>304.15</gpxtpx:atemp>
          </gpxtpx:TrackPointExtension>
        </extensions>
      </trkpt>
      <trkpt lat="30.539273" lon="34.998054">
        <ele>414.3</ele>
        <time>2026-03-31T07:14:16.000Z</time>
        <extensions>
          <gpxtpx:TrackPointExtension>
            <gpxtpx:hr>131</gpxtpx:hr>
            <gpxtpx:cad>72</gpxtpx:cad>
            <gpxtpx:atemp>304.15</gpxtpx:atemp>
          </gpxtpx:TrackPointExtension>
        </extensions>
      </trkpt>
      <trkpt lat="30.539323" lon="34.997953">
        <ele>413.3</ele>
        <time>2026-03-31T07:14:23.000Z</time>
        <extensions>
          <gpxtpx:TrackPointExtension>
            <gpxtpx:hr>130</gpxtpx:hr>
            <gpxtpx:cad>72</gpxtpx:cad>
            <gpxtpx:atemp>304.15</gpxtpx:atemp>
          </gpxtpx:TrackPointExtension>
        </extensions>
      </trkpt>
      <trkpt lat="30.539402" lon="34.997770">
        <ele>412.3</ele>
        <time>2026-03-31T07:14:35.000Z</time>
        <extensions>
          <gpxtpx:TrackPointExtension>
            <gpxtpx:hr>128</gpxtpx:hr>
            <gpxtpx:cad>0</gpxtpx:cad>
            <gpxtpx:atemp>304.15</gpxtpx:atemp>
          </gpxtpx:TrackPointExtension>
        </extensions>
      </trkpt>
      <trkpt lat="30.539461" lon="34.997732">
        <ele>411.8</ele>
        <time>2026-03-31T07:14:41.000Z</time>
        <extensions>
          <gpxtpx:TrackPointExtension>
            <gpxtpx:hr>128</gpxtpx:hr>
            <gpxtpx:cad>59</gpxtpx:cad>
            <gpxtpx:atemp>304.15</gpxtpx:atemp>
          </gpxtpx:TrackPointExtension>
        </extensions>
      </trkpt>
      <trkpt lat="30.539523" lon="34.997657">
        <ele>410.7</ele>
        <time>2026-03-31T07:14:48.000Z</time>
        <extensions>
          <gpxtpx:TrackPointExtension>
            <gpxtpx:hr>127</gpxtpx:hr>
            <gpxtpx:cad>67</gpxtpx:cad>
            <gpxtpx:atemp>304.15</gpxtpx:atemp>
          </gpxtpx:TrackPointExtension>
        </extensions>
      </trkpt>
      <trkpt lat="30.539550" lon="34.997599">
        <ele>410.0</ele>
        <time>2026-03-31T07:14:53.000Z</time>
        <extensions>
          <gpxtpx:TrackPointExtension>
            <gpxtpx:hr>125</gpxtpx:hr>
            <gpxtpx:cad>68</gpxtpx:cad>
            <gpxtpx:atemp>304.15</gpxtpx:atemp>
          </gpxtpx:TrackPointExtension>
        </extensions>
      </trkpt>
      <trkpt lat="30.539643" lon="34.997493">
        <ele>409.2</ele>
        <time>2026-03-31T07:15:01.000Z</time>
        <extensions>
          <gpxtpx:TrackPointExtension>
            <gpxtpx:hr>124</gpxtpx:hr>
            <gpxtpx:cad>72</gpxtpx:cad>
            <gpxtpx:atemp>304.15</gpxtpx:atemp>
          </gpxtpx:TrackPointExtension>
        </extensions>
      </trkpt>
      <trkpt lat="30.539779" lon="34.997452">
        <ele>409.1</ele>
        <time>2026-03-31T07:15:10.000Z</time>
        <extensions>
          <gpxtpx:TrackPointExtension>
            <gpxtpx:hr>124</gpxtpx:hr>
            <gpxtpx:cad>58</gpxtpx:cad>
            <gpxtpx:atemp>304.15</gpxtpx:atemp>
          </gpxtpx:TrackPointExtension>
        </extensions>
      </trkpt>
      <trkpt lat="30.539859" lon="34.997456">
        <ele>409.4</ele>
        <time>2026-03-31T07:15:15.000Z</time>
        <extensions>
          <gpxtpx:TrackPointExtension>
            <gpxtpx:hr>125</gpxtpx:hr>
            <gpxtpx:cad>58</gpxtpx:cad>
            <gpxtpx:atemp>304.15</gpxtpx:atemp>
          </gpxtpx:TrackPointExtension>
        </extensions>
      </trkpt>
      <trkpt lat="30.539978" lon="34.997381">
        <ele>409.2</ele>
        <time>2026-03-31T07:15:27.000Z</time>
        <extensions>
          <gpxtpx:TrackPointExtension>
            <gpxtpx:hr>110</gpxtpx:hr>
            <gpxtpx:cad>68</gpxtpx:cad>
            <gpxtpx:atemp>304.15</gpxtpx:atemp>
          </gpxtpx:TrackPointExtension>
        </extensions>
      </trkpt>
      <trkpt lat="30.540109" lon="34.997243">
        <ele>408.9</ele>
        <time>2026-03-31T07:15:39.000Z</time>
        <extensions>
          <gpxtpx:TrackPointExtension>
            <gpxtpx:hr>103</gpxtpx:hr>
            <gpxtpx:cad>0</gpxtpx:cad>
            <gpxtpx:atemp>304.15</gpxtpx:atemp>
          </gpxtpx:TrackPointExtension>
        </extensions>
      </trkpt>
      <trkpt lat="30.540126" lon="34.997063">
        <ele>407.8</ele>
        <time>2026-03-31T07:15:55.000Z</time>
        <extensions>
          <gpxtpx:TrackPointExtension>
            <gpxtpx:hr>95</gpxtpx:hr>
            <gpxtpx:cad>57</gpxtpx:cad>
            <gpxtpx:atemp>305.15</gpxtpx:atemp>
          </gpxtpx:TrackPointExtension>
        </extensions>
      </trkpt>
      <trkpt lat="30.540154" lon="34.996959">
        <ele>407.7</ele>
        <time>2026-03-31T07:16:03.000Z</time>
        <extensions>
          <gpxtpx:TrackPointExtension>
            <gpxtpx:hr>94</gpxtpx:hr>
            <gpxtpx:cad>0</gpxtpx:cad>
            <gpxtpx:atemp>305.15</gpxtpx:atemp>
          </gpxtpx:TrackPointExtension>
        </extensions>
      </trkpt>
      <trkpt lat="30.540187" lon="34.996909">
        <ele>407.8</ele>
        <time>2026-03-31T07:16:07.000Z</time>
        <extensions>
          <gpxtpx:TrackPointExtension>
            <gpxtpx:hr>93</gpxtpx:hr>
            <gpxtpx:cad>60</gpxtpx:cad>
            <gpxtpx:atemp>304.15</gpxtpx:atemp>
          </gpxtpx:TrackPointExtension>
        </extensions>
      </trkpt>
      <trkpt lat="30.540209" lon="34.996855">
        <ele>407.7</ele>
        <time>2026-03-31T07:16:11.000Z</time>
        <extensions>
          <gpxtpx:TrackPointExtension>
            <gpxtpx:hr>92</gpxtpx:hr>
            <gpxtpx:cad>51</gpxtpx:cad>
            <gpxtpx:atemp>304.15</gpxtpx:atemp>
          </gpxtpx:TrackPointExtension>
        </extensions>
      </trkpt>
      <trkpt lat="30.540244" lon="34.996821">
        <ele>407.8</ele>
        <time>2026-03-31T07:16:15.000Z</time>
        <extensions>
          <gpxtpx:TrackPointExtension>
            <gpxtpx:hr>93</gpxtpx:hr>
            <gpxtpx:cad>55</gpxtpx:cad>
            <gpxtpx:atemp>304.15</gpxtpx:atemp>
          </gpxtpx:TrackPointExtension>
        </extensions>
      </trkpt>
      <trkpt lat="30.540297" lon="34.996728">
        <ele>408.3</ele>
        <time>2026-03-31T07:16:52.000Z</time>
        <extensions>
          <gpxtpx:TrackPointExtension>
            <gpxtpx:hr>105</gpxtpx:hr>
            <gpxtpx:cad>0</gpxtpx:cad>
            <gpxtpx:atemp>304.15</gpxtpx:atemp>
          </gpxtpx:TrackPointExtension>
        </extensions>
      </trkpt>
      <trkpt lat="30.540318" lon="34.996697">
        <ele>408.4</ele>
        <time>2026-03-31T07:17:03.000Z</time>
        <extensions>
          <gpxtpx:TrackPointExtension>
            <gpxtpx:hr>103</gpxtpx:hr>
            <gpxtpx:cad>0</gpxtpx:cad>
            <gpxtpx:atemp>304.15</gpxtpx:atemp>
          </gpxtpx:TrackPointExtension>
        </extensions>
      </trkpt>
      <trkpt lat="30.540326" lon="34.996679">
        <ele>408.5</ele>
        <time>2026-03-31T07:17:22.000Z</time>
        <extensions>
          <gpxtpx:TrackPointExtension>
            <gpxtpx:hr>111</gpxtpx:hr>
            <gpxtpx:cad>0</gpxtpx:cad>
            <gpxtpx:atemp>304.15</gpxtpx:atemp>
          </gpxtpx:TrackPointExtension>
        </extensions>
      </trkpt>
      <trkpt lat="30.540324" lon="34.996685">
        <ele>408.5</ele>
        <time>2026-03-31T07:17:29.000Z</time>
        <extensions>
          <gpxtpx:TrackPointExtension>
            <gpxtpx:hr>109</gpxtpx:hr>
            <gpxtpx:cad>0</gpxtpx:cad>
            <gpxtpx:atemp>304.15</gpxtpx:atemp>
          </gpxtpx:TrackPointExtension>
        </extensions>
      </trkpt>
      <trkpt lat="30.540340" lon="34.996666">
        <ele>408.6</ele>
        <time>2026-03-31T07:18:03.000Z</time>
        <extensions>
          <gpxtpx:TrackPointExtension>
            <gpxtpx:hr>122</gpxtpx:hr>
            <gpxtpx:cad>0</gpxtpx:cad>
            <gpxtpx:atemp>305.15</gpxtpx:atemp>
          </gpxtpx:TrackPointExtension>
        </extensions>
      </trkpt>
      <trkpt lat="30.540344" lon="34.996665">
        <ele>408.6</ele>
        <time>2026-03-31T07:18:19.000Z</time>
        <extensions>
          <gpxtpx:TrackPointExtension>
            <gpxtpx:hr>117</gpxtpx:hr>
            <gpxtpx:cad>0</gpxtpx:cad>
            <gpxtpx:atemp>305.15</gpxtpx:atemp>
          </gpxtpx:TrackPointExtension>
        </extensions>
      </trkpt>
      <trkpt lat="30.540336" lon="34.996671">
        <ele>408.6</ele>
        <time>2026-03-31T07:18:36.000Z</time>
        <extensions>
          <gpxtpx:TrackPointExtension>
            <gpxtpx:hr>133</gpxtpx:hr>
            <gpxtpx:cad>0</gpxtpx:cad>
            <gpxtpx:atemp>304.15</gpxtpx:atemp>
          </gpxtpx:TrackPointExtension>
        </extensions>
      </trkpt>
      <trkpt lat="30.540348" lon="34.996675">
        <ele>408.6</ele>
        <time>2026-03-31T07:18:44.000Z</time>
        <extensions>
          <gpxtpx:TrackPointExtension>
            <gpxtpx:hr>134</gpxtpx:hr>
            <gpxtpx:cad>0</gpxtpx:cad>
            <gpxtpx:atemp>304.15</gpxtpx:atemp>
          </gpxtpx:TrackPointExtension>
        </extensions>
      </trkpt>
      <trkpt lat="30.540344" lon="34.996665">
        <ele>408.6</ele>
        <time>2026-03-31T07:18:59.000Z</time>
        <extensions>
          <gpxtpx:TrackPointExtension>
            <gpxtpx:hr>132</gpxtpx:hr>
            <gpxtpx:cad>0</gpxtpx:cad>
            <gpxtpx:atemp>303.15</gpxtpx:atemp>
          </gpxtpx:TrackPointExtension>
        </extensions>
      </trkpt>
      <trkpt lat="30.540379" lon="34.996639">
        <ele>408.8</ele>
        <time>2026-03-31T07:19:11.000Z</time>
        <extensions>
          <gpxtpx:TrackPointExtension>
            <gpxtpx:hr>132</gpxtpx:hr>
            <gpxtpx:cad>48</gpxtpx:cad>
            <gpxtpx:atemp>303.15</gpxtpx:atemp>
          </gpxtpx:TrackPointExtension>
        </extensions>
      </trkpt>
      <trkpt lat="30.540410" lon="34.996605">
        <ele>409.0</ele>
        <time>2026-03-31T07:19:20.000Z</time>
        <extensions>
          <gpxtpx:TrackPointExtension>
            <gpxtpx:hr>133</gpxtpx:hr>
            <gpxtpx:cad>49</gpxtpx:cad>
            <gpxtpx:atemp>303.15</gpxtpx:atemp>
          </gpxtpx:TrackPointExtension>
        </extensions>
      </trkpt>
      <trkpt lat="30.540465" lon="34.996573">
        <ele>409.4</ele>
        <time>2026-03-31T07:19:27.000Z</time>
        <extensions>
          <gpxtpx:TrackPointExtension>
            <gpxtpx:hr>134</gpxtpx:hr>
            <gpxtpx:cad>0</gpxtpx:cad>
            <gpxtpx:atemp>303.15</gpxtpx:atemp>
          </gpxtpx:TrackPointExtension>
        </extensions>
      </trkpt>
      <trkpt lat="30.540477" lon="34.996525">
        <ele>409.4</ele>
        <time>2026-03-31T07:19:35.000Z</time>
        <extensions>
          <gpxtpx:TrackPointExtension>
            <gpxtpx:hr>137</gpxtpx:hr>
            <gpxtpx:cad>52</gpxtpx:cad>
            <gpxtpx:atemp>303.15</gpxtpx:atemp>
          </gpxtpx:TrackPointExtension>
        </extensions>
      </trkpt>
      <trkpt lat="30.540479" lon="34.996400">
        <ele>409.7</ele>
        <time>2026-03-31T07:19:48.000Z</time>
        <extensions>
          <gpxtpx:TrackPointExtension>
            <gpxtpx:hr>142</gpxtpx:hr>
            <gpxtpx:cad>51</gpxtpx:cad>
            <gpxtpx:atemp>303.15</gpxtpx:atemp>
          </gpxtpx:TrackPointExtension>
        </extensions>
      </trkpt>
      <trkpt lat="30.540527" lon="34.996345">
        <ele>409.9</ele>
        <time>2026-03-31T07:19:56.000Z</time>
        <extensions>
          <gpxtpx:TrackPointExtension>
            <gpxtpx:hr>144</gpxtpx:hr>
            <gpxtpx:cad>51</gpxtpx:cad>
            <gpxtpx:atemp>303.15</gpxtpx:atemp>
          </gpxtpx:TrackPointExtension>
        </extensions>
      </trkpt>
      <trkpt lat="30.540506" lon="34.996307">
        <ele>409.9</ele>
        <time>2026-03-31T07:20:01.000Z</time>
        <extensions>
          <gpxtpx:TrackPointExtension>
            <gpxtpx:hr>146</gpxtpx:hr>
            <gpxtpx:cad>54</gpxtpx:cad>
            <gpxtpx:atemp>303.15</gpxtpx:atemp>
          </gpxtpx:TrackPointExtension>
        </extensions>
      </trkpt>
      <trkpt lat="30.540535" lon="34.996212">
        <ele>410.2</ele>
        <time>2026-03-31T07:20:09.000Z</time>
        <extensions>
          <gpxtpx:TrackPointExtension>
            <gpxtpx:hr>146</gpxtpx:hr>
            <gpxtpx:cad>71</gpxtpx:cad>
            <gpxtpx:atemp>303.15</gpxtpx:atemp>
          </gpxtpx:TrackPointExtension>
        </extensions>
      </trkpt>
      <trkpt lat="30.540613" lon="34.996065">
        <ele>410.4</ele>
        <time>2026-03-31T07:20:20.000Z</time>
        <extensions>
          <gpxtpx:TrackPointExtension>
            <gpxtpx:hr>148</gpxtpx:hr>
            <gpxtpx:cad>53</gpxtpx:cad>
            <gpxtpx:atemp>303.15</gpxtpx:atemp>
          </gpxtpx:TrackPointExtension>
        </extensions>
      </trkpt>
      <trkpt lat="30.540671" lon="34.995987">
        <ele>410.2</ele>
        <time>2026-03-31T07:20:28.000Z</time>
        <extensions>
          <gpxtpx:TrackPointExtension>
            <gpxtpx:hr>145</gpxtpx:hr>
            <gpxtpx:cad>72</gpxtpx:cad>
            <gpxtpx:atemp>303.15</gpxtpx:atemp>
          </gpxtpx:TrackPointExtension>
        </extensions>
      </trkpt>
      <trkpt lat="30.540744" lon="34.995929">
        <ele>410.1</ele>
        <time>2026-03-31T07:20:33.000Z</time>
        <extensions>
          <gpxtpx:TrackPointExtension>
            <gpxtpx:hr>145</gpxtpx:hr>
            <gpxtpx:cad>67</gpxtpx:cad>
            <gpxtpx:atemp>303.15</gpxtpx:atemp>
          </gpxtpx:TrackPointExtension>
        </extensions>
      </trkpt>
      <trkpt lat="30.540771" lon="34.995889">
        <ele>410.1</ele>
        <time>2026-03-31T07:20:36.000Z</time>
        <extensions>
          <gpxtpx:TrackPointExtension>
            <gpxtpx:hr>145</gpxtpx:hr>
            <gpxtpx:cad>68</gpxtpx:cad>
            <gpxtpx:atemp>303.15</gpxtpx:atemp>
          </gpxtpx:TrackPointExtension>
        </extensions>
      </trkpt>
      <trkpt lat="30.540797" lon="34.995796">
        <ele>410.2</ele>
        <time>2026-03-31T07:20:43.000Z</time>
        <extensions>
          <gpxtpx:TrackPointExtension>
            <gpxtpx:hr>143</gpxtpx:hr>
            <gpxtpx:cad>47</gpxtpx:cad>
            <gpxtpx:atemp>303.15</gpxtpx:atemp>
          </gpxtpx:TrackPointExtension>
        </extensions>
      </trkpt>
      <trkpt lat="30.540801" lon="34.995755">
        <ele>410.2</ele>
        <time>2026-03-31T07:20:46.000Z</time>
        <extensions>
          <gpxtpx:TrackPointExtension>
            <gpxtpx:hr>141</gpxtpx:hr>
            <gpxtpx:cad>47</gpxtpx:cad>
            <gpxtpx:atemp>303.15</gpxtpx:atemp>
          </gpxtpx:TrackPointExtension>
        </extensions>
      </trkpt>
      <trkpt lat="30.540836" lon="34.995681">
        <ele>410.0</ele>
        <time>2026-03-31T07:20:56.000Z</time>
        <extensions>
          <gpxtpx:TrackPointExtension>
            <gpxtpx:hr>142</gpxtpx:hr>
            <gpxtpx:cad>71</gpxtpx:cad>
            <gpxtpx:atemp>303.15</gpxtpx:atemp>
          </gpxtpx:TrackPointExtension>
        </extensions>
      </trkpt>
      <trkpt lat="30.540838" lon="34.995641">
        <ele>410.0</ele>
        <time>2026-03-31T07:20:58.000Z</time>
        <extensions>
          <gpxtpx:TrackPointExtension>
            <gpxtpx:hr>141</gpxtpx:hr>
            <gpxtpx:cad>71</gpxtpx:cad>
            <gpxtpx:atemp>303.15</gpxtpx:atemp>
          </gpxtpx:TrackPointExtension>
        </extensions>
      </trkpt>
      <trkpt lat="30.540871" lon="34.995587">
        <ele>409.6</ele>
        <time>2026-03-31T07:21:02.000Z</time>
        <extensions>
          <gpxtpx:TrackPointExtension>
            <gpxtpx:hr>140</gpxtpx:hr>
            <gpxtpx:cad>72</gpxtpx:cad>
            <gpxtpx:atemp>303.15</gpxtpx:atemp>
          </gpxtpx:TrackPointExtension>
        </extensions>
      </trkpt>
      <trkpt lat="30.540891" lon="34.995517">
        <ele>409.3</ele>
        <time>2026-03-31T07:21:06.000Z</time>
        <extensions>
          <gpxtpx:TrackPointExtension>
            <gpxtpx:hr>141</gpxtpx:hr>
            <gpxtpx:cad>69</gpxtpx:cad>
            <gpxtpx:atemp>303.15</gpxtpx:atemp>
          </gpxtpx:TrackPointExtension>
        </extensions>
      </trkpt>
      <trkpt lat="30.540926" lon="34.995445">
        <ele>408.7</ele>
        <time>2026-03-31T07:21:11.000Z</time>
        <extensions>
          <gpxtpx:TrackPointExtension>
            <gpxtpx:hr>140</gpxtpx:hr>
            <gpxtpx:cad>72</gpxtpx:cad>
            <gpxtpx:atemp>303.15</gpxtpx:atemp>
          </gpxtpx:TrackPointExtension>
        </extensions>
      </trkpt>
      <trkpt lat="30.541014" lon="34.995335">
        <ele>407.8</ele>
        <time>2026-03-31T07:21:19.000Z</time>
        <extensions>
          <gpxtpx:TrackPointExtension>
            <gpxtpx:hr>138</gpxtpx:hr>
            <gpxtpx:cad>74</gpxtpx:cad>
            <gpxtpx:atemp>303.15</gpxtpx:atemp>
          </gpxtpx:TrackPointExtension>
        </extensions>
      </trkpt>
      <trkpt lat="30.541034" lon="34.995270">
        <ele>407.5</ele>
        <time>2026-03-31T07:21:23.000Z</time>
        <extensions>
          <gpxtpx:TrackPointExtension>
            <gpxtpx:hr>139</gpxtpx:hr>
            <gpxtpx:cad>72</gpxtpx:cad>
            <gpxtpx:atemp>303.15</gpxtpx:atemp>
          </gpxtpx:TrackPointExtension>
        </extensions>
      </trkpt>
      <trkpt lat="30.541121" lon="34.995078">
        <ele>406.2</ele>
        <time>2026-03-31T07:21:34.000Z</time>
        <extensions>
          <gpxtpx:TrackPointExtension>
            <gpxtpx:hr>138</gpxtpx:hr>
            <gpxtpx:cad>52</gpxtpx:cad>
            <gpxtpx:atemp>303.15</gpxtpx:atemp>
          </gpxtpx:TrackPointExtension>
        </extensions>
      </trkpt>
      <trkpt lat="30.541121" lon="34.994980">
        <ele>405.8</ele>
        <time>2026-03-31T07:21:41.000Z</time>
        <extensions>
          <gpxtpx:TrackPointExtension>
            <gpxtpx:hr>141</gpxtpx:hr>
            <gpxtpx:cad>0</gpxtpx:cad>
            <gpxtpx:atemp>303.15</gpxtpx:atemp>
          </gpxtpx:TrackPointExtension>
        </extensions>
      </trkpt>
      <trkpt lat="30.541142" lon="34.994886">
        <ele>405.1</ele>
        <time>2026-03-31T07:21:48.000Z</time>
        <extensions>
          <gpxtpx:TrackPointExtension>
            <gpxtpx:hr>137</gpxtpx:hr>
            <gpxtpx:cad>73</gpxtpx:cad>
            <gpxtpx:atemp>303.15</gpxtpx:atemp>
          </gpxtpx:TrackPointExtension>
        </extensions>
      </trkpt>
      <trkpt lat="30.541180" lon="34.994852">
        <ele>404.2</ele>
        <time>2026-03-31T07:21:51.000Z</time>
        <extensions>
          <gpxtpx:TrackPointExtension>
            <gpxtpx:hr>135</gpxtpx:hr>
            <gpxtpx:cad>74</gpxtpx:cad>
            <gpxtpx:atemp>303.15</gpxtpx:atemp>
          </gpxtpx:TrackPointExtension>
        </extensions>
      </trkpt>
      <trkpt lat="30.541270" lon="34.994657">
        <ele>402.2</ele>
        <time>2026-03-31T07:22:04.000Z</time>
        <extensions>
          <gpxtpx:TrackPointExtension>
            <gpxtpx:hr>137</gpxtpx:hr>
            <gpxtpx:cad>0</gpxtpx:cad>
            <gpxtpx:atemp>303.15</gpxtpx:atemp>
          </gpxtpx:TrackPointExtension>
        </extensions>
      </trkpt>
      <trkpt lat="30.541291" lon="34.994581">
        <ele>401.7</ele>
        <time>2026-03-31T07:22:09.000Z</time>
        <extensions>
          <gpxtpx:TrackPointExtension>
            <gpxtpx:hr>139</gpxtpx:hr>
            <gpxtpx:cad>75</gpxtpx:cad>
            <gpxtpx:atemp>303.15</gpxtpx:atemp>
          </gpxtpx:TrackPointExtension>
        </extensions>
      </trkpt>
      <trkpt lat="30.541301" lon="34.994498">
        <ele>401.0</ele>
        <time>2026-03-31T07:22:14.000Z</time>
        <extensions>
          <gpxtpx:TrackPointExtension>
            <gpxtpx:hr>139</gpxtpx:hr>
            <gpxtpx:cad>0</gpxtpx:cad>
            <gpxtpx:atemp>303.15</gpxtpx:atemp>
          </gpxtpx:TrackPointExtension>
        </extensions>
      </trkpt>
      <trkpt lat="30.541360" lon="34.994331">
        <ele>399.4</ele>
        <time>2026-03-31T07:22:25.000Z</time>
        <extensions>
          <gpxtpx:TrackPointExtension>
            <gpxtpx:hr>140</gpxtpx:hr>
            <gpxtpx:cad>51</gpxtpx:cad>
            <gpxtpx:atemp>303.15</gpxtpx:atemp>
          </gpxtpx:TrackPointExtension>
        </extensions>
      </trkpt>
      <trkpt lat="30.541415" lon="34.994243">
        <ele>398.5</ele>
        <time>2026-03-31T07:22:31.000Z</time>
        <extensions>
          <gpxtpx:TrackPointExtension>
            <gpxtpx:hr>141</gpxtpx:hr>
            <gpxtpx:cad>58</gpxtpx:cad>
            <gpxtpx:atemp>303.15</gpxtpx:atemp>
          </gpxtpx:TrackPointExtension>
        </extensions>
      </trkpt>
      <trkpt lat="30.541478" lon="34.994186">
        <ele>397.6</ele>
        <time>2026-03-31T07:22:37.000Z</time>
        <extensions>
          <gpxtpx:TrackPointExtension>
            <gpxtpx:hr>143</gpxtpx:hr>
            <gpxtpx:cad>53</gpxtpx:cad>
            <gpxtpx:atemp>303.15</gpxtpx:atemp>
          </gpxtpx:TrackPointExtension>
        </extensions>
      </trkpt>
      <trkpt lat="30.541495" lon="34.994155">
        <ele>397.2</ele>
        <time>2026-03-31T07:22:40.000Z</time>
        <extensions>
          <gpxtpx:TrackPointExtension>
            <gpxtpx:hr>144</gpxtpx:hr>
            <gpxtpx:cad>52</gpxtpx:cad>
            <gpxtpx:atemp>303.15</gpxtpx:atemp>
          </gpxtpx:TrackPointExtension>
        </extensions>
      </trkpt>
      <trkpt lat="30.541581" lon="34.994077">
        <ele>396.7</ele>
        <time>2026-03-31T07:22:50.000Z</time>
        <extensions>
          <gpxtpx:TrackPointExtension>
            <gpxtpx:hr>143</gpxtpx:hr>
            <gpxtpx:cad>55</gpxtpx:cad>
            <gpxtpx:atemp>303.15</gpxtpx:atemp>
          </gpxtpx:TrackPointExtension>
        </extensions>
      </trkpt>
      <trkpt lat="30.541692" lon="34.994028">
        <ele>397.2</ele>
        <time>2026-03-31T07:22:59.000Z</time>
        <extensions>
          <gpxtpx:TrackPointExtension>
            <gpxtpx:hr>142</gpxtpx:hr>
            <gpxtpx:cad>66</gpxtpx:cad>
            <gpxtpx:atemp>303.15</gpxtpx:atemp>
          </gpxtpx:TrackPointExtension>
        </extensions>
      </trkpt>
      <trkpt lat="30.541798" lon="34.993918">
        <ele>397.6</ele>
        <time>2026-03-31T07:23:10.000Z</time>
        <extensions>
          <gpxtpx:TrackPointExtension>
            <gpxtpx:hr>141</gpxtpx:hr>
            <gpxtpx:cad>56</gpxtpx:cad>
            <gpxtpx:atemp>303.15</gpxtpx:atemp>
          </gpxtpx:TrackPointExtension>
        </extensions>
      </trkpt>
      <trkpt lat="30.541889" lon="34.993781">
        <ele>398.3</ele>
        <time>2026-03-31T07:23:21.000Z</time>
        <extensions>
          <gpxtpx:TrackPointExtension>
            <gpxtpx:hr>138</gpxtpx:hr>
            <gpxtpx:cad>56</gpxtpx:cad>
            <gpxtpx:atemp>304.15</gpxtpx:atemp>
          </gpxtpx:TrackPointExtension>
        </extensions>
      </trkpt>
      <trkpt lat="30.541928" lon="34.993701">
        <ele>398.7</ele>
        <time>2026-03-31T07:23:27.000Z</time>
        <extensions>
          <gpxtpx:TrackPointExtension>
            <gpxtpx:hr>142</gpxtpx:hr>
            <gpxtpx:cad>53</gpxtpx:cad>
            <gpxtpx:atemp>304.15</gpxtpx:atemp>
          </gpxtpx:TrackPointExtension>
        </extensions>
      </trkpt>
      <trkpt lat="30.541938" lon="34.993653">
        <ele>398.7</ele>
        <time>2026-03-31T07:23:31.000Z</time>
        <extensions>
          <gpxtpx:TrackPointExtension>
            <gpxtpx:hr>142</gpxtpx:hr>
            <gpxtpx:cad>52</gpxtpx:cad>
            <gpxtpx:atemp>304.15</gpxtpx:atemp>
          </gpxtpx:TrackPointExtension>
        </extensions>
      </trkpt>
      <trkpt lat="30.542002" lon="34.993601">
        <ele>399.5</ele>
        <time>2026-03-31T07:23:38.000Z</time>
        <extensions>
          <gpxtpx:TrackPointExtension>
            <gpxtpx:hr>144</gpxtpx:hr>
            <gpxtpx:cad>50</gpxtpx:cad>
            <gpxtpx:atemp>304.15</gpxtpx:atemp>
          </gpxtpx:TrackPointExtension>
        </extensions>
      </trkpt>
      <trkpt lat="30.542077" lon="34.993517">
        <ele>400.1</ele>
        <time>2026-03-31T07:23:47.000Z</time>
        <extensions>
          <gpxtpx:TrackPointExtension>
            <gpxtpx:hr>146</gpxtpx:hr>
            <gpxtpx:cad>0</gpxtpx:cad>
            <gpxtpx:atemp>304.15</gpxtpx:atemp>
          </gpxtpx:TrackPointExtension>
        </extensions>
      </trkpt>
      <trkpt lat="30.542088" lon="34.993479">
        <ele>400.1</ele>
        <time>2026-03-31T07:23:51.000Z</time>
        <extensions>
          <gpxtpx:TrackPointExtension>
            <gpxtpx:hr>147</gpxtpx:hr>
            <gpxtpx:cad>0</gpxtpx:cad>
            <gpxtpx:atemp>304.15</gpxtpx:atemp>
          </gpxtpx:TrackPointExtension>
        </extensions>
      </trkpt>
      <trkpt lat="30.542096" lon="34.993392">
        <ele>400.2</ele>
        <time>2026-03-31T07:23:58.000Z</time>
        <extensions>
          <gpxtpx:TrackPointExtension>
            <gpxtpx:hr>151</gpxtpx:hr>
            <gpxtpx:cad>53</gpxtpx:cad>
            <gpxtpx:atemp>304.15</gpxtpx:atemp>
          </gpxtpx:TrackPointExtension>
        </extensions>
      </trkpt>
      <trkpt lat="30.542094" lon="34.993283">
        <ele>400.2</ele>
        <time>2026-03-31T07:24:08.000Z</time>
        <extensions>
          <gpxtpx:TrackPointExtension>
            <gpxtpx:hr>151</gpxtpx:hr>
            <gpxtpx:cad>50</gpxtpx:cad>
            <gpxtpx:atemp>304.15</gpxtpx:atemp>
          </gpxtpx:TrackPointExtension>
        </extensions>
      </trkpt>
      <trkpt lat="30.542144" lon="34.993192">
        <ele>400.9</ele>
        <time>2026-03-31T07:24:15.000Z</time>
        <extensions>
          <gpxtpx:TrackPointExtension>
            <gpxtpx:hr>146</gpxtpx:hr>
            <gpxtpx:cad>47</gpxtpx:cad>
            <gpxtpx:atemp>304.15</gpxtpx:atemp>
          </gpxtpx:TrackPointExtension>
        </extensions>
      </trkpt>
      <trkpt lat="30.542211" lon="34.993166">
        <ele>401.8</ele>
        <time>2026-03-31T07:24:25.000Z</time>
        <extensions>
          <gpxtpx:TrackPointExtension>
            <gpxtpx:hr>143</gpxtpx:hr>
            <gpxtpx:cad>0</gpxtpx:cad>
            <gpxtpx:atemp>304.15</gpxtpx:atemp>
          </gpxtpx:TrackPointExtension>
        </extensions>
      </trkpt>
      <trkpt lat="30.542242" lon="34.993133">
        <ele>402.2</ele>
        <time>2026-03-31T07:24:34.000Z</time>
        <extensions>
          <gpxtpx:TrackPointExtension>
            <gpxtpx:hr>138</gpxtpx:hr>
            <gpxtpx:cad>0</gpxtpx:cad>
            <gpxtpx:atemp>304.15</gpxtpx:atemp>
          </gpxtpx:TrackPointExtension>
        </extensions>
      </trkpt>
      <trkpt lat="30.542285" lon="34.993109">
        <ele>402.7</ele>
        <time>2026-03-31T07:24:47.000Z</time>
        <extensions>
          <gpxtpx:TrackPointExtension>
            <gpxtpx:hr>141</gpxtpx:hr>
            <gpxtpx:cad>0</gpxtpx:cad>
            <gpxtpx:atemp>304.15</gpxtpx:atemp>
          </gpxtpx:TrackPointExtension>
        </extensions>
      </trkpt>
      <trkpt lat="30.542317" lon="34.993036">
        <ele>402.9</ele>
        <time>2026-03-31T07:24:58.000Z</time>
        <extensions>
          <gpxtpx:TrackPointExtension>
            <gpxtpx:hr>143</gpxtpx:hr>
            <gpxtpx:cad>0</gpxtpx:cad>
            <gpxtpx:atemp>304.15</gpxtpx:atemp>
          </gpxtpx:TrackPointExtension>
        </extensions>
      </trkpt>
      <trkpt lat="30.542309" lon="34.992994">
        <ele>402.7</ele>
        <time>2026-03-31T07:25:04.000Z</time>
        <extensions>
          <gpxtpx:TrackPointExtension>
            <gpxtpx:hr>143</gpxtpx:hr>
            <gpxtpx:cad>45</gpxtpx:cad>
            <gpxtpx:atemp>304.15</gpxtpx:atemp>
          </gpxtpx:TrackPointExtension>
        </extensions>
      </trkpt>
      <trkpt lat="30.542284" lon="34.992895">
        <ele>402.1</ele>
        <time>2026-03-31T07:25:16.000Z</time>
        <extensions>
          <gpxtpx:TrackPointExtension>
            <gpxtpx:hr>138</gpxtpx:hr>
            <gpxtpx:cad>0</gpxtpx:cad>
            <gpxtpx:atemp>304.15</gpxtpx:atemp>
          </gpxtpx:TrackPointExtension>
        </extensions>
      </trkpt>
      <trkpt lat="30.542258" lon="34.992859">
        <ele>401.6</ele>
        <time>2026-03-31T07:25:25.000Z</time>
        <extensions>
          <gpxtpx:TrackPointExtension>
            <gpxtpx:hr>140</gpxtpx:hr>
            <gpxtpx:cad>0</gpxtpx:cad>
            <gpxtpx:atemp>304.15</gpxtpx:atemp>
          </gpxtpx:TrackPointExtension>
        </extensions>
      </trkpt>
      <trkpt lat="30.542201" lon="34.992869">
        <ele>401.1</ele>
        <time>2026-03-31T07:25:32.000Z</time>
        <extensions>
          <gpxtpx:TrackPointExtension>
            <gpxtpx:hr>142</gpxtpx:hr>
            <gpxtpx:cad>0</gpxtpx:cad>
            <gpxtpx:atemp>304.15</gpxtpx:atemp>
          </gpxtpx:TrackPointExtension>
        </extensions>
      </trkpt>
      <trkpt lat="30.542165" lon="34.992760">
        <ele>400.5</ele>
        <time>2026-03-31T07:25:45.000Z</time>
        <extensions>
          <gpxtpx:TrackPointExtension>
            <gpxtpx:hr>149</gpxtpx:hr>
            <gpxtpx:cad>51</gpxtpx:cad>
            <gpxtpx:atemp>304.15</gpxtpx:atemp>
          </gpxtpx:TrackPointExtension>
        </extensions>
      </trkpt>
      <trkpt lat="30.542205" lon="34.992571">
        <ele>400.2</ele>
        <time>2026-03-31T07:26:07.000Z</time>
        <extensions>
          <gpxtpx:TrackPointExtension>
            <gpxtpx:hr>154</gpxtpx:hr>
            <gpxtpx:cad>50</gpxtpx:cad>
            <gpxtpx:atemp>304.15</gpxtpx:atemp>
          </gpxtpx:TrackPointExtension>
        </extensions>
      </trkpt>
      <trkpt lat="30.542233" lon="34.992488">
        <ele>400.0</ele>
        <time>2026-03-31T07:26:15.000Z</time>
        <extensions>
          <gpxtpx:TrackPointExtension>
            <gpxtpx:hr>155</gpxtpx:hr>
            <gpxtpx:cad>0</gpxtpx:cad>
            <gpxtpx:atemp>304.15</gpxtpx:atemp>
          </gpxtpx:TrackPointExtension>
        </extensions>
      </trkpt>
      <trkpt lat="30.542237" lon="34.992441">
        <ele>399.8</ele>
        <time>2026-03-31T07:26:19.000Z</time>
        <extensions>
          <gpxtpx:TrackPointExtension>
            <gpxtpx:hr>155</gpxtpx:hr>
            <gpxtpx:cad>0</gpxtpx:cad>
            <gpxtpx:atemp>304.15</gpxtpx:atemp>
          </gpxtpx:TrackPointExtension>
        </extensions>
      </trkpt>
      <trkpt lat="30.542254" lon="34.992380">
        <ele>399.5</ele>
        <time>2026-03-31T07:26:26.000Z</time>
        <extensions>
          <gpxtpx:TrackPointExtension>
            <gpxtpx:hr>152</gpxtpx:hr>
            <gpxtpx:cad>0</gpxtpx:cad>
            <gpxtpx:atemp>304.15</gpxtpx:atemp>
          </gpxtpx:TrackPointExtension>
        </extensions>
      </trkpt>
      <trkpt lat="30.542365" lon="34.992233">
        <ele>398.6</ele>
        <time>2026-03-31T07:26:45.000Z</time>
        <extensions>
          <gpxtpx:TrackPointExtension>
            <gpxtpx:hr>143</gpxtpx:hr>
            <gpxtpx:cad>0</gpxtpx:cad>
            <gpxtpx:atemp>304.15</gpxtpx:atemp>
          </gpxtpx:TrackPointExtension>
        </extensions>
      </trkpt>
      <trkpt lat="30.542394" lon="34.992207">
        <ele>398.5</ele>
        <time>2026-03-31T07:26:50.000Z</time>
        <extensions>
          <gpxtpx:TrackPointExtension>
            <gpxtpx:hr>142</gpxtpx:hr>
            <gpxtpx:cad>0</gpxtpx:cad>
            <gpxtpx:atemp>304.15</gpxtpx:atemp>
          </gpxtpx:TrackPointExtension>
        </extensions>
      </trkpt>
      <trkpt lat="30.542427" lon="34.992144">
        <ele>398.3</ele>
        <time>2026-03-31T07:26:59.000Z</time>
        <extensions>
          <gpxtpx:TrackPointExtension>
            <gpxtpx:hr>139</gpxtpx:hr>
            <gpxtpx:cad>47</gpxtpx:cad>
            <gpxtpx:atemp>304.15</gpxtpx:atemp>
          </gpxtpx:TrackPointExtension>
        </extensions>
      </trkpt>
      <trkpt lat="30.542484" lon="34.992088">
        <ele>398.0</ele>
        <time>2026-03-31T07:27:07.000Z</time>
        <extensions>
          <gpxtpx:TrackPointExtension>
            <gpxtpx:hr>134</gpxtpx:hr>
            <gpxtpx:cad>42</gpxtpx:cad>
            <gpxtpx:atemp>304.15</gpxtpx:atemp>
          </gpxtpx:TrackPointExtension>
        </extensions>
      </trkpt>
      <trkpt lat="30.542492" lon="34.992060">
        <ele>397.8</ele>
        <time>2026-03-31T07:27:10.000Z</time>
        <extensions>
          <gpxtpx:TrackPointExtension>
            <gpxtpx:hr>132</gpxtpx:hr>
            <gpxtpx:cad>42</gpxtpx:cad>
            <gpxtpx:atemp>304.15</gpxtpx:atemp>
          </gpxtpx:TrackPointExtension>
        </extensions>
      </trkpt>
      <trkpt lat="30.542579" lon="34.991961">
        <ele>396.4</ele>
        <time>2026-03-31T07:27:21.000Z</time>
        <extensions>
          <gpxtpx:TrackPointExtension>
            <gpxtpx:hr>138</gpxtpx:hr>
            <gpxtpx:cad>0</gpxtpx:cad>
            <gpxtpx:atemp>304.15</gpxtpx:atemp>
          </gpxtpx:TrackPointExtension>
        </extensions>
      </trkpt>
      <trkpt lat="30.542631" lon="34.991949">
        <ele>396.1</ele>
        <time>2026-03-31T07:27:27.000Z</time>
        <extensions>
          <gpxtpx:TrackPointExtension>
            <gpxtpx:hr>139</gpxtpx:hr>
            <gpxtpx:cad>0</gpxtpx:cad>
            <gpxtpx:atemp>304.15</gpxtpx:atemp>
          </gpxtpx:TrackPointExtension>
        </extensions>
      </trkpt>
      <trkpt lat="30.542669" lon="34.991890">
        <ele>395.5</ele>
        <time>2026-03-31T07:27:34.000Z</time>
        <extensions>
          <gpxtpx:TrackPointExtension>
            <gpxtpx:hr>138</gpxtpx:hr>
            <gpxtpx:cad>47</gpxtpx:cad>
            <gpxtpx:atemp>304.15</gpxtpx:atemp>
          </gpxtpx:TrackPointExtension>
        </extensions>
      </trkpt>
      <trkpt lat="30.542661" lon="34.991833">
        <ele>394.6</ele>
        <time>2026-03-31T07:27:38.000Z</time>
        <extensions>
          <gpxtpx:TrackPointExtension>
            <gpxtpx:hr>139</gpxtpx:hr>
            <gpxtpx:cad>0</gpxtpx:cad>
            <gpxtpx:atemp>304.15</gpxtpx:atemp>
          </gpxtpx:TrackPointExtension>
        </extensions>
      </trkpt>
      <trkpt lat="30.542678" lon="34.991741">
        <ele>393.7</ele>
        <time>2026-03-31T07:27:49.000Z</time>
        <extensions>
          <gpxtpx:TrackPointExtension>
            <gpxtpx:hr>141</gpxtpx:hr>
            <gpxtpx:cad>44</gpxtpx:cad>
            <gpxtpx:atemp>304.15</gpxtpx:atemp>
          </gpxtpx:TrackPointExtension>
        </extensions>
      </trkpt>
      <trkpt lat="30.542637" lon="34.991662">
        <ele>393.0</ele>
        <time>2026-03-31T07:27:59.000Z</time>
        <extensions>
          <gpxtpx:TrackPointExtension>
            <gpxtpx:hr>142</gpxtpx:hr>
            <gpxtpx:cad>0</gpxtpx:cad>
            <gpxtpx:atemp>304.15</gpxtpx:atemp>
          </gpxtpx:TrackPointExtension>
        </extensions>
      </trkpt>
      <trkpt lat="30.542660" lon="34.991605">
        <ele>392.5</ele>
        <time>2026-03-31T07:28:08.000Z</time>
        <extensions>
          <gpxtpx:TrackPointExtension>
            <gpxtpx:hr>146</gpxtpx:hr>
            <gpxtpx:cad>0</gpxtpx:cad>
            <gpxtpx:atemp>304.15</gpxtpx:atemp>
          </gpxtpx:TrackPointExtension>
        </extensions>
      </trkpt>
      <trkpt lat="30.542696" lon="34.991567">
        <ele>392.2</ele>
        <time>2026-03-31T07:28:14.000Z</time>
        <extensions>
          <gpxtpx:TrackPointExtension>
            <gpxtpx:hr>148</gpxtpx:hr>
            <gpxtpx:cad>0</gpxtpx:cad>
            <gpxtpx:atemp>304.15</gpxtpx:atemp>
          </gpxtpx:TrackPointExtension>
        </extensions>
      </trkpt>
      <trkpt lat="30.542749" lon="34.991529">
        <ele>391.6</ele>
        <time>2026-03-31T07:28:28.000Z</time>
        <extensions>
          <gpxtpx:TrackPointExtension>
            <gpxtpx:hr>148</gpxtpx:hr>
            <gpxtpx:cad>0</gpxtpx:cad>
            <gpxtpx:atemp>304.15</gpxtpx:atemp>
          </gpxtpx:TrackPointExtension>
        </extensions>
      </trkpt>
      <trkpt lat="30.542778" lon="34.991530">
        <ele>391.5</ele>
        <time>2026-03-31T07:28:34.000Z</time>
        <extensions>
          <gpxtpx:TrackPointExtension>
            <gpxtpx:hr>147</gpxtpx:hr>
            <gpxtpx:cad>0</gpxtpx:cad>
            <gpxtpx:atemp>304.15</gpxtpx:atemp>
          </gpxtpx:TrackPointExtension>
        </extensions>
      </trkpt>
      <trkpt lat="30.542827" lon="34.991484">
        <ele>391.0</ele>
        <time>2026-03-31T07:28:52.000Z</time>
        <extensions>
          <gpxtpx:TrackPointExtension>
            <gpxtpx:hr>147</gpxtpx:hr>
            <gpxtpx:cad>0</gpxtpx:cad>
            <gpxtpx:atemp>304.15</gpxtpx:atemp>
          </gpxtpx:TrackPointExtension>
        </extensions>
      </trkpt>
      <trkpt lat="30.542889" lon="34.991462">
        <ele>390.4</ele>
        <time>2026-03-31T07:29:00.000Z</time>
        <extensions>
          <gpxtpx:TrackPointExtension>
            <gpxtpx:hr>144</gpxtpx:hr>
            <gpxtpx:cad>77</gpxtpx:cad>
            <gpxtpx:atemp>304.15</gpxtpx:atemp>
          </gpxtpx:TrackPointExtension>
        </extensions>
      </trkpt>
      <trkpt lat="30.542927" lon="34.991481">
        <ele>390.5</ele>
        <time>2026-03-31T07:29:08.000Z</time>
        <extensions>
          <gpxtpx:TrackPointExtension>
            <gpxtpx:hr>145</gpxtpx:hr>
            <gpxtpx:cad>44</gpxtpx:cad>
            <gpxtpx:atemp>304.15</gpxtpx:atemp>
          </gpxtpx:TrackPointExtension>
        </extensions>
      </trkpt>
      <trkpt lat="30.542955" lon="34.991482">
        <ele>390.6</ele>
        <time>2026-03-31T07:29:17.000Z</time>
        <extensions>
          <gpxtpx:TrackPointExtension>
            <gpxtpx:hr>147</gpxtpx:hr>
            <gpxtpx:cad>0</gpxtpx:cad>
            <gpxtpx:atemp>304.15</gpxtpx:atemp>
          </gpxtpx:TrackPointExtension>
        </extensions>
      </trkpt>
      <trkpt lat="30.543010" lon="34.991457">
        <ele>390.3</ele>
        <time>2026-03-31T07:29:33.000Z</time>
        <extensions>
          <gpxtpx:TrackPointExtension>
            <gpxtpx:hr>143</gpxtpx:hr>
            <gpxtpx:cad>0</gpxtpx:cad>
            <gpxtpx:atemp>304.15</gpxtpx:atemp>
          </gpxtpx:TrackPointExtension>
        </extensions>
      </trkpt>
      <trkpt lat="30.543036" lon="34.991434">
        <ele>390.0</ele>
        <time>2026-03-31T07:29:37.000Z</time>
        <extensions>
          <gpxtpx:TrackPointExtension>
            <gpxtpx:hr>143</gpxtpx:hr>
            <gpxtpx:cad>45</gpxtpx:cad>
            <gpxtpx:atemp>304.15</gpxtpx:atemp>
          </gpxtpx:TrackPointExtension>
        </extensions>
      </trkpt>
      <trkpt lat="30.543054" lon="34.991401">
        <ele>389.4</ele>
        <time>2026-03-31T07:29:42.000Z</time>
        <extensions>
          <gpxtpx:TrackPointExtension>
            <gpxtpx:hr>145</gpxtpx:hr>
            <gpxtpx:cad>45</gpxtpx:cad>
            <gpxtpx:atemp>304.15</gpxtpx:atemp>
          </gpxtpx:TrackPointExtension>
        </extensions>
      </trkpt>
      <trkpt lat="30.543096" lon="34.991439">
        <ele>390.1</ele>
        <time>2026-03-31T07:29:51.000Z</time>
        <extensions>
          <gpxtpx:TrackPointExtension>
            <gpxtpx:hr>146</gpxtpx:hr>
            <gpxtpx:cad>44</gpxtpx:cad>
            <gpxtpx:atemp>304.15</gpxtpx:atemp>
          </gpxtpx:TrackPointExtension>
        </extensions>
      </trkpt>
      <trkpt lat="30.543116" lon="34.991356">
        <ele>388.5</ele>
        <time>2026-03-31T07:29:59.000Z</time>
        <extensions>
          <gpxtpx:TrackPointExtension>
            <gpxtpx:hr>143</gpxtpx:hr>
            <gpxtpx:cad>0</gpxtpx:cad>
            <gpxtpx:atemp>304.15</gpxtpx:atemp>
          </gpxtpx:TrackPointExtension>
        </extensions>
      </trkpt>
      <trkpt lat="30.543173" lon="34.991273">
        <ele>386.6</ele>
        <time>2026-03-31T07:30:14.000Z</time>
        <extensions>
          <gpxtpx:TrackPointExtension>
            <gpxtpx:hr>138</gpxtpx:hr>
            <gpxtpx:cad>0</gpxtpx:cad>
            <gpxtpx:atemp>303.15</gpxtpx:atemp>
          </gpxtpx:TrackPointExtension>
        </extensions>
      </trkpt>
      <trkpt lat="30.543214" lon="34.991308">
        <ele>387.3</ele>
        <time>2026-03-31T07:30:27.000Z</time>
        <extensions>
          <gpxtpx:TrackPointExtension>
            <gpxtpx:hr>134</gpxtpx:hr>
            <gpxtpx:cad>0</gpxtpx:cad>
            <gpxtpx:atemp>303.15</gpxtpx:atemp>
          </gpxtpx:TrackPointExtension>
        </extensions>
      </trkpt>
      <trkpt lat="30.543252" lon="34.991303">
        <ele>387.2</ele>
        <time>2026-03-31T07:30:33.000Z</time>
        <extensions>
          <gpxtpx:TrackPointExtension>
            <gpxtpx:hr>131</gpxtpx:hr>
            <gpxtpx:cad>0</gpxtpx:cad>
            <gpxtpx:atemp>303.15</gpxtpx:atemp>
          </gpxtpx:TrackPointExtension>
        </extensions>
      </trkpt>
      <trkpt lat="30.543296" lon="34.991251">
        <ele>386.0</ele>
        <time>2026-03-31T07:30:44.000Z</time>
        <extensions>
          <gpxtpx:TrackPointExtension>
            <gpxtpx:hr>133</gpxtpx:hr>
            <gpxtpx:cad>0</gpxtpx:cad>
            <gpxtpx:atemp>303.15</gpxtpx:atemp>
          </gpxtpx:TrackPointExtension>
        </extensions>
      </trkpt>
      <trkpt lat="30.543400" lon="34.991193">
        <ele>384.7</ele>
        <time>2026-03-31T07:30:58.000Z</time>
        <extensions>
          <gpxtpx:TrackPointExtension>
            <gpxtpx:hr>133</gpxtpx:hr>
            <gpxtpx:cad>0</gpxtpx:cad>
            <gpxtpx:atemp>303.15</gpxtpx:atemp>
          </gpxtpx:TrackPointExtension>
        </extensions>
      </trkpt>
      <trkpt lat="30.543426" lon="34.991153">
        <ele>383.7</ele>
        <time>2026-03-31T07:31:03.000Z</time>
        <extensions>
          <gpxtpx:TrackPointExtension>
            <gpxtpx:hr>134</gpxtpx:hr>
            <gpxtpx:cad>47</gpxtpx:cad>
            <gpxtpx:atemp>303.15</gpxtpx:atemp>
          </gpxtpx:TrackPointExtension>
        </extensions>
      </trkpt>
      <trkpt lat="30.543434" lon="34.991070">
        <ele>381.7</ele>
        <time>2026-03-31T07:31:12.000Z</time>
        <extensions>
          <gpxtpx:TrackPointExtension>
            <gpxtpx:hr>137</gpxtpx:hr>
            <gpxtpx:cad>0</gpxtpx:cad>
            <gpxtpx:atemp>303.15</gpxtpx:atemp>
          </gpxtpx:TrackPointExtension>
        </extensions>
      </trkpt>
      <trkpt lat="30.543457" lon="34.991032">
        <ele>380.6</ele>
        <time>2026-03-31T07:31:16.000Z</time>
        <extensions>
          <gpxtpx:TrackPointExtension>
            <gpxtpx:hr>137</gpxtpx:hr>
            <gpxtpx:cad>45</gpxtpx:cad>
            <gpxtpx:atemp>303.15</gpxtpx:atemp>
          </gpxtpx:TrackPointExtension>
        </extensions>
      </trkpt>
      <trkpt lat="30.543469" lon="34.990938">
        <ele>378.7</ele>
        <time>2026-03-31T07:31:22.000Z</time>
        <extensions>
          <gpxtpx:TrackPointExtension>
            <gpxtpx:hr>138</gpxtpx:hr>
            <gpxtpx:cad>0</gpxtpx:cad>
            <gpxtpx:atemp>303.15</gpxtpx:atemp>
          </gpxtpx:TrackPointExtension>
        </extensions>
      </trkpt>
      <trkpt lat="30.543502" lon="34.990898">
        <ele>378.0</ele>
        <time>2026-03-31T07:31:27.000Z</time>
        <extensions>
          <gpxtpx:TrackPointExtension>
            <gpxtpx:hr>138</gpxtpx:hr>
            <gpxtpx:cad>0</gpxtpx:cad>
            <gpxtpx:atemp>303.15</gpxtpx:atemp>
          </gpxtpx:TrackPointExtension>
        </extensions>
      </trkpt>
      <trkpt lat="30.543561" lon="34.990860">
        <ele>377.2</ele>
        <time>2026-03-31T07:31:35.000Z</time>
        <extensions>
          <gpxtpx:TrackPointExtension>
            <gpxtpx:hr>141</gpxtpx:hr>
            <gpxtpx:cad>51</gpxtpx:cad>
            <gpxtpx:atemp>303.15</gpxtpx:atemp>
          </gpxtpx:TrackPointExtension>
        </extensions>
      </trkpt>
      <trkpt lat="30.543604" lon="34.990846">
        <ele>376.7</ele>
        <time>2026-03-31T07:31:38.000Z</time>
        <extensions>
          <gpxtpx:TrackPointExtension>
            <gpxtpx:hr>141</gpxtpx:hr>
            <gpxtpx:cad>51</gpxtpx:cad>
            <gpxtpx:atemp>303.15</gpxtpx:atemp>
          </gpxtpx:TrackPointExtension>
        </extensions>
      </trkpt>
      <trkpt lat="30.543663" lon="34.990772">
        <ele>375.2</ele>
        <time>2026-03-31T07:31:45.000Z</time>
        <extensions>
          <gpxtpx:TrackPointExtension>
            <gpxtpx:hr>141</gpxtpx:hr>
            <gpxtpx:cad>50</gpxtpx:cad>
            <gpxtpx:atemp>303.15</gpxtpx:atemp>
          </gpxtpx:TrackPointExtension>
        </extensions>
      </trkpt>
      <trkpt lat="30.543730" lon="34.990741">
        <ele>374.0</ele>
        <time>2026-03-31T07:31:53.000Z</time>
        <extensions>
          <gpxtpx:TrackPointExtension>
            <gpxtpx:hr>145</gpxtpx:hr>
            <gpxtpx:cad>53</gpxtpx:cad>
            <gpxtpx:atemp>303.15</gpxtpx:atemp>
          </gpxtpx:TrackPointExtension>
        </extensions>
      </trkpt>
      <trkpt lat="30.543762" lon="34.990701">
        <ele>373.1</ele>
        <time>2026-03-31T07:31:57.000Z</time>
        <extensions>
          <gpxtpx:TrackPointExtension>
            <gpxtpx:hr>146</gpxtpx:hr>
            <gpxtpx:cad>45</gpxtpx:cad>
            <gpxtpx:atemp>303.15</gpxtpx:atemp>
          </gpxtpx:TrackPointExtension>
        </extensions>
      </trkpt>
      <trkpt lat="30.543847" lon="34.990677">
        <ele>372.5</ele>
        <time>2026-03-31T07:32:06.000Z</time>
        <extensions>
          <gpxtpx:TrackPointExtension>
            <gpxtpx:hr>147</gpxtpx:hr>
            <gpxtpx:cad>0</gpxtpx:cad>
            <gpxtpx:atemp>303.15</gpxtpx:atemp>
          </gpxtpx:TrackPointExtension>
        </extensions>
      </trkpt>
      <trkpt lat="30.543889" lon="34.990649">
        <ele>372.2</ele>
        <time>2026-03-31T07:32:10.000Z</time>
        <extensions>
          <gpxtpx:TrackPointExtension>
            <gpxtpx:hr>149</gpxtpx:hr>
            <gpxtpx:cad>0</gpxtpx:cad>
            <gpxtpx:atemp>303.15</gpxtpx:atemp>
          </gpxtpx:TrackPointExtension>
        </extensions>
      </trkpt>
      <trkpt lat="30.543941" lon="34.990657">
        <ele>372.0</ele>
        <time>2026-03-31T07:32:15.000Z</time>
        <extensions>
          <gpxtpx:TrackPointExtension>
            <gpxtpx:hr>151</gpxtpx:hr>
            <gpxtpx:cad>55</gpxtpx:cad>
            <gpxtpx:atemp>303.15</gpxtpx:atemp>
          </gpxtpx:TrackPointExtension>
        </extensions>
      </trkpt>
      <trkpt lat="30.543975" lon="34.990684">
        <ele>372.1</ele>
        <time>2026-03-31T07:32:18.000Z</time>
        <extensions>
          <gpxtpx:TrackPointExtension>
            <gpxtpx:hr>152</gpxtpx:hr>
            <gpxtpx:cad>49</gpxtpx:cad>
            <gpxtpx:atemp>303.15</gpxtpx:atemp>
          </gpxtpx:TrackPointExtension>
        </extensions>
      </trkpt>
      <trkpt lat="30.544034" lon="34.990693">
        <ele>372.0</ele>
        <time>2026-03-31T07:32:24.000Z</time>
        <extensions>
          <gpxtpx:TrackPointExtension>
            <gpxtpx:hr>154</gpxtpx:hr>
            <gpxtpx:cad>51</gpxtpx:cad>
            <gpxtpx:atemp>303.15</gpxtpx:atemp>
          </gpxtpx:TrackPointExtension>
        </extensions>
      </trkpt>
      <trkpt lat="30.544129" lon="34.990742">
        <ele>373.7</ele>
        <time>2026-03-31T07:32:33.000Z</time>
        <extensions>
          <gpxtpx:TrackPointExtension>
            <gpxtpx:hr>154</gpxtpx:hr>
            <gpxtpx:cad>52</gpxtpx:cad>
            <gpxtpx:atemp>303.15</gpxtpx:atemp>
          </gpxtpx:TrackPointExtension>
        </extensions>
      </trkpt>
      <trkpt lat="30.544209" lon="34.990803">
        <ele>375.9</ele>
        <time>2026-03-31T07:32:42.000Z</time>
        <extensions>
          <gpxtpx:TrackPointExtension>
            <gpxtpx:hr>154</gpxtpx:hr>
            <gpxtpx:cad>0</gpxtpx:cad>
            <gpxtpx:atemp>303.15</gpxtpx:atemp>
          </gpxtpx:TrackPointExtension>
        </extensions>
      </trkpt>
      <trkpt lat="30.544273" lon="34.990785">
        <ele>375.7</ele>
        <time>2026-03-31T07:32:50.000Z</time>
        <extensions>
          <gpxtpx:TrackPointExtension>
            <gpxtpx:hr>155</gpxtpx:hr>
            <gpxtpx:cad>44</gpxtpx:cad>
            <gpxtpx:atemp>303.15</gpxtpx:atemp>
          </gpxtpx:TrackPointExtension>
        </extensions>
      </trkpt>
      <trkpt lat="30.544321" lon="34.990742">
        <ele>374.7</ele>
        <time>2026-03-31T07:32:56.000Z</time>
        <extensions>
          <gpxtpx:TrackPointExtension>
            <gpxtpx:hr>154</gpxtpx:hr>
            <gpxtpx:cad>48</gpxtpx:cad>
            <gpxtpx:atemp>303.15</gpxtpx:atemp>
          </gpxtpx:TrackPointExtension>
        </extensions>
      </trkpt>
      <trkpt lat="30.544394" lon="34.990580">
        <ele>370.8</ele>
        <time>2026-03-31T07:33:21.000Z</time>
        <extensions>
          <gpxtpx:TrackPointExtension>
            <gpxtpx:hr>156</gpxtpx:hr>
            <gpxtpx:cad>0</gpxtpx:cad>
            <gpxtpx:atemp>302.15</gpxtpx:atemp>
          </gpxtpx:TrackPointExtension>
        </extensions>
      </trkpt>
      <trkpt lat="30.544412" lon="34.990516">
        <ele>369.2</ele>
        <time>2026-03-31T07:33:28.000Z</time>
        <extensions>
          <gpxtpx:TrackPointExtension>
            <gpxtpx:hr>157</gpxtpx:hr>
            <gpxtpx:cad>43</gpxtpx:cad>
            <gpxtpx:atemp>302.15</gpxtpx:atemp>
          </gpxtpx:TrackPointExtension>
        </extensions>
      </trkpt>
      <trkpt lat="30.544477" lon="34.990395">
        <ele>366.0</ele>
        <time>2026-03-31T07:33:52.000Z</time>
        <extensions>
          <gpxtpx:TrackPointExtension>
            <gpxtpx:hr>155</gpxtpx:hr>
            <gpxtpx:cad>0</gpxtpx:cad>
            <gpxtpx:atemp>302.15</gpxtpx:atemp>
          </gpxtpx:TrackPointExtension>
        </extensions>
      </trkpt>
      <trkpt lat="30.544508" lon="34.990356">
        <ele>365.3</ele>
        <time>2026-03-31T07:33:58.000Z</time>
        <extensions>
          <gpxtpx:TrackPointExtension>
            <gpxtpx:hr>154</gpxtpx:hr>
            <gpxtpx:cad>0</gpxtpx:cad>
            <gpxtpx:atemp>302.15</gpxtpx:atemp>
          </gpxtpx:TrackPointExtension>
        </extensions>
      </trkpt>
      <trkpt lat="30.544538" lon="34.990341">
        <ele>364.9</ele>
        <time>2026-03-31T07:34:09.000Z</time>
        <extensions>
          <gpxtpx:TrackPointExtension>
            <gpxtpx:hr>156</gpxtpx:hr>
            <gpxtpx:cad>0</gpxtpx:cad>
            <gpxtpx:atemp>302.15</gpxtpx:atemp>
          </gpxtpx:TrackPointExtension>
        </extensions>
      </trkpt>
      <trkpt lat="30.544569" lon="34.990308">
        <ele>364.1</ele>
        <time>2026-03-31T07:34:19.000Z</time>
        <extensions>
          <gpxtpx:TrackPointExtension>
            <gpxtpx:hr>154</gpxtpx:hr>
            <gpxtpx:cad>68</gpxtpx:cad>
            <gpxtpx:atemp>302.15</gpxtpx:atemp>
          </gpxtpx:TrackPointExtension>
        </extensions>
      </trkpt>
      <trkpt lat="30.544636" lon="34.990282">
        <ele>363.7</ele>
        <time>2026-03-31T07:34:31.000Z</time>
        <extensions>
          <gpxtpx:TrackPointExtension>
            <gpxtpx:hr>153</gpxtpx:hr>
            <gpxtpx:cad>0</gpxtpx:cad>
            <gpxtpx:atemp>302.15</gpxtpx:atemp>
          </gpxtpx:TrackPointExtension>
        </extensions>
      </trkpt>
      <trkpt lat="30.544705" lon="34.990187">
        <ele>361.7</ele>
        <time>2026-03-31T07:34:45.000Z</time>
        <extensions>
          <gpxtpx:TrackPointExtension>
            <gpxtpx:hr>151</gpxtpx:hr>
            <gpxtpx:cad>0</gpxtpx:cad>
            <gpxtpx:atemp>302.15</gpxtpx:atemp>
          </gpxtpx:TrackPointExtension>
        </extensions>
      </trkpt>
      <trkpt lat="30.544771" lon="34.990089">
        <ele>359.9</ele>
        <time>2026-03-31T07:34:55.000Z</time>
        <extensions>
          <gpxtpx:TrackPointExtension>
            <gpxtpx:hr>147</gpxtpx:hr>
            <gpxtpx:cad>60</gpxtpx:cad>
            <gpxtpx:atemp>302.15</gpxtpx:atemp>
          </gpxtpx:TrackPointExtension>
        </extensions>
      </trkpt>
      <trkpt lat="30.544893" lon="34.989987">
        <ele>358.2</ele>
        <time>2026-03-31T07:35:05.000Z</time>
        <extensions>
          <gpxtpx:TrackPointExtension>
            <gpxtpx:hr>145</gpxtpx:hr>
            <gpxtpx:cad>0</gpxtpx:cad>
            <gpxtpx:atemp>302.15</gpxtpx:atemp>
          </gpxtpx:TrackPointExtension>
        </extensions>
      </trkpt>
      <trkpt lat="30.545023" lon="34.989982">
        <ele>357.6</ele>
        <time>2026-03-31T07:35:19.000Z</time>
        <extensions>
          <gpxtpx:TrackPointExtension>
            <gpxtpx:hr>147</gpxtpx:hr>
            <gpxtpx:cad>0</gpxtpx:cad>
            <gpxtpx:atemp>301.15</gpxtpx:atemp>
          </gpxtpx:TrackPointExtension>
        </extensions>
      </trkpt>
      <trkpt lat="30.545065" lon="34.989977">
        <ele>357.4</ele>
        <time>2026-03-31T07:35:24.000Z</time>
        <extensions>
          <gpxtpx:TrackPointExtension>
            <gpxtpx:hr>147</gpxtpx:hr>
            <gpxtpx:cad>0</gpxtpx:cad>
            <gpxtpx:atemp>302.15</gpxtpx:atemp>
          </gpxtpx:TrackPointExtension>
        </extensions>
      </trkpt>
      <trkpt lat="30.545137" lon="34.990009">
        <ele>357.7</ele>
        <time>2026-03-31T07:35:30.000Z</time>
        <extensions>
          <gpxtpx:TrackPointExtension>
            <gpxtpx:hr>148</gpxtpx:hr>
            <gpxtpx:cad>0</gpxtpx:cad>
            <gpxtpx:atemp>302.15</gpxtpx:atemp>
          </gpxtpx:TrackPointExtension>
        </extensions>
      </trkpt>
      <trkpt lat="30.545240" lon="34.990071">
        <ele>358.9</ele>
        <time>2026-03-31T07:35:39.000Z</time>
        <extensions>
          <gpxtpx:TrackPointExtension>
            <gpxtpx:hr>149</gpxtpx:hr>
            <gpxtpx:cad>0</gpxtpx:cad>
            <gpxtpx:atemp>302.15</gpxtpx:atemp>
          </gpxtpx:TrackPointExtension>
        </extensions>
      </trkpt>
      <trkpt lat="30.545256" lon="34.990103">
        <ele>359.6</ele>
        <time>2026-03-31T07:35:41.000Z</time>
        <extensions>
          <gpxtpx:TrackPointExtension>
            <gpxtpx:hr>148</gpxtpx:hr>
            <gpxtpx:cad>47</gpxtpx:cad>
            <gpxtpx:atemp>302.15</gpxtpx:atemp>
          </gpxtpx:TrackPointExtension>
        </extensions>
      </trkpt>
      <trkpt lat="30.545347" lon="34.990110">
        <ele>360.0</ele>
        <time>2026-03-31T07:35:51.000Z</time>
        <extensions>
          <gpxtpx:TrackPointExtension>
            <gpxtpx:hr>146</gpxtpx:hr>
            <gpxtpx:cad>0</gpxtpx:cad>
            <gpxtpx:atemp>302.15</gpxtpx:atemp>
          </gpxtpx:TrackPointExtension>
        </extensions>
      </trkpt>
      <trkpt lat="30.545372" lon="34.990054">
        <ele>358.5</ele>
        <time>2026-03-31T07:35:58.000Z</time>
        <extensions>
          <gpxtpx:TrackPointExtension>
            <gpxtpx:hr>145</gpxtpx:hr>
            <gpxtpx:cad>0</gpxtpx:cad>
            <gpxtpx:atemp>302.15</gpxtpx:atemp>
          </gpxtpx:TrackPointExtension>
        </extensions>
      </trkpt>
      <trkpt lat="30.545414" lon="34.990002">
        <ele>357.1</ele>
        <time>2026-03-31T07:36:06.000Z</time>
        <extensions>
          <gpxtpx:TrackPointExtension>
            <gpxtpx:hr>145</gpxtpx:hr>
            <gpxtpx:cad>50</gpxtpx:cad>
            <gpxtpx:atemp>302.15</gpxtpx:atemp>
          </gpxtpx:TrackPointExtension>
        </extensions>
      </trkpt>
      <trkpt lat="30.545458" lon="34.989970">
        <ele>356.1</ele>
        <time>2026-03-31T07:36:11.000Z</time>
        <extensions>
          <gpxtpx:TrackPointExtension>
            <gpxtpx:hr>146</gpxtpx:hr>
            <gpxtpx:cad>58</gpxtpx:cad>
            <gpxtpx:atemp>302.15</gpxtpx:atemp>
          </gpxtpx:TrackPointExtension>
        </extensions>
      </trkpt>
      <trkpt lat="30.545501" lon="34.989851">
        <ele>352.6</ele>
        <time>2026-03-31T07:36:20.000Z</time>
        <extensions>
          <gpxtpx:TrackPointExtension>
            <gpxtpx:hr>143</gpxtpx:hr>
            <gpxtpx:cad>0</gpxtpx:cad>
            <gpxtpx:atemp>302.15</gpxtpx:atemp>
          </gpxtpx:TrackPointExtension>
        </extensions>
      </trkpt>
      <trkpt lat="30.545533" lon="34.989815">
        <ele>351.9</ele>
        <time>2026-03-31T07:36:25.000Z</time>
        <extensions>
          <gpxtpx:TrackPointExtension>
            <gpxtpx:hr>143</gpxtpx:hr>
            <gpxtpx:cad>0</gpxtpx:cad>
            <gpxtpx:atemp>303.15</gpxtpx:atemp>
          </gpxtpx:TrackPointExtension>
        </extensions>
      </trkpt>
      <trkpt lat="30.545588" lon="34.989824">
        <ele>351.8</ele>
        <time>2026-03-31T07:36:34.000Z</time>
        <extensions>
          <gpxtpx:TrackPointExtension>
            <gpxtpx:hr>142</gpxtpx:hr>
            <gpxtpx:cad>0</gpxtpx:cad>
            <gpxtpx:atemp>303.15</gpxtpx:atemp>
          </gpxtpx:TrackPointExtension>
        </extensions>
      </trkpt>
      <trkpt lat="30.545687" lon="34.989792">
        <ele>350.8</ele>
        <time>2026-03-31T07:36:46.000Z</time>
        <extensions>
          <gpxtpx:TrackPointExtension>
            <gpxtpx:hr>121</gpxtpx:hr>
            <gpxtpx:cad>0</gpxtpx:cad>
            <gpxtpx:atemp>303.15</gpxtpx:atemp>
          </gpxtpx:TrackPointExtension>
        </extensions>
      </trkpt>
      <trkpt lat="30.545755" lon="34.989743">
        <ele>349.3</ele>
        <time>2026-03-31T07:36:58.000Z</time>
        <extensions>
          <gpxtpx:TrackPointExtension>
            <gpxtpx:hr>112</gpxtpx:hr>
            <gpxtpx:cad>0</gpxtpx:cad>
            <gpxtpx:atemp>303.15</gpxtpx:atemp>
          </gpxtpx:TrackPointExtension>
        </extensions>
      </trkpt>
      <trkpt lat="30.545846" lon="34.989715">
        <ele>347.7</ele>
        <time>2026-03-31T07:37:18.000Z</time>
        <extensions>
          <gpxtpx:TrackPointExtension>
            <gpxtpx:hr>106</gpxtpx:hr>
            <gpxtpx:cad>50</gpxtpx:cad>
            <gpxtpx:atemp>303.15</gpxtpx:atemp>
          </gpxtpx:TrackPointExtension>
        </extensions>
      </trkpt>
      <trkpt lat="30.545907" lon="34.989593">
        <ele>344.2</ele>
        <time>2026-03-31T07:37:30.000Z</time>
        <extensions>
          <gpxtpx:TrackPointExtension>
            <gpxtpx:hr>106</gpxtpx:hr>
            <gpxtpx:cad>0</gpxtpx:cad>
            <gpxtpx:atemp>303.15</gpxtpx:atemp>
          </gpxtpx:TrackPointExtension>
        </extensions>
      </trkpt>
      <trkpt lat="30.545953" lon="34.989585">
        <ele>343.3</ele>
        <time>2026-03-31T07:37:42.000Z</time>
        <extensions>
          <gpxtpx:TrackPointExtension>
            <gpxtpx:hr>107</gpxtpx:hr>
            <gpxtpx:cad>0</gpxtpx:cad>
            <gpxtpx:atemp>303.15</gpxtpx:atemp>
          </gpxtpx:TrackPointExtension>
        </extensions>
      </trkpt>
      <trkpt lat="30.545981" lon="34.989593">
        <ele>343.1</ele>
        <time>2026-03-31T07:37:48.000Z</time>
        <extensions>
          <gpxtpx:TrackPointExtension>
            <gpxtpx:hr>111</gpxtpx:hr>
            <gpxtpx:cad>0</gpxtpx:cad>
            <gpxtpx:atemp>303.15</gpxtpx:atemp>
          </gpxtpx:TrackPointExtension>
        </extensions>
      </trkpt>
      <trkpt lat="30.545993" lon="34.989609">
        <ele>343.2</ele>
        <time>2026-03-31T07:38:20.000Z</time>
        <extensions>
          <gpxtpx:TrackPointExtension>
            <gpxtpx:hr>116</gpxtpx:hr>
            <gpxtpx:cad>0</gpxtpx:cad>
            <gpxtpx:atemp>303.15</gpxtpx:atemp>
          </gpxtpx:TrackPointExtension>
        </extensions>
      </trkpt>
      <trkpt lat="30.545960" lon="34.989532">
        <ele>342.5</ele>
        <time>2026-03-31T07:38:43.000Z</time>
        <extensions>
          <gpxtpx:TrackPointExtension>
            <gpxtpx:hr>129</gpxtpx:hr>
            <gpxtpx:cad>0</gpxtpx:cad>
            <gpxtpx:atemp>303.15</gpxtpx:atemp>
          </gpxtpx:TrackPointExtension>
        </extensions>
      </trkpt>
      <trkpt lat="30.545987" lon="34.989391">
        <ele>339.9</ele>
        <time>2026-03-31T07:39:03.000Z</time>
        <extensions>
          <gpxtpx:TrackPointExtension>
            <gpxtpx:hr>140</gpxtpx:hr>
            <gpxtpx:cad>54</gpxtpx:cad>
            <gpxtpx:atemp>303.15</gpxtpx:atemp>
          </gpxtpx:TrackPointExtension>
        </extensions>
      </trkpt>
      <trkpt lat="30.546040" lon="34.989296">
        <ele>337.3</ele>
        <time>2026-03-31T07:39:12.000Z</time>
        <extensions>
          <gpxtpx:TrackPointExtension>
            <gpxtpx:hr>140</gpxtpx:hr>
            <gpxtpx:cad>0</gpxtpx:cad>
            <gpxtpx:atemp>303.15</gpxtpx:atemp>
          </gpxtpx:TrackPointExtension>
        </extensions>
      </trkpt>
      <trkpt lat="30.546053" lon="34.989253">
        <ele>336.9</ele>
        <time>2026-03-31T07:39:16.000Z</time>
        <extensions>
          <gpxtpx:TrackPointExtension>
            <gpxtpx:hr>139</gpxtpx:hr>
            <gpxtpx:cad>42</gpxtpx:cad>
            <gpxtpx:atemp>303.15</gpxtpx:atemp>
          </gpxtpx:TrackPointExtension>
        </extensions>
      </trkpt>
      <trkpt lat="30.546120" lon="34.989117">
        <ele>334.6</ele>
        <time>2026-03-31T07:39:34.000Z</time>
        <extensions>
          <gpxtpx:TrackPointExtension>
            <gpxtpx:hr>138</gpxtpx:hr>
            <gpxtpx:cad>0</gpxtpx:cad>
            <gpxtpx:atemp>302.15</gpxtpx:atemp>
          </gpxtpx:TrackPointExtension>
        </extensions>
      </trkpt>
      <trkpt lat="30.546154" lon="34.989083">
        <ele>333.4</ele>
        <time>2026-03-31T07:39:39.000Z</time>
        <extensions>
          <gpxtpx:TrackPointExtension>
            <gpxtpx:hr>137</gpxtpx:hr>
            <gpxtpx:cad>0</gpxtpx:cad>
            <gpxtpx:atemp>302.15</gpxtpx:atemp>
          </gpxtpx:TrackPointExtension>
        </extensions>
      </trkpt>
      <trkpt lat="30.546276" lon="34.989064">
        <ele>329.3</ele>
        <time>2026-03-31T07:39:53.000Z</time>
        <extensions>
          <gpxtpx:TrackPointExtension>
            <gpxtpx:hr>137</gpxtpx:hr>
            <gpxtpx:cad>64</gpxtpx:cad>
            <gpxtpx:atemp>302.15</gpxtpx:atemp>
          </gpxtpx:TrackPointExtension>
        </extensions>
      </trkpt>
      <trkpt lat="30.546317" lon="34.989039">
        <ele>327.7</ele>
        <time>2026-03-31T07:39:59.000Z</time>
        <extensions>
          <gpxtpx:TrackPointExtension>
            <gpxtpx:hr>134</gpxtpx:hr>
            <gpxtpx:cad>44</gpxtpx:cad>
            <gpxtpx:atemp>302.15</gpxtpx:atemp>
          </gpxtpx:TrackPointExtension>
        </extensions>
      </trkpt>
      <trkpt lat="30.546368" lon="34.989023">
        <ele>325.8</ele>
        <time>2026-03-31T07:40:07.000Z</time>
        <extensions>
          <gpxtpx:TrackPointExtension>
            <gpxtpx:hr>133</gpxtpx:hr>
            <gpxtpx:cad>44</gpxtpx:cad>
            <gpxtpx:atemp>302.15</gpxtpx:atemp>
          </gpxtpx:TrackPointExtension>
        </extensions>
      </trkpt>
      <trkpt lat="30.546416" lon="34.988980">
        <ele>324.0</ele>
        <time>2026-03-31T07:40:19.000Z</time>
        <extensions>
          <gpxtpx:TrackPointExtension>
            <gpxtpx:hr>133</gpxtpx:hr>
            <gpxtpx:cad>47</gpxtpx:cad>
            <gpxtpx:atemp>302.15</gpxtpx:atemp>
          </gpxtpx:TrackPointExtension>
        </extensions>
      </trkpt>
      <trkpt lat="30.546478" lon="34.988902">
        <ele>321.5</ele>
        <time>2026-03-31T07:40:30.000Z</time>
        <extensions>
          <gpxtpx:TrackPointExtension>
            <gpxtpx:hr>134</gpxtpx:hr>
            <gpxtpx:cad>0</gpxtpx:cad>
            <gpxtpx:atemp>302.15</gpxtpx:atemp>
          </gpxtpx:TrackPointExtension>
        </extensions>
      </trkpt>
      <trkpt lat="30.546580" lon="34.988810">
        <ele>316.9</ele>
        <time>2026-03-31T07:40:46.000Z</time>
        <extensions>
          <gpxtpx:TrackPointExtension>
            <gpxtpx:hr>136</gpxtpx:hr>
            <gpxtpx:cad>73</gpxtpx:cad>
            <gpxtpx:atemp>302.15</gpxtpx:atemp>
          </gpxtpx:TrackPointExtension>
        </extensions>
      </trkpt>
      <trkpt lat="30.546640" lon="34.988743">
        <ele>313.7</ele>
        <time>2026-03-31T07:41:01.000Z</time>
        <extensions>
          <gpxtpx:TrackPointExtension>
            <gpxtpx:hr>140</gpxtpx:hr>
            <gpxtpx:cad>0</gpxtpx:cad>
            <gpxtpx:atemp>302.15</gpxtpx:atemp>
          </gpxtpx:TrackPointExtension>
        </extensions>
      </trkpt>
      <trkpt lat="30.546719" lon="34.988663">
        <ele>309.8</ele>
        <time>2026-03-31T07:41:13.000Z</time>
        <extensions>
          <gpxtpx:TrackPointExtension>
            <gpxtpx:hr>144</gpxtpx:hr>
            <gpxtpx:cad>45</gpxtpx:cad>
            <gpxtpx:atemp>302.15</gpxtpx:atemp>
          </gpxtpx:TrackPointExtension>
        </extensions>
      </trkpt>
      <trkpt lat="30.546830" lon="34.988577">
        <ele>304.2</ele>
        <time>2026-03-31T07:41:45.000Z</time>
        <extensions>
          <gpxtpx:TrackPointExtension>
            <gpxtpx:hr>152</gpxtpx:hr>
            <gpxtpx:cad>0</gpxtpx:cad>
            <gpxtpx:atemp>301.15</gpxtpx:atemp>
          </gpxtpx:TrackPointExtension>
        </extensions>
      </trkpt>
      <trkpt lat="30.546836" lon="34.988568">
        <ele>303.9</ele>
        <time>2026-03-31T07:41:53.000Z</time>
        <extensions>
          <gpxtpx:TrackPointExtension>
            <gpxtpx:hr>151</gpxtpx:hr>
            <gpxtpx:cad>0</gpxtpx:cad>
            <gpxtpx:atemp>301.15</gpxtpx:atemp>
          </gpxtpx:TrackPointExtension>
        </extensions>
      </trkpt>
      <trkpt lat="30.546889" lon="34.988515">
        <ele>301.2</ele>
        <time>2026-03-31T07:42:06.000Z</time>
        <extensions>
          <gpxtpx:TrackPointExtension>
            <gpxtpx:hr>147</gpxtpx:hr>
            <gpxtpx:cad>44</gpxtpx:cad>
            <gpxtpx:atemp>301.15</gpxtpx:atemp>
          </gpxtpx:TrackPointExtension>
        </extensions>
      </trkpt>
      <trkpt lat="30.546954" lon="34.988396">
        <ele>298.9</ele>
        <time>2026-03-31T07:42:21.000Z</time>
        <extensions>
          <gpxtpx:TrackPointExtension>
            <gpxtpx:hr>132</gpxtpx:hr>
            <gpxtpx:cad>49</gpxtpx:cad>
            <gpxtpx:atemp>301.15</gpxtpx:atemp>
          </gpxtpx:TrackPointExtension>
        </extensions>
      </trkpt>
      <trkpt lat="30.546972" lon="34.988353">
        <ele>298.6</ele>
        <time>2026-03-31T07:42:27.000Z</time>
        <extensions>
          <gpxtpx:TrackPointExtension>
            <gpxtpx:hr>129</gpxtpx:hr>
            <gpxtpx:cad>46</gpxtpx:cad>
            <gpxtpx:atemp>301.15</gpxtpx:atemp>
          </gpxtpx:TrackPointExtension>
        </extensions>
      </trkpt>
      <trkpt lat="30.546969" lon="34.988291">
        <ele>299.4</ele>
        <time>2026-03-31T07:42:34.000Z</time>
        <extensions>
          <gpxtpx:TrackPointExtension>
            <gpxtpx:hr>127</gpxtpx:hr>
            <gpxtpx:cad>0</gpxtpx:cad>
            <gpxtpx:atemp>301.15</gpxtpx:atemp>
          </gpxtpx:TrackPointExtension>
        </extensions>
      </trkpt>
      <trkpt lat="30.546997" lon="34.988252">
        <ele>298.7</ele>
        <time>2026-03-31T07:42:40.000Z</time>
        <extensions>
          <gpxtpx:TrackPointExtension>
            <gpxtpx:hr>125</gpxtpx:hr>
            <gpxtpx:cad>0</gpxtpx:cad>
            <gpxtpx:atemp>301.15</gpxtpx:atemp>
          </gpxtpx:TrackPointExtension>
        </extensions>
      </trkpt>
      <trkpt lat="30.547151" lon="34.988157">
        <ele>293.6</ele>
        <time>2026-03-31T07:43:04.000Z</time>
        <extensions>
          <gpxtpx:TrackPointExtension>
            <gpxtpx:hr>118</gpxtpx:hr>
            <gpxtpx:cad>0</gpxtpx:cad>
            <gpxtpx:atemp>301.15</gpxtpx:atemp>
          </gpxtpx:TrackPointExtension>
        </extensions>
      </trkpt>
      <trkpt lat="30.547171" lon="34.988106">
        <ele>293.3</ele>
        <time>2026-03-31T07:43:13.000Z</time>
        <extensions>
          <gpxtpx:TrackPointExtension>
            <gpxtpx:hr>120</gpxtpx:hr>
            <gpxtpx:cad>0</gpxtpx:cad>
            <gpxtpx:atemp>301.15</gpxtpx:atemp>
          </gpxtpx:TrackPointExtension>
        </extensions>
      </trkpt>
      <trkpt lat="30.547178" lon="34.987959">
        <ele>294.2</ele>
        <time>2026-03-31T07:43:49.000Z</time>
        <extensions>
          <gpxtpx:TrackPointExtension>
            <gpxtpx:hr>107</gpxtpx:hr>
            <gpxtpx:cad>46</gpxtpx:cad>
            <gpxtpx:atemp>301.15</gpxtpx:atemp>
          </gpxtpx:TrackPointExtension>
        </extensions>
      </trkpt>
      <trkpt lat="30.547159" lon="34.987884">
        <ele>295.3</ele>
        <time>2026-03-31T07:43:55.000Z</time>
        <extensions>
          <gpxtpx:TrackPointExtension>
            <gpxtpx:hr>113</gpxtpx:hr>
            <gpxtpx:cad>42</gpxtpx:cad>
            <gpxtpx:atemp>301.15</gpxtpx:atemp>
          </gpxtpx:TrackPointExtension>
        </extensions>
      </trkpt>
      <trkpt lat="30.547159" lon="34.987736">
        <ele>295.6</ele>
        <time>2026-03-31T07:44:50.000Z</time>
        <extensions>
          <gpxtpx:TrackPointExtension>
            <gpxtpx:hr>149</gpxtpx:hr>
            <gpxtpx:cad>45</gpxtpx:cad>
            <gpxtpx:atemp>300.15</gpxtpx:atemp>
          </gpxtpx:TrackPointExtension>
        </extensions>
      </trkpt>
      <trkpt lat="30.547138" lon="34.987687">
        <ele>296.4</ele>
        <time>2026-03-31T07:44:58.000Z</time>
        <extensions>
          <gpxtpx:TrackPointExtension>
            <gpxtpx:hr>149</gpxtpx:hr>
            <gpxtpx:cad>0</gpxtpx:cad>
            <gpxtpx:atemp>300.15</gpxtpx:atemp>
          </gpxtpx:TrackPointExtension>
        </extensions>
      </trkpt>
      <trkpt lat="30.547124" lon="34.987629">
        <ele>296.8</ele>
        <time>2026-03-31T07:45:06.000Z</time>
        <extensions>
          <gpxtpx:TrackPointExtension>
            <gpxtpx:hr>144</gpxtpx:hr>
            <gpxtpx:cad>0</gpxtpx:cad>
            <gpxtpx:atemp>300.15</gpxtpx:atemp>
          </gpxtpx:TrackPointExtension>
        </extensions>
      </trkpt>
      <trkpt lat="30.547098" lon="34.987587">
        <ele>297.4</ele>
        <time>2026-03-31T07:45:16.000Z</time>
        <extensions>
          <gpxtpx:TrackPointExtension>
            <gpxtpx:hr>151</gpxtpx:hr>
            <gpxtpx:cad>0</gpxtpx:cad>
            <gpxtpx:atemp>300.15</gpxtpx:atemp>
          </gpxtpx:TrackPointExtension>
        </extensions>
      </trkpt>
      <trkpt lat="30.547085" lon="34.987486">
        <ele>297.4</ele>
        <time>2026-03-31T07:45:30.000Z</time>
        <extensions>
          <gpxtpx:TrackPointExtension>
            <gpxtpx:hr>148</gpxtpx:hr>
            <gpxtpx:cad>0</gpxtpx:cad>
            <gpxtpx:atemp>300.15</gpxtpx:atemp>
          </gpxtpx:TrackPointExtension>
        </extensions>
      </trkpt>
      <trkpt lat="30.547086" lon="34.987469">
        <ele>297.3</ele>
        <time>2026-03-31T07:45:48.000Z</time>
        <extensions>
          <gpxtpx:TrackPointExtension>
            <gpxtpx:hr>150</gpxtpx:hr>
            <gpxtpx:cad>0</gpxtpx:cad>
            <gpxtpx:atemp>300.15</gpxtpx:atemp>
          </gpxtpx:TrackPointExtension>
        </extensions>
      </trkpt>
      <trkpt lat="30.547091" lon="34.987456">
        <ele>297.1</ele>
        <time>2026-03-31T07:45:50.000Z</time>
        <extensions>
          <gpxtpx:TrackPointExtension>
            <gpxtpx:hr>151</gpxtpx:hr>
            <gpxtpx:cad>0</gpxtpx:cad>
            <gpxtpx:atemp>300.15</gpxtpx:atemp>
          </gpxtpx:TrackPointExtension>
        </extensions>
      </trkpt>
      <trkpt lat="30.547082" lon="34.987446">
        <ele>297.3</ele>
        <time>2026-03-31T07:46:00.000Z</time>
        <extensions>
          <gpxtpx:TrackPointExtension>
            <gpxtpx:hr>152</gpxtpx:hr>
            <gpxtpx:cad>0</gpxtpx:cad>
            <gpxtpx:atemp>300.15</gpxtpx:atemp>
          </gpxtpx:TrackPointExtension>
        </extensions>
      </trkpt>
      <trkpt lat="30.547064" lon="34.987387">
        <ele>297.7</ele>
        <time>2026-03-31T07:46:13.000Z</time>
        <extensions>
          <gpxtpx:TrackPointExtension>
            <gpxtpx:hr>155</gpxtpx:hr>
            <gpxtpx:cad>0</gpxtpx:cad>
            <gpxtpx:atemp>300.15</gpxtpx:atemp>
          </gpxtpx:TrackPointExtension>
        </extensions>
      </trkpt>
      <trkpt lat="30.547056" lon="34.987386">
        <ele>297.9</ele>
        <time>2026-03-31T07:46:23.000Z</time>
        <extensions>
          <gpxtpx:TrackPointExtension>
            <gpxtpx:hr>161</gpxtpx:hr>
            <gpxtpx:cad>0</gpxtpx:cad>
            <gpxtpx:atemp>300.15</gpxtpx:atemp>
          </gpxtpx:TrackPointExtension>
        </extensions>
      </trkpt>
      <trkpt lat="30.547048" lon="34.987355">
        <ele>297.9</ele>
        <time>2026-03-31T07:46:34.000Z</time>
        <extensions>
          <gpxtpx:TrackPointExtension>
            <gpxtpx:hr>157</gpxtpx:hr>
            <gpxtpx:cad>0</gpxtpx:cad>
            <gpxtpx:atemp>300.15</gpxtpx:atemp>
          </gpxtpx:TrackPointExtension>
        </extensions>
      </trkpt>
      <trkpt lat="30.547081" lon="34.987328">
        <ele>296.7</ele>
        <time>2026-03-31T07:46:42.000Z</time>
        <extensions>
          <gpxtpx:TrackPointExtension>
            <gpxtpx:hr>156</gpxtpx:hr>
            <gpxtpx:cad>44</gpxtpx:cad>
            <gpxtpx:atemp>300.15</gpxtpx:atemp>
          </gpxtpx:TrackPointExtension>
        </extensions>
      </trkpt>
      <trkpt lat="30.547177" lon="34.987323">
        <ele>293.9</ele>
        <time>2026-03-31T07:47:35.000Z</time>
        <extensions>
          <gpxtpx:TrackPointExtension>
            <gpxtpx:hr>147</gpxtpx:hr>
            <gpxtpx:cad>0</gpxtpx:cad>
            <gpxtpx:atemp>300.15</gpxtpx:atemp>
          </gpxtpx:TrackPointExtension>
        </extensions>
      </trkpt>
      <trkpt lat="30.547195" lon="34.987329">
        <ele>293.5</ele>
        <time>2026-03-31T07:47:51.000Z</time>
        <extensions>
          <gpxtpx:TrackPointExtension>
            <gpxtpx:hr>143</gpxtpx:hr>
            <gpxtpx:cad>0</gpxtpx:cad>
            <gpxtpx:atemp>299.15</gpxtpx:atemp>
          </gpxtpx:TrackPointExtension>
        </extensions>
      </trkpt>
      <trkpt lat="30.547264" lon="34.987311">
        <ele>291.4</ele>
        <time>2026-03-31T07:48:15.000Z</time>
        <extensions>
          <gpxtpx:TrackPointExtension>
            <gpxtpx:hr>146</gpxtpx:hr>
            <gpxtpx:cad>0</gpxtpx:cad>
            <gpxtpx:atemp>299.15</gpxtpx:atemp>
          </gpxtpx:TrackPointExtension>
        </extensions>
      </trkpt>
      <trkpt lat="30.547311" lon="34.987319">
        <ele>290.1</ele>
        <time>2026-03-31T07:48:39.000Z</time>
        <extensions>
          <gpxtpx:TrackPointExtension>
            <gpxtpx:hr>140</gpxtpx:hr>
            <gpxtpx:cad>0</gpxtpx:cad>
            <gpxtpx:atemp>299.15</gpxtpx:atemp>
          </gpxtpx:TrackPointExtension>
        </extensions>
      </trkpt>
      <trkpt lat="30.547320" lon="34.987308">
        <ele>289.8</ele>
        <time>2026-03-31T07:48:52.000Z</time>
        <extensions>
          <gpxtpx:TrackPointExtension>
            <gpxtpx:hr>134</gpxtpx:hr>
            <gpxtpx:cad>0</gpxtpx:cad>
            <gpxtpx:atemp>299.15</gpxtpx:atemp>
          </gpxtpx:TrackPointExtension>
        </extensions>
      </trkpt>
      <trkpt lat="30.547373" lon="34.987269">
        <ele>288.0</ele>
        <time>2026-03-31T07:49:02.000Z</time>
        <extensions>
          <gpxtpx:TrackPointExtension>
            <gpxtpx:hr>132</gpxtpx:hr>
            <gpxtpx:cad>0</gpxtpx:cad>
            <gpxtpx:atemp>299.15</gpxtpx:atemp>
          </gpxtpx:TrackPointExtension>
        </extensions>
      </trkpt>
      <trkpt lat="30.547383" lon="34.987270">
        <ele>287.8</ele>
        <time>2026-03-31T07:49:10.000Z</time>
        <extensions>
          <gpxtpx:TrackPointExtension>
            <gpxtpx:hr>128</gpxtpx:hr>
            <gpxtpx:cad>0</gpxtpx:cad>
            <gpxtpx:atemp>299.15</gpxtpx:atemp>
          </gpxtpx:TrackPointExtension>
        </extensions>
      </trkpt>
      <trkpt lat="30.547406" lon="34.987279">
        <ele>287.3</ele>
        <time>2026-03-31T07:49:21.000Z</time>
        <extensions>
          <gpxtpx:TrackPointExtension>
            <gpxtpx:hr>130</gpxtpx:hr>
            <gpxtpx:cad>0</gpxtpx:cad>
            <gpxtpx:atemp>299.15</gpxtpx:atemp>
          </gpxtpx:TrackPointExtension>
        </extensions>
      </trkpt>
      <trkpt lat="30.547441" lon="34.987267">
        <ele>286.4</ele>
        <time>2026-03-31T07:49:34.000Z</time>
        <extensions>
          <gpxtpx:TrackPointExtension>
            <gpxtpx:hr>132</gpxtpx:hr>
            <gpxtpx:cad>62</gpxtpx:cad>
            <gpxtpx:atemp>299.15</gpxtpx:atemp>
          </gpxtpx:TrackPointExtension>
        </extensions>
      </trkpt>
      <trkpt lat="30.547421" lon="34.987227">
        <ele>286.6</ele>
        <time>2026-03-31T07:49:39.000Z</time>
        <extensions>
          <gpxtpx:TrackPointExtension>
            <gpxtpx:hr>135</gpxtpx:hr>
            <gpxtpx:cad>0</gpxtpx:cad>
            <gpxtpx:atemp>299.15</gpxtpx:atemp>
          </gpxtpx:TrackPointExtension>
        </extensions>
      </trkpt>
      <trkpt lat="30.547395" lon="34.987192">
        <ele>287.0</ele>
        <time>2026-03-31T07:50:03.000Z</time>
        <extensions>
          <gpxtpx:TrackPointExtension>
            <gpxtpx:hr>139</gpxtpx:hr>
            <gpxtpx:cad>0</gpxtpx:cad>
            <gpxtpx:atemp>298.15</gpxtpx:atemp>
          </gpxtpx:TrackPointExtension>
        </extensions>
      </trkpt>
      <trkpt lat="30.547381" lon="34.987122">
        <ele>286.8</ele>
        <time>2026-03-31T07:50:19.000Z</time>
        <extensions>
          <gpxtpx:TrackPointExtension>
            <gpxtpx:hr>134</gpxtpx:hr>
            <gpxtpx:cad>0</gpxtpx:cad>
            <gpxtpx:atemp>298.15</gpxtpx:atemp>
          </gpxtpx:TrackPointExtension>
        </extensions>
      </trkpt>
      <trkpt lat="30.547331" lon="34.986967">
        <ele>286.5</ele>
        <time>2026-03-31T07:50:38.000Z</time>
        <extensions>
          <gpxtpx:TrackPointExtension>
            <gpxtpx:hr>132</gpxtpx:hr>
            <gpxtpx:cad>49</gpxtpx:cad>
            <gpxtpx:atemp>298.15</gpxtpx:atemp>
          </gpxtpx:TrackPointExtension>
        </extensions>
      </trkpt>
      <trkpt lat="30.547263" lon="34.986852">
        <ele>286.7</ele>
        <time>2026-03-31T07:50:53.000Z</time>
        <extensions>
          <gpxtpx:TrackPointExtension>
            <gpxtpx:hr>132</gpxtpx:hr>
            <gpxtpx:cad>0</gpxtpx:cad>
            <gpxtpx:atemp>298.15</gpxtpx:atemp>
          </gpxtpx:TrackPointExtension>
        </extensions>
      </trkpt>
      <trkpt lat="30.547228" lon="34.986822">
        <ele>287.1</ele>
        <time>2026-03-31T07:50:58.000Z</time>
        <extensions>
          <gpxtpx:TrackPointExtension>
            <gpxtpx:hr>132</gpxtpx:hr>
            <gpxtpx:cad>0</gpxtpx:cad>
            <gpxtpx:atemp>298.15</gpxtpx:atemp>
          </gpxtpx:TrackPointExtension>
        </extensions>
      </trkpt>
      <trkpt lat="30.547208" lon="34.986747">
        <ele>286.3</ele>
        <time>2026-03-31T07:51:05.000Z</time>
        <extensions>
          <gpxtpx:TrackPointExtension>
            <gpxtpx:hr>131</gpxtpx:hr>
            <gpxtpx:cad>50</gpxtpx:cad>
            <gpxtpx:atemp>298.15</gpxtpx:atemp>
          </gpxtpx:TrackPointExtension>
        </extensions>
      </trkpt>
      <trkpt lat="30.547189" lon="34.986719">
        <ele>286.3</ele>
        <time>2026-03-31T07:51:07.000Z</time>
        <extensions>
          <gpxtpx:TrackPointExtension>
            <gpxtpx:hr>131</gpxtpx:hr>
            <gpxtpx:cad>50</gpxtpx:cad>
            <gpxtpx:atemp>298.15</gpxtpx:atemp>
          </gpxtpx:TrackPointExtension>
        </extensions>
      </trkpt>
      <trkpt lat="30.547198" lon="34.986655">
        <ele>285.0</ele>
        <time>2026-03-31T07:51:14.000Z</time>
        <extensions>
          <gpxtpx:TrackPointExtension>
            <gpxtpx:hr>136</gpxtpx:hr>
            <gpxtpx:cad>52</gpxtpx:cad>
            <gpxtpx:atemp>298.15</gpxtpx:atemp>
          </gpxtpx:TrackPointExtension>
        </extensions>
      </trkpt>
      <trkpt lat="30.547184" lon="34.986619">
        <ele>284.7</ele>
        <time>2026-03-31T07:51:17.000Z</time>
        <extensions>
          <gpxtpx:TrackPointExtension>
            <gpxtpx:hr>139</gpxtpx:hr>
            <gpxtpx:cad>55</gpxtpx:cad>
            <gpxtpx:atemp>298.15</gpxtpx:atemp>
          </gpxtpx:TrackPointExtension>
        </extensions>
      </trkpt>
      <trkpt lat="30.547124" lon="34.986444">
        <ele>283.1</ele>
        <time>2026-03-31T07:51:30.000Z</time>
        <extensions>
          <gpxtpx:TrackPointExtension>
            <gpxtpx:hr>144</gpxtpx:hr>
            <gpxtpx:cad>56</gpxtpx:cad>
            <gpxtpx:atemp>298.15</gpxtpx:atemp>
          </gpxtpx:TrackPointExtension>
        </extensions>
      </trkpt>
      <trkpt lat="30.547087" lon="34.986397">
        <ele>283.1</ele>
        <time>2026-03-31T07:51:34.000Z</time>
        <extensions>
          <gpxtpx:TrackPointExtension>
            <gpxtpx:hr>146</gpxtpx:hr>
            <gpxtpx:cad>55</gpxtpx:cad>
            <gpxtpx:atemp>298.15</gpxtpx:atemp>
          </gpxtpx:TrackPointExtension>
        </extensions>
      </trkpt>
      <trkpt lat="30.546989" lon="34.986246">
        <ele>282.7</ele>
        <time>2026-03-31T07:51:47.000Z</time>
        <extensions>
          <gpxtpx:TrackPointExtension>
            <gpxtpx:hr>148</gpxtpx:hr>
            <gpxtpx:cad>74</gpxtpx:cad>
            <gpxtpx:atemp>298.15</gpxtpx:atemp>
          </gpxtpx:TrackPointExtension>
        </extensions>
      </trkpt>
      <trkpt lat="30.546972" lon="34.986176">
        <ele>282.1</ele>
        <time>2026-03-31T07:51:51.000Z</time>
        <extensions>
          <gpxtpx:TrackPointExtension>
            <gpxtpx:hr>148</gpxtpx:hr>
            <gpxtpx:cad>79</gpxtpx:cad>
            <gpxtpx:atemp>298.15</gpxtpx:atemp>
          </gpxtpx:TrackPointExtension>
        </extensions>
      </trkpt>
      <trkpt lat="30.546833" lon="34.985982">
        <ele>281.7</ele>
        <time>2026-03-31T07:52:01.000Z</time>
        <extensions>
          <gpxtpx:TrackPointExtension>
            <gpxtpx:hr>148</gpxtpx:hr>
            <gpxtpx:cad>79</gpxtpx:cad>
            <gpxtpx:atemp>298.15</gpxtpx:atemp>
          </gpxtpx:TrackPointExtension>
        </extensions>
      </trkpt>
      <trkpt lat="30.546677" lon="34.985794">
        <ele>282.6</ele>
        <time>2026-03-31T07:52:11.000Z</time>
        <extensions>
          <gpxtpx:TrackPointExtension>
            <gpxtpx:hr>147</gpxtpx:hr>
            <gpxtpx:cad>78</gpxtpx:cad>
            <gpxtpx:atemp>298.15</gpxtpx:atemp>
          </gpxtpx:TrackPointExtension>
        </extensions>
      </trkpt>
      <trkpt lat="30.546607" lon="34.985732">
        <ele>283.1</ele>
        <time>2026-03-31T07:52:15.000Z</time>
        <extensions>
          <gpxtpx:TrackPointExtension>
            <gpxtpx:hr>148</gpxtpx:hr>
            <gpxtpx:cad>79</gpxtpx:cad>
            <gpxtpx:atemp>298.15</gpxtpx:atemp>
          </gpxtpx:TrackPointExtension>
        </extensions>
      </trkpt>
      <trkpt lat="30.546458" lon="34.985563">
        <ele>284.0</ele>
        <time>2026-03-31T07:52:24.000Z</time>
        <extensions>
          <gpxtpx:TrackPointExtension>
            <gpxtpx:hr>148</gpxtpx:hr>
            <gpxtpx:cad>80</gpxtpx:cad>
            <gpxtpx:atemp>298.15</gpxtpx:atemp>
          </gpxtpx:TrackPointExtension>
        </extensions>
      </trkpt>
      <trkpt lat="30.546366" lon="34.985381">
        <ele>283.5</ele>
        <time>2026-03-31T07:52:32.000Z</time>
        <extensions>
          <gpxtpx:TrackPointExtension>
            <gpxtpx:hr>148</gpxtpx:hr>
            <gpxtpx:cad>80</gpxtpx:cad>
            <gpxtpx:atemp>298.15</gpxtpx:atemp>
          </gpxtpx:TrackPointExtension>
        </extensions>
      </trkpt>
      <trkpt lat="30.546352" lon="34.985339">
        <ele>283.2</ele>
        <time>2026-03-31T07:52:34.000Z</time>
        <extensions>
          <gpxtpx:TrackPointExtension>
            <gpxtpx:hr>149</gpxtpx:hr>
            <gpxtpx:cad>80</gpxtpx:cad>
            <gpxtpx:atemp>298.15</gpxtpx:atemp>
          </gpxtpx:TrackPointExtension>
        </extensions>
      </trkpt>
      <trkpt lat="30.546313" lon="34.985274">
        <ele>283.0</ele>
        <time>2026-03-31T07:52:37.000Z</time>
        <extensions>
          <gpxtpx:TrackPointExtension>
            <gpxtpx:hr>149</gpxtpx:hr>
            <gpxtpx:cad>80</gpxtpx:cad>
            <gpxtpx:atemp>298.15</gpxtpx:atemp>
          </gpxtpx:TrackPointExtension>
        </extensions>
      </trkpt>
      <trkpt lat="30.546189" lon="34.985026">
        <ele>282.3</ele>
        <time>2026-03-31T07:52:48.000Z</time>
        <extensions>
          <gpxtpx:TrackPointExtension>
            <gpxtpx:hr>146</gpxtpx:hr>
            <gpxtpx:cad>78</gpxtpx:cad>
            <gpxtpx:atemp>298.15</gpxtpx:atemp>
          </gpxtpx:TrackPointExtension>
        </extensions>
      </trkpt>
      <trkpt lat="30.546094" lon="34.984866">
        <ele>282.3</ele>
        <time>2026-03-31T07:52:56.000Z</time>
        <extensions>
          <gpxtpx:TrackPointExtension>
            <gpxtpx:hr>145</gpxtpx:hr>
            <gpxtpx:cad>77</gpxtpx:cad>
            <gpxtpx:atemp>298.15</gpxtpx:atemp>
          </gpxtpx:TrackPointExtension>
        </extensions>
      </trkpt>
      <trkpt lat="30.546027" lon="34.984779">
        <ele>282.4</ele>
        <time>2026-03-31T07:53:01.000Z</time>
        <extensions>
          <gpxtpx:TrackPointExtension>
            <gpxtpx:hr>145</gpxtpx:hr>
            <gpxtpx:cad>76</gpxtpx:cad>
            <gpxtpx:atemp>298.15</gpxtpx:atemp>
          </gpxtpx:TrackPointExtension>
        </extensions>
      </trkpt>
      <trkpt lat="30.546003" lon="34.984731">
        <ele>282.2</ele>
        <time>2026-03-31T07:53:03.000Z</time>
        <extensions>
          <gpxtpx:TrackPointExtension>
            <gpxtpx:hr>145</gpxtpx:hr>
            <gpxtpx:cad>76</gpxtpx:cad>
            <gpxtpx:atemp>298.15</gpxtpx:atemp>
          </gpxtpx:TrackPointExtension>
        </extensions>
      </trkpt>
      <trkpt lat="30.545938" lon="34.984683">
        <ele>282.7</ele>
        <time>2026-03-31T07:53:07.000Z</time>
        <extensions>
          <gpxtpx:TrackPointExtension>
            <gpxtpx:hr>146</gpxtpx:hr>
            <gpxtpx:cad>77</gpxtpx:cad>
            <gpxtpx:atemp>298.15</gpxtpx:atemp>
          </gpxtpx:TrackPointExtension>
        </extensions>
      </trkpt>
      <trkpt lat="30.545865" lon="34.984556">
        <ele>282.7</ele>
        <time>2026-03-31T07:53:14.000Z</time>
        <extensions>
          <gpxtpx:TrackPointExtension>
            <gpxtpx:hr>146</gpxtpx:hr>
            <gpxtpx:cad>75</gpxtpx:cad>
            <gpxtpx:atemp>298.15</gpxtpx:atemp>
          </gpxtpx:TrackPointExtension>
        </extensions>
      </trkpt>
      <trkpt lat="30.545835" lon="34.984467">
        <ele>282.4</ele>
        <time>2026-03-31T07:53:18.000Z</time>
        <extensions>
          <gpxtpx:TrackPointExtension>
            <gpxtpx:hr>147</gpxtpx:hr>
            <gpxtpx:cad>79</gpxtpx:cad>
            <gpxtpx:atemp>298.15</gpxtpx:atemp>
          </gpxtpx:TrackPointExtension>
        </extensions>
      </trkpt>
      <trkpt lat="30.545812" lon="34.984430">
        <ele>282.5</ele>
        <time>2026-03-31T07:53:20.000Z</time>
        <extensions>
          <gpxtpx:TrackPointExtension>
            <gpxtpx:hr>147</gpxtpx:hr>
            <gpxtpx:cad>79</gpxtpx:cad>
            <gpxtpx:atemp>298.15</gpxtpx:atemp>
          </gpxtpx:TrackPointExtension>
        </extensions>
      </trkpt>
      <trkpt lat="30.545754" lon="34.984370">
        <ele>282.8</ele>
        <time>2026-03-31T07:53:24.000Z</time>
        <extensions>
          <gpxtpx:TrackPointExtension>
            <gpxtpx:hr>147</gpxtpx:hr>
            <gpxtpx:cad>80</gpxtpx:cad>
            <gpxtpx:atemp>298.15</gpxtpx:atemp>
          </gpxtpx:TrackPointExtension>
        </extensions>
      </trkpt>
      <trkpt lat="30.545643" lon="34.984203">
        <ele>282.6</ele>
        <time>2026-03-31T07:53:32.000Z</time>
        <extensions>
          <gpxtpx:TrackPointExtension>
            <gpxtpx:hr>147</gpxtpx:hr>
            <gpxtpx:cad>81</gpxtpx:cad>
            <gpxtpx:atemp>298.15</gpxtpx:atemp>
          </gpxtpx:TrackPointExtension>
        </extensions>
      </trkpt>
      <trkpt lat="30.545494" lon="34.983968">
        <ele>282.5</ele>
        <time>2026-03-31T07:53:43.000Z</time>
        <extensions>
          <gpxtpx:TrackPointExtension>
            <gpxtpx:hr>145</gpxtpx:hr>
            <gpxtpx:cad>81</gpxtpx:cad>
            <gpxtpx:atemp>298.15</gpxtpx:atemp>
          </gpxtpx:TrackPointExtension>
        </extensions>
      </trkpt>
      <trkpt lat="30.545385" lon="34.983837">
        <ele>283.1</ele>
        <time>2026-03-31T07:53:50.000Z</time>
        <extensions>
          <gpxtpx:TrackPointExtension>
            <gpxtpx:hr>146</gpxtpx:hr>
            <gpxtpx:cad>80</gpxtpx:cad>
            <gpxtpx:atemp>298.15</gpxtpx:atemp>
          </gpxtpx:TrackPointExtension>
        </extensions>
      </trkpt>
      <trkpt lat="30.545287" lon="34.983718">
        <ele>283.6</ele>
        <time>2026-03-31T07:53:56.000Z</time>
        <extensions>
          <gpxtpx:TrackPointExtension>
            <gpxtpx:hr>145</gpxtpx:hr>
            <gpxtpx:cad>79</gpxtpx:cad>
            <gpxtpx:atemp>298.15</gpxtpx:atemp>
          </gpxtpx:TrackPointExtension>
        </extensions>
      </trkpt>
      <trkpt lat="30.545230" lon="34.983630">
        <ele>283.7</ele>
        <time>2026-03-31T07:54:00.000Z</time>
        <extensions>
          <gpxtpx:TrackPointExtension>
            <gpxtpx:hr>145</gpxtpx:hr>
            <gpxtpx:cad>79</gpxtpx:cad>
            <gpxtpx:atemp>298.15</gpxtpx:atemp>
          </gpxtpx:TrackPointExtension>
        </extensions>
      </trkpt>
      <trkpt lat="30.545104" lon="34.983458">
        <ele>284.5</ele>
        <time>2026-03-31T07:54:08.000Z</time>
        <extensions>
          <gpxtpx:TrackPointExtension>
            <gpxtpx:hr>145</gpxtpx:hr>
            <gpxtpx:cad>79</gpxtpx:cad>
            <gpxtpx:atemp>298.15</gpxtpx:atemp>
          </gpxtpx:TrackPointExtension>
        </extensions>
      </trkpt>
      <trkpt lat="30.545038" lon="34.983349">
        <ele>284.5</ele>
        <time>2026-03-31T07:54:13.000Z</time>
        <extensions>
          <gpxtpx:TrackPointExtension>
            <gpxtpx:hr>146</gpxtpx:hr>
            <gpxtpx:cad>79</gpxtpx:cad>
            <gpxtpx:atemp>298.15</gpxtpx:atemp>
          </gpxtpx:TrackPointExtension>
        </extensions>
      </trkpt>
      <trkpt lat="30.545023" lon="34.983336">
        <ele>284.6</ele>
        <time>2026-03-31T07:54:14.000Z</time>
        <extensions>
          <gpxtpx:TrackPointExtension>
            <gpxtpx:hr>146</gpxtpx:hr>
            <gpxtpx:cad>78</gpxtpx:cad>
            <gpxtpx:atemp>298.15</gpxtpx:atemp>
          </gpxtpx:TrackPointExtension>
        </extensions>
      </trkpt>
      <trkpt lat="30.544839" lon="34.983102">
        <ele>285.1</ele>
        <time>2026-03-31T07:54:27.000Z</time>
        <extensions>
          <gpxtpx:TrackPointExtension>
            <gpxtpx:hr>146</gpxtpx:hr>
            <gpxtpx:cad>79</gpxtpx:cad>
            <gpxtpx:atemp>298.15</gpxtpx:atemp>
          </gpxtpx:TrackPointExtension>
        </extensions>
      </trkpt>
      <trkpt lat="30.544712" lon="34.982886">
        <ele>284.3</ele>
        <time>2026-03-31T07:54:37.000Z</time>
        <extensions>
          <gpxtpx:TrackPointExtension>
            <gpxtpx:hr>147</gpxtpx:hr>
            <gpxtpx:cad>77</gpxtpx:cad>
            <gpxtpx:atemp>298.15</gpxtpx:atemp>
          </gpxtpx:TrackPointExtension>
        </extensions>
      </trkpt>
      <trkpt lat="30.544599" lon="34.982669">
        <ele>283.2</ele>
        <time>2026-03-31T07:54:47.000Z</time>
        <extensions>
          <gpxtpx:TrackPointExtension>
            <gpxtpx:hr>147</gpxtpx:hr>
            <gpxtpx:cad>79</gpxtpx:cad>
            <gpxtpx:atemp>298.15</gpxtpx:atemp>
          </gpxtpx:TrackPointExtension>
        </extensions>
      </trkpt>
      <trkpt lat="30.544577" lon="34.982620">
        <ele>282.9</ele>
        <time>2026-03-31T07:54:49.000Z</time>
        <extensions>
          <gpxtpx:TrackPointExtension>
            <gpxtpx:hr>147</gpxtpx:hr>
            <gpxtpx:cad>79</gpxtpx:cad>
            <gpxtpx:atemp>298.15</gpxtpx:atemp>
          </gpxtpx:TrackPointExtension>
        </extensions>
      </trkpt>
      <trkpt lat="30.544430" lon="34.982408">
        <ele>282.8</ele>
        <time>2026-03-31T07:55:00.000Z</time>
        <extensions>
          <gpxtpx:TrackPointExtension>
            <gpxtpx:hr>146</gpxtpx:hr>
            <gpxtpx:cad>80</gpxtpx:cad>
            <gpxtpx:atemp>299.15</gpxtpx:atemp>
          </gpxtpx:TrackPointExtension>
        </extensions>
      </trkpt>
      <trkpt lat="30.544296" lon="34.982235">
        <ele>282.8</ele>
        <time>2026-03-31T07:55:09.000Z</time>
        <extensions>
          <gpxtpx:TrackPointExtension>
            <gpxtpx:hr>144</gpxtpx:hr>
            <gpxtpx:cad>79</gpxtpx:cad>
            <gpxtpx:atemp>299.15</gpxtpx:atemp>
          </gpxtpx:TrackPointExtension>
        </extensions>
      </trkpt>
      <trkpt lat="30.544222" lon="34.982148">
        <ele>283.0</ele>
        <time>2026-03-31T07:55:14.000Z</time>
        <extensions>
          <gpxtpx:TrackPointExtension>
            <gpxtpx:hr>143</gpxtpx:hr>
            <gpxtpx:cad>79</gpxtpx:cad>
            <gpxtpx:atemp>299.15</gpxtpx:atemp>
          </gpxtpx:TrackPointExtension>
        </extensions>
      </trkpt>
      <trkpt lat="30.544122" lon="34.982006">
        <ele>283.0</ele>
        <time>2026-03-31T07:55:21.000Z</time>
        <extensions>
          <gpxtpx:TrackPointExtension>
            <gpxtpx:hr>141</gpxtpx:hr>
            <gpxtpx:cad>78</gpxtpx:cad>
            <gpxtpx:atemp>299.15</gpxtpx:atemp>
          </gpxtpx:TrackPointExtension>
        </extensions>
      </trkpt>
      <trkpt lat="30.544089" lon="34.981965">
        <ele>283.0</ele>
        <time>2026-03-31T07:55:23.000Z</time>
        <extensions>
          <gpxtpx:TrackPointExtension>
            <gpxtpx:hr>142</gpxtpx:hr>
            <gpxtpx:cad>79</gpxtpx:cad>
            <gpxtpx:atemp>299.15</gpxtpx:atemp>
          </gpxtpx:TrackPointExtension>
        </extensions>
      </trkpt>
      <trkpt lat="30.543963" lon="34.981762">
        <ele>282.5</ele>
        <time>2026-03-31T07:55:33.000Z</time>
        <extensions>
          <gpxtpx:TrackPointExtension>
            <gpxtpx:hr>145</gpxtpx:hr>
            <gpxtpx:cad>79</gpxtpx:cad>
            <gpxtpx:atemp>299.15</gpxtpx:atemp>
          </gpxtpx:TrackPointExtension>
        </extensions>
      </trkpt>
      <trkpt lat="30.543823" lon="34.981582">
        <ele>282.8</ele>
        <time>2026-03-31T07:55:43.000Z</time>
        <extensions>
          <gpxtpx:TrackPointExtension>
            <gpxtpx:hr>142</gpxtpx:hr>
            <gpxtpx:cad>78</gpxtpx:cad>
            <gpxtpx:atemp>300.15</gpxtpx:atemp>
          </gpxtpx:TrackPointExtension>
        </extensions>
      </trkpt>
      <trkpt lat="30.543664" lon="34.981374">
        <ele>282.3</ele>
        <time>2026-03-31T07:55:54.000Z</time>
        <extensions>
          <gpxtpx:TrackPointExtension>
            <gpxtpx:hr>139</gpxtpx:hr>
            <gpxtpx:cad>76</gpxtpx:cad>
            <gpxtpx:atemp>300.15</gpxtpx:atemp>
          </gpxtpx:TrackPointExtension>
        </extensions>
      </trkpt>
      <trkpt lat="30.543611" lon="34.981307">
        <ele>282.0</ele>
        <time>2026-03-31T07:55:58.000Z</time>
        <extensions>
          <gpxtpx:TrackPointExtension>
            <gpxtpx:hr>137</gpxtpx:hr>
            <gpxtpx:cad>77</gpxtpx:cad>
            <gpxtpx:atemp>300.15</gpxtpx:atemp>
          </gpxtpx:TrackPointExtension>
        </extensions>
      </trkpt>
      <trkpt lat="30.543602" lon="34.981288">
        <ele>281.9</ele>
        <time>2026-03-31T07:55:59.000Z</time>
        <extensions>
          <gpxtpx:TrackPointExtension>
            <gpxtpx:hr>136</gpxtpx:hr>
            <gpxtpx:cad>77</gpxtpx:cad>
            <gpxtpx:atemp>300.15</gpxtpx:atemp>
          </gpxtpx:TrackPointExtension>
        </extensions>
      </trkpt>
      <trkpt lat="30.543475" lon="34.981109">
        <ele>281.0</ele>
        <time>2026-03-31T07:56:09.000Z</time>
        <extensions>
          <gpxtpx:TrackPointExtension>
            <gpxtpx:hr>128</gpxtpx:hr>
            <gpxtpx:cad>79</gpxtpx:cad>
            <gpxtpx:atemp>300.15</gpxtpx:atemp>
          </gpxtpx:TrackPointExtension>
        </extensions>
      </trkpt>
      <trkpt lat="30.543398" lon="34.980989">
        <ele>280.1</ele>
        <time>2026-03-31T07:56:17.000Z</time>
        <extensions>
          <gpxtpx:TrackPointExtension>
            <gpxtpx:hr>125</gpxtpx:hr>
            <gpxtpx:cad>0</gpxtpx:cad>
            <gpxtpx:atemp>300.15</gpxtpx:atemp>
          </gpxtpx:TrackPointExtension>
        </extensions>
      </trkpt>
      <trkpt lat="30.543378" lon="34.980916">
        <ele>279.9</ele>
        <time>2026-03-31T07:56:24.000Z</time>
        <extensions>
          <gpxtpx:TrackPointExtension>
            <gpxtpx:hr>116</gpxtpx:hr>
            <gpxtpx:cad>74</gpxtpx:cad>
            <gpxtpx:atemp>300.15</gpxtpx:atemp>
          </gpxtpx:TrackPointExtension>
        </extensions>
      </trkpt>
      <trkpt lat="30.543308" lon="34.980724">
        <ele>279.5</ele>
        <time>2026-03-31T07:56:34.000Z</time>
        <extensions>
          <gpxtpx:TrackPointExtension>
            <gpxtpx:hr>107</gpxtpx:hr>
            <gpxtpx:cad>76</gpxtpx:cad>
            <gpxtpx:atemp>300.15</gpxtpx:atemp>
          </gpxtpx:TrackPointExtension>
        </extensions>
      </trkpt>
      <trkpt lat="30.543296" lon="34.980697">
        <ele>279.4</ele>
        <time>2026-03-31T07:56:36.000Z</time>
        <extensions>
          <gpxtpx:TrackPointExtension>
            <gpxtpx:hr>106</gpxtpx:hr>
            <gpxtpx:cad>75</gpxtpx:cad>
            <gpxtpx:atemp>300.15</gpxtpx:atemp>
          </gpxtpx:TrackPointExtension>
        </extensions>
      </trkpt>
      <trkpt lat="30.543237" lon="34.980497">
        <ele>279.9</ele>
        <time>2026-03-31T07:56:46.000Z</time>
        <extensions>
          <gpxtpx:TrackPointExtension>
            <gpxtpx:hr>106</gpxtpx:hr>
            <gpxtpx:cad>55</gpxtpx:cad>
            <gpxtpx:atemp>301.15</gpxtpx:atemp>
          </gpxtpx:TrackPointExtension>
        </extensions>
      </trkpt>
      <trkpt lat="30.543190" lon="34.980462">
        <ele>279.9</ele>
        <time>2026-03-31T07:56:53.000Z</time>
        <extensions>
          <gpxtpx:TrackPointExtension>
            <gpxtpx:hr>106</gpxtpx:hr>
            <gpxtpx:cad>55</gpxtpx:cad>
            <gpxtpx:atemp>301.15</gpxtpx:atemp>
          </gpxtpx:TrackPointExtension>
        </extensions>
      </trkpt>
      <trkpt lat="30.543151" lon="34.980443">
        <ele>280.1</ele>
        <time>2026-03-31T07:56:56.000Z</time>
        <extensions>
          <gpxtpx:TrackPointExtension>
            <gpxtpx:hr>106</gpxtpx:hr>
            <gpxtpx:cad>0</gpxtpx:cad>
            <gpxtpx:atemp>301.15</gpxtpx:atemp>
          </gpxtpx:TrackPointExtension>
        </extensions>
      </trkpt>
      <trkpt lat="30.543113" lon="34.980449">
        <ele>280.2</ele>
        <time>2026-03-31T07:58:51.000Z</time>
        <extensions>
          <gpxtpx:TrackPointExtension>
            <gpxtpx:hr>120</gpxtpx:hr>
            <gpxtpx:cad>0</gpxtpx:cad>
            <gpxtpx:atemp>299.15</gpxtpx:atemp>
          </gpxtpx:TrackPointExtension>
        </extensions>
      </trkpt>
      <trkpt lat="30.543144" lon="34.980425">
        <ele>280.2</ele>
        <time>2026-03-31T07:59:47.000Z</time>
        <extensions>
          <gpxtpx:TrackPointExtension>
            <gpxtpx:hr>141</gpxtpx:hr>
            <gpxtpx:cad>0</gpxtpx:cad>
            <gpxtpx:atemp>298.15</gpxtpx:atemp>
          </gpxtpx:TrackPointExtension>
        </extensions>
      </trkpt>
      <trkpt lat="30.543179" lon="34.980386">
        <ele>280.3</ele>
        <time>2026-03-31T07:59:54.000Z</time>
        <extensions>
          <gpxtpx:TrackPointExtension>
            <gpxtpx:hr>147</gpxtpx:hr>
            <gpxtpx:cad>0</gpxtpx:cad>
            <gpxtpx:atemp>298.15</gpxtpx:atemp>
          </gpxtpx:TrackPointExtension>
        </extensions>
      </trkpt>
      <trkpt lat="30.543142" lon="34.980305">
        <ele>280.9</ele>
        <time>2026-03-31T08:00:04.000Z</time>
        <extensions>
          <gpxtpx:TrackPointExtension>
            <gpxtpx:hr>147</gpxtpx:hr>
            <gpxtpx:cad>80</gpxtpx:cad>
            <gpxtpx:atemp>298.15</gpxtpx:atemp>
          </gpxtpx:TrackPointExtension>
        </extensions>
      </trkpt>
      <trkpt lat="30.543128" lon="34.980286">
        <ele>281.1</ele>
        <time>2026-03-31T08:00:05.000Z</time>
        <extensions>
          <gpxtpx:TrackPointExtension>
            <gpxtpx:hr>147</gpxtpx:hr>
            <gpxtpx:cad>80</gpxtpx:cad>
            <gpxtpx:atemp>298.15</gpxtpx:atemp>
          </gpxtpx:TrackPointExtension>
        </extensions>
      </trkpt>
      <trkpt lat="30.543010" lon="34.980061">
        <ele>282.7</ele>
        <time>2026-03-31T08:00:15.000Z</time>
        <extensions>
          <gpxtpx:TrackPointExtension>
            <gpxtpx:hr>147</gpxtpx:hr>
            <gpxtpx:cad>79</gpxtpx:cad>
            <gpxtpx:atemp>298.15</gpxtpx:atemp>
          </gpxtpx:TrackPointExtension>
        </extensions>
      </trkpt>
      <trkpt lat="30.542917" lon="34.979951">
        <ele>284.0</ele>
        <time>2026-03-31T08:00:21.000Z</time>
        <extensions>
          <gpxtpx:TrackPointExtension>
            <gpxtpx:hr>147</gpxtpx:hr>
            <gpxtpx:cad>79</gpxtpx:cad>
            <gpxtpx:atemp>298.15</gpxtpx:atemp>
          </gpxtpx:TrackPointExtension>
        </extensions>
      </trkpt>
      <trkpt lat="30.542844" lon="34.979892">
        <ele>285.0</ele>
        <time>2026-03-31T08:00:25.000Z</time>
        <extensions>
          <gpxtpx:TrackPointExtension>
            <gpxtpx:hr>146</gpxtpx:hr>
            <gpxtpx:cad>78</gpxtpx:cad>
            <gpxtpx:atemp>298.15</gpxtpx:atemp>
          </gpxtpx:TrackPointExtension>
        </extensions>
      </trkpt>
      <trkpt lat="30.542823" lon="34.979881">
        <ele>285.2</ele>
        <time>2026-03-31T08:00:26.000Z</time>
        <extensions>
          <gpxtpx:TrackPointExtension>
            <gpxtpx:hr>146</gpxtpx:hr>
            <gpxtpx:cad>78</gpxtpx:cad>
            <gpxtpx:atemp>298.15</gpxtpx:atemp>
          </gpxtpx:TrackPointExtension>
        </extensions>
      </trkpt>
      <trkpt lat="30.542740" lon="34.979809">
        <ele>286.0</ele>
        <time>2026-03-31T08:00:31.000Z</time>
        <extensions>
          <gpxtpx:TrackPointExtension>
            <gpxtpx:hr>147</gpxtpx:hr>
            <gpxtpx:cad>78</gpxtpx:cad>
            <gpxtpx:atemp>298.15</gpxtpx:atemp>
          </gpxtpx:TrackPointExtension>
        </extensions>
      </trkpt>
      <trkpt lat="30.542594" lon="34.979701">
        <ele>287.6</ele>
        <time>2026-03-31T08:00:39.000Z</time>
        <extensions>
          <gpxtpx:TrackPointExtension>
            <gpxtpx:hr>147</gpxtpx:hr>
            <gpxtpx:cad>79</gpxtpx:cad>
            <gpxtpx:atemp>298.15</gpxtpx:atemp>
          </gpxtpx:TrackPointExtension>
        </extensions>
      </trkpt>
      <trkpt lat="30.542446" lon="34.979551">
        <ele>289.5</ele>
        <time>2026-03-31T08:00:48.000Z</time>
        <extensions>
          <gpxtpx:TrackPointExtension>
            <gpxtpx:hr>147</gpxtpx:hr>
            <gpxtpx:cad>78</gpxtpx:cad>
            <gpxtpx:atemp>298.15</gpxtpx:atemp>
          </gpxtpx:TrackPointExtension>
        </extensions>
      </trkpt>
      <trkpt lat="30.542391" lon="34.979518">
        <ele>289.8</ele>
        <time>2026-03-31T08:00:51.000Z</time>
        <extensions>
          <gpxtpx:TrackPointExtension>
            <gpxtpx:hr>147</gpxtpx:hr>
            <gpxtpx:cad>78</gpxtpx:cad>
            <gpxtpx:atemp>298.15</gpxtpx:atemp>
          </gpxtpx:TrackPointExtension>
        </extensions>
      </trkpt>
      <trkpt lat="30.542344" lon="34.979476">
        <ele>290.1</ele>
        <time>2026-03-31T08:00:54.000Z</time>
        <extensions>
          <gpxtpx:TrackPointExtension>
            <gpxtpx:hr>147</gpxtpx:hr>
            <gpxtpx:cad>79</gpxtpx:cad>
            <gpxtpx:atemp>298.15</gpxtpx:atemp>
          </gpxtpx:TrackPointExtension>
        </extensions>
      </trkpt>
      <trkpt lat="30.542263" lon="34.979450">
        <ele>290.7</ele>
        <time>2026-03-31T08:00:58.000Z</time>
        <extensions>
          <gpxtpx:TrackPointExtension>
            <gpxtpx:hr>147</gpxtpx:hr>
            <gpxtpx:cad>79</gpxtpx:cad>
            <gpxtpx:atemp>298.15</gpxtpx:atemp>
          </gpxtpx:TrackPointExtension>
        </extensions>
      </trkpt>
      <trkpt lat="30.542061" lon="34.979364">
        <ele>291.5</ele>
        <time>2026-03-31T08:01:08.000Z</time>
        <extensions>
          <gpxtpx:TrackPointExtension>
            <gpxtpx:hr>147</gpxtpx:hr>
            <gpxtpx:cad>79</gpxtpx:cad>
            <gpxtpx:atemp>298.15</gpxtpx:atemp>
          </gpxtpx:TrackPointExtension>
        </extensions>
      </trkpt>
      <trkpt lat="30.542001" lon="34.979328">
        <ele>291.5</ele>
        <time>2026-03-31T08:01:11.000Z</time>
        <extensions>
          <gpxtpx:TrackPointExtension>
            <gpxtpx:hr>147</gpxtpx:hr>
            <gpxtpx:cad>79</gpxtpx:cad>
            <gpxtpx:atemp>298.15</gpxtpx:atemp>
          </gpxtpx:TrackPointExtension>
        </extensions>
      </trkpt>
      <trkpt lat="30.541928" lon="34.979263">
        <ele>291.3</ele>
        <time>2026-03-31T08:01:15.000Z</time>
        <extensions>
          <gpxtpx:TrackPointExtension>
            <gpxtpx:hr>147</gpxtpx:hr>
            <gpxtpx:cad>79</gpxtpx:cad>
            <gpxtpx:atemp>298.15</gpxtpx:atemp>
          </gpxtpx:TrackPointExtension>
        </extensions>
      </trkpt>
      <trkpt lat="30.541759" lon="34.979139">
        <ele>291.1</ele>
        <time>2026-03-31T08:01:24.000Z</time>
        <extensions>
          <gpxtpx:TrackPointExtension>
            <gpxtpx:hr>147</gpxtpx:hr>
            <gpxtpx:cad>80</gpxtpx:cad>
            <gpxtpx:atemp>298.15</gpxtpx:atemp>
          </gpxtpx:TrackPointExtension>
        </extensions>
      </trkpt>
      <trkpt lat="30.541723" lon="34.979120">
        <ele>291.2</ele>
        <time>2026-03-31T08:01:26.000Z</time>
        <extensions>
          <gpxtpx:TrackPointExtension>
            <gpxtpx:hr>147</gpxtpx:hr>
            <gpxtpx:cad>79</gpxtpx:cad>
            <gpxtpx:atemp>298.15</gpxtpx:atemp>
          </gpxtpx:TrackPointExtension>
        </extensions>
      </trkpt>
      <trkpt lat="30.541651" lon="34.979063">
        <ele>290.9</ele>
        <time>2026-03-31T08:01:30.000Z</time>
        <extensions>
          <gpxtpx:TrackPointExtension>
            <gpxtpx:hr>147</gpxtpx:hr>
            <gpxtpx:cad>80</gpxtpx:cad>
            <gpxtpx:atemp>298.15</gpxtpx:atemp>
          </gpxtpx:TrackPointExtension>
        </extensions>
      </trkpt>
      <trkpt lat="30.541629" lon="34.979054">
        <ele>290.9</ele>
        <time>2026-03-31T08:01:31.000Z</time>
        <extensions>
          <gpxtpx:TrackPointExtension>
            <gpxtpx:hr>147</gpxtpx:hr>
            <gpxtpx:cad>80</gpxtpx:cad>
            <gpxtpx:atemp>298.15</gpxtpx:atemp>
          </gpxtpx:TrackPointExtension>
        </extensions>
      </trkpt>
      <trkpt lat="30.541479" lon="34.978942">
        <ele>290.7</ele>
        <time>2026-03-31T08:01:39.000Z</time>
        <extensions>
          <gpxtpx:TrackPointExtension>
            <gpxtpx:hr>146</gpxtpx:hr>
            <gpxtpx:cad>79</gpxtpx:cad>
            <gpxtpx:atemp>298.15</gpxtpx:atemp>
          </gpxtpx:TrackPointExtension>
        </extensions>
      </trkpt>
      <trkpt lat="30.541462" lon="34.978933">
        <ele>290.7</ele>
        <time>2026-03-31T08:01:40.000Z</time>
        <extensions>
          <gpxtpx:TrackPointExtension>
            <gpxtpx:hr>146</gpxtpx:hr>
            <gpxtpx:cad>79</gpxtpx:cad>
            <gpxtpx:atemp>298.15</gpxtpx:atemp>
          </gpxtpx:TrackPointExtension>
        </extensions>
      </trkpt>
      <trkpt lat="30.541378" lon="34.978853">
        <ele>290.5</ele>
        <time>2026-03-31T08:01:45.000Z</time>
        <extensions>
          <gpxtpx:TrackPointExtension>
            <gpxtpx:hr>146</gpxtpx:hr>
            <gpxtpx:cad>79</gpxtpx:cad>
            <gpxtpx:atemp>298.15</gpxtpx:atemp>
          </gpxtpx:TrackPointExtension>
        </extensions>
      </trkpt>
      <trkpt lat="30.541241" lon="34.978729">
        <ele>290.0</ele>
        <time>2026-03-31T08:01:53.000Z</time>
        <extensions>
          <gpxtpx:TrackPointExtension>
            <gpxtpx:hr>147</gpxtpx:hr>
            <gpxtpx:cad>79</gpxtpx:cad>
            <gpxtpx:atemp>298.15</gpxtpx:atemp>
          </gpxtpx:TrackPointExtension>
        </extensions>
      </trkpt>
      <trkpt lat="30.541207" lon="34.978688">
        <ele>290.1</ele>
        <time>2026-03-31T08:01:55.000Z</time>
        <extensions>
          <gpxtpx:TrackPointExtension>
            <gpxtpx:hr>147</gpxtpx:hr>
            <gpxtpx:cad>79</gpxtpx:cad>
            <gpxtpx:atemp>298.15</gpxtpx:atemp>
          </gpxtpx:TrackPointExtension>
        </extensions>
      </trkpt>
      <trkpt lat="30.541154" lon="34.978643">
        <ele>290.2</ele>
        <time>2026-03-31T08:01:58.000Z</time>
        <extensions>
          <gpxtpx:TrackPointExtension>
            <gpxtpx:hr>147</gpxtpx:hr>
            <gpxtpx:cad>79</gpxtpx:cad>
            <gpxtpx:atemp>298.15</gpxtpx:atemp>
          </gpxtpx:TrackPointExtension>
        </extensions>
      </trkpt>
      <trkpt lat="30.541073" lon="34.978551">
        <ele>290.1</ele>
        <time>2026-03-31T08:02:03.000Z</time>
        <extensions>
          <gpxtpx:TrackPointExtension>
            <gpxtpx:hr>147</gpxtpx:hr>
            <gpxtpx:cad>79</gpxtpx:cad>
            <gpxtpx:atemp>298.15</gpxtpx:atemp>
          </gpxtpx:TrackPointExtension>
        </extensions>
      </trkpt>
      <trkpt lat="30.540893" lon="34.978353">
        <ele>289.9</ele>
        <time>2026-03-31T08:02:14.000Z</time>
        <extensions>
          <gpxtpx:TrackPointExtension>
            <gpxtpx:hr>145</gpxtpx:hr>
            <gpxtpx:cad>80</gpxtpx:cad>
            <gpxtpx:atemp>298.15</gpxtpx:atemp>
          </gpxtpx:TrackPointExtension>
        </extensions>
      </trkpt>
      <trkpt lat="30.540770" lon="34.978241">
        <ele>289.9</ele>
        <time>2026-03-31T08:02:21.000Z</time>
        <extensions>
          <gpxtpx:TrackPointExtension>
            <gpxtpx:hr>144</gpxtpx:hr>
            <gpxtpx:cad>81</gpxtpx:cad>
            <gpxtpx:atemp>298.15</gpxtpx:atemp>
          </gpxtpx:TrackPointExtension>
        </extensions>
      </trkpt>
      <trkpt lat="30.540583" lon="34.978119">
        <ele>289.7</ele>
        <time>2026-03-31T08:02:30.000Z</time>
        <extensions>
          <gpxtpx:TrackPointExtension>
            <gpxtpx:hr>143</gpxtpx:hr>
            <gpxtpx:cad>80</gpxtpx:cad>
            <gpxtpx:atemp>298.15</gpxtpx:atemp>
          </gpxtpx:TrackPointExtension>
        </extensions>
      </trkpt>
      <trkpt lat="30.540363" lon="34.978072">
        <ele>289.6</ele>
        <time>2026-03-31T08:02:40.000Z</time>
        <extensions>
          <gpxtpx:TrackPointExtension>
            <gpxtpx:hr>146</gpxtpx:hr>
            <gpxtpx:cad>80</gpxtpx:cad>
            <gpxtpx:atemp>298.15</gpxtpx:atemp>
          </gpxtpx:TrackPointExtension>
        </extensions>
      </trkpt>
      <trkpt lat="30.540179" lon="34.977987">
        <ele>289.3</ele>
        <time>2026-03-31T08:02:49.000Z</time>
        <extensions>
          <gpxtpx:TrackPointExtension>
            <gpxtpx:hr>145</gpxtpx:hr>
            <gpxtpx:cad>80</gpxtpx:cad>
            <gpxtpx:atemp>298.15</gpxtpx:atemp>
          </gpxtpx:TrackPointExtension>
        </extensions>
      </trkpt>
      <trkpt lat="30.540123" lon="34.977935">
        <ele>289.1</ele>
        <time>2026-03-31T08:02:52.000Z</time>
        <extensions>
          <gpxtpx:TrackPointExtension>
            <gpxtpx:hr>146</gpxtpx:hr>
            <gpxtpx:cad>81</gpxtpx:cad>
            <gpxtpx:atemp>298.15</gpxtpx:atemp>
          </gpxtpx:TrackPointExtension>
        </extensions>
      </trkpt>
      <trkpt lat="30.540081" lon="34.977880">
        <ele>289.0</ele>
        <time>2026-03-31T08:02:55.000Z</time>
        <extensions>
          <gpxtpx:TrackPointExtension>
            <gpxtpx:hr>145</gpxtpx:hr>
            <gpxtpx:cad>80</gpxtpx:cad>
            <gpxtpx:atemp>298.15</gpxtpx:atemp>
          </gpxtpx:TrackPointExtension>
        </extensions>
      </trkpt>
      <trkpt lat="30.539868" lon="34.977756">
        <ele>288.4</ele>
        <time>2026-03-31T08:03:06.000Z</time>
        <extensions>
          <gpxtpx:TrackPointExtension>
            <gpxtpx:hr>143</gpxtpx:hr>
            <gpxtpx:cad>79</gpxtpx:cad>
            <gpxtpx:atemp>299.15</gpxtpx:atemp>
          </gpxtpx:TrackPointExtension>
        </extensions>
      </trkpt>
      <trkpt lat="30.539617" lon="34.977645">
        <ele>287.2</ele>
        <time>2026-03-31T08:03:18.000Z</time>
        <extensions>
          <gpxtpx:TrackPointExtension>
            <gpxtpx:hr>140</gpxtpx:hr>
            <gpxtpx:cad>76</gpxtpx:cad>
            <gpxtpx:atemp>299.15</gpxtpx:atemp>
          </gpxtpx:TrackPointExtension>
        </extensions>
      </trkpt>
      <trkpt lat="30.539567" lon="34.977592">
        <ele>287.1</ele>
        <time>2026-03-31T08:03:21.000Z</time>
        <extensions>
          <gpxtpx:TrackPointExtension>
            <gpxtpx:hr>141</gpxtpx:hr>
            <gpxtpx:cad>76</gpxtpx:cad>
            <gpxtpx:atemp>299.15</gpxtpx:atemp>
          </gpxtpx:TrackPointExtension>
        </extensions>
      </trkpt>
      <trkpt lat="30.539545" lon="34.977546">
        <ele>287.2</ele>
        <time>2026-03-31T08:03:23.000Z</time>
        <extensions>
          <gpxtpx:TrackPointExtension>
            <gpxtpx:hr>141</gpxtpx:hr>
            <gpxtpx:cad>78</gpxtpx:cad>
            <gpxtpx:atemp>299.15</gpxtpx:atemp>
          </gpxtpx:TrackPointExtension>
        </extensions>
      </trkpt>
      <trkpt lat="30.539537" lon="34.977472">
        <ele>287.1</ele>
        <time>2026-03-31T08:03:26.000Z</time>
        <extensions>
          <gpxtpx:TrackPointExtension>
            <gpxtpx:hr>141</gpxtpx:hr>
            <gpxtpx:cad>78</gpxtpx:cad>
            <gpxtpx:atemp>299.15</gpxtpx:atemp>
          </gpxtpx:TrackPointExtension>
        </extensions>
      </trkpt>
      <trkpt lat="30.539544" lon="34.977397">
        <ele>287.0</ele>
        <time>2026-03-31T08:03:30.000Z</time>
        <extensions>
          <gpxtpx:TrackPointExtension>
            <gpxtpx:hr>141</gpxtpx:hr>
            <gpxtpx:cad>76</gpxtpx:cad>
            <gpxtpx:atemp>299.15</gpxtpx:atemp>
          </gpxtpx:TrackPointExtension>
        </extensions>
      </trkpt>
      <trkpt lat="30.539580" lon="34.977263">
        <ele>286.6</ele>
        <time>2026-03-31T08:03:36.000Z</time>
        <extensions>
          <gpxtpx:TrackPointExtension>
            <gpxtpx:hr>142</gpxtpx:hr>
            <gpxtpx:cad>77</gpxtpx:cad>
            <gpxtpx:atemp>299.15</gpxtpx:atemp>
          </gpxtpx:TrackPointExtension>
        </extensions>
      </trkpt>
      <trkpt lat="30.539601" lon="34.977107">
        <ele>286.1</ele>
        <time>2026-03-31T08:03:43.000Z</time>
        <extensions>
          <gpxtpx:TrackPointExtension>
            <gpxtpx:hr>144</gpxtpx:hr>
            <gpxtpx:cad>77</gpxtpx:cad>
            <gpxtpx:atemp>298.15</gpxtpx:atemp>
          </gpxtpx:TrackPointExtension>
        </extensions>
      </trkpt>
      <trkpt lat="30.539595" lon="34.977045">
        <ele>286.0</ele>
        <time>2026-03-31T08:03:46.000Z</time>
        <extensions>
          <gpxtpx:TrackPointExtension>
            <gpxtpx:hr>144</gpxtpx:hr>
            <gpxtpx:cad>77</gpxtpx:cad>
            <gpxtpx:atemp>298.15</gpxtpx:atemp>
          </gpxtpx:TrackPointExtension>
        </extensions>
      </trkpt>
      <trkpt lat="30.539570" lon="34.976990">
        <ele>286.0</ele>
        <time>2026-03-31T08:03:49.000Z</time>
        <extensions>
          <gpxtpx:TrackPointExtension>
            <gpxtpx:hr>145</gpxtpx:hr>
            <gpxtpx:cad>76</gpxtpx:cad>
            <gpxtpx:atemp>298.15</gpxtpx:atemp>
          </gpxtpx:TrackPointExtension>
        </extensions>
      </trkpt>
      <trkpt lat="30.539493" lon="34.976889">
        <ele>286.0</ele>
        <time>2026-03-31T08:03:55.000Z</time>
        <extensions>
          <gpxtpx:TrackPointExtension>
            <gpxtpx:hr>147</gpxtpx:hr>
            <gpxtpx:cad>77</gpxtpx:cad>
            <gpxtpx:atemp>299.15</gpxtpx:atemp>
          </gpxtpx:TrackPointExtension>
        </extensions>
      </trkpt>
      <trkpt lat="30.539337" lon="34.976708">
        <ele>286.0</ele>
        <time>2026-03-31T08:04:05.000Z</time>
        <extensions>
          <gpxtpx:TrackPointExtension>
            <gpxtpx:hr>148</gpxtpx:hr>
            <gpxtpx:cad>80</gpxtpx:cad>
            <gpxtpx:atemp>299.15</gpxtpx:atemp>
          </gpxtpx:TrackPointExtension>
        </extensions>
      </trkpt>
      <trkpt lat="30.539296" lon="34.976676">
        <ele>286.0</ele>
        <time>2026-03-31T08:04:07.000Z</time>
        <extensions>
          <gpxtpx:TrackPointExtension>
            <gpxtpx:hr>148</gpxtpx:hr>
            <gpxtpx:cad>80</gpxtpx:cad>
            <gpxtpx:atemp>299.15</gpxtpx:atemp>
          </gpxtpx:TrackPointExtension>
        </extensions>
      </trkpt>
      <trkpt lat="30.539137" lon="34.976449">
        <ele>285.3</ele>
        <time>2026-03-31T08:04:18.000Z</time>
        <extensions>
          <gpxtpx:TrackPointExtension>
            <gpxtpx:hr>144</gpxtpx:hr>
            <gpxtpx:cad>80</gpxtpx:cad>
            <gpxtpx:atemp>299.15</gpxtpx:atemp>
          </gpxtpx:TrackPointExtension>
        </extensions>
      </trkpt>
      <trkpt lat="30.539009" lon="34.976266">
        <ele>285.0</ele>
        <time>2026-03-31T08:04:27.000Z</time>
        <extensions>
          <gpxtpx:TrackPointExtension>
            <gpxtpx:hr>143</gpxtpx:hr>
            <gpxtpx:cad>80</gpxtpx:cad>
            <gpxtpx:atemp>299.15</gpxtpx:atemp>
          </gpxtpx:TrackPointExtension>
        </extensions>
      </trkpt>
      <trkpt lat="30.538936" lon="34.976202">
        <ele>285.0</ele>
        <time>2026-03-31T08:04:31.000Z</time>
        <extensions>
          <gpxtpx:TrackPointExtension>
            <gpxtpx:hr>142</gpxtpx:hr>
            <gpxtpx:cad>80</gpxtpx:cad>
            <gpxtpx:atemp>299.15</gpxtpx:atemp>
          </gpxtpx:TrackPointExtension>
        </extensions>
      </trkpt>
      <trkpt lat="30.538829" lon="34.976072">
        <ele>285.0</ele>
        <time>2026-03-31T08:04:38.000Z</time>
        <extensions>
          <gpxtpx:TrackPointExtension>
            <gpxtpx:hr>141</gpxtpx:hr>
            <gpxtpx:cad>81</gpxtpx:cad>
            <gpxtpx:atemp>299.15</gpxtpx:atemp>
          </gpxtpx:TrackPointExtension>
        </extensions>
      </trkpt>
      <trkpt lat="30.538698" lon="34.975964">
        <ele>285.2</ele>
        <time>2026-03-31T08:04:45.000Z</time>
        <extensions>
          <gpxtpx:TrackPointExtension>
            <gpxtpx:hr>139</gpxtpx:hr>
            <gpxtpx:cad>81</gpxtpx:cad>
            <gpxtpx:atemp>299.15</gpxtpx:atemp>
          </gpxtpx:TrackPointExtension>
        </extensions>
      </trkpt>
      <trkpt lat="30.538679" lon="34.975956">
        <ele>285.3</ele>
        <time>2026-03-31T08:04:46.000Z</time>
        <extensions>
          <gpxtpx:TrackPointExtension>
            <gpxtpx:hr>139</gpxtpx:hr>
            <gpxtpx:cad>80</gpxtpx:cad>
            <gpxtpx:atemp>299.15</gpxtpx:atemp>
          </gpxtpx:TrackPointExtension>
        </extensions>
      </trkpt>
      <trkpt lat="30.538489" lon="34.975846">
        <ele>286.4</ele>
        <time>2026-03-31T08:04:55.000Z</time>
        <extensions>
          <gpxtpx:TrackPointExtension>
            <gpxtpx:hr>138</gpxtpx:hr>
            <gpxtpx:cad>80</gpxtpx:cad>
            <gpxtpx:atemp>299.15</gpxtpx:atemp>
          </gpxtpx:TrackPointExtension>
        </extensions>
      </trkpt>
      <trkpt lat="30.538471" lon="34.975832">
        <ele>286.5</ele>
        <time>2026-03-31T08:04:56.000Z</time>
        <extensions>
          <gpxtpx:TrackPointExtension>
            <gpxtpx:hr>138</gpxtpx:hr>
            <gpxtpx:cad>79</gpxtpx:cad>
            <gpxtpx:atemp>299.15</gpxtpx:atemp>
          </gpxtpx:TrackPointExtension>
        </extensions>
      </trkpt>
      <trkpt lat="30.538362" lon="34.975781">
        <ele>286.7</ele>
        <time>2026-03-31T08:05:01.000Z</time>
        <extensions>
          <gpxtpx:TrackPointExtension>
            <gpxtpx:hr>138</gpxtpx:hr>
            <gpxtpx:cad>81</gpxtpx:cad>
            <gpxtpx:atemp>299.15</gpxtpx:atemp>
          </gpxtpx:TrackPointExtension>
        </extensions>
      </trkpt>
      <trkpt lat="30.538243" lon="34.975703">
        <ele>287.0</ele>
        <time>2026-03-31T08:05:07.000Z</time>
        <extensions>
          <gpxtpx:TrackPointExtension>
            <gpxtpx:hr>139</gpxtpx:hr>
            <gpxtpx:cad>82</gpxtpx:cad>
            <gpxtpx:atemp>299.15</gpxtpx:atemp>
          </gpxtpx:TrackPointExtension>
        </extensions>
      </trkpt>
      <trkpt lat="30.537999" lon="34.975558">
        <ele>288.1</ele>
        <time>2026-03-31T08:05:18.000Z</time>
        <extensions>
          <gpxtpx:TrackPointExtension>
            <gpxtpx:hr>131</gpxtpx:hr>
            <gpxtpx:cad>81</gpxtpx:cad>
            <gpxtpx:atemp>299.15</gpxtpx:atemp>
          </gpxtpx:TrackPointExtension>
        </extensions>
      </trkpt>
      <trkpt lat="30.537713" lon="34.975358">
        <ele>289.1</ele>
        <time>2026-03-31T08:05:32.000Z</time>
        <extensions>
          <gpxtpx:TrackPointExtension>
            <gpxtpx:hr>125</gpxtpx:hr>
            <gpxtpx:cad>79</gpxtpx:cad>
            <gpxtpx:atemp>299.15</gpxtpx:atemp>
          </gpxtpx:TrackPointExtension>
        </extensions>
      </trkpt>
      <trkpt lat="30.537698" lon="34.975342">
        <ele>289.3</ele>
        <time>2026-03-31T08:05:33.000Z</time>
        <extensions>
          <gpxtpx:TrackPointExtension>
            <gpxtpx:hr>124</gpxtpx:hr>
            <gpxtpx:cad>79</gpxtpx:cad>
            <gpxtpx:atemp>299.15</gpxtpx:atemp>
          </gpxtpx:TrackPointExtension>
        </extensions>
      </trkpt>
      <trkpt lat="30.537495" lon="34.975172">
        <ele>290.6</ele>
        <time>2026-03-31T08:05:44.000Z</time>
        <extensions>
          <gpxtpx:TrackPointExtension>
            <gpxtpx:hr>120</gpxtpx:hr>
            <gpxtpx:cad>79</gpxtpx:cad>
            <gpxtpx:atemp>299.15</gpxtpx:atemp>
          </gpxtpx:TrackPointExtension>
        </extensions>
      </trkpt>
      <trkpt lat="30.537464" lon="34.975135">
        <ele>290.8</ele>
        <time>2026-03-31T08:05:46.000Z</time>
        <extensions>
          <gpxtpx:TrackPointExtension>
            <gpxtpx:hr>120</gpxtpx:hr>
            <gpxtpx:cad>79</gpxtpx:cad>
            <gpxtpx:atemp>299.15</gpxtpx:atemp>
          </gpxtpx:TrackPointExtension>
        </extensions>
      </trkpt>
      <trkpt lat="30.537377" lon="34.975059">
        <ele>291.0</ele>
        <time>2026-03-31T08:05:51.000Z</time>
        <extensions>
          <gpxtpx:TrackPointExtension>
            <gpxtpx:hr>118</gpxtpx:hr>
            <gpxtpx:cad>79</gpxtpx:cad>
            <gpxtpx:atemp>299.15</gpxtpx:atemp>
          </gpxtpx:TrackPointExtension>
        </extensions>
      </trkpt>
      <trkpt lat="30.537188" lon="34.974864">
        <ele>291.1</ele>
        <time>2026-03-31T08:06:04.000Z</time>
        <extensions>
          <gpxtpx:TrackPointExtension>
            <gpxtpx:hr>124</gpxtpx:hr>
            <gpxtpx:cad>55</gpxtpx:cad>
            <gpxtpx:atemp>299.15</gpxtpx:atemp>
          </gpxtpx:TrackPointExtension>
        </extensions>
      </trkpt>
      <trkpt lat="30.537142" lon="34.974832">
        <ele>290.9</ele>
        <time>2026-03-31T08:06:08.000Z</time>
        <extensions>
          <gpxtpx:TrackPointExtension>
            <gpxtpx:hr>126</gpxtpx:hr>
            <gpxtpx:cad>55</gpxtpx:cad>
            <gpxtpx:atemp>299.15</gpxtpx:atemp>
          </gpxtpx:TrackPointExtension>
        </extensions>
      </trkpt>
      <trkpt lat="30.537062" lon="34.974744">
        <ele>290.7</ele>
        <time>2026-03-31T08:06:18.000Z</time>
        <extensions>
          <gpxtpx:TrackPointExtension>
            <gpxtpx:hr>131</gpxtpx:hr>
            <gpxtpx:cad>76</gpxtpx:cad>
            <gpxtpx:atemp>299.15</gpxtpx:atemp>
          </gpxtpx:TrackPointExtension>
        </extensions>
      </trkpt>
      <trkpt lat="30.536875" lon="34.974602">
        <ele>289.7</ele>
        <time>2026-03-31T08:06:32.000Z</time>
        <extensions>
          <gpxtpx:TrackPointExtension>
            <gpxtpx:hr>136</gpxtpx:hr>
            <gpxtpx:cad>56</gpxtpx:cad>
            <gpxtpx:atemp>299.15</gpxtpx:atemp>
          </gpxtpx:TrackPointExtension>
        </extensions>
      </trkpt>
      <trkpt lat="30.536782" lon="34.974552">
        <ele>289.0</ele>
        <time>2026-03-31T08:06:40.000Z</time>
        <extensions>
          <gpxtpx:TrackPointExtension>
            <gpxtpx:hr>138</gpxtpx:hr>
            <gpxtpx:cad>57</gpxtpx:cad>
            <gpxtpx:atemp>299.15</gpxtpx:atemp>
          </gpxtpx:TrackPointExtension>
        </extensions>
      </trkpt>
      <trkpt lat="30.536665" lon="34.974477">
        <ele>288.2</ele>
        <time>2026-03-31T08:06:50.000Z</time>
        <extensions>
          <gpxtpx:TrackPointExtension>
            <gpxtpx:hr>141</gpxtpx:hr>
            <gpxtpx:cad>53</gpxtpx:cad>
            <gpxtpx:atemp>299.15</gpxtpx:atemp>
          </gpxtpx:TrackPointExtension>
        </extensions>
      </trkpt>
      <trkpt lat="30.536526" lon="34.974422">
        <ele>287.2</ele>
        <time>2026-03-31T08:07:02.000Z</time>
        <extensions>
          <gpxtpx:TrackPointExtension>
            <gpxtpx:hr>142</gpxtpx:hr>
            <gpxtpx:cad>52</gpxtpx:cad>
            <gpxtpx:atemp>299.15</gpxtpx:atemp>
          </gpxtpx:TrackPointExtension>
        </extensions>
      </trkpt>
      <trkpt lat="30.536405" lon="34.974388">
        <ele>287.0</ele>
        <time>2026-03-31T08:07:13.000Z</time>
        <extensions>
          <gpxtpx:TrackPointExtension>
            <gpxtpx:hr>142</gpxtpx:hr>
            <gpxtpx:cad>0</gpxtpx:cad>
            <gpxtpx:atemp>298.15</gpxtpx:atemp>
          </gpxtpx:TrackPointExtension>
        </extensions>
      </trkpt>
      <trkpt lat="30.536357" lon="34.974401">
        <ele>286.7</ele>
        <time>2026-03-31T08:07:16.000Z</time>
        <extensions>
          <gpxtpx:TrackPointExtension>
            <gpxtpx:hr>143</gpxtpx:hr>
            <gpxtpx:cad>77</gpxtpx:cad>
            <gpxtpx:atemp>298.15</gpxtpx:atemp>
          </gpxtpx:TrackPointExtension>
        </extensions>
      </trkpt>
      <trkpt lat="30.536297" lon="34.974378">
        <ele>286.6</ele>
        <time>2026-03-31T08:07:21.000Z</time>
        <extensions>
          <gpxtpx:TrackPointExtension>
            <gpxtpx:hr>143</gpxtpx:hr>
            <gpxtpx:cad>80</gpxtpx:cad>
            <gpxtpx:atemp>298.15</gpxtpx:atemp>
          </gpxtpx:TrackPointExtension>
        </extensions>
      </trkpt>
      <trkpt lat="30.536251" lon="34.974340">
        <ele>286.8</ele>
        <time>2026-03-31T08:07:24.000Z</time>
        <extensions>
          <gpxtpx:TrackPointExtension>
            <gpxtpx:hr>143</gpxtpx:hr>
            <gpxtpx:cad>79</gpxtpx:cad>
            <gpxtpx:atemp>298.15</gpxtpx:atemp>
          </gpxtpx:TrackPointExtension>
        </extensions>
      </trkpt>
      <trkpt lat="30.536127" lon="34.974315">
        <ele>286.9</ele>
        <time>2026-03-31T08:07:30.000Z</time>
        <extensions>
          <gpxtpx:TrackPointExtension>
            <gpxtpx:hr>143</gpxtpx:hr>
            <gpxtpx:cad>81</gpxtpx:cad>
            <gpxtpx:atemp>298.15</gpxtpx:atemp>
          </gpxtpx:TrackPointExtension>
        </extensions>
      </trkpt>
      <trkpt lat="30.536108" lon="34.974315">
        <ele>286.9</ele>
        <time>2026-03-31T08:07:31.000Z</time>
        <extensions>
          <gpxtpx:TrackPointExtension>
            <gpxtpx:hr>143</gpxtpx:hr>
            <gpxtpx:cad>80</gpxtpx:cad>
            <gpxtpx:atemp>298.15</gpxtpx:atemp>
          </gpxtpx:TrackPointExtension>
        </extensions>
      </trkpt>
      <trkpt lat="30.535961" lon="34.974292">
        <ele>287.2</ele>
        <time>2026-03-31T08:07:38.000Z</time>
        <extensions>
          <gpxtpx:TrackPointExtension>
            <gpxtpx:hr>142</gpxtpx:hr>
            <gpxtpx:cad>79</gpxtpx:cad>
            <gpxtpx:atemp>298.15</gpxtpx:atemp>
          </gpxtpx:TrackPointExtension>
        </extensions>
      </trkpt>
      <trkpt lat="30.535761" lon="34.974264">
        <ele>288.4</ele>
        <time>2026-03-31T08:07:47.000Z</time>
        <extensions>
          <gpxtpx:TrackPointExtension>
            <gpxtpx:hr>143</gpxtpx:hr>
            <gpxtpx:cad>79</gpxtpx:cad>
            <gpxtpx:atemp>298.15</gpxtpx:atemp>
          </gpxtpx:TrackPointExtension>
        </extensions>
      </trkpt>
      <trkpt lat="30.535587" lon="34.974249">
        <ele>289.2</ele>
        <time>2026-03-31T08:07:55.000Z</time>
        <extensions>
          <gpxtpx:TrackPointExtension>
            <gpxtpx:hr>144</gpxtpx:hr>
            <gpxtpx:cad>79</gpxtpx:cad>
            <gpxtpx:atemp>298.15</gpxtpx:atemp>
          </gpxtpx:TrackPointExtension>
        </extensions>
      </trkpt>
      <trkpt lat="30.535302" lon="34.974206">
        <ele>291.1</ele>
        <time>2026-03-31T08:08:08.000Z</time>
        <extensions>
          <gpxtpx:TrackPointExtension>
            <gpxtpx:hr>145</gpxtpx:hr>
            <gpxtpx:cad>79</gpxtpx:cad>
            <gpxtpx:atemp>298.15</gpxtpx:atemp>
          </gpxtpx:TrackPointExtension>
        </extensions>
      </trkpt>
      <trkpt lat="30.535114" lon="34.974167">
        <ele>292.6</ele>
        <time>2026-03-31T08:08:17.000Z</time>
        <extensions>
          <gpxtpx:TrackPointExtension>
            <gpxtpx:hr>143</gpxtpx:hr>
            <gpxtpx:cad>79</gpxtpx:cad>
            <gpxtpx:atemp>298.15</gpxtpx:atemp>
          </gpxtpx:TrackPointExtension>
        </extensions>
      </trkpt>
      <trkpt lat="30.534945" lon="34.974094">
        <ele>294.0</ele>
        <time>2026-03-31T08:08:25.000Z</time>
        <extensions>
          <gpxtpx:TrackPointExtension>
            <gpxtpx:hr>141</gpxtpx:hr>
            <gpxtpx:cad>79</gpxtpx:cad>
            <gpxtpx:atemp>298.15</gpxtpx:atemp>
          </gpxtpx:TrackPointExtension>
        </extensions>
      </trkpt>
      <trkpt lat="30.534851" lon="34.974060">
        <ele>294.6</ele>
        <time>2026-03-31T08:08:29.000Z</time>
        <extensions>
          <gpxtpx:TrackPointExtension>
            <gpxtpx:hr>142</gpxtpx:hr>
            <gpxtpx:cad>79</gpxtpx:cad>
            <gpxtpx:atemp>298.15</gpxtpx:atemp>
          </gpxtpx:TrackPointExtension>
        </extensions>
      </trkpt>
      <trkpt lat="30.534648" lon="34.973965">
        <ele>294.4</ele>
        <time>2026-03-31T08:08:39.000Z</time>
        <extensions>
          <gpxtpx:TrackPointExtension>
            <gpxtpx:hr>141</gpxtpx:hr>
            <gpxtpx:cad>78</gpxtpx:cad>
            <gpxtpx:atemp>298.15</gpxtpx:atemp>
          </gpxtpx:TrackPointExtension>
        </extensions>
      </trkpt>
      <trkpt lat="30.534520" lon="34.973877">
        <ele>294.6</ele>
        <time>2026-03-31T08:08:46.000Z</time>
        <extensions>
          <gpxtpx:TrackPointExtension>
            <gpxtpx:hr>141</gpxtpx:hr>
            <gpxtpx:cad>78</gpxtpx:cad>
            <gpxtpx:atemp>299.15</gpxtpx:atemp>
          </gpxtpx:TrackPointExtension>
        </extensions>
      </trkpt>
      <trkpt lat="30.534465" lon="34.973825">
        <ele>294.8</ele>
        <time>2026-03-31T08:08:49.000Z</time>
        <extensions>
          <gpxtpx:TrackPointExtension>
            <gpxtpx:hr>141</gpxtpx:hr>
            <gpxtpx:cad>77</gpxtpx:cad>
            <gpxtpx:atemp>299.15</gpxtpx:atemp>
          </gpxtpx:TrackPointExtension>
        </extensions>
      </trkpt>
      <trkpt lat="30.534304" lon="34.973660">
        <ele>295.6</ele>
        <time>2026-03-31T08:08:59.000Z</time>
        <extensions>
          <gpxtpx:TrackPointExtension>
            <gpxtpx:hr>142</gpxtpx:hr>
            <gpxtpx:cad>79</gpxtpx:cad>
            <gpxtpx:atemp>299.15</gpxtpx:atemp>
          </gpxtpx:TrackPointExtension>
        </extensions>
      </trkpt>
      <trkpt lat="30.534123" lon="34.973519">
        <ele>295.6</ele>
        <time>2026-03-31T08:09:09.000Z</time>
        <extensions>
          <gpxtpx:TrackPointExtension>
            <gpxtpx:hr>142</gpxtpx:hr>
            <gpxtpx:cad>80</gpxtpx:cad>
            <gpxtpx:atemp>299.15</gpxtpx:atemp>
          </gpxtpx:TrackPointExtension>
        </extensions>
      </trkpt>
      <trkpt lat="30.533901" lon="34.973374">
        <ele>294.9</ele>
        <time>2026-03-31T08:09:20.000Z</time>
        <extensions>
          <gpxtpx:TrackPointExtension>
            <gpxtpx:hr>142</gpxtpx:hr>
            <gpxtpx:cad>79</gpxtpx:cad>
            <gpxtpx:atemp>299.15</gpxtpx:atemp>
          </gpxtpx:TrackPointExtension>
        </extensions>
      </trkpt>
      <trkpt lat="30.533846" lon="34.973332">
        <ele>294.9</ele>
        <time>2026-03-31T08:09:23.000Z</time>
        <extensions>
          <gpxtpx:TrackPointExtension>
            <gpxtpx:hr>142</gpxtpx:hr>
            <gpxtpx:cad>79</gpxtpx:cad>
            <gpxtpx:atemp>299.15</gpxtpx:atemp>
          </gpxtpx:TrackPointExtension>
        </extensions>
      </trkpt>
      <trkpt lat="30.533665" lon="34.973216">
        <ele>294.4</ele>
        <time>2026-03-31T08:09:33.000Z</time>
        <extensions>
          <gpxtpx:TrackPointExtension>
            <gpxtpx:hr>139</gpxtpx:hr>
            <gpxtpx:cad>79</gpxtpx:cad>
            <gpxtpx:atemp>299.15</gpxtpx:atemp>
          </gpxtpx:TrackPointExtension>
        </extensions>
      </trkpt>
      <trkpt lat="30.533493" lon="34.973097">
        <ele>294.1</ele>
        <time>2026-03-31T08:09:42.000Z</time>
        <extensions>
          <gpxtpx:TrackPointExtension>
            <gpxtpx:hr>137</gpxtpx:hr>
            <gpxtpx:cad>78</gpxtpx:cad>
            <gpxtpx:atemp>299.15</gpxtpx:atemp>
          </gpxtpx:TrackPointExtension>
        </extensions>
      </trkpt>
      <trkpt lat="30.533361" lon="34.972999">
        <ele>294.0</ele>
        <time>2026-03-31T08:09:49.000Z</time>
        <extensions>
          <gpxtpx:TrackPointExtension>
            <gpxtpx:hr>135</gpxtpx:hr>
            <gpxtpx:cad>76</gpxtpx:cad>
            <gpxtpx:atemp>299.15</gpxtpx:atemp>
          </gpxtpx:TrackPointExtension>
        </extensions>
      </trkpt>
      <trkpt lat="30.533211" lon="34.972857">
        <ele>294.1</ele>
        <time>2026-03-31T08:09:58.000Z</time>
        <extensions>
          <gpxtpx:TrackPointExtension>
            <gpxtpx:hr>133</gpxtpx:hr>
            <gpxtpx:cad>78</gpxtpx:cad>
            <gpxtpx:atemp>299.15</gpxtpx:atemp>
          </gpxtpx:TrackPointExtension>
        </extensions>
      </trkpt>
      <trkpt lat="30.533065" lon="34.972735">
        <ele>294.2</ele>
        <time>2026-03-31T08:10:06.000Z</time>
        <extensions>
          <gpxtpx:TrackPointExtension>
            <gpxtpx:hr>128</gpxtpx:hr>
            <gpxtpx:cad>80</gpxtpx:cad>
            <gpxtpx:atemp>299.15</gpxtpx:atemp>
          </gpxtpx:TrackPointExtension>
        </extensions>
      </trkpt>
      <trkpt lat="30.532988" lon="34.972677">
        <ele>294.2</ele>
        <time>2026-03-31T08:10:10.000Z</time>
        <extensions>
          <gpxtpx:TrackPointExtension>
            <gpxtpx:hr>128</gpxtpx:hr>
            <gpxtpx:cad>79</gpxtpx:cad>
            <gpxtpx:atemp>299.15</gpxtpx:atemp>
          </gpxtpx:TrackPointExtension>
        </extensions>
      </trkpt>
      <trkpt lat="30.532810" lon="34.972565">
        <ele>293.9</ele>
        <time>2026-03-31T08:10:19.000Z</time>
        <extensions>
          <gpxtpx:TrackPointExtension>
            <gpxtpx:hr>125</gpxtpx:hr>
            <gpxtpx:cad>78</gpxtpx:cad>
            <gpxtpx:atemp>299.15</gpxtpx:atemp>
          </gpxtpx:TrackPointExtension>
        </extensions>
      </trkpt>
      <trkpt lat="30.532673" lon="34.972491">
        <ele>293.5</ele>
        <time>2026-03-31T08:10:26.000Z</time>
        <extensions>
          <gpxtpx:TrackPointExtension>
            <gpxtpx:hr>123</gpxtpx:hr>
            <gpxtpx:cad>78</gpxtpx:cad>
            <gpxtpx:atemp>299.15</gpxtpx:atemp>
          </gpxtpx:TrackPointExtension>
        </extensions>
      </trkpt>
      <trkpt lat="30.532570" lon="34.972418">
        <ele>293.7</ele>
        <time>2026-03-31T08:10:32.000Z</time>
        <extensions>
          <gpxtpx:TrackPointExtension>
            <gpxtpx:hr>123</gpxtpx:hr>
            <gpxtpx:cad>80</gpxtpx:cad>
            <gpxtpx:atemp>299.15</gpxtpx:atemp>
          </gpxtpx:TrackPointExtension>
        </extensions>
      </trkpt>
      <trkpt lat="30.532536" lon="34.972399">
        <ele>293.8</ele>
        <time>2026-03-31T08:10:34.000Z</time>
        <extensions>
          <gpxtpx:TrackPointExtension>
            <gpxtpx:hr>122</gpxtpx:hr>
            <gpxtpx:cad>80</gpxtpx:cad>
            <gpxtpx:atemp>299.15</gpxtpx:atemp>
          </gpxtpx:TrackPointExtension>
        </extensions>
      </trkpt>
      <trkpt lat="30.532372" lon="34.972280">
        <ele>293.7</ele>
        <time>2026-03-31T08:10:43.000Z</time>
        <extensions>
          <gpxtpx:TrackPointExtension>
            <gpxtpx:hr>114</gpxtpx:hr>
            <gpxtpx:cad>77</gpxtpx:cad>
            <gpxtpx:atemp>300.15</gpxtpx:atemp>
          </gpxtpx:TrackPointExtension>
        </extensions>
      </trkpt>
      <trkpt lat="30.532266" lon="34.972195">
        <ele>293.5</ele>
        <time>2026-03-31T08:10:49.000Z</time>
        <extensions>
          <gpxtpx:TrackPointExtension>
            <gpxtpx:hr>116</gpxtpx:hr>
            <gpxtpx:cad>75</gpxtpx:cad>
            <gpxtpx:atemp>300.15</gpxtpx:atemp>
          </gpxtpx:TrackPointExtension>
        </extensions>
      </trkpt>
      <trkpt lat="30.532194" lon="34.972125">
        <ele>293.5</ele>
        <time>2026-03-31T08:10:55.000Z</time>
        <extensions>
          <gpxtpx:TrackPointExtension>
            <gpxtpx:hr>118</gpxtpx:hr>
            <gpxtpx:cad>51</gpxtpx:cad>
            <gpxtpx:atemp>300.15</gpxtpx:atemp>
          </gpxtpx:TrackPointExtension>
        </extensions>
      </trkpt>
      <trkpt lat="30.532098" lon="34.972117">
        <ele>292.9</ele>
        <time>2026-03-31T08:11:05.000Z</time>
        <extensions>
          <gpxtpx:TrackPointExtension>
            <gpxtpx:hr>119</gpxtpx:hr>
            <gpxtpx:cad>50</gpxtpx:cad>
            <gpxtpx:atemp>300.15</gpxtpx:atemp>
          </gpxtpx:TrackPointExtension>
        </extensions>
      </trkpt>
      <trkpt lat="30.532028" lon="34.972088">
        <ele>292.8</ele>
        <time>2026-03-31T08:11:12.000Z</time>
        <extensions>
          <gpxtpx:TrackPointExtension>
            <gpxtpx:hr>119</gpxtpx:hr>
            <gpxtpx:cad>51</gpxtpx:cad>
            <gpxtpx:atemp>300.15</gpxtpx:atemp>
          </gpxtpx:TrackPointExtension>
        </extensions>
      </trkpt>
      <trkpt lat="30.531939" lon="34.972107">
        <ele>292.3</ele>
        <time>2026-03-31T08:11:20.000Z</time>
        <extensions>
          <gpxtpx:TrackPointExtension>
            <gpxtpx:hr>120</gpxtpx:hr>
            <gpxtpx:cad>50</gpxtpx:cad>
            <gpxtpx:atemp>300.15</gpxtpx:atemp>
          </gpxtpx:TrackPointExtension>
        </extensions>
      </trkpt>
      <trkpt lat="30.531886" lon="34.972080">
        <ele>292.3</ele>
        <time>2026-03-31T08:11:26.000Z</time>
        <extensions>
          <gpxtpx:TrackPointExtension>
            <gpxtpx:hr>125</gpxtpx:hr>
            <gpxtpx:cad>51</gpxtpx:cad>
            <gpxtpx:atemp>300.15</gpxtpx:atemp>
          </gpxtpx:TrackPointExtension>
        </extensions>
      </trkpt>
      <trkpt lat="30.531831" lon="34.971889">
        <ele>292.8</ele>
        <time>2026-03-31T08:11:39.000Z</time>
        <extensions>
          <gpxtpx:TrackPointExtension>
            <gpxtpx:hr>120</gpxtpx:hr>
            <gpxtpx:cad>0</gpxtpx:cad>
            <gpxtpx:atemp>300.15</gpxtpx:atemp>
          </gpxtpx:TrackPointExtension>
        </extensions>
      </trkpt>
      <trkpt lat="30.531814" lon="34.971845">
        <ele>292.9</ele>
        <time>2026-03-31T08:11:41.000Z</time>
        <extensions>
          <gpxtpx:TrackPointExtension>
            <gpxtpx:hr>121</gpxtpx:hr>
            <gpxtpx:cad>0</gpxtpx:cad>
            <gpxtpx:atemp>300.15</gpxtpx:atemp>
          </gpxtpx:TrackPointExtension>
        </extensions>
      </trkpt>
      <trkpt lat="30.531764" lon="34.971767">
        <ele>293.3</ele>
        <time>2026-03-31T08:11:47.000Z</time>
        <extensions>
          <gpxtpx:TrackPointExtension>
            <gpxtpx:hr>124</gpxtpx:hr>
            <gpxtpx:cad>70</gpxtpx:cad>
            <gpxtpx:atemp>300.15</gpxtpx:atemp>
          </gpxtpx:TrackPointExtension>
        </extensions>
      </trkpt>
      <trkpt lat="30.531754" lon="34.971632">
        <ele>293.8</ele>
        <time>2026-03-31T08:11:55.000Z</time>
        <extensions>
          <gpxtpx:TrackPointExtension>
            <gpxtpx:hr>127</gpxtpx:hr>
            <gpxtpx:cad>53</gpxtpx:cad>
            <gpxtpx:atemp>300.15</gpxtpx:atemp>
          </gpxtpx:TrackPointExtension>
        </extensions>
      </trkpt>
      <trkpt lat="30.531706" lon="34.971445">
        <ele>294.7</ele>
        <time>2026-03-31T08:12:08.000Z</time>
        <extensions>
          <gpxtpx:TrackPointExtension>
            <gpxtpx:hr>130</gpxtpx:hr>
            <gpxtpx:cad>73</gpxtpx:cad>
            <gpxtpx:atemp>300.15</gpxtpx:atemp>
          </gpxtpx:TrackPointExtension>
        </extensions>
      </trkpt>
      <trkpt lat="30.531707" lon="34.971357">
        <ele>295.0</ele>
        <time>2026-03-31T08:12:13.000Z</time>
        <extensions>
          <gpxtpx:TrackPointExtension>
            <gpxtpx:hr>129</gpxtpx:hr>
            <gpxtpx:cad>72</gpxtpx:cad>
            <gpxtpx:atemp>300.15</gpxtpx:atemp>
          </gpxtpx:TrackPointExtension>
        </extensions>
      </trkpt>
      <trkpt lat="30.531692" lon="34.971240">
        <ele>295.4</ele>
        <time>2026-03-31T08:12:19.000Z</time>
        <extensions>
          <gpxtpx:TrackPointExtension>
            <gpxtpx:hr>129</gpxtpx:hr>
            <gpxtpx:cad>72</gpxtpx:cad>
            <gpxtpx:atemp>300.15</gpxtpx:atemp>
          </gpxtpx:TrackPointExtension>
        </extensions>
      </trkpt>
      <trkpt lat="30.531701" lon="34.971136">
        <ele>295.5</ele>
        <time>2026-03-31T08:12:24.000Z</time>
        <extensions>
          <gpxtpx:TrackPointExtension>
            <gpxtpx:hr>128</gpxtpx:hr>
            <gpxtpx:cad>71</gpxtpx:cad>
            <gpxtpx:atemp>300.15</gpxtpx:atemp>
          </gpxtpx:TrackPointExtension>
        </extensions>
      </trkpt>
      <trkpt lat="30.531657" lon="34.970951">
        <ele>296.0</ele>
        <time>2026-03-31T08:12:34.000Z</time>
        <extensions>
          <gpxtpx:TrackPointExtension>
            <gpxtpx:hr>126</gpxtpx:hr>
            <gpxtpx:cad>74</gpxtpx:cad>
            <gpxtpx:atemp>300.15</gpxtpx:atemp>
          </gpxtpx:TrackPointExtension>
        </extensions>
      </trkpt>
      <trkpt lat="30.531591" lon="34.970858">
        <ele>296.2</ele>
        <time>2026-03-31T08:12:39.000Z</time>
        <extensions>
          <gpxtpx:TrackPointExtension>
            <gpxtpx:hr>125</gpxtpx:hr>
            <gpxtpx:cad>75</gpxtpx:cad>
            <gpxtpx:atemp>300.15</gpxtpx:atemp>
          </gpxtpx:TrackPointExtension>
        </extensions>
      </trkpt>
      <trkpt lat="30.531555" lon="34.970778">
        <ele>296.2</ele>
        <time>2026-03-31T08:12:43.000Z</time>
        <extensions>
          <gpxtpx:TrackPointExtension>
            <gpxtpx:hr>126</gpxtpx:hr>
            <gpxtpx:cad>0</gpxtpx:cad>
            <gpxtpx:atemp>300.15</gpxtpx:atemp>
          </gpxtpx:TrackPointExtension>
        </extensions>
      </trkpt>
      <trkpt lat="30.531493" lon="34.970605">
        <ele>295.7</ele>
        <time>2026-03-31T08:12:58.000Z</time>
        <extensions>
          <gpxtpx:TrackPointExtension>
            <gpxtpx:hr>129</gpxtpx:hr>
            <gpxtpx:cad>51</gpxtpx:cad>
            <gpxtpx:atemp>300.15</gpxtpx:atemp>
          </gpxtpx:TrackPointExtension>
        </extensions>
      </trkpt>
      <trkpt lat="30.531471" lon="34.970573">
        <ele>295.7</ele>
        <time>2026-03-31T08:13:00.000Z</time>
        <extensions>
          <gpxtpx:TrackPointExtension>
            <gpxtpx:hr>129</gpxtpx:hr>
            <gpxtpx:cad>76</gpxtpx:cad>
            <gpxtpx:atemp>300.15</gpxtpx:atemp>
          </gpxtpx:TrackPointExtension>
        </extensions>
      </trkpt>
      <trkpt lat="30.531484" lon="34.970500">
        <ele>295.1</ele>
        <time>2026-03-31T08:13:05.000Z</time>
        <extensions>
          <gpxtpx:TrackPointExtension>
            <gpxtpx:hr>127</gpxtpx:hr>
            <gpxtpx:cad>77</gpxtpx:cad>
            <gpxtpx:atemp>300.15</gpxtpx:atemp>
          </gpxtpx:TrackPointExtension>
        </extensions>
      </trkpt>
      <trkpt lat="30.531479" lon="34.970296">
        <ele>294.0</ele>
        <time>2026-03-31T08:13:14.000Z</time>
        <extensions>
          <gpxtpx:TrackPointExtension>
            <gpxtpx:hr>128</gpxtpx:hr>
            <gpxtpx:cad>76</gpxtpx:cad>
            <gpxtpx:atemp>300.15</gpxtpx:atemp>
          </gpxtpx:TrackPointExtension>
        </extensions>
      </trkpt>
      <trkpt lat="30.531500" lon="34.970205">
        <ele>293.5</ele>
        <time>2026-03-31T08:13:18.000Z</time>
        <extensions>
          <gpxtpx:TrackPointExtension>
            <gpxtpx:hr>129</gpxtpx:hr>
            <gpxtpx:cad>77</gpxtpx:cad>
            <gpxtpx:atemp>300.15</gpxtpx:atemp>
          </gpxtpx:TrackPointExtension>
        </extensions>
      </trkpt>
      <trkpt lat="30.531551" lon="34.970092">
        <ele>292.7</ele>
        <time>2026-03-31T08:13:24.000Z</time>
        <extensions>
          <gpxtpx:TrackPointExtension>
            <gpxtpx:hr>129</gpxtpx:hr>
            <gpxtpx:cad>57</gpxtpx:cad>
            <gpxtpx:atemp>300.15</gpxtpx:atemp>
          </gpxtpx:TrackPointExtension>
        </extensions>
      </trkpt>
      <trkpt lat="30.531585" lon="34.969920">
        <ele>291.6</ele>
        <time>2026-03-31T08:13:35.000Z</time>
        <extensions>
          <gpxtpx:TrackPointExtension>
            <gpxtpx:hr>128</gpxtpx:hr>
            <gpxtpx:cad>69</gpxtpx:cad>
            <gpxtpx:atemp>300.15</gpxtpx:atemp>
          </gpxtpx:TrackPointExtension>
        </extensions>
      </trkpt>
      <trkpt lat="30.531582" lon="34.969888">
        <ele>291.4</ele>
        <time>2026-03-31T08:13:37.000Z</time>
        <extensions>
          <gpxtpx:TrackPointExtension>
            <gpxtpx:hr>128</gpxtpx:hr>
            <gpxtpx:cad>69</gpxtpx:cad>
            <gpxtpx:atemp>300.15</gpxtpx:atemp>
          </gpxtpx:TrackPointExtension>
        </extensions>
      </trkpt>
      <trkpt lat="30.531592" lon="34.969702">
        <ele>291.2</ele>
        <time>2026-03-31T08:13:47.000Z</time>
        <extensions>
          <gpxtpx:TrackPointExtension>
            <gpxtpx:hr>126</gpxtpx:hr>
            <gpxtpx:cad>0</gpxtpx:cad>
            <gpxtpx:atemp>300.15</gpxtpx:atemp>
          </gpxtpx:TrackPointExtension>
        </extensions>
      </trkpt>
      <trkpt lat="30.531612" lon="34.969654">
        <ele>291.3</ele>
        <time>2026-03-31T08:13:51.000Z</time>
        <extensions>
          <gpxtpx:TrackPointExtension>
            <gpxtpx:hr>126</gpxtpx:hr>
            <gpxtpx:cad>66</gpxtpx:cad>
            <gpxtpx:atemp>300.15</gpxtpx:atemp>
          </gpxtpx:TrackPointExtension>
        </extensions>
      </trkpt>
      <trkpt lat="30.531635" lon="34.969556">
        <ele>291.3</ele>
        <time>2026-03-31T08:13:57.000Z</time>
        <extensions>
          <gpxtpx:TrackPointExtension>
            <gpxtpx:hr>124</gpxtpx:hr>
            <gpxtpx:cad>0</gpxtpx:cad>
            <gpxtpx:atemp>300.15</gpxtpx:atemp>
          </gpxtpx:TrackPointExtension>
        </extensions>
      </trkpt>
      <trkpt lat="30.531672" lon="34.969465">
        <ele>291.3</ele>
        <time>2026-03-31T08:14:04.000Z</time>
        <extensions>
          <gpxtpx:TrackPointExtension>
            <gpxtpx:hr>123</gpxtpx:hr>
            <gpxtpx:cad>52</gpxtpx:cad>
            <gpxtpx:atemp>300.15</gpxtpx:atemp>
          </gpxtpx:TrackPointExtension>
        </extensions>
      </trkpt>
      <trkpt lat="30.531714" lon="34.969396">
        <ele>291.4</ele>
        <time>2026-03-31T08:14:09.000Z</time>
        <extensions>
          <gpxtpx:TrackPointExtension>
            <gpxtpx:hr>126</gpxtpx:hr>
            <gpxtpx:cad>56</gpxtpx:cad>
            <gpxtpx:atemp>300.15</gpxtpx:atemp>
          </gpxtpx:TrackPointExtension>
        </extensions>
      </trkpt>
      <trkpt lat="30.531727" lon="34.969339">
        <ele>291.5</ele>
        <time>2026-03-31T08:14:14.000Z</time>
        <extensions>
          <gpxtpx:TrackPointExtension>
            <gpxtpx:hr>130</gpxtpx:hr>
            <gpxtpx:cad>62</gpxtpx:cad>
            <gpxtpx:atemp>300.15</gpxtpx:atemp>
          </gpxtpx:TrackPointExtension>
        </extensions>
      </trkpt>
      <trkpt lat="30.531731" lon="34.969279">
        <ele>291.5</ele>
        <time>2026-03-31T08:14:19.000Z</time>
        <extensions>
          <gpxtpx:TrackPointExtension>
            <gpxtpx:hr>130</gpxtpx:hr>
            <gpxtpx:cad>57</gpxtpx:cad>
            <gpxtpx:atemp>300.15</gpxtpx:atemp>
          </gpxtpx:TrackPointExtension>
        </extensions>
      </trkpt>
      <trkpt lat="30.531717" lon="34.969211">
        <ele>291.5</ele>
        <time>2026-03-31T08:14:23.000Z</time>
        <extensions>
          <gpxtpx:TrackPointExtension>
            <gpxtpx:hr>131</gpxtpx:hr>
            <gpxtpx:cad>56</gpxtpx:cad>
            <gpxtpx:atemp>300.15</gpxtpx:atemp>
          </gpxtpx:TrackPointExtension>
        </extensions>
      </trkpt>
      <trkpt lat="30.531728" lon="34.969108">
        <ele>291.6</ele>
        <time>2026-03-31T08:14:29.000Z</time>
        <extensions>
          <gpxtpx:TrackPointExtension>
            <gpxtpx:hr>133</gpxtpx:hr>
            <gpxtpx:cad>58</gpxtpx:cad>
            <gpxtpx:atemp>300.15</gpxtpx:atemp>
          </gpxtpx:TrackPointExtension>
        </extensions>
      </trkpt>
      <trkpt lat="30.531757" lon="34.969011">
        <ele>291.9</ele>
        <time>2026-03-31T08:14:36.000Z</time>
        <extensions>
          <gpxtpx:TrackPointExtension>
            <gpxtpx:hr>134</gpxtpx:hr>
            <gpxtpx:cad>73</gpxtpx:cad>
            <gpxtpx:atemp>300.15</gpxtpx:atemp>
          </gpxtpx:TrackPointExtension>
        </extensions>
      </trkpt>
      <trkpt lat="30.531753" lon="34.968940">
        <ele>292.1</ele>
        <time>2026-03-31T08:14:40.000Z</time>
        <extensions>
          <gpxtpx:TrackPointExtension>
            <gpxtpx:hr>132</gpxtpx:hr>
            <gpxtpx:cad>73</gpxtpx:cad>
            <gpxtpx:atemp>300.15</gpxtpx:atemp>
          </gpxtpx:TrackPointExtension>
        </extensions>
      </trkpt>
      <trkpt lat="30.531789" lon="34.968710">
        <ele>293.2</ele>
        <time>2026-03-31T08:14:51.000Z</time>
        <extensions>
          <gpxtpx:TrackPointExtension>
            <gpxtpx:hr>130</gpxtpx:hr>
            <gpxtpx:cad>74</gpxtpx:cad>
            <gpxtpx:atemp>300.15</gpxtpx:atemp>
          </gpxtpx:TrackPointExtension>
        </extensions>
      </trkpt>
      <trkpt lat="30.531753" lon="34.968617">
        <ele>293.8</ele>
        <time>2026-03-31T08:14:56.000Z</time>
        <extensions>
          <gpxtpx:TrackPointExtension>
            <gpxtpx:hr>130</gpxtpx:hr>
            <gpxtpx:cad>73</gpxtpx:cad>
            <gpxtpx:atemp>300.15</gpxtpx:atemp>
          </gpxtpx:TrackPointExtension>
        </extensions>
      </trkpt>
      <trkpt lat="30.531718" lon="34.968576">
        <ele>293.9</ele>
        <time>2026-03-31T08:14:59.000Z</time>
        <extensions>
          <gpxtpx:TrackPointExtension>
            <gpxtpx:hr>128</gpxtpx:hr>
            <gpxtpx:cad>74</gpxtpx:cad>
            <gpxtpx:atemp>300.15</gpxtpx:atemp>
          </gpxtpx:TrackPointExtension>
        </extensions>
      </trkpt>
      <trkpt lat="30.531733" lon="34.968478">
        <ele>294.7</ele>
        <time>2026-03-31T08:15:04.000Z</time>
        <extensions>
          <gpxtpx:TrackPointExtension>
            <gpxtpx:hr>125</gpxtpx:hr>
            <gpxtpx:cad>75</gpxtpx:cad>
            <gpxtpx:atemp>300.15</gpxtpx:atemp>
          </gpxtpx:TrackPointExtension>
        </extensions>
      </trkpt>
      <trkpt lat="30.531658" lon="34.968254">
        <ele>295.7</ele>
        <time>2026-03-31T08:15:15.000Z</time>
        <extensions>
          <gpxtpx:TrackPointExtension>
            <gpxtpx:hr>126</gpxtpx:hr>
            <gpxtpx:cad>57</gpxtpx:cad>
            <gpxtpx:atemp>300.15</gpxtpx:atemp>
          </gpxtpx:TrackPointExtension>
        </extensions>
      </trkpt>
      <trkpt lat="30.531682" lon="34.968166">
        <ele>296.1</ele>
        <time>2026-03-31T08:15:20.000Z</time>
        <extensions>
          <gpxtpx:TrackPointExtension>
            <gpxtpx:hr>126</gpxtpx:hr>
            <gpxtpx:cad>66</gpxtpx:cad>
            <gpxtpx:atemp>300.15</gpxtpx:atemp>
          </gpxtpx:TrackPointExtension>
        </extensions>
      </trkpt>
      <trkpt lat="30.531671" lon="34.968081">
        <ele>296.6</ele>
        <time>2026-03-31T08:15:26.000Z</time>
        <extensions>
          <gpxtpx:TrackPointExtension>
            <gpxtpx:hr>124</gpxtpx:hr>
            <gpxtpx:cad>71</gpxtpx:cad>
            <gpxtpx:atemp>300.15</gpxtpx:atemp>
          </gpxtpx:TrackPointExtension>
        </extensions>
      </trkpt>
      <trkpt lat="30.531688" lon="34.967926">
        <ele>297.4</ele>
        <time>2026-03-31T08:15:34.000Z</time>
        <extensions>
          <gpxtpx:TrackPointExtension>
            <gpxtpx:hr>122</gpxtpx:hr>
            <gpxtpx:cad>0</gpxtpx:cad>
            <gpxtpx:atemp>300.15</gpxtpx:atemp>
          </gpxtpx:TrackPointExtension>
        </extensions>
      </trkpt>
      <trkpt lat="30.531769" lon="34.967762">
        <ele>297.7</ele>
        <time>2026-03-31T08:15:47.000Z</time>
        <extensions>
          <gpxtpx:TrackPointExtension>
            <gpxtpx:hr>118</gpxtpx:hr>
            <gpxtpx:cad>77</gpxtpx:cad>
            <gpxtpx:atemp>300.15</gpxtpx:atemp>
          </gpxtpx:TrackPointExtension>
        </extensions>
      </trkpt>
      <trkpt lat="30.531783" lon="34.967727">
        <ele>297.8</ele>
        <time>2026-03-31T08:15:50.000Z</time>
        <extensions>
          <gpxtpx:TrackPointExtension>
            <gpxtpx:hr>116</gpxtpx:hr>
            <gpxtpx:cad>55</gpxtpx:cad>
            <gpxtpx:atemp>300.15</gpxtpx:atemp>
          </gpxtpx:TrackPointExtension>
        </extensions>
      </trkpt>
      <trkpt lat="30.531793" lon="34.967619">
        <ele>298.1</ele>
        <time>2026-03-31T08:15:56.000Z</time>
        <extensions>
          <gpxtpx:TrackPointExtension>
            <gpxtpx:hr>114</gpxtpx:hr>
            <gpxtpx:cad>55</gpxtpx:cad>
            <gpxtpx:atemp>300.15</gpxtpx:atemp>
          </gpxtpx:TrackPointExtension>
        </extensions>
      </trkpt>
      <trkpt lat="30.531766" lon="34.967524">
        <ele>298.6</ele>
        <time>2026-03-31T08:16:05.000Z</time>
        <extensions>
          <gpxtpx:TrackPointExtension>
            <gpxtpx:hr>113</gpxtpx:hr>
            <gpxtpx:cad>0</gpxtpx:cad>
            <gpxtpx:atemp>301.15</gpxtpx:atemp>
          </gpxtpx:TrackPointExtension>
        </extensions>
      </trkpt>
      <trkpt lat="30.531785" lon="34.967433">
        <ele>298.8</ele>
        <time>2026-03-31T08:16:12.000Z</time>
        <extensions>
          <gpxtpx:TrackPointExtension>
            <gpxtpx:hr>114</gpxtpx:hr>
            <gpxtpx:cad>52</gpxtpx:cad>
            <gpxtpx:atemp>301.15</gpxtpx:atemp>
          </gpxtpx:TrackPointExtension>
        </extensions>
      </trkpt>
      <trkpt lat="30.531745" lon="34.967355">
        <ele>299.2</ele>
        <time>2026-03-31T08:16:19.000Z</time>
        <extensions>
          <gpxtpx:TrackPointExtension>
            <gpxtpx:hr>115</gpxtpx:hr>
            <gpxtpx:cad>65</gpxtpx:cad>
            <gpxtpx:atemp>301.15</gpxtpx:atemp>
          </gpxtpx:TrackPointExtension>
        </extensions>
      </trkpt>
      <trkpt lat="30.531733" lon="34.967269">
        <ele>299.6</ele>
        <time>2026-03-31T08:16:23.000Z</time>
        <extensions>
          <gpxtpx:TrackPointExtension>
            <gpxtpx:hr>114</gpxtpx:hr>
            <gpxtpx:cad>0</gpxtpx:cad>
            <gpxtpx:atemp>301.15</gpxtpx:atemp>
          </gpxtpx:TrackPointExtension>
        </extensions>
      </trkpt>
      <trkpt lat="30.531720" lon="34.967236">
        <ele>299.8</ele>
        <time>2026-03-31T08:16:25.000Z</time>
        <extensions>
          <gpxtpx:TrackPointExtension>
            <gpxtpx:hr>115</gpxtpx:hr>
            <gpxtpx:cad>0</gpxtpx:cad>
            <gpxtpx:atemp>301.15</gpxtpx:atemp>
          </gpxtpx:TrackPointExtension>
        </extensions>
      </trkpt>
      <trkpt lat="30.531718" lon="34.967158">
        <ele>300.0</ele>
        <time>2026-03-31T08:16:29.000Z</time>
        <extensions>
          <gpxtpx:TrackPointExtension>
            <gpxtpx:hr>114</gpxtpx:hr>
            <gpxtpx:cad>53</gpxtpx:cad>
            <gpxtpx:atemp>301.15</gpxtpx:atemp>
          </gpxtpx:TrackPointExtension>
        </extensions>
      </trkpt>
      <trkpt lat="30.531710" lon="34.967121">
        <ele>300.2</ele>
        <time>2026-03-31T08:16:31.000Z</time>
        <extensions>
          <gpxtpx:TrackPointExtension>
            <gpxtpx:hr>116</gpxtpx:hr>
            <gpxtpx:cad>53</gpxtpx:cad>
            <gpxtpx:atemp>301.15</gpxtpx:atemp>
          </gpxtpx:TrackPointExtension>
        </extensions>
      </trkpt>
      <trkpt lat="30.531674" lon="34.967076">
        <ele>300.5</ele>
        <time>2026-03-31T08:16:36.000Z</time>
        <extensions>
          <gpxtpx:TrackPointExtension>
            <gpxtpx:hr>116</gpxtpx:hr>
            <gpxtpx:cad>74</gpxtpx:cad>
            <gpxtpx:atemp>301.15</gpxtpx:atemp>
          </gpxtpx:TrackPointExtension>
        </extensions>
      </trkpt>
      <trkpt lat="30.531636" lon="34.966991">
        <ele>300.9</ele>
        <time>2026-03-31T08:16:42.000Z</time>
        <extensions>
          <gpxtpx:TrackPointExtension>
            <gpxtpx:hr>113</gpxtpx:hr>
            <gpxtpx:cad>74</gpxtpx:cad>
            <gpxtpx:atemp>301.15</gpxtpx:atemp>
          </gpxtpx:TrackPointExtension>
        </extensions>
      </trkpt>
      <trkpt lat="30.531635" lon="34.966924">
        <ele>301.2</ele>
        <time>2026-03-31T08:16:45.000Z</time>
        <extensions>
          <gpxtpx:TrackPointExtension>
            <gpxtpx:hr>111</gpxtpx:hr>
            <gpxtpx:cad>73</gpxtpx:cad>
            <gpxtpx:atemp>301.15</gpxtpx:atemp>
          </gpxtpx:TrackPointExtension>
        </extensions>
      </trkpt>
      <trkpt lat="30.531642" lon="34.966785">
        <ele>301.7</ele>
        <time>2026-03-31T08:16:52.000Z</time>
        <extensions>
          <gpxtpx:TrackPointExtension>
            <gpxtpx:hr>106</gpxtpx:hr>
            <gpxtpx:cad>71</gpxtpx:cad>
            <gpxtpx:atemp>301.15</gpxtpx:atemp>
          </gpxtpx:TrackPointExtension>
        </extensions>
      </trkpt>
      <trkpt lat="30.531654" lon="34.966721">
        <ele>301.9</ele>
        <time>2026-03-31T08:16:55.000Z</time>
        <extensions>
          <gpxtpx:TrackPointExtension>
            <gpxtpx:hr>104</gpxtpx:hr>
            <gpxtpx:cad>72</gpxtpx:cad>
            <gpxtpx:atemp>301.15</gpxtpx:atemp>
          </gpxtpx:TrackPointExtension>
        </extensions>
      </trkpt>
      <trkpt lat="30.531682" lon="34.966666">
        <ele>301.9</ele>
        <time>2026-03-31T08:16:58.000Z</time>
        <extensions>
          <gpxtpx:TrackPointExtension>
            <gpxtpx:hr>102</gpxtpx:hr>
            <gpxtpx:cad>73</gpxtpx:cad>
            <gpxtpx:atemp>301.15</gpxtpx:atemp>
          </gpxtpx:TrackPointExtension>
        </extensions>
      </trkpt>
      <trkpt lat="30.531698" lon="34.966571">
        <ele>302.2</ele>
        <time>2026-03-31T08:17:03.000Z</time>
        <extensions>
          <gpxtpx:TrackPointExtension>
            <gpxtpx:hr>99</gpxtpx:hr>
            <gpxtpx:cad>75</gpxtpx:cad>
            <gpxtpx:atemp>301.15</gpxtpx:atemp>
          </gpxtpx:TrackPointExtension>
        </extensions>
      </trkpt>
      <trkpt lat="30.531699" lon="34.966524">
        <ele>302.4</ele>
        <time>2026-03-31T08:17:05.000Z</time>
        <extensions>
          <gpxtpx:TrackPointExtension>
            <gpxtpx:hr>98</gpxtpx:hr>
            <gpxtpx:cad>76</gpxtpx:cad>
            <gpxtpx:atemp>301.15</gpxtpx:atemp>
          </gpxtpx:TrackPointExtension>
        </extensions>
      </trkpt>
      <trkpt lat="30.531749" lon="34.966446">
        <ele>302.5</ele>
        <time>2026-03-31T08:17:09.000Z</time>
        <extensions>
          <gpxtpx:TrackPointExtension>
            <gpxtpx:hr>92</gpxtpx:hr>
            <gpxtpx:cad>55</gpxtpx:cad>
            <gpxtpx:atemp>301.15</gpxtpx:atemp>
          </gpxtpx:TrackPointExtension>
        </extensions>
      </trkpt>
      <trkpt lat="30.531892" lon="34.966358">
        <ele>303.4</ele>
        <time>2026-03-31T08:17:22.000Z</time>
        <extensions>
          <gpxtpx:TrackPointExtension>
            <gpxtpx:hr>89</gpxtpx:hr>
            <gpxtpx:cad>0</gpxtpx:cad>
            <gpxtpx:atemp>301.15</gpxtpx:atemp>
          </gpxtpx:TrackPointExtension>
        </extensions>
      </trkpt>
      <trkpt lat="30.531924" lon="34.966299">
        <ele>303.8</ele>
        <time>2026-03-31T08:17:51.000Z</time>
        <extensions>
          <gpxtpx:TrackPointExtension>
            <gpxtpx:hr>94</gpxtpx:hr>
            <gpxtpx:cad>0</gpxtpx:cad>
            <gpxtpx:atemp>301.15</gpxtpx:atemp>
          </gpxtpx:TrackPointExtension>
        </extensions>
      </trkpt>
      <trkpt lat="30.531914" lon="34.966223">
        <ele>303.9</ele>
        <time>2026-03-31T08:18:13.000Z</time>
        <extensions>
          <gpxtpx:TrackPointExtension>
            <gpxtpx:hr>96</gpxtpx:hr>
            <gpxtpx:cad>47</gpxtpx:cad>
            <gpxtpx:atemp>301.15</gpxtpx:atemp>
          </gpxtpx:TrackPointExtension>
        </extensions>
      </trkpt>
      <trkpt lat="30.531939" lon="34.966154">
        <ele>304.3</ele>
        <time>2026-03-31T08:18:21.000Z</time>
        <extensions>
          <gpxtpx:TrackPointExtension>
            <gpxtpx:hr>99</gpxtpx:hr>
            <gpxtpx:cad>0</gpxtpx:cad>
            <gpxtpx:atemp>300.15</gpxtpx:atemp>
          </gpxtpx:TrackPointExtension>
        </extensions>
      </trkpt>
      <trkpt lat="30.531973" lon="34.966109">
        <ele>304.7</ele>
        <time>2026-03-31T08:18:30.000Z</time>
        <extensions>
          <gpxtpx:TrackPointExtension>
            <gpxtpx:hr>107</gpxtpx:hr>
            <gpxtpx:cad>43</gpxtpx:cad>
            <gpxtpx:atemp>300.15</gpxtpx:atemp>
          </gpxtpx:TrackPointExtension>
        </extensions>
      </trkpt>
      <trkpt lat="30.532035" lon="34.966057">
        <ele>305.3</ele>
        <time>2026-03-31T08:18:39.000Z</time>
        <extensions>
          <gpxtpx:TrackPointExtension>
            <gpxtpx:hr>109</gpxtpx:hr>
            <gpxtpx:cad>47</gpxtpx:cad>
            <gpxtpx:atemp>300.15</gpxtpx:atemp>
          </gpxtpx:TrackPointExtension>
        </extensions>
      </trkpt>
      <trkpt lat="30.532113" lon="34.965989">
        <ele>306.4</ele>
        <time>2026-03-31T08:18:51.000Z</time>
        <extensions>
          <gpxtpx:TrackPointExtension>
            <gpxtpx:hr>110</gpxtpx:hr>
            <gpxtpx:cad>0</gpxtpx:cad>
            <gpxtpx:atemp>300.15</gpxtpx:atemp>
          </gpxtpx:TrackPointExtension>
        </extensions>
      </trkpt>
      <trkpt lat="30.532163" lon="34.965913">
        <ele>307.1</ele>
        <time>2026-03-31T08:19:00.000Z</time>
        <extensions>
          <gpxtpx:TrackPointExtension>
            <gpxtpx:hr>110</gpxtpx:hr>
            <gpxtpx:cad>64</gpxtpx:cad>
            <gpxtpx:atemp>300.15</gpxtpx:atemp>
          </gpxtpx:TrackPointExtension>
        </extensions>
      </trkpt>
      <trkpt lat="30.532176" lon="34.965754">
        <ele>307.1</ele>
        <time>2026-03-31T08:19:10.000Z</time>
        <extensions>
          <gpxtpx:TrackPointExtension>
            <gpxtpx:hr>110</gpxtpx:hr>
            <gpxtpx:cad>62</gpxtpx:cad>
            <gpxtpx:atemp>300.15</gpxtpx:atemp>
          </gpxtpx:TrackPointExtension>
        </extensions>
      </trkpt>
      <trkpt lat="30.532252" lon="34.965551">
        <ele>307.3</ele>
        <time>2026-03-31T08:19:24.000Z</time>
        <extensions>
          <gpxtpx:TrackPointExtension>
            <gpxtpx:hr>112</gpxtpx:hr>
            <gpxtpx:cad>0</gpxtpx:cad>
            <gpxtpx:atemp>300.15</gpxtpx:atemp>
          </gpxtpx:TrackPointExtension>
        </extensions>
      </trkpt>
      <trkpt lat="30.532271" lon="34.965462">
        <ele>307.2</ele>
        <time>2026-03-31T08:19:30.000Z</time>
        <extensions>
          <gpxtpx:TrackPointExtension>
            <gpxtpx:hr>114</gpxtpx:hr>
            <gpxtpx:cad>0</gpxtpx:cad>
            <gpxtpx:atemp>300.15</gpxtpx:atemp>
          </gpxtpx:TrackPointExtension>
        </extensions>
      </trkpt>
      <trkpt lat="30.532305" lon="34.965358">
        <ele>307.2</ele>
        <time>2026-03-31T08:19:40.000Z</time>
        <extensions>
          <gpxtpx:TrackPointExtension>
            <gpxtpx:hr>110</gpxtpx:hr>
            <gpxtpx:cad>0</gpxtpx:cad>
            <gpxtpx:atemp>300.15</gpxtpx:atemp>
          </gpxtpx:TrackPointExtension>
        </extensions>
      </trkpt>
      <trkpt lat="30.532345" lon="34.965268">
        <ele>307.3</ele>
        <time>2026-03-31T08:20:02.000Z</time>
        <extensions>
          <gpxtpx:TrackPointExtension>
            <gpxtpx:hr>117</gpxtpx:hr>
            <gpxtpx:cad>62</gpxtpx:cad>
            <gpxtpx:atemp>299.15</gpxtpx:atemp>
          </gpxtpx:TrackPointExtension>
        </extensions>
      </trkpt>
      <trkpt lat="30.532359" lon="34.965187">
        <ele>307.2</ele>
        <time>2026-03-31T08:20:08.000Z</time>
        <extensions>
          <gpxtpx:TrackPointExtension>
            <gpxtpx:hr>118</gpxtpx:hr>
            <gpxtpx:cad>69</gpxtpx:cad>
            <gpxtpx:atemp>299.15</gpxtpx:atemp>
          </gpxtpx:TrackPointExtension>
        </extensions>
      </trkpt>
      <trkpt lat="30.532414" lon="34.965126">
        <ele>307.5</ele>
        <time>2026-03-31T08:20:13.000Z</time>
        <extensions>
          <gpxtpx:TrackPointExtension>
            <gpxtpx:hr>119</gpxtpx:hr>
            <gpxtpx:cad>70</gpxtpx:cad>
            <gpxtpx:atemp>299.15</gpxtpx:atemp>
          </gpxtpx:TrackPointExtension>
        </extensions>
      </trkpt>
      <trkpt lat="30.532494" lon="34.965000">
        <ele>307.7</ele>
        <time>2026-03-31T08:20:22.000Z</time>
        <extensions>
          <gpxtpx:TrackPointExtension>
            <gpxtpx:hr>124</gpxtpx:hr>
            <gpxtpx:cad>69</gpxtpx:cad>
            <gpxtpx:atemp>299.15</gpxtpx:atemp>
          </gpxtpx:TrackPointExtension>
        </extensions>
      </trkpt>
      <trkpt lat="30.532599" lon="34.964896">
        <ele>307.9</ele>
        <time>2026-03-31T08:20:32.000Z</time>
        <extensions>
          <gpxtpx:TrackPointExtension>
            <gpxtpx:hr>126</gpxtpx:hr>
            <gpxtpx:cad>61</gpxtpx:cad>
            <gpxtpx:atemp>299.15</gpxtpx:atemp>
          </gpxtpx:TrackPointExtension>
        </extensions>
      </trkpt>
      <trkpt lat="30.532644" lon="34.964816">
        <ele>308.0</ele>
        <time>2026-03-31T08:20:38.000Z</time>
        <extensions>
          <gpxtpx:TrackPointExtension>
            <gpxtpx:hr>128</gpxtpx:hr>
            <gpxtpx:cad>47</gpxtpx:cad>
            <gpxtpx:atemp>299.15</gpxtpx:atemp>
          </gpxtpx:TrackPointExtension>
        </extensions>
      </trkpt>
      <trkpt lat="30.532702" lon="34.964754">
        <ele>308.5</ele>
        <time>2026-03-31T08:20:48.000Z</time>
        <extensions>
          <gpxtpx:TrackPointExtension>
            <gpxtpx:hr>134</gpxtpx:hr>
            <gpxtpx:cad>55</gpxtpx:cad>
            <gpxtpx:atemp>299.15</gpxtpx:atemp>
          </gpxtpx:TrackPointExtension>
        </extensions>
      </trkpt>
      <trkpt lat="30.532770" lon="34.964586">
        <ele>308.5</ele>
        <time>2026-03-31T08:21:01.000Z</time>
        <extensions>
          <gpxtpx:TrackPointExtension>
            <gpxtpx:hr>141</gpxtpx:hr>
            <gpxtpx:cad>56</gpxtpx:cad>
            <gpxtpx:atemp>299.15</gpxtpx:atemp>
          </gpxtpx:TrackPointExtension>
        </extensions>
      </trkpt>
      <trkpt lat="30.532769" lon="34.964528">
        <ele>308.6</ele>
        <time>2026-03-31T08:21:04.000Z</time>
        <extensions>
          <gpxtpx:TrackPointExtension>
            <gpxtpx:hr>140</gpxtpx:hr>
            <gpxtpx:cad>79</gpxtpx:cad>
            <gpxtpx:atemp>299.15</gpxtpx:atemp>
          </gpxtpx:TrackPointExtension>
        </extensions>
      </trkpt>
      <trkpt lat="30.532823" lon="34.964429">
        <ele>308.9</ele>
        <time>2026-03-31T08:21:12.000Z</time>
        <extensions>
          <gpxtpx:TrackPointExtension>
            <gpxtpx:hr>138</gpxtpx:hr>
            <gpxtpx:cad>80</gpxtpx:cad>
            <gpxtpx:atemp>299.15</gpxtpx:atemp>
          </gpxtpx:TrackPointExtension>
        </extensions>
      </trkpt>
      <trkpt lat="30.532898" lon="34.964350">
        <ele>309.0</ele>
        <time>2026-03-31T08:21:16.000Z</time>
        <extensions>
          <gpxtpx:TrackPointExtension>
            <gpxtpx:hr>137</gpxtpx:hr>
            <gpxtpx:cad>79</gpxtpx:cad>
            <gpxtpx:atemp>299.15</gpxtpx:atemp>
          </gpxtpx:TrackPointExtension>
        </extensions>
      </trkpt>
      <trkpt lat="30.533001" lon="34.964201">
        <ele>308.7</ele>
        <time>2026-03-31T08:21:23.000Z</time>
        <extensions>
          <gpxtpx:TrackPointExtension>
            <gpxtpx:hr>135</gpxtpx:hr>
            <gpxtpx:cad>79</gpxtpx:cad>
            <gpxtpx:atemp>299.15</gpxtpx:atemp>
          </gpxtpx:TrackPointExtension>
        </extensions>
      </trkpt>
      <trkpt lat="30.533039" lon="34.964132">
        <ele>308.6</ele>
        <time>2026-03-31T08:21:26.000Z</time>
        <extensions>
          <gpxtpx:TrackPointExtension>
            <gpxtpx:hr>135</gpxtpx:hr>
            <gpxtpx:cad>79</gpxtpx:cad>
            <gpxtpx:atemp>299.15</gpxtpx:atemp>
          </gpxtpx:TrackPointExtension>
        </extensions>
      </trkpt>
      <trkpt lat="30.533135" lon="34.963916">
        <ele>308.8</ele>
        <time>2026-03-31T08:21:35.000Z</time>
        <extensions>
          <gpxtpx:TrackPointExtension>
            <gpxtpx:hr>133</gpxtpx:hr>
            <gpxtpx:cad>80</gpxtpx:cad>
            <gpxtpx:atemp>299.15</gpxtpx:atemp>
          </gpxtpx:TrackPointExtension>
        </extensions>
      </trkpt>
      <trkpt lat="30.533141" lon="34.963894">
        <ele>308.9</ele>
        <time>2026-03-31T08:21:36.000Z</time>
        <extensions>
          <gpxtpx:TrackPointExtension>
            <gpxtpx:hr>133</gpxtpx:hr>
            <gpxtpx:cad>80</gpxtpx:cad>
            <gpxtpx:atemp>299.15</gpxtpx:atemp>
          </gpxtpx:TrackPointExtension>
        </extensions>
      </trkpt>
      <trkpt lat="30.533224" lon="34.963717">
        <ele>309.3</ele>
        <time>2026-03-31T08:21:43.000Z</time>
        <extensions>
          <gpxtpx:TrackPointExtension>
            <gpxtpx:hr>132</gpxtpx:hr>
            <gpxtpx:cad>81</gpxtpx:cad>
            <gpxtpx:atemp>299.15</gpxtpx:atemp>
          </gpxtpx:TrackPointExtension>
        </extensions>
      </trkpt>
      <trkpt lat="30.533272" lon="34.963651">
        <ele>309.8</ele>
        <time>2026-03-31T08:21:46.000Z</time>
        <extensions>
          <gpxtpx:TrackPointExtension>
            <gpxtpx:hr>130</gpxtpx:hr>
            <gpxtpx:cad>80</gpxtpx:cad>
            <gpxtpx:atemp>299.15</gpxtpx:atemp>
          </gpxtpx:TrackPointExtension>
        </extensions>
      </trkpt>
      <trkpt lat="30.533363" lon="34.963457">
        <ele>311.5</ele>
        <time>2026-03-31T08:21:54.000Z</time>
        <extensions>
          <gpxtpx:TrackPointExtension>
            <gpxtpx:hr>128</gpxtpx:hr>
            <gpxtpx:cad>77</gpxtpx:cad>
            <gpxtpx:atemp>299.15</gpxtpx:atemp>
          </gpxtpx:TrackPointExtension>
        </extensions>
      </trkpt>
      <trkpt lat="30.533421" lon="34.963372">
        <ele>312.4</ele>
        <time>2026-03-31T08:21:58.000Z</time>
        <extensions>
          <gpxtpx:TrackPointExtension>
            <gpxtpx:hr>124</gpxtpx:hr>
            <gpxtpx:cad>77</gpxtpx:cad>
            <gpxtpx:atemp>299.15</gpxtpx:atemp>
          </gpxtpx:TrackPointExtension>
        </extensions>
      </trkpt>
      <trkpt lat="30.533523" lon="34.963153">
        <ele>315.1</ele>
        <time>2026-03-31T08:22:08.000Z</time>
        <extensions>
          <gpxtpx:TrackPointExtension>
            <gpxtpx:hr>120</gpxtpx:hr>
            <gpxtpx:cad>69</gpxtpx:cad>
            <gpxtpx:atemp>299.15</gpxtpx:atemp>
          </gpxtpx:TrackPointExtension>
        </extensions>
      </trkpt>
      <trkpt lat="30.533519" lon="34.963082">
        <ele>316.9</ele>
        <time>2026-03-31T08:22:11.000Z</time>
        <extensions>
          <gpxtpx:TrackPointExtension>
            <gpxtpx:hr>120</gpxtpx:hr>
            <gpxtpx:cad>69</gpxtpx:cad>
            <gpxtpx:atemp>299.15</gpxtpx:atemp>
          </gpxtpx:TrackPointExtension>
        </extensions>
      </trkpt>
      <trkpt lat="30.533531" lon="34.963010">
        <ele>318.5</ele>
        <time>2026-03-31T08:22:14.000Z</time>
        <extensions>
          <gpxtpx:TrackPointExtension>
            <gpxtpx:hr>119</gpxtpx:hr>
            <gpxtpx:cad>71</gpxtpx:cad>
            <gpxtpx:atemp>299.15</gpxtpx:atemp>
          </gpxtpx:TrackPointExtension>
        </extensions>
      </trkpt>
      <trkpt lat="30.533556" lon="34.962964">
        <ele>319.1</ele>
        <time>2026-03-31T08:22:17.000Z</time>
        <extensions>
          <gpxtpx:TrackPointExtension>
            <gpxtpx:hr>119</gpxtpx:hr>
            <gpxtpx:cad>0</gpxtpx:cad>
            <gpxtpx:atemp>299.15</gpxtpx:atemp>
          </gpxtpx:TrackPointExtension>
        </extensions>
      </trkpt>
      <trkpt lat="30.533656" lon="34.962854">
        <ele>319.7</ele>
        <time>2026-03-31T08:22:25.000Z</time>
        <extensions>
          <gpxtpx:TrackPointExtension>
            <gpxtpx:hr>120</gpxtpx:hr>
            <gpxtpx:cad>55</gpxtpx:cad>
            <gpxtpx:atemp>299.15</gpxtpx:atemp>
          </gpxtpx:TrackPointExtension>
        </extensions>
      </trkpt>
      <trkpt lat="30.533730" lon="34.962818">
        <ele>318.9</ele>
        <time>2026-03-31T08:22:31.000Z</time>
        <extensions>
          <gpxtpx:TrackPointExtension>
            <gpxtpx:hr>121</gpxtpx:hr>
            <gpxtpx:cad>70</gpxtpx:cad>
            <gpxtpx:atemp>299.15</gpxtpx:atemp>
          </gpxtpx:TrackPointExtension>
        </extensions>
      </trkpt>
      <trkpt lat="30.533775" lon="34.962765">
        <ele>319.3</ele>
        <time>2026-03-31T08:22:36.000Z</time>
        <extensions>
          <gpxtpx:TrackPointExtension>
            <gpxtpx:hr>121</gpxtpx:hr>
            <gpxtpx:cad>70</gpxtpx:cad>
            <gpxtpx:atemp>299.15</gpxtpx:atemp>
          </gpxtpx:TrackPointExtension>
        </extensions>
      </trkpt>
      <trkpt lat="30.533848" lon="34.962656">
        <ele>320.1</ele>
        <time>2026-03-31T08:22:44.000Z</time>
        <extensions>
          <gpxtpx:TrackPointExtension>
            <gpxtpx:hr>121</gpxtpx:hr>
            <gpxtpx:cad>71</gpxtpx:cad>
            <gpxtpx:atemp>299.15</gpxtpx:atemp>
          </gpxtpx:TrackPointExtension>
        </extensions>
      </trkpt>
      <trkpt lat="30.533872" lon="34.962585">
        <ele>321.3</ele>
        <time>2026-03-31T08:22:48.000Z</time>
        <extensions>
          <gpxtpx:TrackPointExtension>
            <gpxtpx:hr>121</gpxtpx:hr>
            <gpxtpx:cad>68</gpxtpx:cad>
            <gpxtpx:atemp>299.15</gpxtpx:atemp>
          </gpxtpx:TrackPointExtension>
        </extensions>
      </trkpt>
      <trkpt lat="30.533967" lon="34.962388">
        <ele>323.3</ele>
        <time>2026-03-31T08:23:02.000Z</time>
        <extensions>
          <gpxtpx:TrackPointExtension>
            <gpxtpx:hr>123</gpxtpx:hr>
            <gpxtpx:cad>55</gpxtpx:cad>
            <gpxtpx:atemp>299.15</gpxtpx:atemp>
          </gpxtpx:TrackPointExtension>
        </extensions>
      </trkpt>
      <trkpt lat="30.533971" lon="34.962331">
        <ele>324.7</ele>
        <time>2026-03-31T08:23:06.000Z</time>
        <extensions>
          <gpxtpx:TrackPointExtension>
            <gpxtpx:hr>122</gpxtpx:hr>
            <gpxtpx:cad>0</gpxtpx:cad>
            <gpxtpx:atemp>299.15</gpxtpx:atemp>
          </gpxtpx:TrackPointExtension>
        </extensions>
      </trkpt>
      <trkpt lat="30.533933" lon="34.962247">
        <ele>328.5</ele>
        <time>2026-03-31T08:23:13.000Z</time>
        <extensions>
          <gpxtpx:TrackPointExtension>
            <gpxtpx:hr>120</gpxtpx:hr>
            <gpxtpx:cad>58</gpxtpx:cad>
            <gpxtpx:atemp>299.15</gpxtpx:atemp>
          </gpxtpx:TrackPointExtension>
        </extensions>
      </trkpt>
      <trkpt lat="30.533899" lon="34.962112">
        <ele>333.8</ele>
        <time>2026-03-31T08:23:21.000Z</time>
        <extensions>
          <gpxtpx:TrackPointExtension>
            <gpxtpx:hr>122</gpxtpx:hr>
            <gpxtpx:cad>56</gpxtpx:cad>
            <gpxtpx:atemp>299.15</gpxtpx:atemp>
          </gpxtpx:TrackPointExtension>
        </extensions>
      </trkpt>
      <trkpt lat="30.533907" lon="34.962078">
        <ele>334.5</ele>
        <time>2026-03-31T08:23:23.000Z</time>
        <extensions>
          <gpxtpx:TrackPointExtension>
            <gpxtpx:hr>122</gpxtpx:hr>
            <gpxtpx:cad>65</gpxtpx:cad>
            <gpxtpx:atemp>299.15</gpxtpx:atemp>
          </gpxtpx:TrackPointExtension>
        </extensions>
      </trkpt>
      <trkpt lat="30.533985" lon="34.962038">
        <ele>332.9</ele>
        <time>2026-03-31T08:23:30.000Z</time>
        <extensions>
          <gpxtpx:TrackPointExtension>
            <gpxtpx:hr>123</gpxtpx:hr>
            <gpxtpx:cad>65</gpxtpx:cad>
            <gpxtpx:atemp>299.15</gpxtpx:atemp>
          </gpxtpx:TrackPointExtension>
        </extensions>
      </trkpt>
      <trkpt lat="30.534012" lon="34.961997">
        <ele>333.1</ele>
        <time>2026-03-31T08:23:33.000Z</time>
        <extensions>
          <gpxtpx:TrackPointExtension>
            <gpxtpx:hr>123</gpxtpx:hr>
            <gpxtpx:cad>75</gpxtpx:cad>
            <gpxtpx:atemp>299.15</gpxtpx:atemp>
          </gpxtpx:TrackPointExtension>
        </extensions>
      </trkpt>
      <trkpt lat="30.534105" lon="34.961940">
        <ele>331.5</ele>
        <time>2026-03-31T08:23:39.000Z</time>
        <extensions>
          <gpxtpx:TrackPointExtension>
            <gpxtpx:hr>124</gpxtpx:hr>
            <gpxtpx:cad>0</gpxtpx:cad>
            <gpxtpx:atemp>299.15</gpxtpx:atemp>
          </gpxtpx:TrackPointExtension>
        </extensions>
      </trkpt>
      <trkpt lat="30.534129" lon="34.961859">
        <ele>332.9</ele>
        <time>2026-03-31T08:23:45.000Z</time>
        <extensions>
          <gpxtpx:TrackPointExtension>
            <gpxtpx:hr>127</gpxtpx:hr>
            <gpxtpx:cad>0</gpxtpx:cad>
            <gpxtpx:atemp>299.15</gpxtpx:atemp>
          </gpxtpx:TrackPointExtension>
        </extensions>
      </trkpt>
      <trkpt lat="30.534124" lon="34.961789">
        <ele>335.0</ele>
        <time>2026-03-31T08:23:51.000Z</time>
        <extensions>
          <gpxtpx:TrackPointExtension>
            <gpxtpx:hr>127</gpxtpx:hr>
            <gpxtpx:cad>55</gpxtpx:cad>
            <gpxtpx:atemp>299.15</gpxtpx:atemp>
          </gpxtpx:TrackPointExtension>
        </extensions>
      </trkpt>
      <trkpt lat="30.534077" lon="34.961698">
        <ele>339.3</ele>
        <time>2026-03-31T08:23:58.000Z</time>
        <extensions>
          <gpxtpx:TrackPointExtension>
            <gpxtpx:hr>128</gpxtpx:hr>
            <gpxtpx:cad>54</gpxtpx:cad>
            <gpxtpx:atemp>299.15</gpxtpx:atemp>
          </gpxtpx:TrackPointExtension>
        </extensions>
      </trkpt>
      <trkpt lat="30.534066" lon="34.961630">
        <ele>341.6</ele>
        <time>2026-03-31T08:24:02.000Z</time>
        <extensions>
          <gpxtpx:TrackPointExtension>
            <gpxtpx:hr>127</gpxtpx:hr>
            <gpxtpx:cad>0</gpxtpx:cad>
            <gpxtpx:atemp>299.15</gpxtpx:atemp>
          </gpxtpx:TrackPointExtension>
        </extensions>
      </trkpt>
      <trkpt lat="30.534071" lon="34.961569">
        <ele>343.1</ele>
        <time>2026-03-31T08:24:06.000Z</time>
        <extensions>
          <gpxtpx:TrackPointExtension>
            <gpxtpx:hr>127</gpxtpx:hr>
            <gpxtpx:cad>0</gpxtpx:cad>
            <gpxtpx:atemp>299.15</gpxtpx:atemp>
          </gpxtpx:TrackPointExtension>
        </extensions>
      </trkpt>
      <trkpt lat="30.534056" lon="34.961497">
        <ele>345.8</ele>
        <time>2026-03-31T08:24:10.000Z</time>
        <extensions>
          <gpxtpx:TrackPointExtension>
            <gpxtpx:hr>127</gpxtpx:hr>
            <gpxtpx:cad>60</gpxtpx:cad>
            <gpxtpx:atemp>299.15</gpxtpx:atemp>
          </gpxtpx:TrackPointExtension>
        </extensions>
      </trkpt>
      <trkpt lat="30.534085" lon="34.961461">
        <ele>345.6</ele>
        <time>2026-03-31T08:24:14.000Z</time>
        <extensions>
          <gpxtpx:TrackPointExtension>
            <gpxtpx:hr>127</gpxtpx:hr>
            <gpxtpx:cad>0</gpxtpx:cad>
            <gpxtpx:atemp>299.15</gpxtpx:atemp>
          </gpxtpx:TrackPointExtension>
        </extensions>
      </trkpt>
      <trkpt lat="30.534191" lon="34.961380">
        <ele>343.5</ele>
        <time>2026-03-31T08:24:23.000Z</time>
        <extensions>
          <gpxtpx:TrackPointExtension>
            <gpxtpx:hr>125</gpxtpx:hr>
            <gpxtpx:cad>0</gpxtpx:cad>
            <gpxtpx:atemp>300.15</gpxtpx:atemp>
          </gpxtpx:TrackPointExtension>
        </extensions>
      </trkpt>
      <trkpt lat="30.534231" lon="34.961335">
        <ele>343.0</ele>
        <time>2026-03-31T08:24:28.000Z</time>
        <extensions>
          <gpxtpx:TrackPointExtension>
            <gpxtpx:hr>125</gpxtpx:hr>
            <gpxtpx:cad>55</gpxtpx:cad>
            <gpxtpx:atemp>300.15</gpxtpx:atemp>
          </gpxtpx:TrackPointExtension>
        </extensions>
      </trkpt>
      <trkpt lat="30.534241" lon="34.961287">
        <ele>343.8</ele>
        <time>2026-03-31T08:24:34.000Z</time>
        <extensions>
          <gpxtpx:TrackPointExtension>
            <gpxtpx:hr>125</gpxtpx:hr>
            <gpxtpx:cad>0</gpxtpx:cad>
            <gpxtpx:atemp>300.15</gpxtpx:atemp>
          </gpxtpx:TrackPointExtension>
        </extensions>
      </trkpt>
      <trkpt lat="30.534272" lon="34.961208">
        <ele>344.4</ele>
        <time>2026-03-31T08:24:41.000Z</time>
        <extensions>
          <gpxtpx:TrackPointExtension>
            <gpxtpx:hr>125</gpxtpx:hr>
            <gpxtpx:cad>48</gpxtpx:cad>
            <gpxtpx:atemp>300.15</gpxtpx:atemp>
          </gpxtpx:TrackPointExtension>
        </extensions>
      </trkpt>
      <trkpt lat="30.534271" lon="34.961120">
        <ele>346.3</ele>
        <time>2026-03-31T08:24:50.000Z</time>
        <extensions>
          <gpxtpx:TrackPointExtension>
            <gpxtpx:hr>120</gpxtpx:hr>
            <gpxtpx:cad>48</gpxtpx:cad>
            <gpxtpx:atemp>300.15</gpxtpx:atemp>
          </gpxtpx:TrackPointExtension>
        </extensions>
      </trkpt>
      <trkpt lat="30.534260" lon="34.961072">
        <ele>347.8</ele>
        <time>2026-03-31T08:24:55.000Z</time>
        <extensions>
          <gpxtpx:TrackPointExtension>
            <gpxtpx:hr>120</gpxtpx:hr>
            <gpxtpx:cad>0</gpxtpx:cad>
            <gpxtpx:atemp>300.15</gpxtpx:atemp>
          </gpxtpx:TrackPointExtension>
        </extensions>
      </trkpt>
      <trkpt lat="30.534277" lon="34.960988">
        <ele>348.9</ele>
        <time>2026-03-31T08:25:03.000Z</time>
        <extensions>
          <gpxtpx:TrackPointExtension>
            <gpxtpx:hr>121</gpxtpx:hr>
            <gpxtpx:cad>53</gpxtpx:cad>
            <gpxtpx:atemp>300.15</gpxtpx:atemp>
          </gpxtpx:TrackPointExtension>
        </extensions>
      </trkpt>
      <trkpt lat="30.534340" lon="34.960950">
        <ele>347.2</ele>
        <time>2026-03-31T08:25:11.000Z</time>
        <extensions>
          <gpxtpx:TrackPointExtension>
            <gpxtpx:hr>125</gpxtpx:hr>
            <gpxtpx:cad>0</gpxtpx:cad>
            <gpxtpx:atemp>300.15</gpxtpx:atemp>
          </gpxtpx:TrackPointExtension>
        </extensions>
      </trkpt>
      <trkpt lat="30.534314" lon="34.960894">
        <ele>349.4</ele>
        <time>2026-03-31T08:25:18.000Z</time>
        <extensions>
          <gpxtpx:TrackPointExtension>
            <gpxtpx:hr>124</gpxtpx:hr>
            <gpxtpx:cad>0</gpxtpx:cad>
            <gpxtpx:atemp>300.15</gpxtpx:atemp>
          </gpxtpx:TrackPointExtension>
        </extensions>
      </trkpt>
      <trkpt lat="30.534274" lon="34.960869">
        <ele>351.6</ele>
        <time>2026-03-31T08:25:24.000Z</time>
        <extensions>
          <gpxtpx:TrackPointExtension>
            <gpxtpx:hr>119</gpxtpx:hr>
            <gpxtpx:cad>0</gpxtpx:cad>
            <gpxtpx:atemp>300.15</gpxtpx:atemp>
          </gpxtpx:TrackPointExtension>
        </extensions>
      </trkpt>
      <trkpt lat="30.534279" lon="34.960814">
        <ele>352.6</ele>
        <time>2026-03-31T08:25:32.000Z</time>
        <extensions>
          <gpxtpx:TrackPointExtension>
            <gpxtpx:hr>120</gpxtpx:hr>
            <gpxtpx:cad>0</gpxtpx:cad>
            <gpxtpx:atemp>300.15</gpxtpx:atemp>
          </gpxtpx:TrackPointExtension>
        </extensions>
      </trkpt>
      <trkpt lat="30.534276" lon="34.960786">
        <ele>353.3</ele>
        <time>2026-03-31T08:25:37.000Z</time>
        <extensions>
          <gpxtpx:TrackPointExtension>
            <gpxtpx:hr>120</gpxtpx:hr>
            <gpxtpx:cad>49</gpxtpx:cad>
            <gpxtpx:atemp>300.15</gpxtpx:atemp>
          </gpxtpx:TrackPointExtension>
        </extensions>
      </trkpt>
      <trkpt lat="30.534253" lon="34.960734">
        <ele>355.4</ele>
        <time>2026-03-31T08:25:45.000Z</time>
        <extensions>
          <gpxtpx:TrackPointExtension>
            <gpxtpx:hr>121</gpxtpx:hr>
            <gpxtpx:cad>48</gpxtpx:cad>
            <gpxtpx:atemp>300.15</gpxtpx:atemp>
          </gpxtpx:TrackPointExtension>
        </extensions>
      </trkpt>
      <trkpt lat="30.534288" lon="34.960670">
        <ele>355.4</ele>
        <time>2026-03-31T08:25:53.000Z</time>
        <extensions>
          <gpxtpx:TrackPointExtension>
            <gpxtpx:hr>121</gpxtpx:hr>
            <gpxtpx:cad>0</gpxtpx:cad>
            <gpxtpx:atemp>300.15</gpxtpx:atemp>
          </gpxtpx:TrackPointExtension>
        </extensions>
      </trkpt>
      <trkpt lat="30.534295" lon="34.960622">
        <ele>356.3</ele>
        <time>2026-03-31T08:26:04.000Z</time>
        <extensions>
          <gpxtpx:TrackPointExtension>
            <gpxtpx:hr>122</gpxtpx:hr>
            <gpxtpx:cad>0</gpxtpx:cad>
            <gpxtpx:atemp>300.15</gpxtpx:atemp>
          </gpxtpx:TrackPointExtension>
        </extensions>
      </trkpt>
      <trkpt lat="30.534294" lon="34.960530">
        <ele>358.6</ele>
        <time>2026-03-31T08:26:15.000Z</time>
        <extensions>
          <gpxtpx:TrackPointExtension>
            <gpxtpx:hr>124</gpxtpx:hr>
            <gpxtpx:cad>0</gpxtpx:cad>
            <gpxtpx:atemp>300.15</gpxtpx:atemp>
          </gpxtpx:TrackPointExtension>
        </extensions>
      </trkpt>
      <trkpt lat="30.534277" lon="34.960498">
        <ele>360.2</ele>
        <time>2026-03-31T08:26:21.000Z</time>
        <extensions>
          <gpxtpx:TrackPointExtension>
            <gpxtpx:hr>124</gpxtpx:hr>
            <gpxtpx:cad>71</gpxtpx:cad>
            <gpxtpx:atemp>300.15</gpxtpx:atemp>
          </gpxtpx:TrackPointExtension>
        </extensions>
      </trkpt>
      <trkpt lat="30.534253" lon="34.960492">
        <ele>361.4</ele>
        <time>2026-03-31T08:26:31.000Z</time>
        <extensions>
          <gpxtpx:TrackPointExtension>
            <gpxtpx:hr>122</gpxtpx:hr>
            <gpxtpx:cad>42</gpxtpx:cad>
            <gpxtpx:atemp>300.15</gpxtpx:atemp>
          </gpxtpx:TrackPointExtension>
        </extensions>
      </trkpt>
      <trkpt lat="30.534242" lon="34.960470">
        <ele>362.4</ele>
        <time>2026-03-31T08:26:36.000Z</time>
        <extensions>
          <gpxtpx:TrackPointExtension>
            <gpxtpx:hr>122</gpxtpx:hr>
            <gpxtpx:cad>75</gpxtpx:cad>
            <gpxtpx:atemp>300.15</gpxtpx:atemp>
          </gpxtpx:TrackPointExtension>
        </extensions>
      </trkpt>
      <trkpt lat="30.534238" lon="34.960410">
        <ele>364.1</ele>
        <time>2026-03-31T08:26:44.000Z</time>
        <extensions>
          <gpxtpx:TrackPointExtension>
            <gpxtpx:hr>121</gpxtpx:hr>
            <gpxtpx:cad>0</gpxtpx:cad>
            <gpxtpx:atemp>300.15</gpxtpx:atemp>
          </gpxtpx:TrackPointExtension>
        </extensions>
      </trkpt>
      <trkpt lat="30.534279" lon="34.960337">
        <ele>364.2</ele>
        <time>2026-03-31T08:26:56.000Z</time>
        <extensions>
          <gpxtpx:TrackPointExtension>
            <gpxtpx:hr>119</gpxtpx:hr>
            <gpxtpx:cad>0</gpxtpx:cad>
            <gpxtpx:atemp>300.15</gpxtpx:atemp>
          </gpxtpx:TrackPointExtension>
        </extensions>
      </trkpt>
      <trkpt lat="30.534291" lon="34.960291">
        <ele>364.8</ele>
        <time>2026-03-31T08:27:04.000Z</time>
        <extensions>
          <gpxtpx:TrackPointExtension>
            <gpxtpx:hr>119</gpxtpx:hr>
            <gpxtpx:cad>0</gpxtpx:cad>
            <gpxtpx:atemp>301.15</gpxtpx:atemp>
          </gpxtpx:TrackPointExtension>
        </extensions>
      </trkpt>
      <trkpt lat="30.534305" lon="34.960262">
        <ele>364.9</ele>
        <time>2026-03-31T08:27:12.000Z</time>
        <extensions>
          <gpxtpx:TrackPointExtension>
            <gpxtpx:hr>117</gpxtpx:hr>
            <gpxtpx:cad>0</gpxtpx:cad>
            <gpxtpx:atemp>301.15</gpxtpx:atemp>
          </gpxtpx:TrackPointExtension>
        </extensions>
      </trkpt>
      <trkpt lat="30.534318" lon="34.960215">
        <ele>365.5</ele>
        <time>2026-03-31T08:27:22.000Z</time>
        <extensions>
          <gpxtpx:TrackPointExtension>
            <gpxtpx:hr>118</gpxtpx:hr>
            <gpxtpx:cad>0</gpxtpx:cad>
            <gpxtpx:atemp>301.15</gpxtpx:atemp>
          </gpxtpx:TrackPointExtension>
        </extensions>
      </trkpt>
      <trkpt lat="30.534350" lon="34.960076">
        <ele>367.9</ele>
        <time>2026-03-31T08:27:39.000Z</time>
        <extensions>
          <gpxtpx:TrackPointExtension>
            <gpxtpx:hr>113</gpxtpx:hr>
            <gpxtpx:cad>0</gpxtpx:cad>
            <gpxtpx:atemp>301.15</gpxtpx:atemp>
          </gpxtpx:TrackPointExtension>
        </extensions>
      </trkpt>
      <trkpt lat="30.534414" lon="34.959994">
        <ele>367.5</ele>
        <time>2026-03-31T08:27:49.000Z</time>
        <extensions>
          <gpxtpx:TrackPointExtension>
            <gpxtpx:hr>119</gpxtpx:hr>
            <gpxtpx:cad>54</gpxtpx:cad>
            <gpxtpx:atemp>301.15</gpxtpx:atemp>
          </gpxtpx:TrackPointExtension>
        </extensions>
      </trkpt>
      <trkpt lat="30.534371" lon="34.959977">
        <ele>369.8</ele>
        <time>2026-03-31T08:27:57.000Z</time>
        <extensions>
          <gpxtpx:TrackPointExtension>
            <gpxtpx:hr>116</gpxtpx:hr>
            <gpxtpx:cad>48</gpxtpx:cad>
            <gpxtpx:atemp>301.15</gpxtpx:atemp>
          </gpxtpx:TrackPointExtension>
        </extensions>
      </trkpt>
      <trkpt lat="30.534371" lon="34.959879">
        <ele>372.7</ele>
        <time>2026-03-31T08:28:08.000Z</time>
        <extensions>
          <gpxtpx:TrackPointExtension>
            <gpxtpx:hr>121</gpxtpx:hr>
            <gpxtpx:cad>0</gpxtpx:cad>
            <gpxtpx:atemp>301.15</gpxtpx:atemp>
          </gpxtpx:TrackPointExtension>
        </extensions>
      </trkpt>
      <trkpt lat="30.534379" lon="34.959843">
        <ele>373.5</ele>
        <time>2026-03-31T08:28:16.000Z</time>
        <extensions>
          <gpxtpx:TrackPointExtension>
            <gpxtpx:hr>121</gpxtpx:hr>
            <gpxtpx:cad>0</gpxtpx:cad>
            <gpxtpx:atemp>301.15</gpxtpx:atemp>
          </gpxtpx:TrackPointExtension>
        </extensions>
      </trkpt>
      <trkpt lat="30.534338" lon="34.959704">
        <ele>380.7</ele>
        <time>2026-03-31T08:28:29.000Z</time>
        <extensions>
          <gpxtpx:TrackPointExtension>
            <gpxtpx:hr>128</gpxtpx:hr>
            <gpxtpx:cad>0</gpxtpx:cad>
            <gpxtpx:atemp>301.15</gpxtpx:atemp>
          </gpxtpx:TrackPointExtension>
        </extensions>
      </trkpt>
      <trkpt lat="30.534338" lon="34.959639">
        <ele>383.2</ele>
        <time>2026-03-31T08:28:33.000Z</time>
        <extensions>
          <gpxtpx:TrackPointExtension>
            <gpxtpx:hr>131</gpxtpx:hr>
            <gpxtpx:cad>0</gpxtpx:cad>
            <gpxtpx:atemp>302.15</gpxtpx:atemp>
          </gpxtpx:TrackPointExtension>
        </extensions>
      </trkpt>
      <trkpt lat="30.534327" lon="34.959594">
        <ele>385.5</ele>
        <time>2026-03-31T08:28:36.000Z</time>
        <extensions>
          <gpxtpx:TrackPointExtension>
            <gpxtpx:hr>133</gpxtpx:hr>
            <gpxtpx:cad>0</gpxtpx:cad>
            <gpxtpx:atemp>302.15</gpxtpx:atemp>
          </gpxtpx:TrackPointExtension>
        </extensions>
      </trkpt>
      <trkpt lat="30.534329" lon="34.959509">
        <ele>389.0</ele>
        <time>2026-03-31T08:28:44.000Z</time>
        <extensions>
          <gpxtpx:TrackPointExtension>
            <gpxtpx:hr>133</gpxtpx:hr>
            <gpxtpx:cad>67</gpxtpx:cad>
            <gpxtpx:atemp>302.15</gpxtpx:atemp>
          </gpxtpx:TrackPointExtension>
        </extensions>
      </trkpt>
      <trkpt lat="30.534454" lon="34.959427">
        <ele>385.7</ele>
        <time>2026-03-31T08:28:55.000Z</time>
        <extensions>
          <gpxtpx:TrackPointExtension>
            <gpxtpx:hr>135</gpxtpx:hr>
            <gpxtpx:cad>0</gpxtpx:cad>
            <gpxtpx:atemp>302.15</gpxtpx:atemp>
          </gpxtpx:TrackPointExtension>
        </extensions>
      </trkpt>
      <trkpt lat="30.534479" lon="34.959395">
        <ele>385.6</ele>
        <time>2026-03-31T08:28:59.000Z</time>
        <extensions>
          <gpxtpx:TrackPointExtension>
            <gpxtpx:hr>135</gpxtpx:hr>
            <gpxtpx:cad>0</gpxtpx:cad>
            <gpxtpx:atemp>302.15</gpxtpx:atemp>
          </gpxtpx:TrackPointExtension>
        </extensions>
      </trkpt>
      <trkpt lat="30.534505" lon="34.959313">
        <ele>387.2</ele>
        <time>2026-03-31T08:29:04.000Z</time>
        <extensions>
          <gpxtpx:TrackPointExtension>
            <gpxtpx:hr>135</gpxtpx:hr>
            <gpxtpx:cad>57</gpxtpx:cad>
            <gpxtpx:atemp>302.15</gpxtpx:atemp>
          </gpxtpx:TrackPointExtension>
        </extensions>
      </trkpt>
      <trkpt lat="30.534500" lon="34.959223">
        <ele>391.1</ele>
        <time>2026-03-31T08:29:11.000Z</time>
        <extensions>
          <gpxtpx:TrackPointExtension>
            <gpxtpx:hr>131</gpxtpx:hr>
            <gpxtpx:cad>0</gpxtpx:cad>
            <gpxtpx:atemp>302.15</gpxtpx:atemp>
          </gpxtpx:TrackPointExtension>
        </extensions>
      </trkpt>
      <trkpt lat="30.534485" lon="34.959160">
        <ele>394.4</ele>
        <time>2026-03-31T08:29:17.000Z</time>
        <extensions>
          <gpxtpx:TrackPointExtension>
            <gpxtpx:hr>133</gpxtpx:hr>
            <gpxtpx:cad>0</gpxtpx:cad>
            <gpxtpx:atemp>302.15</gpxtpx:atemp>
          </gpxtpx:TrackPointExtension>
        </extensions>
      </trkpt>
      <trkpt lat="30.534501" lon="34.959092">
        <ele>396.2</ele>
        <time>2026-03-31T08:29:29.000Z</time>
        <extensions>
          <gpxtpx:TrackPointExtension>
            <gpxtpx:hr>140</gpxtpx:hr>
            <gpxtpx:cad>0</gpxtpx:cad>
            <gpxtpx:atemp>301.15</gpxtpx:atemp>
          </gpxtpx:TrackPointExtension>
        </extensions>
      </trkpt>
      <trkpt lat="30.534471" lon="34.959010">
        <ele>401.1</ele>
        <time>2026-03-31T08:29:38.000Z</time>
        <extensions>
          <gpxtpx:TrackPointExtension>
            <gpxtpx:hr>142</gpxtpx:hr>
            <gpxtpx:cad>61</gpxtpx:cad>
            <gpxtpx:atemp>301.15</gpxtpx:atemp>
          </gpxtpx:TrackPointExtension>
        </extensions>
      </trkpt>
      <trkpt lat="30.534459" lon="34.958934">
        <ele>404.5</ele>
        <time>2026-03-31T08:29:43.000Z</time>
        <extensions>
          <gpxtpx:TrackPointExtension>
            <gpxtpx:hr>142</gpxtpx:hr>
            <gpxtpx:cad>62</gpxtpx:cad>
            <gpxtpx:atemp>301.15</gpxtpx:atemp>
          </gpxtpx:TrackPointExtension>
        </extensions>
      </trkpt>
      <trkpt lat="30.534472" lon="34.958818">
        <ele>408.0</ele>
        <time>2026-03-31T08:29:52.000Z</time>
        <extensions>
          <gpxtpx:TrackPointExtension>
            <gpxtpx:hr>143</gpxtpx:hr>
            <gpxtpx:cad>56</gpxtpx:cad>
            <gpxtpx:atemp>301.15</gpxtpx:atemp>
          </gpxtpx:TrackPointExtension>
        </extensions>
      </trkpt>
      <trkpt lat="30.534445" lon="34.958761">
        <ele>411.6</ele>
        <time>2026-03-31T08:29:57.000Z</time>
        <extensions>
          <gpxtpx:TrackPointExtension>
            <gpxtpx:hr>140</gpxtpx:hr>
            <gpxtpx:cad>56</gpxtpx:cad>
            <gpxtpx:atemp>301.15</gpxtpx:atemp>
          </gpxtpx:TrackPointExtension>
        </extensions>
      </trkpt>
      <trkpt lat="30.534477" lon="34.958618">
        <ele>414.9</ele>
        <time>2026-03-31T08:30:10.000Z</time>
        <extensions>
          <gpxtpx:TrackPointExtension>
            <gpxtpx:hr>132</gpxtpx:hr>
            <gpxtpx:cad>0</gpxtpx:cad>
            <gpxtpx:atemp>301.15</gpxtpx:atemp>
          </gpxtpx:TrackPointExtension>
        </extensions>
      </trkpt>
      <trkpt lat="30.534513" lon="34.958588">
        <ele>413.9</ele>
        <time>2026-03-31T08:30:21.000Z</time>
        <extensions>
          <gpxtpx:TrackPointExtension>
            <gpxtpx:hr>125</gpxtpx:hr>
            <gpxtpx:cad>0</gpxtpx:cad>
            <gpxtpx:atemp>301.15</gpxtpx:atemp>
          </gpxtpx:TrackPointExtension>
        </extensions>
      </trkpt>
      <trkpt lat="30.534570" lon="34.958511">
        <ele>413.4</ele>
        <time>2026-03-31T08:30:35.000Z</time>
        <extensions>
          <gpxtpx:TrackPointExtension>
            <gpxtpx:hr>120</gpxtpx:hr>
            <gpxtpx:cad>0</gpxtpx:cad>
            <gpxtpx:atemp>301.15</gpxtpx:atemp>
          </gpxtpx:TrackPointExtension>
        </extensions>
      </trkpt>
      <trkpt lat="30.534631" lon="34.958506">
        <ele>409.7</ele>
        <time>2026-03-31T08:30:49.000Z</time>
        <extensions>
          <gpxtpx:TrackPointExtension>
            <gpxtpx:hr>108</gpxtpx:hr>
            <gpxtpx:cad>0</gpxtpx:cad>
            <gpxtpx:atemp>301.15</gpxtpx:atemp>
          </gpxtpx:TrackPointExtension>
        </extensions>
      </trkpt>
      <trkpt lat="30.534710" lon="34.958477">
        <ele>405.6</ele>
        <time>2026-03-31T08:31:01.000Z</time>
        <extensions>
          <gpxtpx:TrackPointExtension>
            <gpxtpx:hr>113</gpxtpx:hr>
            <gpxtpx:cad>0</gpxtpx:cad>
            <gpxtpx:atemp>301.15</gpxtpx:atemp>
          </gpxtpx:TrackPointExtension>
        </extensions>
      </trkpt>
      <trkpt lat="30.534762" lon="34.958431">
        <ele>403.6</ele>
        <time>2026-03-31T08:31:10.000Z</time>
        <extensions>
          <gpxtpx:TrackPointExtension>
            <gpxtpx:hr>110</gpxtpx:hr>
            <gpxtpx:cad>0</gpxtpx:cad>
            <gpxtpx:atemp>301.15</gpxtpx:atemp>
          </gpxtpx:TrackPointExtension>
        </extensions>
      </trkpt>
      <trkpt lat="30.534801" lon="34.958382">
        <ele>402.5</ele>
        <time>2026-03-31T08:31:13.000Z</time>
        <extensions>
          <gpxtpx:TrackPointExtension>
            <gpxtpx:hr>110</gpxtpx:hr>
            <gpxtpx:cad>0</gpxtpx:cad>
            <gpxtpx:atemp>301.15</gpxtpx:atemp>
          </gpxtpx:TrackPointExtension>
        </extensions>
      </trkpt>
      <trkpt lat="30.534879" lon="34.958237">
        <ele>401.8</ele>
        <time>2026-03-31T08:31:26.000Z</time>
        <extensions>
          <gpxtpx:TrackPointExtension>
            <gpxtpx:hr>106</gpxtpx:hr>
            <gpxtpx:cad>66</gpxtpx:cad>
            <gpxtpx:atemp>301.15</gpxtpx:atemp>
          </gpxtpx:TrackPointExtension>
        </extensions>
      </trkpt>
      <trkpt lat="30.534921" lon="34.958193">
        <ele>400.6</ele>
        <time>2026-03-31T08:31:31.000Z</time>
        <extensions>
          <gpxtpx:TrackPointExtension>
            <gpxtpx:hr>104</gpxtpx:hr>
            <gpxtpx:cad>0</gpxtpx:cad>
            <gpxtpx:atemp>301.15</gpxtpx:atemp>
          </gpxtpx:TrackPointExtension>
        </extensions>
      </trkpt>
      <trkpt lat="30.534993" lon="34.958016">
        <ele>400.9</ele>
        <time>2026-03-31T08:31:48.000Z</time>
        <extensions>
          <gpxtpx:TrackPointExtension>
            <gpxtpx:hr>102</gpxtpx:hr>
            <gpxtpx:cad>0</gpxtpx:cad>
            <gpxtpx:atemp>301.15</gpxtpx:atemp>
          </gpxtpx:TrackPointExtension>
        </extensions>
      </trkpt>
      <trkpt lat="30.535057" lon="34.957927">
        <ele>399.5</ele>
        <time>2026-03-31T08:31:57.000Z</time>
        <extensions>
          <gpxtpx:TrackPointExtension>
            <gpxtpx:hr>101</gpxtpx:hr>
            <gpxtpx:cad>60</gpxtpx:cad>
            <gpxtpx:atemp>301.15</gpxtpx:atemp>
          </gpxtpx:TrackPointExtension>
        </extensions>
      </trkpt>
      <trkpt lat="30.535104" lon="34.957776">
        <ele>400.6</ele>
        <time>2026-03-31T08:32:10.000Z</time>
        <extensions>
          <gpxtpx:TrackPointExtension>
            <gpxtpx:hr>102</gpxtpx:hr>
            <gpxtpx:cad>51</gpxtpx:cad>
            <gpxtpx:atemp>301.15</gpxtpx:atemp>
          </gpxtpx:TrackPointExtension>
        </extensions>
      </trkpt>
      <trkpt lat="30.535156" lon="34.957671">
        <ele>400.3</ele>
        <time>2026-03-31T08:32:23.000Z</time>
        <extensions>
          <gpxtpx:TrackPointExtension>
            <gpxtpx:hr>105</gpxtpx:hr>
            <gpxtpx:cad>0</gpxtpx:cad>
            <gpxtpx:atemp>301.15</gpxtpx:atemp>
          </gpxtpx:TrackPointExtension>
        </extensions>
      </trkpt>
      <trkpt lat="30.535200" lon="34.957617">
        <ele>399.3</ele>
        <time>2026-03-31T08:32:34.000Z</time>
        <extensions>
          <gpxtpx:TrackPointExtension>
            <gpxtpx:hr>105</gpxtpx:hr>
            <gpxtpx:cad>0</gpxtpx:cad>
            <gpxtpx:atemp>301.15</gpxtpx:atemp>
          </gpxtpx:TrackPointExtension>
        </extensions>
      </trkpt>
      <trkpt lat="30.535308" lon="34.957443">
        <ele>398.5</ele>
        <time>2026-03-31T08:32:55.000Z</time>
        <extensions>
          <gpxtpx:TrackPointExtension>
            <gpxtpx:hr>108</gpxtpx:hr>
            <gpxtpx:cad>0</gpxtpx:cad>
            <gpxtpx:atemp>301.15</gpxtpx:atemp>
          </gpxtpx:TrackPointExtension>
        </extensions>
      </trkpt>
      <trkpt lat="30.535364" lon="34.957410">
        <ele>396.4</ele>
        <time>2026-03-31T08:33:06.000Z</time>
        <extensions>
          <gpxtpx:TrackPointExtension>
            <gpxtpx:hr>109</gpxtpx:hr>
            <gpxtpx:cad>0</gpxtpx:cad>
            <gpxtpx:atemp>301.15</gpxtpx:atemp>
          </gpxtpx:TrackPointExtension>
        </extensions>
      </trkpt>
      <trkpt lat="30.535399" lon="34.957446">
        <ele>393.5</ele>
        <time>2026-03-31T08:33:15.000Z</time>
        <extensions>
          <gpxtpx:TrackPointExtension>
            <gpxtpx:hr>106</gpxtpx:hr>
            <gpxtpx:cad>46</gpxtpx:cad>
            <gpxtpx:atemp>301.15</gpxtpx:atemp>
          </gpxtpx:TrackPointExtension>
        </extensions>
      </trkpt>
      <trkpt lat="30.535428" lon="34.957459">
        <ele>391.7</ele>
        <time>2026-03-31T08:33:23.000Z</time>
        <extensions>
          <gpxtpx:TrackPointExtension>
            <gpxtpx:hr>104</gpxtpx:hr>
            <gpxtpx:cad>58</gpxtpx:cad>
            <gpxtpx:atemp>301.15</gpxtpx:atemp>
          </gpxtpx:TrackPointExtension>
        </extensions>
      </trkpt>
      <trkpt lat="30.535448" lon="34.957401">
        <ele>392.4</ele>
        <time>2026-03-31T08:33:31.000Z</time>
        <extensions>
          <gpxtpx:TrackPointExtension>
            <gpxtpx:hr>101</gpxtpx:hr>
            <gpxtpx:cad>0</gpxtpx:cad>
            <gpxtpx:atemp>301.15</gpxtpx:atemp>
          </gpxtpx:TrackPointExtension>
        </extensions>
      </trkpt>
      <trkpt lat="30.535519" lon="34.957396">
        <ele>389.2</ele>
        <time>2026-03-31T08:33:41.000Z</time>
        <extensions>
          <gpxtpx:TrackPointExtension>
            <gpxtpx:hr>96</gpxtpx:hr>
            <gpxtpx:cad>69</gpxtpx:cad>
            <gpxtpx:atemp>301.15</gpxtpx:atemp>
          </gpxtpx:TrackPointExtension>
        </extensions>
      </trkpt>
      <trkpt lat="30.535576" lon="34.957319">
        <ele>389.3</ele>
        <time>2026-03-31T08:33:50.000Z</time>
        <extensions>
          <gpxtpx:TrackPointExtension>
            <gpxtpx:hr>92</gpxtpx:hr>
            <gpxtpx:cad>0</gpxtpx:cad>
            <gpxtpx:atemp>301.15</gpxtpx:atemp>
          </gpxtpx:TrackPointExtension>
        </extensions>
      </trkpt>
      <trkpt lat="30.535607" lon="34.957296">
        <ele>388.8</ele>
        <time>2026-03-31T08:33:58.000Z</time>
        <extensions>
          <gpxtpx:TrackPointExtension>
            <gpxtpx:hr>92</gpxtpx:hr>
            <gpxtpx:cad>0</gpxtpx:cad>
            <gpxtpx:atemp>301.15</gpxtpx:atemp>
          </gpxtpx:TrackPointExtension>
        </extensions>
      </trkpt>
      <trkpt lat="30.535636" lon="34.957227">
        <ele>390.4</ele>
        <time>2026-03-31T08:34:30.000Z</time>
        <extensions>
          <gpxtpx:TrackPointExtension>
            <gpxtpx:hr>103</gpxtpx:hr>
            <gpxtpx:cad>0</gpxtpx:cad>
            <gpxtpx:atemp>301.15</gpxtpx:atemp>
          </gpxtpx:TrackPointExtension>
        </extensions>
      </trkpt>
      <trkpt lat="30.535591" lon="34.957225">
        <ele>392.5</ele>
        <time>2026-03-31T08:34:38.000Z</time>
        <extensions>
          <gpxtpx:TrackPointExtension>
            <gpxtpx:hr>105</gpxtpx:hr>
            <gpxtpx:cad>0</gpxtpx:cad>
            <gpxtpx:atemp>301.15</gpxtpx:atemp>
          </gpxtpx:TrackPointExtension>
        </extensions>
      </trkpt>
      <trkpt lat="30.535570" lon="34.957194">
        <ele>394.8</ele>
        <time>2026-03-31T08:34:45.000Z</time>
        <extensions>
          <gpxtpx:TrackPointExtension>
            <gpxtpx:hr>100</gpxtpx:hr>
            <gpxtpx:cad>0</gpxtpx:cad>
            <gpxtpx:atemp>301.15</gpxtpx:atemp>
          </gpxtpx:TrackPointExtension>
        </extensions>
      </trkpt>
      <trkpt lat="30.535560" lon="34.957171">
        <ele>396.2</ele>
        <time>2026-03-31T08:35:13.000Z</time>
        <extensions>
          <gpxtpx:TrackPointExtension>
            <gpxtpx:hr>106</gpxtpx:hr>
            <gpxtpx:cad>0</gpxtpx:cad>
            <gpxtpx:atemp>300.15</gpxtpx:atemp>
          </gpxtpx:TrackPointExtension>
        </extensions>
      </trkpt>
      <trkpt lat="30.535593" lon="34.957158">
        <ele>395.3</ele>
        <time>2026-03-31T08:35:22.000Z</time>
        <extensions>
          <gpxtpx:TrackPointExtension>
            <gpxtpx:hr>107</gpxtpx:hr>
            <gpxtpx:cad>0</gpxtpx:cad>
            <gpxtpx:atemp>300.15</gpxtpx:atemp>
          </gpxtpx:TrackPointExtension>
        </extensions>
      </trkpt>
      <trkpt lat="30.535599" lon="34.957127">
        <ele>396.3</ele>
        <time>2026-03-31T08:35:32.000Z</time>
        <extensions>
          <gpxtpx:TrackPointExtension>
            <gpxtpx:hr>109</gpxtpx:hr>
            <gpxtpx:cad>58</gpxtpx:cad>
            <gpxtpx:atemp>300.15</gpxtpx:atemp>
          </gpxtpx:TrackPointExtension>
        </extensions>
      </trkpt>
      <trkpt lat="30.535547" lon="34.957125">
        <ele>398.6</ele>
        <time>2026-03-31T08:35:41.000Z</time>
        <extensions>
          <gpxtpx:TrackPointExtension>
            <gpxtpx:hr>109</gpxtpx:hr>
            <gpxtpx:cad>0</gpxtpx:cad>
            <gpxtpx:atemp>300.15</gpxtpx:atemp>
          </gpxtpx:TrackPointExtension>
        </extensions>
      </trkpt>
      <trkpt lat="30.535527" lon="34.957087">
        <ele>401.1</ele>
        <time>2026-03-31T08:35:52.000Z</time>
        <extensions>
          <gpxtpx:TrackPointExtension>
            <gpxtpx:hr>109</gpxtpx:hr>
            <gpxtpx:cad>0</gpxtpx:cad>
            <gpxtpx:atemp>300.15</gpxtpx:atemp>
          </gpxtpx:TrackPointExtension>
        </extensions>
      </trkpt>
      <trkpt lat="30.535558" lon="34.957056">
        <ele>401.1</ele>
        <time>2026-03-31T08:36:01.000Z</time>
        <extensions>
          <gpxtpx:TrackPointExtension>
            <gpxtpx:hr>112</gpxtpx:hr>
            <gpxtpx:cad>57</gpxtpx:cad>
            <gpxtpx:atemp>300.15</gpxtpx:atemp>
          </gpxtpx:TrackPointExtension>
        </extensions>
      </trkpt>
      <trkpt lat="30.535570" lon="34.957028">
        <ele>401.9</ele>
        <time>2026-03-31T08:36:10.000Z</time>
        <extensions>
          <gpxtpx:TrackPointExtension>
            <gpxtpx:hr>121</gpxtpx:hr>
            <gpxtpx:cad>52</gpxtpx:cad>
            <gpxtpx:atemp>300.15</gpxtpx:atemp>
          </gpxtpx:TrackPointExtension>
        </extensions>
      </trkpt>
      <trkpt lat="30.535596" lon="34.957008">
        <ele>401.7</ele>
        <time>2026-03-31T08:36:14.000Z</time>
        <extensions>
          <gpxtpx:TrackPointExtension>
            <gpxtpx:hr>124</gpxtpx:hr>
            <gpxtpx:cad>55</gpxtpx:cad>
            <gpxtpx:atemp>300.15</gpxtpx:atemp>
          </gpxtpx:TrackPointExtension>
        </extensions>
      </trkpt>
      <trkpt lat="30.535597" lon="34.956955">
        <ele>404.1</ele>
        <time>2026-03-31T08:36:22.000Z</time>
        <extensions>
          <gpxtpx:TrackPointExtension>
            <gpxtpx:hr>129</gpxtpx:hr>
            <gpxtpx:cad>62</gpxtpx:cad>
            <gpxtpx:atemp>300.15</gpxtpx:atemp>
          </gpxtpx:TrackPointExtension>
        </extensions>
      </trkpt>
      <trkpt lat="30.535613" lon="34.956923">
        <ele>404.9</ele>
        <time>2026-03-31T08:36:26.000Z</time>
        <extensions>
          <gpxtpx:TrackPointExtension>
            <gpxtpx:hr>128</gpxtpx:hr>
            <gpxtpx:cad>60</gpxtpx:cad>
            <gpxtpx:atemp>300.15</gpxtpx:atemp>
          </gpxtpx:TrackPointExtension>
        </extensions>
      </trkpt>
      <trkpt lat="30.535675" lon="34.956857">
        <ele>405.4</ele>
        <time>2026-03-31T08:36:34.000Z</time>
        <extensions>
          <gpxtpx:TrackPointExtension>
            <gpxtpx:hr>125</gpxtpx:hr>
            <gpxtpx:cad>71</gpxtpx:cad>
            <gpxtpx:atemp>300.15</gpxtpx:atemp>
          </gpxtpx:TrackPointExtension>
        </extensions>
      </trkpt>
      <trkpt lat="30.535714" lon="34.956740">
        <ele>409.5</ele>
        <time>2026-03-31T08:36:41.000Z</time>
        <extensions>
          <gpxtpx:TrackPointExtension>
            <gpxtpx:hr>125</gpxtpx:hr>
            <gpxtpx:cad>71</gpxtpx:cad>
            <gpxtpx:atemp>300.15</gpxtpx:atemp>
          </gpxtpx:TrackPointExtension>
        </extensions>
      </trkpt>
      <trkpt lat="30.535743" lon="34.956696">
        <ele>410.6</ele>
        <time>2026-03-31T08:36:44.000Z</time>
        <extensions>
          <gpxtpx:TrackPointExtension>
            <gpxtpx:hr>125</gpxtpx:hr>
            <gpxtpx:cad>71</gpxtpx:cad>
            <gpxtpx:atemp>300.15</gpxtpx:atemp>
          </gpxtpx:TrackPointExtension>
        </extensions>
      </trkpt>
      <trkpt lat="30.535784" lon="34.956658">
        <ele>410.9</ele>
        <time>2026-03-31T08:36:47.000Z</time>
        <extensions>
          <gpxtpx:TrackPointExtension>
            <gpxtpx:hr>125</gpxtpx:hr>
            <gpxtpx:cad>59</gpxtpx:cad>
            <gpxtpx:atemp>300.15</gpxtpx:atemp>
          </gpxtpx:TrackPointExtension>
        </extensions>
      </trkpt>
      <trkpt lat="30.535849" lon="34.956649">
        <ele>408.8</ele>
        <time>2026-03-31T08:36:52.000Z</time>
        <extensions>
          <gpxtpx:TrackPointExtension>
            <gpxtpx:hr>125</gpxtpx:hr>
            <gpxtpx:cad>58</gpxtpx:cad>
            <gpxtpx:atemp>300.15</gpxtpx:atemp>
          </gpxtpx:TrackPointExtension>
        </extensions>
      </trkpt>
      <trkpt lat="30.535878" lon="34.956657">
        <ele>407.2</ele>
        <time>2026-03-31T08:36:54.000Z</time>
        <extensions>
          <gpxtpx:TrackPointExtension>
            <gpxtpx:hr>124</gpxtpx:hr>
            <gpxtpx:cad>58</gpxtpx:cad>
            <gpxtpx:atemp>300.15</gpxtpx:atemp>
          </gpxtpx:TrackPointExtension>
        </extensions>
      </trkpt>
      <trkpt lat="30.535945" lon="34.956647">
        <ele>405.1</ele>
        <time>2026-03-31T08:36:59.000Z</time>
        <extensions>
          <gpxtpx:TrackPointExtension>
            <gpxtpx:hr>124</gpxtpx:hr>
            <gpxtpx:cad>68</gpxtpx:cad>
            <gpxtpx:atemp>300.15</gpxtpx:atemp>
          </gpxtpx:TrackPointExtension>
        </extensions>
      </trkpt>
      <trkpt lat="30.535992" lon="34.956600">
        <ele>405.7</ele>
        <time>2026-03-31T08:37:03.000Z</time>
        <extensions>
          <gpxtpx:TrackPointExtension>
            <gpxtpx:hr>123</gpxtpx:hr>
            <gpxtpx:cad>64</gpxtpx:cad>
            <gpxtpx:atemp>300.15</gpxtpx:atemp>
          </gpxtpx:TrackPointExtension>
        </extensions>
      </trkpt>
      <trkpt lat="30.536050" lon="34.956489">
        <ele>409.2</ele>
        <time>2026-03-31T08:37:10.000Z</time>
        <extensions>
          <gpxtpx:TrackPointExtension>
            <gpxtpx:hr>121</gpxtpx:hr>
            <gpxtpx:cad>79</gpxtpx:cad>
            <gpxtpx:atemp>300.15</gpxtpx:atemp>
          </gpxtpx:TrackPointExtension>
        </extensions>
      </trkpt>
      <trkpt lat="30.536152" lon="34.956414">
        <ele>409.1</ele>
        <time>2026-03-31T08:37:17.000Z</time>
        <extensions>
          <gpxtpx:TrackPointExtension>
            <gpxtpx:hr>113</gpxtpx:hr>
            <gpxtpx:cad>76</gpxtpx:cad>
            <gpxtpx:atemp>301.15</gpxtpx:atemp>
          </gpxtpx:TrackPointExtension>
        </extensions>
      </trkpt>
      <trkpt lat="30.536228" lon="34.956334">
        <ele>410.0</ele>
        <time>2026-03-31T08:37:22.000Z</time>
        <extensions>
          <gpxtpx:TrackPointExtension>
            <gpxtpx:hr>112</gpxtpx:hr>
            <gpxtpx:cad>66</gpxtpx:cad>
            <gpxtpx:atemp>301.15</gpxtpx:atemp>
          </gpxtpx:TrackPointExtension>
        </extensions>
      </trkpt>
      <trkpt lat="30.536271" lon="34.956224">
        <ele>413.3</ele>
        <time>2026-03-31T08:37:28.000Z</time>
        <extensions>
          <gpxtpx:TrackPointExtension>
            <gpxtpx:hr>110</gpxtpx:hr>
            <gpxtpx:cad>66</gpxtpx:cad>
            <gpxtpx:atemp>301.15</gpxtpx:atemp>
          </gpxtpx:TrackPointExtension>
        </extensions>
      </trkpt>
      <trkpt lat="30.536274" lon="34.956105">
        <ele>418.7</ele>
        <time>2026-03-31T08:37:35.000Z</time>
        <extensions>
          <gpxtpx:TrackPointExtension>
            <gpxtpx:hr>108</gpxtpx:hr>
            <gpxtpx:cad>65</gpxtpx:cad>
            <gpxtpx:atemp>301.15</gpxtpx:atemp>
          </gpxtpx:TrackPointExtension>
        </extensions>
      </trkpt>
      <trkpt lat="30.536296" lon="34.956005">
        <ele>422.2</ele>
        <time>2026-03-31T08:37:41.000Z</time>
        <extensions>
          <gpxtpx:TrackPointExtension>
            <gpxtpx:hr>108</gpxtpx:hr>
            <gpxtpx:cad>44</gpxtpx:cad>
            <gpxtpx:atemp>301.15</gpxtpx:atemp>
          </gpxtpx:TrackPointExtension>
        </extensions>
      </trkpt>
      <trkpt lat="30.536371" lon="34.955884">
        <ele>424.0</ele>
        <time>2026-03-31T08:37:54.000Z</time>
        <extensions>
          <gpxtpx:TrackPointExtension>
            <gpxtpx:hr>109</gpxtpx:hr>
            <gpxtpx:cad>0</gpxtpx:cad>
            <gpxtpx:atemp>301.15</gpxtpx:atemp>
          </gpxtpx:TrackPointExtension>
        </extensions>
      </trkpt>
      <trkpt lat="30.536374" lon="34.955817">
        <ele>427.0</ele>
        <time>2026-03-31T08:38:01.000Z</time>
        <extensions>
          <gpxtpx:TrackPointExtension>
            <gpxtpx:hr>110</gpxtpx:hr>
            <gpxtpx:cad>46</gpxtpx:cad>
            <gpxtpx:atemp>300.15</gpxtpx:atemp>
          </gpxtpx:TrackPointExtension>
        </extensions>
      </trkpt>
      <trkpt lat="30.536414" lon="34.955772">
        <ele>427.1</ele>
        <time>2026-03-31T08:38:06.000Z</time>
        <extensions>
          <gpxtpx:TrackPointExtension>
            <gpxtpx:hr>113</gpxtpx:hr>
            <gpxtpx:cad>46</gpxtpx:cad>
            <gpxtpx:atemp>300.15</gpxtpx:atemp>
          </gpxtpx:TrackPointExtension>
        </extensions>
      </trkpt>
      <trkpt lat="30.536533" lon="34.955749">
        <ele>422.1</ele>
        <time>2026-03-31T08:38:33.000Z</time>
        <extensions>
          <gpxtpx:TrackPointExtension>
            <gpxtpx:hr>115</gpxtpx:hr>
            <gpxtpx:cad>55</gpxtpx:cad>
            <gpxtpx:atemp>300.15</gpxtpx:atemp>
          </gpxtpx:TrackPointExtension>
        </extensions>
      </trkpt>
      <trkpt lat="30.536644" lon="34.955806">
        <ele>413.2</ele>
        <time>2026-03-31T08:38:49.000Z</time>
        <extensions>
          <gpxtpx:TrackPointExtension>
            <gpxtpx:hr>111</gpxtpx:hr>
            <gpxtpx:cad>59</gpxtpx:cad>
            <gpxtpx:atemp>300.15</gpxtpx:atemp>
          </gpxtpx:TrackPointExtension>
        </extensions>
      </trkpt>
      <trkpt lat="30.536678" lon="34.955803">
        <ele>411.4</ele>
        <time>2026-03-31T08:38:51.000Z</time>
        <extensions>
          <gpxtpx:TrackPointExtension>
            <gpxtpx:hr>111</gpxtpx:hr>
            <gpxtpx:cad>58</gpxtpx:cad>
            <gpxtpx:atemp>300.15</gpxtpx:atemp>
          </gpxtpx:TrackPointExtension>
        </extensions>
      </trkpt>
      <trkpt lat="30.536752" lon="34.955734">
        <ele>409.8</ele>
        <time>2026-03-31T08:39:00.000Z</time>
        <extensions>
          <gpxtpx:TrackPointExtension>
            <gpxtpx:hr>109</gpxtpx:hr>
            <gpxtpx:cad>64</gpxtpx:cad>
            <gpxtpx:atemp>300.15</gpxtpx:atemp>
          </gpxtpx:TrackPointExtension>
        </extensions>
      </trkpt>
      <trkpt lat="30.536843" lon="34.955667">
        <ele>406.8</ele>
        <time>2026-03-31T08:39:08.000Z</time>
        <extensions>
          <gpxtpx:TrackPointExtension>
            <gpxtpx:hr>107</gpxtpx:hr>
            <gpxtpx:cad>67</gpxtpx:cad>
            <gpxtpx:atemp>300.15</gpxtpx:atemp>
          </gpxtpx:TrackPointExtension>
        </extensions>
      </trkpt>
      <trkpt lat="30.536949" lon="34.955492">
        <ele>406.1</ele>
        <time>2026-03-31T08:39:22.000Z</time>
        <extensions>
          <gpxtpx:TrackPointExtension>
            <gpxtpx:hr>108</gpxtpx:hr>
            <gpxtpx:cad>0</gpxtpx:cad>
            <gpxtpx:atemp>300.15</gpxtpx:atemp>
          </gpxtpx:TrackPointExtension>
        </extensions>
      </trkpt>
      <trkpt lat="30.536989" lon="34.955364">
        <ele>407.6</ele>
        <time>2026-03-31T08:39:29.000Z</time>
        <extensions>
          <gpxtpx:TrackPointExtension>
            <gpxtpx:hr>106</gpxtpx:hr>
            <gpxtpx:cad>69</gpxtpx:cad>
            <gpxtpx:atemp>300.15</gpxtpx:atemp>
          </gpxtpx:TrackPointExtension>
        </extensions>
      </trkpt>
      <trkpt lat="30.536976" lon="34.955308">
        <ele>410.4</ele>
        <time>2026-03-31T08:39:35.000Z</time>
        <extensions>
          <gpxtpx:TrackPointExtension>
            <gpxtpx:hr>104</gpxtpx:hr>
            <gpxtpx:cad>71</gpxtpx:cad>
            <gpxtpx:atemp>300.15</gpxtpx:atemp>
          </gpxtpx:TrackPointExtension>
        </extensions>
      </trkpt>
      <trkpt lat="30.536886" lon="34.955174">
        <ele>421.7</ele>
        <time>2026-03-31T08:39:44.000Z</time>
        <extensions>
          <gpxtpx:TrackPointExtension>
            <gpxtpx:hr>106</gpxtpx:hr>
            <gpxtpx:cad>50</gpxtpx:cad>
            <gpxtpx:atemp>300.15</gpxtpx:atemp>
          </gpxtpx:TrackPointExtension>
        </extensions>
      </trkpt>
      <trkpt lat="30.536816" lon="34.955103">
        <ele>429.5</ele>
        <time>2026-03-31T08:39:52.000Z</time>
        <extensions>
          <gpxtpx:TrackPointExtension>
            <gpxtpx:hr>106</gpxtpx:hr>
            <gpxtpx:cad>0</gpxtpx:cad>
            <gpxtpx:atemp>300.15</gpxtpx:atemp>
          </gpxtpx:TrackPointExtension>
        </extensions>
      </trkpt>
      <trkpt lat="30.536794" lon="34.955037">
        <ele>433.4</ele>
        <time>2026-03-31T08:40:02.000Z</time>
        <extensions>
          <gpxtpx:TrackPointExtension>
            <gpxtpx:hr>116</gpxtpx:hr>
            <gpxtpx:cad>0</gpxtpx:cad>
            <gpxtpx:atemp>300.15</gpxtpx:atemp>
          </gpxtpx:TrackPointExtension>
        </extensions>
      </trkpt>
      <trkpt lat="30.536757" lon="34.954981">
        <ele>438.0</ele>
        <time>2026-03-31T08:40:25.000Z</time>
        <extensions>
          <gpxtpx:TrackPointExtension>
            <gpxtpx:hr>121</gpxtpx:hr>
            <gpxtpx:cad>0</gpxtpx:cad>
            <gpxtpx:atemp>300.15</gpxtpx:atemp>
          </gpxtpx:TrackPointExtension>
        </extensions>
      </trkpt>
      <trkpt lat="30.536784" lon="34.954904">
        <ele>438.9</ele>
        <time>2026-03-31T08:40:36.000Z</time>
        <extensions>
          <gpxtpx:TrackPointExtension>
            <gpxtpx:hr>123</gpxtpx:hr>
            <gpxtpx:cad>0</gpxtpx:cad>
            <gpxtpx:atemp>300.15</gpxtpx:atemp>
          </gpxtpx:TrackPointExtension>
        </extensions>
      </trkpt>
      <trkpt lat="30.536832" lon="34.954892">
        <ele>435.9</ele>
        <time>2026-03-31T08:40:46.000Z</time>
        <extensions>
          <gpxtpx:TrackPointExtension>
            <gpxtpx:hr>123</gpxtpx:hr>
            <gpxtpx:cad>0</gpxtpx:cad>
            <gpxtpx:atemp>299.15</gpxtpx:atemp>
          </gpxtpx:TrackPointExtension>
        </extensions>
      </trkpt>
      <trkpt lat="30.536963" lon="34.954796">
        <ele>429.9</ele>
        <time>2026-03-31T08:41:01.000Z</time>
        <extensions>
          <gpxtpx:TrackPointExtension>
            <gpxtpx:hr>130</gpxtpx:hr>
            <gpxtpx:cad>60</gpxtpx:cad>
            <gpxtpx:atemp>300.15</gpxtpx:atemp>
          </gpxtpx:TrackPointExtension>
        </extensions>
      </trkpt>
      <trkpt lat="30.537032" lon="34.954779">
        <ele>425.6</ele>
        <time>2026-03-31T08:41:07.000Z</time>
        <extensions>
          <gpxtpx:TrackPointExtension>
            <gpxtpx:hr>129</gpxtpx:hr>
            <gpxtpx:cad>59</gpxtpx:cad>
            <gpxtpx:atemp>300.15</gpxtpx:atemp>
          </gpxtpx:TrackPointExtension>
        </extensions>
      </trkpt>
      <trkpt lat="30.537088" lon="34.954750">
        <ele>422.9</ele>
        <time>2026-03-31T08:41:11.000Z</time>
        <extensions>
          <gpxtpx:TrackPointExtension>
            <gpxtpx:hr>129</gpxtpx:hr>
            <gpxtpx:cad>58</gpxtpx:cad>
            <gpxtpx:atemp>300.15</gpxtpx:atemp>
          </gpxtpx:TrackPointExtension>
        </extensions>
      </trkpt>
      <trkpt lat="30.537135" lon="34.954711">
        <ele>421.5</ele>
        <time>2026-03-31T08:41:16.000Z</time>
        <extensions>
          <gpxtpx:TrackPointExtension>
            <gpxtpx:hr>129</gpxtpx:hr>
            <gpxtpx:cad>52</gpxtpx:cad>
            <gpxtpx:atemp>300.15</gpxtpx:atemp>
          </gpxtpx:TrackPointExtension>
        </extensions>
      </trkpt>
      <trkpt lat="30.537299" lon="34.954652">
        <ele>413.4</ele>
        <time>2026-03-31T08:41:29.000Z</time>
        <extensions>
          <gpxtpx:TrackPointExtension>
            <gpxtpx:hr>130</gpxtpx:hr>
            <gpxtpx:cad>65</gpxtpx:cad>
            <gpxtpx:atemp>299.15</gpxtpx:atemp>
          </gpxtpx:TrackPointExtension>
        </extensions>
      </trkpt>
      <trkpt lat="30.537311" lon="34.954652">
        <ele>412.6</ele>
        <time>2026-03-31T08:41:30.000Z</time>
        <extensions>
          <gpxtpx:TrackPointExtension>
            <gpxtpx:hr>130</gpxtpx:hr>
            <gpxtpx:cad>62</gpxtpx:cad>
            <gpxtpx:atemp>299.15</gpxtpx:atemp>
          </gpxtpx:TrackPointExtension>
        </extensions>
      </trkpt>
      <trkpt lat="30.537505" lon="34.954605">
        <ele>404.0</ele>
        <time>2026-03-31T08:41:45.000Z</time>
        <extensions>
          <gpxtpx:TrackPointExtension>
            <gpxtpx:hr>132</gpxtpx:hr>
            <gpxtpx:cad>64</gpxtpx:cad>
            <gpxtpx:atemp>299.15</gpxtpx:atemp>
          </gpxtpx:TrackPointExtension>
        </extensions>
      </trkpt>
      <trkpt lat="30.537569" lon="34.954546">
        <ele>404.4</ele>
        <time>2026-03-31T08:41:51.000Z</time>
        <extensions>
          <gpxtpx:TrackPointExtension>
            <gpxtpx:hr>131</gpxtpx:hr>
            <gpxtpx:cad>75</gpxtpx:cad>
            <gpxtpx:atemp>299.15</gpxtpx:atemp>
          </gpxtpx:TrackPointExtension>
        </extensions>
      </trkpt>
      <trkpt lat="30.537607" lon="34.954536">
        <ele>403.1</ele>
        <time>2026-03-31T08:41:53.000Z</time>
        <extensions>
          <gpxtpx:TrackPointExtension>
            <gpxtpx:hr>132</gpxtpx:hr>
            <gpxtpx:cad>75</gpxtpx:cad>
            <gpxtpx:atemp>299.15</gpxtpx:atemp>
          </gpxtpx:TrackPointExtension>
        </extensions>
      </trkpt>
      <trkpt lat="30.537655" lon="34.954477">
        <ele>404.9</ele>
        <time>2026-03-31T08:41:58.000Z</time>
        <extensions>
          <gpxtpx:TrackPointExtension>
            <gpxtpx:hr>134</gpxtpx:hr>
            <gpxtpx:cad>69</gpxtpx:cad>
            <gpxtpx:atemp>299.15</gpxtpx:atemp>
          </gpxtpx:TrackPointExtension>
        </extensions>
      </trkpt>
      <trkpt lat="30.537795" lon="34.954325">
        <ele>409.3</ele>
        <time>2026-03-31T08:42:10.000Z</time>
        <extensions>
          <gpxtpx:TrackPointExtension>
            <gpxtpx:hr>137</gpxtpx:hr>
            <gpxtpx:cad>58</gpxtpx:cad>
            <gpxtpx:atemp>299.15</gpxtpx:atemp>
          </gpxtpx:TrackPointExtension>
        </extensions>
      </trkpt>
      <trkpt lat="30.537911" lon="34.954134">
        <ele>418.8</ele>
        <time>2026-03-31T08:42:24.000Z</time>
        <extensions>
          <gpxtpx:TrackPointExtension>
            <gpxtpx:hr>135</gpxtpx:hr>
            <gpxtpx:cad>0</gpxtpx:cad>
            <gpxtpx:atemp>299.15</gpxtpx:atemp>
          </gpxtpx:TrackPointExtension>
        </extensions>
      </trkpt>
      <trkpt lat="30.537932" lon="34.954119">
        <ele>419.1</ele>
        <time>2026-03-31T08:42:27.000Z</time>
        <extensions>
          <gpxtpx:TrackPointExtension>
            <gpxtpx:hr>137</gpxtpx:hr>
            <gpxtpx:cad>0</gpxtpx:cad>
            <gpxtpx:atemp>299.15</gpxtpx:atemp>
          </gpxtpx:TrackPointExtension>
        </extensions>
      </trkpt>
      <trkpt lat="30.537993" lon="34.954043">
        <ele>422.5</ele>
        <time>2026-03-31T08:42:33.000Z</time>
        <extensions>
          <gpxtpx:TrackPointExtension>
            <gpxtpx:hr>137</gpxtpx:hr>
            <gpxtpx:cad>76</gpxtpx:cad>
            <gpxtpx:atemp>299.15</gpxtpx:atemp>
          </gpxtpx:TrackPointExtension>
        </extensions>
      </trkpt>
      <trkpt lat="30.538128" lon="34.954024">
        <ele>418.1</ele>
        <time>2026-03-31T08:42:41.000Z</time>
        <extensions>
          <gpxtpx:TrackPointExtension>
            <gpxtpx:hr>137</gpxtpx:hr>
            <gpxtpx:cad>61</gpxtpx:cad>
            <gpxtpx:atemp>299.15</gpxtpx:atemp>
          </gpxtpx:TrackPointExtension>
        </extensions>
      </trkpt>
      <trkpt lat="30.538220" lon="34.953985">
        <ele>416.7</ele>
        <time>2026-03-31T08:42:48.000Z</time>
        <extensions>
          <gpxtpx:TrackPointExtension>
            <gpxtpx:hr>137</gpxtpx:hr>
            <gpxtpx:cad>0</gpxtpx:cad>
            <gpxtpx:atemp>299.15</gpxtpx:atemp>
          </gpxtpx:TrackPointExtension>
        </extensions>
      </trkpt>
      <trkpt lat="30.538367" lon="34.953902">
        <ele>415.3</ele>
        <time>2026-03-31T08:43:00.000Z</time>
        <extensions>
          <gpxtpx:TrackPointExtension>
            <gpxtpx:hr>135</gpxtpx:hr>
            <gpxtpx:cad>0</gpxtpx:cad>
            <gpxtpx:atemp>299.15</gpxtpx:atemp>
          </gpxtpx:TrackPointExtension>
        </extensions>
      </trkpt>
      <trkpt lat="30.538413" lon="34.953893">
        <ele>413.6</ele>
        <time>2026-03-31T08:43:03.000Z</time>
        <extensions>
          <gpxtpx:TrackPointExtension>
            <gpxtpx:hr>135</gpxtpx:hr>
            <gpxtpx:cad>0</gpxtpx:cad>
            <gpxtpx:atemp>299.15</gpxtpx:atemp>
          </gpxtpx:TrackPointExtension>
        </extensions>
      </trkpt>
      <trkpt lat="30.538466" lon="34.953868">
        <ele>412.7</ele>
        <time>2026-03-31T08:43:06.000Z</time>
        <extensions>
          <gpxtpx:TrackPointExtension>
            <gpxtpx:hr>134</gpxtpx:hr>
            <gpxtpx:cad>59</gpxtpx:cad>
            <gpxtpx:atemp>299.15</gpxtpx:atemp>
          </gpxtpx:TrackPointExtension>
        </extensions>
      </trkpt>
      <trkpt lat="30.538555" lon="34.953794">
        <ele>413.4</ele>
        <time>2026-03-31T08:43:14.000Z</time>
        <extensions>
          <gpxtpx:TrackPointExtension>
            <gpxtpx:hr>132</gpxtpx:hr>
            <gpxtpx:cad>0</gpxtpx:cad>
            <gpxtpx:atemp>299.15</gpxtpx:atemp>
          </gpxtpx:TrackPointExtension>
        </extensions>
      </trkpt>
      <trkpt lat="30.538636" lon="34.953783">
        <ele>410.4</ele>
        <time>2026-03-31T08:43:19.000Z</time>
        <extensions>
          <gpxtpx:TrackPointExtension>
            <gpxtpx:hr>131</gpxtpx:hr>
            <gpxtpx:cad>65</gpxtpx:cad>
            <gpxtpx:atemp>299.15</gpxtpx:atemp>
          </gpxtpx:TrackPointExtension>
        </extensions>
      </trkpt>
      <trkpt lat="30.538693" lon="34.953801">
        <ele>406.8</ele>
        <time>2026-03-31T08:43:23.000Z</time>
        <extensions>
          <gpxtpx:TrackPointExtension>
            <gpxtpx:hr>131</gpxtpx:hr>
            <gpxtpx:cad>66</gpxtpx:cad>
            <gpxtpx:atemp>299.15</gpxtpx:atemp>
          </gpxtpx:TrackPointExtension>
        </extensions>
      </trkpt>
      <trkpt lat="30.538751" lon="34.953789">
        <ele>404.9</ele>
        <time>2026-03-31T08:43:27.000Z</time>
        <extensions>
          <gpxtpx:TrackPointExtension>
            <gpxtpx:hr>131</gpxtpx:hr>
            <gpxtpx:cad>67</gpxtpx:cad>
            <gpxtpx:atemp>299.15</gpxtpx:atemp>
          </gpxtpx:TrackPointExtension>
        </extensions>
      </trkpt>
      <trkpt lat="30.538918" lon="34.953709">
        <ele>404.0</ele>
        <time>2026-03-31T08:43:39.000Z</time>
        <extensions>
          <gpxtpx:TrackPointExtension>
            <gpxtpx:hr>132</gpxtpx:hr>
            <gpxtpx:cad>75</gpxtpx:cad>
            <gpxtpx:atemp>299.15</gpxtpx:atemp>
          </gpxtpx:TrackPointExtension>
        </extensions>
      </trkpt>
      <trkpt lat="30.539020" lon="34.953710">
        <ele>400.8</ele>
        <time>2026-03-31T08:43:47.000Z</time>
        <extensions>
          <gpxtpx:TrackPointExtension>
            <gpxtpx:hr>133</gpxtpx:hr>
            <gpxtpx:cad>75</gpxtpx:cad>
            <gpxtpx:atemp>299.15</gpxtpx:atemp>
          </gpxtpx:TrackPointExtension>
        </extensions>
      </trkpt>
      <trkpt lat="30.539198" lon="34.953628">
        <ele>400.3</ele>
        <time>2026-03-31T08:43:58.000Z</time>
        <extensions>
          <gpxtpx:TrackPointExtension>
            <gpxtpx:hr>138</gpxtpx:hr>
            <gpxtpx:cad>75</gpxtpx:cad>
            <gpxtpx:atemp>299.15</gpxtpx:atemp>
          </gpxtpx:TrackPointExtension>
        </extensions>
      </trkpt>
      <trkpt lat="30.539259" lon="34.953610">
        <ele>399.5</ele>
        <time>2026-03-31T08:44:02.000Z</time>
        <extensions>
          <gpxtpx:TrackPointExtension>
            <gpxtpx:hr>140</gpxtpx:hr>
            <gpxtpx:cad>75</gpxtpx:cad>
            <gpxtpx:atemp>299.15</gpxtpx:atemp>
          </gpxtpx:TrackPointExtension>
        </extensions>
      </trkpt>
      <trkpt lat="30.539338" lon="34.953561">
        <ele>399.3</ele>
        <time>2026-03-31T08:44:07.000Z</time>
        <extensions>
          <gpxtpx:TrackPointExtension>
            <gpxtpx:hr>141</gpxtpx:hr>
            <gpxtpx:cad>59</gpxtpx:cad>
            <gpxtpx:atemp>299.15</gpxtpx:atemp>
          </gpxtpx:TrackPointExtension>
        </extensions>
      </trkpt>
      <trkpt lat="30.539391" lon="34.953482">
        <ele>400.2</ele>
        <time>2026-03-31T08:44:14.000Z</time>
        <extensions>
          <gpxtpx:TrackPointExtension>
            <gpxtpx:hr>138</gpxtpx:hr>
            <gpxtpx:cad>76</gpxtpx:cad>
            <gpxtpx:atemp>299.15</gpxtpx:atemp>
          </gpxtpx:TrackPointExtension>
        </extensions>
      </trkpt>
      <trkpt lat="30.539405" lon="34.953396">
        <ele>401.2</ele>
        <time>2026-03-31T08:44:18.000Z</time>
        <extensions>
          <gpxtpx:TrackPointExtension>
            <gpxtpx:hr>132</gpxtpx:hr>
            <gpxtpx:cad>73</gpxtpx:cad>
            <gpxtpx:atemp>299.15</gpxtpx:atemp>
          </gpxtpx:TrackPointExtension>
        </extensions>
      </trkpt>
      <trkpt lat="30.539394" lon="34.953205">
        <ele>404.0</ele>
        <time>2026-03-31T08:44:27.000Z</time>
        <extensions>
          <gpxtpx:TrackPointExtension>
            <gpxtpx:hr>134</gpxtpx:hr>
            <gpxtpx:cad>74</gpxtpx:cad>
            <gpxtpx:atemp>299.15</gpxtpx:atemp>
          </gpxtpx:TrackPointExtension>
        </extensions>
      </trkpt>
      <trkpt lat="30.539385" lon="34.953161">
        <ele>404.7</ele>
        <time>2026-03-31T08:44:30.000Z</time>
        <extensions>
          <gpxtpx:TrackPointExtension>
            <gpxtpx:hr>133</gpxtpx:hr>
            <gpxtpx:cad>74</gpxtpx:cad>
            <gpxtpx:atemp>299.15</gpxtpx:atemp>
          </gpxtpx:TrackPointExtension>
        </extensions>
      </trkpt>
      <trkpt lat="30.539348" lon="34.952915">
        <ele>408.9</ele>
        <time>2026-03-31T08:44:42.000Z</time>
        <extensions>
          <gpxtpx:TrackPointExtension>
            <gpxtpx:hr>130</gpxtpx:hr>
            <gpxtpx:cad>0</gpxtpx:cad>
            <gpxtpx:atemp>299.15</gpxtpx:atemp>
          </gpxtpx:TrackPointExtension>
        </extensions>
      </trkpt>
      <trkpt lat="30.539283" lon="34.952723">
        <ele>412.3</ele>
        <time>2026-03-31T08:44:54.000Z</time>
        <extensions>
          <gpxtpx:TrackPointExtension>
            <gpxtpx:hr>132</gpxtpx:hr>
            <gpxtpx:cad>75</gpxtpx:cad>
            <gpxtpx:atemp>299.15</gpxtpx:atemp>
          </gpxtpx:TrackPointExtension>
        </extensions>
      </trkpt>
      <trkpt lat="30.539264" lon="34.952643">
        <ele>413.6</ele>
        <time>2026-03-31T08:44:58.000Z</time>
        <extensions>
          <gpxtpx:TrackPointExtension>
            <gpxtpx:hr>132</gpxtpx:hr>
            <gpxtpx:cad>70</gpxtpx:cad>
            <gpxtpx:atemp>299.15</gpxtpx:atemp>
          </gpxtpx:TrackPointExtension>
        </extensions>
      </trkpt>
      <trkpt lat="30.539211" lon="34.952501">
        <ele>416.2</ele>
        <time>2026-03-31T08:45:06.000Z</time>
        <extensions>
          <gpxtpx:TrackPointExtension>
            <gpxtpx:hr>132</gpxtpx:hr>
            <gpxtpx:cad>77</gpxtpx:cad>
            <gpxtpx:atemp>299.15</gpxtpx:atemp>
          </gpxtpx:TrackPointExtension>
        </extensions>
      </trkpt>
      <trkpt lat="30.539152" lon="34.952405">
        <ele>418.9</ele>
        <time>2026-03-31T08:45:12.000Z</time>
        <extensions>
          <gpxtpx:TrackPointExtension>
            <gpxtpx:hr>134</gpxtpx:hr>
            <gpxtpx:cad>75</gpxtpx:cad>
            <gpxtpx:atemp>299.15</gpxtpx:atemp>
          </gpxtpx:TrackPointExtension>
        </extensions>
      </trkpt>
      <trkpt lat="30.539066" lon="34.952291">
        <ele>422.0</ele>
        <time>2026-03-31T08:45:19.000Z</time>
        <extensions>
          <gpxtpx:TrackPointExtension>
            <gpxtpx:hr>131</gpxtpx:hr>
            <gpxtpx:cad>76</gpxtpx:cad>
            <gpxtpx:atemp>299.15</gpxtpx:atemp>
          </gpxtpx:TrackPointExtension>
        </extensions>
      </trkpt>
      <trkpt lat="30.538973" lon="34.952155">
        <ele>425.3</ele>
        <time>2026-03-31T08:45:28.000Z</time>
        <extensions>
          <gpxtpx:TrackPointExtension>
            <gpxtpx:hr>128</gpxtpx:hr>
            <gpxtpx:cad>71</gpxtpx:cad>
            <gpxtpx:atemp>300.15</gpxtpx:atemp>
          </gpxtpx:TrackPointExtension>
        </extensions>
      </trkpt>
      <trkpt lat="30.538920" lon="34.952119">
        <ele>427.7</ele>
        <time>2026-03-31T08:45:32.000Z</time>
        <extensions>
          <gpxtpx:TrackPointExtension>
            <gpxtpx:hr>127</gpxtpx:hr>
            <gpxtpx:cad>72</gpxtpx:cad>
            <gpxtpx:atemp>300.15</gpxtpx:atemp>
          </gpxtpx:TrackPointExtension>
        </extensions>
      </trkpt>
      <trkpt lat="30.538893" lon="34.952090">
        <ele>428.8</ele>
        <time>2026-03-31T08:45:34.000Z</time>
        <extensions>
          <gpxtpx:TrackPointExtension>
            <gpxtpx:hr>127</gpxtpx:hr>
            <gpxtpx:cad>72</gpxtpx:cad>
            <gpxtpx:atemp>300.15</gpxtpx:atemp>
          </gpxtpx:TrackPointExtension>
        </extensions>
      </trkpt>
      <trkpt lat="30.538863" lon="34.952018">
        <ele>429.6</ele>
        <time>2026-03-31T08:45:38.000Z</time>
        <extensions>
          <gpxtpx:TrackPointExtension>
            <gpxtpx:hr>125</gpxtpx:hr>
            <gpxtpx:cad>70</gpxtpx:cad>
            <gpxtpx:atemp>300.15</gpxtpx:atemp>
          </gpxtpx:TrackPointExtension>
        </extensions>
      </trkpt>
      <trkpt lat="30.538850" lon="34.951954">
        <ele>429.6</ele>
        <time>2026-03-31T08:45:41.000Z</time>
        <extensions>
          <gpxtpx:TrackPointExtension>
            <gpxtpx:hr>124</gpxtpx:hr>
            <gpxtpx:cad>72</gpxtpx:cad>
            <gpxtpx:atemp>300.15</gpxtpx:atemp>
          </gpxtpx:TrackPointExtension>
        </extensions>
      </trkpt>
      <trkpt lat="30.538821" lon="34.951900">
        <ele>430.4</ele>
        <time>2026-03-31T08:45:44.000Z</time>
        <extensions>
          <gpxtpx:TrackPointExtension>
            <gpxtpx:hr>125</gpxtpx:hr>
            <gpxtpx:cad>72</gpxtpx:cad>
            <gpxtpx:atemp>300.15</gpxtpx:atemp>
          </gpxtpx:TrackPointExtension>
        </extensions>
      </trkpt>
      <trkpt lat="30.538777" lon="34.951762">
        <ele>431.2</ele>
        <time>2026-03-31T08:45:51.000Z</time>
        <extensions>
          <gpxtpx:TrackPointExtension>
            <gpxtpx:hr>124</gpxtpx:hr>
            <gpxtpx:cad>77</gpxtpx:cad>
            <gpxtpx:atemp>300.15</gpxtpx:atemp>
          </gpxtpx:TrackPointExtension>
        </extensions>
      </trkpt>
      <trkpt lat="30.538760" lon="34.951657">
        <ele>430.9</ele>
        <time>2026-03-31T08:45:56.000Z</time>
        <extensions>
          <gpxtpx:TrackPointExtension>
            <gpxtpx:hr>119</gpxtpx:hr>
            <gpxtpx:cad>75</gpxtpx:cad>
            <gpxtpx:atemp>300.15</gpxtpx:atemp>
          </gpxtpx:TrackPointExtension>
        </extensions>
      </trkpt>
      <trkpt lat="30.538767" lon="34.951421">
        <ele>427.6</ele>
        <time>2026-03-31T08:46:06.000Z</time>
        <extensions>
          <gpxtpx:TrackPointExtension>
            <gpxtpx:hr>115</gpxtpx:hr>
            <gpxtpx:cad>0</gpxtpx:cad>
            <gpxtpx:atemp>299.15</gpxtpx:atemp>
          </gpxtpx:TrackPointExtension>
        </extensions>
      </trkpt>
      <trkpt lat="30.538748" lon="34.951273">
        <ele>426.4</ele>
        <time>2026-03-31T08:46:24.000Z</time>
        <extensions>
          <gpxtpx:TrackPointExtension>
            <gpxtpx:hr>127</gpxtpx:hr>
            <gpxtpx:cad>0</gpxtpx:cad>
            <gpxtpx:atemp>299.15</gpxtpx:atemp>
          </gpxtpx:TrackPointExtension>
        </extensions>
      </trkpt>
      <trkpt lat="30.538721" lon="34.951219">
        <ele>427.3</ele>
        <time>2026-03-31T08:46:28.000Z</time>
        <extensions>
          <gpxtpx:TrackPointExtension>
            <gpxtpx:hr>127</gpxtpx:hr>
            <gpxtpx:cad>0</gpxtpx:cad>
            <gpxtpx:atemp>299.15</gpxtpx:atemp>
          </gpxtpx:TrackPointExtension>
        </extensions>
      </trkpt>
      <trkpt lat="30.538670" lon="34.951206">
        <ele>430.1</ele>
        <time>2026-03-31T08:46:32.000Z</time>
        <extensions>
          <gpxtpx:TrackPointExtension>
            <gpxtpx:hr>129</gpxtpx:hr>
            <gpxtpx:cad>0</gpxtpx:cad>
            <gpxtpx:atemp>299.15</gpxtpx:atemp>
          </gpxtpx:TrackPointExtension>
        </extensions>
      </trkpt>
      <trkpt lat="30.538630" lon="34.951179">
        <ele>432.0</ele>
        <time>2026-03-31T08:46:36.000Z</time>
        <extensions>
          <gpxtpx:TrackPointExtension>
            <gpxtpx:hr>129</gpxtpx:hr>
            <gpxtpx:cad>0</gpxtpx:cad>
            <gpxtpx:atemp>300.15</gpxtpx:atemp>
          </gpxtpx:TrackPointExtension>
        </extensions>
      </trkpt>
      <trkpt lat="30.538623" lon="34.951148">
        <ele>432.0</ele>
        <time>2026-03-31T08:46:44.000Z</time>
        <extensions>
          <gpxtpx:TrackPointExtension>
            <gpxtpx:hr>138</gpxtpx:hr>
            <gpxtpx:cad>0</gpxtpx:cad>
            <gpxtpx:atemp>299.15</gpxtpx:atemp>
          </gpxtpx:TrackPointExtension>
        </extensions>
      </trkpt>
      <trkpt lat="30.538639" lon="34.950989">
        <ele>429.2</ele>
        <time>2026-03-31T08:46:56.000Z</time>
        <extensions>
          <gpxtpx:TrackPointExtension>
            <gpxtpx:hr>141</gpxtpx:hr>
            <gpxtpx:cad>74</gpxtpx:cad>
            <gpxtpx:atemp>299.15</gpxtpx:atemp>
          </gpxtpx:TrackPointExtension>
        </extensions>
      </trkpt>
      <trkpt lat="30.538671" lon="34.950908">
        <ele>426.3</ele>
        <time>2026-03-31T08:47:00.000Z</time>
        <extensions>
          <gpxtpx:TrackPointExtension>
            <gpxtpx:hr>141</gpxtpx:hr>
            <gpxtpx:cad>74</gpxtpx:cad>
            <gpxtpx:atemp>299.15</gpxtpx:atemp>
          </gpxtpx:TrackPointExtension>
        </extensions>
      </trkpt>
      <trkpt lat="30.538763" lon="34.950815">
        <ele>420.2</ele>
        <time>2026-03-31T08:47:07.000Z</time>
        <extensions>
          <gpxtpx:TrackPointExtension>
            <gpxtpx:hr>140</gpxtpx:hr>
            <gpxtpx:cad>76</gpxtpx:cad>
            <gpxtpx:atemp>299.15</gpxtpx:atemp>
          </gpxtpx:TrackPointExtension>
        </extensions>
      </trkpt>
      <trkpt lat="30.538811" lon="34.950714">
        <ele>416.6</ele>
        <time>2026-03-31T08:47:12.000Z</time>
        <extensions>
          <gpxtpx:TrackPointExtension>
            <gpxtpx:hr>140</gpxtpx:hr>
            <gpxtpx:cad>75</gpxtpx:cad>
            <gpxtpx:atemp>299.15</gpxtpx:atemp>
          </gpxtpx:TrackPointExtension>
        </extensions>
      </trkpt>
      <trkpt lat="30.538829" lon="34.950613">
        <ele>414.5</ele>
        <time>2026-03-31T08:47:17.000Z</time>
        <extensions>
          <gpxtpx:TrackPointExtension>
            <gpxtpx:hr>140</gpxtpx:hr>
            <gpxtpx:cad>75</gpxtpx:cad>
            <gpxtpx:atemp>299.15</gpxtpx:atemp>
          </gpxtpx:TrackPointExtension>
        </extensions>
      </trkpt>
      <trkpt lat="30.538889" lon="34.950469">
        <ele>410.1</ele>
        <time>2026-03-31T08:47:26.000Z</time>
        <extensions>
          <gpxtpx:TrackPointExtension>
            <gpxtpx:hr>142</gpxtpx:hr>
            <gpxtpx:cad>73</gpxtpx:cad>
            <gpxtpx:atemp>299.15</gpxtpx:atemp>
          </gpxtpx:TrackPointExtension>
        </extensions>
      </trkpt>
      <trkpt lat="30.538916" lon="34.950369">
        <ele>407.8</ele>
        <time>2026-03-31T08:47:31.000Z</time>
        <extensions>
          <gpxtpx:TrackPointExtension>
            <gpxtpx:hr>142</gpxtpx:hr>
            <gpxtpx:cad>0</gpxtpx:cad>
            <gpxtpx:atemp>299.15</gpxtpx:atemp>
          </gpxtpx:TrackPointExtension>
        </extensions>
      </trkpt>
      <trkpt lat="30.538950" lon="34.950199">
        <ele>404.5</ele>
        <time>2026-03-31T08:47:43.000Z</time>
        <extensions>
          <gpxtpx:TrackPointExtension>
            <gpxtpx:hr>145</gpxtpx:hr>
            <gpxtpx:cad>58</gpxtpx:cad>
            <gpxtpx:atemp>299.15</gpxtpx:atemp>
          </gpxtpx:TrackPointExtension>
        </extensions>
      </trkpt>
      <trkpt lat="30.538971" lon="34.950109">
        <ele>403.0</ele>
        <time>2026-03-31T08:47:49.000Z</time>
        <extensions>
          <gpxtpx:TrackPointExtension>
            <gpxtpx:hr>144</gpxtpx:hr>
            <gpxtpx:cad>0</gpxtpx:cad>
            <gpxtpx:atemp>299.15</gpxtpx:atemp>
          </gpxtpx:TrackPointExtension>
        </extensions>
      </trkpt>
      <trkpt lat="30.538995" lon="34.949899">
        <ele>402.1</ele>
        <time>2026-03-31T08:48:03.000Z</time>
        <extensions>
          <gpxtpx:TrackPointExtension>
            <gpxtpx:hr>143</gpxtpx:hr>
            <gpxtpx:cad>0</gpxtpx:cad>
            <gpxtpx:atemp>298.15</gpxtpx:atemp>
          </gpxtpx:TrackPointExtension>
        </extensions>
      </trkpt>
      <trkpt lat="30.539009" lon="34.949855">
        <ele>401.6</ele>
        <time>2026-03-31T08:48:06.000Z</time>
        <extensions>
          <gpxtpx:TrackPointExtension>
            <gpxtpx:hr>144</gpxtpx:hr>
            <gpxtpx:cad>72</gpxtpx:cad>
            <gpxtpx:atemp>298.15</gpxtpx:atemp>
          </gpxtpx:TrackPointExtension>
        </extensions>
      </trkpt>
      <trkpt lat="30.539002" lon="34.949783">
        <ele>401.8</ele>
        <time>2026-03-31T08:48:11.000Z</time>
        <extensions>
          <gpxtpx:TrackPointExtension>
            <gpxtpx:hr>146</gpxtpx:hr>
            <gpxtpx:cad>75</gpxtpx:cad>
            <gpxtpx:atemp>298.15</gpxtpx:atemp>
          </gpxtpx:TrackPointExtension>
        </extensions>
      </trkpt>
      <trkpt lat="30.539018" lon="34.949725">
        <ele>401.3</ele>
        <time>2026-03-31T08:48:14.000Z</time>
        <extensions>
          <gpxtpx:TrackPointExtension>
            <gpxtpx:hr>147</gpxtpx:hr>
            <gpxtpx:cad>75</gpxtpx:cad>
            <gpxtpx:atemp>298.15</gpxtpx:atemp>
          </gpxtpx:TrackPointExtension>
        </extensions>
      </trkpt>
      <trkpt lat="30.539074" lon="34.949596">
        <ele>400.3</ele>
        <time>2026-03-31T08:48:22.000Z</time>
        <extensions>
          <gpxtpx:TrackPointExtension>
            <gpxtpx:hr>148</gpxtpx:hr>
            <gpxtpx:cad>72</gpxtpx:cad>
            <gpxtpx:atemp>298.15</gpxtpx:atemp>
          </gpxtpx:TrackPointExtension>
        </extensions>
      </trkpt>
      <trkpt lat="30.539112" lon="34.949498">
        <ele>400.7</ele>
        <time>2026-03-31T08:48:27.000Z</time>
        <extensions>
          <gpxtpx:TrackPointExtension>
            <gpxtpx:hr>148</gpxtpx:hr>
            <gpxtpx:cad>70</gpxtpx:cad>
            <gpxtpx:atemp>298.15</gpxtpx:atemp>
          </gpxtpx:TrackPointExtension>
        </extensions>
      </trkpt>
      <trkpt lat="30.539118" lon="34.949461">
        <ele>401.0</ele>
        <time>2026-03-31T08:48:29.000Z</time>
        <extensions>
          <gpxtpx:TrackPointExtension>
            <gpxtpx:hr>148</gpxtpx:hr>
            <gpxtpx:cad>70</gpxtpx:cad>
            <gpxtpx:atemp>298.15</gpxtpx:atemp>
          </gpxtpx:TrackPointExtension>
        </extensions>
      </trkpt>
      <trkpt lat="30.539167" lon="34.949381">
        <ele>401.2</ele>
        <time>2026-03-31T08:48:34.000Z</time>
        <extensions>
          <gpxtpx:TrackPointExtension>
            <gpxtpx:hr>148</gpxtpx:hr>
            <gpxtpx:cad>68</gpxtpx:cad>
            <gpxtpx:atemp>298.15</gpxtpx:atemp>
          </gpxtpx:TrackPointExtension>
        </extensions>
      </trkpt>
      <trkpt lat="30.539168" lon="34.949302">
        <ele>402.0</ele>
        <time>2026-03-31T08:48:38.000Z</time>
        <extensions>
          <gpxtpx:TrackPointExtension>
            <gpxtpx:hr>148</gpxtpx:hr>
            <gpxtpx:cad>68</gpxtpx:cad>
            <gpxtpx:atemp>298.15</gpxtpx:atemp>
          </gpxtpx:TrackPointExtension>
        </extensions>
      </trkpt>
      <trkpt lat="30.539117" lon="34.949215">
        <ele>404.1</ele>
        <time>2026-03-31T08:48:45.000Z</time>
        <extensions>
          <gpxtpx:TrackPointExtension>
            <gpxtpx:hr>147</gpxtpx:hr>
            <gpxtpx:cad>66</gpxtpx:cad>
            <gpxtpx:atemp>298.15</gpxtpx:atemp>
          </gpxtpx:TrackPointExtension>
        </extensions>
      </trkpt>
      <trkpt lat="30.539000" lon="34.949077">
        <ele>407.8</ele>
        <time>2026-03-31T08:48:56.000Z</time>
        <extensions>
          <gpxtpx:TrackPointExtension>
            <gpxtpx:hr>143</gpxtpx:hr>
            <gpxtpx:cad>0</gpxtpx:cad>
            <gpxtpx:atemp>298.15</gpxtpx:atemp>
          </gpxtpx:TrackPointExtension>
        </extensions>
      </trkpt>
      <trkpt lat="30.538933" lon="34.949026">
        <ele>409.7</ele>
        <time>2026-03-31T08:49:01.000Z</time>
        <extensions>
          <gpxtpx:TrackPointExtension>
            <gpxtpx:hr>142</gpxtpx:hr>
            <gpxtpx:cad>54</gpxtpx:cad>
            <gpxtpx:atemp>298.15</gpxtpx:atemp>
          </gpxtpx:TrackPointExtension>
        </extensions>
      </trkpt>
      <trkpt lat="30.538882" lon="34.948944">
        <ele>412.3</ele>
        <time>2026-03-31T08:49:08.000Z</time>
        <extensions>
          <gpxtpx:TrackPointExtension>
            <gpxtpx:hr>137</gpxtpx:hr>
            <gpxtpx:cad>0</gpxtpx:cad>
            <gpxtpx:atemp>298.15</gpxtpx:atemp>
          </gpxtpx:TrackPointExtension>
        </extensions>
      </trkpt>
      <trkpt lat="30.538785" lon="34.948844">
        <ele>415.8</ele>
        <time>2026-03-31T08:49:19.000Z</time>
        <extensions>
          <gpxtpx:TrackPointExtension>
            <gpxtpx:hr>126</gpxtpx:hr>
            <gpxtpx:cad>0</gpxtpx:cad>
            <gpxtpx:atemp>298.15</gpxtpx:atemp>
          </gpxtpx:TrackPointExtension>
        </extensions>
      </trkpt>
      <trkpt lat="30.538697" lon="34.948678">
        <ele>420.7</ele>
        <time>2026-03-31T08:49:32.000Z</time>
        <extensions>
          <gpxtpx:TrackPointExtension>
            <gpxtpx:hr>124</gpxtpx:hr>
            <gpxtpx:cad>0</gpxtpx:cad>
            <gpxtpx:atemp>298.15</gpxtpx:atemp>
          </gpxtpx:TrackPointExtension>
        </extensions>
      </trkpt>
      <trkpt lat="30.538689" lon="34.948583">
        <ele>423.2</ele>
        <time>2026-03-31T08:49:39.000Z</time>
        <extensions>
          <gpxtpx:TrackPointExtension>
            <gpxtpx:hr>118</gpxtpx:hr>
            <gpxtpx:cad>0</gpxtpx:cad>
            <gpxtpx:atemp>298.15</gpxtpx:atemp>
          </gpxtpx:TrackPointExtension>
        </extensions>
      </trkpt>
      <trkpt lat="30.538717" lon="34.948538">
        <ele>423.8</ele>
        <time>2026-03-31T08:49:57.000Z</time>
        <extensions>
          <gpxtpx:TrackPointExtension>
            <gpxtpx:hr>112</gpxtpx:hr>
            <gpxtpx:cad>0</gpxtpx:cad>
            <gpxtpx:atemp>298.15</gpxtpx:atemp>
          </gpxtpx:TrackPointExtension>
        </extensions>
      </trkpt>
      <trkpt lat="30.538757" lon="34.948524">
        <ele>423.6</ele>
        <time>2026-03-31T08:50:01.000Z</time>
        <extensions>
          <gpxtpx:TrackPointExtension>
            <gpxtpx:hr>111</gpxtpx:hr>
            <gpxtpx:cad>0</gpxtpx:cad>
            <gpxtpx:atemp>298.15</gpxtpx:atemp>
          </gpxtpx:TrackPointExtension>
        </extensions>
      </trkpt>
      <trkpt lat="30.538799" lon="34.948461">
        <ele>425.0</ele>
        <time>2026-03-31T08:50:08.000Z</time>
        <extensions>
          <gpxtpx:TrackPointExtension>
            <gpxtpx:hr>111</gpxtpx:hr>
            <gpxtpx:cad>0</gpxtpx:cad>
            <gpxtpx:atemp>298.15</gpxtpx:atemp>
          </gpxtpx:TrackPointExtension>
        </extensions>
      </trkpt>
      <trkpt lat="30.538857" lon="34.948369">
        <ele>427.7</ele>
        <time>2026-03-31T08:50:19.000Z</time>
        <extensions>
          <gpxtpx:TrackPointExtension>
            <gpxtpx:hr>115</gpxtpx:hr>
            <gpxtpx:cad>50</gpxtpx:cad>
            <gpxtpx:atemp>298.15</gpxtpx:atemp>
          </gpxtpx:TrackPointExtension>
        </extensions>
      </trkpt>
      <trkpt lat="30.538922" lon="34.948310">
        <ele>429.4</ele>
        <time>2026-03-31T08:50:27.000Z</time>
        <extensions>
          <gpxtpx:TrackPointExtension>
            <gpxtpx:hr>118</gpxtpx:hr>
            <gpxtpx:cad>65</gpxtpx:cad>
            <gpxtpx:atemp>298.15</gpxtpx:atemp>
          </gpxtpx:TrackPointExtension>
        </extensions>
      </trkpt>
      <trkpt lat="30.539042" lon="34.948352">
        <ele>427.3</ele>
        <time>2026-03-31T08:50:43.000Z</time>
        <extensions>
          <gpxtpx:TrackPointExtension>
            <gpxtpx:hr>127</gpxtpx:hr>
            <gpxtpx:cad>58</gpxtpx:cad>
            <gpxtpx:atemp>298.15</gpxtpx:atemp>
          </gpxtpx:TrackPointExtension>
        </extensions>
      </trkpt>
      <trkpt lat="30.539110" lon="34.948428">
        <ele>424.1</ele>
        <time>2026-03-31T08:50:52.000Z</time>
        <extensions>
          <gpxtpx:TrackPointExtension>
            <gpxtpx:hr>129</gpxtpx:hr>
            <gpxtpx:cad>57</gpxtpx:cad>
            <gpxtpx:atemp>298.15</gpxtpx:atemp>
          </gpxtpx:TrackPointExtension>
        </extensions>
      </trkpt>
      <trkpt lat="30.539175" lon="34.948523">
        <ele>420.3</ele>
        <time>2026-03-31T08:50:59.000Z</time>
        <extensions>
          <gpxtpx:TrackPointExtension>
            <gpxtpx:hr>130</gpxtpx:hr>
            <gpxtpx:cad>0</gpxtpx:cad>
            <gpxtpx:atemp>298.15</gpxtpx:atemp>
          </gpxtpx:TrackPointExtension>
        </extensions>
      </trkpt>
      <trkpt lat="30.539219" lon="34.948550">
        <ele>419.1</ele>
        <time>2026-03-31T08:51:04.000Z</time>
        <extensions>
          <gpxtpx:TrackPointExtension>
            <gpxtpx:hr>131</gpxtpx:hr>
            <gpxtpx:cad>55</gpxtpx:cad>
            <gpxtpx:atemp>298.15</gpxtpx:atemp>
          </gpxtpx:TrackPointExtension>
        </extensions>
      </trkpt>
      <trkpt lat="30.539293" lon="34.948567">
        <ele>418.0</ele>
        <time>2026-03-31T08:51:10.000Z</time>
        <extensions>
          <gpxtpx:TrackPointExtension>
            <gpxtpx:hr>130</gpxtpx:hr>
            <gpxtpx:cad>62</gpxtpx:cad>
            <gpxtpx:atemp>298.15</gpxtpx:atemp>
          </gpxtpx:TrackPointExtension>
        </extensions>
      </trkpt>
      <trkpt lat="30.539444" lon="34.948627">
        <ele>415.5</ele>
        <time>2026-03-31T08:51:21.000Z</time>
        <extensions>
          <gpxtpx:TrackPointExtension>
            <gpxtpx:hr>134</gpxtpx:hr>
            <gpxtpx:cad>61</gpxtpx:cad>
            <gpxtpx:atemp>298.15</gpxtpx:atemp>
          </gpxtpx:TrackPointExtension>
        </extensions>
      </trkpt>
      <trkpt lat="30.539472" lon="34.948634">
        <ele>415.2</ele>
        <time>2026-03-31T08:51:23.000Z</time>
        <extensions>
          <gpxtpx:TrackPointExtension>
            <gpxtpx:hr>133</gpxtpx:hr>
            <gpxtpx:cad>61</gpxtpx:cad>
            <gpxtpx:atemp>298.15</gpxtpx:atemp>
          </gpxtpx:TrackPointExtension>
        </extensions>
      </trkpt>
      <trkpt lat="30.539617" lon="34.948712">
        <ele>412.4</ele>
        <time>2026-03-31T08:51:33.000Z</time>
        <extensions>
          <gpxtpx:TrackPointExtension>
            <gpxtpx:hr>130</gpxtpx:hr>
            <gpxtpx:cad>66</gpxtpx:cad>
            <gpxtpx:atemp>299.15</gpxtpx:atemp>
          </gpxtpx:TrackPointExtension>
        </extensions>
      </trkpt>
      <trkpt lat="30.539656" lon="34.948764">
        <ele>411.2</ele>
        <time>2026-03-31T08:51:37.000Z</time>
        <extensions>
          <gpxtpx:TrackPointExtension>
            <gpxtpx:hr>129</gpxtpx:hr>
            <gpxtpx:cad>0</gpxtpx:cad>
            <gpxtpx:atemp>299.15</gpxtpx:atemp>
          </gpxtpx:TrackPointExtension>
        </extensions>
      </trkpt>
      <trkpt lat="30.539729" lon="34.948850">
        <ele>410.1</ele>
        <time>2026-03-31T08:51:45.000Z</time>
        <extensions>
          <gpxtpx:TrackPointExtension>
            <gpxtpx:hr>127</gpxtpx:hr>
            <gpxtpx:cad>0</gpxtpx:cad>
            <gpxtpx:atemp>299.15</gpxtpx:atemp>
          </gpxtpx:TrackPointExtension>
        </extensions>
      </trkpt>
      <trkpt lat="30.539809" lon="34.948884">
        <ele>410.4</ele>
        <time>2026-03-31T08:51:53.000Z</time>
        <extensions>
          <gpxtpx:TrackPointExtension>
            <gpxtpx:hr>125</gpxtpx:hr>
            <gpxtpx:cad>48</gpxtpx:cad>
            <gpxtpx:atemp>299.15</gpxtpx:atemp>
          </gpxtpx:TrackPointExtension>
        </extensions>
      </trkpt>
      <trkpt lat="30.539848" lon="34.948890">
        <ele>410.8</ele>
        <time>2026-03-31T08:51:57.000Z</time>
        <extensions>
          <gpxtpx:TrackPointExtension>
            <gpxtpx:hr>125</gpxtpx:hr>
            <gpxtpx:cad>48</gpxtpx:cad>
            <gpxtpx:atemp>299.15</gpxtpx:atemp>
          </gpxtpx:TrackPointExtension>
        </extensions>
      </trkpt>
      <trkpt lat="30.539904" lon="34.948882">
        <ele>412.2</ele>
        <time>2026-03-31T08:52:03.000Z</time>
        <extensions>
          <gpxtpx:TrackPointExtension>
            <gpxtpx:hr>125</gpxtpx:hr>
            <gpxtpx:cad>41</gpxtpx:cad>
            <gpxtpx:atemp>299.15</gpxtpx:atemp>
          </gpxtpx:TrackPointExtension>
        </extensions>
      </trkpt>
      <trkpt lat="30.539950" lon="34.948852">
        <ele>413.6</ele>
        <time>2026-03-31T08:52:10.000Z</time>
        <extensions>
          <gpxtpx:TrackPointExtension>
            <gpxtpx:hr>130</gpxtpx:hr>
            <gpxtpx:cad>42</gpxtpx:cad>
            <gpxtpx:atemp>299.15</gpxtpx:atemp>
          </gpxtpx:TrackPointExtension>
        </extensions>
      </trkpt>
      <trkpt lat="30.540006" lon="34.948838">
        <ele>415.0</ele>
        <time>2026-03-31T08:52:16.000Z</time>
        <extensions>
          <gpxtpx:TrackPointExtension>
            <gpxtpx:hr>130</gpxtpx:hr>
            <gpxtpx:cad>0</gpxtpx:cad>
            <gpxtpx:atemp>298.15</gpxtpx:atemp>
          </gpxtpx:TrackPointExtension>
        </extensions>
      </trkpt>
      <trkpt lat="30.540035" lon="34.948808">
        <ele>415.8</ele>
        <time>2026-03-31T08:52:20.000Z</time>
        <extensions>
          <gpxtpx:TrackPointExtension>
            <gpxtpx:hr>128</gpxtpx:hr>
            <gpxtpx:cad>0</gpxtpx:cad>
            <gpxtpx:atemp>298.15</gpxtpx:atemp>
          </gpxtpx:TrackPointExtension>
        </extensions>
      </trkpt>
      <trkpt lat="30.540080" lon="34.948742">
        <ele>417.0</ele>
        <time>2026-03-31T08:52:29.000Z</time>
        <extensions>
          <gpxtpx:TrackPointExtension>
            <gpxtpx:hr>118</gpxtpx:hr>
            <gpxtpx:cad>48</gpxtpx:cad>
            <gpxtpx:atemp>298.15</gpxtpx:atemp>
          </gpxtpx:TrackPointExtension>
        </extensions>
      </trkpt>
      <trkpt lat="30.540112" lon="34.948712">
        <ele>418.0</ele>
        <time>2026-03-31T08:52:33.000Z</time>
        <extensions>
          <gpxtpx:TrackPointExtension>
            <gpxtpx:hr>114</gpxtpx:hr>
            <gpxtpx:cad>79</gpxtpx:cad>
            <gpxtpx:atemp>298.15</gpxtpx:atemp>
          </gpxtpx:TrackPointExtension>
        </extensions>
      </trkpt>
      <trkpt lat="30.540182" lon="34.948702">
        <ele>420.1</ele>
        <time>2026-03-31T08:52:41.000Z</time>
        <extensions>
          <gpxtpx:TrackPointExtension>
            <gpxtpx:hr>116</gpxtpx:hr>
            <gpxtpx:cad>75</gpxtpx:cad>
            <gpxtpx:atemp>299.15</gpxtpx:atemp>
          </gpxtpx:TrackPointExtension>
        </extensions>
      </trkpt>
      <trkpt lat="30.540224" lon="34.948735">
        <ele>421.5</ele>
        <time>2026-03-31T08:52:54.000Z</time>
        <extensions>
          <gpxtpx:TrackPointExtension>
            <gpxtpx:hr>104</gpxtpx:hr>
            <gpxtpx:cad>0</gpxtpx:cad>
            <gpxtpx:atemp>299.15</gpxtpx:atemp>
          </gpxtpx:TrackPointExtension>
        </extensions>
      </trkpt>
      <trkpt lat="30.540223" lon="34.948784">
        <ele>421.4</ele>
        <time>2026-03-31T08:53:02.000Z</time>
        <extensions>
          <gpxtpx:TrackPointExtension>
            <gpxtpx:hr>103</gpxtpx:hr>
            <gpxtpx:cad>0</gpxtpx:cad>
            <gpxtpx:atemp>299.15</gpxtpx:atemp>
          </gpxtpx:TrackPointExtension>
        </extensions>
      </trkpt>
      <trkpt lat="30.540229" lon="34.948763">
        <ele>421.6</ele>
        <time>2026-03-31T08:54:04.000Z</time>
        <extensions>
          <gpxtpx:TrackPointExtension>
            <gpxtpx:hr>126</gpxtpx:hr>
            <gpxtpx:cad>0</gpxtpx:cad>
            <gpxtpx:atemp>298.15</gpxtpx:atemp>
          </gpxtpx:TrackPointExtension>
        </extensions>
      </trkpt>
      <trkpt lat="30.540324" lon="34.948712">
        <ele>425.3</ele>
        <time>2026-03-31T08:54:26.000Z</time>
        <extensions>
          <gpxtpx:TrackPointExtension>
            <gpxtpx:hr>119</gpxtpx:hr>
            <gpxtpx:cad>44</gpxtpx:cad>
            <gpxtpx:atemp>299.15</gpxtpx:atemp>
          </gpxtpx:TrackPointExtension>
        </extensions>
      </trkpt>
      <trkpt lat="30.540357" lon="34.948561">
        <ele>426.0</ele>
        <time>2026-03-31T08:54:44.000Z</time>
        <extensions>
          <gpxtpx:TrackPointExtension>
            <gpxtpx:hr>116</gpxtpx:hr>
            <gpxtpx:cad>0</gpxtpx:cad>
            <gpxtpx:atemp>299.15</gpxtpx:atemp>
          </gpxtpx:TrackPointExtension>
        </extensions>
      </trkpt>
      <trkpt lat="30.540389" lon="34.948490">
        <ele>426.5</ele>
        <time>2026-03-31T08:54:57.000Z</time>
        <extensions>
          <gpxtpx:TrackPointExtension>
            <gpxtpx:hr>122</gpxtpx:hr>
            <gpxtpx:cad>0</gpxtpx:cad>
            <gpxtpx:atemp>299.15</gpxtpx:atemp>
          </gpxtpx:TrackPointExtension>
        </extensions>
      </trkpt>
      <trkpt lat="30.540399" lon="34.948411">
        <ele>426.5</ele>
        <time>2026-03-31T08:55:09.000Z</time>
        <extensions>
          <gpxtpx:TrackPointExtension>
            <gpxtpx:hr>123</gpxtpx:hr>
            <gpxtpx:cad>0</gpxtpx:cad>
            <gpxtpx:atemp>299.15</gpxtpx:atemp>
          </gpxtpx:TrackPointExtension>
        </extensions>
      </trkpt>
      <trkpt lat="30.540416" lon="34.948363">
        <ele>426.6</ele>
        <time>2026-03-31T08:55:15.000Z</time>
        <extensions>
          <gpxtpx:TrackPointExtension>
            <gpxtpx:hr>123</gpxtpx:hr>
            <gpxtpx:cad>0</gpxtpx:cad>
            <gpxtpx:atemp>299.15</gpxtpx:atemp>
          </gpxtpx:TrackPointExtension>
        </extensions>
      </trkpt>
      <trkpt lat="30.540403" lon="34.948285">
        <ele>426.2</ele>
        <time>2026-03-31T08:55:23.000Z</time>
        <extensions>
          <gpxtpx:TrackPointExtension>
            <gpxtpx:hr>122</gpxtpx:hr>
            <gpxtpx:cad>41</gpxtpx:cad>
            <gpxtpx:atemp>299.15</gpxtpx:atemp>
          </gpxtpx:TrackPointExtension>
        </extensions>
      </trkpt>
      <trkpt lat="30.540435" lon="34.948205">
        <ele>426.6</ele>
        <time>2026-03-31T08:55:34.000Z</time>
        <extensions>
          <gpxtpx:TrackPointExtension>
            <gpxtpx:hr>126</gpxtpx:hr>
            <gpxtpx:cad>0</gpxtpx:cad>
            <gpxtpx:atemp>299.15</gpxtpx:atemp>
          </gpxtpx:TrackPointExtension>
        </extensions>
      </trkpt>
      <trkpt lat="30.540403" lon="34.948139">
        <ele>426.1</ele>
        <time>2026-03-31T08:55:44.000Z</time>
        <extensions>
          <gpxtpx:TrackPointExtension>
            <gpxtpx:hr>127</gpxtpx:hr>
            <gpxtpx:cad>0</gpxtpx:cad>
            <gpxtpx:atemp>299.15</gpxtpx:atemp>
          </gpxtpx:TrackPointExtension>
        </extensions>
      </trkpt>
      <trkpt lat="30.540353" lon="34.948110">
        <ele>426.1</ele>
        <time>2026-03-31T08:55:54.000Z</time>
        <extensions>
          <gpxtpx:TrackPointExtension>
            <gpxtpx:hr>127</gpxtpx:hr>
            <gpxtpx:cad>54</gpxtpx:cad>
            <gpxtpx:atemp>299.15</gpxtpx:atemp>
          </gpxtpx:TrackPointExtension>
        </extensions>
      </trkpt>
      <trkpt lat="30.540344" lon="34.948008">
        <ele>426.7</ele>
        <time>2026-03-31T08:56:02.000Z</time>
        <extensions>
          <gpxtpx:TrackPointExtension>
            <gpxtpx:hr>125</gpxtpx:hr>
            <gpxtpx:cad>0</gpxtpx:cad>
            <gpxtpx:atemp>299.15</gpxtpx:atemp>
          </gpxtpx:TrackPointExtension>
        </extensions>
      </trkpt>
      <trkpt lat="30.540355" lon="34.947951">
        <ele>427.0</ele>
        <time>2026-03-31T08:56:07.000Z</time>
        <extensions>
          <gpxtpx:TrackPointExtension>
            <gpxtpx:hr>127</gpxtpx:hr>
            <gpxtpx:cad>0</gpxtpx:cad>
            <gpxtpx:atemp>300.15</gpxtpx:atemp>
          </gpxtpx:TrackPointExtension>
        </extensions>
      </trkpt>
      <trkpt lat="30.540344" lon="34.947900">
        <ele>427.4</ele>
        <time>2026-03-31T08:56:18.000Z</time>
        <extensions>
          <gpxtpx:TrackPointExtension>
            <gpxtpx:hr>131</gpxtpx:hr>
            <gpxtpx:cad>42</gpxtpx:cad>
            <gpxtpx:atemp>299.15</gpxtpx:atemp>
          </gpxtpx:TrackPointExtension>
        </extensions>
      </trkpt>
      <trkpt lat="30.540372" lon="34.947760">
        <ele>427.9</ele>
        <time>2026-03-31T08:56:33.000Z</time>
        <extensions>
          <gpxtpx:TrackPointExtension>
            <gpxtpx:hr>130</gpxtpx:hr>
            <gpxtpx:cad>0</gpxtpx:cad>
            <gpxtpx:atemp>299.15</gpxtpx:atemp>
          </gpxtpx:TrackPointExtension>
        </extensions>
      </trkpt>
      <trkpt lat="30.540376" lon="34.947707">
        <ele>428.1</ele>
        <time>2026-03-31T08:56:37.000Z</time>
        <extensions>
          <gpxtpx:TrackPointExtension>
            <gpxtpx:hr>129</gpxtpx:hr>
            <gpxtpx:cad>0</gpxtpx:cad>
            <gpxtpx:atemp>299.15</gpxtpx:atemp>
          </gpxtpx:TrackPointExtension>
        </extensions>
      </trkpt>
      <trkpt lat="30.540410" lon="34.947662">
        <ele>428.0</ele>
        <time>2026-03-31T08:56:42.000Z</time>
        <extensions>
          <gpxtpx:TrackPointExtension>
            <gpxtpx:hr>129</gpxtpx:hr>
            <gpxtpx:cad>0</gpxtpx:cad>
            <gpxtpx:atemp>299.15</gpxtpx:atemp>
          </gpxtpx:TrackPointExtension>
        </extensions>
      </trkpt>
      <trkpt lat="30.540387" lon="34.947588">
        <ele>428.3</ele>
        <time>2026-03-31T08:56:48.000Z</time>
        <extensions>
          <gpxtpx:TrackPointExtension>
            <gpxtpx:hr>128</gpxtpx:hr>
            <gpxtpx:cad>0</gpxtpx:cad>
            <gpxtpx:atemp>299.15</gpxtpx:atemp>
          </gpxtpx:TrackPointExtension>
        </extensions>
      </trkpt>
      <trkpt lat="30.540384" lon="34.947542">
        <ele>428.4</ele>
        <time>2026-03-31T08:56:52.000Z</time>
        <extensions>
          <gpxtpx:TrackPointExtension>
            <gpxtpx:hr>129</gpxtpx:hr>
            <gpxtpx:cad>0</gpxtpx:cad>
            <gpxtpx:atemp>299.15</gpxtpx:atemp>
          </gpxtpx:TrackPointExtension>
        </extensions>
      </trkpt>
      <trkpt lat="30.540402" lon="34.947480">
        <ele>428.2</ele>
        <time>2026-03-31T08:57:02.000Z</time>
        <extensions>
          <gpxtpx:TrackPointExtension>
            <gpxtpx:hr>126</gpxtpx:hr>
            <gpxtpx:cad>0</gpxtpx:cad>
            <gpxtpx:atemp>299.15</gpxtpx:atemp>
          </gpxtpx:TrackPointExtension>
        </extensions>
      </trkpt>
      <trkpt lat="30.540373" lon="34.947371">
        <ele>428.6</ele>
        <time>2026-03-31T08:57:09.000Z</time>
        <extensions>
          <gpxtpx:TrackPointExtension>
            <gpxtpx:hr>122</gpxtpx:hr>
            <gpxtpx:cad>57</gpxtpx:cad>
            <gpxtpx:atemp>299.15</gpxtpx:atemp>
          </gpxtpx:TrackPointExtension>
        </extensions>
      </trkpt>
      <trkpt lat="30.540348" lon="34.947332">
        <ele>429.0</ele>
        <time>2026-03-31T08:57:13.000Z</time>
        <extensions>
          <gpxtpx:TrackPointExtension>
            <gpxtpx:hr>121</gpxtpx:hr>
            <gpxtpx:cad>0</gpxtpx:cad>
            <gpxtpx:atemp>299.15</gpxtpx:atemp>
          </gpxtpx:TrackPointExtension>
        </extensions>
      </trkpt>
      <trkpt lat="30.540329" lon="34.947260">
        <ele>429.3</ele>
        <time>2026-03-31T08:57:18.000Z</time>
        <extensions>
          <gpxtpx:TrackPointExtension>
            <gpxtpx:hr>126</gpxtpx:hr>
            <gpxtpx:cad>0</gpxtpx:cad>
            <gpxtpx:atemp>299.15</gpxtpx:atemp>
          </gpxtpx:TrackPointExtension>
        </extensions>
      </trkpt>
      <trkpt lat="30.540347" lon="34.947226">
        <ele>429.0</ele>
        <time>2026-03-31T08:57:28.000Z</time>
        <extensions>
          <gpxtpx:TrackPointExtension>
            <gpxtpx:hr>131</gpxtpx:hr>
            <gpxtpx:cad>45</gpxtpx:cad>
            <gpxtpx:atemp>299.15</gpxtpx:atemp>
          </gpxtpx:TrackPointExtension>
        </extensions>
      </trkpt>
      <trkpt lat="30.540409" lon="34.947063">
        <ele>428.0</ele>
        <time>2026-03-31T08:57:43.000Z</time>
        <extensions>
          <gpxtpx:TrackPointExtension>
            <gpxtpx:hr>128</gpxtpx:hr>
            <gpxtpx:cad>72</gpxtpx:cad>
            <gpxtpx:atemp>299.15</gpxtpx:atemp>
          </gpxtpx:TrackPointExtension>
        </extensions>
      </trkpt>
      <trkpt lat="30.540485" lon="34.947004">
        <ele>428.1</ele>
        <time>2026-03-31T08:57:51.000Z</time>
        <extensions>
          <gpxtpx:TrackPointExtension>
            <gpxtpx:hr>126</gpxtpx:hr>
            <gpxtpx:cad>72</gpxtpx:cad>
            <gpxtpx:atemp>299.15</gpxtpx:atemp>
          </gpxtpx:TrackPointExtension>
        </extensions>
      </trkpt>
      <trkpt lat="30.540514" lon="34.946827">
        <ele>427.5</ele>
        <time>2026-03-31T08:58:01.000Z</time>
        <extensions>
          <gpxtpx:TrackPointExtension>
            <gpxtpx:hr>124</gpxtpx:hr>
            <gpxtpx:cad>67</gpxtpx:cad>
            <gpxtpx:atemp>299.15</gpxtpx:atemp>
          </gpxtpx:TrackPointExtension>
        </extensions>
      </trkpt>
      <trkpt lat="30.540552" lon="34.946636">
        <ele>426.9</ele>
        <time>2026-03-31T08:58:12.000Z</time>
        <extensions>
          <gpxtpx:TrackPointExtension>
            <gpxtpx:hr>124</gpxtpx:hr>
            <gpxtpx:cad>0</gpxtpx:cad>
            <gpxtpx:atemp>299.15</gpxtpx:atemp>
          </gpxtpx:TrackPointExtension>
        </extensions>
      </trkpt>
      <trkpt lat="30.540503" lon="34.946522">
        <ele>426.3</ele>
        <time>2026-03-31T08:58:29.000Z</time>
        <extensions>
          <gpxtpx:TrackPointExtension>
            <gpxtpx:hr>125</gpxtpx:hr>
            <gpxtpx:cad>0</gpxtpx:cad>
            <gpxtpx:atemp>299.15</gpxtpx:atemp>
          </gpxtpx:TrackPointExtension>
        </extensions>
      </trkpt>
      <trkpt lat="30.540438" lon="34.946480">
        <ele>426.1</ele>
        <time>2026-03-31T08:58:42.000Z</time>
        <extensions>
          <gpxtpx:TrackPointExtension>
            <gpxtpx:hr>124</gpxtpx:hr>
            <gpxtpx:cad>0</gpxtpx:cad>
            <gpxtpx:atemp>299.15</gpxtpx:atemp>
          </gpxtpx:TrackPointExtension>
        </extensions>
      </trkpt>
      <trkpt lat="30.540469" lon="34.946403">
        <ele>426.2</ele>
        <time>2026-03-31T08:58:48.000Z</time>
        <extensions>
          <gpxtpx:TrackPointExtension>
            <gpxtpx:hr>122</gpxtpx:hr>
            <gpxtpx:cad>0</gpxtpx:cad>
            <gpxtpx:atemp>299.15</gpxtpx:atemp>
          </gpxtpx:TrackPointExtension>
        </extensions>
      </trkpt>
      <trkpt lat="30.540476" lon="34.946299">
        <ele>426.2</ele>
        <time>2026-03-31T08:58:54.000Z</time>
        <extensions>
          <gpxtpx:TrackPointExtension>
            <gpxtpx:hr>122</gpxtpx:hr>
            <gpxtpx:cad>0</gpxtpx:cad>
            <gpxtpx:atemp>299.15</gpxtpx:atemp>
          </gpxtpx:TrackPointExtension>
        </extensions>
      </trkpt>
      <trkpt lat="30.540496" lon="34.946251">
        <ele>426.3</ele>
        <time>2026-03-31T08:59:00.000Z</time>
        <extensions>
          <gpxtpx:TrackPointExtension>
            <gpxtpx:hr>120</gpxtpx:hr>
            <gpxtpx:cad>0</gpxtpx:cad>
            <gpxtpx:atemp>299.15</gpxtpx:atemp>
          </gpxtpx:TrackPointExtension>
        </extensions>
      </trkpt>
      <trkpt lat="30.540474" lon="34.946189">
        <ele>426.6</ele>
        <time>2026-03-31T08:59:06.000Z</time>
        <extensions>
          <gpxtpx:TrackPointExtension>
            <gpxtpx:hr>122</gpxtpx:hr>
            <gpxtpx:cad>0</gpxtpx:cad>
            <gpxtpx:atemp>299.15</gpxtpx:atemp>
          </gpxtpx:TrackPointExtension>
        </extensions>
      </trkpt>
      <trkpt lat="30.540473" lon="34.946144">
        <ele>426.9</ele>
        <time>2026-03-31T08:59:09.000Z</time>
        <extensions>
          <gpxtpx:TrackPointExtension>
            <gpxtpx:hr>126</gpxtpx:hr>
            <gpxtpx:cad>0</gpxtpx:cad>
            <gpxtpx:atemp>299.15</gpxtpx:atemp>
          </gpxtpx:TrackPointExtension>
        </extensions>
      </trkpt>
      <trkpt lat="30.540460" lon="34.946086">
        <ele>427.2</ele>
        <time>2026-03-31T08:59:16.000Z</time>
        <extensions>
          <gpxtpx:TrackPointExtension>
            <gpxtpx:hr>127</gpxtpx:hr>
            <gpxtpx:cad>0</gpxtpx:cad>
            <gpxtpx:atemp>299.15</gpxtpx:atemp>
          </gpxtpx:TrackPointExtension>
        </extensions>
      </trkpt>
      <trkpt lat="30.540495" lon="34.946006">
        <ele>427.8</ele>
        <time>2026-03-31T08:59:23.000Z</time>
        <extensions>
          <gpxtpx:TrackPointExtension>
            <gpxtpx:hr>129</gpxtpx:hr>
            <gpxtpx:cad>54</gpxtpx:cad>
            <gpxtpx:atemp>299.15</gpxtpx:atemp>
          </gpxtpx:TrackPointExtension>
        </extensions>
      </trkpt>
      <trkpt lat="30.540505" lon="34.945965">
        <ele>428.0</ele>
        <time>2026-03-31T08:59:26.000Z</time>
        <extensions>
          <gpxtpx:TrackPointExtension>
            <gpxtpx:hr>131</gpxtpx:hr>
            <gpxtpx:cad>0</gpxtpx:cad>
            <gpxtpx:atemp>299.15</gpxtpx:atemp>
          </gpxtpx:TrackPointExtension>
        </extensions>
      </trkpt>
      <trkpt lat="30.540536" lon="34.945898">
        <ele>428.3</ele>
        <time>2026-03-31T08:59:33.000Z</time>
        <extensions>
          <gpxtpx:TrackPointExtension>
            <gpxtpx:hr>135</gpxtpx:hr>
            <gpxtpx:cad>55</gpxtpx:cad>
            <gpxtpx:atemp>299.15</gpxtpx:atemp>
          </gpxtpx:TrackPointExtension>
        </extensions>
      </trkpt>
      <trkpt lat="30.540599" lon="34.945837">
        <ele>428.5</ele>
        <time>2026-03-31T08:59:40.000Z</time>
        <extensions>
          <gpxtpx:TrackPointExtension>
            <gpxtpx:hr>136</gpxtpx:hr>
            <gpxtpx:cad>57</gpxtpx:cad>
            <gpxtpx:atemp>299.15</gpxtpx:atemp>
          </gpxtpx:TrackPointExtension>
        </extensions>
      </trkpt>
      <trkpt lat="30.540643" lon="34.945771">
        <ele>428.7</ele>
        <time>2026-03-31T08:59:45.000Z</time>
        <extensions>
          <gpxtpx:TrackPointExtension>
            <gpxtpx:hr>133</gpxtpx:hr>
            <gpxtpx:cad>0</gpxtpx:cad>
            <gpxtpx:atemp>299.15</gpxtpx:atemp>
          </gpxtpx:TrackPointExtension>
        </extensions>
      </trkpt>
      <trkpt lat="30.540691" lon="34.945625">
        <ele>429.3</ele>
        <time>2026-03-31T08:59:56.000Z</time>
        <extensions>
          <gpxtpx:TrackPointExtension>
            <gpxtpx:hr>131</gpxtpx:hr>
            <gpxtpx:cad>0</gpxtpx:cad>
            <gpxtpx:atemp>299.15</gpxtpx:atemp>
          </gpxtpx:TrackPointExtension>
        </extensions>
      </trkpt>
      <trkpt lat="30.540734" lon="34.945555">
        <ele>430.0</ele>
        <time>2026-03-31T09:00:01.000Z</time>
        <extensions>
          <gpxtpx:TrackPointExtension>
            <gpxtpx:hr>130</gpxtpx:hr>
            <gpxtpx:cad>68</gpxtpx:cad>
            <gpxtpx:atemp>299.15</gpxtpx:atemp>
          </gpxtpx:TrackPointExtension>
        </extensions>
      </trkpt>
      <trkpt lat="30.540737" lon="34.945512">
        <ele>430.2</ele>
        <time>2026-03-31T09:00:05.000Z</time>
        <extensions>
          <gpxtpx:TrackPointExtension>
            <gpxtpx:hr>129</gpxtpx:hr>
            <gpxtpx:cad>68</gpxtpx:cad>
            <gpxtpx:atemp>299.15</gpxtpx:atemp>
          </gpxtpx:TrackPointExtension>
        </extensions>
      </trkpt>
      <trkpt lat="30.540717" lon="34.945438">
        <ele>430.2</ele>
        <time>2026-03-31T09:00:09.000Z</time>
        <extensions>
          <gpxtpx:TrackPointExtension>
            <gpxtpx:hr>129</gpxtpx:hr>
            <gpxtpx:cad>60</gpxtpx:cad>
            <gpxtpx:atemp>299.15</gpxtpx:atemp>
          </gpxtpx:TrackPointExtension>
        </extensions>
      </trkpt>
      <trkpt lat="30.540745" lon="34.945257">
        <ele>430.4</ele>
        <time>2026-03-31T09:00:21.000Z</time>
        <extensions>
          <gpxtpx:TrackPointExtension>
            <gpxtpx:hr>129</gpxtpx:hr>
            <gpxtpx:cad>62</gpxtpx:cad>
            <gpxtpx:atemp>299.15</gpxtpx:atemp>
          </gpxtpx:TrackPointExtension>
        </extensions>
      </trkpt>
      <trkpt lat="30.540709" lon="34.945196">
        <ele>430.1</ele>
        <time>2026-03-31T09:00:26.000Z</time>
        <extensions>
          <gpxtpx:TrackPointExtension>
            <gpxtpx:hr>130</gpxtpx:hr>
            <gpxtpx:cad>62</gpxtpx:cad>
            <gpxtpx:atemp>299.15</gpxtpx:atemp>
          </gpxtpx:TrackPointExtension>
        </extensions>
      </trkpt>
      <trkpt lat="30.540713" lon="34.945032">
        <ele>430.1</ele>
        <time>2026-03-31T09:00:38.000Z</time>
        <extensions>
          <gpxtpx:TrackPointExtension>
            <gpxtpx:hr>130</gpxtpx:hr>
            <gpxtpx:cad>72</gpxtpx:cad>
            <gpxtpx:atemp>299.15</gpxtpx:atemp>
          </gpxtpx:TrackPointExtension>
        </extensions>
      </trkpt>
      <trkpt lat="30.540726" lon="34.944995">
        <ele>430.1</ele>
        <time>2026-03-31T09:00:40.000Z</time>
        <extensions>
          <gpxtpx:TrackPointExtension>
            <gpxtpx:hr>130</gpxtpx:hr>
            <gpxtpx:cad>74</gpxtpx:cad>
            <gpxtpx:atemp>299.15</gpxtpx:atemp>
          </gpxtpx:TrackPointExtension>
        </extensions>
      </trkpt>
      <trkpt lat="30.540727" lon="34.944931">
        <ele>430.1</ele>
        <time>2026-03-31T09:00:43.000Z</time>
        <extensions>
          <gpxtpx:TrackPointExtension>
            <gpxtpx:hr>129</gpxtpx:hr>
            <gpxtpx:cad>74</gpxtpx:cad>
            <gpxtpx:atemp>299.15</gpxtpx:atemp>
          </gpxtpx:TrackPointExtension>
        </extensions>
      </trkpt>
      <trkpt lat="30.540708" lon="34.944878">
        <ele>430.0</ele>
        <time>2026-03-31T09:00:46.000Z</time>
        <extensions>
          <gpxtpx:TrackPointExtension>
            <gpxtpx:hr>129</gpxtpx:hr>
            <gpxtpx:cad>0</gpxtpx:cad>
            <gpxtpx:atemp>299.15</gpxtpx:atemp>
          </gpxtpx:TrackPointExtension>
        </extensions>
      </trkpt>
      <trkpt lat="30.540702" lon="34.944809">
        <ele>430.0</ele>
        <time>2026-03-31T09:00:49.000Z</time>
        <extensions>
          <gpxtpx:TrackPointExtension>
            <gpxtpx:hr>129</gpxtpx:hr>
            <gpxtpx:cad>57</gpxtpx:cad>
            <gpxtpx:atemp>299.15</gpxtpx:atemp>
          </gpxtpx:TrackPointExtension>
        </extensions>
      </trkpt>
      <trkpt lat="30.540714" lon="34.944739">
        <ele>429.9</ele>
        <time>2026-03-31T09:00:52.000Z</time>
        <extensions>
          <gpxtpx:TrackPointExtension>
            <gpxtpx:hr>129</gpxtpx:hr>
            <gpxtpx:cad>57</gpxtpx:cad>
            <gpxtpx:atemp>299.15</gpxtpx:atemp>
          </gpxtpx:TrackPointExtension>
        </extensions>
      </trkpt>
      <trkpt lat="30.540751" lon="34.944662">
        <ele>429.7</ele>
        <time>2026-03-31T09:00:57.000Z</time>
        <extensions>
          <gpxtpx:TrackPointExtension>
            <gpxtpx:hr>130</gpxtpx:hr>
            <gpxtpx:cad>57</gpxtpx:cad>
            <gpxtpx:atemp>299.15</gpxtpx:atemp>
          </gpxtpx:TrackPointExtension>
        </extensions>
      </trkpt>
      <trkpt lat="30.540746" lon="34.944604">
        <ele>429.7</ele>
        <time>2026-03-31T09:01:01.000Z</time>
        <extensions>
          <gpxtpx:TrackPointExtension>
            <gpxtpx:hr>131</gpxtpx:hr>
            <gpxtpx:cad>0</gpxtpx:cad>
            <gpxtpx:atemp>299.15</gpxtpx:atemp>
          </gpxtpx:TrackPointExtension>
        </extensions>
      </trkpt>
      <trkpt lat="30.540806" lon="34.944414">
        <ele>429.3</ele>
        <time>2026-03-31T09:01:14.000Z</time>
        <extensions>
          <gpxtpx:TrackPointExtension>
            <gpxtpx:hr>130</gpxtpx:hr>
            <gpxtpx:cad>69</gpxtpx:cad>
            <gpxtpx:atemp>298.15</gpxtpx:atemp>
          </gpxtpx:TrackPointExtension>
        </extensions>
      </trkpt>
      <trkpt lat="30.540812" lon="34.944371">
        <ele>429.3</ele>
        <time>2026-03-31T09:01:17.000Z</time>
        <extensions>
          <gpxtpx:TrackPointExtension>
            <gpxtpx:hr>130</gpxtpx:hr>
            <gpxtpx:cad>0</gpxtpx:cad>
            <gpxtpx:atemp>298.15</gpxtpx:atemp>
          </gpxtpx:TrackPointExtension>
        </extensions>
      </trkpt>
      <trkpt lat="30.540851" lon="34.944267">
        <ele>429.0</ele>
        <time>2026-03-31T09:01:24.000Z</time>
        <extensions>
          <gpxtpx:TrackPointExtension>
            <gpxtpx:hr>129</gpxtpx:hr>
            <gpxtpx:cad>0</gpxtpx:cad>
            <gpxtpx:atemp>298.15</gpxtpx:atemp>
          </gpxtpx:TrackPointExtension>
        </extensions>
      </trkpt>
      <trkpt lat="30.540865" lon="34.944200">
        <ele>429.2</ele>
        <time>2026-03-31T09:01:28.000Z</time>
        <extensions>
          <gpxtpx:TrackPointExtension>
            <gpxtpx:hr>128</gpxtpx:hr>
            <gpxtpx:cad>66</gpxtpx:cad>
            <gpxtpx:atemp>298.15</gpxtpx:atemp>
          </gpxtpx:TrackPointExtension>
        </extensions>
      </trkpt>
      <trkpt lat="30.540921" lon="34.944049">
        <ele>429.0</ele>
        <time>2026-03-31T09:01:36.000Z</time>
        <extensions>
          <gpxtpx:TrackPointExtension>
            <gpxtpx:hr>128</gpxtpx:hr>
            <gpxtpx:cad>0</gpxtpx:cad>
            <gpxtpx:atemp>298.15</gpxtpx:atemp>
          </gpxtpx:TrackPointExtension>
        </extensions>
      </trkpt>
      <trkpt lat="30.540965" lon="34.943975">
        <ele>428.9</ele>
        <time>2026-03-31T09:01:41.000Z</time>
        <extensions>
          <gpxtpx:TrackPointExtension>
            <gpxtpx:hr>129</gpxtpx:hr>
            <gpxtpx:cad>62</gpxtpx:cad>
            <gpxtpx:atemp>298.15</gpxtpx:atemp>
          </gpxtpx:TrackPointExtension>
        </extensions>
      </trkpt>
      <trkpt lat="30.540988" lon="34.943881">
        <ele>430.1</ele>
        <time>2026-03-31T09:01:47.000Z</time>
        <extensions>
          <gpxtpx:TrackPointExtension>
            <gpxtpx:hr>129</gpxtpx:hr>
            <gpxtpx:cad>57</gpxtpx:cad>
            <gpxtpx:atemp>298.15</gpxtpx:atemp>
          </gpxtpx:TrackPointExtension>
        </extensions>
      </trkpt>
      <trkpt lat="30.541003" lon="34.943845">
        <ele>430.6</ele>
        <time>2026-03-31T09:01:49.000Z</time>
        <extensions>
          <gpxtpx:TrackPointExtension>
            <gpxtpx:hr>130</gpxtpx:hr>
            <gpxtpx:cad>57</gpxtpx:cad>
            <gpxtpx:atemp>298.15</gpxtpx:atemp>
          </gpxtpx:TrackPointExtension>
        </extensions>
      </trkpt>
      <trkpt lat="30.541065" lon="34.943791">
        <ele>431.2</ele>
        <time>2026-03-31T09:01:56.000Z</time>
        <extensions>
          <gpxtpx:TrackPointExtension>
            <gpxtpx:hr>130</gpxtpx:hr>
            <gpxtpx:cad>0</gpxtpx:cad>
            <gpxtpx:atemp>298.15</gpxtpx:atemp>
          </gpxtpx:TrackPointExtension>
        </extensions>
      </trkpt>
      <trkpt lat="30.541156" lon="34.943670">
        <ele>433.1</ele>
        <time>2026-03-31T09:02:09.000Z</time>
        <extensions>
          <gpxtpx:TrackPointExtension>
            <gpxtpx:hr>134</gpxtpx:hr>
            <gpxtpx:cad>0</gpxtpx:cad>
            <gpxtpx:atemp>297.15</gpxtpx:atemp>
          </gpxtpx:TrackPointExtension>
        </extensions>
      </trkpt>
      <trkpt lat="30.541168" lon="34.943614">
        <ele>434.2</ele>
        <time>2026-03-31T09:02:13.000Z</time>
        <extensions>
          <gpxtpx:TrackPointExtension>
            <gpxtpx:hr>133</gpxtpx:hr>
            <gpxtpx:cad>0</gpxtpx:cad>
            <gpxtpx:atemp>297.15</gpxtpx:atemp>
          </gpxtpx:TrackPointExtension>
        </extensions>
      </trkpt>
      <trkpt lat="30.541203" lon="34.943541">
        <ele>435.3</ele>
        <time>2026-03-31T09:02:17.000Z</time>
        <extensions>
          <gpxtpx:TrackPointExtension>
            <gpxtpx:hr>132</gpxtpx:hr>
            <gpxtpx:cad>53</gpxtpx:cad>
            <gpxtpx:atemp>297.15</gpxtpx:atemp>
          </gpxtpx:TrackPointExtension>
        </extensions>
      </trkpt>
      <trkpt lat="30.541243" lon="34.943515">
        <ele>435.3</ele>
        <time>2026-03-31T09:02:21.000Z</time>
        <extensions>
          <gpxtpx:TrackPointExtension>
            <gpxtpx:hr>130</gpxtpx:hr>
            <gpxtpx:cad>0</gpxtpx:cad>
            <gpxtpx:atemp>297.15</gpxtpx:atemp>
          </gpxtpx:TrackPointExtension>
        </extensions>
      </trkpt>
      <trkpt lat="30.541279" lon="34.943470">
        <ele>436.4</ele>
        <time>2026-03-31T09:02:26.000Z</time>
        <extensions>
          <gpxtpx:TrackPointExtension>
            <gpxtpx:hr>128</gpxtpx:hr>
            <gpxtpx:cad>71</gpxtpx:cad>
            <gpxtpx:atemp>297.15</gpxtpx:atemp>
          </gpxtpx:TrackPointExtension>
        </extensions>
      </trkpt>
      <trkpt lat="30.541378" lon="34.943377">
        <ele>439.3</ele>
        <time>2026-03-31T09:02:34.000Z</time>
        <extensions>
          <gpxtpx:TrackPointExtension>
            <gpxtpx:hr>127</gpxtpx:hr>
            <gpxtpx:cad>68</gpxtpx:cad>
            <gpxtpx:atemp>297.15</gpxtpx:atemp>
          </gpxtpx:TrackPointExtension>
        </extensions>
      </trkpt>
      <trkpt lat="30.541427" lon="34.943303">
        <ele>440.8</ele>
        <time>2026-03-31T09:02:40.000Z</time>
        <extensions>
          <gpxtpx:TrackPointExtension>
            <gpxtpx:hr>127</gpxtpx:hr>
            <gpxtpx:cad>73</gpxtpx:cad>
            <gpxtpx:atemp>297.15</gpxtpx:atemp>
          </gpxtpx:TrackPointExtension>
        </extensions>
      </trkpt>
      <trkpt lat="30.541458" lon="34.943275">
        <ele>441.3</ele>
        <time>2026-03-31T09:02:43.000Z</time>
        <extensions>
          <gpxtpx:TrackPointExtension>
            <gpxtpx:hr>127</gpxtpx:hr>
            <gpxtpx:cad>68</gpxtpx:cad>
            <gpxtpx:atemp>297.15</gpxtpx:atemp>
          </gpxtpx:TrackPointExtension>
        </extensions>
      </trkpt>
      <trkpt lat="30.541603" lon="34.943239">
        <ele>442.5</ele>
        <time>2026-03-31T09:02:57.000Z</time>
        <extensions>
          <gpxtpx:TrackPointExtension>
            <gpxtpx:hr>124</gpxtpx:hr>
            <gpxtpx:cad>58</gpxtpx:cad>
            <gpxtpx:atemp>297.15</gpxtpx:atemp>
          </gpxtpx:TrackPointExtension>
        </extensions>
      </trkpt>
      <trkpt lat="30.541668" lon="34.943238">
        <ele>443.4</ele>
        <time>2026-03-31T09:03:02.000Z</time>
        <extensions>
          <gpxtpx:TrackPointExtension>
            <gpxtpx:hr>124</gpxtpx:hr>
            <gpxtpx:cad>0</gpxtpx:cad>
            <gpxtpx:atemp>297.15</gpxtpx:atemp>
          </gpxtpx:TrackPointExtension>
        </extensions>
      </trkpt>
      <trkpt lat="30.541724" lon="34.943162">
        <ele>444.3</ele>
        <time>2026-03-31T09:03:10.000Z</time>
        <extensions>
          <gpxtpx:TrackPointExtension>
            <gpxtpx:hr>122</gpxtpx:hr>
            <gpxtpx:cad>70</gpxtpx:cad>
            <gpxtpx:atemp>297.15</gpxtpx:atemp>
          </gpxtpx:TrackPointExtension>
        </extensions>
      </trkpt>
      <trkpt lat="30.541806" lon="34.942994">
        <ele>445.0</ele>
        <time>2026-03-31T09:03:21.000Z</time>
        <extensions>
          <gpxtpx:TrackPointExtension>
            <gpxtpx:hr>121</gpxtpx:hr>
            <gpxtpx:cad>50</gpxtpx:cad>
            <gpxtpx:atemp>297.15</gpxtpx:atemp>
          </gpxtpx:TrackPointExtension>
        </extensions>
      </trkpt>
      <trkpt lat="30.541846" lon="34.942972">
        <ele>445.4</ele>
        <time>2026-03-31T09:03:25.000Z</time>
        <extensions>
          <gpxtpx:TrackPointExtension>
            <gpxtpx:hr>121</gpxtpx:hr>
            <gpxtpx:cad>0</gpxtpx:cad>
            <gpxtpx:atemp>297.15</gpxtpx:atemp>
          </gpxtpx:TrackPointExtension>
        </extensions>
      </trkpt>
      <trkpt lat="30.541880" lon="34.942922">
        <ele>445.6</ele>
        <time>2026-03-31T09:03:33.000Z</time>
        <extensions>
          <gpxtpx:TrackPointExtension>
            <gpxtpx:hr>123</gpxtpx:hr>
            <gpxtpx:cad>0</gpxtpx:cad>
            <gpxtpx:atemp>297.15</gpxtpx:atemp>
          </gpxtpx:TrackPointExtension>
        </extensions>
      </trkpt>
      <trkpt lat="30.541871" lon="34.942866">
        <ele>445.5</ele>
        <time>2026-03-31T09:03:41.000Z</time>
        <extensions>
          <gpxtpx:TrackPointExtension>
            <gpxtpx:hr>122</gpxtpx:hr>
            <gpxtpx:cad>0</gpxtpx:cad>
            <gpxtpx:atemp>297.15</gpxtpx:atemp>
          </gpxtpx:TrackPointExtension>
        </extensions>
      </trkpt>
      <trkpt lat="30.541903" lon="34.942799">
        <ele>445.7</ele>
        <time>2026-03-31T09:03:58.000Z</time>
        <extensions>
          <gpxtpx:TrackPointExtension>
            <gpxtpx:hr>123</gpxtpx:hr>
            <gpxtpx:cad>0</gpxtpx:cad>
            <gpxtpx:atemp>296.15</gpxtpx:atemp>
          </gpxtpx:TrackPointExtension>
        </extensions>
      </trkpt>
      <trkpt lat="30.541934" lon="34.942770">
        <ele>445.7</ele>
        <time>2026-03-31T09:04:05.000Z</time>
        <extensions>
          <gpxtpx:TrackPointExtension>
            <gpxtpx:hr>124</gpxtpx:hr>
            <gpxtpx:cad>0</gpxtpx:cad>
            <gpxtpx:atemp>296.15</gpxtpx:atemp>
          </gpxtpx:TrackPointExtension>
        </extensions>
      </trkpt>
      <trkpt lat="30.541973" lon="34.942774">
        <ele>445.8</ele>
        <time>2026-03-31T09:04:12.000Z</time>
        <extensions>
          <gpxtpx:TrackPointExtension>
            <gpxtpx:hr>122</gpxtpx:hr>
            <gpxtpx:cad>0</gpxtpx:cad>
            <gpxtpx:atemp>296.15</gpxtpx:atemp>
          </gpxtpx:TrackPointExtension>
        </extensions>
      </trkpt>
      <trkpt lat="30.541966" lon="34.942797">
        <ele>445.8</ele>
        <time>2026-03-31T09:04:18.000Z</time>
        <extensions>
          <gpxtpx:TrackPointExtension>
            <gpxtpx:hr>122</gpxtpx:hr>
            <gpxtpx:cad>0</gpxtpx:cad>
            <gpxtpx:atemp>296.15</gpxtpx:atemp>
          </gpxtpx:TrackPointExtension>
        </extensions>
      </trkpt>
      <trkpt lat="30.542005" lon="34.942706">
        <ele>445.6</ele>
        <time>2026-03-31T09:04:27.000Z</time>
        <extensions>
          <gpxtpx:TrackPointExtension>
            <gpxtpx:hr>120</gpxtpx:hr>
            <gpxtpx:cad>44</gpxtpx:cad>
            <gpxtpx:atemp>296.15</gpxtpx:atemp>
          </gpxtpx:TrackPointExtension>
        </extensions>
      </trkpt>
      <trkpt lat="30.541999" lon="34.942642">
        <ele>445.3</ele>
        <time>2026-03-31T09:04:32.000Z</time>
        <extensions>
          <gpxtpx:TrackPointExtension>
            <gpxtpx:hr>121</gpxtpx:hr>
            <gpxtpx:cad>58</gpxtpx:cad>
            <gpxtpx:atemp>296.15</gpxtpx:atemp>
          </gpxtpx:TrackPointExtension>
        </extensions>
      </trkpt>
      <trkpt lat="30.541964" lon="34.942544">
        <ele>445.2</ele>
        <time>2026-03-31T09:04:40.000Z</time>
        <extensions>
          <gpxtpx:TrackPointExtension>
            <gpxtpx:hr>121</gpxtpx:hr>
            <gpxtpx:cad>0</gpxtpx:cad>
            <gpxtpx:atemp>296.15</gpxtpx:atemp>
          </gpxtpx:TrackPointExtension>
        </extensions>
      </trkpt>
      <trkpt lat="30.541914" lon="34.942526">
        <ele>445.5</ele>
        <time>2026-03-31T09:04:53.000Z</time>
        <extensions>
          <gpxtpx:TrackPointExtension>
            <gpxtpx:hr>127</gpxtpx:hr>
            <gpxtpx:cad>0</gpxtpx:cad>
            <gpxtpx:atemp>296.15</gpxtpx:atemp>
          </gpxtpx:TrackPointExtension>
        </extensions>
      </trkpt>
      <trkpt lat="30.541927" lon="34.942424">
        <ele>445.3</ele>
        <time>2026-03-31T09:05:10.000Z</time>
        <extensions>
          <gpxtpx:TrackPointExtension>
            <gpxtpx:hr>127</gpxtpx:hr>
            <gpxtpx:cad>0</gpxtpx:cad>
            <gpxtpx:atemp>296.15</gpxtpx:atemp>
          </gpxtpx:TrackPointExtension>
        </extensions>
      </trkpt>
      <trkpt lat="30.541898" lon="34.942319">
        <ele>445.6</ele>
        <time>2026-03-31T09:05:21.000Z</time>
        <extensions>
          <gpxtpx:TrackPointExtension>
            <gpxtpx:hr>95</gpxtpx:hr>
            <gpxtpx:cad>0</gpxtpx:cad>
            <gpxtpx:atemp>296.15</gpxtpx:atemp>
          </gpxtpx:TrackPointExtension>
        </extensions>
      </trkpt>
      <trkpt lat="30.541911" lon="34.942232">
        <ele>445.3</ele>
        <time>2026-03-31T09:05:30.000Z</time>
        <extensions>
          <gpxtpx:TrackPointExtension>
            <gpxtpx:hr>95</gpxtpx:hr>
            <gpxtpx:cad>50</gpxtpx:cad>
            <gpxtpx:atemp>296.15</gpxtpx:atemp>
          </gpxtpx:TrackPointExtension>
        </extensions>
      </trkpt>
      <trkpt lat="30.541929" lon="34.942176">
        <ele>444.9</ele>
        <time>2026-03-31T09:05:35.000Z</time>
        <extensions>
          <gpxtpx:TrackPointExtension>
            <gpxtpx:hr>95</gpxtpx:hr>
            <gpxtpx:cad>55</gpxtpx:cad>
            <gpxtpx:atemp>296.15</gpxtpx:atemp>
          </gpxtpx:TrackPointExtension>
        </extensions>
      </trkpt>
      <trkpt lat="30.541977" lon="34.942106">
        <ele>444.0</ele>
        <time>2026-03-31T09:05:41.000Z</time>
        <extensions>
          <gpxtpx:TrackPointExtension>
            <gpxtpx:hr>98</gpxtpx:hr>
            <gpxtpx:cad>55</gpxtpx:cad>
            <gpxtpx:atemp>296.15</gpxtpx:atemp>
          </gpxtpx:TrackPointExtension>
        </extensions>
      </trkpt>
      <trkpt lat="30.542050" lon="34.942030">
        <ele>442.5</ele>
        <time>2026-03-31T09:05:48.000Z</time>
        <extensions>
          <gpxtpx:TrackPointExtension>
            <gpxtpx:hr>101</gpxtpx:hr>
            <gpxtpx:cad>60</gpxtpx:cad>
            <gpxtpx:atemp>296.15</gpxtpx:atemp>
          </gpxtpx:TrackPointExtension>
        </extensions>
      </trkpt>
      <trkpt lat="30.542052" lon="34.941980">
        <ele>442.3</ele>
        <time>2026-03-31T09:05:52.000Z</time>
        <extensions>
          <gpxtpx:TrackPointExtension>
            <gpxtpx:hr>102</gpxtpx:hr>
            <gpxtpx:cad>57</gpxtpx:cad>
            <gpxtpx:atemp>295.15</gpxtpx:atemp>
          </gpxtpx:TrackPointExtension>
        </extensions>
      </trkpt>
      <trkpt lat="30.542001" lon="34.941905">
        <ele>443.2</ele>
        <time>2026-03-31T09:05:59.000Z</time>
        <extensions>
          <gpxtpx:TrackPointExtension>
            <gpxtpx:hr>103</gpxtpx:hr>
            <gpxtpx:cad>68</gpxtpx:cad>
            <gpxtpx:atemp>295.15</gpxtpx:atemp>
          </gpxtpx:TrackPointExtension>
        </extensions>
      </trkpt>
      <trkpt lat="30.541986" lon="34.941819">
        <ele>443.5</ele>
        <time>2026-03-31T09:06:05.000Z</time>
        <extensions>
          <gpxtpx:TrackPointExtension>
            <gpxtpx:hr>102</gpxtpx:hr>
            <gpxtpx:cad>0</gpxtpx:cad>
            <gpxtpx:atemp>295.15</gpxtpx:atemp>
          </gpxtpx:TrackPointExtension>
        </extensions>
      </trkpt>
      <trkpt lat="30.542004" lon="34.941756">
        <ele>442.9</ele>
        <time>2026-03-31T09:06:08.000Z</time>
        <extensions>
          <gpxtpx:TrackPointExtension>
            <gpxtpx:hr>102</gpxtpx:hr>
            <gpxtpx:cad>57</gpxtpx:cad>
            <gpxtpx:atemp>295.15</gpxtpx:atemp>
          </gpxtpx:TrackPointExtension>
        </extensions>
      </trkpt>
      <trkpt lat="30.542026" lon="34.941639">
        <ele>442.0</ele>
        <time>2026-03-31T09:06:14.000Z</time>
        <extensions>
          <gpxtpx:TrackPointExtension>
            <gpxtpx:hr>100</gpxtpx:hr>
            <gpxtpx:cad>72</gpxtpx:cad>
            <gpxtpx:atemp>295.15</gpxtpx:atemp>
          </gpxtpx:TrackPointExtension>
        </extensions>
      </trkpt>
      <trkpt lat="30.542082" lon="34.941585">
        <ele>440.2</ele>
        <time>2026-03-31T09:06:19.000Z</time>
        <extensions>
          <gpxtpx:TrackPointExtension>
            <gpxtpx:hr>98</gpxtpx:hr>
            <gpxtpx:cad>75</gpxtpx:cad>
            <gpxtpx:atemp>295.15</gpxtpx:atemp>
          </gpxtpx:TrackPointExtension>
        </extensions>
      </trkpt>
      <trkpt lat="30.542171" lon="34.941420">
        <ele>439.8</ele>
        <time>2026-03-31T09:06:29.000Z</time>
        <extensions>
          <gpxtpx:TrackPointExtension>
            <gpxtpx:hr>98</gpxtpx:hr>
            <gpxtpx:cad>0</gpxtpx:cad>
            <gpxtpx:atemp>295.15</gpxtpx:atemp>
          </gpxtpx:TrackPointExtension>
        </extensions>
      </trkpt>
      <trkpt lat="30.542219" lon="34.941356">
        <ele>439.4</ele>
        <time>2026-03-31T09:06:35.000Z</time>
        <extensions>
          <gpxtpx:TrackPointExtension>
            <gpxtpx:hr>98</gpxtpx:hr>
            <gpxtpx:cad>46</gpxtpx:cad>
            <gpxtpx:atemp>295.15</gpxtpx:atemp>
          </gpxtpx:TrackPointExtension>
        </extensions>
      </trkpt>
      <trkpt lat="30.542259" lon="34.941223">
        <ele>438.8</ele>
        <time>2026-03-31T09:06:44.000Z</time>
        <extensions>
          <gpxtpx:TrackPointExtension>
            <gpxtpx:hr>98</gpxtpx:hr>
            <gpxtpx:cad>0</gpxtpx:cad>
            <gpxtpx:atemp>295.15</gpxtpx:atemp>
          </gpxtpx:TrackPointExtension>
        </extensions>
      </trkpt>
      <trkpt lat="30.542311" lon="34.941228">
        <ele>438.4</ele>
        <time>2026-03-31T09:06:50.000Z</time>
        <extensions>
          <gpxtpx:TrackPointExtension>
            <gpxtpx:hr>98</gpxtpx:hr>
            <gpxtpx:cad>0</gpxtpx:cad>
            <gpxtpx:atemp>295.15</gpxtpx:atemp>
          </gpxtpx:TrackPointExtension>
        </extensions>
      </trkpt>
      <trkpt lat="30.542347" lon="34.941174">
        <ele>438.1</ele>
        <time>2026-03-31T09:06:54.000Z</time>
        <extensions>
          <gpxtpx:TrackPointExtension>
            <gpxtpx:hr>98</gpxtpx:hr>
            <gpxtpx:cad>65</gpxtpx:cad>
            <gpxtpx:atemp>295.15</gpxtpx:atemp>
          </gpxtpx:TrackPointExtension>
        </extensions>
      </trkpt>
      <trkpt lat="30.542781" lon="34.939883">
        <ele>449.8</ele>
        <time>2026-03-31T09:07:07.325Z</time>
      </trkpt>
      <trkpt lat="30.542648" lon="34.939413">
        <ele>454.1</ele>
        <time>2026-03-31T09:07:12.080Z</time>
      </trkpt>
      <trkpt lat="30.542339" lon="34.939276">
        <ele>464.0</ele>
        <time>2026-03-31T09:07:15.889Z</time>
      </trkpt>
      <trkpt lat="30.541326" lon="34.939454">
        <ele>488.5</ele>
        <time>2026-03-31T09:07:27.541Z</time>
      </trkpt>
      <trkpt lat="30.540708" lon="34.940972">
        <ele>503.6</ele>
        <time>2026-03-31T09:07:43.688Z</time>
      </trkpt>
      <trkpt lat="30.540414" lon="34.941505">
        <ele>513.0</ele>
        <time>2026-03-31T09:07:49.831Z</time>
      </trkpt>
      <trkpt lat="30.540549" lon="34.941784">
        <ele>505.5</ele>
        <time>2026-03-31T09:07:52.990Z</time>
      </trkpt>
      <trkpt lat="30.538804" lon="34.941313">
        <ele>531.0</ele>
        <time>2026-03-31T09:08:13.075Z</time>
      </trkpt>
      <trkpt lat="30.538195" lon="34.941281">
        <ele>535.1</ele>
        <time>2026-03-31T09:08:19.869Z</time>
      </trkpt>
      <trkpt lat="30.536510" lon="34.942141">
        <ele>552.8</ele>
        <time>2026-03-31T09:08:40.410Z</time>
      </trkpt>
      <trkpt lat="30.535133" lon="34.941587">
        <ele>556.8</ele>
        <time>2026-03-31T09:08:56.626Z</time>
      </trkpt>
      <trkpt lat="30.534491" lon="34.941619">
        <ele>560.3</ele>
        <time>2026-03-31T09:09:03.780Z</time>
      </trkpt>
      <trkpt lat="30.533925" lon="34.941816">
        <ele>564.1</ele>
        <time>2026-03-31T09:09:10.355Z</time>
      </trkpt>
      <trkpt lat="30.532284" lon="34.941886">
        <ele>582.2</ele>
        <time>2026-03-31T09:09:28.705Z</time>
      </trkpt>
      <trkpt lat="30.525122" lon="34.945779">
        <ele>596.2</ele>
        <time>2026-03-31T09:10:56.657Z</time>
      </trkpt>
      <trkpt lat="30.521211" lon="34.945596">
        <ele>623.2</ele>
        <time>2026-03-31T09:11:40.260Z</time>
      </trkpt>
      <trkpt lat="30.518425" lon="34.942420">
        <ele>629.6</ele>
        <time>2026-03-31T09:12:23.685Z</time>
      </trkpt>
      <trkpt lat="30.516873" lon="34.941321">
        <ele>625.0</ele>
        <time>2026-03-31T09:12:43.905Z</time>
      </trkpt>
    </trkseg>
  </trk>
</gpx>
