<?xml version="1.0" encoding="UTF-8" standalone="no" ?>
<gpx creator="CompeGPS" version="1.1" xsi:schemaLocation="http://www.topografix.com/GPX/1/1 http://www.topografix.com/GPX/1/1/gpx.xsd http://www.garmin.com/xmlschemas/WaypointExtension/v1 http://www8.garmin.com/xmlschemas/WaypointExtensionv1.xsd http://www.garmin.com/xmlschemas/TrackPointExtension/v1 http://www.garmin.com/xmlschemas/TrackPointExtensionv1.xsd http://www.garmin.com/xmlschemas/GpxExtensions/v3 http://www8.garmin.com/xmlschemas/GpxExtensionsv3.xsd http://www.garmin.com/xmlschemas/ActivityExtension/v1 http://www8.garmin.com/xmlschemas/ActivityExtensionv1.xsd http://www.garmin.com/xmlschemas/AdventuresExtensions/v1 http://www8.garmin.com/xmlschemas/AdventuresExtensionv1.xsd http://www.garmin.com/xmlschemas/PressureExtension/v1 http://www.garmin.com/xmlschemas/PressureExtensionv1.xsd http://www.garmin.com/xmlschemas/TripExtensions/v1 http://www.garmin.com/xmlschemas/TripExtensionsv1.xsd http://www.garmin.com/xmlschemas/TripMetaDataExtensions/v1 http://www.garmin.com/xmlschemas/TripMetaDataExtensionsv1.xsd http://www.garmin.com/xmlschemas/ViaPointTransportationModeExtensions/v1 http://www.garmin.com/xmlschemas/ViaPointTransportationModeExtensionsv1.xsd http://www.garmin.com/xmlschemas/CreationTimeExtension/v1 http://www.garmin.com/xmlschemas/CreationTimeExtensionsv1.xsd http://www.garmin.com/xmlschemas/AccelerationExtension/v1 http://www.garmin.com/xmlschemas/AccelerationExtensionv1.xsd http://www.garmin.com/xmlschemas/PowerExtension/v1 http://www.garmin.com/xmlschemas/PowerExtensionv1.xsd http://www.garmin.com/xmlschemas/VideoExtension/v1 http://www.garmin.com/xmlschemas/VideoExtensionv1.xsd" xmlns="http://www.topografix.com/GPX/1/1" xmlns:xsi="http://www.w3.org/2001/XMLSchema-instance" xmlns:wptx1="http://www.garmin.com/xmlschemas/WaypointExtension/v1" xmlns:gpxtrx="http://www.garmin.com/xmlschemas/GpxExtensions/v3" xmlns:gpxtpx="http://www.garmin.com/xmlschemas/TrackPointExtension/v1" xmlns:gpxx="http://www.garmin.com/xmlschemas/GpxExtensions/v3" xmlns:trp="http://www.garmin.com/xmlschemas/TripExtensions/v1" xmlns:adv="http://www.garmin.com/xmlschemas/AdventuresExtensions/v1" xmlns:prs="http://www.garmin.com/xmlschemas/PressureExtension/v1" xmlns:tmd="http://www.garmin.com/xmlschemas/TripMetaDataExtensions/v1" xmlns:vptm="http://www.garmin.com/xmlschemas/ViaPointTransportationModeExtensions/v1" xmlns:ctx="http://www.garmin.com/xmlschemas/CreationTimeExtension/v1" xmlns:gpxacc="http://www.garmin.com/xmlschemas/AccelerationExtension/v1" xmlns:gpxpx="http://www.garmin.com/xmlschemas/PowerExtension/v1" xmlns:vidx1="http://www.garmin.com/xmlschemas/VideoExtension/v1" xmlns:twonav="http://twonav.com/twonav">
  <metadata>
    <author>
      <email id="" domain=""/>
    </author>
    <copyright author="">
      <license></license>
    </copyright>
    <link href="http://www.compegps.com">
      <text>CompeGPS TEAM, SL</text>
    </link>
    <time>2026-03-17T09:42:22.841Z</time>
    <bounds maxlat="30.779843" maxlon="34.955524" minlat="30.731078" minlon="34.918314"/>
  </metadata>
  <trk>
    <name>Morning_Trail_Run (19)</name>
    <extensions>
      <line xmlns="http://www.topografix.com/GPX/gpx_style/0/2">
        <width>4</width>
      </line>
      <gpxx:TrackExtension>
        <gpxx:DisplayColor>DarkYellow</gpxx:DisplayColor>
      </gpxx:TrackExtension>
      <twonav:TwoNavExtension>
        <twonav:activity>4</twonav:activity>
        <twonav:terrain>0</twonav:terrain>
      </twonav:TwoNavExtension>
    </extensions>
    <trkseg>
      <trkpt lat="30.779781" lon="34.945774">
        <ele>209.4</ele>
        <time>2026-03-17T04:26:21.000Z</time>
        <extensions>
          <gpxtpx:TrackPointExtension>
            <gpxtpx:hr>77</gpxtpx:hr>
            <gpxtpx:cad>47</gpxtpx:cad>
            <gpxtpx:atemp>299.65</gpxtpx:atemp>
          </gpxtpx:TrackPointExtension>
        </extensions>
      </trkpt>
      <trkpt lat="30.779645" lon="34.945731">
        <ele>209.2</ele>
        <time>2026-03-17T04:26:28.000Z</time>
        <extensions>
          <gpxtpx:TrackPointExtension>
            <gpxtpx:hr>80</gpxtpx:hr>
            <gpxtpx:cad>73</gpxtpx:cad>
            <gpxtpx:atemp>299.65</gpxtpx:atemp>
          </gpxtpx:TrackPointExtension>
        </extensions>
      </trkpt>
      <trkpt lat="30.779478" lon="34.945690">
        <ele>209.7</ele>
        <time>2026-03-17T04:26:36.000Z</time>
        <extensions>
          <gpxtpx:TrackPointExtension>
            <gpxtpx:hr>82</gpxtpx:hr>
            <gpxtpx:cad>77</gpxtpx:cad>
            <gpxtpx:atemp>299.65</gpxtpx:atemp>
          </gpxtpx:TrackPointExtension>
        </extensions>
      </trkpt>
      <trkpt lat="30.779288" lon="34.945646">
        <ele>211.0</ele>
        <time>2026-03-17T04:26:45.000Z</time>
        <extensions>
          <gpxtpx:TrackPointExtension>
            <gpxtpx:hr>92</gpxtpx:hr>
            <gpxtpx:cad>77</gpxtpx:cad>
            <gpxtpx:atemp>298.65</gpxtpx:atemp>
          </gpxtpx:TrackPointExtension>
        </extensions>
      </trkpt>
      <trkpt lat="30.779169" lon="34.945634">
        <ele>211.8</ele>
        <time>2026-03-17T04:26:51.000Z</time>
        <extensions>
          <gpxtpx:TrackPointExtension>
            <gpxtpx:hr>100</gpxtpx:hr>
            <gpxtpx:cad>76</gpxtpx:cad>
            <gpxtpx:atemp>298.65</gpxtpx:atemp>
          </gpxtpx:TrackPointExtension>
        </extensions>
      </trkpt>
      <trkpt lat="30.778978" lon="34.945570">
        <ele>212.8</ele>
        <time>2026-03-17T04:27:00.000Z</time>
        <extensions>
          <gpxtpx:TrackPointExtension>
            <gpxtpx:hr>110</gpxtpx:hr>
            <gpxtpx:cad>76</gpxtpx:cad>
            <gpxtpx:atemp>297.65</gpxtpx:atemp>
          </gpxtpx:TrackPointExtension>
        </extensions>
      </trkpt>
      <trkpt lat="30.778927" lon="34.945533">
        <ele>212.9</ele>
        <time>2026-03-17T04:27:03.000Z</time>
        <extensions>
          <gpxtpx:TrackPointExtension>
            <gpxtpx:hr>113</gpxtpx:hr>
            <gpxtpx:cad>76</gpxtpx:cad>
            <gpxtpx:atemp>297.65</gpxtpx:atemp>
          </gpxtpx:TrackPointExtension>
        </extensions>
      </trkpt>
      <trkpt lat="30.778785" lon="34.945412">
        <ele>212.9</ele>
        <time>2026-03-17T04:27:11.000Z</time>
        <extensions>
          <gpxtpx:TrackPointExtension>
            <gpxtpx:hr>121</gpxtpx:hr>
            <gpxtpx:cad>78</gpxtpx:cad>
            <gpxtpx:atemp>297.65</gpxtpx:atemp>
          </gpxtpx:TrackPointExtension>
        </extensions>
      </trkpt>
      <trkpt lat="30.778709" lon="34.945384">
        <ele>212.9</ele>
        <time>2026-03-17T04:27:16.000Z</time>
        <extensions>
          <gpxtpx:TrackPointExtension>
            <gpxtpx:hr>126</gpxtpx:hr>
            <gpxtpx:cad>0</gpxtpx:cad>
            <gpxtpx:atemp>296.65</gpxtpx:atemp>
          </gpxtpx:TrackPointExtension>
        </extensions>
      </trkpt>
      <trkpt lat="30.778607" lon="34.945354">
        <ele>212.8</ele>
        <time>2026-03-17T04:27:25.000Z</time>
        <extensions>
          <gpxtpx:TrackPointExtension>
            <gpxtpx:hr>123</gpxtpx:hr>
            <gpxtpx:cad>51</gpxtpx:cad>
            <gpxtpx:atemp>296.65</gpxtpx:atemp>
          </gpxtpx:TrackPointExtension>
        </extensions>
      </trkpt>
      <trkpt lat="30.778468" lon="34.945315">
        <ele>212.6</ele>
        <time>2026-03-17T04:27:38.000Z</time>
        <extensions>
          <gpxtpx:TrackPointExtension>
            <gpxtpx:hr>130</gpxtpx:hr>
            <gpxtpx:cad>52</gpxtpx:cad>
            <gpxtpx:atemp>296.65</gpxtpx:atemp>
          </gpxtpx:TrackPointExtension>
        </extensions>
      </trkpt>
      <trkpt lat="30.778412" lon="34.945309">
        <ele>212.8</ele>
        <time>2026-03-17T04:27:43.000Z</time>
        <extensions>
          <gpxtpx:TrackPointExtension>
            <gpxtpx:hr>132</gpxtpx:hr>
            <gpxtpx:cad>50</gpxtpx:cad>
            <gpxtpx:atemp>296.65</gpxtpx:atemp>
          </gpxtpx:TrackPointExtension>
        </extensions>
      </trkpt>
      <trkpt lat="30.778334" lon="34.945279">
        <ele>213.0</ele>
        <time>2026-03-17T04:27:48.000Z</time>
        <extensions>
          <gpxtpx:TrackPointExtension>
            <gpxtpx:hr>133</gpxtpx:hr>
            <gpxtpx:cad>50</gpxtpx:cad>
            <gpxtpx:atemp>296.65</gpxtpx:atemp>
          </gpxtpx:TrackPointExtension>
        </extensions>
      </trkpt>
      <trkpt lat="30.778240" lon="34.945197">
        <ele>213.0</ele>
        <time>2026-03-17T04:27:54.000Z</time>
        <extensions>
          <gpxtpx:TrackPointExtension>
            <gpxtpx:hr>132</gpxtpx:hr>
            <gpxtpx:cad>73</gpxtpx:cad>
            <gpxtpx:atemp>296.65</gpxtpx:atemp>
          </gpxtpx:TrackPointExtension>
        </extensions>
      </trkpt>
      <trkpt lat="30.778227" lon="34.945181">
        <ele>213.0</ele>
        <time>2026-03-17T04:27:55.000Z</time>
        <extensions>
          <gpxtpx:TrackPointExtension>
            <gpxtpx:hr>133</gpxtpx:hr>
            <gpxtpx:cad>73</gpxtpx:cad>
            <gpxtpx:atemp>296.65</gpxtpx:atemp>
          </gpxtpx:TrackPointExtension>
        </extensions>
      </trkpt>
      <trkpt lat="30.778043" lon="34.945015">
        <ele>213.1</ele>
        <time>2026-03-17T04:28:07.000Z</time>
        <extensions>
          <gpxtpx:TrackPointExtension>
            <gpxtpx:hr>136</gpxtpx:hr>
            <gpxtpx:cad>76</gpxtpx:cad>
            <gpxtpx:atemp>296.65</gpxtpx:atemp>
          </gpxtpx:TrackPointExtension>
        </extensions>
      </trkpt>
      <trkpt lat="30.777961" lon="34.944952">
        <ele>213.2</ele>
        <time>2026-03-17T04:28:12.000Z</time>
        <extensions>
          <gpxtpx:TrackPointExtension>
            <gpxtpx:hr>137</gpxtpx:hr>
            <gpxtpx:cad>76</gpxtpx:cad>
            <gpxtpx:atemp>295.65</gpxtpx:atemp>
          </gpxtpx:TrackPointExtension>
        </extensions>
      </trkpt>
      <trkpt lat="30.777820" lon="34.944802">
        <ele>214.0</ele>
        <time>2026-03-17T04:28:21.000Z</time>
        <extensions>
          <gpxtpx:TrackPointExtension>
            <gpxtpx:hr>141</gpxtpx:hr>
            <gpxtpx:cad>77</gpxtpx:cad>
            <gpxtpx:atemp>295.65</gpxtpx:atemp>
          </gpxtpx:TrackPointExtension>
        </extensions>
      </trkpt>
      <trkpt lat="30.777730" lon="34.944720">
        <ele>215.0</ele>
        <time>2026-03-17T04:28:27.000Z</time>
        <extensions>
          <gpxtpx:TrackPointExtension>
            <gpxtpx:hr>144</gpxtpx:hr>
            <gpxtpx:cad>76</gpxtpx:cad>
            <gpxtpx:atemp>295.65</gpxtpx:atemp>
          </gpxtpx:TrackPointExtension>
        </extensions>
      </trkpt>
      <trkpt lat="30.777569" lon="34.944576">
        <ele>217.0</ele>
        <time>2026-03-17T04:28:37.000Z</time>
        <extensions>
          <gpxtpx:TrackPointExtension>
            <gpxtpx:hr>148</gpxtpx:hr>
            <gpxtpx:cad>76</gpxtpx:cad>
            <gpxtpx:atemp>295.65</gpxtpx:atemp>
          </gpxtpx:TrackPointExtension>
        </extensions>
      </trkpt>
      <trkpt lat="30.777497" lon="34.944499">
        <ele>218.3</ele>
        <time>2026-03-17T04:28:42.000Z</time>
        <extensions>
          <gpxtpx:TrackPointExtension>
            <gpxtpx:hr>149</gpxtpx:hr>
            <gpxtpx:cad>76</gpxtpx:cad>
            <gpxtpx:atemp>295.65</gpxtpx:atemp>
          </gpxtpx:TrackPointExtension>
        </extensions>
      </trkpt>
      <trkpt lat="30.777441" lon="34.944407">
        <ele>219.5</ele>
        <time>2026-03-17T04:28:47.000Z</time>
        <extensions>
          <gpxtpx:TrackPointExtension>
            <gpxtpx:hr>149</gpxtpx:hr>
            <gpxtpx:cad>75</gpxtpx:cad>
            <gpxtpx:atemp>294.65</gpxtpx:atemp>
          </gpxtpx:TrackPointExtension>
        </extensions>
      </trkpt>
      <trkpt lat="30.777377" lon="34.944203">
        <ele>221.5</ele>
        <time>2026-03-17T04:28:56.000Z</time>
        <extensions>
          <gpxtpx:TrackPointExtension>
            <gpxtpx:hr>150</gpxtpx:hr>
            <gpxtpx:cad>76</gpxtpx:cad>
            <gpxtpx:atemp>294.65</gpxtpx:atemp>
          </gpxtpx:TrackPointExtension>
        </extensions>
      </trkpt>
      <trkpt lat="30.777357" lon="34.944030">
        <ele>223.0</ele>
        <time>2026-03-17T04:29:07.000Z</time>
        <extensions>
          <gpxtpx:TrackPointExtension>
            <gpxtpx:hr>151</gpxtpx:hr>
            <gpxtpx:cad>77</gpxtpx:cad>
            <gpxtpx:atemp>294.65</gpxtpx:atemp>
          </gpxtpx:TrackPointExtension>
        </extensions>
      </trkpt>
      <trkpt lat="30.777316" lon="34.943955">
        <ele>224.3</ele>
        <time>2026-03-17T04:29:13.000Z</time>
        <extensions>
          <gpxtpx:TrackPointExtension>
            <gpxtpx:hr>152</gpxtpx:hr>
            <gpxtpx:cad>48</gpxtpx:cad>
            <gpxtpx:atemp>294.65</gpxtpx:atemp>
          </gpxtpx:TrackPointExtension>
        </extensions>
      </trkpt>
      <trkpt lat="30.777249" lon="34.943883">
        <ele>225.8</ele>
        <time>2026-03-17T04:29:20.000Z</time>
        <extensions>
          <gpxtpx:TrackPointExtension>
            <gpxtpx:hr>154</gpxtpx:hr>
            <gpxtpx:cad>53</gpxtpx:cad>
            <gpxtpx:atemp>294.65</gpxtpx:atemp>
          </gpxtpx:TrackPointExtension>
        </extensions>
      </trkpt>
      <trkpt lat="30.777115" lon="34.943782">
        <ele>228.3</ele>
        <time>2026-03-17T04:29:32.000Z</time>
        <extensions>
          <gpxtpx:TrackPointExtension>
            <gpxtpx:hr>155</gpxtpx:hr>
            <gpxtpx:cad>55</gpxtpx:cad>
            <gpxtpx:atemp>294.65</gpxtpx:atemp>
          </gpxtpx:TrackPointExtension>
        </extensions>
      </trkpt>
      <trkpt lat="30.777070" lon="34.943756">
        <ele>229.0</ele>
        <time>2026-03-17T04:29:36.000Z</time>
        <extensions>
          <gpxtpx:TrackPointExtension>
            <gpxtpx:hr>155</gpxtpx:hr>
            <gpxtpx:cad>55</gpxtpx:cad>
            <gpxtpx:atemp>295.65</gpxtpx:atemp>
          </gpxtpx:TrackPointExtension>
        </extensions>
      </trkpt>
      <trkpt lat="30.776944" lon="34.943659">
        <ele>230.2</ele>
        <time>2026-03-17T04:29:47.000Z</time>
        <extensions>
          <gpxtpx:TrackPointExtension>
            <gpxtpx:hr>153</gpxtpx:hr>
            <gpxtpx:cad>56</gpxtpx:cad>
            <gpxtpx:atemp>294.65</gpxtpx:atemp>
          </gpxtpx:TrackPointExtension>
        </extensions>
      </trkpt>
      <trkpt lat="30.776874" lon="34.943624">
        <ele>230.7</ele>
        <time>2026-03-17T04:29:54.000Z</time>
        <extensions>
          <gpxtpx:TrackPointExtension>
            <gpxtpx:hr>152</gpxtpx:hr>
            <gpxtpx:cad>55</gpxtpx:cad>
            <gpxtpx:atemp>294.65</gpxtpx:atemp>
          </gpxtpx:TrackPointExtension>
        </extensions>
      </trkpt>
      <trkpt lat="30.776811" lon="34.943578">
        <ele>231.2</ele>
        <time>2026-03-17T04:30:00.000Z</time>
        <extensions>
          <gpxtpx:TrackPointExtension>
            <gpxtpx:hr>153</gpxtpx:hr>
            <gpxtpx:cad>51</gpxtpx:cad>
            <gpxtpx:atemp>294.65</gpxtpx:atemp>
          </gpxtpx:TrackPointExtension>
        </extensions>
      </trkpt>
      <trkpt lat="30.776683" lon="34.943439">
        <ele>232.1</ele>
        <time>2026-03-17T04:30:11.000Z</time>
        <extensions>
          <gpxtpx:TrackPointExtension>
            <gpxtpx:hr>152</gpxtpx:hr>
            <gpxtpx:cad>55</gpxtpx:cad>
            <gpxtpx:atemp>295.65</gpxtpx:atemp>
          </gpxtpx:TrackPointExtension>
        </extensions>
      </trkpt>
      <trkpt lat="30.776472" lon="34.943267">
        <ele>232.5</ele>
        <time>2026-03-17T04:30:24.000Z</time>
        <extensions>
          <gpxtpx:TrackPointExtension>
            <gpxtpx:hr>148</gpxtpx:hr>
            <gpxtpx:cad>77</gpxtpx:cad>
            <gpxtpx:atemp>294.65</gpxtpx:atemp>
          </gpxtpx:TrackPointExtension>
        </extensions>
      </trkpt>
      <trkpt lat="30.776320" lon="34.943139">
        <ele>232.4</ele>
        <time>2026-03-17T04:30:33.000Z</time>
        <extensions>
          <gpxtpx:TrackPointExtension>
            <gpxtpx:hr>147</gpxtpx:hr>
            <gpxtpx:cad>76</gpxtpx:cad>
            <gpxtpx:atemp>294.65</gpxtpx:atemp>
          </gpxtpx:TrackPointExtension>
        </extensions>
      </trkpt>
      <trkpt lat="30.776203" lon="34.943047">
        <ele>232.3</ele>
        <time>2026-03-17T04:30:40.000Z</time>
        <extensions>
          <gpxtpx:TrackPointExtension>
            <gpxtpx:hr>147</gpxtpx:hr>
            <gpxtpx:cad>77</gpxtpx:cad>
            <gpxtpx:atemp>294.65</gpxtpx:atemp>
          </gpxtpx:TrackPointExtension>
        </extensions>
      </trkpt>
      <trkpt lat="30.776123" lon="34.942983">
        <ele>232.2</ele>
        <time>2026-03-17T04:30:45.000Z</time>
        <extensions>
          <gpxtpx:TrackPointExtension>
            <gpxtpx:hr>148</gpxtpx:hr>
            <gpxtpx:cad>77</gpxtpx:cad>
            <gpxtpx:atemp>294.65</gpxtpx:atemp>
          </gpxtpx:TrackPointExtension>
        </extensions>
      </trkpt>
      <trkpt lat="30.775967" lon="34.942827">
        <ele>232.3</ele>
        <time>2026-03-17T04:30:55.000Z</time>
        <extensions>
          <gpxtpx:TrackPointExtension>
            <gpxtpx:hr>150</gpxtpx:hr>
            <gpxtpx:cad>78</gpxtpx:cad>
            <gpxtpx:atemp>294.65</gpxtpx:atemp>
          </gpxtpx:TrackPointExtension>
        </extensions>
      </trkpt>
      <trkpt lat="30.775827" lon="34.942680">
        <ele>232.3</ele>
        <time>2026-03-17T04:31:04.000Z</time>
        <extensions>
          <gpxtpx:TrackPointExtension>
            <gpxtpx:hr>154</gpxtpx:hr>
            <gpxtpx:cad>78</gpxtpx:cad>
            <gpxtpx:atemp>293.65</gpxtpx:atemp>
          </gpxtpx:TrackPointExtension>
        </extensions>
      </trkpt>
      <trkpt lat="30.775765" lon="34.942631">
        <ele>232.3</ele>
        <time>2026-03-17T04:31:08.000Z</time>
        <extensions>
          <gpxtpx:TrackPointExtension>
            <gpxtpx:hr>156</gpxtpx:hr>
            <gpxtpx:cad>77</gpxtpx:cad>
            <gpxtpx:atemp>293.65</gpxtpx:atemp>
          </gpxtpx:TrackPointExtension>
        </extensions>
      </trkpt>
      <trkpt lat="30.775700" lon="34.942539">
        <ele>232.4</ele>
        <time>2026-03-17T04:31:16.000Z</time>
        <extensions>
          <gpxtpx:TrackPointExtension>
            <gpxtpx:hr>156</gpxtpx:hr>
            <gpxtpx:cad>58</gpxtpx:cad>
            <gpxtpx:atemp>293.65</gpxtpx:atemp>
          </gpxtpx:TrackPointExtension>
        </extensions>
      </trkpt>
      <trkpt lat="30.775620" lon="34.942452">
        <ele>232.8</ele>
        <time>2026-03-17T04:31:24.000Z</time>
        <extensions>
          <gpxtpx:TrackPointExtension>
            <gpxtpx:hr>156</gpxtpx:hr>
            <gpxtpx:cad>57</gpxtpx:cad>
            <gpxtpx:atemp>293.65</gpxtpx:atemp>
          </gpxtpx:TrackPointExtension>
        </extensions>
      </trkpt>
      <trkpt lat="30.775506" lon="34.942317">
        <ele>233.2</ele>
        <time>2026-03-17T04:31:36.000Z</time>
        <extensions>
          <gpxtpx:TrackPointExtension>
            <gpxtpx:hr>153</gpxtpx:hr>
            <gpxtpx:cad>56</gpxtpx:cad>
            <gpxtpx:atemp>294.65</gpxtpx:atemp>
          </gpxtpx:TrackPointExtension>
        </extensions>
      </trkpt>
      <trkpt lat="30.775430" lon="34.942233">
        <ele>233.5</ele>
        <time>2026-03-17T04:31:43.000Z</time>
        <extensions>
          <gpxtpx:TrackPointExtension>
            <gpxtpx:hr>152</gpxtpx:hr>
            <gpxtpx:cad>55</gpxtpx:cad>
            <gpxtpx:atemp>294.65</gpxtpx:atemp>
          </gpxtpx:TrackPointExtension>
        </extensions>
      </trkpt>
      <trkpt lat="30.775305" lon="34.942079">
        <ele>234.0</ele>
        <time>2026-03-17T04:31:52.000Z</time>
        <extensions>
          <gpxtpx:TrackPointExtension>
            <gpxtpx:hr>144</gpxtpx:hr>
            <gpxtpx:cad>74</gpxtpx:cad>
            <gpxtpx:atemp>294.65</gpxtpx:atemp>
          </gpxtpx:TrackPointExtension>
        </extensions>
      </trkpt>
      <trkpt lat="30.775189" lon="34.941909">
        <ele>234.0</ele>
        <time>2026-03-17T04:32:01.000Z</time>
        <extensions>
          <gpxtpx:TrackPointExtension>
            <gpxtpx:hr>123</gpxtpx:hr>
            <gpxtpx:cad>76</gpxtpx:cad>
            <gpxtpx:atemp>294.65</gpxtpx:atemp>
          </gpxtpx:TrackPointExtension>
        </extensions>
      </trkpt>
      <trkpt lat="30.775096" lon="34.941792">
        <ele>234.2</ele>
        <time>2026-03-17T04:32:08.000Z</time>
        <extensions>
          <gpxtpx:TrackPointExtension>
            <gpxtpx:hr>124</gpxtpx:hr>
            <gpxtpx:cad>76</gpxtpx:cad>
            <gpxtpx:atemp>294.65</gpxtpx:atemp>
          </gpxtpx:TrackPointExtension>
        </extensions>
      </trkpt>
      <trkpt lat="30.775014" lon="34.941698">
        <ele>234.5</ele>
        <time>2026-03-17T04:32:14.000Z</time>
        <extensions>
          <gpxtpx:TrackPointExtension>
            <gpxtpx:hr>125</gpxtpx:hr>
            <gpxtpx:cad>76</gpxtpx:cad>
            <gpxtpx:atemp>294.65</gpxtpx:atemp>
          </gpxtpx:TrackPointExtension>
        </extensions>
      </trkpt>
      <trkpt lat="30.774990" lon="34.941655">
        <ele>234.5</ele>
        <time>2026-03-17T04:32:16.000Z</time>
        <extensions>
          <gpxtpx:TrackPointExtension>
            <gpxtpx:hr>126</gpxtpx:hr>
            <gpxtpx:cad>77</gpxtpx:cad>
            <gpxtpx:atemp>294.65</gpxtpx:atemp>
          </gpxtpx:TrackPointExtension>
        </extensions>
      </trkpt>
      <trkpt lat="30.774891" lon="34.941535">
        <ele>234.9</ele>
        <time>2026-03-17T04:32:23.000Z</time>
        <extensions>
          <gpxtpx:TrackPointExtension>
            <gpxtpx:hr>128</gpxtpx:hr>
            <gpxtpx:cad>77</gpxtpx:cad>
            <gpxtpx:atemp>294.65</gpxtpx:atemp>
          </gpxtpx:TrackPointExtension>
        </extensions>
      </trkpt>
      <trkpt lat="30.774721" lon="34.941363">
        <ele>236.1</ele>
        <time>2026-03-17T04:32:34.000Z</time>
        <extensions>
          <gpxtpx:TrackPointExtension>
            <gpxtpx:hr>130</gpxtpx:hr>
            <gpxtpx:cad>77</gpxtpx:cad>
            <gpxtpx:atemp>294.65</gpxtpx:atemp>
          </gpxtpx:TrackPointExtension>
        </extensions>
      </trkpt>
      <trkpt lat="30.774704" lon="34.941351">
        <ele>236.2</ele>
        <time>2026-03-17T04:32:35.000Z</time>
        <extensions>
          <gpxtpx:TrackPointExtension>
            <gpxtpx:hr>130</gpxtpx:hr>
            <gpxtpx:cad>76</gpxtpx:cad>
            <gpxtpx:atemp>294.65</gpxtpx:atemp>
          </gpxtpx:TrackPointExtension>
        </extensions>
      </trkpt>
      <trkpt lat="30.774596" lon="34.941243">
        <ele>237.0</ele>
        <time>2026-03-17T04:32:42.000Z</time>
        <extensions>
          <gpxtpx:TrackPointExtension>
            <gpxtpx:hr>131</gpxtpx:hr>
            <gpxtpx:cad>76</gpxtpx:cad>
            <gpxtpx:atemp>294.65</gpxtpx:atemp>
          </gpxtpx:TrackPointExtension>
        </extensions>
      </trkpt>
      <trkpt lat="30.774381" lon="34.941083">
        <ele>237.4</ele>
        <time>2026-03-17T04:32:55.000Z</time>
        <extensions>
          <gpxtpx:TrackPointExtension>
            <gpxtpx:hr>133</gpxtpx:hr>
            <gpxtpx:cad>76</gpxtpx:cad>
            <gpxtpx:atemp>293.65</gpxtpx:atemp>
          </gpxtpx:TrackPointExtension>
        </extensions>
      </trkpt>
      <trkpt lat="30.774364" lon="34.941062">
        <ele>237.5</ele>
        <time>2026-03-17T04:32:56.000Z</time>
        <extensions>
          <gpxtpx:TrackPointExtension>
            <gpxtpx:hr>133</gpxtpx:hr>
            <gpxtpx:cad>76</gpxtpx:cad>
            <gpxtpx:atemp>293.65</gpxtpx:atemp>
          </gpxtpx:TrackPointExtension>
        </extensions>
      </trkpt>
      <trkpt lat="30.774205" lon="34.940960">
        <ele>238.4</ele>
        <time>2026-03-17T04:33:05.000Z</time>
        <extensions>
          <gpxtpx:TrackPointExtension>
            <gpxtpx:hr>135</gpxtpx:hr>
            <gpxtpx:cad>78</gpxtpx:cad>
            <gpxtpx:atemp>293.65</gpxtpx:atemp>
          </gpxtpx:TrackPointExtension>
        </extensions>
      </trkpt>
      <trkpt lat="30.774094" lon="34.940885">
        <ele>239.1</ele>
        <time>2026-03-17T04:33:11.000Z</time>
        <extensions>
          <gpxtpx:TrackPointExtension>
            <gpxtpx:hr>136</gpxtpx:hr>
            <gpxtpx:cad>78</gpxtpx:cad>
            <gpxtpx:atemp>293.65</gpxtpx:atemp>
          </gpxtpx:TrackPointExtension>
        </extensions>
      </trkpt>
      <trkpt lat="30.773977" lon="34.940795">
        <ele>239.8</ele>
        <time>2026-03-17T04:33:18.000Z</time>
        <extensions>
          <gpxtpx:TrackPointExtension>
            <gpxtpx:hr>137</gpxtpx:hr>
            <gpxtpx:cad>77</gpxtpx:cad>
            <gpxtpx:atemp>293.65</gpxtpx:atemp>
          </gpxtpx:TrackPointExtension>
        </extensions>
      </trkpt>
      <trkpt lat="30.773826" lon="34.940646">
        <ele>241.0</ele>
        <time>2026-03-17T04:33:28.000Z</time>
        <extensions>
          <gpxtpx:TrackPointExtension>
            <gpxtpx:hr>139</gpxtpx:hr>
            <gpxtpx:cad>76</gpxtpx:cad>
            <gpxtpx:atemp>293.65</gpxtpx:atemp>
          </gpxtpx:TrackPointExtension>
        </extensions>
      </trkpt>
      <trkpt lat="30.773813" lon="34.940625">
        <ele>241.2</ele>
        <time>2026-03-17T04:33:29.000Z</time>
        <extensions>
          <gpxtpx:TrackPointExtension>
            <gpxtpx:hr>140</gpxtpx:hr>
            <gpxtpx:cad>75</gpxtpx:cad>
            <gpxtpx:atemp>293.65</gpxtpx:atemp>
          </gpxtpx:TrackPointExtension>
        </extensions>
      </trkpt>
      <trkpt lat="30.773697" lon="34.940497">
        <ele>242.6</ele>
        <time>2026-03-17T04:33:37.000Z</time>
        <extensions>
          <gpxtpx:TrackPointExtension>
            <gpxtpx:hr>140</gpxtpx:hr>
            <gpxtpx:cad>74</gpxtpx:cad>
            <gpxtpx:atemp>293.65</gpxtpx:atemp>
          </gpxtpx:TrackPointExtension>
        </extensions>
      </trkpt>
      <trkpt lat="30.773568" lon="34.940398">
        <ele>243.7</ele>
        <time>2026-03-17T04:33:45.000Z</time>
        <extensions>
          <gpxtpx:TrackPointExtension>
            <gpxtpx:hr>139</gpxtpx:hr>
            <gpxtpx:cad>76</gpxtpx:cad>
            <gpxtpx:atemp>293.65</gpxtpx:atemp>
          </gpxtpx:TrackPointExtension>
        </extensions>
      </trkpt>
      <trkpt lat="30.773466" lon="34.940304">
        <ele>244.4</ele>
        <time>2026-03-17T04:33:52.000Z</time>
        <extensions>
          <gpxtpx:TrackPointExtension>
            <gpxtpx:hr>138</gpxtpx:hr>
            <gpxtpx:cad>74</gpxtpx:cad>
            <gpxtpx:atemp>293.65</gpxtpx:atemp>
          </gpxtpx:TrackPointExtension>
        </extensions>
      </trkpt>
      <trkpt lat="30.773416" lon="34.940231">
        <ele>245.0</ele>
        <time>2026-03-17T04:33:56.000Z</time>
        <extensions>
          <gpxtpx:TrackPointExtension>
            <gpxtpx:hr>137</gpxtpx:hr>
            <gpxtpx:cad>74</gpxtpx:cad>
            <gpxtpx:atemp>293.65</gpxtpx:atemp>
          </gpxtpx:TrackPointExtension>
        </extensions>
      </trkpt>
      <trkpt lat="30.773313" lon="34.940133">
        <ele>246.2</ele>
        <time>2026-03-17T04:34:03.000Z</time>
        <extensions>
          <gpxtpx:TrackPointExtension>
            <gpxtpx:hr>136</gpxtpx:hr>
            <gpxtpx:cad>76</gpxtpx:cad>
            <gpxtpx:atemp>293.65</gpxtpx:atemp>
          </gpxtpx:TrackPointExtension>
        </extensions>
      </trkpt>
      <trkpt lat="30.773144" lon="34.940012">
        <ele>247.6</ele>
        <time>2026-03-17T04:34:14.000Z</time>
        <extensions>
          <gpxtpx:TrackPointExtension>
            <gpxtpx:hr>136</gpxtpx:hr>
            <gpxtpx:cad>75</gpxtpx:cad>
            <gpxtpx:atemp>293.65</gpxtpx:atemp>
          </gpxtpx:TrackPointExtension>
        </extensions>
      </trkpt>
      <trkpt lat="30.773087" lon="34.939953">
        <ele>248.1</ele>
        <time>2026-03-17T04:34:19.000Z</time>
        <extensions>
          <gpxtpx:TrackPointExtension>
            <gpxtpx:hr>137</gpxtpx:hr>
            <gpxtpx:cad>0</gpxtpx:cad>
            <gpxtpx:atemp>293.65</gpxtpx:atemp>
          </gpxtpx:TrackPointExtension>
        </extensions>
      </trkpt>
      <trkpt lat="30.773007" lon="34.939899">
        <ele>248.5</ele>
        <time>2026-03-17T04:34:24.000Z</time>
        <extensions>
          <gpxtpx:TrackPointExtension>
            <gpxtpx:hr>137</gpxtpx:hr>
            <gpxtpx:cad>0</gpxtpx:cad>
            <gpxtpx:atemp>293.65</gpxtpx:atemp>
          </gpxtpx:TrackPointExtension>
        </extensions>
      </trkpt>
      <trkpt lat="30.772964" lon="34.939848">
        <ele>248.9</ele>
        <time>2026-03-17T04:34:28.000Z</time>
        <extensions>
          <gpxtpx:TrackPointExtension>
            <gpxtpx:hr>137</gpxtpx:hr>
            <gpxtpx:cad>72</gpxtpx:cad>
            <gpxtpx:atemp>293.65</gpxtpx:atemp>
          </gpxtpx:TrackPointExtension>
        </extensions>
      </trkpt>
      <trkpt lat="30.772855" lon="34.939689">
        <ele>249.5</ele>
        <time>2026-03-17T04:34:38.000Z</time>
        <extensions>
          <gpxtpx:TrackPointExtension>
            <gpxtpx:hr>138</gpxtpx:hr>
            <gpxtpx:cad>72</gpxtpx:cad>
            <gpxtpx:atemp>293.65</gpxtpx:atemp>
          </gpxtpx:TrackPointExtension>
        </extensions>
      </trkpt>
      <trkpt lat="30.772791" lon="34.939581">
        <ele>249.5</ele>
        <time>2026-03-17T04:34:50.000Z</time>
        <extensions>
          <gpxtpx:TrackPointExtension>
            <gpxtpx:hr>137</gpxtpx:hr>
            <gpxtpx:cad>51</gpxtpx:cad>
            <gpxtpx:atemp>293.65</gpxtpx:atemp>
          </gpxtpx:TrackPointExtension>
        </extensions>
      </trkpt>
      <trkpt lat="30.772673" lon="34.939479">
        <ele>249.1</ele>
        <time>2026-03-17T04:34:59.000Z</time>
        <extensions>
          <gpxtpx:TrackPointExtension>
            <gpxtpx:hr>134</gpxtpx:hr>
            <gpxtpx:cad>70</gpxtpx:cad>
            <gpxtpx:atemp>294.65</gpxtpx:atemp>
          </gpxtpx:TrackPointExtension>
        </extensions>
      </trkpt>
      <trkpt lat="30.772587" lon="34.939383">
        <ele>248.8</ele>
        <time>2026-03-17T04:35:05.000Z</time>
        <extensions>
          <gpxtpx:TrackPointExtension>
            <gpxtpx:hr>132</gpxtpx:hr>
            <gpxtpx:cad>73</gpxtpx:cad>
            <gpxtpx:atemp>294.65</gpxtpx:atemp>
          </gpxtpx:TrackPointExtension>
        </extensions>
      </trkpt>
      <trkpt lat="30.772503" lon="34.939356">
        <ele>248.5</ele>
        <time>2026-03-17T04:35:10.000Z</time>
        <extensions>
          <gpxtpx:TrackPointExtension>
            <gpxtpx:hr>133</gpxtpx:hr>
            <gpxtpx:cad>75</gpxtpx:cad>
            <gpxtpx:atemp>294.65</gpxtpx:atemp>
          </gpxtpx:TrackPointExtension>
        </extensions>
      </trkpt>
      <trkpt lat="30.772369" lon="34.939287">
        <ele>247.9</ele>
        <time>2026-03-17T04:35:18.000Z</time>
        <extensions>
          <gpxtpx:TrackPointExtension>
            <gpxtpx:hr>134</gpxtpx:hr>
            <gpxtpx:cad>74</gpxtpx:cad>
            <gpxtpx:atemp>294.65</gpxtpx:atemp>
          </gpxtpx:TrackPointExtension>
        </extensions>
      </trkpt>
      <trkpt lat="30.772279" lon="34.939265">
        <ele>247.2</ele>
        <time>2026-03-17T04:35:23.000Z</time>
        <extensions>
          <gpxtpx:TrackPointExtension>
            <gpxtpx:hr>134</gpxtpx:hr>
            <gpxtpx:cad>74</gpxtpx:cad>
            <gpxtpx:atemp>294.65</gpxtpx:atemp>
          </gpxtpx:TrackPointExtension>
        </extensions>
      </trkpt>
      <trkpt lat="30.772150" lon="34.939231">
        <ele>246.4</ele>
        <time>2026-03-17T04:35:30.000Z</time>
        <extensions>
          <gpxtpx:TrackPointExtension>
            <gpxtpx:hr>134</gpxtpx:hr>
            <gpxtpx:cad>73</gpxtpx:cad>
            <gpxtpx:atemp>294.65</gpxtpx:atemp>
          </gpxtpx:TrackPointExtension>
        </extensions>
      </trkpt>
      <trkpt lat="30.772049" lon="34.939235">
        <ele>245.9</ele>
        <time>2026-03-17T04:35:35.000Z</time>
        <extensions>
          <gpxtpx:TrackPointExtension>
            <gpxtpx:hr>135</gpxtpx:hr>
            <gpxtpx:cad>76</gpxtpx:cad>
            <gpxtpx:atemp>294.65</gpxtpx:atemp>
          </gpxtpx:TrackPointExtension>
        </extensions>
      </trkpt>
      <trkpt lat="30.771934" lon="34.939196">
        <ele>245.5</ele>
        <time>2026-03-17T04:35:41.000Z</time>
        <extensions>
          <gpxtpx:TrackPointExtension>
            <gpxtpx:hr>136</gpxtpx:hr>
            <gpxtpx:cad>77</gpxtpx:cad>
            <gpxtpx:atemp>294.65</gpxtpx:atemp>
          </gpxtpx:TrackPointExtension>
        </extensions>
      </trkpt>
      <trkpt lat="30.771836" lon="34.939161">
        <ele>245.1</ele>
        <time>2026-03-17T04:35:47.000Z</time>
        <extensions>
          <gpxtpx:TrackPointExtension>
            <gpxtpx:hr>138</gpxtpx:hr>
            <gpxtpx:cad>76</gpxtpx:cad>
            <gpxtpx:atemp>294.65</gpxtpx:atemp>
          </gpxtpx:TrackPointExtension>
        </extensions>
      </trkpt>
      <trkpt lat="30.771727" lon="34.939143">
        <ele>244.9</ele>
        <time>2026-03-17T04:35:56.000Z</time>
        <extensions>
          <gpxtpx:TrackPointExtension>
            <gpxtpx:hr>138</gpxtpx:hr>
            <gpxtpx:cad>56</gpxtpx:cad>
            <gpxtpx:atemp>294.65</gpxtpx:atemp>
          </gpxtpx:TrackPointExtension>
        </extensions>
      </trkpt>
      <trkpt lat="30.771518" lon="34.939130">
        <ele>244.6</ele>
        <time>2026-03-17T04:36:12.000Z</time>
        <extensions>
          <gpxtpx:TrackPointExtension>
            <gpxtpx:hr>132</gpxtpx:hr>
            <gpxtpx:cad>55</gpxtpx:cad>
            <gpxtpx:atemp>294.65</gpxtpx:atemp>
          </gpxtpx:TrackPointExtension>
        </extensions>
      </trkpt>
      <trkpt lat="30.771445" lon="34.939108">
        <ele>244.4</ele>
        <time>2026-03-17T04:36:18.000Z</time>
        <extensions>
          <gpxtpx:TrackPointExtension>
            <gpxtpx:hr>129</gpxtpx:hr>
            <gpxtpx:cad>55</gpxtpx:cad>
            <gpxtpx:atemp>294.65</gpxtpx:atemp>
          </gpxtpx:TrackPointExtension>
        </extensions>
      </trkpt>
      <trkpt lat="30.771316" lon="34.939109">
        <ele>243.9</ele>
        <time>2026-03-17T04:36:37.000Z</time>
        <extensions>
          <gpxtpx:TrackPointExtension>
            <gpxtpx:hr>114</gpxtpx:hr>
            <gpxtpx:cad>0</gpxtpx:cad>
            <gpxtpx:atemp>295.65</gpxtpx:atemp>
          </gpxtpx:TrackPointExtension>
        </extensions>
      </trkpt>
      <trkpt lat="30.771148" lon="34.939049">
        <ele>243.6</ele>
        <time>2026-03-17T04:36:47.000Z</time>
        <extensions>
          <gpxtpx:TrackPointExtension>
            <gpxtpx:hr>111</gpxtpx:hr>
            <gpxtpx:cad>73</gpxtpx:cad>
            <gpxtpx:atemp>295.65</gpxtpx:atemp>
          </gpxtpx:TrackPointExtension>
        </extensions>
      </trkpt>
      <trkpt lat="30.771019" lon="34.939043">
        <ele>243.2</ele>
        <time>2026-03-17T04:36:54.000Z</time>
        <extensions>
          <gpxtpx:TrackPointExtension>
            <gpxtpx:hr>118</gpxtpx:hr>
            <gpxtpx:cad>72</gpxtpx:cad>
            <gpxtpx:atemp>295.65</gpxtpx:atemp>
          </gpxtpx:TrackPointExtension>
        </extensions>
      </trkpt>
      <trkpt lat="30.770917" lon="34.939034">
        <ele>243.2</ele>
        <time>2026-03-17T04:37:00.000Z</time>
        <extensions>
          <gpxtpx:TrackPointExtension>
            <gpxtpx:hr>119</gpxtpx:hr>
            <gpxtpx:cad>71</gpxtpx:cad>
            <gpxtpx:atemp>295.65</gpxtpx:atemp>
          </gpxtpx:TrackPointExtension>
        </extensions>
      </trkpt>
      <trkpt lat="30.770801" lon="34.939002">
        <ele>243.7</ele>
        <time>2026-03-17T04:37:06.000Z</time>
        <extensions>
          <gpxtpx:TrackPointExtension>
            <gpxtpx:hr>121</gpxtpx:hr>
            <gpxtpx:cad>74</gpxtpx:cad>
            <gpxtpx:atemp>295.65</gpxtpx:atemp>
          </gpxtpx:TrackPointExtension>
        </extensions>
      </trkpt>
      <trkpt lat="30.770664" lon="34.939006">
        <ele>244.2</ele>
        <time>2026-03-17T04:37:13.000Z</time>
        <extensions>
          <gpxtpx:TrackPointExtension>
            <gpxtpx:hr>124</gpxtpx:hr>
            <gpxtpx:cad>76</gpxtpx:cad>
            <gpxtpx:atemp>295.65</gpxtpx:atemp>
          </gpxtpx:TrackPointExtension>
        </extensions>
      </trkpt>
      <trkpt lat="30.770431" lon="34.938970">
        <ele>245.2</ele>
        <time>2026-03-17T04:37:25.000Z</time>
        <extensions>
          <gpxtpx:TrackPointExtension>
            <gpxtpx:hr>129</gpxtpx:hr>
            <gpxtpx:cad>77</gpxtpx:cad>
            <gpxtpx:atemp>294.65</gpxtpx:atemp>
          </gpxtpx:TrackPointExtension>
        </extensions>
      </trkpt>
      <trkpt lat="30.770335" lon="34.938978">
        <ele>245.8</ele>
        <time>2026-03-17T04:37:31.000Z</time>
        <extensions>
          <gpxtpx:TrackPointExtension>
            <gpxtpx:hr>131</gpxtpx:hr>
            <gpxtpx:cad>76</gpxtpx:cad>
            <gpxtpx:atemp>294.65</gpxtpx:atemp>
          </gpxtpx:TrackPointExtension>
        </extensions>
      </trkpt>
      <trkpt lat="30.770282" lon="34.938924">
        <ele>246.3</ele>
        <time>2026-03-17T04:37:37.000Z</time>
        <extensions>
          <gpxtpx:TrackPointExtension>
            <gpxtpx:hr>132</gpxtpx:hr>
            <gpxtpx:cad>0</gpxtpx:cad>
            <gpxtpx:atemp>294.65</gpxtpx:atemp>
          </gpxtpx:TrackPointExtension>
        </extensions>
      </trkpt>
      <trkpt lat="30.770167" lon="34.938839">
        <ele>247.5</ele>
        <time>2026-03-17T04:37:44.000Z</time>
        <extensions>
          <gpxtpx:TrackPointExtension>
            <gpxtpx:hr>129</gpxtpx:hr>
            <gpxtpx:cad>73</gpxtpx:cad>
            <gpxtpx:atemp>294.65</gpxtpx:atemp>
          </gpxtpx:TrackPointExtension>
        </extensions>
      </trkpt>
      <trkpt lat="30.770106" lon="34.938777">
        <ele>248.2</ele>
        <time>2026-03-17T04:37:49.000Z</time>
        <extensions>
          <gpxtpx:TrackPointExtension>
            <gpxtpx:hr>129</gpxtpx:hr>
            <gpxtpx:cad>76</gpxtpx:cad>
            <gpxtpx:atemp>294.65</gpxtpx:atemp>
          </gpxtpx:TrackPointExtension>
        </extensions>
      </trkpt>
      <trkpt lat="30.770089" lon="34.938744">
        <ele>248.6</ele>
        <time>2026-03-17T04:38:09.000Z</time>
        <extensions>
          <gpxtpx:TrackPointExtension>
            <gpxtpx:hr>120</gpxtpx:hr>
            <gpxtpx:cad>0</gpxtpx:cad>
            <gpxtpx:atemp>295.65</gpxtpx:atemp>
          </gpxtpx:TrackPointExtension>
        </extensions>
      </trkpt>
      <trkpt lat="30.769998" lon="34.938703">
        <ele>249.9</ele>
        <time>2026-03-17T04:38:15.000Z</time>
        <extensions>
          <gpxtpx:TrackPointExtension>
            <gpxtpx:hr>118</gpxtpx:hr>
            <gpxtpx:cad>50</gpxtpx:cad>
            <gpxtpx:atemp>295.65</gpxtpx:atemp>
          </gpxtpx:TrackPointExtension>
        </extensions>
      </trkpt>
      <trkpt lat="30.769857" lon="34.938659">
        <ele>251.7</ele>
        <time>2026-03-17T04:38:23.000Z</time>
        <extensions>
          <gpxtpx:TrackPointExtension>
            <gpxtpx:hr>121</gpxtpx:hr>
            <gpxtpx:cad>74</gpxtpx:cad>
            <gpxtpx:atemp>295.65</gpxtpx:atemp>
          </gpxtpx:TrackPointExtension>
        </extensions>
      </trkpt>
      <trkpt lat="30.769819" lon="34.938616">
        <ele>252.3</ele>
        <time>2026-03-17T04:38:26.000Z</time>
        <extensions>
          <gpxtpx:TrackPointExtension>
            <gpxtpx:hr>122</gpxtpx:hr>
            <gpxtpx:cad>73</gpxtpx:cad>
            <gpxtpx:atemp>295.65</gpxtpx:atemp>
          </gpxtpx:TrackPointExtension>
        </extensions>
      </trkpt>
      <trkpt lat="30.769682" lon="34.938518">
        <ele>254.0</ele>
        <time>2026-03-17T04:38:34.000Z</time>
        <extensions>
          <gpxtpx:TrackPointExtension>
            <gpxtpx:hr>125</gpxtpx:hr>
            <gpxtpx:cad>76</gpxtpx:cad>
            <gpxtpx:atemp>295.65</gpxtpx:atemp>
          </gpxtpx:TrackPointExtension>
        </extensions>
      </trkpt>
      <trkpt lat="30.769527" lon="34.938504">
        <ele>255.0</ele>
        <time>2026-03-17T04:38:42.000Z</time>
        <extensions>
          <gpxtpx:TrackPointExtension>
            <gpxtpx:hr>128</gpxtpx:hr>
            <gpxtpx:cad>75</gpxtpx:cad>
            <gpxtpx:atemp>295.65</gpxtpx:atemp>
          </gpxtpx:TrackPointExtension>
        </extensions>
      </trkpt>
      <trkpt lat="30.769386" lon="34.938450">
        <ele>255.8</ele>
        <time>2026-03-17T04:38:50.000Z</time>
        <extensions>
          <gpxtpx:TrackPointExtension>
            <gpxtpx:hr>131</gpxtpx:hr>
            <gpxtpx:cad>75</gpxtpx:cad>
            <gpxtpx:atemp>295.65</gpxtpx:atemp>
          </gpxtpx:TrackPointExtension>
        </extensions>
      </trkpt>
      <trkpt lat="30.769292" lon="34.938434">
        <ele>256.2</ele>
        <time>2026-03-17T04:38:55.000Z</time>
        <extensions>
          <gpxtpx:TrackPointExtension>
            <gpxtpx:hr>133</gpxtpx:hr>
            <gpxtpx:cad>76</gpxtpx:cad>
            <gpxtpx:atemp>295.65</gpxtpx:atemp>
          </gpxtpx:TrackPointExtension>
        </extensions>
      </trkpt>
      <trkpt lat="30.769099" lon="34.938356">
        <ele>257.6</ele>
        <time>2026-03-17T04:39:05.000Z</time>
        <extensions>
          <gpxtpx:TrackPointExtension>
            <gpxtpx:hr>136</gpxtpx:hr>
            <gpxtpx:cad>77</gpxtpx:cad>
            <gpxtpx:atemp>295.65</gpxtpx:atemp>
          </gpxtpx:TrackPointExtension>
        </extensions>
      </trkpt>
      <trkpt lat="30.769053" lon="34.938350">
        <ele>257.9</ele>
        <time>2026-03-17T04:39:08.000Z</time>
        <extensions>
          <gpxtpx:TrackPointExtension>
            <gpxtpx:hr>137</gpxtpx:hr>
            <gpxtpx:cad>76</gpxtpx:cad>
            <gpxtpx:atemp>295.65</gpxtpx:atemp>
          </gpxtpx:TrackPointExtension>
        </extensions>
      </trkpt>
      <trkpt lat="30.768924" lon="34.938259">
        <ele>258.4</ele>
        <time>2026-03-17T04:39:21.000Z</time>
        <extensions>
          <gpxtpx:TrackPointExtension>
            <gpxtpx:hr>136</gpxtpx:hr>
            <gpxtpx:cad>53</gpxtpx:cad>
            <gpxtpx:atemp>295.65</gpxtpx:atemp>
          </gpxtpx:TrackPointExtension>
        </extensions>
      </trkpt>
      <trkpt lat="30.768796" lon="34.938201">
        <ele>258.8</ele>
        <time>2026-03-17T04:39:33.000Z</time>
        <extensions>
          <gpxtpx:TrackPointExtension>
            <gpxtpx:hr>132</gpxtpx:hr>
            <gpxtpx:cad>53</gpxtpx:cad>
            <gpxtpx:atemp>295.65</gpxtpx:atemp>
          </gpxtpx:TrackPointExtension>
        </extensions>
      </trkpt>
      <trkpt lat="30.768716" lon="34.938182">
        <ele>259.1</ele>
        <time>2026-03-17T04:39:39.000Z</time>
        <extensions>
          <gpxtpx:TrackPointExtension>
            <gpxtpx:hr>132</gpxtpx:hr>
            <gpxtpx:cad>55</gpxtpx:cad>
            <gpxtpx:atemp>295.65</gpxtpx:atemp>
          </gpxtpx:TrackPointExtension>
        </extensions>
      </trkpt>
      <trkpt lat="30.768577" lon="34.938143">
        <ele>259.7</ele>
        <time>2026-03-17T04:39:49.000Z</time>
        <extensions>
          <gpxtpx:TrackPointExtension>
            <gpxtpx:hr>125</gpxtpx:hr>
            <gpxtpx:cad>53</gpxtpx:cad>
            <gpxtpx:atemp>295.65</gpxtpx:atemp>
          </gpxtpx:TrackPointExtension>
        </extensions>
      </trkpt>
      <trkpt lat="30.768474" lon="34.938109">
        <ele>260.3</ele>
        <time>2026-03-17T04:39:55.000Z</time>
        <extensions>
          <gpxtpx:TrackPointExtension>
            <gpxtpx:hr>125</gpxtpx:hr>
            <gpxtpx:cad>72</gpxtpx:cad>
            <gpxtpx:atemp>295.65</gpxtpx:atemp>
          </gpxtpx:TrackPointExtension>
        </extensions>
      </trkpt>
      <trkpt lat="30.768316" lon="34.938038">
        <ele>260.8</ele>
        <time>2026-03-17T04:40:04.000Z</time>
        <extensions>
          <gpxtpx:TrackPointExtension>
            <gpxtpx:hr>125</gpxtpx:hr>
            <gpxtpx:cad>75</gpxtpx:cad>
            <gpxtpx:atemp>295.65</gpxtpx:atemp>
          </gpxtpx:TrackPointExtension>
        </extensions>
      </trkpt>
      <trkpt lat="30.768263" lon="34.938036">
        <ele>260.9</ele>
        <time>2026-03-17T04:40:07.000Z</time>
        <extensions>
          <gpxtpx:TrackPointExtension>
            <gpxtpx:hr>126</gpxtpx:hr>
            <gpxtpx:cad>76</gpxtpx:cad>
            <gpxtpx:atemp>295.65</gpxtpx:atemp>
          </gpxtpx:TrackPointExtension>
        </extensions>
      </trkpt>
      <trkpt lat="30.768029" lon="34.937923">
        <ele>261.6</ele>
        <time>2026-03-17T04:40:20.000Z</time>
        <extensions>
          <gpxtpx:TrackPointExtension>
            <gpxtpx:hr>128</gpxtpx:hr>
            <gpxtpx:cad>76</gpxtpx:cad>
            <gpxtpx:atemp>295.65</gpxtpx:atemp>
          </gpxtpx:TrackPointExtension>
        </extensions>
      </trkpt>
      <trkpt lat="30.767876" lon="34.937872">
        <ele>262.3</ele>
        <time>2026-03-17T04:40:28.000Z</time>
        <extensions>
          <gpxtpx:TrackPointExtension>
            <gpxtpx:hr>130</gpxtpx:hr>
            <gpxtpx:cad>76</gpxtpx:cad>
            <gpxtpx:atemp>295.65</gpxtpx:atemp>
          </gpxtpx:TrackPointExtension>
        </extensions>
      </trkpt>
      <trkpt lat="30.767695" lon="34.937836">
        <ele>263.1</ele>
        <time>2026-03-17T04:40:38.000Z</time>
        <extensions>
          <gpxtpx:TrackPointExtension>
            <gpxtpx:hr>137</gpxtpx:hr>
            <gpxtpx:cad>76</gpxtpx:cad>
            <gpxtpx:atemp>295.65</gpxtpx:atemp>
          </gpxtpx:TrackPointExtension>
        </extensions>
      </trkpt>
      <trkpt lat="30.767600" lon="34.937795">
        <ele>263.6</ele>
        <time>2026-03-17T04:40:45.000Z</time>
        <extensions>
          <gpxtpx:TrackPointExtension>
            <gpxtpx:hr>138</gpxtpx:hr>
            <gpxtpx:cad>74</gpxtpx:cad>
            <gpxtpx:atemp>295.65</gpxtpx:atemp>
          </gpxtpx:TrackPointExtension>
        </extensions>
      </trkpt>
      <trkpt lat="30.767471" lon="34.937721">
        <ele>264.3</ele>
        <time>2026-03-17T04:40:56.000Z</time>
        <extensions>
          <gpxtpx:TrackPointExtension>
            <gpxtpx:hr>136</gpxtpx:hr>
            <gpxtpx:cad>57</gpxtpx:cad>
            <gpxtpx:atemp>294.65</gpxtpx:atemp>
          </gpxtpx:TrackPointExtension>
        </extensions>
      </trkpt>
      <trkpt lat="30.767417" lon="34.937702">
        <ele>264.6</ele>
        <time>2026-03-17T04:41:01.000Z</time>
        <extensions>
          <gpxtpx:TrackPointExtension>
            <gpxtpx:hr>135</gpxtpx:hr>
            <gpxtpx:cad>53</gpxtpx:cad>
            <gpxtpx:atemp>295.65</gpxtpx:atemp>
          </gpxtpx:TrackPointExtension>
        </extensions>
      </trkpt>
      <trkpt lat="30.767289" lon="34.937573">
        <ele>266.0</ele>
        <time>2026-03-17T04:41:12.000Z</time>
        <extensions>
          <gpxtpx:TrackPointExtension>
            <gpxtpx:hr>130</gpxtpx:hr>
            <gpxtpx:cad>0</gpxtpx:cad>
            <gpxtpx:atemp>295.65</gpxtpx:atemp>
          </gpxtpx:TrackPointExtension>
        </extensions>
      </trkpt>
      <trkpt lat="30.767237" lon="34.937486">
        <ele>267.0</ele>
        <time>2026-03-17T04:41:17.000Z</time>
        <extensions>
          <gpxtpx:TrackPointExtension>
            <gpxtpx:hr>129</gpxtpx:hr>
            <gpxtpx:cad>73</gpxtpx:cad>
            <gpxtpx:atemp>295.65</gpxtpx:atemp>
          </gpxtpx:TrackPointExtension>
        </extensions>
      </trkpt>
      <trkpt lat="30.767105" lon="34.937448">
        <ele>268.2</ele>
        <time>2026-03-17T04:41:24.000Z</time>
        <extensions>
          <gpxtpx:TrackPointExtension>
            <gpxtpx:hr>129</gpxtpx:hr>
            <gpxtpx:cad>73</gpxtpx:cad>
            <gpxtpx:atemp>294.65</gpxtpx:atemp>
          </gpxtpx:TrackPointExtension>
        </extensions>
      </trkpt>
      <trkpt lat="30.767089" lon="34.937448">
        <ele>268.3</ele>
        <time>2026-03-17T04:41:25.000Z</time>
        <extensions>
          <gpxtpx:TrackPointExtension>
            <gpxtpx:hr>130</gpxtpx:hr>
            <gpxtpx:cad>74</gpxtpx:cad>
            <gpxtpx:atemp>294.65</gpxtpx:atemp>
          </gpxtpx:TrackPointExtension>
        </extensions>
      </trkpt>
      <trkpt lat="30.766969" lon="34.937397">
        <ele>269.2</ele>
        <time>2026-03-17T04:41:32.000Z</time>
        <extensions>
          <gpxtpx:TrackPointExtension>
            <gpxtpx:hr>131</gpxtpx:hr>
            <gpxtpx:cad>72</gpxtpx:cad>
            <gpxtpx:atemp>294.65</gpxtpx:atemp>
          </gpxtpx:TrackPointExtension>
        </extensions>
      </trkpt>
      <trkpt lat="30.766872" lon="34.937322">
        <ele>269.9</ele>
        <time>2026-03-17T04:41:39.000Z</time>
        <extensions>
          <gpxtpx:TrackPointExtension>
            <gpxtpx:hr>132</gpxtpx:hr>
            <gpxtpx:cad>73</gpxtpx:cad>
            <gpxtpx:atemp>294.65</gpxtpx:atemp>
          </gpxtpx:TrackPointExtension>
        </extensions>
      </trkpt>
      <trkpt lat="30.766762" lon="34.937167">
        <ele>270.9</ele>
        <time>2026-03-17T04:41:48.000Z</time>
        <extensions>
          <gpxtpx:TrackPointExtension>
            <gpxtpx:hr>133</gpxtpx:hr>
            <gpxtpx:cad>75</gpxtpx:cad>
            <gpxtpx:atemp>294.65</gpxtpx:atemp>
          </gpxtpx:TrackPointExtension>
        </extensions>
      </trkpt>
      <trkpt lat="30.766667" lon="34.937100">
        <ele>271.4</ele>
        <time>2026-03-17T04:41:54.000Z</time>
        <extensions>
          <gpxtpx:TrackPointExtension>
            <gpxtpx:hr>137</gpxtpx:hr>
            <gpxtpx:cad>75</gpxtpx:cad>
            <gpxtpx:atemp>294.65</gpxtpx:atemp>
          </gpxtpx:TrackPointExtension>
        </extensions>
      </trkpt>
      <trkpt lat="30.766577" lon="34.937076">
        <ele>271.8</ele>
        <time>2026-03-17T04:41:59.000Z</time>
        <extensions>
          <gpxtpx:TrackPointExtension>
            <gpxtpx:hr>137</gpxtpx:hr>
            <gpxtpx:cad>75</gpxtpx:cad>
            <gpxtpx:atemp>294.65</gpxtpx:atemp>
          </gpxtpx:TrackPointExtension>
        </extensions>
      </trkpt>
      <trkpt lat="30.766494" lon="34.937027">
        <ele>272.2</ele>
        <time>2026-03-17T04:42:05.000Z</time>
        <extensions>
          <gpxtpx:TrackPointExtension>
            <gpxtpx:hr>139</gpxtpx:hr>
            <gpxtpx:cad>75</gpxtpx:cad>
            <gpxtpx:atemp>294.65</gpxtpx:atemp>
          </gpxtpx:TrackPointExtension>
        </extensions>
      </trkpt>
      <trkpt lat="30.766475" lon="34.936910">
        <ele>272.6</ele>
        <time>2026-03-17T04:42:11.000Z</time>
        <extensions>
          <gpxtpx:TrackPointExtension>
            <gpxtpx:hr>140</gpxtpx:hr>
            <gpxtpx:cad>71</gpxtpx:cad>
            <gpxtpx:atemp>294.65</gpxtpx:atemp>
          </gpxtpx:TrackPointExtension>
        </extensions>
      </trkpt>
      <trkpt lat="30.766459" lon="34.936779">
        <ele>273.0</ele>
        <time>2026-03-17T04:42:18.000Z</time>
        <extensions>
          <gpxtpx:TrackPointExtension>
            <gpxtpx:hr>141</gpxtpx:hr>
            <gpxtpx:cad>73</gpxtpx:cad>
            <gpxtpx:atemp>294.65</gpxtpx:atemp>
          </gpxtpx:TrackPointExtension>
        </extensions>
      </trkpt>
      <trkpt lat="30.766353" lon="34.936612">
        <ele>273.4</ele>
        <time>2026-03-17T04:42:28.000Z</time>
        <extensions>
          <gpxtpx:TrackPointExtension>
            <gpxtpx:hr>141</gpxtpx:hr>
            <gpxtpx:cad>75</gpxtpx:cad>
            <gpxtpx:atemp>294.65</gpxtpx:atemp>
          </gpxtpx:TrackPointExtension>
        </extensions>
      </trkpt>
      <trkpt lat="30.766265" lon="34.936536">
        <ele>273.9</ele>
        <time>2026-03-17T04:42:34.000Z</time>
        <extensions>
          <gpxtpx:TrackPointExtension>
            <gpxtpx:hr>142</gpxtpx:hr>
            <gpxtpx:cad>73</gpxtpx:cad>
            <gpxtpx:atemp>294.65</gpxtpx:atemp>
          </gpxtpx:TrackPointExtension>
        </extensions>
      </trkpt>
      <trkpt lat="30.766113" lon="34.936405">
        <ele>275.2</ele>
        <time>2026-03-17T04:42:44.000Z</time>
        <extensions>
          <gpxtpx:TrackPointExtension>
            <gpxtpx:hr>143</gpxtpx:hr>
            <gpxtpx:cad>76</gpxtpx:cad>
            <gpxtpx:atemp>294.65</gpxtpx:atemp>
          </gpxtpx:TrackPointExtension>
        </extensions>
      </trkpt>
      <trkpt lat="30.766098" lon="34.936397">
        <ele>275.3</ele>
        <time>2026-03-17T04:42:45.000Z</time>
        <extensions>
          <gpxtpx:TrackPointExtension>
            <gpxtpx:hr>143</gpxtpx:hr>
            <gpxtpx:cad>76</gpxtpx:cad>
            <gpxtpx:atemp>294.65</gpxtpx:atemp>
          </gpxtpx:TrackPointExtension>
        </extensions>
      </trkpt>
      <trkpt lat="30.765959" lon="34.936364">
        <ele>276.2</ele>
        <time>2026-03-17T04:42:53.000Z</time>
        <extensions>
          <gpxtpx:TrackPointExtension>
            <gpxtpx:hr>142</gpxtpx:hr>
            <gpxtpx:cad>76</gpxtpx:cad>
            <gpxtpx:atemp>294.65</gpxtpx:atemp>
          </gpxtpx:TrackPointExtension>
        </extensions>
      </trkpt>
      <trkpt lat="30.765897" lon="34.936326">
        <ele>276.5</ele>
        <time>2026-03-17T04:42:57.000Z</time>
        <extensions>
          <gpxtpx:TrackPointExtension>
            <gpxtpx:hr>142</gpxtpx:hr>
            <gpxtpx:cad>74</gpxtpx:cad>
            <gpxtpx:atemp>294.65</gpxtpx:atemp>
          </gpxtpx:TrackPointExtension>
        </extensions>
      </trkpt>
      <trkpt lat="30.765728" lon="34.936216">
        <ele>277.2</ele>
        <time>2026-03-17T04:43:08.000Z</time>
        <extensions>
          <gpxtpx:TrackPointExtension>
            <gpxtpx:hr>141</gpxtpx:hr>
            <gpxtpx:cad>74</gpxtpx:cad>
            <gpxtpx:atemp>294.65</gpxtpx:atemp>
          </gpxtpx:TrackPointExtension>
        </extensions>
      </trkpt>
      <trkpt lat="30.765613" lon="34.936126">
        <ele>277.6</ele>
        <time>2026-03-17T04:43:19.000Z</time>
        <extensions>
          <gpxtpx:TrackPointExtension>
            <gpxtpx:hr>141</gpxtpx:hr>
            <gpxtpx:cad>56</gpxtpx:cad>
            <gpxtpx:atemp>294.65</gpxtpx:atemp>
          </gpxtpx:TrackPointExtension>
        </extensions>
      </trkpt>
      <trkpt lat="30.765504" lon="34.936052">
        <ele>277.7</ele>
        <time>2026-03-17T04:43:29.000Z</time>
        <extensions>
          <gpxtpx:TrackPointExtension>
            <gpxtpx:hr>141</gpxtpx:hr>
            <gpxtpx:cad>53</gpxtpx:cad>
            <gpxtpx:atemp>294.65</gpxtpx:atemp>
          </gpxtpx:TrackPointExtension>
        </extensions>
      </trkpt>
      <trkpt lat="30.765389" lon="34.936063">
        <ele>277.2</ele>
        <time>2026-03-17T04:43:37.000Z</time>
        <extensions>
          <gpxtpx:TrackPointExtension>
            <gpxtpx:hr>141</gpxtpx:hr>
            <gpxtpx:cad>57</gpxtpx:cad>
            <gpxtpx:atemp>294.65</gpxtpx:atemp>
          </gpxtpx:TrackPointExtension>
        </extensions>
      </trkpt>
      <trkpt lat="30.765317" lon="34.936056">
        <ele>276.8</ele>
        <time>2026-03-17T04:43:43.000Z</time>
        <extensions>
          <gpxtpx:TrackPointExtension>
            <gpxtpx:hr>136</gpxtpx:hr>
            <gpxtpx:cad>56</gpxtpx:cad>
            <gpxtpx:atemp>294.65</gpxtpx:atemp>
          </gpxtpx:TrackPointExtension>
        </extensions>
      </trkpt>
      <trkpt lat="30.765139" lon="34.936022">
        <ele>275.8</ele>
        <time>2026-03-17T04:43:53.000Z</time>
        <extensions>
          <gpxtpx:TrackPointExtension>
            <gpxtpx:hr>133</gpxtpx:hr>
            <gpxtpx:cad>73</gpxtpx:cad>
            <gpxtpx:atemp>294.65</gpxtpx:atemp>
          </gpxtpx:TrackPointExtension>
        </extensions>
      </trkpt>
      <trkpt lat="30.765009" lon="34.935993">
        <ele>275.0</ele>
        <time>2026-03-17T04:44:01.000Z</time>
        <extensions>
          <gpxtpx:TrackPointExtension>
            <gpxtpx:hr>134</gpxtpx:hr>
            <gpxtpx:cad>74</gpxtpx:cad>
            <gpxtpx:atemp>294.65</gpxtpx:atemp>
          </gpxtpx:TrackPointExtension>
        </extensions>
      </trkpt>
      <trkpt lat="30.764942" lon="34.935959">
        <ele>274.6</ele>
        <time>2026-03-17T04:44:06.000Z</time>
        <extensions>
          <gpxtpx:TrackPointExtension>
            <gpxtpx:hr>135</gpxtpx:hr>
            <gpxtpx:cad>73</gpxtpx:cad>
            <gpxtpx:atemp>294.65</gpxtpx:atemp>
          </gpxtpx:TrackPointExtension>
        </extensions>
      </trkpt>
      <trkpt lat="30.764816" lon="34.935969">
        <ele>274.0</ele>
        <time>2026-03-17T04:44:15.000Z</time>
        <extensions>
          <gpxtpx:TrackPointExtension>
            <gpxtpx:hr>135</gpxtpx:hr>
            <gpxtpx:cad>53</gpxtpx:cad>
            <gpxtpx:atemp>294.65</gpxtpx:atemp>
          </gpxtpx:TrackPointExtension>
        </extensions>
      </trkpt>
      <trkpt lat="30.764737" lon="34.935928">
        <ele>273.9</ele>
        <time>2026-03-17T04:44:20.000Z</time>
        <extensions>
          <gpxtpx:TrackPointExtension>
            <gpxtpx:hr>133</gpxtpx:hr>
            <gpxtpx:cad>75</gpxtpx:cad>
            <gpxtpx:atemp>294.65</gpxtpx:atemp>
          </gpxtpx:TrackPointExtension>
        </extensions>
      </trkpt>
      <trkpt lat="30.764655" lon="34.935870">
        <ele>273.5</ele>
        <time>2026-03-17T04:44:27.000Z</time>
        <extensions>
          <gpxtpx:TrackPointExtension>
            <gpxtpx:hr>135</gpxtpx:hr>
            <gpxtpx:cad>75</gpxtpx:cad>
            <gpxtpx:atemp>294.65</gpxtpx:atemp>
          </gpxtpx:TrackPointExtension>
        </extensions>
      </trkpt>
      <trkpt lat="30.764590" lon="34.935848">
        <ele>273.1</ele>
        <time>2026-03-17T04:44:33.000Z</time>
        <extensions>
          <gpxtpx:TrackPointExtension>
            <gpxtpx:hr>135</gpxtpx:hr>
            <gpxtpx:cad>55</gpxtpx:cad>
            <gpxtpx:atemp>294.65</gpxtpx:atemp>
          </gpxtpx:TrackPointExtension>
        </extensions>
      </trkpt>
      <trkpt lat="30.764509" lon="34.935788">
        <ele>272.9</ele>
        <time>2026-03-17T04:44:40.000Z</time>
        <extensions>
          <gpxtpx:TrackPointExtension>
            <gpxtpx:hr>136</gpxtpx:hr>
            <gpxtpx:cad>53</gpxtpx:cad>
            <gpxtpx:atemp>294.65</gpxtpx:atemp>
          </gpxtpx:TrackPointExtension>
        </extensions>
      </trkpt>
      <trkpt lat="30.764423" lon="34.935786">
        <ele>273.0</ele>
        <time>2026-03-17T04:44:47.000Z</time>
        <extensions>
          <gpxtpx:TrackPointExtension>
            <gpxtpx:hr>135</gpxtpx:hr>
            <gpxtpx:cad>55</gpxtpx:cad>
            <gpxtpx:atemp>294.65</gpxtpx:atemp>
          </gpxtpx:TrackPointExtension>
        </extensions>
      </trkpt>
      <trkpt lat="30.764342" lon="34.935748">
        <ele>273.1</ele>
        <time>2026-03-17T04:44:54.000Z</time>
        <extensions>
          <gpxtpx:TrackPointExtension>
            <gpxtpx:hr>134</gpxtpx:hr>
            <gpxtpx:cad>54</gpxtpx:cad>
            <gpxtpx:atemp>294.65</gpxtpx:atemp>
          </gpxtpx:TrackPointExtension>
        </extensions>
      </trkpt>
      <trkpt lat="30.764217" lon="34.935602">
        <ele>273.3</ele>
        <time>2026-03-17T04:45:04.000Z</time>
        <extensions>
          <gpxtpx:TrackPointExtension>
            <gpxtpx:hr>134</gpxtpx:hr>
            <gpxtpx:cad>72</gpxtpx:cad>
            <gpxtpx:atemp>294.65</gpxtpx:atemp>
          </gpxtpx:TrackPointExtension>
        </extensions>
      </trkpt>
      <trkpt lat="30.764161" lon="34.935547">
        <ele>273.5</ele>
        <time>2026-03-17T04:45:08.000Z</time>
        <extensions>
          <gpxtpx:TrackPointExtension>
            <gpxtpx:hr>133</gpxtpx:hr>
            <gpxtpx:cad>75</gpxtpx:cad>
            <gpxtpx:atemp>294.65</gpxtpx:atemp>
          </gpxtpx:TrackPointExtension>
        </extensions>
      </trkpt>
      <trkpt lat="30.764016" lon="34.935471">
        <ele>274.3</ele>
        <time>2026-03-17T04:45:21.000Z</time>
        <extensions>
          <gpxtpx:TrackPointExtension>
            <gpxtpx:hr>140</gpxtpx:hr>
            <gpxtpx:cad>53</gpxtpx:cad>
            <gpxtpx:atemp>294.65</gpxtpx:atemp>
          </gpxtpx:TrackPointExtension>
        </extensions>
      </trkpt>
      <trkpt lat="30.763872" lon="34.935449">
        <ele>275.2</ele>
        <time>2026-03-17T04:45:29.000Z</time>
        <extensions>
          <gpxtpx:TrackPointExtension>
            <gpxtpx:hr>140</gpxtpx:hr>
            <gpxtpx:cad>72</gpxtpx:cad>
            <gpxtpx:atemp>294.65</gpxtpx:atemp>
          </gpxtpx:TrackPointExtension>
        </extensions>
      </trkpt>
      <trkpt lat="30.763828" lon="34.935451">
        <ele>275.5</ele>
        <time>2026-03-17T04:45:32.000Z</time>
        <extensions>
          <gpxtpx:TrackPointExtension>
            <gpxtpx:hr>141</gpxtpx:hr>
            <gpxtpx:cad>74</gpxtpx:cad>
            <gpxtpx:atemp>294.65</gpxtpx:atemp>
          </gpxtpx:TrackPointExtension>
        </extensions>
      </trkpt>
      <trkpt lat="30.763684" lon="34.935387">
        <ele>276.6</ele>
        <time>2026-03-17T04:45:41.000Z</time>
        <extensions>
          <gpxtpx:TrackPointExtension>
            <gpxtpx:hr>143</gpxtpx:hr>
            <gpxtpx:cad>71</gpxtpx:cad>
            <gpxtpx:atemp>294.65</gpxtpx:atemp>
          </gpxtpx:TrackPointExtension>
        </extensions>
      </trkpt>
      <trkpt lat="30.763576" lon="34.935316">
        <ele>277.6</ele>
        <time>2026-03-17T04:45:48.000Z</time>
        <extensions>
          <gpxtpx:TrackPointExtension>
            <gpxtpx:hr>143</gpxtpx:hr>
            <gpxtpx:cad>74</gpxtpx:cad>
            <gpxtpx:atemp>294.65</gpxtpx:atemp>
          </gpxtpx:TrackPointExtension>
        </extensions>
      </trkpt>
      <trkpt lat="30.763433" lon="34.935274">
        <ele>278.8</ele>
        <time>2026-03-17T04:45:57.000Z</time>
        <extensions>
          <gpxtpx:TrackPointExtension>
            <gpxtpx:hr>145</gpxtpx:hr>
            <gpxtpx:cad>75</gpxtpx:cad>
            <gpxtpx:atemp>294.65</gpxtpx:atemp>
          </gpxtpx:TrackPointExtension>
        </extensions>
      </trkpt>
      <trkpt lat="30.763325" lon="34.935262">
        <ele>279.6</ele>
        <time>2026-03-17T04:46:07.000Z</time>
        <extensions>
          <gpxtpx:TrackPointExtension>
            <gpxtpx:hr>148</gpxtpx:hr>
            <gpxtpx:cad>55</gpxtpx:cad>
            <gpxtpx:atemp>294.65</gpxtpx:atemp>
          </gpxtpx:TrackPointExtension>
        </extensions>
      </trkpt>
      <trkpt lat="30.763266" lon="34.935344">
        <ele>279.7</ele>
        <time>2026-03-17T04:46:13.000Z</time>
        <extensions>
          <gpxtpx:TrackPointExtension>
            <gpxtpx:hr>145</gpxtpx:hr>
            <gpxtpx:cad>48</gpxtpx:cad>
            <gpxtpx:atemp>294.65</gpxtpx:atemp>
          </gpxtpx:TrackPointExtension>
        </extensions>
      </trkpt>
      <trkpt lat="30.763175" lon="34.935393">
        <ele>280.2</ele>
        <time>2026-03-17T04:46:18.000Z</time>
        <extensions>
          <gpxtpx:TrackPointExtension>
            <gpxtpx:hr>144</gpxtpx:hr>
            <gpxtpx:cad>75</gpxtpx:cad>
            <gpxtpx:atemp>294.65</gpxtpx:atemp>
          </gpxtpx:TrackPointExtension>
        </extensions>
      </trkpt>
      <trkpt lat="30.763107" lon="34.935496">
        <ele>280.3</ele>
        <time>2026-03-17T04:46:32.000Z</time>
        <extensions>
          <gpxtpx:TrackPointExtension>
            <gpxtpx:hr>142</gpxtpx:hr>
            <gpxtpx:cad>0</gpxtpx:cad>
            <gpxtpx:atemp>294.65</gpxtpx:atemp>
          </gpxtpx:TrackPointExtension>
        </extensions>
      </trkpt>
      <trkpt lat="30.762989" lon="34.935529">
        <ele>280.7</ele>
        <time>2026-03-17T04:47:08.000Z</time>
        <extensions>
          <gpxtpx:TrackPointExtension>
            <gpxtpx:hr>128</gpxtpx:hr>
            <gpxtpx:cad>45</gpxtpx:cad>
            <gpxtpx:atemp>295.65</gpxtpx:atemp>
          </gpxtpx:TrackPointExtension>
        </extensions>
      </trkpt>
      <trkpt lat="30.762906" lon="34.935479">
        <ele>281.0</ele>
        <time>2026-03-17T04:47:17.000Z</time>
        <extensions>
          <gpxtpx:TrackPointExtension>
            <gpxtpx:hr>124</gpxtpx:hr>
            <gpxtpx:cad>0</gpxtpx:cad>
            <gpxtpx:atemp>295.65</gpxtpx:atemp>
          </gpxtpx:TrackPointExtension>
        </extensions>
      </trkpt>
      <trkpt lat="30.762849" lon="34.935448">
        <ele>281.2</ele>
        <time>2026-03-17T04:47:21.000Z</time>
        <extensions>
          <gpxtpx:TrackPointExtension>
            <gpxtpx:hr>120</gpxtpx:hr>
            <gpxtpx:cad>0</gpxtpx:cad>
            <gpxtpx:atemp>295.65</gpxtpx:atemp>
          </gpxtpx:TrackPointExtension>
        </extensions>
      </trkpt>
      <trkpt lat="30.762715" lon="34.935331">
        <ele>282.0</ele>
        <time>2026-03-17T04:47:32.000Z</time>
        <extensions>
          <gpxtpx:TrackPointExtension>
            <gpxtpx:hr>119</gpxtpx:hr>
            <gpxtpx:cad>63</gpxtpx:cad>
            <gpxtpx:atemp>295.65</gpxtpx:atemp>
          </gpxtpx:TrackPointExtension>
        </extensions>
      </trkpt>
      <trkpt lat="30.762635" lon="34.935304">
        <ele>282.4</ele>
        <time>2026-03-17T04:47:37.000Z</time>
        <extensions>
          <gpxtpx:TrackPointExtension>
            <gpxtpx:hr>120</gpxtpx:hr>
            <gpxtpx:cad>69</gpxtpx:cad>
            <gpxtpx:atemp>295.65</gpxtpx:atemp>
          </gpxtpx:TrackPointExtension>
        </extensions>
      </trkpt>
      <trkpt lat="30.762580" lon="34.935262">
        <ele>282.8</ele>
        <time>2026-03-17T04:47:43.000Z</time>
        <extensions>
          <gpxtpx:TrackPointExtension>
            <gpxtpx:hr>125</gpxtpx:hr>
            <gpxtpx:cad>69</gpxtpx:cad>
            <gpxtpx:atemp>295.65</gpxtpx:atemp>
          </gpxtpx:TrackPointExtension>
        </extensions>
      </trkpt>
      <trkpt lat="30.762476" lon="34.935219">
        <ele>283.3</ele>
        <time>2026-03-17T04:47:55.000Z</time>
        <extensions>
          <gpxtpx:TrackPointExtension>
            <gpxtpx:hr>133</gpxtpx:hr>
            <gpxtpx:cad>0</gpxtpx:cad>
            <gpxtpx:atemp>295.65</gpxtpx:atemp>
          </gpxtpx:TrackPointExtension>
        </extensions>
      </trkpt>
      <trkpt lat="30.762382" lon="34.935149">
        <ele>283.9</ele>
        <time>2026-03-17T04:48:03.000Z</time>
        <extensions>
          <gpxtpx:TrackPointExtension>
            <gpxtpx:hr>138</gpxtpx:hr>
            <gpxtpx:cad>0</gpxtpx:cad>
            <gpxtpx:atemp>295.65</gpxtpx:atemp>
          </gpxtpx:TrackPointExtension>
        </extensions>
      </trkpt>
      <trkpt lat="30.762350" lon="34.935103">
        <ele>284.3</ele>
        <time>2026-03-17T04:48:07.000Z</time>
        <extensions>
          <gpxtpx:TrackPointExtension>
            <gpxtpx:hr>139</gpxtpx:hr>
            <gpxtpx:cad>0</gpxtpx:cad>
            <gpxtpx:atemp>295.65</gpxtpx:atemp>
          </gpxtpx:TrackPointExtension>
        </extensions>
      </trkpt>
      <trkpt lat="30.762275" lon="34.935060">
        <ele>284.9</ele>
        <time>2026-03-17T04:48:16.000Z</time>
        <extensions>
          <gpxtpx:TrackPointExtension>
            <gpxtpx:hr>142</gpxtpx:hr>
            <gpxtpx:cad>49</gpxtpx:cad>
            <gpxtpx:atemp>295.65</gpxtpx:atemp>
          </gpxtpx:TrackPointExtension>
        </extensions>
      </trkpt>
      <trkpt lat="30.762146" lon="34.935053">
        <ele>285.4</ele>
        <time>2026-03-17T04:48:27.000Z</time>
        <extensions>
          <gpxtpx:TrackPointExtension>
            <gpxtpx:hr>142</gpxtpx:hr>
            <gpxtpx:cad>53</gpxtpx:cad>
            <gpxtpx:atemp>295.65</gpxtpx:atemp>
          </gpxtpx:TrackPointExtension>
        </extensions>
      </trkpt>
      <trkpt lat="30.762086" lon="34.935035">
        <ele>285.7</ele>
        <time>2026-03-17T04:48:43.000Z</time>
        <extensions>
          <gpxtpx:TrackPointExtension>
            <gpxtpx:hr>144</gpxtpx:hr>
            <gpxtpx:cad>66</gpxtpx:cad>
            <gpxtpx:atemp>295.65</gpxtpx:atemp>
          </gpxtpx:TrackPointExtension>
        </extensions>
      </trkpt>
      <trkpt lat="30.762045" lon="34.934955">
        <ele>286.6</ele>
        <time>2026-03-17T04:48:58.000Z</time>
        <extensions>
          <gpxtpx:TrackPointExtension>
            <gpxtpx:hr>136</gpxtpx:hr>
            <gpxtpx:cad>62</gpxtpx:cad>
            <gpxtpx:atemp>295.65</gpxtpx:atemp>
          </gpxtpx:TrackPointExtension>
        </extensions>
      </trkpt>
      <trkpt lat="30.761939" lon="34.934842">
        <ele>288.1</ele>
        <time>2026-03-17T04:49:07.000Z</time>
        <extensions>
          <gpxtpx:TrackPointExtension>
            <gpxtpx:hr>134</gpxtpx:hr>
            <gpxtpx:cad>60</gpxtpx:cad>
            <gpxtpx:atemp>295.65</gpxtpx:atemp>
          </gpxtpx:TrackPointExtension>
        </extensions>
      </trkpt>
      <trkpt lat="30.761875" lon="34.934761">
        <ele>289.0</ele>
        <time>2026-03-17T04:49:14.000Z</time>
        <extensions>
          <gpxtpx:TrackPointExtension>
            <gpxtpx:hr>135</gpxtpx:hr>
            <gpxtpx:cad>68</gpxtpx:cad>
            <gpxtpx:atemp>295.65</gpxtpx:atemp>
          </gpxtpx:TrackPointExtension>
        </extensions>
      </trkpt>
      <trkpt lat="30.761855" lon="34.934638">
        <ele>289.6</ele>
        <time>2026-03-17T04:49:20.000Z</time>
        <extensions>
          <gpxtpx:TrackPointExtension>
            <gpxtpx:hr>129</gpxtpx:hr>
            <gpxtpx:cad>0</gpxtpx:cad>
            <gpxtpx:atemp>295.65</gpxtpx:atemp>
          </gpxtpx:TrackPointExtension>
        </extensions>
      </trkpt>
      <trkpt lat="30.761890" lon="34.934527">
        <ele>290.2</ele>
        <time>2026-03-17T04:49:25.000Z</time>
        <extensions>
          <gpxtpx:TrackPointExtension>
            <gpxtpx:hr>128</gpxtpx:hr>
            <gpxtpx:cad>70</gpxtpx:cad>
            <gpxtpx:atemp>295.65</gpxtpx:atemp>
          </gpxtpx:TrackPointExtension>
        </extensions>
      </trkpt>
      <trkpt lat="30.761911" lon="34.934495">
        <ele>290.4</ele>
        <time>2026-03-17T04:49:27.000Z</time>
        <extensions>
          <gpxtpx:TrackPointExtension>
            <gpxtpx:hr>128</gpxtpx:hr>
            <gpxtpx:cad>71</gpxtpx:cad>
            <gpxtpx:atemp>295.65</gpxtpx:atemp>
          </gpxtpx:TrackPointExtension>
        </extensions>
      </trkpt>
      <trkpt lat="30.761852" lon="34.934387">
        <ele>291.4</ele>
        <time>2026-03-17T04:49:35.000Z</time>
        <extensions>
          <gpxtpx:TrackPointExtension>
            <gpxtpx:hr>129</gpxtpx:hr>
            <gpxtpx:cad>67</gpxtpx:cad>
            <gpxtpx:atemp>295.65</gpxtpx:atemp>
          </gpxtpx:TrackPointExtension>
        </extensions>
      </trkpt>
      <trkpt lat="30.761839" lon="34.934255">
        <ele>292.4</ele>
        <time>2026-03-17T04:49:42.000Z</time>
        <extensions>
          <gpxtpx:TrackPointExtension>
            <gpxtpx:hr>126</gpxtpx:hr>
            <gpxtpx:cad>68</gpxtpx:cad>
            <gpxtpx:atemp>295.65</gpxtpx:atemp>
          </gpxtpx:TrackPointExtension>
        </extensions>
      </trkpt>
      <trkpt lat="30.761823" lon="34.934197">
        <ele>292.8</ele>
        <time>2026-03-17T04:49:45.000Z</time>
        <extensions>
          <gpxtpx:TrackPointExtension>
            <gpxtpx:hr>125</gpxtpx:hr>
            <gpxtpx:cad>68</gpxtpx:cad>
            <gpxtpx:atemp>295.65</gpxtpx:atemp>
          </gpxtpx:TrackPointExtension>
        </extensions>
      </trkpt>
      <trkpt lat="30.761856" lon="34.934095">
        <ele>293.7</ele>
        <time>2026-03-17T04:49:53.000Z</time>
        <extensions>
          <gpxtpx:TrackPointExtension>
            <gpxtpx:hr>123</gpxtpx:hr>
            <gpxtpx:cad>0</gpxtpx:cad>
            <gpxtpx:atemp>295.65</gpxtpx:atemp>
          </gpxtpx:TrackPointExtension>
        </extensions>
      </trkpt>
      <trkpt lat="30.761906" lon="34.933998">
        <ele>294.7</ele>
        <time>2026-03-17T04:49:59.000Z</time>
        <extensions>
          <gpxtpx:TrackPointExtension>
            <gpxtpx:hr>121</gpxtpx:hr>
            <gpxtpx:cad>75</gpxtpx:cad>
            <gpxtpx:atemp>295.65</gpxtpx:atemp>
          </gpxtpx:TrackPointExtension>
        </extensions>
      </trkpt>
      <trkpt lat="30.761889" lon="34.933885">
        <ele>295.8</ele>
        <time>2026-03-17T04:50:06.000Z</time>
        <extensions>
          <gpxtpx:TrackPointExtension>
            <gpxtpx:hr>122</gpxtpx:hr>
            <gpxtpx:cad>72</gpxtpx:cad>
            <gpxtpx:atemp>295.65</gpxtpx:atemp>
          </gpxtpx:TrackPointExtension>
        </extensions>
      </trkpt>
      <trkpt lat="30.761833" lon="34.933762">
        <ele>297.0</ele>
        <time>2026-03-17T04:50:17.000Z</time>
        <extensions>
          <gpxtpx:TrackPointExtension>
            <gpxtpx:hr>133</gpxtpx:hr>
            <gpxtpx:cad>54</gpxtpx:cad>
            <gpxtpx:atemp>295.65</gpxtpx:atemp>
          </gpxtpx:TrackPointExtension>
        </extensions>
      </trkpt>
      <trkpt lat="30.761783" lon="34.933646">
        <ele>298.6</ele>
        <time>2026-03-17T04:50:35.000Z</time>
        <extensions>
          <gpxtpx:TrackPointExtension>
            <gpxtpx:hr>140</gpxtpx:hr>
            <gpxtpx:cad>0</gpxtpx:cad>
            <gpxtpx:atemp>295.65</gpxtpx:atemp>
          </gpxtpx:TrackPointExtension>
        </extensions>
      </trkpt>
      <trkpt lat="30.761767" lon="34.933571">
        <ele>299.6</ele>
        <time>2026-03-17T04:50:46.000Z</time>
        <extensions>
          <gpxtpx:TrackPointExtension>
            <gpxtpx:hr>146</gpxtpx:hr>
            <gpxtpx:cad>48</gpxtpx:cad>
            <gpxtpx:atemp>295.65</gpxtpx:atemp>
          </gpxtpx:TrackPointExtension>
        </extensions>
      </trkpt>
      <trkpt lat="30.761745" lon="34.933464">
        <ele>301.1</ele>
        <time>2026-03-17T04:51:01.000Z</time>
        <extensions>
          <gpxtpx:TrackPointExtension>
            <gpxtpx:hr>149</gpxtpx:hr>
            <gpxtpx:cad>44</gpxtpx:cad>
            <gpxtpx:atemp>296.65</gpxtpx:atemp>
          </gpxtpx:TrackPointExtension>
        </extensions>
      </trkpt>
      <trkpt lat="30.761692" lon="34.933327">
        <ele>302.6</ele>
        <time>2026-03-17T04:51:20.000Z</time>
        <extensions>
          <gpxtpx:TrackPointExtension>
            <gpxtpx:hr>155</gpxtpx:hr>
            <gpxtpx:cad>44</gpxtpx:cad>
            <gpxtpx:atemp>296.65</gpxtpx:atemp>
          </gpxtpx:TrackPointExtension>
        </extensions>
      </trkpt>
      <trkpt lat="30.761658" lon="34.933223">
        <ele>303.7</ele>
        <time>2026-03-17T04:51:31.000Z</time>
        <extensions>
          <gpxtpx:TrackPointExtension>
            <gpxtpx:hr>156</gpxtpx:hr>
            <gpxtpx:cad>49</gpxtpx:cad>
            <gpxtpx:atemp>296.65</gpxtpx:atemp>
          </gpxtpx:TrackPointExtension>
        </extensions>
      </trkpt>
      <trkpt lat="30.761575" lon="34.933100">
        <ele>305.0</ele>
        <time>2026-03-17T04:51:43.000Z</time>
        <extensions>
          <gpxtpx:TrackPointExtension>
            <gpxtpx:hr>157</gpxtpx:hr>
            <gpxtpx:cad>54</gpxtpx:cad>
            <gpxtpx:atemp>296.65</gpxtpx:atemp>
          </gpxtpx:TrackPointExtension>
        </extensions>
      </trkpt>
      <trkpt lat="30.761481" lon="34.932961">
        <ele>306.9</ele>
        <time>2026-03-17T04:51:57.000Z</time>
        <extensions>
          <gpxtpx:TrackPointExtension>
            <gpxtpx:hr>155</gpxtpx:hr>
            <gpxtpx:cad>53</gpxtpx:cad>
            <gpxtpx:atemp>296.65</gpxtpx:atemp>
          </gpxtpx:TrackPointExtension>
        </extensions>
      </trkpt>
      <trkpt lat="30.761388" lon="34.932823">
        <ele>308.7</ele>
        <time>2026-03-17T04:52:09.000Z</time>
        <extensions>
          <gpxtpx:TrackPointExtension>
            <gpxtpx:hr>154</gpxtpx:hr>
            <gpxtpx:cad>53</gpxtpx:cad>
            <gpxtpx:atemp>296.65</gpxtpx:atemp>
          </gpxtpx:TrackPointExtension>
        </extensions>
      </trkpt>
      <trkpt lat="30.761275" lon="34.932710">
        <ele>310.3</ele>
        <time>2026-03-17T04:52:22.000Z</time>
        <extensions>
          <gpxtpx:TrackPointExtension>
            <gpxtpx:hr>153</gpxtpx:hr>
            <gpxtpx:cad>52</gpxtpx:cad>
            <gpxtpx:atemp>296.65</gpxtpx:atemp>
          </gpxtpx:TrackPointExtension>
        </extensions>
      </trkpt>
      <trkpt lat="30.761225" lon="34.932627">
        <ele>311.2</ele>
        <time>2026-03-17T04:52:32.000Z</time>
        <extensions>
          <gpxtpx:TrackPointExtension>
            <gpxtpx:hr>153</gpxtpx:hr>
            <gpxtpx:cad>52</gpxtpx:cad>
            <gpxtpx:atemp>296.65</gpxtpx:atemp>
          </gpxtpx:TrackPointExtension>
        </extensions>
      </trkpt>
      <trkpt lat="30.761193" lon="34.932542">
        <ele>311.7</ele>
        <time>2026-03-17T04:52:39.000Z</time>
        <extensions>
          <gpxtpx:TrackPointExtension>
            <gpxtpx:hr>154</gpxtpx:hr>
            <gpxtpx:cad>51</gpxtpx:cad>
            <gpxtpx:atemp>296.65</gpxtpx:atemp>
          </gpxtpx:TrackPointExtension>
        </extensions>
      </trkpt>
      <trkpt lat="30.761124" lon="34.932391">
        <ele>312.4</ele>
        <time>2026-03-17T04:52:51.000Z</time>
        <extensions>
          <gpxtpx:TrackPointExtension>
            <gpxtpx:hr>153</gpxtpx:hr>
            <gpxtpx:cad>51</gpxtpx:cad>
            <gpxtpx:atemp>296.65</gpxtpx:atemp>
          </gpxtpx:TrackPointExtension>
        </extensions>
      </trkpt>
      <trkpt lat="30.761055" lon="34.932296">
        <ele>312.9</ele>
        <time>2026-03-17T04:53:02.000Z</time>
        <extensions>
          <gpxtpx:TrackPointExtension>
            <gpxtpx:hr>152</gpxtpx:hr>
            <gpxtpx:cad>0</gpxtpx:cad>
            <gpxtpx:atemp>296.65</gpxtpx:atemp>
          </gpxtpx:TrackPointExtension>
        </extensions>
      </trkpt>
      <trkpt lat="30.761020" lon="34.932190">
        <ele>313.3</ele>
        <time>2026-03-17T04:53:11.000Z</time>
        <extensions>
          <gpxtpx:TrackPointExtension>
            <gpxtpx:hr>143</gpxtpx:hr>
            <gpxtpx:cad>45</gpxtpx:cad>
            <gpxtpx:atemp>296.65</gpxtpx:atemp>
          </gpxtpx:TrackPointExtension>
        </extensions>
      </trkpt>
      <trkpt lat="30.760997" lon="34.932096">
        <ele>313.8</ele>
        <time>2026-03-17T04:53:17.000Z</time>
        <extensions>
          <gpxtpx:TrackPointExtension>
            <gpxtpx:hr>140</gpxtpx:hr>
            <gpxtpx:cad>51</gpxtpx:cad>
            <gpxtpx:atemp>296.65</gpxtpx:atemp>
          </gpxtpx:TrackPointExtension>
        </extensions>
      </trkpt>
      <trkpt lat="30.760936" lon="34.931965">
        <ele>313.8</ele>
        <time>2026-03-17T04:53:24.000Z</time>
        <extensions>
          <gpxtpx:TrackPointExtension>
            <gpxtpx:hr>137</gpxtpx:hr>
            <gpxtpx:cad>71</gpxtpx:cad>
            <gpxtpx:atemp>296.65</gpxtpx:atemp>
          </gpxtpx:TrackPointExtension>
        </extensions>
      </trkpt>
      <trkpt lat="30.760913" lon="34.931824">
        <ele>313.5</ele>
        <time>2026-03-17T04:53:30.000Z</time>
        <extensions>
          <gpxtpx:TrackPointExtension>
            <gpxtpx:hr>135</gpxtpx:hr>
            <gpxtpx:cad>73</gpxtpx:cad>
            <gpxtpx:atemp>296.65</gpxtpx:atemp>
          </gpxtpx:TrackPointExtension>
        </extensions>
      </trkpt>
      <trkpt lat="30.760840" lon="34.931599">
        <ele>313.2</ele>
        <time>2026-03-17T04:53:39.000Z</time>
        <extensions>
          <gpxtpx:TrackPointExtension>
            <gpxtpx:hr>135</gpxtpx:hr>
            <gpxtpx:cad>75</gpxtpx:cad>
            <gpxtpx:atemp>296.65</gpxtpx:atemp>
          </gpxtpx:TrackPointExtension>
        </extensions>
      </trkpt>
      <trkpt lat="30.760778" lon="34.931479">
        <ele>313.0</ele>
        <time>2026-03-17T04:53:45.000Z</time>
        <extensions>
          <gpxtpx:TrackPointExtension>
            <gpxtpx:hr>138</gpxtpx:hr>
            <gpxtpx:cad>75</gpxtpx:cad>
            <gpxtpx:atemp>296.65</gpxtpx:atemp>
          </gpxtpx:TrackPointExtension>
        </extensions>
      </trkpt>
      <trkpt lat="30.760773" lon="34.931451">
        <ele>312.9</ele>
        <time>2026-03-17T04:53:46.000Z</time>
        <extensions>
          <gpxtpx:TrackPointExtension>
            <gpxtpx:hr>138</gpxtpx:hr>
            <gpxtpx:cad>75</gpxtpx:cad>
            <gpxtpx:atemp>296.65</gpxtpx:atemp>
          </gpxtpx:TrackPointExtension>
        </extensions>
      </trkpt>
      <trkpt lat="30.760694" lon="34.931268">
        <ele>312.1</ele>
        <time>2026-03-17T04:53:54.000Z</time>
        <extensions>
          <gpxtpx:TrackPointExtension>
            <gpxtpx:hr>140</gpxtpx:hr>
            <gpxtpx:cad>76</gpxtpx:cad>
            <gpxtpx:atemp>295.65</gpxtpx:atemp>
          </gpxtpx:TrackPointExtension>
        </extensions>
      </trkpt>
      <trkpt lat="30.760683" lon="34.931169">
        <ele>311.2</ele>
        <time>2026-03-17T04:54:22.000Z</time>
        <extensions>
          <gpxtpx:TrackPointExtension>
            <gpxtpx:hr>124</gpxtpx:hr>
            <gpxtpx:cad>56</gpxtpx:cad>
            <gpxtpx:atemp>295.65</gpxtpx:atemp>
          </gpxtpx:TrackPointExtension>
        </extensions>
      </trkpt>
      <trkpt lat="30.760615" lon="34.931110">
        <ele>310.8</ele>
        <time>2026-03-17T04:54:29.000Z</time>
        <extensions>
          <gpxtpx:TrackPointExtension>
            <gpxtpx:hr>123</gpxtpx:hr>
            <gpxtpx:cad>53</gpxtpx:cad>
            <gpxtpx:atemp>295.65</gpxtpx:atemp>
          </gpxtpx:TrackPointExtension>
        </extensions>
      </trkpt>
      <trkpt lat="30.760537" lon="34.931120">
        <ele>311.2</ele>
        <time>2026-03-17T04:54:34.000Z</time>
        <extensions>
          <gpxtpx:TrackPointExtension>
            <gpxtpx:hr>118</gpxtpx:hr>
            <gpxtpx:cad>53</gpxtpx:cad>
            <gpxtpx:atemp>295.65</gpxtpx:atemp>
          </gpxtpx:TrackPointExtension>
        </extensions>
      </trkpt>
      <trkpt lat="30.760288" lon="34.931233">
        <ele>313.3</ele>
        <time>2026-03-17T04:54:47.000Z</time>
        <extensions>
          <gpxtpx:TrackPointExtension>
            <gpxtpx:hr>120</gpxtpx:hr>
            <gpxtpx:cad>78</gpxtpx:cad>
            <gpxtpx:atemp>296.65</gpxtpx:atemp>
          </gpxtpx:TrackPointExtension>
        </extensions>
      </trkpt>
      <trkpt lat="30.760274" lon="34.931243">
        <ele>313.4</ele>
        <time>2026-03-17T04:54:48.000Z</time>
        <extensions>
          <gpxtpx:TrackPointExtension>
            <gpxtpx:hr>121</gpxtpx:hr>
            <gpxtpx:cad>74</gpxtpx:cad>
            <gpxtpx:atemp>296.65</gpxtpx:atemp>
          </gpxtpx:TrackPointExtension>
        </extensions>
      </trkpt>
      <trkpt lat="30.760142" lon="34.931298">
        <ele>314.3</ele>
        <time>2026-03-17T04:54:55.000Z</time>
        <extensions>
          <gpxtpx:TrackPointExtension>
            <gpxtpx:hr>130</gpxtpx:hr>
            <gpxtpx:cad>74</gpxtpx:cad>
            <gpxtpx:atemp>296.65</gpxtpx:atemp>
          </gpxtpx:TrackPointExtension>
        </extensions>
      </trkpt>
      <trkpt lat="30.760027" lon="34.931302">
        <ele>314.4</ele>
        <time>2026-03-17T04:55:04.000Z</time>
        <extensions>
          <gpxtpx:TrackPointExtension>
            <gpxtpx:hr>138</gpxtpx:hr>
            <gpxtpx:cad>73</gpxtpx:cad>
            <gpxtpx:atemp>296.65</gpxtpx:atemp>
          </gpxtpx:TrackPointExtension>
        </extensions>
      </trkpt>
      <trkpt lat="30.759965" lon="34.931284">
        <ele>314.2</ele>
        <time>2026-03-17T04:55:09.000Z</time>
        <extensions>
          <gpxtpx:TrackPointExtension>
            <gpxtpx:hr>140</gpxtpx:hr>
            <gpxtpx:cad>54</gpxtpx:cad>
            <gpxtpx:atemp>296.65</gpxtpx:atemp>
          </gpxtpx:TrackPointExtension>
        </extensions>
      </trkpt>
      <trkpt lat="30.759832" lon="34.931258">
        <ele>314.2</ele>
        <time>2026-03-17T04:55:18.000Z</time>
        <extensions>
          <gpxtpx:TrackPointExtension>
            <gpxtpx:hr>142</gpxtpx:hr>
            <gpxtpx:cad>0</gpxtpx:cad>
            <gpxtpx:atemp>296.65</gpxtpx:atemp>
          </gpxtpx:TrackPointExtension>
        </extensions>
      </trkpt>
      <trkpt lat="30.759741" lon="34.931261">
        <ele>314.5</ele>
        <time>2026-03-17T04:55:26.000Z</time>
        <extensions>
          <gpxtpx:TrackPointExtension>
            <gpxtpx:hr>140</gpxtpx:hr>
            <gpxtpx:cad>53</gpxtpx:cad>
            <gpxtpx:atemp>296.65</gpxtpx:atemp>
          </gpxtpx:TrackPointExtension>
        </extensions>
      </trkpt>
      <trkpt lat="30.759692" lon="34.931211">
        <ele>314.5</ele>
        <time>2026-03-17T04:55:32.000Z</time>
        <extensions>
          <gpxtpx:TrackPointExtension>
            <gpxtpx:hr>136</gpxtpx:hr>
            <gpxtpx:cad>55</gpxtpx:cad>
            <gpxtpx:atemp>296.65</gpxtpx:atemp>
          </gpxtpx:TrackPointExtension>
        </extensions>
      </trkpt>
      <trkpt lat="30.759610" lon="34.931142">
        <ele>314.5</ele>
        <time>2026-03-17T04:55:40.000Z</time>
        <extensions>
          <gpxtpx:TrackPointExtension>
            <gpxtpx:hr>132</gpxtpx:hr>
            <gpxtpx:cad>54</gpxtpx:cad>
            <gpxtpx:atemp>296.65</gpxtpx:atemp>
          </gpxtpx:TrackPointExtension>
        </extensions>
      </trkpt>
      <trkpt lat="30.759568" lon="34.931065">
        <ele>314.4</ele>
        <time>2026-03-17T04:55:50.000Z</time>
        <extensions>
          <gpxtpx:TrackPointExtension>
            <gpxtpx:hr>128</gpxtpx:hr>
            <gpxtpx:cad>0</gpxtpx:cad>
            <gpxtpx:atemp>296.65</gpxtpx:atemp>
          </gpxtpx:TrackPointExtension>
        </extensions>
      </trkpt>
      <trkpt lat="30.759547" lon="34.930898">
        <ele>313.6</ele>
        <time>2026-03-17T04:56:04.000Z</time>
        <extensions>
          <gpxtpx:TrackPointExtension>
            <gpxtpx:hr>127</gpxtpx:hr>
            <gpxtpx:cad>47</gpxtpx:cad>
            <gpxtpx:atemp>296.65</gpxtpx:atemp>
          </gpxtpx:TrackPointExtension>
        </extensions>
      </trkpt>
      <trkpt lat="30.759593" lon="34.930684">
        <ele>312.0</ele>
        <time>2026-03-17T04:56:13.000Z</time>
        <extensions>
          <gpxtpx:TrackPointExtension>
            <gpxtpx:hr>135</gpxtpx:hr>
            <gpxtpx:cad>76</gpxtpx:cad>
            <gpxtpx:atemp>296.65</gpxtpx:atemp>
          </gpxtpx:TrackPointExtension>
        </extensions>
      </trkpt>
      <trkpt lat="30.759593" lon="34.930577">
        <ele>312.4</ele>
        <time>2026-03-17T04:56:17.000Z</time>
        <extensions>
          <gpxtpx:TrackPointExtension>
            <gpxtpx:hr>134</gpxtpx:hr>
            <gpxtpx:cad>74</gpxtpx:cad>
            <gpxtpx:atemp>296.65</gpxtpx:atemp>
          </gpxtpx:TrackPointExtension>
        </extensions>
      </trkpt>
      <trkpt lat="30.759610" lon="34.930470">
        <ele>312.6</ele>
        <time>2026-03-17T04:56:21.000Z</time>
        <extensions>
          <gpxtpx:TrackPointExtension>
            <gpxtpx:hr>134</gpxtpx:hr>
            <gpxtpx:cad>74</gpxtpx:cad>
            <gpxtpx:atemp>296.65</gpxtpx:atemp>
          </gpxtpx:TrackPointExtension>
        </extensions>
      </trkpt>
      <trkpt lat="30.759572" lon="34.930304">
        <ele>313.5</ele>
        <time>2026-03-17T04:56:28.000Z</time>
        <extensions>
          <gpxtpx:TrackPointExtension>
            <gpxtpx:hr>136</gpxtpx:hr>
            <gpxtpx:cad>76</gpxtpx:cad>
            <gpxtpx:atemp>296.65</gpxtpx:atemp>
          </gpxtpx:TrackPointExtension>
        </extensions>
      </trkpt>
      <trkpt lat="30.759501" lon="34.930203">
        <ele>314.6</ele>
        <time>2026-03-17T04:56:33.000Z</time>
        <extensions>
          <gpxtpx:TrackPointExtension>
            <gpxtpx:hr>137</gpxtpx:hr>
            <gpxtpx:cad>75</gpxtpx:cad>
            <gpxtpx:atemp>296.65</gpxtpx:atemp>
          </gpxtpx:TrackPointExtension>
        </extensions>
      </trkpt>
      <trkpt lat="30.759466" lon="34.930176">
        <ele>315.1</ele>
        <time>2026-03-17T04:56:35.000Z</time>
        <extensions>
          <gpxtpx:TrackPointExtension>
            <gpxtpx:hr>137</gpxtpx:hr>
            <gpxtpx:cad>76</gpxtpx:cad>
            <gpxtpx:atemp>296.65</gpxtpx:atemp>
          </gpxtpx:TrackPointExtension>
        </extensions>
      </trkpt>
      <trkpt lat="30.759395" lon="34.930037">
        <ele>316.8</ele>
        <time>2026-03-17T04:56:42.000Z</time>
        <extensions>
          <gpxtpx:TrackPointExtension>
            <gpxtpx:hr>141</gpxtpx:hr>
            <gpxtpx:cad>76</gpxtpx:cad>
            <gpxtpx:atemp>296.65</gpxtpx:atemp>
          </gpxtpx:TrackPointExtension>
        </extensions>
      </trkpt>
      <trkpt lat="30.759357" lon="34.929976">
        <ele>317.6</ele>
        <time>2026-03-17T04:56:45.000Z</time>
        <extensions>
          <gpxtpx:TrackPointExtension>
            <gpxtpx:hr>142</gpxtpx:hr>
            <gpxtpx:cad>76</gpxtpx:cad>
            <gpxtpx:atemp>296.65</gpxtpx:atemp>
          </gpxtpx:TrackPointExtension>
        </extensions>
      </trkpt>
      <trkpt lat="30.759288" lon="34.929938">
        <ele>318.7</ele>
        <time>2026-03-17T04:56:50.000Z</time>
        <extensions>
          <gpxtpx:TrackPointExtension>
            <gpxtpx:hr>142</gpxtpx:hr>
            <gpxtpx:cad>74</gpxtpx:cad>
            <gpxtpx:atemp>296.65</gpxtpx:atemp>
          </gpxtpx:TrackPointExtension>
        </extensions>
      </trkpt>
      <trkpt lat="30.759184" lon="34.929962">
        <ele>319.9</ele>
        <time>2026-03-17T04:56:58.000Z</time>
        <extensions>
          <gpxtpx:TrackPointExtension>
            <gpxtpx:hr>144</gpxtpx:hr>
            <gpxtpx:cad>0</gpxtpx:cad>
            <gpxtpx:atemp>296.65</gpxtpx:atemp>
          </gpxtpx:TrackPointExtension>
        </extensions>
      </trkpt>
      <trkpt lat="30.759098" lon="34.929888">
        <ele>321.7</ele>
        <time>2026-03-17T04:57:11.000Z</time>
        <extensions>
          <gpxtpx:TrackPointExtension>
            <gpxtpx:hr>143</gpxtpx:hr>
            <gpxtpx:cad>71</gpxtpx:cad>
            <gpxtpx:atemp>296.65</gpxtpx:atemp>
          </gpxtpx:TrackPointExtension>
        </extensions>
      </trkpt>
      <trkpt lat="30.759018" lon="34.929874">
        <ele>323.0</ele>
        <time>2026-03-17T04:57:25.000Z</time>
        <extensions>
          <gpxtpx:TrackPointExtension>
            <gpxtpx:hr>150</gpxtpx:hr>
            <gpxtpx:cad>0</gpxtpx:cad>
            <gpxtpx:atemp>296.65</gpxtpx:atemp>
          </gpxtpx:TrackPointExtension>
        </extensions>
      </trkpt>
      <trkpt lat="30.758954" lon="34.929807">
        <ele>324.2</ele>
        <time>2026-03-17T04:57:46.000Z</time>
        <extensions>
          <gpxtpx:TrackPointExtension>
            <gpxtpx:hr>145</gpxtpx:hr>
            <gpxtpx:cad>0</gpxtpx:cad>
            <gpxtpx:atemp>296.65</gpxtpx:atemp>
          </gpxtpx:TrackPointExtension>
        </extensions>
      </trkpt>
      <trkpt lat="30.758924" lon="34.929669">
        <ele>325.5</ele>
        <time>2026-03-17T04:57:58.000Z</time>
        <extensions>
          <gpxtpx:TrackPointExtension>
            <gpxtpx:hr>152</gpxtpx:hr>
            <gpxtpx:cad>50</gpxtpx:cad>
            <gpxtpx:atemp>296.65</gpxtpx:atemp>
          </gpxtpx:TrackPointExtension>
        </extensions>
      </trkpt>
      <trkpt lat="30.758897" lon="34.929538">
        <ele>326.7</ele>
        <time>2026-03-17T04:58:06.000Z</time>
        <extensions>
          <gpxtpx:TrackPointExtension>
            <gpxtpx:hr>151</gpxtpx:hr>
            <gpxtpx:cad>0</gpxtpx:cad>
            <gpxtpx:atemp>296.65</gpxtpx:atemp>
          </gpxtpx:TrackPointExtension>
        </extensions>
      </trkpt>
      <trkpt lat="30.758913" lon="34.929422">
        <ele>327.4</ele>
        <time>2026-03-17T04:58:15.000Z</time>
        <extensions>
          <gpxtpx:TrackPointExtension>
            <gpxtpx:hr>152</gpxtpx:hr>
            <gpxtpx:cad>68</gpxtpx:cad>
            <gpxtpx:atemp>296.65</gpxtpx:atemp>
          </gpxtpx:TrackPointExtension>
        </extensions>
      </trkpt>
      <trkpt lat="30.758866" lon="34.929326">
        <ele>328.6</ele>
        <time>2026-03-17T04:58:23.000Z</time>
        <extensions>
          <gpxtpx:TrackPointExtension>
            <gpxtpx:hr>151</gpxtpx:hr>
            <gpxtpx:cad>54</gpxtpx:cad>
            <gpxtpx:atemp>296.65</gpxtpx:atemp>
          </gpxtpx:TrackPointExtension>
        </extensions>
      </trkpt>
      <trkpt lat="30.758851" lon="34.929258">
        <ele>329.1</ele>
        <time>2026-03-17T04:58:28.000Z</time>
        <extensions>
          <gpxtpx:TrackPointExtension>
            <gpxtpx:hr>152</gpxtpx:hr>
            <gpxtpx:cad>55</gpxtpx:cad>
            <gpxtpx:atemp>296.65</gpxtpx:atemp>
          </gpxtpx:TrackPointExtension>
        </extensions>
      </trkpt>
      <trkpt lat="30.758775" lon="34.929120">
        <ele>330.5</ele>
        <time>2026-03-17T04:58:41.000Z</time>
        <extensions>
          <gpxtpx:TrackPointExtension>
            <gpxtpx:hr>156</gpxtpx:hr>
            <gpxtpx:cad>51</gpxtpx:cad>
            <gpxtpx:atemp>296.65</gpxtpx:atemp>
          </gpxtpx:TrackPointExtension>
        </extensions>
      </trkpt>
      <trkpt lat="30.758722" lon="34.929012">
        <ele>331.2</ele>
        <time>2026-03-17T04:58:49.000Z</time>
        <extensions>
          <gpxtpx:TrackPointExtension>
            <gpxtpx:hr>155</gpxtpx:hr>
            <gpxtpx:cad>53</gpxtpx:cad>
            <gpxtpx:atemp>296.65</gpxtpx:atemp>
          </gpxtpx:TrackPointExtension>
        </extensions>
      </trkpt>
      <trkpt lat="30.758695" lon="34.928939">
        <ele>331.5</ele>
        <time>2026-03-17T04:58:54.000Z</time>
        <extensions>
          <gpxtpx:TrackPointExtension>
            <gpxtpx:hr>154</gpxtpx:hr>
            <gpxtpx:cad>53</gpxtpx:cad>
            <gpxtpx:atemp>296.65</gpxtpx:atemp>
          </gpxtpx:TrackPointExtension>
        </extensions>
      </trkpt>
      <trkpt lat="30.758609" lon="34.928770">
        <ele>332.5</ele>
        <time>2026-03-17T04:59:08.000Z</time>
        <extensions>
          <gpxtpx:TrackPointExtension>
            <gpxtpx:hr>154</gpxtpx:hr>
            <gpxtpx:cad>52</gpxtpx:cad>
            <gpxtpx:atemp>296.65</gpxtpx:atemp>
          </gpxtpx:TrackPointExtension>
        </extensions>
      </trkpt>
      <trkpt lat="30.758570" lon="34.928641">
        <ele>332.9</ele>
        <time>2026-03-17T04:59:20.000Z</time>
        <extensions>
          <gpxtpx:TrackPointExtension>
            <gpxtpx:hr>155</gpxtpx:hr>
            <gpxtpx:cad>52</gpxtpx:cad>
            <gpxtpx:atemp>296.65</gpxtpx:atemp>
          </gpxtpx:TrackPointExtension>
        </extensions>
      </trkpt>
      <trkpt lat="30.758544" lon="34.928604">
        <ele>333.2</ele>
        <time>2026-03-17T04:59:25.000Z</time>
        <extensions>
          <gpxtpx:TrackPointExtension>
            <gpxtpx:hr>156</gpxtpx:hr>
            <gpxtpx:cad>52</gpxtpx:cad>
            <gpxtpx:atemp>296.65</gpxtpx:atemp>
          </gpxtpx:TrackPointExtension>
        </extensions>
      </trkpt>
      <trkpt lat="30.758466" lon="34.928562">
        <ele>334.1</ele>
        <time>2026-03-17T04:59:33.000Z</time>
        <extensions>
          <gpxtpx:TrackPointExtension>
            <gpxtpx:hr>158</gpxtpx:hr>
            <gpxtpx:cad>50</gpxtpx:cad>
            <gpxtpx:atemp>296.65</gpxtpx:atemp>
          </gpxtpx:TrackPointExtension>
        </extensions>
      </trkpt>
      <trkpt lat="30.758314" lon="34.928529">
        <ele>335.8</ele>
        <time>2026-03-17T04:59:44.000Z</time>
        <extensions>
          <gpxtpx:TrackPointExtension>
            <gpxtpx:hr>157</gpxtpx:hr>
            <gpxtpx:cad>62</gpxtpx:cad>
            <gpxtpx:atemp>296.65</gpxtpx:atemp>
          </gpxtpx:TrackPointExtension>
        </extensions>
      </trkpt>
      <trkpt lat="30.758225" lon="34.928531">
        <ele>336.9</ele>
        <time>2026-03-17T04:59:52.000Z</time>
        <extensions>
          <gpxtpx:TrackPointExtension>
            <gpxtpx:hr>155</gpxtpx:hr>
            <gpxtpx:cad>53</gpxtpx:cad>
            <gpxtpx:atemp>297.65</gpxtpx:atemp>
          </gpxtpx:TrackPointExtension>
        </extensions>
      </trkpt>
      <trkpt lat="30.758249" lon="34.928393">
        <ele>336.4</ele>
        <time>2026-03-17T05:00:11.000Z</time>
        <extensions>
          <gpxtpx:TrackPointExtension>
            <gpxtpx:hr>150</gpxtpx:hr>
            <gpxtpx:cad>71</gpxtpx:cad>
            <gpxtpx:atemp>297.65</gpxtpx:atemp>
          </gpxtpx:TrackPointExtension>
        </extensions>
      </trkpt>
      <trkpt lat="30.758300" lon="34.928270">
        <ele>335.6</ele>
        <time>2026-03-17T05:00:26.000Z</time>
        <extensions>
          <gpxtpx:TrackPointExtension>
            <gpxtpx:hr>147</gpxtpx:hr>
            <gpxtpx:cad>0</gpxtpx:cad>
            <gpxtpx:atemp>297.65</gpxtpx:atemp>
          </gpxtpx:TrackPointExtension>
        </extensions>
      </trkpt>
      <trkpt lat="30.758358" lon="34.928160">
        <ele>334.6</ele>
        <time>2026-03-17T05:00:36.000Z</time>
        <extensions>
          <gpxtpx:TrackPointExtension>
            <gpxtpx:hr>142</gpxtpx:hr>
            <gpxtpx:cad>0</gpxtpx:cad>
            <gpxtpx:atemp>297.65</gpxtpx:atemp>
          </gpxtpx:TrackPointExtension>
        </extensions>
      </trkpt>
      <trkpt lat="30.758372" lon="34.928081">
        <ele>334.2</ele>
        <time>2026-03-17T05:00:41.000Z</time>
        <extensions>
          <gpxtpx:TrackPointExtension>
            <gpxtpx:hr>138</gpxtpx:hr>
            <gpxtpx:cad>72</gpxtpx:cad>
            <gpxtpx:atemp>297.65</gpxtpx:atemp>
          </gpxtpx:TrackPointExtension>
        </extensions>
      </trkpt>
      <trkpt lat="30.758395" lon="34.927960">
        <ele>333.5</ele>
        <time>2026-03-17T05:00:47.000Z</time>
        <extensions>
          <gpxtpx:TrackPointExtension>
            <gpxtpx:hr>136</gpxtpx:hr>
            <gpxtpx:cad>72</gpxtpx:cad>
            <gpxtpx:atemp>297.65</gpxtpx:atemp>
          </gpxtpx:TrackPointExtension>
        </extensions>
      </trkpt>
      <trkpt lat="30.758421" lon="34.927817">
        <ele>332.6</ele>
        <time>2026-03-17T05:00:54.000Z</time>
        <extensions>
          <gpxtpx:TrackPointExtension>
            <gpxtpx:hr>136</gpxtpx:hr>
            <gpxtpx:cad>74</gpxtpx:cad>
            <gpxtpx:atemp>297.65</gpxtpx:atemp>
          </gpxtpx:TrackPointExtension>
        </extensions>
      </trkpt>
      <trkpt lat="30.758480" lon="34.927585">
        <ele>330.7</ele>
        <time>2026-03-17T05:01:05.000Z</time>
        <extensions>
          <gpxtpx:TrackPointExtension>
            <gpxtpx:hr>138</gpxtpx:hr>
            <gpxtpx:cad>73</gpxtpx:cad>
            <gpxtpx:atemp>297.65</gpxtpx:atemp>
          </gpxtpx:TrackPointExtension>
        </extensions>
      </trkpt>
      <trkpt lat="30.758538" lon="34.927453">
        <ele>329.4</ele>
        <time>2026-03-17T05:01:14.000Z</time>
        <extensions>
          <gpxtpx:TrackPointExtension>
            <gpxtpx:hr>141</gpxtpx:hr>
            <gpxtpx:cad>67</gpxtpx:cad>
            <gpxtpx:atemp>297.65</gpxtpx:atemp>
          </gpxtpx:TrackPointExtension>
        </extensions>
      </trkpt>
      <trkpt lat="30.758480" lon="34.927326">
        <ele>329.8</ele>
        <time>2026-03-17T05:01:24.000Z</time>
        <extensions>
          <gpxtpx:TrackPointExtension>
            <gpxtpx:hr>146</gpxtpx:hr>
            <gpxtpx:cad>53</gpxtpx:cad>
            <gpxtpx:atemp>297.65</gpxtpx:atemp>
          </gpxtpx:TrackPointExtension>
        </extensions>
      </trkpt>
      <trkpt lat="30.758448" lon="34.927239">
        <ele>330.0</ele>
        <time>2026-03-17T05:01:37.000Z</time>
        <extensions>
          <gpxtpx:TrackPointExtension>
            <gpxtpx:hr>150</gpxtpx:hr>
            <gpxtpx:cad>0</gpxtpx:cad>
            <gpxtpx:atemp>296.65</gpxtpx:atemp>
          </gpxtpx:TrackPointExtension>
        </extensions>
      </trkpt>
      <trkpt lat="30.758394" lon="34.927168">
        <ele>330.7</ele>
        <time>2026-03-17T05:01:42.000Z</time>
        <extensions>
          <gpxtpx:TrackPointExtension>
            <gpxtpx:hr>148</gpxtpx:hr>
            <gpxtpx:cad>50</gpxtpx:cad>
            <gpxtpx:atemp>296.65</gpxtpx:atemp>
          </gpxtpx:TrackPointExtension>
        </extensions>
      </trkpt>
      <trkpt lat="30.758390" lon="34.927042">
        <ele>330.3</ele>
        <time>2026-03-17T05:01:49.000Z</time>
        <extensions>
          <gpxtpx:TrackPointExtension>
            <gpxtpx:hr>145</gpxtpx:hr>
            <gpxtpx:cad>69</gpxtpx:cad>
            <gpxtpx:atemp>296.65</gpxtpx:atemp>
          </gpxtpx:TrackPointExtension>
        </extensions>
      </trkpt>
      <trkpt lat="30.758404" lon="34.926934">
        <ele>329.7</ele>
        <time>2026-03-17T05:01:54.000Z</time>
        <extensions>
          <gpxtpx:TrackPointExtension>
            <gpxtpx:hr>144</gpxtpx:hr>
            <gpxtpx:cad>72</gpxtpx:cad>
            <gpxtpx:atemp>296.65</gpxtpx:atemp>
          </gpxtpx:TrackPointExtension>
        </extensions>
      </trkpt>
      <trkpt lat="30.758305" lon="34.926814">
        <ele>331.0</ele>
        <time>2026-03-17T05:02:07.000Z</time>
        <extensions>
          <gpxtpx:TrackPointExtension>
            <gpxtpx:hr>145</gpxtpx:hr>
            <gpxtpx:cad>51</gpxtpx:cad>
            <gpxtpx:atemp>296.65</gpxtpx:atemp>
          </gpxtpx:TrackPointExtension>
        </extensions>
      </trkpt>
      <trkpt lat="30.758300" lon="34.926753">
        <ele>330.8</ele>
        <time>2026-03-17T05:02:12.000Z</time>
        <extensions>
          <gpxtpx:TrackPointExtension>
            <gpxtpx:hr>144</gpxtpx:hr>
            <gpxtpx:cad>54</gpxtpx:cad>
            <gpxtpx:atemp>296.65</gpxtpx:atemp>
          </gpxtpx:TrackPointExtension>
        </extensions>
      </trkpt>
      <trkpt lat="30.758339" lon="34.926588">
        <ele>329.2</ele>
        <time>2026-03-17T05:02:26.000Z</time>
        <extensions>
          <gpxtpx:TrackPointExtension>
            <gpxtpx:hr>143</gpxtpx:hr>
            <gpxtpx:cad>0</gpxtpx:cad>
            <gpxtpx:atemp>296.65</gpxtpx:atemp>
          </gpxtpx:TrackPointExtension>
        </extensions>
      </trkpt>
      <trkpt lat="30.758329" lon="34.926408">
        <ele>329.1</ele>
        <time>2026-03-17T05:02:36.000Z</time>
        <extensions>
          <gpxtpx:TrackPointExtension>
            <gpxtpx:hr>143</gpxtpx:hr>
            <gpxtpx:cad>0</gpxtpx:cad>
            <gpxtpx:atemp>296.65</gpxtpx:atemp>
          </gpxtpx:TrackPointExtension>
        </extensions>
      </trkpt>
      <trkpt lat="30.758348" lon="34.926228">
        <ele>328.8</ele>
        <time>2026-03-17T05:02:47.000Z</time>
        <extensions>
          <gpxtpx:TrackPointExtension>
            <gpxtpx:hr>142</gpxtpx:hr>
            <gpxtpx:cad>72</gpxtpx:cad>
            <gpxtpx:atemp>296.65</gpxtpx:atemp>
          </gpxtpx:TrackPointExtension>
        </extensions>
      </trkpt>
      <trkpt lat="30.758411" lon="34.926111">
        <ele>327.9</ele>
        <time>2026-03-17T05:02:57.000Z</time>
        <extensions>
          <gpxtpx:TrackPointExtension>
            <gpxtpx:hr>149</gpxtpx:hr>
            <gpxtpx:cad>56</gpxtpx:cad>
            <gpxtpx:atemp>296.65</gpxtpx:atemp>
          </gpxtpx:TrackPointExtension>
        </extensions>
      </trkpt>
      <trkpt lat="30.758496" lon="34.926039">
        <ele>326.7</ele>
        <time>2026-03-17T05:03:05.000Z</time>
        <extensions>
          <gpxtpx:TrackPointExtension>
            <gpxtpx:hr>148</gpxtpx:hr>
            <gpxtpx:cad>62</gpxtpx:cad>
            <gpxtpx:atemp>296.65</gpxtpx:atemp>
          </gpxtpx:TrackPointExtension>
        </extensions>
      </trkpt>
      <trkpt lat="30.758610" lon="34.926011">
        <ele>325.0</ele>
        <time>2026-03-17T05:03:14.000Z</time>
        <extensions>
          <gpxtpx:TrackPointExtension>
            <gpxtpx:hr>147</gpxtpx:hr>
            <gpxtpx:cad>57</gpxtpx:cad>
            <gpxtpx:atemp>296.65</gpxtpx:atemp>
          </gpxtpx:TrackPointExtension>
        </extensions>
      </trkpt>
      <trkpt lat="30.758653" lon="34.925894">
        <ele>324.2</ele>
        <time>2026-03-17T05:03:38.000Z</time>
        <extensions>
          <gpxtpx:TrackPointExtension>
            <gpxtpx:hr>143</gpxtpx:hr>
            <gpxtpx:cad>0</gpxtpx:cad>
            <gpxtpx:atemp>297.65</gpxtpx:atemp>
          </gpxtpx:TrackPointExtension>
        </extensions>
      </trkpt>
      <trkpt lat="30.758606" lon="34.925769">
        <ele>324.7</ele>
        <time>2026-03-17T05:03:52.000Z</time>
        <extensions>
          <gpxtpx:TrackPointExtension>
            <gpxtpx:hr>137</gpxtpx:hr>
            <gpxtpx:cad>0</gpxtpx:cad>
            <gpxtpx:atemp>296.65</gpxtpx:atemp>
          </gpxtpx:TrackPointExtension>
        </extensions>
      </trkpt>
      <trkpt lat="30.758524" lon="34.925720">
        <ele>326.1</ele>
        <time>2026-03-17T05:04:25.000Z</time>
        <extensions>
          <gpxtpx:TrackPointExtension>
            <gpxtpx:hr>128</gpxtpx:hr>
            <gpxtpx:cad>0</gpxtpx:cad>
            <gpxtpx:atemp>296.65</gpxtpx:atemp>
          </gpxtpx:TrackPointExtension>
        </extensions>
      </trkpt>
      <trkpt lat="30.758550" lon="34.925601">
        <ele>324.9</ele>
        <time>2026-03-17T05:04:38.000Z</time>
        <extensions>
          <gpxtpx:TrackPointExtension>
            <gpxtpx:hr>121</gpxtpx:hr>
            <gpxtpx:cad>55</gpxtpx:cad>
            <gpxtpx:atemp>296.65</gpxtpx:atemp>
          </gpxtpx:TrackPointExtension>
        </extensions>
      </trkpt>
      <trkpt lat="30.758613" lon="34.925470">
        <ele>322.8</ele>
        <time>2026-03-17T05:04:50.000Z</time>
        <extensions>
          <gpxtpx:TrackPointExtension>
            <gpxtpx:hr>124</gpxtpx:hr>
            <gpxtpx:cad>57</gpxtpx:cad>
            <gpxtpx:atemp>296.65</gpxtpx:atemp>
          </gpxtpx:TrackPointExtension>
        </extensions>
      </trkpt>
      <trkpt lat="30.758641" lon="34.925396">
        <ele>321.8</ele>
        <time>2026-03-17T05:04:57.000Z</time>
        <extensions>
          <gpxtpx:TrackPointExtension>
            <gpxtpx:hr>124</gpxtpx:hr>
            <gpxtpx:cad>69</gpxtpx:cad>
            <gpxtpx:atemp>296.65</gpxtpx:atemp>
          </gpxtpx:TrackPointExtension>
        </extensions>
      </trkpt>
      <trkpt lat="30.758530" lon="34.925370">
        <ele>323.8</ele>
        <time>2026-03-17T05:05:09.000Z</time>
        <extensions>
          <gpxtpx:TrackPointExtension>
            <gpxtpx:hr>120</gpxtpx:hr>
            <gpxtpx:cad>64</gpxtpx:cad>
            <gpxtpx:atemp>296.65</gpxtpx:atemp>
          </gpxtpx:TrackPointExtension>
        </extensions>
      </trkpt>
      <trkpt lat="30.758590" lon="34.925287">
        <ele>322.2</ele>
        <time>2026-03-17T05:05:17.000Z</time>
        <extensions>
          <gpxtpx:TrackPointExtension>
            <gpxtpx:hr>118</gpxtpx:hr>
            <gpxtpx:cad>55</gpxtpx:cad>
            <gpxtpx:atemp>296.65</gpxtpx:atemp>
          </gpxtpx:TrackPointExtension>
        </extensions>
      </trkpt>
      <trkpt lat="30.758642" lon="34.925200">
        <ele>320.7</ele>
        <time>2026-03-17T05:05:23.000Z</time>
        <extensions>
          <gpxtpx:TrackPointExtension>
            <gpxtpx:hr>116</gpxtpx:hr>
            <gpxtpx:cad>0</gpxtpx:cad>
            <gpxtpx:atemp>296.65</gpxtpx:atemp>
          </gpxtpx:TrackPointExtension>
        </extensions>
      </trkpt>
      <trkpt lat="30.758751" lon="34.925101">
        <ele>317.8</ele>
        <time>2026-03-17T05:05:33.000Z</time>
        <extensions>
          <gpxtpx:TrackPointExtension>
            <gpxtpx:hr>116</gpxtpx:hr>
            <gpxtpx:cad>55</gpxtpx:cad>
            <gpxtpx:atemp>296.65</gpxtpx:atemp>
          </gpxtpx:TrackPointExtension>
        </extensions>
      </trkpt>
      <trkpt lat="30.758808" lon="34.925068">
        <ele>316.9</ele>
        <time>2026-03-17T05:05:38.000Z</time>
        <extensions>
          <gpxtpx:TrackPointExtension>
            <gpxtpx:hr>117</gpxtpx:hr>
            <gpxtpx:cad>65</gpxtpx:cad>
            <gpxtpx:atemp>296.65</gpxtpx:atemp>
          </gpxtpx:TrackPointExtension>
        </extensions>
      </trkpt>
      <trkpt lat="30.758928" lon="34.925034">
        <ele>315.1</ele>
        <time>2026-03-17T05:05:49.000Z</time>
        <extensions>
          <gpxtpx:TrackPointExtension>
            <gpxtpx:hr>118</gpxtpx:hr>
            <gpxtpx:cad>56</gpxtpx:cad>
            <gpxtpx:atemp>296.65</gpxtpx:atemp>
          </gpxtpx:TrackPointExtension>
        </extensions>
      </trkpt>
      <trkpt lat="30.759012" lon="34.924964">
        <ele>313.6</ele>
        <time>2026-03-17T05:05:57.000Z</time>
        <extensions>
          <gpxtpx:TrackPointExtension>
            <gpxtpx:hr>118</gpxtpx:hr>
            <gpxtpx:cad>56</gpxtpx:cad>
            <gpxtpx:atemp>296.65</gpxtpx:atemp>
          </gpxtpx:TrackPointExtension>
        </extensions>
      </trkpt>
      <trkpt lat="30.759032" lon="34.924822">
        <ele>313.0</ele>
        <time>2026-03-17T05:06:10.000Z</time>
        <extensions>
          <gpxtpx:TrackPointExtension>
            <gpxtpx:hr>126</gpxtpx:hr>
            <gpxtpx:cad>50</gpxtpx:cad>
            <gpxtpx:atemp>296.65</gpxtpx:atemp>
          </gpxtpx:TrackPointExtension>
        </extensions>
      </trkpt>
      <trkpt lat="30.759085" lon="34.924760">
        <ele>312.6</ele>
        <time>2026-03-17T05:06:16.000Z</time>
        <extensions>
          <gpxtpx:TrackPointExtension>
            <gpxtpx:hr>128</gpxtpx:hr>
            <gpxtpx:cad>0</gpxtpx:cad>
            <gpxtpx:atemp>296.65</gpxtpx:atemp>
          </gpxtpx:TrackPointExtension>
        </extensions>
      </trkpt>
      <trkpt lat="30.759083" lon="34.924643">
        <ele>312.6</ele>
        <time>2026-03-17T05:06:27.000Z</time>
        <extensions>
          <gpxtpx:TrackPointExtension>
            <gpxtpx:hr>143</gpxtpx:hr>
            <gpxtpx:cad>56</gpxtpx:cad>
            <gpxtpx:atemp>296.65</gpxtpx:atemp>
          </gpxtpx:TrackPointExtension>
        </extensions>
      </trkpt>
      <trkpt lat="30.758996" lon="34.924606">
        <ele>313.5</ele>
        <time>2026-03-17T05:07:16.000Z</time>
        <extensions>
          <gpxtpx:TrackPointExtension>
            <gpxtpx:hr>143</gpxtpx:hr>
            <gpxtpx:cad>0</gpxtpx:cad>
            <gpxtpx:atemp>297.65</gpxtpx:atemp>
          </gpxtpx:TrackPointExtension>
        </extensions>
      </trkpt>
      <trkpt lat="30.758949" lon="34.924654">
        <ele>314.1</ele>
        <time>2026-03-17T05:07:24.000Z</time>
        <extensions>
          <gpxtpx:TrackPointExtension>
            <gpxtpx:hr>140</gpxtpx:hr>
            <gpxtpx:cad>0</gpxtpx:cad>
            <gpxtpx:atemp>297.65</gpxtpx:atemp>
          </gpxtpx:TrackPointExtension>
        </extensions>
      </trkpt>
      <trkpt lat="30.758873" lon="34.924679">
        <ele>315.2</ele>
        <time>2026-03-17T05:07:32.000Z</time>
        <extensions>
          <gpxtpx:TrackPointExtension>
            <gpxtpx:hr>140</gpxtpx:hr>
            <gpxtpx:cad>0</gpxtpx:cad>
            <gpxtpx:atemp>297.65</gpxtpx:atemp>
          </gpxtpx:TrackPointExtension>
        </extensions>
      </trkpt>
      <trkpt lat="30.758827" lon="34.924568">
        <ele>315.9</ele>
        <time>2026-03-17T05:07:46.000Z</time>
        <extensions>
          <gpxtpx:TrackPointExtension>
            <gpxtpx:hr>145</gpxtpx:hr>
            <gpxtpx:cad>0</gpxtpx:cad>
            <gpxtpx:atemp>298.65</gpxtpx:atemp>
          </gpxtpx:TrackPointExtension>
        </extensions>
      </trkpt>
      <trkpt lat="30.758761" lon="34.924556">
        <ele>316.8</ele>
        <time>2026-03-17T05:07:57.000Z</time>
        <extensions>
          <gpxtpx:TrackPointExtension>
            <gpxtpx:hr>155</gpxtpx:hr>
            <gpxtpx:cad>0</gpxtpx:cad>
            <gpxtpx:atemp>298.65</gpxtpx:atemp>
          </gpxtpx:TrackPointExtension>
        </extensions>
      </trkpt>
      <trkpt lat="30.758598" lon="34.924560">
        <ele>319.7</ele>
        <time>2026-03-17T05:08:13.000Z</time>
        <extensions>
          <gpxtpx:TrackPointExtension>
            <gpxtpx:hr>165</gpxtpx:hr>
            <gpxtpx:cad>52</gpxtpx:cad>
            <gpxtpx:atemp>298.65</gpxtpx:atemp>
          </gpxtpx:TrackPointExtension>
        </extensions>
      </trkpt>
      <trkpt lat="30.758486" lon="34.924581">
        <ele>321.8</ele>
        <time>2026-03-17T05:08:25.000Z</time>
        <extensions>
          <gpxtpx:TrackPointExtension>
            <gpxtpx:hr>159</gpxtpx:hr>
            <gpxtpx:cad>0</gpxtpx:cad>
            <gpxtpx:atemp>298.65</gpxtpx:atemp>
          </gpxtpx:TrackPointExtension>
        </extensions>
      </trkpt>
      <trkpt lat="30.758432" lon="34.924609">
        <ele>322.8</ele>
        <time>2026-03-17T05:08:30.000Z</time>
        <extensions>
          <gpxtpx:TrackPointExtension>
            <gpxtpx:hr>158</gpxtpx:hr>
            <gpxtpx:cad>0</gpxtpx:cad>
            <gpxtpx:atemp>298.65</gpxtpx:atemp>
          </gpxtpx:TrackPointExtension>
        </extensions>
      </trkpt>
      <trkpt lat="30.758329" lon="34.924593">
        <ele>324.6</ele>
        <time>2026-03-17T05:08:42.000Z</time>
        <extensions>
          <gpxtpx:TrackPointExtension>
            <gpxtpx:hr>159</gpxtpx:hr>
            <gpxtpx:cad>47</gpxtpx:cad>
            <gpxtpx:atemp>298.65</gpxtpx:atemp>
          </gpxtpx:TrackPointExtension>
        </extensions>
      </trkpt>
      <trkpt lat="30.758202" lon="34.924573">
        <ele>326.9</ele>
        <time>2026-03-17T05:08:54.000Z</time>
        <extensions>
          <gpxtpx:TrackPointExtension>
            <gpxtpx:hr>163</gpxtpx:hr>
            <gpxtpx:cad>51</gpxtpx:cad>
            <gpxtpx:atemp>298.65</gpxtpx:atemp>
          </gpxtpx:TrackPointExtension>
        </extensions>
      </trkpt>
      <trkpt lat="30.758072" lon="34.924533">
        <ele>329.1</ele>
        <time>2026-03-17T05:09:07.000Z</time>
        <extensions>
          <gpxtpx:TrackPointExtension>
            <gpxtpx:hr>164</gpxtpx:hr>
            <gpxtpx:cad>0</gpxtpx:cad>
            <gpxtpx:atemp>298.65</gpxtpx:atemp>
          </gpxtpx:TrackPointExtension>
        </extensions>
      </trkpt>
      <trkpt lat="30.757923" lon="34.924544">
        <ele>331.7</ele>
        <time>2026-03-17T05:09:23.000Z</time>
        <extensions>
          <gpxtpx:TrackPointExtension>
            <gpxtpx:hr>157</gpxtpx:hr>
            <gpxtpx:cad>0</gpxtpx:cad>
            <gpxtpx:atemp>298.65</gpxtpx:atemp>
          </gpxtpx:TrackPointExtension>
        </extensions>
      </trkpt>
      <trkpt lat="30.757870" lon="34.924530">
        <ele>332.5</ele>
        <time>2026-03-17T05:09:28.000Z</time>
        <extensions>
          <gpxtpx:TrackPointExtension>
            <gpxtpx:hr>159</gpxtpx:hr>
            <gpxtpx:cad>0</gpxtpx:cad>
            <gpxtpx:atemp>298.65</gpxtpx:atemp>
          </gpxtpx:TrackPointExtension>
        </extensions>
      </trkpt>
      <trkpt lat="30.757769" lon="34.924546">
        <ele>334.0</ele>
        <time>2026-03-17T05:09:36.000Z</time>
        <extensions>
          <gpxtpx:TrackPointExtension>
            <gpxtpx:hr>158</gpxtpx:hr>
            <gpxtpx:cad>53</gpxtpx:cad>
            <gpxtpx:atemp>299.65</gpxtpx:atemp>
          </gpxtpx:TrackPointExtension>
        </extensions>
      </trkpt>
      <trkpt lat="30.757638" lon="34.924601">
        <ele>336.1</ele>
        <time>2026-03-17T05:09:48.000Z</time>
        <extensions>
          <gpxtpx:TrackPointExtension>
            <gpxtpx:hr>158</gpxtpx:hr>
            <gpxtpx:cad>54</gpxtpx:cad>
            <gpxtpx:atemp>299.65</gpxtpx:atemp>
          </gpxtpx:TrackPointExtension>
        </extensions>
      </trkpt>
      <trkpt lat="30.757558" lon="34.924670">
        <ele>337.6</ele>
        <time>2026-03-17T05:09:56.000Z</time>
        <extensions>
          <gpxtpx:TrackPointExtension>
            <gpxtpx:hr>158</gpxtpx:hr>
            <gpxtpx:cad>56</gpxtpx:cad>
            <gpxtpx:atemp>299.65</gpxtpx:atemp>
          </gpxtpx:TrackPointExtension>
        </extensions>
      </trkpt>
      <trkpt lat="30.757453" lon="34.924711">
        <ele>339.4</ele>
        <time>2026-03-17T05:10:05.000Z</time>
        <extensions>
          <gpxtpx:TrackPointExtension>
            <gpxtpx:hr>154</gpxtpx:hr>
            <gpxtpx:cad>55</gpxtpx:cad>
            <gpxtpx:atemp>299.65</gpxtpx:atemp>
          </gpxtpx:TrackPointExtension>
        </extensions>
      </trkpt>
      <trkpt lat="30.757377" lon="34.924711">
        <ele>340.7</ele>
        <time>2026-03-17T05:10:12.000Z</time>
        <extensions>
          <gpxtpx:TrackPointExtension>
            <gpxtpx:hr>155</gpxtpx:hr>
            <gpxtpx:cad>0</gpxtpx:cad>
            <gpxtpx:atemp>299.65</gpxtpx:atemp>
          </gpxtpx:TrackPointExtension>
        </extensions>
      </trkpt>
      <trkpt lat="30.757332" lon="34.924672">
        <ele>341.2</ele>
        <time>2026-03-17T05:10:18.000Z</time>
        <extensions>
          <gpxtpx:TrackPointExtension>
            <gpxtpx:hr>155</gpxtpx:hr>
            <gpxtpx:cad>75</gpxtpx:cad>
            <gpxtpx:atemp>299.65</gpxtpx:atemp>
          </gpxtpx:TrackPointExtension>
        </extensions>
      </trkpt>
      <trkpt lat="30.757226" lon="34.924632">
        <ele>342.9</ele>
        <time>2026-03-17T05:10:30.000Z</time>
        <extensions>
          <gpxtpx:TrackPointExtension>
            <gpxtpx:hr>153</gpxtpx:hr>
            <gpxtpx:cad>0</gpxtpx:cad>
            <gpxtpx:atemp>299.65</gpxtpx:atemp>
          </gpxtpx:TrackPointExtension>
        </extensions>
      </trkpt>
      <trkpt lat="30.757172" lon="34.924619">
        <ele>343.7</ele>
        <time>2026-03-17T05:10:37.000Z</time>
        <extensions>
          <gpxtpx:TrackPointExtension>
            <gpxtpx:hr>153</gpxtpx:hr>
            <gpxtpx:cad>0</gpxtpx:cad>
            <gpxtpx:atemp>299.65</gpxtpx:atemp>
          </gpxtpx:TrackPointExtension>
        </extensions>
      </trkpt>
      <trkpt lat="30.757076" lon="34.924642">
        <ele>345.8</ele>
        <time>2026-03-17T05:10:50.000Z</time>
        <extensions>
          <gpxtpx:TrackPointExtension>
            <gpxtpx:hr>155</gpxtpx:hr>
            <gpxtpx:cad>0</gpxtpx:cad>
            <gpxtpx:atemp>299.65</gpxtpx:atemp>
          </gpxtpx:TrackPointExtension>
        </extensions>
      </trkpt>
      <trkpt lat="30.757003" lon="34.924639">
        <ele>347.3</ele>
        <time>2026-03-17T05:10:58.000Z</time>
        <extensions>
          <gpxtpx:TrackPointExtension>
            <gpxtpx:hr>157</gpxtpx:hr>
            <gpxtpx:cad>53</gpxtpx:cad>
            <gpxtpx:atemp>299.65</gpxtpx:atemp>
          </gpxtpx:TrackPointExtension>
        </extensions>
      </trkpt>
      <trkpt lat="30.756914" lon="34.924611">
        <ele>349.0</ele>
        <time>2026-03-17T05:11:07.000Z</time>
        <extensions>
          <gpxtpx:TrackPointExtension>
            <gpxtpx:hr>160</gpxtpx:hr>
            <gpxtpx:cad>0</gpxtpx:cad>
            <gpxtpx:atemp>299.65</gpxtpx:atemp>
          </gpxtpx:TrackPointExtension>
        </extensions>
      </trkpt>
      <trkpt lat="30.756852" lon="34.924617">
        <ele>350.4</ele>
        <time>2026-03-17T05:11:13.000Z</time>
        <extensions>
          <gpxtpx:TrackPointExtension>
            <gpxtpx:hr>161</gpxtpx:hr>
            <gpxtpx:cad>0</gpxtpx:cad>
            <gpxtpx:atemp>299.65</gpxtpx:atemp>
          </gpxtpx:TrackPointExtension>
        </extensions>
      </trkpt>
      <trkpt lat="30.756743" lon="34.924634">
        <ele>352.7</ele>
        <time>2026-03-17T05:11:24.000Z</time>
        <extensions>
          <gpxtpx:TrackPointExtension>
            <gpxtpx:hr>159</gpxtpx:hr>
            <gpxtpx:cad>49</gpxtpx:cad>
            <gpxtpx:atemp>300.65</gpxtpx:atemp>
          </gpxtpx:TrackPointExtension>
        </extensions>
      </trkpt>
      <trkpt lat="30.756621" lon="34.924718">
        <ele>356.1</ele>
        <time>2026-03-17T05:11:36.000Z</time>
        <extensions>
          <gpxtpx:TrackPointExtension>
            <gpxtpx:hr>159</gpxtpx:hr>
            <gpxtpx:cad>52</gpxtpx:cad>
            <gpxtpx:atemp>300.65</gpxtpx:atemp>
          </gpxtpx:TrackPointExtension>
        </extensions>
      </trkpt>
      <trkpt lat="30.756487" lon="34.924747">
        <ele>359.0</ele>
        <time>2026-03-17T05:11:55.000Z</time>
        <extensions>
          <gpxtpx:TrackPointExtension>
            <gpxtpx:hr>152</gpxtpx:hr>
            <gpxtpx:cad>53</gpxtpx:cad>
            <gpxtpx:atemp>300.65</gpxtpx:atemp>
          </gpxtpx:TrackPointExtension>
        </extensions>
      </trkpt>
      <trkpt lat="30.756329" lon="34.924745">
        <ele>361.6</ele>
        <time>2026-03-17T05:12:03.000Z</time>
        <extensions>
          <gpxtpx:TrackPointExtension>
            <gpxtpx:hr>149</gpxtpx:hr>
            <gpxtpx:cad>74</gpxtpx:cad>
            <gpxtpx:atemp>299.65</gpxtpx:atemp>
          </gpxtpx:TrackPointExtension>
        </extensions>
      </trkpt>
      <trkpt lat="30.756174" lon="34.924790">
        <ele>364.2</ele>
        <time>2026-03-17T05:12:15.000Z</time>
        <extensions>
          <gpxtpx:TrackPointExtension>
            <gpxtpx:hr>150</gpxtpx:hr>
            <gpxtpx:cad>0</gpxtpx:cad>
            <gpxtpx:atemp>299.65</gpxtpx:atemp>
          </gpxtpx:TrackPointExtension>
        </extensions>
      </trkpt>
      <trkpt lat="30.756053" lon="34.924792">
        <ele>365.0</ele>
        <time>2026-03-17T05:12:30.000Z</time>
        <extensions>
          <gpxtpx:TrackPointExtension>
            <gpxtpx:hr>150</gpxtpx:hr>
            <gpxtpx:cad>0</gpxtpx:cad>
            <gpxtpx:atemp>300.65</gpxtpx:atemp>
          </gpxtpx:TrackPointExtension>
        </extensions>
      </trkpt>
      <trkpt lat="30.755987" lon="34.924840">
        <ele>366.4</ele>
        <time>2026-03-17T05:12:39.000Z</time>
        <extensions>
          <gpxtpx:TrackPointExtension>
            <gpxtpx:hr>155</gpxtpx:hr>
            <gpxtpx:cad>0</gpxtpx:cad>
            <gpxtpx:atemp>300.65</gpxtpx:atemp>
          </gpxtpx:TrackPointExtension>
        </extensions>
      </trkpt>
      <trkpt lat="30.755934" lon="34.924935">
        <ele>368.1</ele>
        <time>2026-03-17T05:12:49.000Z</time>
        <extensions>
          <gpxtpx:TrackPointExtension>
            <gpxtpx:hr>157</gpxtpx:hr>
            <gpxtpx:cad>51</gpxtpx:cad>
            <gpxtpx:atemp>300.65</gpxtpx:atemp>
          </gpxtpx:TrackPointExtension>
        </extensions>
      </trkpt>
      <trkpt lat="30.755893" lon="34.925065">
        <ele>370.1</ele>
        <time>2026-03-17T05:13:02.000Z</time>
        <extensions>
          <gpxtpx:TrackPointExtension>
            <gpxtpx:hr>152</gpxtpx:hr>
            <gpxtpx:cad>53</gpxtpx:cad>
            <gpxtpx:atemp>300.65</gpxtpx:atemp>
          </gpxtpx:TrackPointExtension>
        </extensions>
      </trkpt>
      <trkpt lat="30.755928" lon="34.925175">
        <ele>371.8</ele>
        <time>2026-03-17T05:13:11.000Z</time>
        <extensions>
          <gpxtpx:TrackPointExtension>
            <gpxtpx:hr>156</gpxtpx:hr>
            <gpxtpx:cad>0</gpxtpx:cad>
            <gpxtpx:atemp>300.65</gpxtpx:atemp>
          </gpxtpx:TrackPointExtension>
        </extensions>
      </trkpt>
      <trkpt lat="30.755949" lon="34.925320">
        <ele>374.3</ele>
        <time>2026-03-17T05:13:24.000Z</time>
        <extensions>
          <gpxtpx:TrackPointExtension>
            <gpxtpx:hr>157</gpxtpx:hr>
            <gpxtpx:cad>0</gpxtpx:cad>
            <gpxtpx:atemp>300.65</gpxtpx:atemp>
          </gpxtpx:TrackPointExtension>
        </extensions>
      </trkpt>
      <trkpt lat="30.755973" lon="34.925452">
        <ele>376.5</ele>
        <time>2026-03-17T05:13:41.000Z</time>
        <extensions>
          <gpxtpx:TrackPointExtension>
            <gpxtpx:hr>162</gpxtpx:hr>
            <gpxtpx:cad>0</gpxtpx:cad>
            <gpxtpx:atemp>300.65</gpxtpx:atemp>
          </gpxtpx:TrackPointExtension>
        </extensions>
      </trkpt>
      <trkpt lat="30.755924" lon="34.925537">
        <ele>378.0</ele>
        <time>2026-03-17T05:13:49.000Z</time>
        <extensions>
          <gpxtpx:TrackPointExtension>
            <gpxtpx:hr>162</gpxtpx:hr>
            <gpxtpx:cad>51</gpxtpx:cad>
            <gpxtpx:atemp>300.65</gpxtpx:atemp>
          </gpxtpx:TrackPointExtension>
        </extensions>
      </trkpt>
      <trkpt lat="30.755887" lon="34.925579">
        <ele>378.8</ele>
        <time>2026-03-17T05:13:54.000Z</time>
        <extensions>
          <gpxtpx:TrackPointExtension>
            <gpxtpx:hr>164</gpxtpx:hr>
            <gpxtpx:cad>53</gpxtpx:cad>
            <gpxtpx:atemp>300.65</gpxtpx:atemp>
          </gpxtpx:TrackPointExtension>
        </extensions>
      </trkpt>
      <trkpt lat="30.755862" lon="34.925733">
        <ele>381.5</ele>
        <time>2026-03-17T05:14:05.000Z</time>
        <extensions>
          <gpxtpx:TrackPointExtension>
            <gpxtpx:hr>161</gpxtpx:hr>
            <gpxtpx:cad>55</gpxtpx:cad>
            <gpxtpx:atemp>300.65</gpxtpx:atemp>
          </gpxtpx:TrackPointExtension>
        </extensions>
      </trkpt>
      <trkpt lat="30.755846" lon="34.925879">
        <ele>384.2</ele>
        <time>2026-03-17T05:14:18.000Z</time>
        <extensions>
          <gpxtpx:TrackPointExtension>
            <gpxtpx:hr>156</gpxtpx:hr>
            <gpxtpx:cad>50</gpxtpx:cad>
            <gpxtpx:atemp>300.65</gpxtpx:atemp>
          </gpxtpx:TrackPointExtension>
        </extensions>
      </trkpt>
      <trkpt lat="30.755845" lon="34.926031">
        <ele>387.0</ele>
        <time>2026-03-17T05:14:29.000Z</time>
        <extensions>
          <gpxtpx:TrackPointExtension>
            <gpxtpx:hr>154</gpxtpx:hr>
            <gpxtpx:cad>50</gpxtpx:cad>
            <gpxtpx:atemp>300.65</gpxtpx:atemp>
          </gpxtpx:TrackPointExtension>
        </extensions>
      </trkpt>
      <trkpt lat="30.755834" lon="34.926079">
        <ele>388.1</ele>
        <time>2026-03-17T05:14:33.000Z</time>
        <extensions>
          <gpxtpx:TrackPointExtension>
            <gpxtpx:hr>151</gpxtpx:hr>
            <gpxtpx:cad>50</gpxtpx:cad>
            <gpxtpx:atemp>300.65</gpxtpx:atemp>
          </gpxtpx:TrackPointExtension>
        </extensions>
      </trkpt>
      <trkpt lat="30.755827" lon="34.926187">
        <ele>390.3</ele>
        <time>2026-03-17T05:14:41.000Z</time>
        <extensions>
          <gpxtpx:TrackPointExtension>
            <gpxtpx:hr>152</gpxtpx:hr>
            <gpxtpx:cad>52</gpxtpx:cad>
            <gpxtpx:atemp>300.65</gpxtpx:atemp>
          </gpxtpx:TrackPointExtension>
        </extensions>
      </trkpt>
      <trkpt lat="30.755780" lon="34.926241">
        <ele>391.9</ele>
        <time>2026-03-17T05:14:53.000Z</time>
        <extensions>
          <gpxtpx:TrackPointExtension>
            <gpxtpx:hr>155</gpxtpx:hr>
            <gpxtpx:cad>0</gpxtpx:cad>
            <gpxtpx:atemp>300.65</gpxtpx:atemp>
          </gpxtpx:TrackPointExtension>
        </extensions>
      </trkpt>
      <trkpt lat="30.755688" lon="34.926340">
        <ele>395.1</ele>
        <time>2026-03-17T05:15:03.000Z</time>
        <extensions>
          <gpxtpx:TrackPointExtension>
            <gpxtpx:hr>149</gpxtpx:hr>
            <gpxtpx:cad>0</gpxtpx:cad>
            <gpxtpx:atemp>300.65</gpxtpx:atemp>
          </gpxtpx:TrackPointExtension>
        </extensions>
      </trkpt>
      <trkpt lat="30.755654" lon="34.926412">
        <ele>397.2</ele>
        <time>2026-03-17T05:15:10.000Z</time>
        <extensions>
          <gpxtpx:TrackPointExtension>
            <gpxtpx:hr>146</gpxtpx:hr>
            <gpxtpx:cad>0</gpxtpx:cad>
            <gpxtpx:atemp>300.65</gpxtpx:atemp>
          </gpxtpx:TrackPointExtension>
        </extensions>
      </trkpt>
      <trkpt lat="30.755599" lon="34.926496">
        <ele>400.0</ele>
        <time>2026-03-17T05:15:23.000Z</time>
        <extensions>
          <gpxtpx:TrackPointExtension>
            <gpxtpx:hr>147</gpxtpx:hr>
            <gpxtpx:cad>0</gpxtpx:cad>
            <gpxtpx:atemp>300.65</gpxtpx:atemp>
          </gpxtpx:TrackPointExtension>
        </extensions>
      </trkpt>
      <trkpt lat="30.755572" lon="34.926621">
        <ele>402.9</ele>
        <time>2026-03-17T05:15:36.000Z</time>
        <extensions>
          <gpxtpx:TrackPointExtension>
            <gpxtpx:hr>149</gpxtpx:hr>
            <gpxtpx:cad>0</gpxtpx:cad>
            <gpxtpx:atemp>300.65</gpxtpx:atemp>
          </gpxtpx:TrackPointExtension>
        </extensions>
      </trkpt>
      <trkpt lat="30.755591" lon="34.926715">
        <ele>404.2</ele>
        <time>2026-03-17T05:15:44.000Z</time>
        <extensions>
          <gpxtpx:TrackPointExtension>
            <gpxtpx:hr>150</gpxtpx:hr>
            <gpxtpx:cad>51</gpxtpx:cad>
            <gpxtpx:atemp>300.65</gpxtpx:atemp>
          </gpxtpx:TrackPointExtension>
        </extensions>
      </trkpt>
      <trkpt lat="30.755632" lon="34.926792">
        <ele>404.9</ele>
        <time>2026-03-17T05:15:51.000Z</time>
        <extensions>
          <gpxtpx:TrackPointExtension>
            <gpxtpx:hr>151</gpxtpx:hr>
            <gpxtpx:cad>0</gpxtpx:cad>
            <gpxtpx:atemp>300.65</gpxtpx:atemp>
          </gpxtpx:TrackPointExtension>
        </extensions>
      </trkpt>
      <trkpt lat="30.755705" lon="34.926910">
        <ele>405.3</ele>
        <time>2026-03-17T05:16:05.000Z</time>
        <extensions>
          <gpxtpx:TrackPointExtension>
            <gpxtpx:hr>149</gpxtpx:hr>
            <gpxtpx:cad>0</gpxtpx:cad>
            <gpxtpx:atemp>299.65</gpxtpx:atemp>
          </gpxtpx:TrackPointExtension>
        </extensions>
      </trkpt>
      <trkpt lat="30.755685" lon="34.926969">
        <ele>406.5</ele>
        <time>2026-03-17T05:16:13.000Z</time>
        <extensions>
          <gpxtpx:TrackPointExtension>
            <gpxtpx:hr>152</gpxtpx:hr>
            <gpxtpx:cad>0</gpxtpx:cad>
            <gpxtpx:atemp>299.65</gpxtpx:atemp>
          </gpxtpx:TrackPointExtension>
        </extensions>
      </trkpt>
      <trkpt lat="30.755682" lon="34.927090">
        <ele>408.3</ele>
        <time>2026-03-17T05:16:24.000Z</time>
        <extensions>
          <gpxtpx:TrackPointExtension>
            <gpxtpx:hr>155</gpxtpx:hr>
            <gpxtpx:cad>47</gpxtpx:cad>
            <gpxtpx:atemp>299.65</gpxtpx:atemp>
          </gpxtpx:TrackPointExtension>
        </extensions>
      </trkpt>
      <trkpt lat="30.755620" lon="34.927210">
        <ele>411.1</ele>
        <time>2026-03-17T05:16:38.000Z</time>
        <extensions>
          <gpxtpx:TrackPointExtension>
            <gpxtpx:hr>158</gpxtpx:hr>
            <gpxtpx:cad>0</gpxtpx:cad>
            <gpxtpx:atemp>300.65</gpxtpx:atemp>
          </gpxtpx:TrackPointExtension>
        </extensions>
      </trkpt>
      <trkpt lat="30.755534" lon="34.927323">
        <ele>414.5</ele>
        <time>2026-03-17T05:16:52.000Z</time>
        <extensions>
          <gpxtpx:TrackPointExtension>
            <gpxtpx:hr>159</gpxtpx:hr>
            <gpxtpx:cad>0</gpxtpx:cad>
            <gpxtpx:atemp>300.65</gpxtpx:atemp>
          </gpxtpx:TrackPointExtension>
        </extensions>
      </trkpt>
      <trkpt lat="30.755512" lon="34.927434">
        <ele>416.5</ele>
        <time>2026-03-17T05:17:01.000Z</time>
        <extensions>
          <gpxtpx:TrackPointExtension>
            <gpxtpx:hr>157</gpxtpx:hr>
            <gpxtpx:cad>48</gpxtpx:cad>
            <gpxtpx:atemp>300.65</gpxtpx:atemp>
          </gpxtpx:TrackPointExtension>
        </extensions>
      </trkpt>
      <trkpt lat="30.755493" lon="34.927480">
        <ele>417.6</ele>
        <time>2026-03-17T05:17:06.000Z</time>
        <extensions>
          <gpxtpx:TrackPointExtension>
            <gpxtpx:hr>156</gpxtpx:hr>
            <gpxtpx:cad>49</gpxtpx:cad>
            <gpxtpx:atemp>300.65</gpxtpx:atemp>
          </gpxtpx:TrackPointExtension>
        </extensions>
      </trkpt>
      <trkpt lat="30.755422" lon="34.927568">
        <ele>420.8</ele>
        <time>2026-03-17T05:17:19.000Z</time>
        <extensions>
          <gpxtpx:TrackPointExtension>
            <gpxtpx:hr>155</gpxtpx:hr>
            <gpxtpx:cad>0</gpxtpx:cad>
            <gpxtpx:atemp>300.65</gpxtpx:atemp>
          </gpxtpx:TrackPointExtension>
        </extensions>
      </trkpt>
      <trkpt lat="30.755426" lon="34.927639">
        <ele>421.7</ele>
        <time>2026-03-17T05:17:26.000Z</time>
        <extensions>
          <gpxtpx:TrackPointExtension>
            <gpxtpx:hr>155</gpxtpx:hr>
            <gpxtpx:cad>0</gpxtpx:cad>
            <gpxtpx:atemp>300.65</gpxtpx:atemp>
          </gpxtpx:TrackPointExtension>
        </extensions>
      </trkpt>
      <trkpt lat="30.755320" lon="34.927670">
        <ele>425.7</ele>
        <time>2026-03-17T05:17:43.000Z</time>
        <extensions>
          <gpxtpx:TrackPointExtension>
            <gpxtpx:hr>154</gpxtpx:hr>
            <gpxtpx:cad>0</gpxtpx:cad>
            <gpxtpx:atemp>300.65</gpxtpx:atemp>
          </gpxtpx:TrackPointExtension>
        </extensions>
      </trkpt>
      <trkpt lat="30.755250" lon="34.927563">
        <ele>426.7</ele>
        <time>2026-03-17T05:17:53.000Z</time>
        <extensions>
          <gpxtpx:TrackPointExtension>
            <gpxtpx:hr>153</gpxtpx:hr>
            <gpxtpx:cad>47</gpxtpx:cad>
            <gpxtpx:atemp>300.65</gpxtpx:atemp>
          </gpxtpx:TrackPointExtension>
        </extensions>
      </trkpt>
      <trkpt lat="30.755163" lon="34.927526">
        <ele>429.1</ele>
        <time>2026-03-17T05:18:04.000Z</time>
        <extensions>
          <gpxtpx:TrackPointExtension>
            <gpxtpx:hr>152</gpxtpx:hr>
            <gpxtpx:cad>0</gpxtpx:cad>
            <gpxtpx:atemp>300.65</gpxtpx:atemp>
          </gpxtpx:TrackPointExtension>
        </extensions>
      </trkpt>
      <trkpt lat="30.755148" lon="34.927664">
        <ele>431.9</ele>
        <time>2026-03-17T05:18:19.000Z</time>
        <extensions>
          <gpxtpx:TrackPointExtension>
            <gpxtpx:hr>154</gpxtpx:hr>
            <gpxtpx:cad>47</gpxtpx:cad>
            <gpxtpx:atemp>300.65</gpxtpx:atemp>
          </gpxtpx:TrackPointExtension>
        </extensions>
      </trkpt>
      <trkpt lat="30.755117" lon="34.927764">
        <ele>434.3</ele>
        <time>2026-03-17T05:18:31.000Z</time>
        <extensions>
          <gpxtpx:TrackPointExtension>
            <gpxtpx:hr>154</gpxtpx:hr>
            <gpxtpx:cad>0</gpxtpx:cad>
            <gpxtpx:atemp>300.65</gpxtpx:atemp>
          </gpxtpx:TrackPointExtension>
        </extensions>
      </trkpt>
      <trkpt lat="30.755117" lon="34.927848">
        <ele>435.2</ele>
        <time>2026-03-17T05:18:41.000Z</time>
        <extensions>
          <gpxtpx:TrackPointExtension>
            <gpxtpx:hr>157</gpxtpx:hr>
            <gpxtpx:cad>0</gpxtpx:cad>
            <gpxtpx:atemp>300.65</gpxtpx:atemp>
          </gpxtpx:TrackPointExtension>
        </extensions>
      </trkpt>
      <trkpt lat="30.755027" lon="34.927810">
        <ele>438.7</ele>
        <time>2026-03-17T05:19:09.000Z</time>
        <extensions>
          <gpxtpx:TrackPointExtension>
            <gpxtpx:hr>149</gpxtpx:hr>
            <gpxtpx:cad>0</gpxtpx:cad>
            <gpxtpx:atemp>300.65</gpxtpx:atemp>
          </gpxtpx:TrackPointExtension>
        </extensions>
      </trkpt>
      <trkpt lat="30.754972" lon="34.927784">
        <ele>440.8</ele>
        <time>2026-03-17T05:19:17.000Z</time>
        <extensions>
          <gpxtpx:TrackPointExtension>
            <gpxtpx:hr>151</gpxtpx:hr>
            <gpxtpx:cad>0</gpxtpx:cad>
            <gpxtpx:atemp>300.65</gpxtpx:atemp>
          </gpxtpx:TrackPointExtension>
        </extensions>
      </trkpt>
      <trkpt lat="30.754945" lon="34.927864">
        <ele>442.8</ele>
        <time>2026-03-17T05:19:35.000Z</time>
        <extensions>
          <gpxtpx:TrackPointExtension>
            <gpxtpx:hr>152</gpxtpx:hr>
            <gpxtpx:cad>0</gpxtpx:cad>
            <gpxtpx:atemp>300.65</gpxtpx:atemp>
          </gpxtpx:TrackPointExtension>
        </extensions>
      </trkpt>
      <trkpt lat="30.754840" lon="34.927861">
        <ele>447.3</ele>
        <time>2026-03-17T05:19:51.000Z</time>
        <extensions>
          <gpxtpx:TrackPointExtension>
            <gpxtpx:hr>151</gpxtpx:hr>
            <gpxtpx:cad>79</gpxtpx:cad>
            <gpxtpx:atemp>300.65</gpxtpx:atemp>
          </gpxtpx:TrackPointExtension>
        </extensions>
      </trkpt>
      <trkpt lat="30.754727" lon="34.927827">
        <ele>452.1</ele>
        <time>2026-03-17T05:20:07.000Z</time>
        <extensions>
          <gpxtpx:TrackPointExtension>
            <gpxtpx:hr>151</gpxtpx:hr>
            <gpxtpx:cad>0</gpxtpx:cad>
            <gpxtpx:atemp>300.65</gpxtpx:atemp>
          </gpxtpx:TrackPointExtension>
        </extensions>
      </trkpt>
      <trkpt lat="30.754733" lon="34.927936">
        <ele>452.5</ele>
        <time>2026-03-17T05:20:23.000Z</time>
        <extensions>
          <gpxtpx:TrackPointExtension>
            <gpxtpx:hr>152</gpxtpx:hr>
            <gpxtpx:cad>0</gpxtpx:cad>
            <gpxtpx:atemp>300.65</gpxtpx:atemp>
          </gpxtpx:TrackPointExtension>
        </extensions>
      </trkpt>
      <trkpt lat="30.754708" lon="34.928077">
        <ele>453.3</ele>
        <time>2026-03-17T05:20:42.000Z</time>
        <extensions>
          <gpxtpx:TrackPointExtension>
            <gpxtpx:hr>159</gpxtpx:hr>
            <gpxtpx:cad>0</gpxtpx:cad>
            <gpxtpx:atemp>300.65</gpxtpx:atemp>
          </gpxtpx:TrackPointExtension>
        </extensions>
      </trkpt>
      <trkpt lat="30.754682" lon="34.928108">
        <ele>454.3</ele>
        <time>2026-03-17T05:20:50.000Z</time>
        <extensions>
          <gpxtpx:TrackPointExtension>
            <gpxtpx:hr>161</gpxtpx:hr>
            <gpxtpx:cad>0</gpxtpx:cad>
            <gpxtpx:atemp>300.65</gpxtpx:atemp>
          </gpxtpx:TrackPointExtension>
        </extensions>
      </trkpt>
      <trkpt lat="30.754594" lon="34.928152">
        <ele>457.7</ele>
        <time>2026-03-17T05:21:01.000Z</time>
        <extensions>
          <gpxtpx:TrackPointExtension>
            <gpxtpx:hr>162</gpxtpx:hr>
            <gpxtpx:cad>48</gpxtpx:cad>
            <gpxtpx:atemp>300.65</gpxtpx:atemp>
          </gpxtpx:TrackPointExtension>
        </extensions>
      </trkpt>
      <trkpt lat="30.754555" lon="34.928177">
        <ele>459.2</ele>
        <time>2026-03-17T05:21:06.000Z</time>
        <extensions>
          <gpxtpx:TrackPointExtension>
            <gpxtpx:hr>162</gpxtpx:hr>
            <gpxtpx:cad>0</gpxtpx:cad>
            <gpxtpx:atemp>300.65</gpxtpx:atemp>
          </gpxtpx:TrackPointExtension>
        </extensions>
      </trkpt>
      <trkpt lat="30.754519" lon="34.928302">
        <ele>459.6</ele>
        <time>2026-03-17T05:21:20.000Z</time>
        <extensions>
          <gpxtpx:TrackPointExtension>
            <gpxtpx:hr>159</gpxtpx:hr>
            <gpxtpx:cad>44</gpxtpx:cad>
            <gpxtpx:atemp>300.65</gpxtpx:atemp>
          </gpxtpx:TrackPointExtension>
        </extensions>
      </trkpt>
      <trkpt lat="30.754528" lon="34.928408">
        <ele>458.3</ele>
        <time>2026-03-17T05:21:30.000Z</time>
        <extensions>
          <gpxtpx:TrackPointExtension>
            <gpxtpx:hr>161</gpxtpx:hr>
            <gpxtpx:cad>52</gpxtpx:cad>
            <gpxtpx:atemp>300.65</gpxtpx:atemp>
          </gpxtpx:TrackPointExtension>
        </extensions>
      </trkpt>
      <trkpt lat="30.754432" lon="34.928553">
        <ele>460.0</ele>
        <time>2026-03-17T05:21:51.000Z</time>
        <extensions>
          <gpxtpx:TrackPointExtension>
            <gpxtpx:hr>158</gpxtpx:hr>
            <gpxtpx:cad>0</gpxtpx:cad>
            <gpxtpx:atemp>300.65</gpxtpx:atemp>
          </gpxtpx:TrackPointExtension>
        </extensions>
      </trkpt>
      <trkpt lat="30.754359" lon="34.928633">
        <ele>461.2</ele>
        <time>2026-03-17T05:22:08.000Z</time>
        <extensions>
          <gpxtpx:TrackPointExtension>
            <gpxtpx:hr>159</gpxtpx:hr>
            <gpxtpx:cad>0</gpxtpx:cad>
            <gpxtpx:atemp>300.65</gpxtpx:atemp>
          </gpxtpx:TrackPointExtension>
        </extensions>
      </trkpt>
      <trkpt lat="30.754327" lon="34.928701">
        <ele>461.1</ele>
        <time>2026-03-17T05:22:19.000Z</time>
        <extensions>
          <gpxtpx:TrackPointExtension>
            <gpxtpx:hr>158</gpxtpx:hr>
            <gpxtpx:cad>0</gpxtpx:cad>
            <gpxtpx:atemp>300.65</gpxtpx:atemp>
          </gpxtpx:TrackPointExtension>
        </extensions>
      </trkpt>
      <trkpt lat="30.754283" lon="34.928774">
        <ele>461.0</ele>
        <time>2026-03-17T05:22:30.000Z</time>
        <extensions>
          <gpxtpx:TrackPointExtension>
            <gpxtpx:hr>159</gpxtpx:hr>
            <gpxtpx:cad>0</gpxtpx:cad>
            <gpxtpx:atemp>300.65</gpxtpx:atemp>
          </gpxtpx:TrackPointExtension>
        </extensions>
      </trkpt>
      <trkpt lat="30.754221" lon="34.928775">
        <ele>462.4</ele>
        <time>2026-03-17T05:22:42.000Z</time>
        <extensions>
          <gpxtpx:TrackPointExtension>
            <gpxtpx:hr>161</gpxtpx:hr>
            <gpxtpx:cad>0</gpxtpx:cad>
            <gpxtpx:atemp>300.65</gpxtpx:atemp>
          </gpxtpx:TrackPointExtension>
        </extensions>
      </trkpt>
      <trkpt lat="30.754176" lon="34.928715">
        <ele>464.4</ele>
        <time>2026-03-17T05:22:54.000Z</time>
        <extensions>
          <gpxtpx:TrackPointExtension>
            <gpxtpx:hr>161</gpxtpx:hr>
            <gpxtpx:cad>0</gpxtpx:cad>
            <gpxtpx:atemp>300.65</gpxtpx:atemp>
          </gpxtpx:TrackPointExtension>
        </extensions>
      </trkpt>
      <trkpt lat="30.754083" lon="34.928708">
        <ele>466.7</ele>
        <time>2026-03-17T05:23:14.000Z</time>
        <extensions>
          <gpxtpx:TrackPointExtension>
            <gpxtpx:hr>163</gpxtpx:hr>
            <gpxtpx:cad>79</gpxtpx:cad>
            <gpxtpx:atemp>300.65</gpxtpx:atemp>
          </gpxtpx:TrackPointExtension>
        </extensions>
      </trkpt>
      <trkpt lat="30.754039" lon="34.928721">
        <ele>467.4</ele>
        <time>2026-03-17T05:23:24.000Z</time>
        <extensions>
          <gpxtpx:TrackPointExtension>
            <gpxtpx:hr>163</gpxtpx:hr>
            <gpxtpx:cad>0</gpxtpx:cad>
            <gpxtpx:atemp>301.65</gpxtpx:atemp>
          </gpxtpx:TrackPointExtension>
        </extensions>
      </trkpt>
      <trkpt lat="30.753948" lon="34.928714">
        <ele>469.5</ele>
        <time>2026-03-17T05:23:40.000Z</time>
        <extensions>
          <gpxtpx:TrackPointExtension>
            <gpxtpx:hr>163</gpxtpx:hr>
            <gpxtpx:cad>0</gpxtpx:cad>
            <gpxtpx:atemp>301.65</gpxtpx:atemp>
          </gpxtpx:TrackPointExtension>
        </extensions>
      </trkpt>
      <trkpt lat="30.753809" lon="34.928701">
        <ele>472.8</ele>
        <time>2026-03-17T05:24:04.000Z</time>
        <extensions>
          <gpxtpx:TrackPointExtension>
            <gpxtpx:hr>161</gpxtpx:hr>
            <gpxtpx:cad>0</gpxtpx:cad>
            <gpxtpx:atemp>301.65</gpxtpx:atemp>
          </gpxtpx:TrackPointExtension>
        </extensions>
      </trkpt>
      <trkpt lat="30.753713" lon="34.928679">
        <ele>475.2</ele>
        <time>2026-03-17T05:24:22.000Z</time>
        <extensions>
          <gpxtpx:TrackPointExtension>
            <gpxtpx:hr>162</gpxtpx:hr>
            <gpxtpx:cad>0</gpxtpx:cad>
            <gpxtpx:atemp>301.65</gpxtpx:atemp>
          </gpxtpx:TrackPointExtension>
        </extensions>
      </trkpt>
      <trkpt lat="30.753711" lon="34.928603">
        <ele>476.9</ele>
        <time>2026-03-17T05:24:36.000Z</time>
        <extensions>
          <gpxtpx:TrackPointExtension>
            <gpxtpx:hr>162</gpxtpx:hr>
            <gpxtpx:cad>0</gpxtpx:cad>
            <gpxtpx:atemp>301.65</gpxtpx:atemp>
          </gpxtpx:TrackPointExtension>
        </extensions>
      </trkpt>
      <trkpt lat="30.753614" lon="34.928569">
        <ele>479.4</ele>
        <time>2026-03-17T05:24:51.000Z</time>
        <extensions>
          <gpxtpx:TrackPointExtension>
            <gpxtpx:hr>162</gpxtpx:hr>
            <gpxtpx:cad>0</gpxtpx:cad>
            <gpxtpx:atemp>301.65</gpxtpx:atemp>
          </gpxtpx:TrackPointExtension>
        </extensions>
      </trkpt>
      <trkpt lat="30.753525" lon="34.928499">
        <ele>482.5</ele>
        <time>2026-03-17T05:25:07.000Z</time>
        <extensions>
          <gpxtpx:TrackPointExtension>
            <gpxtpx:hr>162</gpxtpx:hr>
            <gpxtpx:cad>0</gpxtpx:cad>
            <gpxtpx:atemp>301.65</gpxtpx:atemp>
          </gpxtpx:TrackPointExtension>
        </extensions>
      </trkpt>
      <trkpt lat="30.753586" lon="34.928436">
        <ele>482.7</ele>
        <time>2026-03-17T05:25:18.000Z</time>
        <extensions>
          <gpxtpx:TrackPointExtension>
            <gpxtpx:hr>162</gpxtpx:hr>
            <gpxtpx:cad>0</gpxtpx:cad>
            <gpxtpx:atemp>301.65</gpxtpx:atemp>
          </gpxtpx:TrackPointExtension>
        </extensions>
      </trkpt>
      <trkpt lat="30.753649" lon="34.928376">
        <ele>482.9</ele>
        <time>2026-03-17T05:25:29.000Z</time>
        <extensions>
          <gpxtpx:TrackPointExtension>
            <gpxtpx:hr>158</gpxtpx:hr>
            <gpxtpx:cad>47</gpxtpx:cad>
            <gpxtpx:atemp>301.65</gpxtpx:atemp>
          </gpxtpx:TrackPointExtension>
        </extensions>
      </trkpt>
      <trkpt lat="30.753617" lon="34.928235">
        <ele>486.5</ele>
        <time>2026-03-17T05:25:45.000Z</time>
        <extensions>
          <gpxtpx:TrackPointExtension>
            <gpxtpx:hr>157</gpxtpx:hr>
            <gpxtpx:cad>45</gpxtpx:cad>
            <gpxtpx:atemp>301.65</gpxtpx:atemp>
          </gpxtpx:TrackPointExtension>
        </extensions>
      </trkpt>
      <trkpt lat="30.753552" lon="34.928186">
        <ele>488.7</ele>
        <time>2026-03-17T05:25:57.000Z</time>
        <extensions>
          <gpxtpx:TrackPointExtension>
            <gpxtpx:hr>154</gpxtpx:hr>
            <gpxtpx:cad>0</gpxtpx:cad>
            <gpxtpx:atemp>301.65</gpxtpx:atemp>
          </gpxtpx:TrackPointExtension>
        </extensions>
      </trkpt>
      <trkpt lat="30.753520" lon="34.928133">
        <ele>489.8</ele>
        <time>2026-03-17T05:26:04.000Z</time>
        <extensions>
          <gpxtpx:TrackPointExtension>
            <gpxtpx:hr>150</gpxtpx:hr>
            <gpxtpx:cad>52</gpxtpx:cad>
            <gpxtpx:atemp>301.65</gpxtpx:atemp>
          </gpxtpx:TrackPointExtension>
        </extensions>
      </trkpt>
      <trkpt lat="30.753452" lon="34.928068">
        <ele>491.6</ele>
        <time>2026-03-17T05:26:10.000Z</time>
        <extensions>
          <gpxtpx:TrackPointExtension>
            <gpxtpx:hr>151</gpxtpx:hr>
            <gpxtpx:cad>50</gpxtpx:cad>
            <gpxtpx:atemp>301.65</gpxtpx:atemp>
          </gpxtpx:TrackPointExtension>
        </extensions>
      </trkpt>
      <trkpt lat="30.753419" lon="34.927970">
        <ele>492.8</ele>
        <time>2026-03-17T05:26:17.000Z</time>
        <extensions>
          <gpxtpx:TrackPointExtension>
            <gpxtpx:hr>147</gpxtpx:hr>
            <gpxtpx:cad>62</gpxtpx:cad>
            <gpxtpx:atemp>301.65</gpxtpx:atemp>
          </gpxtpx:TrackPointExtension>
        </extensions>
      </trkpt>
      <trkpt lat="30.753368" lon="34.927832">
        <ele>493.6</ele>
        <time>2026-03-17T05:26:27.000Z</time>
        <extensions>
          <gpxtpx:TrackPointExtension>
            <gpxtpx:hr>147</gpxtpx:hr>
            <gpxtpx:cad>58</gpxtpx:cad>
            <gpxtpx:atemp>301.65</gpxtpx:atemp>
          </gpxtpx:TrackPointExtension>
        </extensions>
      </trkpt>
      <trkpt lat="30.753288" lon="34.927728">
        <ele>494.1</ele>
        <time>2026-03-17T05:26:36.000Z</time>
        <extensions>
          <gpxtpx:TrackPointExtension>
            <gpxtpx:hr>146</gpxtpx:hr>
            <gpxtpx:cad>48</gpxtpx:cad>
            <gpxtpx:atemp>301.65</gpxtpx:atemp>
          </gpxtpx:TrackPointExtension>
        </extensions>
      </trkpt>
      <trkpt lat="30.753129" lon="34.927693">
        <ele>495.0</ele>
        <time>2026-03-17T05:26:47.000Z</time>
        <extensions>
          <gpxtpx:TrackPointExtension>
            <gpxtpx:hr>145</gpxtpx:hr>
            <gpxtpx:cad>69</gpxtpx:cad>
            <gpxtpx:atemp>301.65</gpxtpx:atemp>
          </gpxtpx:TrackPointExtension>
        </extensions>
      </trkpt>
      <trkpt lat="30.753075" lon="34.927688">
        <ele>495.0</ele>
        <time>2026-03-17T05:26:51.000Z</time>
        <extensions>
          <gpxtpx:TrackPointExtension>
            <gpxtpx:hr>145</gpxtpx:hr>
            <gpxtpx:cad>0</gpxtpx:cad>
            <gpxtpx:atemp>301.65</gpxtpx:atemp>
          </gpxtpx:TrackPointExtension>
        </extensions>
      </trkpt>
      <trkpt lat="30.752960" lon="34.927715">
        <ele>495.0</ele>
        <time>2026-03-17T05:26:59.000Z</time>
        <extensions>
          <gpxtpx:TrackPointExtension>
            <gpxtpx:hr>146</gpxtpx:hr>
            <gpxtpx:cad>56</gpxtpx:cad>
            <gpxtpx:atemp>301.65</gpxtpx:atemp>
          </gpxtpx:TrackPointExtension>
        </extensions>
      </trkpt>
      <trkpt lat="30.752805" lon="34.927717">
        <ele>495.1</ele>
        <time>2026-03-17T05:27:12.000Z</time>
        <extensions>
          <gpxtpx:TrackPointExtension>
            <gpxtpx:hr>145</gpxtpx:hr>
            <gpxtpx:cad>53</gpxtpx:cad>
            <gpxtpx:atemp>301.65</gpxtpx:atemp>
          </gpxtpx:TrackPointExtension>
        </extensions>
      </trkpt>
      <trkpt lat="30.752709" lon="34.927734">
        <ele>495.3</ele>
        <time>2026-03-17T05:27:58.000Z</time>
        <extensions>
          <gpxtpx:TrackPointExtension>
            <gpxtpx:hr>130</gpxtpx:hr>
            <gpxtpx:cad>0</gpxtpx:cad>
            <gpxtpx:atemp>302.65</gpxtpx:atemp>
          </gpxtpx:TrackPointExtension>
        </extensions>
      </trkpt>
      <trkpt lat="30.752646" lon="34.927733">
        <ele>495.3</ele>
        <time>2026-03-17T05:28:04.000Z</time>
        <extensions>
          <gpxtpx:TrackPointExtension>
            <gpxtpx:hr>129</gpxtpx:hr>
            <gpxtpx:cad>50</gpxtpx:cad>
            <gpxtpx:atemp>302.65</gpxtpx:atemp>
          </gpxtpx:TrackPointExtension>
        </extensions>
      </trkpt>
      <trkpt lat="30.752579" lon="34.927753">
        <ele>495.5</ele>
        <time>2026-03-17T05:28:10.000Z</time>
        <extensions>
          <gpxtpx:TrackPointExtension>
            <gpxtpx:hr>130</gpxtpx:hr>
            <gpxtpx:cad>66</gpxtpx:cad>
            <gpxtpx:atemp>302.65</gpxtpx:atemp>
          </gpxtpx:TrackPointExtension>
        </extensions>
      </trkpt>
      <trkpt lat="30.752426" lon="34.927810">
        <ele>496.1</ele>
        <time>2026-03-17T05:28:24.000Z</time>
        <extensions>
          <gpxtpx:TrackPointExtension>
            <gpxtpx:hr>134</gpxtpx:hr>
            <gpxtpx:cad>65</gpxtpx:cad>
            <gpxtpx:atemp>302.65</gpxtpx:atemp>
          </gpxtpx:TrackPointExtension>
        </extensions>
      </trkpt>
      <trkpt lat="30.752348" lon="34.927873">
        <ele>496.7</ele>
        <time>2026-03-17T05:28:32.000Z</time>
        <extensions>
          <gpxtpx:TrackPointExtension>
            <gpxtpx:hr>134</gpxtpx:hr>
            <gpxtpx:cad>0</gpxtpx:cad>
            <gpxtpx:atemp>302.65</gpxtpx:atemp>
          </gpxtpx:TrackPointExtension>
        </extensions>
      </trkpt>
      <trkpt lat="30.752267" lon="34.927949">
        <ele>497.0</ele>
        <time>2026-03-17T05:28:40.000Z</time>
        <extensions>
          <gpxtpx:TrackPointExtension>
            <gpxtpx:hr>130</gpxtpx:hr>
            <gpxtpx:cad>62</gpxtpx:cad>
            <gpxtpx:atemp>302.65</gpxtpx:atemp>
          </gpxtpx:TrackPointExtension>
        </extensions>
      </trkpt>
      <trkpt lat="30.752209" lon="34.928022">
        <ele>497.0</ele>
        <time>2026-03-17T05:28:46.000Z</time>
        <extensions>
          <gpxtpx:TrackPointExtension>
            <gpxtpx:hr>131</gpxtpx:hr>
            <gpxtpx:cad>0</gpxtpx:cad>
            <gpxtpx:atemp>302.65</gpxtpx:atemp>
          </gpxtpx:TrackPointExtension>
        </extensions>
      </trkpt>
      <trkpt lat="30.752165" lon="34.928051">
        <ele>497.0</ele>
        <time>2026-03-17T05:28:50.000Z</time>
        <extensions>
          <gpxtpx:TrackPointExtension>
            <gpxtpx:hr>134</gpxtpx:hr>
            <gpxtpx:cad>73</gpxtpx:cad>
            <gpxtpx:atemp>302.65</gpxtpx:atemp>
          </gpxtpx:TrackPointExtension>
        </extensions>
      </trkpt>
      <trkpt lat="30.752083" lon="34.928133">
        <ele>497.0</ele>
        <time>2026-03-17T05:28:59.000Z</time>
        <extensions>
          <gpxtpx:TrackPointExtension>
            <gpxtpx:hr>135</gpxtpx:hr>
            <gpxtpx:cad>53</gpxtpx:cad>
            <gpxtpx:atemp>302.65</gpxtpx:atemp>
          </gpxtpx:TrackPointExtension>
        </extensions>
      </trkpt>
      <trkpt lat="30.751950" lon="34.928205">
        <ele>497.0</ele>
        <time>2026-03-17T05:29:11.000Z</time>
        <extensions>
          <gpxtpx:TrackPointExtension>
            <gpxtpx:hr>136</gpxtpx:hr>
            <gpxtpx:cad>70</gpxtpx:cad>
            <gpxtpx:atemp>302.65</gpxtpx:atemp>
          </gpxtpx:TrackPointExtension>
        </extensions>
      </trkpt>
      <trkpt lat="30.751853" lon="34.928226">
        <ele>496.9</ele>
        <time>2026-03-17T05:29:19.000Z</time>
        <extensions>
          <gpxtpx:TrackPointExtension>
            <gpxtpx:hr>138</gpxtpx:hr>
            <gpxtpx:cad>61</gpxtpx:cad>
            <gpxtpx:atemp>303.65</gpxtpx:atemp>
          </gpxtpx:TrackPointExtension>
        </extensions>
      </trkpt>
      <trkpt lat="30.751811" lon="34.928258">
        <ele>496.8</ele>
        <time>2026-03-17T05:29:23.000Z</time>
        <extensions>
          <gpxtpx:TrackPointExtension>
            <gpxtpx:hr>138</gpxtpx:hr>
            <gpxtpx:cad>53</gpxtpx:cad>
            <gpxtpx:atemp>303.65</gpxtpx:atemp>
          </gpxtpx:TrackPointExtension>
        </extensions>
      </trkpt>
      <trkpt lat="30.751687" lon="34.928378">
        <ele>496.5</ele>
        <time>2026-03-17T05:29:36.000Z</time>
        <extensions>
          <gpxtpx:TrackPointExtension>
            <gpxtpx:hr>137</gpxtpx:hr>
            <gpxtpx:cad>61</gpxtpx:cad>
            <gpxtpx:atemp>303.65</gpxtpx:atemp>
          </gpxtpx:TrackPointExtension>
        </extensions>
      </trkpt>
      <trkpt lat="30.751556" lon="34.928505">
        <ele>496.8</ele>
        <time>2026-03-17T05:29:50.000Z</time>
        <extensions>
          <gpxtpx:TrackPointExtension>
            <gpxtpx:hr>136</gpxtpx:hr>
            <gpxtpx:cad>53</gpxtpx:cad>
            <gpxtpx:atemp>303.65</gpxtpx:atemp>
          </gpxtpx:TrackPointExtension>
        </extensions>
      </trkpt>
      <trkpt lat="30.751449" lon="34.928580">
        <ele>497.0</ele>
        <time>2026-03-17T05:30:02.000Z</time>
        <extensions>
          <gpxtpx:TrackPointExtension>
            <gpxtpx:hr>135</gpxtpx:hr>
            <gpxtpx:cad>52</gpxtpx:cad>
            <gpxtpx:atemp>303.65</gpxtpx:atemp>
          </gpxtpx:TrackPointExtension>
        </extensions>
      </trkpt>
      <trkpt lat="30.751360" lon="34.928613">
        <ele>497.4</ele>
        <time>2026-03-17T05:30:09.000Z</time>
        <extensions>
          <gpxtpx:TrackPointExtension>
            <gpxtpx:hr>134</gpxtpx:hr>
            <gpxtpx:cad>52</gpxtpx:cad>
            <gpxtpx:atemp>303.65</gpxtpx:atemp>
          </gpxtpx:TrackPointExtension>
        </extensions>
      </trkpt>
      <trkpt lat="30.751298" lon="34.928668">
        <ele>497.7</ele>
        <time>2026-03-17T05:30:15.000Z</time>
        <extensions>
          <gpxtpx:TrackPointExtension>
            <gpxtpx:hr>135</gpxtpx:hr>
            <gpxtpx:cad>64</gpxtpx:cad>
            <gpxtpx:atemp>303.65</gpxtpx:atemp>
          </gpxtpx:TrackPointExtension>
        </extensions>
      </trkpt>
      <trkpt lat="30.751253" lon="34.928737">
        <ele>498.0</ele>
        <time>2026-03-17T05:30:21.000Z</time>
        <extensions>
          <gpxtpx:TrackPointExtension>
            <gpxtpx:hr>137</gpxtpx:hr>
            <gpxtpx:cad>0</gpxtpx:cad>
            <gpxtpx:atemp>303.65</gpxtpx:atemp>
          </gpxtpx:TrackPointExtension>
        </extensions>
      </trkpt>
      <trkpt lat="30.751184" lon="34.928860">
        <ele>498.6</ele>
        <time>2026-03-17T05:30:29.000Z</time>
        <extensions>
          <gpxtpx:TrackPointExtension>
            <gpxtpx:hr>137</gpxtpx:hr>
            <gpxtpx:cad>71</gpxtpx:cad>
            <gpxtpx:atemp>303.65</gpxtpx:atemp>
          </gpxtpx:TrackPointExtension>
        </extensions>
      </trkpt>
      <trkpt lat="30.751111" lon="34.928877">
        <ele>499.2</ele>
        <time>2026-03-17T05:30:34.000Z</time>
        <extensions>
          <gpxtpx:TrackPointExtension>
            <gpxtpx:hr>137</gpxtpx:hr>
            <gpxtpx:cad>67</gpxtpx:cad>
            <gpxtpx:atemp>303.65</gpxtpx:atemp>
          </gpxtpx:TrackPointExtension>
        </extensions>
      </trkpt>
      <trkpt lat="30.751039" lon="34.928959">
        <ele>500.1</ele>
        <time>2026-03-17T05:30:40.000Z</time>
        <extensions>
          <gpxtpx:TrackPointExtension>
            <gpxtpx:hr>139</gpxtpx:hr>
            <gpxtpx:cad>67</gpxtpx:cad>
            <gpxtpx:atemp>303.65</gpxtpx:atemp>
          </gpxtpx:TrackPointExtension>
        </extensions>
      </trkpt>
      <trkpt lat="30.750981" lon="34.928990">
        <ele>500.8</ele>
        <time>2026-03-17T05:30:44.000Z</time>
        <extensions>
          <gpxtpx:TrackPointExtension>
            <gpxtpx:hr>139</gpxtpx:hr>
            <gpxtpx:cad>74</gpxtpx:cad>
            <gpxtpx:atemp>303.65</gpxtpx:atemp>
          </gpxtpx:TrackPointExtension>
        </extensions>
      </trkpt>
      <trkpt lat="30.750845" lon="34.929101">
        <ele>501.2</ele>
        <time>2026-03-17T05:30:55.000Z</time>
        <extensions>
          <gpxtpx:TrackPointExtension>
            <gpxtpx:hr>139</gpxtpx:hr>
            <gpxtpx:cad>72</gpxtpx:cad>
            <gpxtpx:atemp>303.65</gpxtpx:atemp>
          </gpxtpx:TrackPointExtension>
        </extensions>
      </trkpt>
      <trkpt lat="30.750750" lon="34.929037">
        <ele>501.8</ele>
        <time>2026-03-17T05:31:04.000Z</time>
        <extensions>
          <gpxtpx:TrackPointExtension>
            <gpxtpx:hr>140</gpxtpx:hr>
            <gpxtpx:cad>0</gpxtpx:cad>
            <gpxtpx:atemp>303.65</gpxtpx:atemp>
          </gpxtpx:TrackPointExtension>
        </extensions>
      </trkpt>
      <trkpt lat="30.750670" lon="34.929012">
        <ele>502.0</ele>
        <time>2026-03-17T05:31:09.000Z</time>
        <extensions>
          <gpxtpx:TrackPointExtension>
            <gpxtpx:hr>139</gpxtpx:hr>
            <gpxtpx:cad>69</gpxtpx:cad>
            <gpxtpx:atemp>303.65</gpxtpx:atemp>
          </gpxtpx:TrackPointExtension>
        </extensions>
      </trkpt>
      <trkpt lat="30.750611" lon="34.929028">
        <ele>502.3</ele>
        <time>2026-03-17T05:31:12.000Z</time>
        <extensions>
          <gpxtpx:TrackPointExtension>
            <gpxtpx:hr>139</gpxtpx:hr>
            <gpxtpx:cad>72</gpxtpx:cad>
            <gpxtpx:atemp>303.65</gpxtpx:atemp>
          </gpxtpx:TrackPointExtension>
        </extensions>
      </trkpt>
      <trkpt lat="30.750479" lon="34.929109">
        <ele>502.7</ele>
        <time>2026-03-17T05:31:20.000Z</time>
        <extensions>
          <gpxtpx:TrackPointExtension>
            <gpxtpx:hr>143</gpxtpx:hr>
            <gpxtpx:cad>73</gpxtpx:cad>
            <gpxtpx:atemp>303.65</gpxtpx:atemp>
          </gpxtpx:TrackPointExtension>
        </extensions>
      </trkpt>
      <trkpt lat="30.750373" lon="34.929043">
        <ele>503.3</ele>
        <time>2026-03-17T05:31:29.000Z</time>
        <extensions>
          <gpxtpx:TrackPointExtension>
            <gpxtpx:hr>147</gpxtpx:hr>
            <gpxtpx:cad>0</gpxtpx:cad>
            <gpxtpx:atemp>303.65</gpxtpx:atemp>
          </gpxtpx:TrackPointExtension>
        </extensions>
      </trkpt>
      <trkpt lat="30.750281" lon="34.929080">
        <ele>504.0</ele>
        <time>2026-03-17T05:31:35.000Z</time>
        <extensions>
          <gpxtpx:TrackPointExtension>
            <gpxtpx:hr>147</gpxtpx:hr>
            <gpxtpx:cad>68</gpxtpx:cad>
            <gpxtpx:atemp>303.65</gpxtpx:atemp>
          </gpxtpx:TrackPointExtension>
        </extensions>
      </trkpt>
      <trkpt lat="30.750214" lon="34.929169">
        <ele>504.5</ele>
        <time>2026-03-17T05:31:41.000Z</time>
        <extensions>
          <gpxtpx:TrackPointExtension>
            <gpxtpx:hr>152</gpxtpx:hr>
            <gpxtpx:cad>73</gpxtpx:cad>
            <gpxtpx:atemp>303.65</gpxtpx:atemp>
          </gpxtpx:TrackPointExtension>
        </extensions>
      </trkpt>
      <trkpt lat="30.750107" lon="34.929219">
        <ele>505.3</ele>
        <time>2026-03-17T05:31:49.000Z</time>
        <extensions>
          <gpxtpx:TrackPointExtension>
            <gpxtpx:hr>153</gpxtpx:hr>
            <gpxtpx:cad>59</gpxtpx:cad>
            <gpxtpx:atemp>303.65</gpxtpx:atemp>
          </gpxtpx:TrackPointExtension>
        </extensions>
      </trkpt>
      <trkpt lat="30.750024" lon="34.929324">
        <ele>506.2</ele>
        <time>2026-03-17T05:31:57.000Z</time>
        <extensions>
          <gpxtpx:TrackPointExtension>
            <gpxtpx:hr>149</gpxtpx:hr>
            <gpxtpx:cad>73</gpxtpx:cad>
            <gpxtpx:atemp>303.65</gpxtpx:atemp>
          </gpxtpx:TrackPointExtension>
        </extensions>
      </trkpt>
      <trkpt lat="30.749974" lon="34.929427">
        <ele>506.8</ele>
        <time>2026-03-17T05:32:05.000Z</time>
        <extensions>
          <gpxtpx:TrackPointExtension>
            <gpxtpx:hr>149</gpxtpx:hr>
            <gpxtpx:cad>61</gpxtpx:cad>
            <gpxtpx:atemp>303.65</gpxtpx:atemp>
          </gpxtpx:TrackPointExtension>
        </extensions>
      </trkpt>
      <trkpt lat="30.749901" lon="34.929393">
        <ele>507.6</ele>
        <time>2026-03-17T05:32:12.000Z</time>
        <extensions>
          <gpxtpx:TrackPointExtension>
            <gpxtpx:hr>146</gpxtpx:hr>
            <gpxtpx:cad>52</gpxtpx:cad>
            <gpxtpx:atemp>303.65</gpxtpx:atemp>
          </gpxtpx:TrackPointExtension>
        </extensions>
      </trkpt>
      <trkpt lat="30.749813" lon="34.929361">
        <ele>508.2</ele>
        <time>2026-03-17T05:32:20.000Z</time>
        <extensions>
          <gpxtpx:TrackPointExtension>
            <gpxtpx:hr>148</gpxtpx:hr>
            <gpxtpx:cad>62</gpxtpx:cad>
            <gpxtpx:atemp>303.65</gpxtpx:atemp>
          </gpxtpx:TrackPointExtension>
        </extensions>
      </trkpt>
      <trkpt lat="30.749737" lon="34.929434">
        <ele>508.7</ele>
        <time>2026-03-17T05:32:25.000Z</time>
        <extensions>
          <gpxtpx:TrackPointExtension>
            <gpxtpx:hr>148</gpxtpx:hr>
            <gpxtpx:cad>56</gpxtpx:cad>
            <gpxtpx:atemp>303.65</gpxtpx:atemp>
          </gpxtpx:TrackPointExtension>
        </extensions>
      </trkpt>
      <trkpt lat="30.749663" lon="34.929442">
        <ele>509.1</ele>
        <time>2026-03-17T05:32:31.000Z</time>
        <extensions>
          <gpxtpx:TrackPointExtension>
            <gpxtpx:hr>149</gpxtpx:hr>
            <gpxtpx:cad>79</gpxtpx:cad>
            <gpxtpx:atemp>303.65</gpxtpx:atemp>
          </gpxtpx:TrackPointExtension>
        </extensions>
      </trkpt>
      <trkpt lat="30.749601" lon="34.929381">
        <ele>509.2</ele>
        <time>2026-03-17T05:32:37.000Z</time>
        <extensions>
          <gpxtpx:TrackPointExtension>
            <gpxtpx:hr>150</gpxtpx:hr>
            <gpxtpx:cad>55</gpxtpx:cad>
            <gpxtpx:atemp>303.65</gpxtpx:atemp>
          </gpxtpx:TrackPointExtension>
        </extensions>
      </trkpt>
      <trkpt lat="30.749502" lon="34.929422">
        <ele>509.7</ele>
        <time>2026-03-17T05:32:45.000Z</time>
        <extensions>
          <gpxtpx:TrackPointExtension>
            <gpxtpx:hr>149</gpxtpx:hr>
            <gpxtpx:cad>55</gpxtpx:cad>
            <gpxtpx:atemp>303.65</gpxtpx:atemp>
          </gpxtpx:TrackPointExtension>
        </extensions>
      </trkpt>
      <trkpt lat="30.749461" lon="34.929460">
        <ele>510.0</ele>
        <time>2026-03-17T05:32:49.000Z</time>
        <extensions>
          <gpxtpx:TrackPointExtension>
            <gpxtpx:hr>151</gpxtpx:hr>
            <gpxtpx:cad>70</gpxtpx:cad>
            <gpxtpx:atemp>303.65</gpxtpx:atemp>
          </gpxtpx:TrackPointExtension>
        </extensions>
      </trkpt>
      <trkpt lat="30.749428" lon="34.929564">
        <ele>510.5</ele>
        <time>2026-03-17T05:32:57.000Z</time>
        <extensions>
          <gpxtpx:TrackPointExtension>
            <gpxtpx:hr>151</gpxtpx:hr>
            <gpxtpx:cad>0</gpxtpx:cad>
            <gpxtpx:atemp>303.65</gpxtpx:atemp>
          </gpxtpx:TrackPointExtension>
        </extensions>
      </trkpt>
      <trkpt lat="30.749320" lon="34.929596">
        <ele>511.0</ele>
        <time>2026-03-17T05:33:03.000Z</time>
        <extensions>
          <gpxtpx:TrackPointExtension>
            <gpxtpx:hr>152</gpxtpx:hr>
            <gpxtpx:cad>72</gpxtpx:cad>
            <gpxtpx:atemp>303.65</gpxtpx:atemp>
          </gpxtpx:TrackPointExtension>
        </extensions>
      </trkpt>
      <trkpt lat="30.749210" lon="34.929581">
        <ele>511.0</ele>
        <time>2026-03-17T05:33:09.000Z</time>
        <extensions>
          <gpxtpx:TrackPointExtension>
            <gpxtpx:hr>154</gpxtpx:hr>
            <gpxtpx:cad>72</gpxtpx:cad>
            <gpxtpx:atemp>303.65</gpxtpx:atemp>
          </gpxtpx:TrackPointExtension>
        </extensions>
      </trkpt>
      <trkpt lat="30.749144" lon="34.929637">
        <ele>511.2</ele>
        <time>2026-03-17T05:33:14.000Z</time>
        <extensions>
          <gpxtpx:TrackPointExtension>
            <gpxtpx:hr>155</gpxtpx:hr>
            <gpxtpx:cad>73</gpxtpx:cad>
            <gpxtpx:atemp>303.65</gpxtpx:atemp>
          </gpxtpx:TrackPointExtension>
        </extensions>
      </trkpt>
      <trkpt lat="30.749066" lon="34.929674">
        <ele>511.3</ele>
        <time>2026-03-17T05:33:19.000Z</time>
        <extensions>
          <gpxtpx:TrackPointExtension>
            <gpxtpx:hr>155</gpxtpx:hr>
            <gpxtpx:cad>70</gpxtpx:cad>
            <gpxtpx:atemp>303.65</gpxtpx:atemp>
          </gpxtpx:TrackPointExtension>
        </extensions>
      </trkpt>
      <trkpt lat="30.748936" lon="34.929779">
        <ele>511.8</ele>
        <time>2026-03-17T05:33:27.000Z</time>
        <extensions>
          <gpxtpx:TrackPointExtension>
            <gpxtpx:hr>154</gpxtpx:hr>
            <gpxtpx:cad>76</gpxtpx:cad>
            <gpxtpx:atemp>303.65</gpxtpx:atemp>
          </gpxtpx:TrackPointExtension>
        </extensions>
      </trkpt>
      <trkpt lat="30.748922" lon="34.929816">
        <ele>511.9</ele>
        <time>2026-03-17T05:33:29.000Z</time>
        <extensions>
          <gpxtpx:TrackPointExtension>
            <gpxtpx:hr>155</gpxtpx:hr>
            <gpxtpx:cad>77</gpxtpx:cad>
            <gpxtpx:atemp>303.65</gpxtpx:atemp>
          </gpxtpx:TrackPointExtension>
        </extensions>
      </trkpt>
      <trkpt lat="30.748855" lon="34.929910">
        <ele>512.3</ele>
        <time>2026-03-17T05:33:35.000Z</time>
        <extensions>
          <gpxtpx:TrackPointExtension>
            <gpxtpx:hr>156</gpxtpx:hr>
            <gpxtpx:cad>76</gpxtpx:cad>
            <gpxtpx:atemp>303.65</gpxtpx:atemp>
          </gpxtpx:TrackPointExtension>
        </extensions>
      </trkpt>
      <trkpt lat="30.748805" lon="34.930019">
        <ele>513.0</ele>
        <time>2026-03-17T05:33:41.000Z</time>
        <extensions>
          <gpxtpx:TrackPointExtension>
            <gpxtpx:hr>156</gpxtpx:hr>
            <gpxtpx:cad>73</gpxtpx:cad>
            <gpxtpx:atemp>303.65</gpxtpx:atemp>
          </gpxtpx:TrackPointExtension>
        </extensions>
      </trkpt>
      <trkpt lat="30.748715" lon="34.929983">
        <ele>512.9</ele>
        <time>2026-03-17T05:33:51.000Z</time>
        <extensions>
          <gpxtpx:TrackPointExtension>
            <gpxtpx:hr>153</gpxtpx:hr>
            <gpxtpx:cad>57</gpxtpx:cad>
            <gpxtpx:atemp>303.65</gpxtpx:atemp>
          </gpxtpx:TrackPointExtension>
        </extensions>
      </trkpt>
      <trkpt lat="30.748655" lon="34.929952">
        <ele>512.9</ele>
        <time>2026-03-17T05:33:55.000Z</time>
        <extensions>
          <gpxtpx:TrackPointExtension>
            <gpxtpx:hr>150</gpxtpx:hr>
            <gpxtpx:cad>0</gpxtpx:cad>
            <gpxtpx:atemp>303.65</gpxtpx:atemp>
          </gpxtpx:TrackPointExtension>
        </extensions>
      </trkpt>
      <trkpt lat="30.748554" lon="34.929999">
        <ele>513.3</ele>
        <time>2026-03-17T05:34:00.000Z</time>
        <extensions>
          <gpxtpx:TrackPointExtension>
            <gpxtpx:hr>149</gpxtpx:hr>
            <gpxtpx:cad>76</gpxtpx:cad>
            <gpxtpx:atemp>303.65</gpxtpx:atemp>
          </gpxtpx:TrackPointExtension>
        </extensions>
      </trkpt>
      <trkpt lat="30.748490" lon="34.930068">
        <ele>513.7</ele>
        <time>2026-03-17T05:34:05.000Z</time>
        <extensions>
          <gpxtpx:TrackPointExtension>
            <gpxtpx:hr>149</gpxtpx:hr>
            <gpxtpx:cad>76</gpxtpx:cad>
            <gpxtpx:atemp>302.65</gpxtpx:atemp>
          </gpxtpx:TrackPointExtension>
        </extensions>
      </trkpt>
      <trkpt lat="30.748403" lon="34.930079">
        <ele>514.0</ele>
        <time>2026-03-17T05:34:10.000Z</time>
        <extensions>
          <gpxtpx:TrackPointExtension>
            <gpxtpx:hr>150</gpxtpx:hr>
            <gpxtpx:cad>72</gpxtpx:cad>
            <gpxtpx:atemp>302.65</gpxtpx:atemp>
          </gpxtpx:TrackPointExtension>
        </extensions>
      </trkpt>
      <trkpt lat="30.748331" lon="34.930120">
        <ele>514.4</ele>
        <time>2026-03-17T05:34:17.000Z</time>
        <extensions>
          <gpxtpx:TrackPointExtension>
            <gpxtpx:hr>151</gpxtpx:hr>
            <gpxtpx:cad>74</gpxtpx:cad>
            <gpxtpx:atemp>302.65</gpxtpx:atemp>
          </gpxtpx:TrackPointExtension>
        </extensions>
      </trkpt>
      <trkpt lat="30.748258" lon="34.930147">
        <ele>514.8</ele>
        <time>2026-03-17T05:34:21.000Z</time>
        <extensions>
          <gpxtpx:TrackPointExtension>
            <gpxtpx:hr>151</gpxtpx:hr>
            <gpxtpx:cad>75</gpxtpx:cad>
            <gpxtpx:atemp>302.65</gpxtpx:atemp>
          </gpxtpx:TrackPointExtension>
        </extensions>
      </trkpt>
      <trkpt lat="30.748200" lon="34.930140">
        <ele>515.0</ele>
        <time>2026-03-17T05:34:24.000Z</time>
        <extensions>
          <gpxtpx:TrackPointExtension>
            <gpxtpx:hr>150</gpxtpx:hr>
            <gpxtpx:cad>75</gpxtpx:cad>
            <gpxtpx:atemp>302.65</gpxtpx:atemp>
          </gpxtpx:TrackPointExtension>
        </extensions>
      </trkpt>
      <trkpt lat="30.748127" lon="34.930149">
        <ele>514.5</ele>
        <time>2026-03-17T05:34:30.000Z</time>
        <extensions>
          <gpxtpx:TrackPointExtension>
            <gpxtpx:hr>151</gpxtpx:hr>
            <gpxtpx:cad>0</gpxtpx:cad>
            <gpxtpx:atemp>302.65</gpxtpx:atemp>
          </gpxtpx:TrackPointExtension>
        </extensions>
      </trkpt>
      <trkpt lat="30.748069" lon="34.930091">
        <ele>514.0</ele>
        <time>2026-03-17T05:34:37.000Z</time>
        <extensions>
          <gpxtpx:TrackPointExtension>
            <gpxtpx:hr>150</gpxtpx:hr>
            <gpxtpx:cad>61</gpxtpx:cad>
            <gpxtpx:atemp>302.65</gpxtpx:atemp>
          </gpxtpx:TrackPointExtension>
        </extensions>
      </trkpt>
      <trkpt lat="30.747946" lon="34.930047">
        <ele>513.2</ele>
        <time>2026-03-17T05:34:49.000Z</time>
        <extensions>
          <gpxtpx:TrackPointExtension>
            <gpxtpx:hr>152</gpxtpx:hr>
            <gpxtpx:cad>50</gpxtpx:cad>
            <gpxtpx:atemp>302.65</gpxtpx:atemp>
          </gpxtpx:TrackPointExtension>
        </extensions>
      </trkpt>
      <trkpt lat="30.747869" lon="34.930055">
        <ele>512.4</ele>
        <time>2026-03-17T05:34:55.000Z</time>
        <extensions>
          <gpxtpx:TrackPointExtension>
            <gpxtpx:hr>153</gpxtpx:hr>
            <gpxtpx:cad>52</gpxtpx:cad>
            <gpxtpx:atemp>302.65</gpxtpx:atemp>
          </gpxtpx:TrackPointExtension>
        </extensions>
      </trkpt>
      <trkpt lat="30.747722" lon="34.930008">
        <ele>510.5</ele>
        <time>2026-03-17T05:35:03.000Z</time>
        <extensions>
          <gpxtpx:TrackPointExtension>
            <gpxtpx:hr>155</gpxtpx:hr>
            <gpxtpx:cad>74</gpxtpx:cad>
            <gpxtpx:atemp>302.65</gpxtpx:atemp>
          </gpxtpx:TrackPointExtension>
        </extensions>
      </trkpt>
      <trkpt lat="30.747572" lon="34.929970">
        <ele>508.0</ele>
        <time>2026-03-17T05:35:11.000Z</time>
        <extensions>
          <gpxtpx:TrackPointExtension>
            <gpxtpx:hr>153</gpxtpx:hr>
            <gpxtpx:cad>71</gpxtpx:cad>
            <gpxtpx:atemp>302.65</gpxtpx:atemp>
          </gpxtpx:TrackPointExtension>
        </extensions>
      </trkpt>
      <trkpt lat="30.747469" lon="34.929900">
        <ele>506.0</ele>
        <time>2026-03-17T05:35:17.000Z</time>
        <extensions>
          <gpxtpx:TrackPointExtension>
            <gpxtpx:hr>152</gpxtpx:hr>
            <gpxtpx:cad>75</gpxtpx:cad>
            <gpxtpx:atemp>302.65</gpxtpx:atemp>
          </gpxtpx:TrackPointExtension>
        </extensions>
      </trkpt>
      <trkpt lat="30.747321" lon="34.929819">
        <ele>503.5</ele>
        <time>2026-03-17T05:35:25.000Z</time>
        <extensions>
          <gpxtpx:TrackPointExtension>
            <gpxtpx:hr>152</gpxtpx:hr>
            <gpxtpx:cad>75</gpxtpx:cad>
            <gpxtpx:atemp>302.65</gpxtpx:atemp>
          </gpxtpx:TrackPointExtension>
        </extensions>
      </trkpt>
      <trkpt lat="30.747169" lon="34.929694">
        <ele>501.4</ele>
        <time>2026-03-17T05:35:33.000Z</time>
        <extensions>
          <gpxtpx:TrackPointExtension>
            <gpxtpx:hr>151</gpxtpx:hr>
            <gpxtpx:cad>77</gpxtpx:cad>
            <gpxtpx:atemp>302.65</gpxtpx:atemp>
          </gpxtpx:TrackPointExtension>
        </extensions>
      </trkpt>
      <trkpt lat="30.747100" lon="34.929622">
        <ele>500.8</ele>
        <time>2026-03-17T05:35:37.000Z</time>
        <extensions>
          <gpxtpx:TrackPointExtension>
            <gpxtpx:hr>150</gpxtpx:hr>
            <gpxtpx:cad>77</gpxtpx:cad>
            <gpxtpx:atemp>302.65</gpxtpx:atemp>
          </gpxtpx:TrackPointExtension>
        </extensions>
      </trkpt>
      <trkpt lat="30.746959" lon="34.929509">
        <ele>499.5</ele>
        <time>2026-03-17T05:35:45.000Z</time>
        <extensions>
          <gpxtpx:TrackPointExtension>
            <gpxtpx:hr>150</gpxtpx:hr>
            <gpxtpx:cad>77</gpxtpx:cad>
            <gpxtpx:atemp>302.65</gpxtpx:atemp>
          </gpxtpx:TrackPointExtension>
        </extensions>
      </trkpt>
      <trkpt lat="30.746893" lon="34.929459">
        <ele>499.0</ele>
        <time>2026-03-17T05:35:49.000Z</time>
        <extensions>
          <gpxtpx:TrackPointExtension>
            <gpxtpx:hr>150</gpxtpx:hr>
            <gpxtpx:cad>76</gpxtpx:cad>
            <gpxtpx:atemp>302.65</gpxtpx:atemp>
          </gpxtpx:TrackPointExtension>
        </extensions>
      </trkpt>
      <trkpt lat="30.746690" lon="34.929261">
        <ele>498.4</ele>
        <time>2026-03-17T05:36:00.000Z</time>
        <extensions>
          <gpxtpx:TrackPointExtension>
            <gpxtpx:hr>150</gpxtpx:hr>
            <gpxtpx:cad>79</gpxtpx:cad>
            <gpxtpx:atemp>302.65</gpxtpx:atemp>
          </gpxtpx:TrackPointExtension>
        </extensions>
      </trkpt>
      <trkpt lat="30.746475" lon="34.929056">
        <ele>498.2</ele>
        <time>2026-03-17T05:36:12.000Z</time>
        <extensions>
          <gpxtpx:TrackPointExtension>
            <gpxtpx:hr>152</gpxtpx:hr>
            <gpxtpx:cad>79</gpxtpx:cad>
            <gpxtpx:atemp>301.65</gpxtpx:atemp>
          </gpxtpx:TrackPointExtension>
        </extensions>
      </trkpt>
      <trkpt lat="30.746458" lon="34.929036">
        <ele>498.3</ele>
        <time>2026-03-17T05:36:13.000Z</time>
        <extensions>
          <gpxtpx:TrackPointExtension>
            <gpxtpx:hr>151</gpxtpx:hr>
            <gpxtpx:cad>79</gpxtpx:cad>
            <gpxtpx:atemp>301.65</gpxtpx:atemp>
          </gpxtpx:TrackPointExtension>
        </extensions>
      </trkpt>
      <trkpt lat="30.746340" lon="34.928854">
        <ele>500.1</ele>
        <time>2026-03-17T05:36:23.000Z</time>
        <extensions>
          <gpxtpx:TrackPointExtension>
            <gpxtpx:hr>151</gpxtpx:hr>
            <gpxtpx:cad>77</gpxtpx:cad>
            <gpxtpx:atemp>301.65</gpxtpx:atemp>
          </gpxtpx:TrackPointExtension>
        </extensions>
      </trkpt>
      <trkpt lat="30.746278" lon="34.928804">
        <ele>500.2</ele>
        <time>2026-03-17T05:36:30.000Z</time>
        <extensions>
          <gpxtpx:TrackPointExtension>
            <gpxtpx:hr>153</gpxtpx:hr>
            <gpxtpx:cad>50</gpxtpx:cad>
            <gpxtpx:atemp>301.65</gpxtpx:atemp>
          </gpxtpx:TrackPointExtension>
        </extensions>
      </trkpt>
      <trkpt lat="30.746175" lon="34.928725">
        <ele>499.6</ele>
        <time>2026-03-17T05:36:40.000Z</time>
        <extensions>
          <gpxtpx:TrackPointExtension>
            <gpxtpx:hr>152</gpxtpx:hr>
            <gpxtpx:cad>53</gpxtpx:cad>
            <gpxtpx:atemp>301.65</gpxtpx:atemp>
          </gpxtpx:TrackPointExtension>
        </extensions>
      </trkpt>
      <trkpt lat="30.746124" lon="34.928709">
        <ele>498.6</ele>
        <time>2026-03-17T05:36:44.000Z</time>
        <extensions>
          <gpxtpx:TrackPointExtension>
            <gpxtpx:hr>149</gpxtpx:hr>
            <gpxtpx:cad>55</gpxtpx:cad>
            <gpxtpx:atemp>301.65</gpxtpx:atemp>
          </gpxtpx:TrackPointExtension>
        </extensions>
      </trkpt>
      <trkpt lat="30.746027" lon="34.928632">
        <ele>497.8</ele>
        <time>2026-03-17T05:36:51.000Z</time>
        <extensions>
          <gpxtpx:TrackPointExtension>
            <gpxtpx:hr>146</gpxtpx:hr>
            <gpxtpx:cad>0</gpxtpx:cad>
            <gpxtpx:atemp>301.65</gpxtpx:atemp>
          </gpxtpx:TrackPointExtension>
        </extensions>
      </trkpt>
      <trkpt lat="30.745913" lon="34.928620">
        <ele>494.9</ele>
        <time>2026-03-17T05:37:04.000Z</time>
        <extensions>
          <gpxtpx:TrackPointExtension>
            <gpxtpx:hr>142</gpxtpx:hr>
            <gpxtpx:cad>0</gpxtpx:cad>
            <gpxtpx:atemp>302.65</gpxtpx:atemp>
          </gpxtpx:TrackPointExtension>
        </extensions>
      </trkpt>
      <trkpt lat="30.745860" lon="34.928509">
        <ele>495.6</ele>
        <time>2026-03-17T05:37:20.000Z</time>
        <extensions>
          <gpxtpx:TrackPointExtension>
            <gpxtpx:hr>135</gpxtpx:hr>
            <gpxtpx:cad>53</gpxtpx:cad>
            <gpxtpx:atemp>302.65</gpxtpx:atemp>
          </gpxtpx:TrackPointExtension>
        </extensions>
      </trkpt>
      <trkpt lat="30.745816" lon="34.928384">
        <ele>496.3</ele>
        <time>2026-03-17T05:37:27.000Z</time>
        <extensions>
          <gpxtpx:TrackPointExtension>
            <gpxtpx:hr>135</gpxtpx:hr>
            <gpxtpx:cad>72</gpxtpx:cad>
            <gpxtpx:atemp>302.65</gpxtpx:atemp>
          </gpxtpx:TrackPointExtension>
        </extensions>
      </trkpt>
      <trkpt lat="30.745732" lon="34.928307">
        <ele>494.7</ele>
        <time>2026-03-17T05:37:37.000Z</time>
        <extensions>
          <gpxtpx:TrackPointExtension>
            <gpxtpx:hr>135</gpxtpx:hr>
            <gpxtpx:cad>52</gpxtpx:cad>
            <gpxtpx:atemp>302.65</gpxtpx:atemp>
          </gpxtpx:TrackPointExtension>
        </extensions>
      </trkpt>
      <trkpt lat="30.745701" lon="34.928148">
        <ele>495.7</ele>
        <time>2026-03-17T05:37:51.000Z</time>
        <extensions>
          <gpxtpx:TrackPointExtension>
            <gpxtpx:hr>134</gpxtpx:hr>
            <gpxtpx:cad>54</gpxtpx:cad>
            <gpxtpx:atemp>302.65</gpxtpx:atemp>
          </gpxtpx:TrackPointExtension>
        </extensions>
      </trkpt>
      <trkpt lat="30.745723" lon="34.928025">
        <ele>497.9</ele>
        <time>2026-03-17T05:37:58.000Z</time>
        <extensions>
          <gpxtpx:TrackPointExtension>
            <gpxtpx:hr>135</gpxtpx:hr>
            <gpxtpx:cad>0</gpxtpx:cad>
            <gpxtpx:atemp>302.65</gpxtpx:atemp>
          </gpxtpx:TrackPointExtension>
        </extensions>
      </trkpt>
      <trkpt lat="30.745729" lon="34.927948">
        <ele>498.9</ele>
        <time>2026-03-17T05:38:04.000Z</time>
        <extensions>
          <gpxtpx:TrackPointExtension>
            <gpxtpx:hr>136</gpxtpx:hr>
            <gpxtpx:cad>72</gpxtpx:cad>
            <gpxtpx:atemp>302.65</gpxtpx:atemp>
          </gpxtpx:TrackPointExtension>
        </extensions>
      </trkpt>
      <trkpt lat="30.745675" lon="34.927776">
        <ele>498.1</ele>
        <time>2026-03-17T05:38:13.000Z</time>
        <extensions>
          <gpxtpx:TrackPointExtension>
            <gpxtpx:hr>140</gpxtpx:hr>
            <gpxtpx:cad>0</gpxtpx:cad>
            <gpxtpx:atemp>302.65</gpxtpx:atemp>
          </gpxtpx:TrackPointExtension>
        </extensions>
      </trkpt>
      <trkpt lat="30.745609" lon="34.927597">
        <ele>496.2</ele>
        <time>2026-03-17T05:38:21.000Z</time>
        <extensions>
          <gpxtpx:TrackPointExtension>
            <gpxtpx:hr>142</gpxtpx:hr>
            <gpxtpx:cad>73</gpxtpx:cad>
            <gpxtpx:atemp>302.65</gpxtpx:atemp>
          </gpxtpx:TrackPointExtension>
        </extensions>
      </trkpt>
      <trkpt lat="30.745623" lon="34.927548">
        <ele>497.0</ele>
        <time>2026-03-17T05:38:23.000Z</time>
        <extensions>
          <gpxtpx:TrackPointExtension>
            <gpxtpx:hr>143</gpxtpx:hr>
            <gpxtpx:cad>74</gpxtpx:cad>
            <gpxtpx:atemp>302.65</gpxtpx:atemp>
          </gpxtpx:TrackPointExtension>
        </extensions>
      </trkpt>
      <trkpt lat="30.745558" lon="34.927415">
        <ele>494.4</ele>
        <time>2026-03-17T05:38:30.000Z</time>
        <extensions>
          <gpxtpx:TrackPointExtension>
            <gpxtpx:hr>143</gpxtpx:hr>
            <gpxtpx:cad>73</gpxtpx:cad>
            <gpxtpx:atemp>302.65</gpxtpx:atemp>
          </gpxtpx:TrackPointExtension>
        </extensions>
      </trkpt>
      <trkpt lat="30.745534" lon="34.927341">
        <ele>493.5</ele>
        <time>2026-03-17T05:38:33.000Z</time>
        <extensions>
          <gpxtpx:TrackPointExtension>
            <gpxtpx:hr>143</gpxtpx:hr>
            <gpxtpx:cad>75</gpxtpx:cad>
            <gpxtpx:atemp>302.65</gpxtpx:atemp>
          </gpxtpx:TrackPointExtension>
        </extensions>
      </trkpt>
      <trkpt lat="30.745487" lon="34.927026">
        <ele>491.4</ele>
        <time>2026-03-17T05:38:47.000Z</time>
        <extensions>
          <gpxtpx:TrackPointExtension>
            <gpxtpx:hr>147</gpxtpx:hr>
            <gpxtpx:cad>77</gpxtpx:cad>
            <gpxtpx:atemp>301.65</gpxtpx:atemp>
          </gpxtpx:TrackPointExtension>
        </extensions>
      </trkpt>
      <trkpt lat="30.745472" lon="34.926891">
        <ele>491.1</ele>
        <time>2026-03-17T05:39:03.000Z</time>
        <extensions>
          <gpxtpx:TrackPointExtension>
            <gpxtpx:hr>143</gpxtpx:hr>
            <gpxtpx:cad>0</gpxtpx:cad>
            <gpxtpx:atemp>301.65</gpxtpx:atemp>
          </gpxtpx:TrackPointExtension>
        </extensions>
      </trkpt>
      <trkpt lat="30.745479" lon="34.926690">
        <ele>491.6</ele>
        <time>2026-03-17T05:39:17.000Z</time>
        <extensions>
          <gpxtpx:TrackPointExtension>
            <gpxtpx:hr>142</gpxtpx:hr>
            <gpxtpx:cad>55</gpxtpx:cad>
            <gpxtpx:atemp>301.65</gpxtpx:atemp>
          </gpxtpx:TrackPointExtension>
        </extensions>
      </trkpt>
      <trkpt lat="30.745459" lon="34.926621">
        <ele>490.7</ele>
        <time>2026-03-17T05:39:21.000Z</time>
        <extensions>
          <gpxtpx:TrackPointExtension>
            <gpxtpx:hr>140</gpxtpx:hr>
            <gpxtpx:cad>56</gpxtpx:cad>
            <gpxtpx:atemp>301.65</gpxtpx:atemp>
          </gpxtpx:TrackPointExtension>
        </extensions>
      </trkpt>
      <trkpt lat="30.745448" lon="34.926437">
        <ele>490.9</ele>
        <time>2026-03-17T05:39:28.000Z</time>
        <extensions>
          <gpxtpx:TrackPointExtension>
            <gpxtpx:hr>135</gpxtpx:hr>
            <gpxtpx:cad>79</gpxtpx:cad>
            <gpxtpx:atemp>301.65</gpxtpx:atemp>
          </gpxtpx:TrackPointExtension>
        </extensions>
      </trkpt>
      <trkpt lat="30.745392" lon="34.926209">
        <ele>490.1</ele>
        <time>2026-03-17T05:39:37.000Z</time>
        <extensions>
          <gpxtpx:TrackPointExtension>
            <gpxtpx:hr>139</gpxtpx:hr>
            <gpxtpx:cad>78</gpxtpx:cad>
            <gpxtpx:atemp>301.65</gpxtpx:atemp>
          </gpxtpx:TrackPointExtension>
        </extensions>
      </trkpt>
      <trkpt lat="30.745363" lon="34.926015">
        <ele>490.2</ele>
        <time>2026-03-17T05:39:45.000Z</time>
        <extensions>
          <gpxtpx:TrackPointExtension>
            <gpxtpx:hr>140</gpxtpx:hr>
            <gpxtpx:cad>79</gpxtpx:cad>
            <gpxtpx:atemp>301.65</gpxtpx:atemp>
          </gpxtpx:TrackPointExtension>
        </extensions>
      </trkpt>
      <trkpt lat="30.745362" lon="34.925834">
        <ele>492.0</ele>
        <time>2026-03-17T05:39:54.000Z</time>
        <extensions>
          <gpxtpx:TrackPointExtension>
            <gpxtpx:hr>146</gpxtpx:hr>
            <gpxtpx:cad>74</gpxtpx:cad>
            <gpxtpx:atemp>301.65</gpxtpx:atemp>
          </gpxtpx:TrackPointExtension>
        </extensions>
      </trkpt>
      <trkpt lat="30.745405" lon="34.925629">
        <ele>496.7</ele>
        <time>2026-03-17T05:40:06.000Z</time>
        <extensions>
          <gpxtpx:TrackPointExtension>
            <gpxtpx:hr>155</gpxtpx:hr>
            <gpxtpx:cad>0</gpxtpx:cad>
            <gpxtpx:atemp>301.65</gpxtpx:atemp>
          </gpxtpx:TrackPointExtension>
        </extensions>
      </trkpt>
      <trkpt lat="30.745440" lon="34.925555">
        <ele>499.4</ele>
        <time>2026-03-17T05:40:12.000Z</time>
        <extensions>
          <gpxtpx:TrackPointExtension>
            <gpxtpx:hr>155</gpxtpx:hr>
            <gpxtpx:cad>56</gpxtpx:cad>
            <gpxtpx:atemp>301.65</gpxtpx:atemp>
          </gpxtpx:TrackPointExtension>
        </extensions>
      </trkpt>
      <trkpt lat="30.745450" lon="34.925476">
        <ele>501.1</ele>
        <time>2026-03-17T05:40:17.000Z</time>
        <extensions>
          <gpxtpx:TrackPointExtension>
            <gpxtpx:hr>159</gpxtpx:hr>
            <gpxtpx:cad>56</gpxtpx:cad>
            <gpxtpx:atemp>301.65</gpxtpx:atemp>
          </gpxtpx:TrackPointExtension>
        </extensions>
      </trkpt>
      <trkpt lat="30.745432" lon="34.925367">
        <ele>502.2</ele>
        <time>2026-03-17T05:40:25.000Z</time>
        <extensions>
          <gpxtpx:TrackPointExtension>
            <gpxtpx:hr>160</gpxtpx:hr>
            <gpxtpx:cad>55</gpxtpx:cad>
            <gpxtpx:atemp>301.65</gpxtpx:atemp>
          </gpxtpx:TrackPointExtension>
        </extensions>
      </trkpt>
      <trkpt lat="30.745392" lon="34.925224">
        <ele>502.7</ele>
        <time>2026-03-17T05:40:35.000Z</time>
        <extensions>
          <gpxtpx:TrackPointExtension>
            <gpxtpx:hr>159</gpxtpx:hr>
            <gpxtpx:cad>54</gpxtpx:cad>
            <gpxtpx:atemp>301.65</gpxtpx:atemp>
          </gpxtpx:TrackPointExtension>
        </extensions>
      </trkpt>
      <trkpt lat="30.745382" lon="34.925166">
        <ele>503.1</ele>
        <time>2026-03-17T05:40:39.000Z</time>
        <extensions>
          <gpxtpx:TrackPointExtension>
            <gpxtpx:hr>158</gpxtpx:hr>
            <gpxtpx:cad>54</gpxtpx:cad>
            <gpxtpx:atemp>301.65</gpxtpx:atemp>
          </gpxtpx:TrackPointExtension>
        </extensions>
      </trkpt>
      <trkpt lat="30.745332" lon="34.924984">
        <ele>503.2</ele>
        <time>2026-03-17T05:40:52.000Z</time>
        <extensions>
          <gpxtpx:TrackPointExtension>
            <gpxtpx:hr>161</gpxtpx:hr>
            <gpxtpx:cad>56</gpxtpx:cad>
            <gpxtpx:atemp>301.65</gpxtpx:atemp>
          </gpxtpx:TrackPointExtension>
        </extensions>
      </trkpt>
      <trkpt lat="30.745312" lon="34.924869">
        <ele>503.8</ele>
        <time>2026-03-17T05:41:00.000Z</time>
        <extensions>
          <gpxtpx:TrackPointExtension>
            <gpxtpx:hr>160</gpxtpx:hr>
            <gpxtpx:cad>55</gpxtpx:cad>
            <gpxtpx:atemp>301.65</gpxtpx:atemp>
          </gpxtpx:TrackPointExtension>
        </extensions>
      </trkpt>
      <trkpt lat="30.745190" lon="34.924616">
        <ele>500.6</ele>
        <time>2026-03-17T05:41:13.000Z</time>
        <extensions>
          <gpxtpx:TrackPointExtension>
            <gpxtpx:hr>156</gpxtpx:hr>
            <gpxtpx:cad>74</gpxtpx:cad>
            <gpxtpx:atemp>301.65</gpxtpx:atemp>
          </gpxtpx:TrackPointExtension>
        </extensions>
      </trkpt>
      <trkpt lat="30.745174" lon="34.924495">
        <ele>500.6</ele>
        <time>2026-03-17T05:41:18.000Z</time>
        <extensions>
          <gpxtpx:TrackPointExtension>
            <gpxtpx:hr>155</gpxtpx:hr>
            <gpxtpx:cad>74</gpxtpx:cad>
            <gpxtpx:atemp>301.65</gpxtpx:atemp>
          </gpxtpx:TrackPointExtension>
        </extensions>
      </trkpt>
      <trkpt lat="30.745142" lon="34.924305">
        <ele>500.1</ele>
        <time>2026-03-17T05:41:26.000Z</time>
        <extensions>
          <gpxtpx:TrackPointExtension>
            <gpxtpx:hr>154</gpxtpx:hr>
            <gpxtpx:cad>77</gpxtpx:cad>
            <gpxtpx:atemp>301.65</gpxtpx:atemp>
          </gpxtpx:TrackPointExtension>
        </extensions>
      </trkpt>
      <trkpt lat="30.745156" lon="34.924209">
        <ele>500.9</ele>
        <time>2026-03-17T05:41:30.000Z</time>
        <extensions>
          <gpxtpx:TrackPointExtension>
            <gpxtpx:hr>154</gpxtpx:hr>
            <gpxtpx:cad>76</gpxtpx:cad>
            <gpxtpx:atemp>301.65</gpxtpx:atemp>
          </gpxtpx:TrackPointExtension>
        </extensions>
      </trkpt>
      <trkpt lat="30.745158" lon="34.923982">
        <ele>501.9</ele>
        <time>2026-03-17T05:41:39.000Z</time>
        <extensions>
          <gpxtpx:TrackPointExtension>
            <gpxtpx:hr>153</gpxtpx:hr>
            <gpxtpx:cad>79</gpxtpx:cad>
            <gpxtpx:atemp>301.65</gpxtpx:atemp>
          </gpxtpx:TrackPointExtension>
        </extensions>
      </trkpt>
      <trkpt lat="30.745141" lon="34.923877">
        <ele>502.2</ele>
        <time>2026-03-17T05:41:45.000Z</time>
        <extensions>
          <gpxtpx:TrackPointExtension>
            <gpxtpx:hr>153</gpxtpx:hr>
            <gpxtpx:cad>76</gpxtpx:cad>
            <gpxtpx:atemp>301.65</gpxtpx:atemp>
          </gpxtpx:TrackPointExtension>
        </extensions>
      </trkpt>
      <trkpt lat="30.745109" lon="34.923773">
        <ele>501.8</ele>
        <time>2026-03-17T05:41:51.000Z</time>
        <extensions>
          <gpxtpx:TrackPointExtension>
            <gpxtpx:hr>153</gpxtpx:hr>
            <gpxtpx:cad>72</gpxtpx:cad>
            <gpxtpx:atemp>301.65</gpxtpx:atemp>
          </gpxtpx:TrackPointExtension>
        </extensions>
      </trkpt>
      <trkpt lat="30.745065" lon="34.923683">
        <ele>500.7</ele>
        <time>2026-03-17T05:41:58.000Z</time>
        <extensions>
          <gpxtpx:TrackPointExtension>
            <gpxtpx:hr>154</gpxtpx:hr>
            <gpxtpx:cad>71</gpxtpx:cad>
            <gpxtpx:atemp>301.65</gpxtpx:atemp>
          </gpxtpx:TrackPointExtension>
        </extensions>
      </trkpt>
      <trkpt lat="30.745049" lon="34.923606">
        <ele>500.6</ele>
        <time>2026-03-17T05:42:05.000Z</time>
        <extensions>
          <gpxtpx:TrackPointExtension>
            <gpxtpx:hr>155</gpxtpx:hr>
            <gpxtpx:cad>55</gpxtpx:cad>
            <gpxtpx:atemp>301.65</gpxtpx:atemp>
          </gpxtpx:TrackPointExtension>
        </extensions>
      </trkpt>
      <trkpt lat="30.744986" lon="34.923455">
        <ele>499.8</ele>
        <time>2026-03-17T05:42:18.000Z</time>
        <extensions>
          <gpxtpx:TrackPointExtension>
            <gpxtpx:hr>156</gpxtpx:hr>
            <gpxtpx:cad>52</gpxtpx:cad>
            <gpxtpx:atemp>301.65</gpxtpx:atemp>
          </gpxtpx:TrackPointExtension>
        </extensions>
      </trkpt>
      <trkpt lat="30.744991" lon="34.923324">
        <ele>501.1</ele>
        <time>2026-03-17T05:42:30.000Z</time>
        <extensions>
          <gpxtpx:TrackPointExtension>
            <gpxtpx:hr>157</gpxtpx:hr>
            <gpxtpx:cad>51</gpxtpx:cad>
            <gpxtpx:atemp>301.65</gpxtpx:atemp>
          </gpxtpx:TrackPointExtension>
        </extensions>
      </trkpt>
      <trkpt lat="30.745062" lon="34.923150">
        <ele>504.4</ele>
        <time>2026-03-17T05:43:00.000Z</time>
        <extensions>
          <gpxtpx:TrackPointExtension>
            <gpxtpx:hr>156</gpxtpx:hr>
            <gpxtpx:cad>0</gpxtpx:cad>
            <gpxtpx:atemp>301.65</gpxtpx:atemp>
          </gpxtpx:TrackPointExtension>
        </extensions>
      </trkpt>
      <trkpt lat="30.745069" lon="34.923065">
        <ele>505.2</ele>
        <time>2026-03-17T05:43:09.000Z</time>
        <extensions>
          <gpxtpx:TrackPointExtension>
            <gpxtpx:hr>153</gpxtpx:hr>
            <gpxtpx:cad>0</gpxtpx:cad>
            <gpxtpx:atemp>301.65</gpxtpx:atemp>
          </gpxtpx:TrackPointExtension>
        </extensions>
      </trkpt>
      <trkpt lat="30.745096" lon="34.922969">
        <ele>506.5</ele>
        <time>2026-03-17T05:43:28.000Z</time>
        <extensions>
          <gpxtpx:TrackPointExtension>
            <gpxtpx:hr>149</gpxtpx:hr>
            <gpxtpx:cad>0</gpxtpx:cad>
            <gpxtpx:atemp>301.65</gpxtpx:atemp>
          </gpxtpx:TrackPointExtension>
        </extensions>
      </trkpt>
      <trkpt lat="30.745145" lon="34.922964">
        <ele>507.8</ele>
        <time>2026-03-17T05:44:10.000Z</time>
        <extensions>
          <gpxtpx:TrackPointExtension>
            <gpxtpx:hr>136</gpxtpx:hr>
            <gpxtpx:cad>0</gpxtpx:cad>
            <gpxtpx:atemp>302.65</gpxtpx:atemp>
          </gpxtpx:TrackPointExtension>
        </extensions>
      </trkpt>
      <trkpt lat="30.745163" lon="34.923015">
        <ele>507.9</ele>
        <time>2026-03-17T05:44:40.000Z</time>
        <extensions>
          <gpxtpx:TrackPointExtension>
            <gpxtpx:hr>126</gpxtpx:hr>
            <gpxtpx:cad>0</gpxtpx:cad>
            <gpxtpx:atemp>302.65</gpxtpx:atemp>
          </gpxtpx:TrackPointExtension>
        </extensions>
      </trkpt>
      <trkpt lat="30.745196" lon="34.922912">
        <ele>509.5</ele>
        <time>2026-03-17T05:44:55.000Z</time>
        <extensions>
          <gpxtpx:TrackPointExtension>
            <gpxtpx:hr>124</gpxtpx:hr>
            <gpxtpx:cad>0</gpxtpx:cad>
            <gpxtpx:atemp>302.65</gpxtpx:atemp>
          </gpxtpx:TrackPointExtension>
        </extensions>
      </trkpt>
      <trkpt lat="30.745168" lon="34.922845">
        <ele>509.0</ele>
        <time>2026-03-17T05:45:52.000Z</time>
        <extensions>
          <gpxtpx:TrackPointExtension>
            <gpxtpx:hr>124</gpxtpx:hr>
            <gpxtpx:cad>0</gpxtpx:cad>
            <gpxtpx:atemp>302.65</gpxtpx:atemp>
          </gpxtpx:TrackPointExtension>
        </extensions>
      </trkpt>
      <trkpt lat="30.745161" lon="34.922807">
        <ele>509.0</ele>
        <time>2026-03-17T05:48:15.000Z</time>
        <extensions>
          <gpxtpx:TrackPointExtension>
            <gpxtpx:hr>130</gpxtpx:hr>
            <gpxtpx:cad>0</gpxtpx:cad>
            <gpxtpx:atemp>303.65</gpxtpx:atemp>
          </gpxtpx:TrackPointExtension>
        </extensions>
      </trkpt>
      <trkpt lat="30.745148" lon="34.922792">
        <ele>508.7</ele>
        <time>2026-03-17T05:48:24.000Z</time>
        <extensions>
          <gpxtpx:TrackPointExtension>
            <gpxtpx:hr>131</gpxtpx:hr>
            <gpxtpx:cad>0</gpxtpx:cad>
            <gpxtpx:atemp>303.65</gpxtpx:atemp>
          </gpxtpx:TrackPointExtension>
        </extensions>
      </trkpt>
      <trkpt lat="30.745155" lon="34.922771">
        <ele>509.0</ele>
        <time>2026-03-17T05:48:46.000Z</time>
        <extensions>
          <gpxtpx:TrackPointExtension>
            <gpxtpx:hr>131</gpxtpx:hr>
            <gpxtpx:cad>0</gpxtpx:cad>
            <gpxtpx:atemp>303.65</gpxtpx:atemp>
          </gpxtpx:TrackPointExtension>
        </extensions>
      </trkpt>
      <trkpt lat="30.745130" lon="34.922683">
        <ele>508.6</ele>
        <time>2026-03-17T05:49:03.000Z</time>
        <extensions>
          <gpxtpx:TrackPointExtension>
            <gpxtpx:hr>130</gpxtpx:hr>
            <gpxtpx:cad>0</gpxtpx:cad>
            <gpxtpx:atemp>302.65</gpxtpx:atemp>
          </gpxtpx:TrackPointExtension>
        </extensions>
      </trkpt>
      <trkpt lat="30.745112" lon="34.922683">
        <ele>508.2</ele>
        <time>2026-03-17T05:49:21.000Z</time>
        <extensions>
          <gpxtpx:TrackPointExtension>
            <gpxtpx:hr>125</gpxtpx:hr>
            <gpxtpx:cad>0</gpxtpx:cad>
            <gpxtpx:atemp>302.65</gpxtpx:atemp>
          </gpxtpx:TrackPointExtension>
        </extensions>
      </trkpt>
      <trkpt lat="30.745089" lon="34.922671">
        <ele>507.8</ele>
        <time>2026-03-17T05:49:33.000Z</time>
        <extensions>
          <gpxtpx:TrackPointExtension>
            <gpxtpx:hr>125</gpxtpx:hr>
            <gpxtpx:cad>0</gpxtpx:cad>
            <gpxtpx:atemp>302.65</gpxtpx:atemp>
          </gpxtpx:TrackPointExtension>
        </extensions>
      </trkpt>
      <trkpt lat="30.745071" lon="34.922613">
        <ele>507.8</ele>
        <time>2026-03-17T05:49:46.000Z</time>
        <extensions>
          <gpxtpx:TrackPointExtension>
            <gpxtpx:hr>122</gpxtpx:hr>
            <gpxtpx:cad>0</gpxtpx:cad>
            <gpxtpx:atemp>302.65</gpxtpx:atemp>
          </gpxtpx:TrackPointExtension>
        </extensions>
      </trkpt>
      <trkpt lat="30.745075" lon="34.922552">
        <ele>508.5</ele>
        <time>2026-03-17T05:50:01.000Z</time>
        <extensions>
          <gpxtpx:TrackPointExtension>
            <gpxtpx:hr>137</gpxtpx:hr>
            <gpxtpx:cad>43</gpxtpx:cad>
            <gpxtpx:atemp>302.65</gpxtpx:atemp>
          </gpxtpx:TrackPointExtension>
        </extensions>
      </trkpt>
      <trkpt lat="30.744999" lon="34.922509">
        <ele>507.1</ele>
        <time>2026-03-17T05:50:16.000Z</time>
        <extensions>
          <gpxtpx:TrackPointExtension>
            <gpxtpx:hr>130</gpxtpx:hr>
            <gpxtpx:cad>0</gpxtpx:cad>
            <gpxtpx:atemp>301.65</gpxtpx:atemp>
          </gpxtpx:TrackPointExtension>
        </extensions>
      </trkpt>
      <trkpt lat="30.744914" lon="34.922488">
        <ele>505.3</ele>
        <time>2026-03-17T05:50:25.000Z</time>
        <extensions>
          <gpxtpx:TrackPointExtension>
            <gpxtpx:hr>135</gpxtpx:hr>
            <gpxtpx:cad>0</gpxtpx:cad>
            <gpxtpx:atemp>301.65</gpxtpx:atemp>
          </gpxtpx:TrackPointExtension>
        </extensions>
      </trkpt>
      <trkpt lat="30.744856" lon="34.922413">
        <ele>504.5</ele>
        <time>2026-03-17T05:50:35.000Z</time>
        <extensions>
          <gpxtpx:TrackPointExtension>
            <gpxtpx:hr>132</gpxtpx:hr>
            <gpxtpx:cad>0</gpxtpx:cad>
            <gpxtpx:atemp>301.65</gpxtpx:atemp>
          </gpxtpx:TrackPointExtension>
        </extensions>
      </trkpt>
      <trkpt lat="30.744922" lon="34.922298">
        <ele>507.2</ele>
        <time>2026-03-17T05:50:47.000Z</time>
        <extensions>
          <gpxtpx:TrackPointExtension>
            <gpxtpx:hr>133</gpxtpx:hr>
            <gpxtpx:cad>0</gpxtpx:cad>
            <gpxtpx:atemp>300.65</gpxtpx:atemp>
          </gpxtpx:TrackPointExtension>
        </extensions>
      </trkpt>
      <trkpt lat="30.744941" lon="34.922245">
        <ele>508.2</ele>
        <time>2026-03-17T05:50:52.000Z</time>
        <extensions>
          <gpxtpx:TrackPointExtension>
            <gpxtpx:hr>133</gpxtpx:hr>
            <gpxtpx:cad>0</gpxtpx:cad>
            <gpxtpx:atemp>300.65</gpxtpx:atemp>
          </gpxtpx:TrackPointExtension>
        </extensions>
      </trkpt>
      <trkpt lat="30.744967" lon="34.922247">
        <ele>508.7</ele>
        <time>2026-03-17T05:51:18.000Z</time>
        <extensions>
          <gpxtpx:TrackPointExtension>
            <gpxtpx:hr>132</gpxtpx:hr>
            <gpxtpx:cad>0</gpxtpx:cad>
            <gpxtpx:atemp>300.65</gpxtpx:atemp>
          </gpxtpx:TrackPointExtension>
        </extensions>
      </trkpt>
      <trkpt lat="30.744954" lon="34.922215">
        <ele>508.7</ele>
        <time>2026-03-17T05:51:45.000Z</time>
        <extensions>
          <gpxtpx:TrackPointExtension>
            <gpxtpx:hr>134</gpxtpx:hr>
            <gpxtpx:cad>0</gpxtpx:cad>
            <gpxtpx:atemp>301.65</gpxtpx:atemp>
          </gpxtpx:TrackPointExtension>
        </extensions>
      </trkpt>
      <trkpt lat="30.744950" lon="34.922191">
        <ele>508.9</ele>
        <time>2026-03-17T05:52:13.000Z</time>
        <extensions>
          <gpxtpx:TrackPointExtension>
            <gpxtpx:hr>125</gpxtpx:hr>
            <gpxtpx:cad>0</gpxtpx:cad>
            <gpxtpx:atemp>301.65</gpxtpx:atemp>
          </gpxtpx:TrackPointExtension>
        </extensions>
      </trkpt>
      <trkpt lat="30.744967" lon="34.922155">
        <ele>509.6</ele>
        <time>2026-03-17T05:52:35.000Z</time>
        <extensions>
          <gpxtpx:TrackPointExtension>
            <gpxtpx:hr>131</gpxtpx:hr>
            <gpxtpx:cad>0</gpxtpx:cad>
            <gpxtpx:atemp>301.65</gpxtpx:atemp>
          </gpxtpx:TrackPointExtension>
        </extensions>
      </trkpt>
      <trkpt lat="30.744915" lon="34.922135">
        <ele>508.6</ele>
        <time>2026-03-17T05:52:55.000Z</time>
        <extensions>
          <gpxtpx:TrackPointExtension>
            <gpxtpx:hr>142</gpxtpx:hr>
            <gpxtpx:cad>0</gpxtpx:cad>
            <gpxtpx:atemp>300.65</gpxtpx:atemp>
          </gpxtpx:TrackPointExtension>
        </extensions>
      </trkpt>
      <trkpt lat="30.744842" lon="34.922099">
        <ele>507.4</ele>
        <time>2026-03-17T05:53:04.000Z</time>
        <extensions>
          <gpxtpx:TrackPointExtension>
            <gpxtpx:hr>142</gpxtpx:hr>
            <gpxtpx:cad>0</gpxtpx:cad>
            <gpxtpx:atemp>300.65</gpxtpx:atemp>
          </gpxtpx:TrackPointExtension>
        </extensions>
      </trkpt>
      <trkpt lat="30.744855" lon="34.922016">
        <ele>508.8</ele>
        <time>2026-03-17T05:53:17.000Z</time>
        <extensions>
          <gpxtpx:TrackPointExtension>
            <gpxtpx:hr>140</gpxtpx:hr>
            <gpxtpx:cad>51</gpxtpx:cad>
            <gpxtpx:atemp>300.65</gpxtpx:atemp>
          </gpxtpx:TrackPointExtension>
        </extensions>
      </trkpt>
      <trkpt lat="30.744891" lon="34.921935">
        <ele>510.8</ele>
        <time>2026-03-17T05:53:22.000Z</time>
        <extensions>
          <gpxtpx:TrackPointExtension>
            <gpxtpx:hr>140</gpxtpx:hr>
            <gpxtpx:cad>53</gpxtpx:cad>
            <gpxtpx:atemp>300.65</gpxtpx:atemp>
          </gpxtpx:TrackPointExtension>
        </extensions>
      </trkpt>
      <trkpt lat="30.744858" lon="34.921863">
        <ele>511.1</ele>
        <time>2026-03-17T05:53:30.000Z</time>
        <extensions>
          <gpxtpx:TrackPointExtension>
            <gpxtpx:hr>139</gpxtpx:hr>
            <gpxtpx:cad>55</gpxtpx:cad>
            <gpxtpx:atemp>300.65</gpxtpx:atemp>
          </gpxtpx:TrackPointExtension>
        </extensions>
      </trkpt>
      <trkpt lat="30.744855" lon="34.921763">
        <ele>512.3</ele>
        <time>2026-03-17T05:53:40.000Z</time>
        <extensions>
          <gpxtpx:TrackPointExtension>
            <gpxtpx:hr>139</gpxtpx:hr>
            <gpxtpx:cad>0</gpxtpx:cad>
            <gpxtpx:atemp>300.65</gpxtpx:atemp>
          </gpxtpx:TrackPointExtension>
        </extensions>
      </trkpt>
      <trkpt lat="30.744854" lon="34.921683">
        <ele>513.2</ele>
        <time>2026-03-17T05:53:46.000Z</time>
        <extensions>
          <gpxtpx:TrackPointExtension>
            <gpxtpx:hr>143</gpxtpx:hr>
            <gpxtpx:cad>0</gpxtpx:cad>
            <gpxtpx:atemp>300.65</gpxtpx:atemp>
          </gpxtpx:TrackPointExtension>
        </extensions>
      </trkpt>
      <trkpt lat="30.744901" lon="34.921564">
        <ele>515.5</ele>
        <time>2026-03-17T05:53:59.000Z</time>
        <extensions>
          <gpxtpx:TrackPointExtension>
            <gpxtpx:hr>145</gpxtpx:hr>
            <gpxtpx:cad>0</gpxtpx:cad>
            <gpxtpx:atemp>300.65</gpxtpx:atemp>
          </gpxtpx:TrackPointExtension>
        </extensions>
      </trkpt>
      <trkpt lat="30.744974" lon="34.921511">
        <ele>517.7</ele>
        <time>2026-03-17T05:54:17.000Z</time>
        <extensions>
          <gpxtpx:TrackPointExtension>
            <gpxtpx:hr>152</gpxtpx:hr>
            <gpxtpx:cad>0</gpxtpx:cad>
            <gpxtpx:atemp>300.65</gpxtpx:atemp>
          </gpxtpx:TrackPointExtension>
        </extensions>
      </trkpt>
      <trkpt lat="30.744972" lon="34.921578">
        <ele>516.9</ele>
        <time>2026-03-17T05:54:26.000Z</time>
        <extensions>
          <gpxtpx:TrackPointExtension>
            <gpxtpx:hr>154</gpxtpx:hr>
            <gpxtpx:cad>0</gpxtpx:cad>
            <gpxtpx:atemp>300.65</gpxtpx:atemp>
          </gpxtpx:TrackPointExtension>
        </extensions>
      </trkpt>
      <trkpt lat="30.744905" lon="34.921681">
        <ele>514.3</ele>
        <time>2026-03-17T05:54:39.000Z</time>
        <extensions>
          <gpxtpx:TrackPointExtension>
            <gpxtpx:hr>159</gpxtpx:hr>
            <gpxtpx:cad>0</gpxtpx:cad>
            <gpxtpx:atemp>300.65</gpxtpx:atemp>
          </gpxtpx:TrackPointExtension>
        </extensions>
      </trkpt>
      <trkpt lat="30.744745" lon="34.921745">
        <ele>510.2</ele>
        <time>2026-03-17T05:54:56.000Z</time>
        <extensions>
          <gpxtpx:TrackPointExtension>
            <gpxtpx:hr>145</gpxtpx:hr>
            <gpxtpx:cad>0</gpxtpx:cad>
            <gpxtpx:atemp>300.65</gpxtpx:atemp>
          </gpxtpx:TrackPointExtension>
        </extensions>
      </trkpt>
      <trkpt lat="30.744819" lon="34.921735">
        <ele>511.9</ele>
        <time>2026-03-17T05:55:17.000Z</time>
        <extensions>
          <gpxtpx:TrackPointExtension>
            <gpxtpx:hr>133</gpxtpx:hr>
            <gpxtpx:cad>0</gpxtpx:cad>
            <gpxtpx:atemp>300.65</gpxtpx:atemp>
          </gpxtpx:TrackPointExtension>
        </extensions>
      </trkpt>
      <trkpt lat="30.744779" lon="34.921779">
        <ele>510.5</ele>
        <time>2026-03-17T05:55:38.000Z</time>
        <extensions>
          <gpxtpx:TrackPointExtension>
            <gpxtpx:hr>143</gpxtpx:hr>
            <gpxtpx:cad>0</gpxtpx:cad>
            <gpxtpx:atemp>300.65</gpxtpx:atemp>
          </gpxtpx:TrackPointExtension>
        </extensions>
      </trkpt>
      <trkpt lat="30.744701" lon="34.921775">
        <ele>508.9</ele>
        <time>2026-03-17T05:55:47.000Z</time>
        <extensions>
          <gpxtpx:TrackPointExtension>
            <gpxtpx:hr>141</gpxtpx:hr>
            <gpxtpx:cad>0</gpxtpx:cad>
            <gpxtpx:atemp>301.65</gpxtpx:atemp>
          </gpxtpx:TrackPointExtension>
        </extensions>
      </trkpt>
      <trkpt lat="30.744768" lon="34.921750">
        <ele>510.7</ele>
        <time>2026-03-17T05:56:02.000Z</time>
        <extensions>
          <gpxtpx:TrackPointExtension>
            <gpxtpx:hr>140</gpxtpx:hr>
            <gpxtpx:cad>0</gpxtpx:cad>
            <gpxtpx:atemp>301.65</gpxtpx:atemp>
          </gpxtpx:TrackPointExtension>
        </extensions>
      </trkpt>
      <trkpt lat="30.744773" lon="34.921773">
        <ele>510.5</ele>
        <time>2026-03-17T05:56:11.000Z</time>
        <extensions>
          <gpxtpx:TrackPointExtension>
            <gpxtpx:hr>132</gpxtpx:hr>
            <gpxtpx:cad>0</gpxtpx:cad>
            <gpxtpx:atemp>301.65</gpxtpx:atemp>
          </gpxtpx:TrackPointExtension>
        </extensions>
      </trkpt>
      <trkpt lat="30.744845" lon="34.921687">
        <ele>513.0</ele>
        <time>2026-03-17T05:56:30.000Z</time>
        <extensions>
          <gpxtpx:TrackPointExtension>
            <gpxtpx:hr>121</gpxtpx:hr>
            <gpxtpx:cad>0</gpxtpx:cad>
            <gpxtpx:atemp>301.65</gpxtpx:atemp>
          </gpxtpx:TrackPointExtension>
        </extensions>
      </trkpt>
      <trkpt lat="30.744829" lon="34.921721">
        <ele>512.3</ele>
        <time>2026-03-17T05:56:41.000Z</time>
        <extensions>
          <gpxtpx:TrackPointExtension>
            <gpxtpx:hr>119</gpxtpx:hr>
            <gpxtpx:cad>0</gpxtpx:cad>
            <gpxtpx:atemp>301.65</gpxtpx:atemp>
          </gpxtpx:TrackPointExtension>
        </extensions>
      </trkpt>
      <trkpt lat="30.744900" lon="34.921633">
        <ele>514.7</ele>
        <time>2026-03-17T05:56:54.000Z</time>
        <extensions>
          <gpxtpx:TrackPointExtension>
            <gpxtpx:hr>117</gpxtpx:hr>
            <gpxtpx:cad>0</gpxtpx:cad>
            <gpxtpx:atemp>301.65</gpxtpx:atemp>
          </gpxtpx:TrackPointExtension>
        </extensions>
      </trkpt>
      <trkpt lat="30.744865" lon="34.921638">
        <ele>513.9</ele>
        <time>2026-03-17T05:57:05.000Z</time>
        <extensions>
          <gpxtpx:TrackPointExtension>
            <gpxtpx:hr>114</gpxtpx:hr>
            <gpxtpx:cad>0</gpxtpx:cad>
            <gpxtpx:atemp>301.65</gpxtpx:atemp>
          </gpxtpx:TrackPointExtension>
        </extensions>
      </trkpt>
      <trkpt lat="30.744901" lon="34.921602">
        <ele>515.1</ele>
        <time>2026-03-17T05:57:15.000Z</time>
        <extensions>
          <gpxtpx:TrackPointExtension>
            <gpxtpx:hr>114</gpxtpx:hr>
            <gpxtpx:cad>0</gpxtpx:cad>
            <gpxtpx:atemp>301.65</gpxtpx:atemp>
          </gpxtpx:TrackPointExtension>
        </extensions>
      </trkpt>
      <trkpt lat="30.744878" lon="34.921634">
        <ele>514.2</ele>
        <time>2026-03-17T05:57:31.000Z</time>
        <extensions>
          <gpxtpx:TrackPointExtension>
            <gpxtpx:hr>117</gpxtpx:hr>
            <gpxtpx:cad>0</gpxtpx:cad>
            <gpxtpx:atemp>301.65</gpxtpx:atemp>
          </gpxtpx:TrackPointExtension>
        </extensions>
      </trkpt>
      <trkpt lat="30.744849" lon="34.921674">
        <ele>513.2</ele>
        <time>2026-03-17T05:57:36.000Z</time>
        <extensions>
          <gpxtpx:TrackPointExtension>
            <gpxtpx:hr>120</gpxtpx:hr>
            <gpxtpx:cad>0</gpxtpx:cad>
            <gpxtpx:atemp>301.65</gpxtpx:atemp>
          </gpxtpx:TrackPointExtension>
        </extensions>
      </trkpt>
      <trkpt lat="30.744793" lon="34.921721">
        <ele>511.5</ele>
        <time>2026-03-17T05:57:50.000Z</time>
        <extensions>
          <gpxtpx:TrackPointExtension>
            <gpxtpx:hr>135</gpxtpx:hr>
            <gpxtpx:cad>0</gpxtpx:cad>
            <gpxtpx:atemp>301.65</gpxtpx:atemp>
          </gpxtpx:TrackPointExtension>
        </extensions>
      </trkpt>
      <trkpt lat="30.744774" lon="34.921765">
        <ele>510.6</ele>
        <time>2026-03-17T05:58:00.000Z</time>
        <extensions>
          <gpxtpx:TrackPointExtension>
            <gpxtpx:hr>134</gpxtpx:hr>
            <gpxtpx:cad>0</gpxtpx:cad>
            <gpxtpx:atemp>301.65</gpxtpx:atemp>
          </gpxtpx:TrackPointExtension>
        </extensions>
      </trkpt>
      <trkpt lat="30.744765" lon="34.921752">
        <ele>510.6</ele>
        <time>2026-03-17T05:58:12.000Z</time>
        <extensions>
          <gpxtpx:TrackPointExtension>
            <gpxtpx:hr>133</gpxtpx:hr>
            <gpxtpx:cad>0</gpxtpx:cad>
            <gpxtpx:atemp>301.65</gpxtpx:atemp>
          </gpxtpx:TrackPointExtension>
        </extensions>
      </trkpt>
      <trkpt lat="30.744767" lon="34.921806">
        <ele>510.0</ele>
        <time>2026-03-17T05:58:27.000Z</time>
        <extensions>
          <gpxtpx:TrackPointExtension>
            <gpxtpx:hr>145</gpxtpx:hr>
            <gpxtpx:cad>0</gpxtpx:cad>
            <gpxtpx:atemp>300.65</gpxtpx:atemp>
          </gpxtpx:TrackPointExtension>
        </extensions>
      </trkpt>
      <trkpt lat="30.744731" lon="34.921826">
        <ele>508.9</ele>
        <time>2026-03-17T05:58:35.000Z</time>
        <extensions>
          <gpxtpx:TrackPointExtension>
            <gpxtpx:hr>147</gpxtpx:hr>
            <gpxtpx:cad>0</gpxtpx:cad>
            <gpxtpx:atemp>300.65</gpxtpx:atemp>
          </gpxtpx:TrackPointExtension>
        </extensions>
      </trkpt>
      <trkpt lat="30.744616" lon="34.921811">
        <ele>506.6</ele>
        <time>2026-03-17T05:58:55.000Z</time>
        <extensions>
          <gpxtpx:TrackPointExtension>
            <gpxtpx:hr>145</gpxtpx:hr>
            <gpxtpx:cad>0</gpxtpx:cad>
            <gpxtpx:atemp>300.65</gpxtpx:atemp>
          </gpxtpx:TrackPointExtension>
        </extensions>
      </trkpt>
      <trkpt lat="30.744532" lon="34.921821">
        <ele>504.7</ele>
        <time>2026-03-17T05:59:14.000Z</time>
        <extensions>
          <gpxtpx:TrackPointExtension>
            <gpxtpx:hr>130</gpxtpx:hr>
            <gpxtpx:cad>0</gpxtpx:cad>
            <gpxtpx:atemp>300.65</gpxtpx:atemp>
          </gpxtpx:TrackPointExtension>
        </extensions>
      </trkpt>
      <trkpt lat="30.744468" lon="34.921755">
        <ele>504.3</ele>
        <time>2026-03-17T05:59:29.000Z</time>
        <extensions>
          <gpxtpx:TrackPointExtension>
            <gpxtpx:hr>129</gpxtpx:hr>
            <gpxtpx:cad>0</gpxtpx:cad>
            <gpxtpx:atemp>300.65</gpxtpx:atemp>
          </gpxtpx:TrackPointExtension>
        </extensions>
      </trkpt>
      <trkpt lat="30.744407" lon="34.921705">
        <ele>503.9</ele>
        <time>2026-03-17T05:59:40.000Z</time>
        <extensions>
          <gpxtpx:TrackPointExtension>
            <gpxtpx:hr>130</gpxtpx:hr>
            <gpxtpx:cad>0</gpxtpx:cad>
            <gpxtpx:atemp>300.65</gpxtpx:atemp>
          </gpxtpx:TrackPointExtension>
        </extensions>
      </trkpt>
      <trkpt lat="30.744382" lon="34.921646">
        <ele>504.4</ele>
        <time>2026-03-17T05:59:47.000Z</time>
        <extensions>
          <gpxtpx:TrackPointExtension>
            <gpxtpx:hr>139</gpxtpx:hr>
            <gpxtpx:cad>0</gpxtpx:cad>
            <gpxtpx:atemp>300.65</gpxtpx:atemp>
          </gpxtpx:TrackPointExtension>
        </extensions>
      </trkpt>
      <trkpt lat="30.744447" lon="34.921569">
        <ele>506.9</ele>
        <time>2026-03-17T05:59:52.000Z</time>
        <extensions>
          <gpxtpx:TrackPointExtension>
            <gpxtpx:hr>139</gpxtpx:hr>
            <gpxtpx:cad>55</gpxtpx:cad>
            <gpxtpx:atemp>300.65</gpxtpx:atemp>
          </gpxtpx:TrackPointExtension>
        </extensions>
      </trkpt>
      <trkpt lat="30.744409" lon="34.921503">
        <ele>507.3</ele>
        <time>2026-03-17T06:00:02.000Z</time>
        <extensions>
          <gpxtpx:TrackPointExtension>
            <gpxtpx:hr>141</gpxtpx:hr>
            <gpxtpx:cad>59</gpxtpx:cad>
            <gpxtpx:atemp>299.65</gpxtpx:atemp>
          </gpxtpx:TrackPointExtension>
        </extensions>
      </trkpt>
      <trkpt lat="30.744428" lon="34.921438">
        <ele>508.8</ele>
        <time>2026-03-17T06:00:09.000Z</time>
        <extensions>
          <gpxtpx:TrackPointExtension>
            <gpxtpx:hr>138</gpxtpx:hr>
            <gpxtpx:cad>51</gpxtpx:cad>
            <gpxtpx:atemp>299.65</gpxtpx:atemp>
          </gpxtpx:TrackPointExtension>
        </extensions>
      </trkpt>
      <trkpt lat="30.744330" lon="34.921426">
        <ele>507.3</ele>
        <time>2026-03-17T06:00:14.000Z</time>
        <extensions>
          <gpxtpx:TrackPointExtension>
            <gpxtpx:hr>137</gpxtpx:hr>
            <gpxtpx:cad>51</gpxtpx:cad>
            <gpxtpx:atemp>299.65</gpxtpx:atemp>
          </gpxtpx:TrackPointExtension>
        </extensions>
      </trkpt>
      <trkpt lat="30.744348" lon="34.921335">
        <ele>509.2</ele>
        <time>2026-03-17T06:00:23.000Z</time>
        <extensions>
          <gpxtpx:TrackPointExtension>
            <gpxtpx:hr>138</gpxtpx:hr>
            <gpxtpx:cad>41</gpxtpx:cad>
            <gpxtpx:atemp>299.65</gpxtpx:atemp>
          </gpxtpx:TrackPointExtension>
        </extensions>
      </trkpt>
      <trkpt lat="30.744385" lon="34.921285">
        <ele>510.8</ele>
        <time>2026-03-17T06:00:27.000Z</time>
        <extensions>
          <gpxtpx:TrackPointExtension>
            <gpxtpx:hr>131</gpxtpx:hr>
            <gpxtpx:cad>51</gpxtpx:cad>
            <gpxtpx:atemp>299.65</gpxtpx:atemp>
          </gpxtpx:TrackPointExtension>
        </extensions>
      </trkpt>
      <trkpt lat="30.744343" lon="34.921188">
        <ele>511.8</ele>
        <time>2026-03-17T06:00:52.000Z</time>
        <extensions>
          <gpxtpx:TrackPointExtension>
            <gpxtpx:hr>153</gpxtpx:hr>
            <gpxtpx:cad>41</gpxtpx:cad>
            <gpxtpx:atemp>299.65</gpxtpx:atemp>
          </gpxtpx:TrackPointExtension>
        </extensions>
      </trkpt>
      <trkpt lat="30.744229" lon="34.921084">
        <ele>511.2</ele>
        <time>2026-03-17T06:01:08.000Z</time>
        <extensions>
          <gpxtpx:TrackPointExtension>
            <gpxtpx:hr>156</gpxtpx:hr>
            <gpxtpx:cad>0</gpxtpx:cad>
            <gpxtpx:atemp>299.65</gpxtpx:atemp>
          </gpxtpx:TrackPointExtension>
        </extensions>
      </trkpt>
      <trkpt lat="30.744150" lon="34.920984">
        <ele>511.4</ele>
        <time>2026-03-17T06:01:17.000Z</time>
        <extensions>
          <gpxtpx:TrackPointExtension>
            <gpxtpx:hr>163</gpxtpx:hr>
            <gpxtpx:cad>78</gpxtpx:cad>
            <gpxtpx:atemp>299.65</gpxtpx:atemp>
          </gpxtpx:TrackPointExtension>
        </extensions>
      </trkpt>
      <trkpt lat="30.744103" lon="34.920972">
        <ele>510.6</ele>
        <time>2026-03-17T06:01:25.000Z</time>
        <extensions>
          <gpxtpx:TrackPointExtension>
            <gpxtpx:hr>166</gpxtpx:hr>
            <gpxtpx:cad>57</gpxtpx:cad>
            <gpxtpx:atemp>299.65</gpxtpx:atemp>
          </gpxtpx:TrackPointExtension>
        </extensions>
      </trkpt>
      <trkpt lat="30.744174" lon="34.920888">
        <ele>513.5</ele>
        <time>2026-03-17T06:01:26.000Z</time>
        <extensions>
          <gpxtpx:TrackPointExtension>
            <gpxtpx:hr>166</gpxtpx:hr>
            <gpxtpx:cad>57</gpxtpx:cad>
            <gpxtpx:atemp>299.65</gpxtpx:atemp>
          </gpxtpx:TrackPointExtension>
        </extensions>
      </trkpt>
      <trkpt lat="30.744159" lon="34.920847">
        <ele>513.9</ele>
        <time>2026-03-17T06:01:36.000Z</time>
        <extensions>
          <gpxtpx:TrackPointExtension>
            <gpxtpx:hr>166</gpxtpx:hr>
            <gpxtpx:cad>0</gpxtpx:cad>
            <gpxtpx:atemp>299.65</gpxtpx:atemp>
          </gpxtpx:TrackPointExtension>
        </extensions>
      </trkpt>
      <trkpt lat="30.744148" lon="34.920731">
        <ele>515.6</ele>
        <time>2026-03-17T06:01:54.000Z</time>
        <extensions>
          <gpxtpx:TrackPointExtension>
            <gpxtpx:hr>162</gpxtpx:hr>
            <gpxtpx:cad>0</gpxtpx:cad>
            <gpxtpx:atemp>299.65</gpxtpx:atemp>
          </gpxtpx:TrackPointExtension>
        </extensions>
      </trkpt>
      <trkpt lat="30.744069" lon="34.920709">
        <ele>514.5</ele>
        <time>2026-03-17T06:02:08.000Z</time>
        <extensions>
          <gpxtpx:TrackPointExtension>
            <gpxtpx:hr>164</gpxtpx:hr>
            <gpxtpx:cad>41</gpxtpx:cad>
            <gpxtpx:atemp>299.65</gpxtpx:atemp>
          </gpxtpx:TrackPointExtension>
        </extensions>
      </trkpt>
      <trkpt lat="30.744026" lon="34.920720">
        <ele>513.5</ele>
        <time>2026-03-17T06:02:25.000Z</time>
        <extensions>
          <gpxtpx:TrackPointExtension>
            <gpxtpx:hr>165</gpxtpx:hr>
            <gpxtpx:cad>0</gpxtpx:cad>
            <gpxtpx:atemp>299.65</gpxtpx:atemp>
          </gpxtpx:TrackPointExtension>
        </extensions>
      </trkpt>
      <trkpt lat="30.743960" lon="34.920653">
        <ele>512.9</ele>
        <time>2026-03-17T06:02:44.000Z</time>
        <extensions>
          <gpxtpx:TrackPointExtension>
            <gpxtpx:hr>165</gpxtpx:hr>
            <gpxtpx:cad>0</gpxtpx:cad>
            <gpxtpx:atemp>299.65</gpxtpx:atemp>
          </gpxtpx:TrackPointExtension>
        </extensions>
      </trkpt>
      <trkpt lat="30.743944" lon="34.920617">
        <ele>513.1</ele>
        <time>2026-03-17T06:03:04.000Z</time>
        <extensions>
          <gpxtpx:TrackPointExtension>
            <gpxtpx:hr>161</gpxtpx:hr>
            <gpxtpx:cad>0</gpxtpx:cad>
            <gpxtpx:atemp>299.65</gpxtpx:atemp>
          </gpxtpx:TrackPointExtension>
        </extensions>
      </trkpt>
      <trkpt lat="30.743884" lon="34.920717">
        <ele>509.9</ele>
        <time>2026-03-17T06:03:27.000Z</time>
        <extensions>
          <gpxtpx:TrackPointExtension>
            <gpxtpx:hr>165</gpxtpx:hr>
            <gpxtpx:cad>0</gpxtpx:cad>
            <gpxtpx:atemp>299.65</gpxtpx:atemp>
          </gpxtpx:TrackPointExtension>
        </extensions>
      </trkpt>
      <trkpt lat="30.743907" lon="34.920772">
        <ele>509.4</ele>
        <time>2026-03-17T06:03:33.000Z</time>
        <extensions>
          <gpxtpx:TrackPointExtension>
            <gpxtpx:hr>165</gpxtpx:hr>
            <gpxtpx:cad>0</gpxtpx:cad>
            <gpxtpx:atemp>299.65</gpxtpx:atemp>
          </gpxtpx:TrackPointExtension>
        </extensions>
      </trkpt>
      <trkpt lat="30.743909" lon="34.920864">
        <ele>507.7</ele>
        <time>2026-03-17T06:03:41.000Z</time>
        <extensions>
          <gpxtpx:TrackPointExtension>
            <gpxtpx:hr>163</gpxtpx:hr>
            <gpxtpx:cad>52</gpxtpx:cad>
            <gpxtpx:atemp>299.65</gpxtpx:atemp>
          </gpxtpx:TrackPointExtension>
        </extensions>
      </trkpt>
      <trkpt lat="30.743923" lon="34.920929">
        <ele>506.8</ele>
        <time>2026-03-17T06:03:47.000Z</time>
        <extensions>
          <gpxtpx:TrackPointExtension>
            <gpxtpx:hr>163</gpxtpx:hr>
            <gpxtpx:cad>53</gpxtpx:cad>
            <gpxtpx:atemp>299.65</gpxtpx:atemp>
          </gpxtpx:TrackPointExtension>
        </extensions>
      </trkpt>
      <trkpt lat="30.744031" lon="34.921077">
        <ele>506.8</ele>
        <time>2026-03-17T06:03:57.000Z</time>
        <extensions>
          <gpxtpx:TrackPointExtension>
            <gpxtpx:hr>161</gpxtpx:hr>
            <gpxtpx:cad>64</gpxtpx:cad>
            <gpxtpx:atemp>299.65</gpxtpx:atemp>
          </gpxtpx:TrackPointExtension>
        </extensions>
      </trkpt>
      <trkpt lat="30.744159" lon="34.921202">
        <ele>507.3</ele>
        <time>2026-03-17T06:04:08.000Z</time>
        <extensions>
          <gpxtpx:TrackPointExtension>
            <gpxtpx:hr>160</gpxtpx:hr>
            <gpxtpx:cad>58</gpxtpx:cad>
            <gpxtpx:atemp>299.65</gpxtpx:atemp>
          </gpxtpx:TrackPointExtension>
        </extensions>
      </trkpt>
      <trkpt lat="30.744244" lon="34.921311">
        <ele>507.3</ele>
        <time>2026-03-17T06:04:16.000Z</time>
        <extensions>
          <gpxtpx:TrackPointExtension>
            <gpxtpx:hr>146</gpxtpx:hr>
            <gpxtpx:cad>71</gpxtpx:cad>
            <gpxtpx:atemp>299.65</gpxtpx:atemp>
          </gpxtpx:TrackPointExtension>
        </extensions>
      </trkpt>
      <trkpt lat="30.744314" lon="34.921463">
        <ele>506.3</ele>
        <time>2026-03-17T06:04:26.000Z</time>
        <extensions>
          <gpxtpx:TrackPointExtension>
            <gpxtpx:hr>145</gpxtpx:hr>
            <gpxtpx:cad>69</gpxtpx:cad>
            <gpxtpx:atemp>299.65</gpxtpx:atemp>
          </gpxtpx:TrackPointExtension>
        </extensions>
      </trkpt>
      <trkpt lat="30.744379" lon="34.921586">
        <ele>505.3</ele>
        <time>2026-03-17T06:04:34.000Z</time>
        <extensions>
          <gpxtpx:TrackPointExtension>
            <gpxtpx:hr>145</gpxtpx:hr>
            <gpxtpx:cad>66</gpxtpx:cad>
            <gpxtpx:atemp>299.65</gpxtpx:atemp>
          </gpxtpx:TrackPointExtension>
        </extensions>
      </trkpt>
      <trkpt lat="30.744455" lon="34.921661">
        <ele>505.6</ele>
        <time>2026-03-17T06:04:46.000Z</time>
        <extensions>
          <gpxtpx:TrackPointExtension>
            <gpxtpx:hr>139</gpxtpx:hr>
            <gpxtpx:cad>55</gpxtpx:cad>
            <gpxtpx:atemp>299.65</gpxtpx:atemp>
          </gpxtpx:TrackPointExtension>
        </extensions>
      </trkpt>
      <trkpt lat="30.744491" lon="34.921686">
        <ele>505.9</ele>
        <time>2026-03-17T06:05:17.000Z</time>
        <extensions>
          <gpxtpx:TrackPointExtension>
            <gpxtpx:hr>142</gpxtpx:hr>
            <gpxtpx:cad>0</gpxtpx:cad>
            <gpxtpx:atemp>299.65</gpxtpx:atemp>
          </gpxtpx:TrackPointExtension>
        </extensions>
      </trkpt>
      <trkpt lat="30.744498" lon="34.921782">
        <ele>504.5</ele>
        <time>2026-03-17T06:05:54.000Z</time>
        <extensions>
          <gpxtpx:TrackPointExtension>
            <gpxtpx:hr>133</gpxtpx:hr>
            <gpxtpx:cad>0</gpxtpx:cad>
            <gpxtpx:atemp>300.65</gpxtpx:atemp>
          </gpxtpx:TrackPointExtension>
        </extensions>
      </trkpt>
      <trkpt lat="30.744524" lon="34.921858">
        <ele>503.9</ele>
        <time>2026-03-17T06:06:22.000Z</time>
        <extensions>
          <gpxtpx:TrackPointExtension>
            <gpxtpx:hr>135</gpxtpx:hr>
            <gpxtpx:cad>0</gpxtpx:cad>
            <gpxtpx:atemp>300.65</gpxtpx:atemp>
          </gpxtpx:TrackPointExtension>
        </extensions>
      </trkpt>
      <trkpt lat="30.744470" lon="34.921974">
        <ele>500.9</ele>
        <time>2026-03-17T06:06:54.000Z</time>
        <extensions>
          <gpxtpx:TrackPointExtension>
            <gpxtpx:hr>137</gpxtpx:hr>
            <gpxtpx:cad>50</gpxtpx:cad>
            <gpxtpx:atemp>300.65</gpxtpx:atemp>
          </gpxtpx:TrackPointExtension>
        </extensions>
      </trkpt>
      <trkpt lat="30.744456" lon="34.922053">
        <ele>499.3</ele>
        <time>2026-03-17T06:07:17.000Z</time>
        <extensions>
          <gpxtpx:TrackPointExtension>
            <gpxtpx:hr>137</gpxtpx:hr>
            <gpxtpx:cad>0</gpxtpx:cad>
            <gpxtpx:atemp>301.65</gpxtpx:atemp>
          </gpxtpx:TrackPointExtension>
        </extensions>
      </trkpt>
      <trkpt lat="30.744401" lon="34.922063">
        <ele>497.7</ele>
        <time>2026-03-17T06:07:32.000Z</time>
        <extensions>
          <gpxtpx:TrackPointExtension>
            <gpxtpx:hr>135</gpxtpx:hr>
            <gpxtpx:cad>0</gpxtpx:cad>
            <gpxtpx:atemp>301.65</gpxtpx:atemp>
          </gpxtpx:TrackPointExtension>
        </extensions>
      </trkpt>
      <trkpt lat="30.744349" lon="34.922105">
        <ele>495.8</ele>
        <time>2026-03-17T06:07:49.000Z</time>
        <extensions>
          <gpxtpx:TrackPointExtension>
            <gpxtpx:hr>135</gpxtpx:hr>
            <gpxtpx:cad>0</gpxtpx:cad>
            <gpxtpx:atemp>301.65</gpxtpx:atemp>
          </gpxtpx:TrackPointExtension>
        </extensions>
      </trkpt>
      <trkpt lat="30.744333" lon="34.922132">
        <ele>495.0</ele>
        <time>2026-03-17T06:08:02.000Z</time>
        <extensions>
          <gpxtpx:TrackPointExtension>
            <gpxtpx:hr>132</gpxtpx:hr>
            <gpxtpx:cad>0</gpxtpx:cad>
            <gpxtpx:atemp>301.65</gpxtpx:atemp>
          </gpxtpx:TrackPointExtension>
        </extensions>
      </trkpt>
      <trkpt lat="30.744294" lon="34.922114">
        <ele>494.2</ele>
        <time>2026-03-17T06:08:12.000Z</time>
        <extensions>
          <gpxtpx:TrackPointExtension>
            <gpxtpx:hr>128</gpxtpx:hr>
            <gpxtpx:cad>53</gpxtpx:cad>
            <gpxtpx:atemp>301.65</gpxtpx:atemp>
          </gpxtpx:TrackPointExtension>
        </extensions>
      </trkpt>
      <trkpt lat="30.744258" lon="34.922142">
        <ele>492.8</ele>
        <time>2026-03-17T06:08:29.000Z</time>
        <extensions>
          <gpxtpx:TrackPointExtension>
            <gpxtpx:hr>130</gpxtpx:hr>
            <gpxtpx:cad>0</gpxtpx:cad>
            <gpxtpx:atemp>301.65</gpxtpx:atemp>
          </gpxtpx:TrackPointExtension>
        </extensions>
      </trkpt>
      <trkpt lat="30.744237" lon="34.922209">
        <ele>491.2</ele>
        <time>2026-03-17T06:08:40.000Z</time>
        <extensions>
          <gpxtpx:TrackPointExtension>
            <gpxtpx:hr>130</gpxtpx:hr>
            <gpxtpx:cad>64</gpxtpx:cad>
            <gpxtpx:atemp>302.65</gpxtpx:atemp>
          </gpxtpx:TrackPointExtension>
        </extensions>
      </trkpt>
      <trkpt lat="30.744153" lon="34.922262">
        <ele>488.0</ele>
        <time>2026-03-17T06:09:01.000Z</time>
        <extensions>
          <gpxtpx:TrackPointExtension>
            <gpxtpx:hr>129</gpxtpx:hr>
            <gpxtpx:cad>65</gpxtpx:cad>
            <gpxtpx:atemp>302.65</gpxtpx:atemp>
          </gpxtpx:TrackPointExtension>
        </extensions>
      </trkpt>
      <trkpt lat="30.744128" lon="34.922300">
        <ele>486.8</ele>
        <time>2026-03-17T06:09:12.000Z</time>
        <extensions>
          <gpxtpx:TrackPointExtension>
            <gpxtpx:hr>133</gpxtpx:hr>
            <gpxtpx:cad>0</gpxtpx:cad>
            <gpxtpx:atemp>302.65</gpxtpx:atemp>
          </gpxtpx:TrackPointExtension>
        </extensions>
      </trkpt>
      <trkpt lat="30.744094" lon="34.922329">
        <ele>485.4</ele>
        <time>2026-03-17T06:09:24.000Z</time>
        <extensions>
          <gpxtpx:TrackPointExtension>
            <gpxtpx:hr>131</gpxtpx:hr>
            <gpxtpx:cad>0</gpxtpx:cad>
            <gpxtpx:atemp>302.65</gpxtpx:atemp>
          </gpxtpx:TrackPointExtension>
        </extensions>
      </trkpt>
      <trkpt lat="30.744017" lon="34.922334">
        <ele>483.0</ele>
        <time>2026-03-17T06:09:31.000Z</time>
        <extensions>
          <gpxtpx:TrackPointExtension>
            <gpxtpx:hr>132</gpxtpx:hr>
            <gpxtpx:cad>0</gpxtpx:cad>
            <gpxtpx:atemp>302.65</gpxtpx:atemp>
          </gpxtpx:TrackPointExtension>
        </extensions>
      </trkpt>
      <trkpt lat="30.743933" lon="34.922394">
        <ele>479.4</ele>
        <time>2026-03-17T06:09:42.000Z</time>
        <extensions>
          <gpxtpx:TrackPointExtension>
            <gpxtpx:hr>133</gpxtpx:hr>
            <gpxtpx:cad>62</gpxtpx:cad>
            <gpxtpx:atemp>302.65</gpxtpx:atemp>
          </gpxtpx:TrackPointExtension>
        </extensions>
      </trkpt>
      <trkpt lat="30.743901" lon="34.922487">
        <ele>476.9</ele>
        <time>2026-03-17T06:09:50.000Z</time>
        <extensions>
          <gpxtpx:TrackPointExtension>
            <gpxtpx:hr>135</gpxtpx:hr>
            <gpxtpx:cad>78</gpxtpx:cad>
            <gpxtpx:atemp>302.65</gpxtpx:atemp>
          </gpxtpx:TrackPointExtension>
        </extensions>
      </trkpt>
      <trkpt lat="30.743886" lon="34.922564">
        <ele>475.1</ele>
        <time>2026-03-17T06:09:56.000Z</time>
        <extensions>
          <gpxtpx:TrackPointExtension>
            <gpxtpx:hr>135</gpxtpx:hr>
            <gpxtpx:cad>60</gpxtpx:cad>
            <gpxtpx:atemp>302.65</gpxtpx:atemp>
          </gpxtpx:TrackPointExtension>
        </extensions>
      </trkpt>
      <trkpt lat="30.743824" lon="34.922614">
        <ele>472.1</ele>
        <time>2026-03-17T06:10:00.000Z</time>
        <extensions>
          <gpxtpx:TrackPointExtension>
            <gpxtpx:hr>135</gpxtpx:hr>
            <gpxtpx:cad>0</gpxtpx:cad>
            <gpxtpx:atemp>302.65</gpxtpx:atemp>
          </gpxtpx:TrackPointExtension>
        </extensions>
      </trkpt>
      <trkpt lat="30.743822" lon="34.922682">
        <ele>471.0</ele>
        <time>2026-03-17T06:10:05.000Z</time>
        <extensions>
          <gpxtpx:TrackPointExtension>
            <gpxtpx:hr>136</gpxtpx:hr>
            <gpxtpx:cad>0</gpxtpx:cad>
            <gpxtpx:atemp>302.65</gpxtpx:atemp>
          </gpxtpx:TrackPointExtension>
        </extensions>
      </trkpt>
      <trkpt lat="30.743803" lon="34.922788">
        <ele>468.8</ele>
        <time>2026-03-17T06:10:13.000Z</time>
        <extensions>
          <gpxtpx:TrackPointExtension>
            <gpxtpx:hr>136</gpxtpx:hr>
            <gpxtpx:cad>55</gpxtpx:cad>
            <gpxtpx:atemp>302.65</gpxtpx:atemp>
          </gpxtpx:TrackPointExtension>
        </extensions>
      </trkpt>
      <trkpt lat="30.743768" lon="34.922921">
        <ele>465.6</ele>
        <time>2026-03-17T06:10:22.000Z</time>
        <extensions>
          <gpxtpx:TrackPointExtension>
            <gpxtpx:hr>137</gpxtpx:hr>
            <gpxtpx:cad>0</gpxtpx:cad>
            <gpxtpx:atemp>302.65</gpxtpx:atemp>
          </gpxtpx:TrackPointExtension>
        </extensions>
      </trkpt>
      <trkpt lat="30.743711" lon="34.923017">
        <ele>461.9</ele>
        <time>2026-03-17T06:10:31.000Z</time>
        <extensions>
          <gpxtpx:TrackPointExtension>
            <gpxtpx:hr>135</gpxtpx:hr>
            <gpxtpx:cad>59</gpxtpx:cad>
            <gpxtpx:atemp>302.65</gpxtpx:atemp>
          </gpxtpx:TrackPointExtension>
        </extensions>
      </trkpt>
      <trkpt lat="30.743604" lon="34.922922">
        <ele>460.2</ele>
        <time>2026-03-17T06:10:40.000Z</time>
        <extensions>
          <gpxtpx:TrackPointExtension>
            <gpxtpx:hr>130</gpxtpx:hr>
            <gpxtpx:cad>70</gpxtpx:cad>
            <gpxtpx:atemp>302.65</gpxtpx:atemp>
          </gpxtpx:TrackPointExtension>
        </extensions>
      </trkpt>
      <trkpt lat="30.743546" lon="34.922903">
        <ele>458.6</ele>
        <time>2026-03-17T06:10:44.000Z</time>
        <extensions>
          <gpxtpx:TrackPointExtension>
            <gpxtpx:hr>128</gpxtpx:hr>
            <gpxtpx:cad>73</gpxtpx:cad>
            <gpxtpx:atemp>302.65</gpxtpx:atemp>
          </gpxtpx:TrackPointExtension>
        </extensions>
      </trkpt>
      <trkpt lat="30.743447" lon="34.922891">
        <ele>455.7</ele>
        <time>2026-03-17T06:10:51.000Z</time>
        <extensions>
          <gpxtpx:TrackPointExtension>
            <gpxtpx:hr>127</gpxtpx:hr>
            <gpxtpx:cad>72</gpxtpx:cad>
            <gpxtpx:atemp>302.65</gpxtpx:atemp>
          </gpxtpx:TrackPointExtension>
        </extensions>
      </trkpt>
      <trkpt lat="30.743338" lon="34.922902">
        <ele>452.9</ele>
        <time>2026-03-17T06:10:59.000Z</time>
        <extensions>
          <gpxtpx:TrackPointExtension>
            <gpxtpx:hr>130</gpxtpx:hr>
            <gpxtpx:cad>0</gpxtpx:cad>
            <gpxtpx:atemp>302.65</gpxtpx:atemp>
          </gpxtpx:TrackPointExtension>
        </extensions>
      </trkpt>
      <trkpt lat="30.743232" lon="34.922908">
        <ele>450.1</ele>
        <time>2026-03-17T06:11:11.000Z</time>
        <extensions>
          <gpxtpx:TrackPointExtension>
            <gpxtpx:hr>129</gpxtpx:hr>
            <gpxtpx:cad>0</gpxtpx:cad>
            <gpxtpx:atemp>302.65</gpxtpx:atemp>
          </gpxtpx:TrackPointExtension>
        </extensions>
      </trkpt>
      <trkpt lat="30.743125" lon="34.922906">
        <ele>447.9</ele>
        <time>2026-03-17T06:11:21.000Z</time>
        <extensions>
          <gpxtpx:TrackPointExtension>
            <gpxtpx:hr>129</gpxtpx:hr>
            <gpxtpx:cad>0</gpxtpx:cad>
            <gpxtpx:atemp>302.65</gpxtpx:atemp>
          </gpxtpx:TrackPointExtension>
        </extensions>
      </trkpt>
      <trkpt lat="30.743027" lon="34.922965">
        <ele>445.0</ele>
        <time>2026-03-17T06:11:28.000Z</time>
        <extensions>
          <gpxtpx:TrackPointExtension>
            <gpxtpx:hr>130</gpxtpx:hr>
            <gpxtpx:cad>0</gpxtpx:cad>
            <gpxtpx:atemp>302.65</gpxtpx:atemp>
          </gpxtpx:TrackPointExtension>
        </extensions>
      </trkpt>
      <trkpt lat="30.742935" lon="34.923026">
        <ele>442.0</ele>
        <time>2026-03-17T06:11:39.000Z</time>
        <extensions>
          <gpxtpx:TrackPointExtension>
            <gpxtpx:hr>132</gpxtpx:hr>
            <gpxtpx:cad>69</gpxtpx:cad>
            <gpxtpx:atemp>302.65</gpxtpx:atemp>
          </gpxtpx:TrackPointExtension>
        </extensions>
      </trkpt>
      <trkpt lat="30.742900" lon="34.923124">
        <ele>439.2</ele>
        <time>2026-03-17T06:11:46.000Z</time>
        <extensions>
          <gpxtpx:TrackPointExtension>
            <gpxtpx:hr>133</gpxtpx:hr>
            <gpxtpx:cad>90</gpxtpx:cad>
            <gpxtpx:atemp>302.65</gpxtpx:atemp>
          </gpxtpx:TrackPointExtension>
        </extensions>
      </trkpt>
      <trkpt lat="30.742916" lon="34.923178">
        <ele>438.3</ele>
        <time>2026-03-17T06:11:49.000Z</time>
        <extensions>
          <gpxtpx:TrackPointExtension>
            <gpxtpx:hr>133</gpxtpx:hr>
            <gpxtpx:cad>0</gpxtpx:cad>
            <gpxtpx:atemp>302.65</gpxtpx:atemp>
          </gpxtpx:TrackPointExtension>
        </extensions>
      </trkpt>
      <trkpt lat="30.742877" lon="34.923278">
        <ele>435.8</ele>
        <time>2026-03-17T06:11:57.000Z</time>
        <extensions>
          <gpxtpx:TrackPointExtension>
            <gpxtpx:hr>136</gpxtpx:hr>
            <gpxtpx:cad>0</gpxtpx:cad>
            <gpxtpx:atemp>302.65</gpxtpx:atemp>
          </gpxtpx:TrackPointExtension>
        </extensions>
      </trkpt>
      <trkpt lat="30.742797" lon="34.923292">
        <ele>434.1</ele>
        <time>2026-03-17T06:12:06.000Z</time>
        <extensions>
          <gpxtpx:TrackPointExtension>
            <gpxtpx:hr>137</gpxtpx:hr>
            <gpxtpx:cad>61</gpxtpx:cad>
            <gpxtpx:atemp>302.65</gpxtpx:atemp>
          </gpxtpx:TrackPointExtension>
        </extensions>
      </trkpt>
      <trkpt lat="30.742693" lon="34.923344">
        <ele>431.3</ele>
        <time>2026-03-17T06:12:21.000Z</time>
        <extensions>
          <gpxtpx:TrackPointExtension>
            <gpxtpx:hr>140</gpxtpx:hr>
            <gpxtpx:cad>75</gpxtpx:cad>
            <gpxtpx:atemp>302.65</gpxtpx:atemp>
          </gpxtpx:TrackPointExtension>
        </extensions>
      </trkpt>
      <trkpt lat="30.742664" lon="34.923457">
        <ele>428.7</ele>
        <time>2026-03-17T06:12:31.000Z</time>
        <extensions>
          <gpxtpx:TrackPointExtension>
            <gpxtpx:hr>140</gpxtpx:hr>
            <gpxtpx:cad>74</gpxtpx:cad>
            <gpxtpx:atemp>302.65</gpxtpx:atemp>
          </gpxtpx:TrackPointExtension>
        </extensions>
      </trkpt>
      <trkpt lat="30.742607" lon="34.923472">
        <ele>427.4</ele>
        <time>2026-03-17T06:12:39.000Z</time>
        <extensions>
          <gpxtpx:TrackPointExtension>
            <gpxtpx:hr>139</gpxtpx:hr>
            <gpxtpx:cad>80</gpxtpx:cad>
            <gpxtpx:atemp>302.65</gpxtpx:atemp>
          </gpxtpx:TrackPointExtension>
        </extensions>
      </trkpt>
      <trkpt lat="30.742511" lon="34.923632">
        <ele>422.8</ele>
        <time>2026-03-17T06:12:52.000Z</time>
        <extensions>
          <gpxtpx:TrackPointExtension>
            <gpxtpx:hr>136</gpxtpx:hr>
            <gpxtpx:cad>70</gpxtpx:cad>
            <gpxtpx:atemp>302.65</gpxtpx:atemp>
          </gpxtpx:TrackPointExtension>
        </extensions>
      </trkpt>
      <trkpt lat="30.742620" lon="34.923703">
        <ele>423.5</ele>
        <time>2026-03-17T06:13:15.000Z</time>
        <extensions>
          <gpxtpx:TrackPointExtension>
            <gpxtpx:hr>134</gpxtpx:hr>
            <gpxtpx:cad>66</gpxtpx:cad>
            <gpxtpx:atemp>302.65</gpxtpx:atemp>
          </gpxtpx:TrackPointExtension>
        </extensions>
      </trkpt>
      <trkpt lat="30.742667" lon="34.923752">
        <ele>423.4</ele>
        <time>2026-03-17T06:13:23.000Z</time>
        <extensions>
          <gpxtpx:TrackPointExtension>
            <gpxtpx:hr>132</gpxtpx:hr>
            <gpxtpx:cad>72</gpxtpx:cad>
            <gpxtpx:atemp>302.65</gpxtpx:atemp>
          </gpxtpx:TrackPointExtension>
        </extensions>
      </trkpt>
      <trkpt lat="30.742638" lon="34.923819">
        <ele>421.7</ele>
        <time>2026-03-17T06:13:38.000Z</time>
        <extensions>
          <gpxtpx:TrackPointExtension>
            <gpxtpx:hr>131</gpxtpx:hr>
            <gpxtpx:cad>0</gpxtpx:cad>
            <gpxtpx:atemp>303.65</gpxtpx:atemp>
          </gpxtpx:TrackPointExtension>
        </extensions>
      </trkpt>
      <trkpt lat="30.742564" lon="34.923891">
        <ele>419.3</ele>
        <time>2026-03-17T06:13:47.000Z</time>
        <extensions>
          <gpxtpx:TrackPointExtension>
            <gpxtpx:hr>129</gpxtpx:hr>
            <gpxtpx:cad>0</gpxtpx:cad>
            <gpxtpx:atemp>303.65</gpxtpx:atemp>
          </gpxtpx:TrackPointExtension>
        </extensions>
      </trkpt>
      <trkpt lat="30.742562" lon="34.923945">
        <ele>418.3</ele>
        <time>2026-03-17T06:13:51.000Z</time>
        <extensions>
          <gpxtpx:TrackPointExtension>
            <gpxtpx:hr>129</gpxtpx:hr>
            <gpxtpx:cad>0</gpxtpx:cad>
            <gpxtpx:atemp>303.65</gpxtpx:atemp>
          </gpxtpx:TrackPointExtension>
        </extensions>
      </trkpt>
      <trkpt lat="30.742526" lon="34.924054">
        <ele>415.8</ele>
        <time>2026-03-17T06:14:08.000Z</time>
        <extensions>
          <gpxtpx:TrackPointExtension>
            <gpxtpx:hr>130</gpxtpx:hr>
            <gpxtpx:cad>0</gpxtpx:cad>
            <gpxtpx:atemp>303.65</gpxtpx:atemp>
          </gpxtpx:TrackPointExtension>
        </extensions>
      </trkpt>
      <trkpt lat="30.742510" lon="34.924151">
        <ele>413.7</ele>
        <time>2026-03-17T06:14:34.000Z</time>
        <extensions>
          <gpxtpx:TrackPointExtension>
            <gpxtpx:hr>129</gpxtpx:hr>
            <gpxtpx:cad>0</gpxtpx:cad>
            <gpxtpx:atemp>303.65</gpxtpx:atemp>
          </gpxtpx:TrackPointExtension>
        </extensions>
      </trkpt>
      <trkpt lat="30.742411" lon="34.924167">
        <ele>412.1</ele>
        <time>2026-03-17T06:14:59.000Z</time>
        <extensions>
          <gpxtpx:TrackPointExtension>
            <gpxtpx:hr>137</gpxtpx:hr>
            <gpxtpx:cad>0</gpxtpx:cad>
            <gpxtpx:atemp>304.65</gpxtpx:atemp>
          </gpxtpx:TrackPointExtension>
        </extensions>
      </trkpt>
      <trkpt lat="30.742333" lon="34.924194">
        <ele>410.8</ele>
        <time>2026-03-17T06:15:18.000Z</time>
        <extensions>
          <gpxtpx:TrackPointExtension>
            <gpxtpx:hr>135</gpxtpx:hr>
            <gpxtpx:cad>0</gpxtpx:cad>
            <gpxtpx:atemp>304.65</gpxtpx:atemp>
          </gpxtpx:TrackPointExtension>
        </extensions>
      </trkpt>
      <trkpt lat="30.742252" lon="34.924183">
        <ele>410.3</ele>
        <time>2026-03-17T06:15:31.000Z</time>
        <extensions>
          <gpxtpx:TrackPointExtension>
            <gpxtpx:hr>137</gpxtpx:hr>
            <gpxtpx:cad>0</gpxtpx:cad>
            <gpxtpx:atemp>304.65</gpxtpx:atemp>
          </gpxtpx:TrackPointExtension>
        </extensions>
      </trkpt>
      <trkpt lat="30.742196" lon="34.924228">
        <ele>409.0</ele>
        <time>2026-03-17T06:15:38.000Z</time>
        <extensions>
          <gpxtpx:TrackPointExtension>
            <gpxtpx:hr>136</gpxtpx:hr>
            <gpxtpx:cad>62</gpxtpx:cad>
            <gpxtpx:atemp>304.65</gpxtpx:atemp>
          </gpxtpx:TrackPointExtension>
        </extensions>
      </trkpt>
      <trkpt lat="30.742144" lon="34.924254">
        <ele>408.2</ele>
        <time>2026-03-17T06:15:49.000Z</time>
        <extensions>
          <gpxtpx:TrackPointExtension>
            <gpxtpx:hr>135</gpxtpx:hr>
            <gpxtpx:cad>0</gpxtpx:cad>
            <gpxtpx:atemp>304.65</gpxtpx:atemp>
          </gpxtpx:TrackPointExtension>
        </extensions>
      </trkpt>
      <trkpt lat="30.742045" lon="34.924344">
        <ele>406.7</ele>
        <time>2026-03-17T06:16:18.000Z</time>
        <extensions>
          <gpxtpx:TrackPointExtension>
            <gpxtpx:hr>137</gpxtpx:hr>
            <gpxtpx:cad>57</gpxtpx:cad>
            <gpxtpx:atemp>304.65</gpxtpx:atemp>
          </gpxtpx:TrackPointExtension>
        </extensions>
      </trkpt>
      <trkpt lat="30.741990" lon="34.924361">
        <ele>406.7</ele>
        <time>2026-03-17T06:16:25.000Z</time>
        <extensions>
          <gpxtpx:TrackPointExtension>
            <gpxtpx:hr>136</gpxtpx:hr>
            <gpxtpx:cad>0</gpxtpx:cad>
            <gpxtpx:atemp>304.65</gpxtpx:atemp>
          </gpxtpx:TrackPointExtension>
        </extensions>
      </trkpt>
      <trkpt lat="30.741910" lon="34.924309">
        <ele>407.6</ele>
        <time>2026-03-17T06:16:41.000Z</time>
        <extensions>
          <gpxtpx:TrackPointExtension>
            <gpxtpx:hr>138</gpxtpx:hr>
            <gpxtpx:cad>0</gpxtpx:cad>
            <gpxtpx:atemp>304.65</gpxtpx:atemp>
          </gpxtpx:TrackPointExtension>
        </extensions>
      </trkpt>
      <trkpt lat="30.741848" lon="34.924362">
        <ele>407.2</ele>
        <time>2026-03-17T06:17:00.000Z</time>
        <extensions>
          <gpxtpx:TrackPointExtension>
            <gpxtpx:hr>137</gpxtpx:hr>
            <gpxtpx:cad>0</gpxtpx:cad>
            <gpxtpx:atemp>304.65</gpxtpx:atemp>
          </gpxtpx:TrackPointExtension>
        </extensions>
      </trkpt>
      <trkpt lat="30.741824" lon="34.924456">
        <ele>406.3</ele>
        <time>2026-03-17T06:17:06.000Z</time>
        <extensions>
          <gpxtpx:TrackPointExtension>
            <gpxtpx:hr>136</gpxtpx:hr>
            <gpxtpx:cad>72</gpxtpx:cad>
            <gpxtpx:atemp>304.65</gpxtpx:atemp>
          </gpxtpx:TrackPointExtension>
        </extensions>
      </trkpt>
      <trkpt lat="30.741824" lon="34.924523">
        <ele>405.6</ele>
        <time>2026-03-17T06:17:09.000Z</time>
        <extensions>
          <gpxtpx:TrackPointExtension>
            <gpxtpx:hr>137</gpxtpx:hr>
            <gpxtpx:cad>75</gpxtpx:cad>
            <gpxtpx:atemp>304.65</gpxtpx:atemp>
          </gpxtpx:TrackPointExtension>
        </extensions>
      </trkpt>
      <trkpt lat="30.741801" lon="34.924699">
        <ele>404.7</ele>
        <time>2026-03-17T06:17:21.000Z</time>
        <extensions>
          <gpxtpx:TrackPointExtension>
            <gpxtpx:hr>139</gpxtpx:hr>
            <gpxtpx:cad>0</gpxtpx:cad>
            <gpxtpx:atemp>304.65</gpxtpx:atemp>
          </gpxtpx:TrackPointExtension>
        </extensions>
      </trkpt>
      <trkpt lat="30.741842" lon="34.924754">
        <ele>404.2</ele>
        <time>2026-03-17T06:17:27.000Z</time>
        <extensions>
          <gpxtpx:TrackPointExtension>
            <gpxtpx:hr>140</gpxtpx:hr>
            <gpxtpx:cad>0</gpxtpx:cad>
            <gpxtpx:atemp>304.65</gpxtpx:atemp>
          </gpxtpx:TrackPointExtension>
        </extensions>
      </trkpt>
      <trkpt lat="30.741886" lon="34.924898">
        <ele>403.3</ele>
        <time>2026-03-17T06:17:37.000Z</time>
        <extensions>
          <gpxtpx:TrackPointExtension>
            <gpxtpx:hr>141</gpxtpx:hr>
            <gpxtpx:cad>0</gpxtpx:cad>
            <gpxtpx:atemp>304.65</gpxtpx:atemp>
          </gpxtpx:TrackPointExtension>
        </extensions>
      </trkpt>
      <trkpt lat="30.741915" lon="34.924993">
        <ele>402.8</ele>
        <time>2026-03-17T06:17:48.000Z</time>
        <extensions>
          <gpxtpx:TrackPointExtension>
            <gpxtpx:hr>144</gpxtpx:hr>
            <gpxtpx:cad>51</gpxtpx:cad>
            <gpxtpx:atemp>304.65</gpxtpx:atemp>
          </gpxtpx:TrackPointExtension>
        </extensions>
      </trkpt>
      <trkpt lat="30.741952" lon="34.925100">
        <ele>402.0</ele>
        <time>2026-03-17T06:18:01.000Z</time>
        <extensions>
          <gpxtpx:TrackPointExtension>
            <gpxtpx:hr>144</gpxtpx:hr>
            <gpxtpx:cad>79</gpxtpx:cad>
            <gpxtpx:atemp>304.65</gpxtpx:atemp>
          </gpxtpx:TrackPointExtension>
        </extensions>
      </trkpt>
      <trkpt lat="30.742033" lon="34.925257">
        <ele>400.3</ele>
        <time>2026-03-17T06:18:14.000Z</time>
        <extensions>
          <gpxtpx:TrackPointExtension>
            <gpxtpx:hr>143</gpxtpx:hr>
            <gpxtpx:cad>64</gpxtpx:cad>
            <gpxtpx:atemp>303.65</gpxtpx:atemp>
          </gpxtpx:TrackPointExtension>
        </extensions>
      </trkpt>
      <trkpt lat="30.742061" lon="34.925279">
        <ele>399.8</ele>
        <time>2026-03-17T06:18:17.000Z</time>
        <extensions>
          <gpxtpx:TrackPointExtension>
            <gpxtpx:hr>144</gpxtpx:hr>
            <gpxtpx:cad>64</gpxtpx:cad>
            <gpxtpx:atemp>303.65</gpxtpx:atemp>
          </gpxtpx:TrackPointExtension>
        </extensions>
      </trkpt>
      <trkpt lat="30.742105" lon="34.925387">
        <ele>399.0</ele>
        <time>2026-03-17T06:18:31.000Z</time>
        <extensions>
          <gpxtpx:TrackPointExtension>
            <gpxtpx:hr>138</gpxtpx:hr>
            <gpxtpx:cad>0</gpxtpx:cad>
            <gpxtpx:atemp>303.65</gpxtpx:atemp>
          </gpxtpx:TrackPointExtension>
        </extensions>
      </trkpt>
      <trkpt lat="30.742126" lon="34.925422">
        <ele>398.7</ele>
        <time>2026-03-17T06:18:35.000Z</time>
        <extensions>
          <gpxtpx:TrackPointExtension>
            <gpxtpx:hr>138</gpxtpx:hr>
            <gpxtpx:cad>42</gpxtpx:cad>
            <gpxtpx:atemp>303.65</gpxtpx:atemp>
          </gpxtpx:TrackPointExtension>
        </extensions>
      </trkpt>
      <trkpt lat="30.742205" lon="34.925585">
        <ele>397.5</ele>
        <time>2026-03-17T06:18:47.000Z</time>
        <extensions>
          <gpxtpx:TrackPointExtension>
            <gpxtpx:hr>144</gpxtpx:hr>
            <gpxtpx:cad>0</gpxtpx:cad>
            <gpxtpx:atemp>303.65</gpxtpx:atemp>
          </gpxtpx:TrackPointExtension>
        </extensions>
      </trkpt>
      <trkpt lat="30.742214" lon="34.925635">
        <ele>397.3</ele>
        <time>2026-03-17T06:18:51.000Z</time>
        <extensions>
          <gpxtpx:TrackPointExtension>
            <gpxtpx:hr>144</gpxtpx:hr>
            <gpxtpx:cad>0</gpxtpx:cad>
            <gpxtpx:atemp>303.65</gpxtpx:atemp>
          </gpxtpx:TrackPointExtension>
        </extensions>
      </trkpt>
      <trkpt lat="30.742307" lon="34.925697">
        <ele>396.4</ele>
        <time>2026-03-17T06:19:02.000Z</time>
        <extensions>
          <gpxtpx:TrackPointExtension>
            <gpxtpx:hr>143</gpxtpx:hr>
            <gpxtpx:cad>44</gpxtpx:cad>
            <gpxtpx:atemp>302.65</gpxtpx:atemp>
          </gpxtpx:TrackPointExtension>
        </extensions>
      </trkpt>
      <trkpt lat="30.742352" lon="34.925829">
        <ele>395.1</ele>
        <time>2026-03-17T06:19:11.000Z</time>
        <extensions>
          <gpxtpx:TrackPointExtension>
            <gpxtpx:hr>143</gpxtpx:hr>
            <gpxtpx:cad>72</gpxtpx:cad>
            <gpxtpx:atemp>302.65</gpxtpx:atemp>
          </gpxtpx:TrackPointExtension>
        </extensions>
      </trkpt>
      <trkpt lat="30.742343" lon="34.925881">
        <ele>394.7</ele>
        <time>2026-03-17T06:19:14.000Z</time>
        <extensions>
          <gpxtpx:TrackPointExtension>
            <gpxtpx:hr>143</gpxtpx:hr>
            <gpxtpx:cad>61</gpxtpx:cad>
            <gpxtpx:atemp>302.65</gpxtpx:atemp>
          </gpxtpx:TrackPointExtension>
        </extensions>
      </trkpt>
      <trkpt lat="30.742334" lon="34.926038">
        <ele>393.4</ele>
        <time>2026-03-17T06:19:21.000Z</time>
        <extensions>
          <gpxtpx:TrackPointExtension>
            <gpxtpx:hr>140</gpxtpx:hr>
            <gpxtpx:cad>72</gpxtpx:cad>
            <gpxtpx:atemp>302.65</gpxtpx:atemp>
          </gpxtpx:TrackPointExtension>
        </extensions>
      </trkpt>
      <trkpt lat="30.742344" lon="34.926161">
        <ele>392.0</ele>
        <time>2026-03-17T06:19:27.000Z</time>
        <extensions>
          <gpxtpx:TrackPointExtension>
            <gpxtpx:hr>138</gpxtpx:hr>
            <gpxtpx:cad>72</gpxtpx:cad>
            <gpxtpx:atemp>302.65</gpxtpx:atemp>
          </gpxtpx:TrackPointExtension>
        </extensions>
      </trkpt>
      <trkpt lat="30.742326" lon="34.926286">
        <ele>390.8</ele>
        <time>2026-03-17T06:19:32.000Z</time>
        <extensions>
          <gpxtpx:TrackPointExtension>
            <gpxtpx:hr>141</gpxtpx:hr>
            <gpxtpx:cad>72</gpxtpx:cad>
            <gpxtpx:atemp>302.65</gpxtpx:atemp>
          </gpxtpx:TrackPointExtension>
        </extensions>
      </trkpt>
      <trkpt lat="30.742344" lon="34.926463">
        <ele>389.4</ele>
        <time>2026-03-17T06:19:40.000Z</time>
        <extensions>
          <gpxtpx:TrackPointExtension>
            <gpxtpx:hr>145</gpxtpx:hr>
            <gpxtpx:cad>75</gpxtpx:cad>
            <gpxtpx:atemp>302.65</gpxtpx:atemp>
          </gpxtpx:TrackPointExtension>
        </extensions>
      </trkpt>
      <trkpt lat="30.742304" lon="34.926605">
        <ele>388.1</ele>
        <time>2026-03-17T06:19:48.000Z</time>
        <extensions>
          <gpxtpx:TrackPointExtension>
            <gpxtpx:hr>149</gpxtpx:hr>
            <gpxtpx:cad>76</gpxtpx:cad>
            <gpxtpx:atemp>301.65</gpxtpx:atemp>
          </gpxtpx:TrackPointExtension>
        </extensions>
      </trkpt>
      <trkpt lat="30.742232" lon="34.926687">
        <ele>386.9</ele>
        <time>2026-03-17T06:20:01.000Z</time>
        <extensions>
          <gpxtpx:TrackPointExtension>
            <gpxtpx:hr>155</gpxtpx:hr>
            <gpxtpx:cad>59</gpxtpx:cad>
            <gpxtpx:atemp>301.65</gpxtpx:atemp>
          </gpxtpx:TrackPointExtension>
        </extensions>
      </trkpt>
      <trkpt lat="30.742242" lon="34.926749">
        <ele>386.3</ele>
        <time>2026-03-17T06:20:08.000Z</time>
        <extensions>
          <gpxtpx:TrackPointExtension>
            <gpxtpx:hr>155</gpxtpx:hr>
            <gpxtpx:cad>0</gpxtpx:cad>
            <gpxtpx:atemp>301.65</gpxtpx:atemp>
          </gpxtpx:TrackPointExtension>
        </extensions>
      </trkpt>
      <trkpt lat="30.742177" lon="34.926772">
        <ele>385.4</ele>
        <time>2026-03-17T06:20:21.000Z</time>
        <extensions>
          <gpxtpx:TrackPointExtension>
            <gpxtpx:hr>158</gpxtpx:hr>
            <gpxtpx:cad>66</gpxtpx:cad>
            <gpxtpx:atemp>302.65</gpxtpx:atemp>
          </gpxtpx:TrackPointExtension>
        </extensions>
      </trkpt>
      <trkpt lat="30.742127" lon="34.926782">
        <ele>384.8</ele>
        <time>2026-03-17T06:20:31.000Z</time>
        <extensions>
          <gpxtpx:TrackPointExtension>
            <gpxtpx:hr>156</gpxtpx:hr>
            <gpxtpx:cad>0</gpxtpx:cad>
            <gpxtpx:atemp>302.65</gpxtpx:atemp>
          </gpxtpx:TrackPointExtension>
        </extensions>
      </trkpt>
      <trkpt lat="30.742023" lon="34.926846">
        <ele>383.3</ele>
        <time>2026-03-17T06:20:43.000Z</time>
        <extensions>
          <gpxtpx:TrackPointExtension>
            <gpxtpx:hr>151</gpxtpx:hr>
            <gpxtpx:cad>0</gpxtpx:cad>
            <gpxtpx:atemp>302.65</gpxtpx:atemp>
          </gpxtpx:TrackPointExtension>
        </extensions>
      </trkpt>
      <trkpt lat="30.741927" lon="34.926963">
        <ele>380.8</ele>
        <time>2026-03-17T06:20:55.000Z</time>
        <extensions>
          <gpxtpx:TrackPointExtension>
            <gpxtpx:hr>147</gpxtpx:hr>
            <gpxtpx:cad>72</gpxtpx:cad>
            <gpxtpx:atemp>302.65</gpxtpx:atemp>
          </gpxtpx:TrackPointExtension>
        </extensions>
      </trkpt>
      <trkpt lat="30.741855" lon="34.927076">
        <ele>377.9</ele>
        <time>2026-03-17T06:21:07.000Z</time>
        <extensions>
          <gpxtpx:TrackPointExtension>
            <gpxtpx:hr>142</gpxtpx:hr>
            <gpxtpx:cad>72</gpxtpx:cad>
            <gpxtpx:atemp>302.65</gpxtpx:atemp>
          </gpxtpx:TrackPointExtension>
        </extensions>
      </trkpt>
      <trkpt lat="30.741765" lon="34.927105">
        <ele>376.4</ele>
        <time>2026-03-17T06:21:13.000Z</time>
        <extensions>
          <gpxtpx:TrackPointExtension>
            <gpxtpx:hr>142</gpxtpx:hr>
            <gpxtpx:cad>70</gpxtpx:cad>
            <gpxtpx:atemp>302.65</gpxtpx:atemp>
          </gpxtpx:TrackPointExtension>
        </extensions>
      </trkpt>
      <trkpt lat="30.741737" lon="34.927168">
        <ele>375.2</ele>
        <time>2026-03-17T06:21:18.000Z</time>
        <extensions>
          <gpxtpx:TrackPointExtension>
            <gpxtpx:hr>141</gpxtpx:hr>
            <gpxtpx:cad>70</gpxtpx:cad>
            <gpxtpx:atemp>302.65</gpxtpx:atemp>
          </gpxtpx:TrackPointExtension>
        </extensions>
      </trkpt>
      <trkpt lat="30.741631" lon="34.927252">
        <ele>372.9</ele>
        <time>2026-03-17T06:21:28.000Z</time>
        <extensions>
          <gpxtpx:TrackPointExtension>
            <gpxtpx:hr>137</gpxtpx:hr>
            <gpxtpx:cad>68</gpxtpx:cad>
            <gpxtpx:atemp>302.65</gpxtpx:atemp>
          </gpxtpx:TrackPointExtension>
        </extensions>
      </trkpt>
      <trkpt lat="30.741591" lon="34.927275">
        <ele>372.2</ele>
        <time>2026-03-17T06:21:33.000Z</time>
        <extensions>
          <gpxtpx:TrackPointExtension>
            <gpxtpx:hr>137</gpxtpx:hr>
            <gpxtpx:cad>68</gpxtpx:cad>
            <gpxtpx:atemp>302.65</gpxtpx:atemp>
          </gpxtpx:TrackPointExtension>
        </extensions>
      </trkpt>
      <trkpt lat="30.741548" lon="34.927384">
        <ele>369.9</ele>
        <time>2026-03-17T06:21:49.000Z</time>
        <extensions>
          <gpxtpx:TrackPointExtension>
            <gpxtpx:hr>134</gpxtpx:hr>
            <gpxtpx:cad>0</gpxtpx:cad>
            <gpxtpx:atemp>303.65</gpxtpx:atemp>
          </gpxtpx:TrackPointExtension>
        </extensions>
      </trkpt>
      <trkpt lat="30.741451" lon="34.927504">
        <ele>367.4</ele>
        <time>2026-03-17T06:22:03.000Z</time>
        <extensions>
          <gpxtpx:TrackPointExtension>
            <gpxtpx:hr>137</gpxtpx:hr>
            <gpxtpx:cad>0</gpxtpx:cad>
            <gpxtpx:atemp>303.65</gpxtpx:atemp>
          </gpxtpx:TrackPointExtension>
        </extensions>
      </trkpt>
      <trkpt lat="30.741420" lon="34.927512">
        <ele>367.1</ele>
        <time>2026-03-17T06:22:05.000Z</time>
        <extensions>
          <gpxtpx:TrackPointExtension>
            <gpxtpx:hr>137</gpxtpx:hr>
            <gpxtpx:cad>0</gpxtpx:cad>
            <gpxtpx:atemp>303.65</gpxtpx:atemp>
          </gpxtpx:TrackPointExtension>
        </extensions>
      </trkpt>
      <trkpt lat="30.741303" lon="34.927574">
        <ele>365.3</ele>
        <time>2026-03-17T06:22:12.000Z</time>
        <extensions>
          <gpxtpx:TrackPointExtension>
            <gpxtpx:hr>139</gpxtpx:hr>
            <gpxtpx:cad>75</gpxtpx:cad>
            <gpxtpx:atemp>303.65</gpxtpx:atemp>
          </gpxtpx:TrackPointExtension>
        </extensions>
      </trkpt>
      <trkpt lat="30.741256" lon="34.927640">
        <ele>364.0</ele>
        <time>2026-03-17T06:22:16.000Z</time>
        <extensions>
          <gpxtpx:TrackPointExtension>
            <gpxtpx:hr>142</gpxtpx:hr>
            <gpxtpx:cad>75</gpxtpx:cad>
            <gpxtpx:atemp>303.65</gpxtpx:atemp>
          </gpxtpx:TrackPointExtension>
        </extensions>
      </trkpt>
      <trkpt lat="30.741249" lon="34.927726">
        <ele>363.4</ele>
        <time>2026-03-17T06:22:20.000Z</time>
        <extensions>
          <gpxtpx:TrackPointExtension>
            <gpxtpx:hr>144</gpxtpx:hr>
            <gpxtpx:cad>73</gpxtpx:cad>
            <gpxtpx:atemp>303.65</gpxtpx:atemp>
          </gpxtpx:TrackPointExtension>
        </extensions>
      </trkpt>
      <trkpt lat="30.741201" lon="34.927877">
        <ele>362.3</ele>
        <time>2026-03-17T06:22:28.000Z</time>
        <extensions>
          <gpxtpx:TrackPointExtension>
            <gpxtpx:hr>150</gpxtpx:hr>
            <gpxtpx:cad>75</gpxtpx:cad>
            <gpxtpx:atemp>302.65</gpxtpx:atemp>
          </gpxtpx:TrackPointExtension>
        </extensions>
      </trkpt>
      <trkpt lat="30.741137" lon="34.928013">
        <ele>361.3</ele>
        <time>2026-03-17T06:22:36.000Z</time>
        <extensions>
          <gpxtpx:TrackPointExtension>
            <gpxtpx:hr>152</gpxtpx:hr>
            <gpxtpx:cad>74</gpxtpx:cad>
            <gpxtpx:atemp>302.65</gpxtpx:atemp>
          </gpxtpx:TrackPointExtension>
        </extensions>
      </trkpt>
      <trkpt lat="30.741120" lon="34.928194">
        <ele>360.0</ele>
        <time>2026-03-17T06:22:47.000Z</time>
        <extensions>
          <gpxtpx:TrackPointExtension>
            <gpxtpx:hr>154</gpxtpx:hr>
            <gpxtpx:cad>57</gpxtpx:cad>
            <gpxtpx:atemp>302.65</gpxtpx:atemp>
          </gpxtpx:TrackPointExtension>
        </extensions>
      </trkpt>
      <trkpt lat="30.741132" lon="34.928270">
        <ele>359.5</ele>
        <time>2026-03-17T06:22:52.000Z</time>
        <extensions>
          <gpxtpx:TrackPointExtension>
            <gpxtpx:hr>151</gpxtpx:hr>
            <gpxtpx:cad>66</gpxtpx:cad>
            <gpxtpx:atemp>302.65</gpxtpx:atemp>
          </gpxtpx:TrackPointExtension>
        </extensions>
      </trkpt>
      <trkpt lat="30.741194" lon="34.928466">
        <ele>358.0</ele>
        <time>2026-03-17T06:23:02.000Z</time>
        <extensions>
          <gpxtpx:TrackPointExtension>
            <gpxtpx:hr>151</gpxtpx:hr>
            <gpxtpx:cad>72</gpxtpx:cad>
            <gpxtpx:atemp>302.65</gpxtpx:atemp>
          </gpxtpx:TrackPointExtension>
        </extensions>
      </trkpt>
      <trkpt lat="30.741205" lon="34.928520">
        <ele>357.7</ele>
        <time>2026-03-17T06:23:06.000Z</time>
        <extensions>
          <gpxtpx:TrackPointExtension>
            <gpxtpx:hr>151</gpxtpx:hr>
            <gpxtpx:cad>74</gpxtpx:cad>
            <gpxtpx:atemp>302.65</gpxtpx:atemp>
          </gpxtpx:TrackPointExtension>
        </extensions>
      </trkpt>
      <trkpt lat="30.741139" lon="34.928637">
        <ele>356.8</ele>
        <time>2026-03-17T06:23:12.000Z</time>
        <extensions>
          <gpxtpx:TrackPointExtension>
            <gpxtpx:hr>151</gpxtpx:hr>
            <gpxtpx:cad>83</gpxtpx:cad>
            <gpxtpx:atemp>302.65</gpxtpx:atemp>
          </gpxtpx:TrackPointExtension>
        </extensions>
      </trkpt>
      <trkpt lat="30.741096" lon="34.928732">
        <ele>356.1</ele>
        <time>2026-03-17T06:23:17.000Z</time>
        <extensions>
          <gpxtpx:TrackPointExtension>
            <gpxtpx:hr>152</gpxtpx:hr>
            <gpxtpx:cad>83</gpxtpx:cad>
            <gpxtpx:atemp>302.65</gpxtpx:atemp>
          </gpxtpx:TrackPointExtension>
        </extensions>
      </trkpt>
      <trkpt lat="30.741089" lon="34.928853">
        <ele>355.3</ele>
        <time>2026-03-17T06:23:23.000Z</time>
        <extensions>
          <gpxtpx:TrackPointExtension>
            <gpxtpx:hr>151</gpxtpx:hr>
            <gpxtpx:cad>74</gpxtpx:cad>
            <gpxtpx:atemp>302.65</gpxtpx:atemp>
          </gpxtpx:TrackPointExtension>
        </extensions>
      </trkpt>
      <trkpt lat="30.741094" lon="34.928973">
        <ele>354.4</ele>
        <time>2026-03-17T06:23:30.000Z</time>
        <extensions>
          <gpxtpx:TrackPointExtension>
            <gpxtpx:hr>152</gpxtpx:hr>
            <gpxtpx:cad>74</gpxtpx:cad>
            <gpxtpx:atemp>302.65</gpxtpx:atemp>
          </gpxtpx:TrackPointExtension>
        </extensions>
      </trkpt>
      <trkpt lat="30.741113" lon="34.929121">
        <ele>353.8</ele>
        <time>2026-03-17T06:23:39.000Z</time>
        <extensions>
          <gpxtpx:TrackPointExtension>
            <gpxtpx:hr>152</gpxtpx:hr>
            <gpxtpx:cad>72</gpxtpx:cad>
            <gpxtpx:atemp>302.65</gpxtpx:atemp>
          </gpxtpx:TrackPointExtension>
        </extensions>
      </trkpt>
      <trkpt lat="30.741083" lon="34.929265">
        <ele>353.5</ele>
        <time>2026-03-17T06:23:47.000Z</time>
        <extensions>
          <gpxtpx:TrackPointExtension>
            <gpxtpx:hr>159</gpxtpx:hr>
            <gpxtpx:cad>72</gpxtpx:cad>
            <gpxtpx:atemp>302.65</gpxtpx:atemp>
          </gpxtpx:TrackPointExtension>
        </extensions>
      </trkpt>
      <trkpt lat="30.741025" lon="34.929335">
        <ele>353.1</ele>
        <time>2026-03-17T06:23:52.000Z</time>
        <extensions>
          <gpxtpx:TrackPointExtension>
            <gpxtpx:hr>160</gpxtpx:hr>
            <gpxtpx:cad>72</gpxtpx:cad>
            <gpxtpx:atemp>302.65</gpxtpx:atemp>
          </gpxtpx:TrackPointExtension>
        </extensions>
      </trkpt>
      <trkpt lat="30.740970" lon="34.929356">
        <ele>352.8</ele>
        <time>2026-03-17T06:23:55.000Z</time>
        <extensions>
          <gpxtpx:TrackPointExtension>
            <gpxtpx:hr>161</gpxtpx:hr>
            <gpxtpx:cad>72</gpxtpx:cad>
            <gpxtpx:atemp>302.65</gpxtpx:atemp>
          </gpxtpx:TrackPointExtension>
        </extensions>
      </trkpt>
      <trkpt lat="30.740891" lon="34.929419">
        <ele>353.1</ele>
        <time>2026-03-17T06:24:00.000Z</time>
        <extensions>
          <gpxtpx:TrackPointExtension>
            <gpxtpx:hr>163</gpxtpx:hr>
            <gpxtpx:cad>75</gpxtpx:cad>
            <gpxtpx:atemp>302.65</gpxtpx:atemp>
          </gpxtpx:TrackPointExtension>
        </extensions>
      </trkpt>
      <trkpt lat="30.740781" lon="34.929521">
        <ele>353.1</ele>
        <time>2026-03-17T06:24:08.000Z</time>
        <extensions>
          <gpxtpx:TrackPointExtension>
            <gpxtpx:hr>163</gpxtpx:hr>
            <gpxtpx:cad>75</gpxtpx:cad>
            <gpxtpx:atemp>302.65</gpxtpx:atemp>
          </gpxtpx:TrackPointExtension>
        </extensions>
      </trkpt>
      <trkpt lat="30.740718" lon="34.929679">
        <ele>352.6</ele>
        <time>2026-03-17T06:24:16.000Z</time>
        <extensions>
          <gpxtpx:TrackPointExtension>
            <gpxtpx:hr>161</gpxtpx:hr>
            <gpxtpx:cad>72</gpxtpx:cad>
            <gpxtpx:atemp>302.65</gpxtpx:atemp>
          </gpxtpx:TrackPointExtension>
        </extensions>
      </trkpt>
      <trkpt lat="30.740640" lon="34.929750">
        <ele>352.8</ele>
        <time>2026-03-17T06:24:21.000Z</time>
        <extensions>
          <gpxtpx:TrackPointExtension>
            <gpxtpx:hr>162</gpxtpx:hr>
            <gpxtpx:cad>77</gpxtpx:cad>
            <gpxtpx:atemp>302.65</gpxtpx:atemp>
          </gpxtpx:TrackPointExtension>
        </extensions>
      </trkpt>
      <trkpt lat="30.740490" lon="34.929832">
        <ele>353.6</ele>
        <time>2026-03-17T06:24:33.000Z</time>
        <extensions>
          <gpxtpx:TrackPointExtension>
            <gpxtpx:hr>161</gpxtpx:hr>
            <gpxtpx:cad>71</gpxtpx:cad>
            <gpxtpx:atemp>302.65</gpxtpx:atemp>
          </gpxtpx:TrackPointExtension>
        </extensions>
      </trkpt>
      <trkpt lat="30.740308" lon="34.929922">
        <ele>354.3</ele>
        <time>2026-03-17T06:24:43.000Z</time>
        <extensions>
          <gpxtpx:TrackPointExtension>
            <gpxtpx:hr>161</gpxtpx:hr>
            <gpxtpx:cad>76</gpxtpx:cad>
            <gpxtpx:atemp>302.65</gpxtpx:atemp>
          </gpxtpx:TrackPointExtension>
        </extensions>
      </trkpt>
      <trkpt lat="30.740248" lon="34.929996">
        <ele>354.4</ele>
        <time>2026-03-17T06:24:47.000Z</time>
        <extensions>
          <gpxtpx:TrackPointExtension>
            <gpxtpx:hr>162</gpxtpx:hr>
            <gpxtpx:cad>76</gpxtpx:cad>
            <gpxtpx:atemp>302.65</gpxtpx:atemp>
          </gpxtpx:TrackPointExtension>
        </extensions>
      </trkpt>
      <trkpt lat="30.740186" lon="34.929988">
        <ele>354.8</ele>
        <time>2026-03-17T06:24:51.000Z</time>
        <extensions>
          <gpxtpx:TrackPointExtension>
            <gpxtpx:hr>162</gpxtpx:hr>
            <gpxtpx:cad>76</gpxtpx:cad>
            <gpxtpx:atemp>302.65</gpxtpx:atemp>
          </gpxtpx:TrackPointExtension>
        </extensions>
      </trkpt>
      <trkpt lat="30.740109" lon="34.930000">
        <ele>355.1</ele>
        <time>2026-03-17T06:24:55.000Z</time>
        <extensions>
          <gpxtpx:TrackPointExtension>
            <gpxtpx:hr>161</gpxtpx:hr>
            <gpxtpx:cad>74</gpxtpx:cad>
            <gpxtpx:atemp>302.65</gpxtpx:atemp>
          </gpxtpx:TrackPointExtension>
        </extensions>
      </trkpt>
      <trkpt lat="30.740022" lon="34.930041">
        <ele>355.4</ele>
        <time>2026-03-17T06:25:00.000Z</time>
        <extensions>
          <gpxtpx:TrackPointExtension>
            <gpxtpx:hr>160</gpxtpx:hr>
            <gpxtpx:cad>74</gpxtpx:cad>
            <gpxtpx:atemp>302.65</gpxtpx:atemp>
          </gpxtpx:TrackPointExtension>
        </extensions>
      </trkpt>
      <trkpt lat="30.739928" lon="34.930098">
        <ele>355.8</ele>
        <time>2026-03-17T06:25:05.000Z</time>
        <extensions>
          <gpxtpx:TrackPointExtension>
            <gpxtpx:hr>159</gpxtpx:hr>
            <gpxtpx:cad>75</gpxtpx:cad>
            <gpxtpx:atemp>302.65</gpxtpx:atemp>
          </gpxtpx:TrackPointExtension>
        </extensions>
      </trkpt>
      <trkpt lat="30.739802" lon="34.930089">
        <ele>356.2</ele>
        <time>2026-03-17T06:25:11.000Z</time>
        <extensions>
          <gpxtpx:TrackPointExtension>
            <gpxtpx:hr>159</gpxtpx:hr>
            <gpxtpx:cad>76</gpxtpx:cad>
            <gpxtpx:atemp>302.65</gpxtpx:atemp>
          </gpxtpx:TrackPointExtension>
        </extensions>
      </trkpt>
      <trkpt lat="30.739735" lon="34.930055">
        <ele>356.3</ele>
        <time>2026-03-17T06:25:14.000Z</time>
        <extensions>
          <gpxtpx:TrackPointExtension>
            <gpxtpx:hr>159</gpxtpx:hr>
            <gpxtpx:cad>77</gpxtpx:cad>
            <gpxtpx:atemp>302.65</gpxtpx:atemp>
          </gpxtpx:TrackPointExtension>
        </extensions>
      </trkpt>
      <trkpt lat="30.739664" lon="34.929994">
        <ele>356.3</ele>
        <time>2026-03-17T06:25:18.000Z</time>
        <extensions>
          <gpxtpx:TrackPointExtension>
            <gpxtpx:hr>159</gpxtpx:hr>
            <gpxtpx:cad>79</gpxtpx:cad>
            <gpxtpx:atemp>302.65</gpxtpx:atemp>
          </gpxtpx:TrackPointExtension>
        </extensions>
      </trkpt>
      <trkpt lat="30.739632" lon="34.929928">
        <ele>356.2</ele>
        <time>2026-03-17T06:25:21.000Z</time>
        <extensions>
          <gpxtpx:TrackPointExtension>
            <gpxtpx:hr>158</gpxtpx:hr>
            <gpxtpx:cad>78</gpxtpx:cad>
            <gpxtpx:atemp>302.65</gpxtpx:atemp>
          </gpxtpx:TrackPointExtension>
        </extensions>
      </trkpt>
      <trkpt lat="30.739574" lon="34.929883">
        <ele>356.1</ele>
        <time>2026-03-17T06:25:24.000Z</time>
        <extensions>
          <gpxtpx:TrackPointExtension>
            <gpxtpx:hr>156</gpxtpx:hr>
            <gpxtpx:cad>77</gpxtpx:cad>
            <gpxtpx:atemp>302.65</gpxtpx:atemp>
          </gpxtpx:TrackPointExtension>
        </extensions>
      </trkpt>
      <trkpt lat="30.739499" lon="34.929759">
        <ele>356.4</ele>
        <time>2026-03-17T06:25:30.000Z</time>
        <extensions>
          <gpxtpx:TrackPointExtension>
            <gpxtpx:hr>155</gpxtpx:hr>
            <gpxtpx:cad>79</gpxtpx:cad>
            <gpxtpx:atemp>302.65</gpxtpx:atemp>
          </gpxtpx:TrackPointExtension>
        </extensions>
      </trkpt>
      <trkpt lat="30.739383" lon="34.929513">
        <ele>357.4</ele>
        <time>2026-03-17T06:25:41.000Z</time>
        <extensions>
          <gpxtpx:TrackPointExtension>
            <gpxtpx:hr>157</gpxtpx:hr>
            <gpxtpx:cad>78</gpxtpx:cad>
            <gpxtpx:atemp>302.65</gpxtpx:atemp>
          </gpxtpx:TrackPointExtension>
        </extensions>
      </trkpt>
      <trkpt lat="30.739317" lon="34.929416">
        <ele>357.7</ele>
        <time>2026-03-17T06:25:46.000Z</time>
        <extensions>
          <gpxtpx:TrackPointExtension>
            <gpxtpx:hr>158</gpxtpx:hr>
            <gpxtpx:cad>78</gpxtpx:cad>
            <gpxtpx:atemp>302.65</gpxtpx:atemp>
          </gpxtpx:TrackPointExtension>
        </extensions>
      </trkpt>
      <trkpt lat="30.739232" lon="34.929375">
        <ele>357.5</ele>
        <time>2026-03-17T06:25:53.000Z</time>
        <extensions>
          <gpxtpx:TrackPointExtension>
            <gpxtpx:hr>160</gpxtpx:hr>
            <gpxtpx:cad>77</gpxtpx:cad>
            <gpxtpx:atemp>302.65</gpxtpx:atemp>
          </gpxtpx:TrackPointExtension>
        </extensions>
      </trkpt>
      <trkpt lat="30.739169" lon="34.929309">
        <ele>357.5</ele>
        <time>2026-03-17T06:25:58.000Z</time>
        <extensions>
          <gpxtpx:TrackPointExtension>
            <gpxtpx:hr>161</gpxtpx:hr>
            <gpxtpx:cad>76</gpxtpx:cad>
            <gpxtpx:atemp>302.65</gpxtpx:atemp>
          </gpxtpx:TrackPointExtension>
        </extensions>
      </trkpt>
      <trkpt lat="30.739086" lon="34.929139">
        <ele>359.0</ele>
        <time>2026-03-17T06:26:07.000Z</time>
        <extensions>
          <gpxtpx:TrackPointExtension>
            <gpxtpx:hr>161</gpxtpx:hr>
            <gpxtpx:cad>75</gpxtpx:cad>
            <gpxtpx:atemp>302.65</gpxtpx:atemp>
          </gpxtpx:TrackPointExtension>
        </extensions>
      </trkpt>
      <trkpt lat="30.739015" lon="34.929060">
        <ele>359.6</ele>
        <time>2026-03-17T06:26:12.000Z</time>
        <extensions>
          <gpxtpx:TrackPointExtension>
            <gpxtpx:hr>163</gpxtpx:hr>
            <gpxtpx:cad>75</gpxtpx:cad>
            <gpxtpx:atemp>302.65</gpxtpx:atemp>
          </gpxtpx:TrackPointExtension>
        </extensions>
      </trkpt>
      <trkpt lat="30.738930" lon="34.929001">
        <ele>359.5</ele>
        <time>2026-03-17T06:26:17.000Z</time>
        <extensions>
          <gpxtpx:TrackPointExtension>
            <gpxtpx:hr>164</gpxtpx:hr>
            <gpxtpx:cad>77</gpxtpx:cad>
            <gpxtpx:atemp>302.65</gpxtpx:atemp>
          </gpxtpx:TrackPointExtension>
        </extensions>
      </trkpt>
      <trkpt lat="30.738858" lon="34.928943">
        <ele>359.6</ele>
        <time>2026-03-17T06:26:22.000Z</time>
        <extensions>
          <gpxtpx:TrackPointExtension>
            <gpxtpx:hr>164</gpxtpx:hr>
            <gpxtpx:cad>75</gpxtpx:cad>
            <gpxtpx:atemp>302.65</gpxtpx:atemp>
          </gpxtpx:TrackPointExtension>
        </extensions>
      </trkpt>
      <trkpt lat="30.738743" lon="34.928849">
        <ele>359.9</ele>
        <time>2026-03-17T06:26:29.000Z</time>
        <extensions>
          <gpxtpx:TrackPointExtension>
            <gpxtpx:hr>164</gpxtpx:hr>
            <gpxtpx:cad>77</gpxtpx:cad>
            <gpxtpx:atemp>302.65</gpxtpx:atemp>
          </gpxtpx:TrackPointExtension>
        </extensions>
      </trkpt>
      <trkpt lat="30.738616" lon="34.928766">
        <ele>359.9</ele>
        <time>2026-03-17T06:26:37.000Z</time>
        <extensions>
          <gpxtpx:TrackPointExtension>
            <gpxtpx:hr>163</gpxtpx:hr>
            <gpxtpx:cad>77</gpxtpx:cad>
            <gpxtpx:atemp>302.65</gpxtpx:atemp>
          </gpxtpx:TrackPointExtension>
        </extensions>
      </trkpt>
      <trkpt lat="30.738557" lon="34.928703">
        <ele>360.0</ele>
        <time>2026-03-17T06:26:41.000Z</time>
        <extensions>
          <gpxtpx:TrackPointExtension>
            <gpxtpx:hr>164</gpxtpx:hr>
            <gpxtpx:cad>77</gpxtpx:cad>
            <gpxtpx:atemp>302.65</gpxtpx:atemp>
          </gpxtpx:TrackPointExtension>
        </extensions>
      </trkpt>
      <trkpt lat="30.738493" lon="34.928586">
        <ele>360.3</ele>
        <time>2026-03-17T06:26:47.000Z</time>
        <extensions>
          <gpxtpx:TrackPointExtension>
            <gpxtpx:hr>163</gpxtpx:hr>
            <gpxtpx:cad>78</gpxtpx:cad>
            <gpxtpx:atemp>302.65</gpxtpx:atemp>
          </gpxtpx:TrackPointExtension>
        </extensions>
      </trkpt>
      <trkpt lat="30.738396" lon="34.928503">
        <ele>360.2</ele>
        <time>2026-03-17T06:26:53.000Z</time>
        <extensions>
          <gpxtpx:TrackPointExtension>
            <gpxtpx:hr>163</gpxtpx:hr>
            <gpxtpx:cad>76</gpxtpx:cad>
            <gpxtpx:atemp>302.65</gpxtpx:atemp>
          </gpxtpx:TrackPointExtension>
        </extensions>
      </trkpt>
      <trkpt lat="30.738215" lon="34.928247">
        <ele>360.0</ele>
        <time>2026-03-17T06:27:07.000Z</time>
        <extensions>
          <gpxtpx:TrackPointExtension>
            <gpxtpx:hr>165</gpxtpx:hr>
            <gpxtpx:cad>77</gpxtpx:cad>
            <gpxtpx:atemp>302.65</gpxtpx:atemp>
          </gpxtpx:TrackPointExtension>
        </extensions>
      </trkpt>
      <trkpt lat="30.738098" lon="34.928118">
        <ele>358.8</ele>
        <time>2026-03-17T06:27:19.000Z</time>
        <extensions>
          <gpxtpx:TrackPointExtension>
            <gpxtpx:hr>166</gpxtpx:hr>
            <gpxtpx:cad>59</gpxtpx:cad>
            <gpxtpx:atemp>302.65</gpxtpx:atemp>
          </gpxtpx:TrackPointExtension>
        </extensions>
      </trkpt>
      <trkpt lat="30.738014" lon="34.928004">
        <ele>357.6</ele>
        <time>2026-03-17T06:27:29.000Z</time>
        <extensions>
          <gpxtpx:TrackPointExtension>
            <gpxtpx:hr>162</gpxtpx:hr>
            <gpxtpx:cad>57</gpxtpx:cad>
            <gpxtpx:atemp>302.65</gpxtpx:atemp>
          </gpxtpx:TrackPointExtension>
        </extensions>
      </trkpt>
      <trkpt lat="30.737948" lon="34.927937">
        <ele>356.6</ele>
        <time>2026-03-17T06:27:36.000Z</time>
        <extensions>
          <gpxtpx:TrackPointExtension>
            <gpxtpx:hr>159</gpxtpx:hr>
            <gpxtpx:cad>57</gpxtpx:cad>
            <gpxtpx:atemp>303.65</gpxtpx:atemp>
          </gpxtpx:TrackPointExtension>
        </extensions>
      </trkpt>
      <trkpt lat="30.737833" lon="34.927756">
        <ele>354.9</ele>
        <time>2026-03-17T06:27:51.000Z</time>
        <extensions>
          <gpxtpx:TrackPointExtension>
            <gpxtpx:hr>153</gpxtpx:hr>
            <gpxtpx:cad>57</gpxtpx:cad>
            <gpxtpx:atemp>303.65</gpxtpx:atemp>
          </gpxtpx:TrackPointExtension>
        </extensions>
      </trkpt>
      <trkpt lat="30.737807" lon="34.927744">
        <ele>354.6</ele>
        <time>2026-03-17T06:27:53.000Z</time>
        <extensions>
          <gpxtpx:TrackPointExtension>
            <gpxtpx:hr>152</gpxtpx:hr>
            <gpxtpx:cad>56</gpxtpx:cad>
            <gpxtpx:atemp>303.65</gpxtpx:atemp>
          </gpxtpx:TrackPointExtension>
        </extensions>
      </trkpt>
      <trkpt lat="30.737740" lon="34.927637">
        <ele>353.5</ele>
        <time>2026-03-17T06:28:01.000Z</time>
        <extensions>
          <gpxtpx:TrackPointExtension>
            <gpxtpx:hr>150</gpxtpx:hr>
            <gpxtpx:cad>56</gpxtpx:cad>
            <gpxtpx:atemp>303.65</gpxtpx:atemp>
          </gpxtpx:TrackPointExtension>
        </extensions>
      </trkpt>
      <trkpt lat="30.737719" lon="34.927556">
        <ele>353.0</ele>
        <time>2026-03-17T06:28:05.000Z</time>
        <extensions>
          <gpxtpx:TrackPointExtension>
            <gpxtpx:hr>149</gpxtpx:hr>
            <gpxtpx:cad>56</gpxtpx:cad>
            <gpxtpx:atemp>303.65</gpxtpx:atemp>
          </gpxtpx:TrackPointExtension>
        </extensions>
      </trkpt>
      <trkpt lat="30.737613" lon="34.927294">
        <ele>350.8</ele>
        <time>2026-03-17T06:28:17.000Z</time>
        <extensions>
          <gpxtpx:TrackPointExtension>
            <gpxtpx:hr>147</gpxtpx:hr>
            <gpxtpx:cad>77</gpxtpx:cad>
            <gpxtpx:atemp>303.65</gpxtpx:atemp>
          </gpxtpx:TrackPointExtension>
        </extensions>
      </trkpt>
      <trkpt lat="30.737567" lon="34.927160">
        <ele>350.5</ele>
        <time>2026-03-17T06:28:23.000Z</time>
        <extensions>
          <gpxtpx:TrackPointExtension>
            <gpxtpx:hr>143</gpxtpx:hr>
            <gpxtpx:cad>77</gpxtpx:cad>
            <gpxtpx:atemp>303.65</gpxtpx:atemp>
          </gpxtpx:TrackPointExtension>
        </extensions>
      </trkpt>
      <trkpt lat="30.737510" lon="34.927010">
        <ele>350.3</ele>
        <time>2026-03-17T06:28:32.000Z</time>
        <extensions>
          <gpxtpx:TrackPointExtension>
            <gpxtpx:hr>143</gpxtpx:hr>
            <gpxtpx:cad>75</gpxtpx:cad>
            <gpxtpx:atemp>303.65</gpxtpx:atemp>
          </gpxtpx:TrackPointExtension>
        </extensions>
      </trkpt>
      <trkpt lat="30.737418" lon="34.926974">
        <ele>349.8</ele>
        <time>2026-03-17T06:28:41.000Z</time>
        <extensions>
          <gpxtpx:TrackPointExtension>
            <gpxtpx:hr>143</gpxtpx:hr>
            <gpxtpx:cad>67</gpxtpx:cad>
            <gpxtpx:atemp>303.65</gpxtpx:atemp>
          </gpxtpx:TrackPointExtension>
        </extensions>
      </trkpt>
      <trkpt lat="30.737363" lon="34.926852">
        <ele>349.8</ele>
        <time>2026-03-17T06:28:50.000Z</time>
        <extensions>
          <gpxtpx:TrackPointExtension>
            <gpxtpx:hr>143</gpxtpx:hr>
            <gpxtpx:cad>76</gpxtpx:cad>
            <gpxtpx:atemp>303.65</gpxtpx:atemp>
          </gpxtpx:TrackPointExtension>
        </extensions>
      </trkpt>
      <trkpt lat="30.737267" lon="34.926916">
        <ele>350.3</ele>
        <time>2026-03-17T06:29:25.000Z</time>
        <extensions>
          <gpxtpx:TrackPointExtension>
            <gpxtpx:hr>140</gpxtpx:hr>
            <gpxtpx:cad>0</gpxtpx:cad>
            <gpxtpx:atemp>303.65</gpxtpx:atemp>
          </gpxtpx:TrackPointExtension>
        </extensions>
      </trkpt>
      <trkpt lat="30.737285" lon="34.926840">
        <ele>350.4</ele>
        <time>2026-03-17T06:29:32.000Z</time>
        <extensions>
          <gpxtpx:TrackPointExtension>
            <gpxtpx:hr>145</gpxtpx:hr>
            <gpxtpx:cad>0</gpxtpx:cad>
            <gpxtpx:atemp>303.65</gpxtpx:atemp>
          </gpxtpx:TrackPointExtension>
        </extensions>
      </trkpt>
      <trkpt lat="30.737249" lon="34.926762">
        <ele>351.0</ele>
        <time>2026-03-17T06:29:38.000Z</time>
        <extensions>
          <gpxtpx:TrackPointExtension>
            <gpxtpx:hr>144</gpxtpx:hr>
            <gpxtpx:cad>62</gpxtpx:cad>
            <gpxtpx:atemp>303.65</gpxtpx:atemp>
          </gpxtpx:TrackPointExtension>
        </extensions>
      </trkpt>
      <trkpt lat="30.737234" lon="34.926649">
        <ele>351.7</ele>
        <time>2026-03-17T06:29:48.000Z</time>
        <extensions>
          <gpxtpx:TrackPointExtension>
            <gpxtpx:hr>141</gpxtpx:hr>
            <gpxtpx:cad>56</gpxtpx:cad>
            <gpxtpx:atemp>304.65</gpxtpx:atemp>
          </gpxtpx:TrackPointExtension>
        </extensions>
      </trkpt>
      <trkpt lat="30.737245" lon="34.926606">
        <ele>351.9</ele>
        <time>2026-03-17T06:29:51.000Z</time>
        <extensions>
          <gpxtpx:TrackPointExtension>
            <gpxtpx:hr>135</gpxtpx:hr>
            <gpxtpx:cad>56</gpxtpx:cad>
            <gpxtpx:atemp>304.65</gpxtpx:atemp>
          </gpxtpx:TrackPointExtension>
        </extensions>
      </trkpt>
      <trkpt lat="30.737306" lon="34.926492">
        <ele>352.0</ele>
        <time>2026-03-17T06:30:01.000Z</time>
        <extensions>
          <gpxtpx:TrackPointExtension>
            <gpxtpx:hr>130</gpxtpx:hr>
            <gpxtpx:cad>51</gpxtpx:cad>
            <gpxtpx:atemp>304.65</gpxtpx:atemp>
          </gpxtpx:TrackPointExtension>
        </extensions>
      </trkpt>
      <trkpt lat="30.737369" lon="34.926379">
        <ele>352.6</ele>
        <time>2026-03-17T06:30:14.000Z</time>
        <extensions>
          <gpxtpx:TrackPointExtension>
            <gpxtpx:hr>133</gpxtpx:hr>
            <gpxtpx:cad>51</gpxtpx:cad>
            <gpxtpx:atemp>304.65</gpxtpx:atemp>
          </gpxtpx:TrackPointExtension>
        </extensions>
      </trkpt>
      <trkpt lat="30.737427" lon="34.926335">
        <ele>353.4</ele>
        <time>2026-03-17T06:30:21.000Z</time>
        <extensions>
          <gpxtpx:TrackPointExtension>
            <gpxtpx:hr>128</gpxtpx:hr>
            <gpxtpx:cad>51</gpxtpx:cad>
            <gpxtpx:atemp>304.65</gpxtpx:atemp>
          </gpxtpx:TrackPointExtension>
        </extensions>
      </trkpt>
      <trkpt lat="30.737498" lon="34.926253">
        <ele>354.5</ele>
        <time>2026-03-17T06:30:38.000Z</time>
        <extensions>
          <gpxtpx:TrackPointExtension>
            <gpxtpx:hr>125</gpxtpx:hr>
            <gpxtpx:cad>0</gpxtpx:cad>
            <gpxtpx:atemp>304.65</gpxtpx:atemp>
          </gpxtpx:TrackPointExtension>
        </extensions>
      </trkpt>
      <trkpt lat="30.737457" lon="34.926226">
        <ele>354.6</ele>
        <time>2026-03-17T06:30:52.000Z</time>
        <extensions>
          <gpxtpx:TrackPointExtension>
            <gpxtpx:hr>128</gpxtpx:hr>
            <gpxtpx:cad>0</gpxtpx:cad>
            <gpxtpx:atemp>304.65</gpxtpx:atemp>
          </gpxtpx:TrackPointExtension>
        </extensions>
      </trkpt>
      <trkpt lat="30.737367" lon="34.926166">
        <ele>354.6</ele>
        <time>2026-03-17T06:31:04.000Z</time>
        <extensions>
          <gpxtpx:TrackPointExtension>
            <gpxtpx:hr>128</gpxtpx:hr>
            <gpxtpx:cad>0</gpxtpx:cad>
            <gpxtpx:atemp>304.65</gpxtpx:atemp>
          </gpxtpx:TrackPointExtension>
        </extensions>
      </trkpt>
      <trkpt lat="30.737304" lon="34.926107">
        <ele>355.5</ele>
        <time>2026-03-17T06:31:13.000Z</time>
        <extensions>
          <gpxtpx:TrackPointExtension>
            <gpxtpx:hr>125</gpxtpx:hr>
            <gpxtpx:cad>49</gpxtpx:cad>
            <gpxtpx:atemp>304.65</gpxtpx:atemp>
          </gpxtpx:TrackPointExtension>
        </extensions>
      </trkpt>
      <trkpt lat="30.737317" lon="34.925980">
        <ele>356.4</ele>
        <time>2026-03-17T06:31:20.000Z</time>
        <extensions>
          <gpxtpx:TrackPointExtension>
            <gpxtpx:hr>130</gpxtpx:hr>
            <gpxtpx:cad>52</gpxtpx:cad>
            <gpxtpx:atemp>304.65</gpxtpx:atemp>
          </gpxtpx:TrackPointExtension>
        </extensions>
      </trkpt>
      <trkpt lat="30.737309" lon="34.925922">
        <ele>357.1</ele>
        <time>2026-03-17T06:31:23.000Z</time>
        <extensions>
          <gpxtpx:TrackPointExtension>
            <gpxtpx:hr>135</gpxtpx:hr>
            <gpxtpx:cad>73</gpxtpx:cad>
            <gpxtpx:atemp>304.65</gpxtpx:atemp>
          </gpxtpx:TrackPointExtension>
        </extensions>
      </trkpt>
      <trkpt lat="30.737253" lon="34.925819">
        <ele>358.6</ele>
        <time>2026-03-17T06:31:29.000Z</time>
        <extensions>
          <gpxtpx:TrackPointExtension>
            <gpxtpx:hr>142</gpxtpx:hr>
            <gpxtpx:cad>72</gpxtpx:cad>
            <gpxtpx:atemp>304.65</gpxtpx:atemp>
          </gpxtpx:TrackPointExtension>
        </extensions>
      </trkpt>
      <trkpt lat="30.737220" lon="34.925679">
        <ele>360.1</ele>
        <time>2026-03-17T06:31:37.000Z</time>
        <extensions>
          <gpxtpx:TrackPointExtension>
            <gpxtpx:hr>145</gpxtpx:hr>
            <gpxtpx:cad>72</gpxtpx:cad>
            <gpxtpx:atemp>304.65</gpxtpx:atemp>
          </gpxtpx:TrackPointExtension>
        </extensions>
      </trkpt>
      <trkpt lat="30.737170" lon="34.925585">
        <ele>360.9</ele>
        <time>2026-03-17T06:31:46.000Z</time>
        <extensions>
          <gpxtpx:TrackPointExtension>
            <gpxtpx:hr>148</gpxtpx:hr>
            <gpxtpx:cad>71</gpxtpx:cad>
            <gpxtpx:atemp>304.65</gpxtpx:atemp>
          </gpxtpx:TrackPointExtension>
        </extensions>
      </trkpt>
      <trkpt lat="30.737092" lon="34.925476">
        <ele>361.7</ele>
        <time>2026-03-17T06:31:54.000Z</time>
        <extensions>
          <gpxtpx:TrackPointExtension>
            <gpxtpx:hr>147</gpxtpx:hr>
            <gpxtpx:cad>0</gpxtpx:cad>
            <gpxtpx:atemp>304.65</gpxtpx:atemp>
          </gpxtpx:TrackPointExtension>
        </extensions>
      </trkpt>
      <trkpt lat="30.737036" lon="34.925355">
        <ele>362.5</ele>
        <time>2026-03-17T06:32:03.000Z</time>
        <extensions>
          <gpxtpx:TrackPointExtension>
            <gpxtpx:hr>147</gpxtpx:hr>
            <gpxtpx:cad>56</gpxtpx:cad>
            <gpxtpx:atemp>304.65</gpxtpx:atemp>
          </gpxtpx:TrackPointExtension>
        </extensions>
      </trkpt>
      <trkpt lat="30.736973" lon="34.925286">
        <ele>363.0</ele>
        <time>2026-03-17T06:32:09.000Z</time>
        <extensions>
          <gpxtpx:TrackPointExtension>
            <gpxtpx:hr>146</gpxtpx:hr>
            <gpxtpx:cad>72</gpxtpx:cad>
            <gpxtpx:atemp>304.65</gpxtpx:atemp>
          </gpxtpx:TrackPointExtension>
        </extensions>
      </trkpt>
      <trkpt lat="30.736904" lon="34.925239">
        <ele>363.5</ele>
        <time>2026-03-17T06:32:15.000Z</time>
        <extensions>
          <gpxtpx:TrackPointExtension>
            <gpxtpx:hr>147</gpxtpx:hr>
            <gpxtpx:cad>66</gpxtpx:cad>
            <gpxtpx:atemp>304.65</gpxtpx:atemp>
          </gpxtpx:TrackPointExtension>
        </extensions>
      </trkpt>
      <trkpt lat="30.736844" lon="34.925195">
        <ele>363.9</ele>
        <time>2026-03-17T06:32:21.000Z</time>
        <extensions>
          <gpxtpx:TrackPointExtension>
            <gpxtpx:hr>150</gpxtpx:hr>
            <gpxtpx:cad>0</gpxtpx:cad>
            <gpxtpx:atemp>304.65</gpxtpx:atemp>
          </gpxtpx:TrackPointExtension>
        </extensions>
      </trkpt>
      <trkpt lat="30.736750" lon="34.925096">
        <ele>364.5</ele>
        <time>2026-03-17T06:32:31.000Z</time>
        <extensions>
          <gpxtpx:TrackPointExtension>
            <gpxtpx:hr>151</gpxtpx:hr>
            <gpxtpx:cad>71</gpxtpx:cad>
            <gpxtpx:atemp>304.65</gpxtpx:atemp>
          </gpxtpx:TrackPointExtension>
        </extensions>
      </trkpt>
      <trkpt lat="30.736655" lon="34.924960">
        <ele>364.9</ele>
        <time>2026-03-17T06:32:42.000Z</time>
        <extensions>
          <gpxtpx:TrackPointExtension>
            <gpxtpx:hr>152</gpxtpx:hr>
            <gpxtpx:cad>67</gpxtpx:cad>
            <gpxtpx:atemp>304.65</gpxtpx:atemp>
          </gpxtpx:TrackPointExtension>
        </extensions>
      </trkpt>
      <trkpt lat="30.736584" lon="34.924917">
        <ele>365.1</ele>
        <time>2026-03-17T06:32:48.000Z</time>
        <extensions>
          <gpxtpx:TrackPointExtension>
            <gpxtpx:hr>152</gpxtpx:hr>
            <gpxtpx:cad>62</gpxtpx:cad>
            <gpxtpx:atemp>304.65</gpxtpx:atemp>
          </gpxtpx:TrackPointExtension>
        </extensions>
      </trkpt>
      <trkpt lat="30.736538" lon="34.924853">
        <ele>364.9</ele>
        <time>2026-03-17T06:32:55.000Z</time>
        <extensions>
          <gpxtpx:TrackPointExtension>
            <gpxtpx:hr>154</gpxtpx:hr>
            <gpxtpx:cad>70</gpxtpx:cad>
            <gpxtpx:atemp>303.65</gpxtpx:atemp>
          </gpxtpx:TrackPointExtension>
        </extensions>
      </trkpt>
      <trkpt lat="30.736427" lon="34.924731">
        <ele>364.7</ele>
        <time>2026-03-17T06:33:03.000Z</time>
        <extensions>
          <gpxtpx:TrackPointExtension>
            <gpxtpx:hr>155</gpxtpx:hr>
            <gpxtpx:cad>76</gpxtpx:cad>
            <gpxtpx:atemp>303.65</gpxtpx:atemp>
          </gpxtpx:TrackPointExtension>
        </extensions>
      </trkpt>
      <trkpt lat="30.736278" lon="34.924625">
        <ele>364.3</ele>
        <time>2026-03-17T06:33:13.000Z</time>
        <extensions>
          <gpxtpx:TrackPointExtension>
            <gpxtpx:hr>157</gpxtpx:hr>
            <gpxtpx:cad>74</gpxtpx:cad>
            <gpxtpx:atemp>303.65</gpxtpx:atemp>
          </gpxtpx:TrackPointExtension>
        </extensions>
      </trkpt>
      <trkpt lat="30.736185" lon="34.924556">
        <ele>364.1</ele>
        <time>2026-03-17T06:33:22.000Z</time>
        <extensions>
          <gpxtpx:TrackPointExtension>
            <gpxtpx:hr>156</gpxtpx:hr>
            <gpxtpx:cad>75</gpxtpx:cad>
            <gpxtpx:atemp>303.65</gpxtpx:atemp>
          </gpxtpx:TrackPointExtension>
        </extensions>
      </trkpt>
      <trkpt lat="30.736121" lon="34.924528">
        <ele>364.1</ele>
        <time>2026-03-17T06:33:28.000Z</time>
        <extensions>
          <gpxtpx:TrackPointExtension>
            <gpxtpx:hr>153</gpxtpx:hr>
            <gpxtpx:cad>50</gpxtpx:cad>
            <gpxtpx:atemp>303.65</gpxtpx:atemp>
          </gpxtpx:TrackPointExtension>
        </extensions>
      </trkpt>
      <trkpt lat="30.736043" lon="34.924494">
        <ele>364.1</ele>
        <time>2026-03-17T06:33:36.000Z</time>
        <extensions>
          <gpxtpx:TrackPointExtension>
            <gpxtpx:hr>149</gpxtpx:hr>
            <gpxtpx:cad>0</gpxtpx:cad>
            <gpxtpx:atemp>303.65</gpxtpx:atemp>
          </gpxtpx:TrackPointExtension>
        </extensions>
      </trkpt>
      <trkpt lat="30.736015" lon="34.924414">
        <ele>364.1</ele>
        <time>2026-03-17T06:33:41.000Z</time>
        <extensions>
          <gpxtpx:TrackPointExtension>
            <gpxtpx:hr>150</gpxtpx:hr>
            <gpxtpx:cad>0</gpxtpx:cad>
            <gpxtpx:atemp>303.65</gpxtpx:atemp>
          </gpxtpx:TrackPointExtension>
        </extensions>
      </trkpt>
      <trkpt lat="30.735935" lon="34.924354">
        <ele>363.9</ele>
        <time>2026-03-17T06:33:48.000Z</time>
        <extensions>
          <gpxtpx:TrackPointExtension>
            <gpxtpx:hr>150</gpxtpx:hr>
            <gpxtpx:cad>61</gpxtpx:cad>
            <gpxtpx:atemp>303.65</gpxtpx:atemp>
          </gpxtpx:TrackPointExtension>
        </extensions>
      </trkpt>
      <trkpt lat="30.735870" lon="34.924314">
        <ele>363.6</ele>
        <time>2026-03-17T06:33:53.000Z</time>
        <extensions>
          <gpxtpx:TrackPointExtension>
            <gpxtpx:hr>150</gpxtpx:hr>
            <gpxtpx:cad>0</gpxtpx:cad>
            <gpxtpx:atemp>303.65</gpxtpx:atemp>
          </gpxtpx:TrackPointExtension>
        </extensions>
      </trkpt>
      <trkpt lat="30.735750" lon="34.924309">
        <ele>363.2</ele>
        <time>2026-03-17T06:34:02.000Z</time>
        <extensions>
          <gpxtpx:TrackPointExtension>
            <gpxtpx:hr>149</gpxtpx:hr>
            <gpxtpx:cad>62</gpxtpx:cad>
            <gpxtpx:atemp>303.65</gpxtpx:atemp>
          </gpxtpx:TrackPointExtension>
        </extensions>
      </trkpt>
      <trkpt lat="30.735549" lon="34.924353">
        <ele>363.3</ele>
        <time>2026-03-17T06:34:16.000Z</time>
        <extensions>
          <gpxtpx:TrackPointExtension>
            <gpxtpx:hr>152</gpxtpx:hr>
            <gpxtpx:cad>67</gpxtpx:cad>
            <gpxtpx:atemp>304.65</gpxtpx:atemp>
          </gpxtpx:TrackPointExtension>
        </extensions>
      </trkpt>
      <trkpt lat="30.735455" lon="34.924390">
        <ele>363.6</ele>
        <time>2026-03-17T06:34:24.000Z</time>
        <extensions>
          <gpxtpx:TrackPointExtension>
            <gpxtpx:hr>156</gpxtpx:hr>
            <gpxtpx:cad>0</gpxtpx:cad>
            <gpxtpx:atemp>304.65</gpxtpx:atemp>
          </gpxtpx:TrackPointExtension>
        </extensions>
      </trkpt>
      <trkpt lat="30.735399" lon="34.924391">
        <ele>363.8</ele>
        <time>2026-03-17T06:34:29.000Z</time>
        <extensions>
          <gpxtpx:TrackPointExtension>
            <gpxtpx:hr>159</gpxtpx:hr>
            <gpxtpx:cad>0</gpxtpx:cad>
            <gpxtpx:atemp>304.65</gpxtpx:atemp>
          </gpxtpx:TrackPointExtension>
        </extensions>
      </trkpt>
      <trkpt lat="30.735314" lon="34.924371">
        <ele>364.7</ele>
        <time>2026-03-17T06:34:34.000Z</time>
        <extensions>
          <gpxtpx:TrackPointExtension>
            <gpxtpx:hr>160</gpxtpx:hr>
            <gpxtpx:cad>0</gpxtpx:cad>
            <gpxtpx:atemp>304.65</gpxtpx:atemp>
          </gpxtpx:TrackPointExtension>
        </extensions>
      </trkpt>
      <trkpt lat="30.735219" lon="34.924316">
        <ele>365.2</ele>
        <time>2026-03-17T06:34:40.000Z</time>
        <extensions>
          <gpxtpx:TrackPointExtension>
            <gpxtpx:hr>160</gpxtpx:hr>
            <gpxtpx:cad>72</gpxtpx:cad>
            <gpxtpx:atemp>304.65</gpxtpx:atemp>
          </gpxtpx:TrackPointExtension>
        </extensions>
      </trkpt>
      <trkpt lat="30.735100" lon="34.924292">
        <ele>366.7</ele>
        <time>2026-03-17T06:34:47.000Z</time>
        <extensions>
          <gpxtpx:TrackPointExtension>
            <gpxtpx:hr>159</gpxtpx:hr>
            <gpxtpx:cad>71</gpxtpx:cad>
            <gpxtpx:atemp>304.65</gpxtpx:atemp>
          </gpxtpx:TrackPointExtension>
        </extensions>
      </trkpt>
      <trkpt lat="30.735045" lon="34.924306">
        <ele>367.7</ele>
        <time>2026-03-17T06:34:50.000Z</time>
        <extensions>
          <gpxtpx:TrackPointExtension>
            <gpxtpx:hr>159</gpxtpx:hr>
            <gpxtpx:cad>75</gpxtpx:cad>
            <gpxtpx:atemp>304.65</gpxtpx:atemp>
          </gpxtpx:TrackPointExtension>
        </extensions>
      </trkpt>
      <trkpt lat="30.734923" lon="34.924308">
        <ele>369.9</ele>
        <time>2026-03-17T06:34:58.000Z</time>
        <extensions>
          <gpxtpx:TrackPointExtension>
            <gpxtpx:hr>158</gpxtpx:hr>
            <gpxtpx:cad>76</gpxtpx:cad>
            <gpxtpx:atemp>304.65</gpxtpx:atemp>
          </gpxtpx:TrackPointExtension>
        </extensions>
      </trkpt>
      <trkpt lat="30.734824" lon="34.924241">
        <ele>371.3</ele>
        <time>2026-03-17T06:35:06.000Z</time>
        <extensions>
          <gpxtpx:TrackPointExtension>
            <gpxtpx:hr>155</gpxtpx:hr>
            <gpxtpx:cad>76</gpxtpx:cad>
            <gpxtpx:atemp>304.65</gpxtpx:atemp>
          </gpxtpx:TrackPointExtension>
        </extensions>
      </trkpt>
      <trkpt lat="30.734686" lon="34.924234">
        <ele>373.9</ele>
        <time>2026-03-17T06:35:15.000Z</time>
        <extensions>
          <gpxtpx:TrackPointExtension>
            <gpxtpx:hr>158</gpxtpx:hr>
            <gpxtpx:cad>73</gpxtpx:cad>
            <gpxtpx:atemp>304.65</gpxtpx:atemp>
          </gpxtpx:TrackPointExtension>
        </extensions>
      </trkpt>
      <trkpt lat="30.734637" lon="34.924110">
        <ele>373.3</ele>
        <time>2026-03-17T06:35:28.000Z</time>
        <extensions>
          <gpxtpx:TrackPointExtension>
            <gpxtpx:hr>156</gpxtpx:hr>
            <gpxtpx:cad>0</gpxtpx:cad>
            <gpxtpx:atemp>304.65</gpxtpx:atemp>
          </gpxtpx:TrackPointExtension>
        </extensions>
      </trkpt>
      <trkpt lat="30.734577" lon="34.923960">
        <ele>372.7</ele>
        <time>2026-03-17T06:35:40.000Z</time>
        <extensions>
          <gpxtpx:TrackPointExtension>
            <gpxtpx:hr>158</gpxtpx:hr>
            <gpxtpx:cad>54</gpxtpx:cad>
            <gpxtpx:atemp>304.65</gpxtpx:atemp>
          </gpxtpx:TrackPointExtension>
        </extensions>
      </trkpt>
      <trkpt lat="30.734555" lon="34.923934">
        <ele>373.1</ele>
        <time>2026-03-17T06:35:44.000Z</time>
        <extensions>
          <gpxtpx:TrackPointExtension>
            <gpxtpx:hr>158</gpxtpx:hr>
            <gpxtpx:cad>53</gpxtpx:cad>
            <gpxtpx:atemp>304.65</gpxtpx:atemp>
          </gpxtpx:TrackPointExtension>
        </extensions>
      </trkpt>
      <trkpt lat="30.734444" lon="34.923837">
        <ele>374.9</ele>
        <time>2026-03-17T06:35:58.000Z</time>
        <extensions>
          <gpxtpx:TrackPointExtension>
            <gpxtpx:hr>158</gpxtpx:hr>
            <gpxtpx:cad>0</gpxtpx:cad>
            <gpxtpx:atemp>304.65</gpxtpx:atemp>
          </gpxtpx:TrackPointExtension>
        </extensions>
      </trkpt>
      <trkpt lat="30.734407" lon="34.923768">
        <ele>375.0</ele>
        <time>2026-03-17T06:36:04.000Z</time>
        <extensions>
          <gpxtpx:TrackPointExtension>
            <gpxtpx:hr>156</gpxtpx:hr>
            <gpxtpx:cad>56</gpxtpx:cad>
            <gpxtpx:atemp>304.65</gpxtpx:atemp>
          </gpxtpx:TrackPointExtension>
        </extensions>
      </trkpt>
      <trkpt lat="30.734410" lon="34.923549">
        <ele>373.6</ele>
        <time>2026-03-17T06:36:17.000Z</time>
        <extensions>
          <gpxtpx:TrackPointExtension>
            <gpxtpx:hr>151</gpxtpx:hr>
            <gpxtpx:cad>0</gpxtpx:cad>
            <gpxtpx:atemp>304.65</gpxtpx:atemp>
          </gpxtpx:TrackPointExtension>
        </extensions>
      </trkpt>
      <trkpt lat="30.734438" lon="34.923426">
        <ele>372.6</ele>
        <time>2026-03-17T06:36:28.000Z</time>
        <extensions>
          <gpxtpx:TrackPointExtension>
            <gpxtpx:hr>152</gpxtpx:hr>
            <gpxtpx:cad>54</gpxtpx:cad>
            <gpxtpx:atemp>304.65</gpxtpx:atemp>
          </gpxtpx:TrackPointExtension>
        </extensions>
      </trkpt>
      <trkpt lat="30.734436" lon="34.923310">
        <ele>372.6</ele>
        <time>2026-03-17T06:36:42.000Z</time>
        <extensions>
          <gpxtpx:TrackPointExtension>
            <gpxtpx:hr>149</gpxtpx:hr>
            <gpxtpx:cad>55</gpxtpx:cad>
            <gpxtpx:atemp>304.65</gpxtpx:atemp>
          </gpxtpx:TrackPointExtension>
        </extensions>
      </trkpt>
      <trkpt lat="30.734463" lon="34.923242">
        <ele>372.3</ele>
        <time>2026-03-17T06:36:48.000Z</time>
        <extensions>
          <gpxtpx:TrackPointExtension>
            <gpxtpx:hr>151</gpxtpx:hr>
            <gpxtpx:cad>52</gpxtpx:cad>
            <gpxtpx:atemp>304.65</gpxtpx:atemp>
          </gpxtpx:TrackPointExtension>
        </extensions>
      </trkpt>
      <trkpt lat="30.734452" lon="34.923155">
        <ele>372.6</ele>
        <time>2026-03-17T06:36:52.000Z</time>
        <extensions>
          <gpxtpx:TrackPointExtension>
            <gpxtpx:hr>151</gpxtpx:hr>
            <gpxtpx:cad>50</gpxtpx:cad>
            <gpxtpx:atemp>304.65</gpxtpx:atemp>
          </gpxtpx:TrackPointExtension>
        </extensions>
      </trkpt>
      <trkpt lat="30.734413" lon="34.923066">
        <ele>373.5</ele>
        <time>2026-03-17T06:36:58.000Z</time>
        <extensions>
          <gpxtpx:TrackPointExtension>
            <gpxtpx:hr>154</gpxtpx:hr>
            <gpxtpx:cad>73</gpxtpx:cad>
            <gpxtpx:atemp>304.65</gpxtpx:atemp>
          </gpxtpx:TrackPointExtension>
        </extensions>
      </trkpt>
      <trkpt lat="30.734339" lon="34.922838">
        <ele>375.1</ele>
        <time>2026-03-17T06:37:09.000Z</time>
        <extensions>
          <gpxtpx:TrackPointExtension>
            <gpxtpx:hr>160</gpxtpx:hr>
            <gpxtpx:cad>74</gpxtpx:cad>
            <gpxtpx:atemp>304.65</gpxtpx:atemp>
          </gpxtpx:TrackPointExtension>
        </extensions>
      </trkpt>
      <trkpt lat="30.734239" lon="34.922682">
        <ele>377.1</ele>
        <time>2026-03-17T06:37:17.000Z</time>
        <extensions>
          <gpxtpx:TrackPointExtension>
            <gpxtpx:hr>159</gpxtpx:hr>
            <gpxtpx:cad>76</gpxtpx:cad>
            <gpxtpx:atemp>304.65</gpxtpx:atemp>
          </gpxtpx:TrackPointExtension>
        </extensions>
      </trkpt>
      <trkpt lat="30.734204" lon="34.922618">
        <ele>377.9</ele>
        <time>2026-03-17T06:37:20.000Z</time>
        <extensions>
          <gpxtpx:TrackPointExtension>
            <gpxtpx:hr>159</gpxtpx:hr>
            <gpxtpx:cad>76</gpxtpx:cad>
            <gpxtpx:atemp>304.65</gpxtpx:atemp>
          </gpxtpx:TrackPointExtension>
        </extensions>
      </trkpt>
      <trkpt lat="30.734142" lon="34.922467">
        <ele>379.5</ele>
        <time>2026-03-17T06:37:27.000Z</time>
        <extensions>
          <gpxtpx:TrackPointExtension>
            <gpxtpx:hr>159</gpxtpx:hr>
            <gpxtpx:cad>77</gpxtpx:cad>
            <gpxtpx:atemp>304.65</gpxtpx:atemp>
          </gpxtpx:TrackPointExtension>
        </extensions>
      </trkpt>
      <trkpt lat="30.734081" lon="34.922423">
        <ele>380.3</ele>
        <time>2026-03-17T06:37:32.000Z</time>
        <extensions>
          <gpxtpx:TrackPointExtension>
            <gpxtpx:hr>160</gpxtpx:hr>
            <gpxtpx:cad>77</gpxtpx:cad>
            <gpxtpx:atemp>304.65</gpxtpx:atemp>
          </gpxtpx:TrackPointExtension>
        </extensions>
      </trkpt>
      <trkpt lat="30.734029" lon="34.922361">
        <ele>381.0</ele>
        <time>2026-03-17T06:37:37.000Z</time>
        <extensions>
          <gpxtpx:TrackPointExtension>
            <gpxtpx:hr>160</gpxtpx:hr>
            <gpxtpx:cad>57</gpxtpx:cad>
            <gpxtpx:atemp>304.65</gpxtpx:atemp>
          </gpxtpx:TrackPointExtension>
        </extensions>
      </trkpt>
      <trkpt lat="30.733997" lon="34.922280">
        <ele>381.6</ele>
        <time>2026-03-17T06:37:44.000Z</time>
        <extensions>
          <gpxtpx:TrackPointExtension>
            <gpxtpx:hr>159</gpxtpx:hr>
            <gpxtpx:cad>0</gpxtpx:cad>
            <gpxtpx:atemp>304.65</gpxtpx:atemp>
          </gpxtpx:TrackPointExtension>
        </extensions>
      </trkpt>
      <trkpt lat="30.733942" lon="34.922218">
        <ele>382.7</ele>
        <time>2026-03-17T06:37:50.000Z</time>
        <extensions>
          <gpxtpx:TrackPointExtension>
            <gpxtpx:hr>161</gpxtpx:hr>
            <gpxtpx:cad>0</gpxtpx:cad>
            <gpxtpx:atemp>304.65</gpxtpx:atemp>
          </gpxtpx:TrackPointExtension>
        </extensions>
      </trkpt>
      <trkpt lat="30.733846" lon="34.922058">
        <ele>384.3</ele>
        <time>2026-03-17T06:38:03.000Z</time>
        <extensions>
          <gpxtpx:TrackPointExtension>
            <gpxtpx:hr>160</gpxtpx:hr>
            <gpxtpx:cad>54</gpxtpx:cad>
            <gpxtpx:atemp>304.65</gpxtpx:atemp>
          </gpxtpx:TrackPointExtension>
        </extensions>
      </trkpt>
      <trkpt lat="30.733755" lon="34.921974">
        <ele>385.5</ele>
        <time>2026-03-17T06:38:13.000Z</time>
        <extensions>
          <gpxtpx:TrackPointExtension>
            <gpxtpx:hr>158</gpxtpx:hr>
            <gpxtpx:cad>0</gpxtpx:cad>
            <gpxtpx:atemp>304.65</gpxtpx:atemp>
          </gpxtpx:TrackPointExtension>
        </extensions>
      </trkpt>
      <trkpt lat="30.733773" lon="34.921877">
        <ele>385.0</ele>
        <time>2026-03-17T06:38:25.000Z</time>
        <extensions>
          <gpxtpx:TrackPointExtension>
            <gpxtpx:hr>158</gpxtpx:hr>
            <gpxtpx:cad>48</gpxtpx:cad>
            <gpxtpx:atemp>304.65</gpxtpx:atemp>
          </gpxtpx:TrackPointExtension>
        </extensions>
      </trkpt>
      <trkpt lat="30.733693" lon="34.921809">
        <ele>385.8</ele>
        <time>2026-03-17T06:38:33.000Z</time>
        <extensions>
          <gpxtpx:TrackPointExtension>
            <gpxtpx:hr>158</gpxtpx:hr>
            <gpxtpx:cad>48</gpxtpx:cad>
            <gpxtpx:atemp>304.65</gpxtpx:atemp>
          </gpxtpx:TrackPointExtension>
        </extensions>
      </trkpt>
      <trkpt lat="30.733611" lon="34.921702">
        <ele>386.6</ele>
        <time>2026-03-17T06:38:41.000Z</time>
        <extensions>
          <gpxtpx:TrackPointExtension>
            <gpxtpx:hr>158</gpxtpx:hr>
            <gpxtpx:cad>0</gpxtpx:cad>
            <gpxtpx:atemp>304.65</gpxtpx:atemp>
          </gpxtpx:TrackPointExtension>
        </extensions>
      </trkpt>
      <trkpt lat="30.733508" lon="34.921695">
        <ele>387.8</ele>
        <time>2026-03-17T06:38:52.000Z</time>
        <extensions>
          <gpxtpx:TrackPointExtension>
            <gpxtpx:hr>159</gpxtpx:hr>
            <gpxtpx:cad>55</gpxtpx:cad>
            <gpxtpx:atemp>304.65</gpxtpx:atemp>
          </gpxtpx:TrackPointExtension>
        </extensions>
      </trkpt>
      <trkpt lat="30.733382" lon="34.921593">
        <ele>389.2</ele>
        <time>2026-03-17T06:39:00.000Z</time>
        <extensions>
          <gpxtpx:TrackPointExtension>
            <gpxtpx:hr>157</gpxtpx:hr>
            <gpxtpx:cad>72</gpxtpx:cad>
            <gpxtpx:atemp>304.65</gpxtpx:atemp>
          </gpxtpx:TrackPointExtension>
        </extensions>
      </trkpt>
      <trkpt lat="30.733358" lon="34.921520">
        <ele>389.0</ele>
        <time>2026-03-17T06:39:04.000Z</time>
        <extensions>
          <gpxtpx:TrackPointExtension>
            <gpxtpx:hr>156</gpxtpx:hr>
            <gpxtpx:cad>73</gpxtpx:cad>
            <gpxtpx:atemp>304.65</gpxtpx:atemp>
          </gpxtpx:TrackPointExtension>
        </extensions>
      </trkpt>
      <trkpt lat="30.733295" lon="34.921442">
        <ele>389.6</ele>
        <time>2026-03-17T06:39:16.000Z</time>
        <extensions>
          <gpxtpx:TrackPointExtension>
            <gpxtpx:hr>154</gpxtpx:hr>
            <gpxtpx:cad>48</gpxtpx:cad>
            <gpxtpx:atemp>304.65</gpxtpx:atemp>
          </gpxtpx:TrackPointExtension>
        </extensions>
      </trkpt>
      <trkpt lat="30.733225" lon="34.921355">
        <ele>389.8</ele>
        <time>2026-03-17T06:39:25.000Z</time>
        <extensions>
          <gpxtpx:TrackPointExtension>
            <gpxtpx:hr>155</gpxtpx:hr>
            <gpxtpx:cad>53</gpxtpx:cad>
            <gpxtpx:atemp>304.65</gpxtpx:atemp>
          </gpxtpx:TrackPointExtension>
        </extensions>
      </trkpt>
      <trkpt lat="30.733195" lon="34.921243">
        <ele>389.0</ele>
        <time>2026-03-17T06:39:34.000Z</time>
        <extensions>
          <gpxtpx:TrackPointExtension>
            <gpxtpx:hr>157</gpxtpx:hr>
            <gpxtpx:cad>50</gpxtpx:cad>
            <gpxtpx:atemp>304.65</gpxtpx:atemp>
          </gpxtpx:TrackPointExtension>
        </extensions>
      </trkpt>
      <trkpt lat="30.733202" lon="34.921174">
        <ele>388.7</ele>
        <time>2026-03-17T06:39:39.000Z</time>
        <extensions>
          <gpxtpx:TrackPointExtension>
            <gpxtpx:hr>155</gpxtpx:hr>
            <gpxtpx:cad>0</gpxtpx:cad>
            <gpxtpx:atemp>304.65</gpxtpx:atemp>
          </gpxtpx:TrackPointExtension>
        </extensions>
      </trkpt>
      <trkpt lat="30.733153" lon="34.921097">
        <ele>389.0</ele>
        <time>2026-03-17T06:39:45.000Z</time>
        <extensions>
          <gpxtpx:TrackPointExtension>
            <gpxtpx:hr>152</gpxtpx:hr>
            <gpxtpx:cad>0</gpxtpx:cad>
            <gpxtpx:atemp>304.65</gpxtpx:atemp>
          </gpxtpx:TrackPointExtension>
        </extensions>
      </trkpt>
      <trkpt lat="30.733148" lon="34.921035">
        <ele>388.8</ele>
        <time>2026-03-17T06:39:50.000Z</time>
        <extensions>
          <gpxtpx:TrackPointExtension>
            <gpxtpx:hr>152</gpxtpx:hr>
            <gpxtpx:cad>0</gpxtpx:cad>
            <gpxtpx:atemp>304.65</gpxtpx:atemp>
          </gpxtpx:TrackPointExtension>
        </extensions>
      </trkpt>
      <trkpt lat="30.733097" lon="34.920936">
        <ele>389.0</ele>
        <time>2026-03-17T06:39:58.000Z</time>
        <extensions>
          <gpxtpx:TrackPointExtension>
            <gpxtpx:hr>150</gpxtpx:hr>
            <gpxtpx:cad>0</gpxtpx:cad>
            <gpxtpx:atemp>304.65</gpxtpx:atemp>
          </gpxtpx:TrackPointExtension>
        </extensions>
      </trkpt>
      <trkpt lat="30.732981" lon="34.920739">
        <ele>389.0</ele>
        <time>2026-03-17T06:40:09.000Z</time>
        <extensions>
          <gpxtpx:TrackPointExtension>
            <gpxtpx:hr>152</gpxtpx:hr>
            <gpxtpx:cad>73</gpxtpx:cad>
            <gpxtpx:atemp>304.65</gpxtpx:atemp>
          </gpxtpx:TrackPointExtension>
        </extensions>
      </trkpt>
      <trkpt lat="30.732949" lon="34.920629">
        <ele>388.7</ele>
        <time>2026-03-17T06:40:14.000Z</time>
        <extensions>
          <gpxtpx:TrackPointExtension>
            <gpxtpx:hr>153</gpxtpx:hr>
            <gpxtpx:cad>76</gpxtpx:cad>
            <gpxtpx:atemp>303.65</gpxtpx:atemp>
          </gpxtpx:TrackPointExtension>
        </extensions>
      </trkpt>
      <trkpt lat="30.732859" lon="34.920547">
        <ele>389.1</ele>
        <time>2026-03-17T06:40:20.000Z</time>
        <extensions>
          <gpxtpx:TrackPointExtension>
            <gpxtpx:hr>153</gpxtpx:hr>
            <gpxtpx:cad>75</gpxtpx:cad>
            <gpxtpx:atemp>303.65</gpxtpx:atemp>
          </gpxtpx:TrackPointExtension>
        </extensions>
      </trkpt>
      <trkpt lat="30.732859" lon="34.920454">
        <ele>388.6</ele>
        <time>2026-03-17T06:40:29.000Z</time>
        <extensions>
          <gpxtpx:TrackPointExtension>
            <gpxtpx:hr>153</gpxtpx:hr>
            <gpxtpx:cad>0</gpxtpx:cad>
            <gpxtpx:atemp>303.65</gpxtpx:atemp>
          </gpxtpx:TrackPointExtension>
        </extensions>
      </trkpt>
      <trkpt lat="30.732848" lon="34.920300">
        <ele>388.4</ele>
        <time>2026-03-17T06:40:42.000Z</time>
        <extensions>
          <gpxtpx:TrackPointExtension>
            <gpxtpx:hr>151</gpxtpx:hr>
            <gpxtpx:cad>0</gpxtpx:cad>
            <gpxtpx:atemp>303.65</gpxtpx:atemp>
          </gpxtpx:TrackPointExtension>
        </extensions>
      </trkpt>
      <trkpt lat="30.732815" lon="34.920244">
        <ele>388.5</ele>
        <time>2026-03-17T06:40:47.000Z</time>
        <extensions>
          <gpxtpx:TrackPointExtension>
            <gpxtpx:hr>153</gpxtpx:hr>
            <gpxtpx:cad>0</gpxtpx:cad>
            <gpxtpx:atemp>303.65</gpxtpx:atemp>
          </gpxtpx:TrackPointExtension>
        </extensions>
      </trkpt>
      <trkpt lat="30.732746" lon="34.920040">
        <ele>388.7</ele>
        <time>2026-03-17T06:40:56.000Z</time>
        <extensions>
          <gpxtpx:TrackPointExtension>
            <gpxtpx:hr>161</gpxtpx:hr>
            <gpxtpx:cad>75</gpxtpx:cad>
            <gpxtpx:atemp>303.65</gpxtpx:atemp>
          </gpxtpx:TrackPointExtension>
        </extensions>
      </trkpt>
      <trkpt lat="30.732703" lon="34.919902">
        <ele>388.5</ele>
        <time>2026-03-17T06:41:04.000Z</time>
        <extensions>
          <gpxtpx:TrackPointExtension>
            <gpxtpx:hr>163</gpxtpx:hr>
            <gpxtpx:cad>76</gpxtpx:cad>
            <gpxtpx:atemp>303.65</gpxtpx:atemp>
          </gpxtpx:TrackPointExtension>
        </extensions>
      </trkpt>
      <trkpt lat="30.732713" lon="34.919740">
        <ele>389.3</ele>
        <time>2026-03-17T06:41:19.000Z</time>
        <extensions>
          <gpxtpx:TrackPointExtension>
            <gpxtpx:hr>160</gpxtpx:hr>
            <gpxtpx:cad>0</gpxtpx:cad>
            <gpxtpx:atemp>303.65</gpxtpx:atemp>
          </gpxtpx:TrackPointExtension>
        </extensions>
      </trkpt>
      <trkpt lat="30.732681" lon="34.919626">
        <ele>389.5</ele>
        <time>2026-03-17T06:41:29.000Z</time>
        <extensions>
          <gpxtpx:TrackPointExtension>
            <gpxtpx:hr>157</gpxtpx:hr>
            <gpxtpx:cad>49</gpxtpx:cad>
            <gpxtpx:atemp>303.65</gpxtpx:atemp>
          </gpxtpx:TrackPointExtension>
        </extensions>
      </trkpt>
      <trkpt lat="30.732691" lon="34.919517">
        <ele>390.5</ele>
        <time>2026-03-17T06:41:40.000Z</time>
        <extensions>
          <gpxtpx:TrackPointExtension>
            <gpxtpx:hr>160</gpxtpx:hr>
            <gpxtpx:cad>56</gpxtpx:cad>
            <gpxtpx:atemp>303.65</gpxtpx:atemp>
          </gpxtpx:TrackPointExtension>
        </extensions>
      </trkpt>
      <trkpt lat="30.732640" lon="34.919421">
        <ele>390.2</ele>
        <time>2026-03-17T06:41:51.000Z</time>
        <extensions>
          <gpxtpx:TrackPointExtension>
            <gpxtpx:hr>159</gpxtpx:hr>
            <gpxtpx:cad>50</gpxtpx:cad>
            <gpxtpx:atemp>303.65</gpxtpx:atemp>
          </gpxtpx:TrackPointExtension>
        </extensions>
      </trkpt>
      <trkpt lat="30.732578" lon="34.919422">
        <ele>390.3</ele>
        <time>2026-03-17T06:42:00.000Z</time>
        <extensions>
          <gpxtpx:TrackPointExtension>
            <gpxtpx:hr>160</gpxtpx:hr>
            <gpxtpx:cad>0</gpxtpx:cad>
            <gpxtpx:atemp>304.65</gpxtpx:atemp>
          </gpxtpx:TrackPointExtension>
        </extensions>
      </trkpt>
      <trkpt lat="30.732531" lon="34.919358">
        <ele>390.8</ele>
        <time>2026-03-17T06:42:09.000Z</time>
        <extensions>
          <gpxtpx:TrackPointExtension>
            <gpxtpx:hr>159</gpxtpx:hr>
            <gpxtpx:cad>0</gpxtpx:cad>
            <gpxtpx:atemp>304.65</gpxtpx:atemp>
          </gpxtpx:TrackPointExtension>
        </extensions>
      </trkpt>
      <trkpt lat="30.732426" lon="34.919321">
        <ele>391.0</ele>
        <time>2026-03-17T06:42:17.000Z</time>
        <extensions>
          <gpxtpx:TrackPointExtension>
            <gpxtpx:hr>158</gpxtpx:hr>
            <gpxtpx:cad>69</gpxtpx:cad>
            <gpxtpx:atemp>304.65</gpxtpx:atemp>
          </gpxtpx:TrackPointExtension>
        </extensions>
      </trkpt>
      <trkpt lat="30.732391" lon="34.919240">
        <ele>391.3</ele>
        <time>2026-03-17T06:42:24.000Z</time>
        <extensions>
          <gpxtpx:TrackPointExtension>
            <gpxtpx:hr>160</gpxtpx:hr>
            <gpxtpx:cad>69</gpxtpx:cad>
            <gpxtpx:atemp>304.65</gpxtpx:atemp>
          </gpxtpx:TrackPointExtension>
        </extensions>
      </trkpt>
      <trkpt lat="30.732385" lon="34.919146">
        <ele>391.6</ele>
        <time>2026-03-17T06:42:31.000Z</time>
        <extensions>
          <gpxtpx:TrackPointExtension>
            <gpxtpx:hr>160</gpxtpx:hr>
            <gpxtpx:cad>59</gpxtpx:cad>
            <gpxtpx:atemp>304.65</gpxtpx:atemp>
          </gpxtpx:TrackPointExtension>
        </extensions>
      </trkpt>
      <trkpt lat="30.732318" lon="34.919096">
        <ele>392.6</ele>
        <time>2026-03-17T06:42:43.000Z</time>
        <extensions>
          <gpxtpx:TrackPointExtension>
            <gpxtpx:hr>157</gpxtpx:hr>
            <gpxtpx:cad>71</gpxtpx:cad>
            <gpxtpx:atemp>303.65</gpxtpx:atemp>
          </gpxtpx:TrackPointExtension>
        </extensions>
      </trkpt>
      <trkpt lat="30.732275" lon="34.918994">
        <ele>393.8</ele>
        <time>2026-03-17T06:42:58.000Z</time>
        <extensions>
          <gpxtpx:TrackPointExtension>
            <gpxtpx:hr>152</gpxtpx:hr>
            <gpxtpx:cad>60</gpxtpx:cad>
            <gpxtpx:atemp>303.65</gpxtpx:atemp>
          </gpxtpx:TrackPointExtension>
        </extensions>
      </trkpt>
      <trkpt lat="30.732319" lon="34.918905">
        <ele>393.6</ele>
        <time>2026-03-17T06:43:06.000Z</time>
        <extensions>
          <gpxtpx:TrackPointExtension>
            <gpxtpx:hr>153</gpxtpx:hr>
            <gpxtpx:cad>46</gpxtpx:cad>
            <gpxtpx:atemp>303.65</gpxtpx:atemp>
          </gpxtpx:TrackPointExtension>
        </extensions>
      </trkpt>
      <trkpt lat="30.732360" lon="34.918757">
        <ele>394.0</ele>
        <time>2026-03-17T06:43:18.000Z</time>
        <extensions>
          <gpxtpx:TrackPointExtension>
            <gpxtpx:hr>155</gpxtpx:hr>
            <gpxtpx:cad>41</gpxtpx:cad>
            <gpxtpx:atemp>303.65</gpxtpx:atemp>
          </gpxtpx:TrackPointExtension>
        </extensions>
      </trkpt>
      <trkpt lat="30.732375" lon="34.918619">
        <ele>395.5</ele>
        <time>2026-03-17T06:43:36.000Z</time>
        <extensions>
          <gpxtpx:TrackPointExtension>
            <gpxtpx:hr>148</gpxtpx:hr>
            <gpxtpx:cad>49</gpxtpx:cad>
            <gpxtpx:atemp>303.65</gpxtpx:atemp>
          </gpxtpx:TrackPointExtension>
        </extensions>
      </trkpt>
      <trkpt lat="30.732342" lon="34.918566">
        <ele>396.3</ele>
        <time>2026-03-17T06:43:42.000Z</time>
        <extensions>
          <gpxtpx:TrackPointExtension>
            <gpxtpx:hr>147</gpxtpx:hr>
            <gpxtpx:cad>51</gpxtpx:cad>
            <gpxtpx:atemp>303.65</gpxtpx:atemp>
          </gpxtpx:TrackPointExtension>
        </extensions>
      </trkpt>
      <trkpt lat="30.732357" lon="34.918443">
        <ele>397.5</ele>
        <time>2026-03-17T06:43:56.000Z</time>
        <extensions>
          <gpxtpx:TrackPointExtension>
            <gpxtpx:hr>135</gpxtpx:hr>
            <gpxtpx:cad>0</gpxtpx:cad>
            <gpxtpx:atemp>303.65</gpxtpx:atemp>
          </gpxtpx:TrackPointExtension>
        </extensions>
      </trkpt>
      <trkpt lat="30.732378" lon="34.918462">
        <ele>397.3</ele>
        <time>2026-03-17T06:44:12.000Z</time>
        <extensions>
          <gpxtpx:TrackPointExtension>
            <gpxtpx:hr>130</gpxtpx:hr>
            <gpxtpx:cad>0</gpxtpx:cad>
            <gpxtpx:atemp>303.65</gpxtpx:atemp>
          </gpxtpx:TrackPointExtension>
        </extensions>
      </trkpt>
      <trkpt lat="30.732346" lon="34.918445">
        <ele>397.6</ele>
        <time>2026-03-17T06:44:34.000Z</time>
        <extensions>
          <gpxtpx:TrackPointExtension>
            <gpxtpx:hr>134</gpxtpx:hr>
            <gpxtpx:cad>0</gpxtpx:cad>
            <gpxtpx:atemp>303.65</gpxtpx:atemp>
          </gpxtpx:TrackPointExtension>
        </extensions>
      </trkpt>
      <trkpt lat="30.732388" lon="34.918472">
        <ele>397.3</ele>
        <time>2026-03-17T06:44:46.000Z</time>
        <extensions>
          <gpxtpx:TrackPointExtension>
            <gpxtpx:hr>131</gpxtpx:hr>
            <gpxtpx:cad>0</gpxtpx:cad>
            <gpxtpx:atemp>303.65</gpxtpx:atemp>
          </gpxtpx:TrackPointExtension>
        </extensions>
      </trkpt>
      <trkpt lat="30.732370" lon="34.918507">
        <ele>396.7</ele>
        <time>2026-03-17T06:45:14.000Z</time>
        <extensions>
          <gpxtpx:TrackPointExtension>
            <gpxtpx:hr>126</gpxtpx:hr>
            <gpxtpx:cad>0</gpxtpx:cad>
            <gpxtpx:atemp>303.65</gpxtpx:atemp>
          </gpxtpx:TrackPointExtension>
        </extensions>
      </trkpt>
      <trkpt lat="30.732355" lon="34.918500">
        <ele>396.8</ele>
        <time>2026-03-17T06:45:34.000Z</time>
        <extensions>
          <gpxtpx:TrackPointExtension>
            <gpxtpx:hr>124</gpxtpx:hr>
            <gpxtpx:cad>0</gpxtpx:cad>
            <gpxtpx:atemp>303.65</gpxtpx:atemp>
          </gpxtpx:TrackPointExtension>
        </extensions>
      </trkpt>
      <trkpt lat="30.732429" lon="34.918612">
        <ele>396.1</ele>
        <time>2026-03-17T06:46:21.000Z</time>
        <extensions>
          <gpxtpx:TrackPointExtension>
            <gpxtpx:hr>112</gpxtpx:hr>
            <gpxtpx:cad>0</gpxtpx:cad>
            <gpxtpx:atemp>303.65</gpxtpx:atemp>
          </gpxtpx:TrackPointExtension>
        </extensions>
      </trkpt>
      <trkpt lat="30.732482" lon="34.918625">
        <ele>396.4</ele>
        <time>2026-03-17T06:46:32.000Z</time>
        <extensions>
          <gpxtpx:TrackPointExtension>
            <gpxtpx:hr>111</gpxtpx:hr>
            <gpxtpx:cad>0</gpxtpx:cad>
            <gpxtpx:atemp>303.65</gpxtpx:atemp>
          </gpxtpx:TrackPointExtension>
        </extensions>
      </trkpt>
      <trkpt lat="30.732536" lon="34.918624">
        <ele>396.9</ele>
        <time>2026-03-17T06:46:57.000Z</time>
        <extensions>
          <gpxtpx:TrackPointExtension>
            <gpxtpx:hr>133</gpxtpx:hr>
            <gpxtpx:cad>0</gpxtpx:cad>
            <gpxtpx:atemp>303.65</gpxtpx:atemp>
          </gpxtpx:TrackPointExtension>
        </extensions>
      </trkpt>
      <trkpt lat="30.732580" lon="34.918685">
        <ele>396.5</ele>
        <time>2026-03-17T06:47:08.000Z</time>
        <extensions>
          <gpxtpx:TrackPointExtension>
            <gpxtpx:hr>142</gpxtpx:hr>
            <gpxtpx:cad>40</gpxtpx:cad>
            <gpxtpx:atemp>303.65</gpxtpx:atemp>
          </gpxtpx:TrackPointExtension>
        </extensions>
      </trkpt>
      <trkpt lat="30.732622" lon="34.918640">
        <ele>397.4</ele>
        <time>2026-03-17T06:47:22.000Z</time>
        <extensions>
          <gpxtpx:TrackPointExtension>
            <gpxtpx:hr>152</gpxtpx:hr>
            <gpxtpx:cad>0</gpxtpx:cad>
            <gpxtpx:atemp>303.65</gpxtpx:atemp>
          </gpxtpx:TrackPointExtension>
        </extensions>
      </trkpt>
      <trkpt lat="30.732652" lon="34.918570">
        <ele>399.1</ele>
        <time>2026-03-17T06:47:42.000Z</time>
        <extensions>
          <gpxtpx:TrackPointExtension>
            <gpxtpx:hr>156</gpxtpx:hr>
            <gpxtpx:cad>0</gpxtpx:cad>
            <gpxtpx:atemp>303.65</gpxtpx:atemp>
          </gpxtpx:TrackPointExtension>
        </extensions>
      </trkpt>
      <trkpt lat="30.732664" lon="34.918484">
        <ele>400.7</ele>
        <time>2026-03-17T06:48:00.000Z</time>
        <extensions>
          <gpxtpx:TrackPointExtension>
            <gpxtpx:hr>156</gpxtpx:hr>
            <gpxtpx:cad>0</gpxtpx:cad>
            <gpxtpx:atemp>303.65</gpxtpx:atemp>
          </gpxtpx:TrackPointExtension>
        </extensions>
      </trkpt>
      <trkpt lat="30.732578" lon="34.918359">
        <ele>401.0</ele>
        <time>2026-03-17T06:48:23.000Z</time>
        <extensions>
          <gpxtpx:TrackPointExtension>
            <gpxtpx:hr>165</gpxtpx:hr>
            <gpxtpx:cad>44</gpxtpx:cad>
            <gpxtpx:atemp>303.65</gpxtpx:atemp>
          </gpxtpx:TrackPointExtension>
        </extensions>
      </trkpt>
      <trkpt lat="30.732491" lon="34.918373">
        <ele>399.8</ele>
        <time>2026-03-17T06:48:47.000Z</time>
        <extensions>
          <gpxtpx:TrackPointExtension>
            <gpxtpx:hr>163</gpxtpx:hr>
            <gpxtpx:cad>0</gpxtpx:cad>
            <gpxtpx:atemp>303.65</gpxtpx:atemp>
          </gpxtpx:TrackPointExtension>
        </extensions>
      </trkpt>
      <trkpt lat="30.732434" lon="34.918381">
        <ele>399.1</ele>
        <time>2026-03-17T06:49:09.000Z</time>
        <extensions>
          <gpxtpx:TrackPointExtension>
            <gpxtpx:hr>159</gpxtpx:hr>
            <gpxtpx:cad>0</gpxtpx:cad>
            <gpxtpx:atemp>303.65</gpxtpx:atemp>
          </gpxtpx:TrackPointExtension>
        </extensions>
      </trkpt>
      <trkpt lat="30.732404" lon="34.918314">
        <ele>399.7</ele>
        <time>2026-03-17T06:49:34.000Z</time>
        <extensions>
          <gpxtpx:TrackPointExtension>
            <gpxtpx:hr>144</gpxtpx:hr>
            <gpxtpx:cad>0</gpxtpx:cad>
            <gpxtpx:atemp>303.65</gpxtpx:atemp>
          </gpxtpx:TrackPointExtension>
        </extensions>
      </trkpt>
      <trkpt lat="30.732294" lon="34.918374">
        <ele>399.3</ele>
        <time>2026-03-17T06:49:49.000Z</time>
        <extensions>
          <gpxtpx:TrackPointExtension>
            <gpxtpx:hr>144</gpxtpx:hr>
            <gpxtpx:cad>54</gpxtpx:cad>
            <gpxtpx:atemp>303.65</gpxtpx:atemp>
          </gpxtpx:TrackPointExtension>
        </extensions>
      </trkpt>
      <trkpt lat="30.732217" lon="34.918470">
        <ele>399.1</ele>
        <time>2026-03-17T06:50:05.000Z</time>
        <extensions>
          <gpxtpx:TrackPointExtension>
            <gpxtpx:hr>146</gpxtpx:hr>
            <gpxtpx:cad>0</gpxtpx:cad>
            <gpxtpx:atemp>303.65</gpxtpx:atemp>
          </gpxtpx:TrackPointExtension>
        </extensions>
      </trkpt>
      <trkpt lat="30.732148" lon="34.918518">
        <ele>399.6</ele>
        <time>2026-03-17T06:50:14.000Z</time>
        <extensions>
          <gpxtpx:TrackPointExtension>
            <gpxtpx:hr>147</gpxtpx:hr>
            <gpxtpx:cad>0</gpxtpx:cad>
            <gpxtpx:atemp>303.65</gpxtpx:atemp>
          </gpxtpx:TrackPointExtension>
        </extensions>
      </trkpt>
      <trkpt lat="30.732140" lon="34.918451">
        <ele>400.4</ele>
        <time>2026-03-17T06:50:21.000Z</time>
        <extensions>
          <gpxtpx:TrackPointExtension>
            <gpxtpx:hr>155</gpxtpx:hr>
            <gpxtpx:cad>42</gpxtpx:cad>
            <gpxtpx:atemp>303.65</gpxtpx:atemp>
          </gpxtpx:TrackPointExtension>
        </extensions>
      </trkpt>
      <trkpt lat="30.732065" lon="34.918492">
        <ele>401.3</ele>
        <time>2026-03-17T06:50:36.000Z</time>
        <extensions>
          <gpxtpx:TrackPointExtension>
            <gpxtpx:hr>159</gpxtpx:hr>
            <gpxtpx:cad>0</gpxtpx:cad>
            <gpxtpx:atemp>303.65</gpxtpx:atemp>
          </gpxtpx:TrackPointExtension>
        </extensions>
      </trkpt>
      <trkpt lat="30.731987" lon="34.918485">
        <ele>403.7</ele>
        <time>2026-03-17T06:50:44.000Z</time>
        <extensions>
          <gpxtpx:TrackPointExtension>
            <gpxtpx:hr>162</gpxtpx:hr>
            <gpxtpx:cad>50</gpxtpx:cad>
            <gpxtpx:atemp>303.65</gpxtpx:atemp>
          </gpxtpx:TrackPointExtension>
        </extensions>
      </trkpt>
      <trkpt lat="30.731970" lon="34.918548">
        <ele>403.7</ele>
        <time>2026-03-17T06:50:50.000Z</time>
        <extensions>
          <gpxtpx:TrackPointExtension>
            <gpxtpx:hr>162</gpxtpx:hr>
            <gpxtpx:cad>54</gpxtpx:cad>
            <gpxtpx:atemp>303.65</gpxtpx:atemp>
          </gpxtpx:TrackPointExtension>
        </extensions>
      </trkpt>
      <trkpt lat="30.731982" lon="34.918646">
        <ele>402.5</ele>
        <time>2026-03-17T06:50:59.000Z</time>
        <extensions>
          <gpxtpx:TrackPointExtension>
            <gpxtpx:hr>163</gpxtpx:hr>
            <gpxtpx:cad>50</gpxtpx:cad>
            <gpxtpx:atemp>303.65</gpxtpx:atemp>
          </gpxtpx:TrackPointExtension>
        </extensions>
      </trkpt>
      <trkpt lat="30.732024" lon="34.918784">
        <ele>400.0</ele>
        <time>2026-03-17T06:51:13.000Z</time>
        <extensions>
          <gpxtpx:TrackPointExtension>
            <gpxtpx:hr>162</gpxtpx:hr>
            <gpxtpx:cad>0</gpxtpx:cad>
            <gpxtpx:atemp>303.65</gpxtpx:atemp>
          </gpxtpx:TrackPointExtension>
        </extensions>
      </trkpt>
      <trkpt lat="30.732075" lon="34.918827">
        <ele>398.0</ele>
        <time>2026-03-17T06:51:21.000Z</time>
        <extensions>
          <gpxtpx:TrackPointExtension>
            <gpxtpx:hr>161</gpxtpx:hr>
            <gpxtpx:cad>0</gpxtpx:cad>
            <gpxtpx:atemp>303.65</gpxtpx:atemp>
          </gpxtpx:TrackPointExtension>
        </extensions>
      </trkpt>
      <trkpt lat="30.732071" lon="34.918925">
        <ele>397.8</ele>
        <time>2026-03-17T06:51:36.000Z</time>
        <extensions>
          <gpxtpx:TrackPointExtension>
            <gpxtpx:hr>155</gpxtpx:hr>
            <gpxtpx:cad>59</gpxtpx:cad>
            <gpxtpx:atemp>303.65</gpxtpx:atemp>
          </gpxtpx:TrackPointExtension>
        </extensions>
      </trkpt>
      <trkpt lat="30.732037" lon="34.919020">
        <ele>398.9</ele>
        <time>2026-03-17T06:51:46.000Z</time>
        <extensions>
          <gpxtpx:TrackPointExtension>
            <gpxtpx:hr>153</gpxtpx:hr>
            <gpxtpx:cad>68</gpxtpx:cad>
            <gpxtpx:atemp>302.65</gpxtpx:atemp>
          </gpxtpx:TrackPointExtension>
        </extensions>
      </trkpt>
      <trkpt lat="30.732036" lon="34.919109">
        <ele>399.1</ele>
        <time>2026-03-17T06:51:54.000Z</time>
        <extensions>
          <gpxtpx:TrackPointExtension>
            <gpxtpx:hr>154</gpxtpx:hr>
            <gpxtpx:cad>0</gpxtpx:cad>
            <gpxtpx:atemp>302.65</gpxtpx:atemp>
          </gpxtpx:TrackPointExtension>
        </extensions>
      </trkpt>
      <trkpt lat="30.732066" lon="34.919175">
        <ele>398.2</ele>
        <time>2026-03-17T06:52:04.000Z</time>
        <extensions>
          <gpxtpx:TrackPointExtension>
            <gpxtpx:hr>158</gpxtpx:hr>
            <gpxtpx:cad>0</gpxtpx:cad>
            <gpxtpx:atemp>302.65</gpxtpx:atemp>
          </gpxtpx:TrackPointExtension>
        </extensions>
      </trkpt>
      <trkpt lat="30.732019" lon="34.919314">
        <ele>400.3</ele>
        <time>2026-03-17T06:52:18.000Z</time>
        <extensions>
          <gpxtpx:TrackPointExtension>
            <gpxtpx:hr>158</gpxtpx:hr>
            <gpxtpx:cad>49</gpxtpx:cad>
            <gpxtpx:atemp>302.65</gpxtpx:atemp>
          </gpxtpx:TrackPointExtension>
        </extensions>
      </trkpt>
      <trkpt lat="30.732003" lon="34.919386">
        <ele>401.2</ele>
        <time>2026-03-17T06:52:24.000Z</time>
        <extensions>
          <gpxtpx:TrackPointExtension>
            <gpxtpx:hr>157</gpxtpx:hr>
            <gpxtpx:cad>48</gpxtpx:cad>
            <gpxtpx:atemp>302.65</gpxtpx:atemp>
          </gpxtpx:TrackPointExtension>
        </extensions>
      </trkpt>
      <trkpt lat="30.731991" lon="34.919489">
        <ele>402.0</ele>
        <time>2026-03-17T06:52:35.000Z</time>
        <extensions>
          <gpxtpx:TrackPointExtension>
            <gpxtpx:hr>155</gpxtpx:hr>
            <gpxtpx:cad>44</gpxtpx:cad>
            <gpxtpx:atemp>302.65</gpxtpx:atemp>
          </gpxtpx:TrackPointExtension>
        </extensions>
      </trkpt>
      <trkpt lat="30.732005" lon="34.919595">
        <ele>401.9</ele>
        <time>2026-03-17T06:52:46.000Z</time>
        <extensions>
          <gpxtpx:TrackPointExtension>
            <gpxtpx:hr>153</gpxtpx:hr>
            <gpxtpx:cad>55</gpxtpx:cad>
            <gpxtpx:atemp>302.65</gpxtpx:atemp>
          </gpxtpx:TrackPointExtension>
        </extensions>
      </trkpt>
      <trkpt lat="30.731924" lon="34.919635">
        <ele>405.1</ele>
        <time>2026-03-17T06:52:56.000Z</time>
        <extensions>
          <gpxtpx:TrackPointExtension>
            <gpxtpx:hr>150</gpxtpx:hr>
            <gpxtpx:cad>62</gpxtpx:cad>
            <gpxtpx:atemp>302.65</gpxtpx:atemp>
          </gpxtpx:TrackPointExtension>
        </extensions>
      </trkpt>
      <trkpt lat="30.731867" lon="34.919697">
        <ele>407.6</ele>
        <time>2026-03-17T06:53:05.000Z</time>
        <extensions>
          <gpxtpx:TrackPointExtension>
            <gpxtpx:hr>145</gpxtpx:hr>
            <gpxtpx:cad>58</gpxtpx:cad>
            <gpxtpx:atemp>302.65</gpxtpx:atemp>
          </gpxtpx:TrackPointExtension>
        </extensions>
      </trkpt>
      <trkpt lat="30.731802" lon="34.919774">
        <ele>410.5</ele>
        <time>2026-03-17T06:53:14.000Z</time>
        <extensions>
          <gpxtpx:TrackPointExtension>
            <gpxtpx:hr>140</gpxtpx:hr>
            <gpxtpx:cad>53</gpxtpx:cad>
            <gpxtpx:atemp>303.65</gpxtpx:atemp>
          </gpxtpx:TrackPointExtension>
        </extensions>
      </trkpt>
      <trkpt lat="30.731729" lon="34.919907">
        <ele>414.0</ele>
        <time>2026-03-17T06:53:29.000Z</time>
        <extensions>
          <gpxtpx:TrackPointExtension>
            <gpxtpx:hr>143</gpxtpx:hr>
            <gpxtpx:cad>0</gpxtpx:cad>
            <gpxtpx:atemp>303.65</gpxtpx:atemp>
          </gpxtpx:TrackPointExtension>
        </extensions>
      </trkpt>
      <trkpt lat="30.731716" lon="34.919988">
        <ele>415.0</ele>
        <time>2026-03-17T06:53:37.000Z</time>
        <extensions>
          <gpxtpx:TrackPointExtension>
            <gpxtpx:hr>150</gpxtpx:hr>
            <gpxtpx:cad>0</gpxtpx:cad>
            <gpxtpx:atemp>302.65</gpxtpx:atemp>
          </gpxtpx:TrackPointExtension>
        </extensions>
      </trkpt>
      <trkpt lat="30.731642" lon="34.920126">
        <ele>418.2</ele>
        <time>2026-03-17T06:53:51.000Z</time>
        <extensions>
          <gpxtpx:TrackPointExtension>
            <gpxtpx:hr>163</gpxtpx:hr>
            <gpxtpx:cad>47</gpxtpx:cad>
            <gpxtpx:atemp>302.65</gpxtpx:atemp>
          </gpxtpx:TrackPointExtension>
        </extensions>
      </trkpt>
      <trkpt lat="30.731596" lon="34.920293">
        <ele>419.9</ele>
        <time>2026-03-17T06:54:07.000Z</time>
        <extensions>
          <gpxtpx:TrackPointExtension>
            <gpxtpx:hr>168</gpxtpx:hr>
            <gpxtpx:cad>45</gpxtpx:cad>
            <gpxtpx:atemp>302.65</gpxtpx:atemp>
          </gpxtpx:TrackPointExtension>
        </extensions>
      </trkpt>
      <trkpt lat="30.731551" lon="34.920415">
        <ele>421.3</ele>
        <time>2026-03-17T06:54:21.000Z</time>
        <extensions>
          <gpxtpx:TrackPointExtension>
            <gpxtpx:hr>168</gpxtpx:hr>
            <gpxtpx:cad>51</gpxtpx:cad>
            <gpxtpx:atemp>302.65</gpxtpx:atemp>
          </gpxtpx:TrackPointExtension>
        </extensions>
      </trkpt>
      <trkpt lat="30.731509" lon="34.920494">
        <ele>422.2</ele>
        <time>2026-03-17T06:54:33.000Z</time>
        <extensions>
          <gpxtpx:TrackPointExtension>
            <gpxtpx:hr>167</gpxtpx:hr>
            <gpxtpx:cad>41</gpxtpx:cad>
            <gpxtpx:atemp>302.65</gpxtpx:atemp>
          </gpxtpx:TrackPointExtension>
        </extensions>
      </trkpt>
      <trkpt lat="30.731441" lon="34.920572">
        <ele>423.5</ele>
        <time>2026-03-17T06:54:46.000Z</time>
        <extensions>
          <gpxtpx:TrackPointExtension>
            <gpxtpx:hr>167</gpxtpx:hr>
            <gpxtpx:cad>44</gpxtpx:cad>
            <gpxtpx:atemp>302.65</gpxtpx:atemp>
          </gpxtpx:TrackPointExtension>
        </extensions>
      </trkpt>
      <trkpt lat="30.731375" lon="34.920653">
        <ele>424.5</ele>
        <time>2026-03-17T06:54:57.000Z</time>
        <extensions>
          <gpxtpx:TrackPointExtension>
            <gpxtpx:hr>168</gpxtpx:hr>
            <gpxtpx:cad>45</gpxtpx:cad>
            <gpxtpx:atemp>303.65</gpxtpx:atemp>
          </gpxtpx:TrackPointExtension>
        </extensions>
      </trkpt>
      <trkpt lat="30.731359" lon="34.920773">
        <ele>424.0</ele>
        <time>2026-03-17T06:55:09.000Z</time>
        <extensions>
          <gpxtpx:TrackPointExtension>
            <gpxtpx:hr>166</gpxtpx:hr>
            <gpxtpx:cad>0</gpxtpx:cad>
            <gpxtpx:atemp>303.65</gpxtpx:atemp>
          </gpxtpx:TrackPointExtension>
        </extensions>
      </trkpt>
      <trkpt lat="30.731293" lon="34.920921">
        <ele>423.9</ele>
        <time>2026-03-17T06:55:23.000Z</time>
        <extensions>
          <gpxtpx:TrackPointExtension>
            <gpxtpx:hr>166</gpxtpx:hr>
            <gpxtpx:cad>47</gpxtpx:cad>
            <gpxtpx:atemp>303.65</gpxtpx:atemp>
          </gpxtpx:TrackPointExtension>
        </extensions>
      </trkpt>
      <trkpt lat="30.731256" lon="34.920955">
        <ele>424.1</ele>
        <time>2026-03-17T06:55:27.000Z</time>
        <extensions>
          <gpxtpx:TrackPointExtension>
            <gpxtpx:hr>165</gpxtpx:hr>
            <gpxtpx:cad>56</gpxtpx:cad>
            <gpxtpx:atemp>303.65</gpxtpx:atemp>
          </gpxtpx:TrackPointExtension>
        </extensions>
      </trkpt>
      <trkpt lat="30.731165" lon="34.921122">
        <ele>423.6</ele>
        <time>2026-03-17T06:55:41.000Z</time>
        <extensions>
          <gpxtpx:TrackPointExtension>
            <gpxtpx:hr>161</gpxtpx:hr>
            <gpxtpx:cad>51</gpxtpx:cad>
            <gpxtpx:atemp>303.65</gpxtpx:atemp>
          </gpxtpx:TrackPointExtension>
        </extensions>
      </trkpt>
      <trkpt lat="30.731078" lon="34.921199">
        <ele>424.0</ele>
        <time>2026-03-17T06:55:51.000Z</time>
        <extensions>
          <gpxtpx:TrackPointExtension>
            <gpxtpx:hr>156</gpxtpx:hr>
            <gpxtpx:cad>50</gpxtpx:cad>
            <gpxtpx:atemp>303.65</gpxtpx:atemp>
          </gpxtpx:TrackPointExtension>
        </extensions>
      </trkpt>
      <trkpt lat="30.731087" lon="34.921259">
        <ele>423.3</ele>
        <time>2026-03-17T06:55:57.000Z</time>
        <extensions>
          <gpxtpx:TrackPointExtension>
            <gpxtpx:hr>154</gpxtpx:hr>
            <gpxtpx:cad>0</gpxtpx:cad>
            <gpxtpx:atemp>303.65</gpxtpx:atemp>
          </gpxtpx:TrackPointExtension>
        </extensions>
      </trkpt>
      <trkpt lat="30.731196" lon="34.921276">
        <ele>421.7</ele>
        <time>2026-03-17T06:56:04.000Z</time>
        <extensions>
          <gpxtpx:TrackPointExtension>
            <gpxtpx:hr>152</gpxtpx:hr>
            <gpxtpx:cad>0</gpxtpx:cad>
            <gpxtpx:atemp>303.65</gpxtpx:atemp>
          </gpxtpx:TrackPointExtension>
        </extensions>
      </trkpt>
      <trkpt lat="30.731255" lon="34.921265">
        <ele>420.9</ele>
        <time>2026-03-17T06:56:08.000Z</time>
        <extensions>
          <gpxtpx:TrackPointExtension>
            <gpxtpx:hr>152</gpxtpx:hr>
            <gpxtpx:cad>69</gpxtpx:cad>
            <gpxtpx:atemp>303.65</gpxtpx:atemp>
          </gpxtpx:TrackPointExtension>
        </extensions>
      </trkpt>
      <trkpt lat="30.731358" lon="34.921277">
        <ele>419.7</ele>
        <time>2026-03-17T06:56:14.000Z</time>
        <extensions>
          <gpxtpx:TrackPointExtension>
            <gpxtpx:hr>151</gpxtpx:hr>
            <gpxtpx:cad>65</gpxtpx:cad>
            <gpxtpx:atemp>303.65</gpxtpx:atemp>
          </gpxtpx:TrackPointExtension>
        </extensions>
      </trkpt>
      <trkpt lat="30.731470" lon="34.921308">
        <ele>418.4</ele>
        <time>2026-03-17T06:56:21.000Z</time>
        <extensions>
          <gpxtpx:TrackPointExtension>
            <gpxtpx:hr>152</gpxtpx:hr>
            <gpxtpx:cad>73</gpxtpx:cad>
            <gpxtpx:atemp>303.65</gpxtpx:atemp>
          </gpxtpx:TrackPointExtension>
        </extensions>
      </trkpt>
      <trkpt lat="30.731510" lon="34.921371">
        <ele>417.8</ele>
        <time>2026-03-17T06:56:28.000Z</time>
        <extensions>
          <gpxtpx:TrackPointExtension>
            <gpxtpx:hr>151</gpxtpx:hr>
            <gpxtpx:cad>0</gpxtpx:cad>
            <gpxtpx:atemp>303.65</gpxtpx:atemp>
          </gpxtpx:TrackPointExtension>
        </extensions>
      </trkpt>
      <trkpt lat="30.731470" lon="34.921493">
        <ele>417.7</ele>
        <time>2026-03-17T06:56:40.000Z</time>
        <extensions>
          <gpxtpx:TrackPointExtension>
            <gpxtpx:hr>149</gpxtpx:hr>
            <gpxtpx:cad>62</gpxtpx:cad>
            <gpxtpx:atemp>303.65</gpxtpx:atemp>
          </gpxtpx:TrackPointExtension>
        </extensions>
      </trkpt>
      <trkpt lat="30.731468" lon="34.921622">
        <ele>417.6</ele>
        <time>2026-03-17T06:56:53.000Z</time>
        <extensions>
          <gpxtpx:TrackPointExtension>
            <gpxtpx:hr>148</gpxtpx:hr>
            <gpxtpx:cad>0</gpxtpx:cad>
            <gpxtpx:atemp>302.65</gpxtpx:atemp>
          </gpxtpx:TrackPointExtension>
        </extensions>
      </trkpt>
      <trkpt lat="30.731475" lon="34.921741">
        <ele>417.6</ele>
        <time>2026-03-17T06:57:04.000Z</time>
        <extensions>
          <gpxtpx:TrackPointExtension>
            <gpxtpx:hr>147</gpxtpx:hr>
            <gpxtpx:cad>59</gpxtpx:cad>
            <gpxtpx:atemp>302.65</gpxtpx:atemp>
          </gpxtpx:TrackPointExtension>
        </extensions>
      </trkpt>
      <trkpt lat="30.731512" lon="34.921862">
        <ele>417.6</ele>
        <time>2026-03-17T06:57:16.000Z</time>
        <extensions>
          <gpxtpx:TrackPointExtension>
            <gpxtpx:hr>142</gpxtpx:hr>
            <gpxtpx:cad>58</gpxtpx:cad>
            <gpxtpx:atemp>302.65</gpxtpx:atemp>
          </gpxtpx:TrackPointExtension>
        </extensions>
      </trkpt>
      <trkpt lat="30.731505" lon="34.921991">
        <ele>418.6</ele>
        <time>2026-03-17T06:57:27.000Z</time>
        <extensions>
          <gpxtpx:TrackPointExtension>
            <gpxtpx:hr>144</gpxtpx:hr>
            <gpxtpx:cad>56</gpxtpx:cad>
            <gpxtpx:atemp>302.65</gpxtpx:atemp>
          </gpxtpx:TrackPointExtension>
        </extensions>
      </trkpt>
      <trkpt lat="30.731557" lon="34.922040">
        <ele>418.5</ele>
        <time>2026-03-17T06:57:33.000Z</time>
        <extensions>
          <gpxtpx:TrackPointExtension>
            <gpxtpx:hr>142</gpxtpx:hr>
            <gpxtpx:cad>56</gpxtpx:cad>
            <gpxtpx:atemp>303.65</gpxtpx:atemp>
          </gpxtpx:TrackPointExtension>
        </extensions>
      </trkpt>
      <trkpt lat="30.731592" lon="34.922139">
        <ele>419.2</ele>
        <time>2026-03-17T06:57:41.000Z</time>
        <extensions>
          <gpxtpx:TrackPointExtension>
            <gpxtpx:hr>140</gpxtpx:hr>
            <gpxtpx:cad>64</gpxtpx:cad>
            <gpxtpx:atemp>302.65</gpxtpx:atemp>
          </gpxtpx:TrackPointExtension>
        </extensions>
      </trkpt>
      <trkpt lat="30.731661" lon="34.922281">
        <ele>420.5</ele>
        <time>2026-03-17T06:57:55.000Z</time>
        <extensions>
          <gpxtpx:TrackPointExtension>
            <gpxtpx:hr>138</gpxtpx:hr>
            <gpxtpx:cad>121</gpxtpx:cad>
            <gpxtpx:atemp>302.65</gpxtpx:atemp>
          </gpxtpx:TrackPointExtension>
        </extensions>
      </trkpt>
      <trkpt lat="30.731696" lon="34.922339">
        <ele>421.1</ele>
        <time>2026-03-17T06:58:00.000Z</time>
        <extensions>
          <gpxtpx:TrackPointExtension>
            <gpxtpx:hr>136</gpxtpx:hr>
            <gpxtpx:cad>121</gpxtpx:cad>
            <gpxtpx:atemp>302.65</gpxtpx:atemp>
          </gpxtpx:TrackPointExtension>
        </extensions>
      </trkpt>
      <trkpt lat="30.731800" lon="34.922456">
        <ele>422.7</ele>
        <time>2026-03-17T06:58:13.000Z</time>
        <extensions>
          <gpxtpx:TrackPointExtension>
            <gpxtpx:hr>138</gpxtpx:hr>
            <gpxtpx:cad>81</gpxtpx:cad>
            <gpxtpx:atemp>302.65</gpxtpx:atemp>
          </gpxtpx:TrackPointExtension>
        </extensions>
      </trkpt>
      <trkpt lat="30.731866" lon="34.922522">
        <ele>423.6</ele>
        <time>2026-03-17T06:58:23.000Z</time>
        <extensions>
          <gpxtpx:TrackPointExtension>
            <gpxtpx:hr>136</gpxtpx:hr>
            <gpxtpx:cad>0</gpxtpx:cad>
            <gpxtpx:atemp>302.65</gpxtpx:atemp>
          </gpxtpx:TrackPointExtension>
        </extensions>
      </trkpt>
      <trkpt lat="30.731917" lon="34.922549">
        <ele>423.8</ele>
        <time>2026-03-17T06:58:31.000Z</time>
        <extensions>
          <gpxtpx:TrackPointExtension>
            <gpxtpx:hr>137</gpxtpx:hr>
            <gpxtpx:cad>56</gpxtpx:cad>
            <gpxtpx:atemp>302.65</gpxtpx:atemp>
          </gpxtpx:TrackPointExtension>
        </extensions>
      </trkpt>
      <trkpt lat="30.731998" lon="34.922531">
        <ele>423.1</ele>
        <time>2026-03-17T06:58:40.000Z</time>
        <extensions>
          <gpxtpx:TrackPointExtension>
            <gpxtpx:hr>143</gpxtpx:hr>
            <gpxtpx:cad>50</gpxtpx:cad>
            <gpxtpx:atemp>302.65</gpxtpx:atemp>
          </gpxtpx:TrackPointExtension>
        </extensions>
      </trkpt>
      <trkpt lat="30.732103" lon="34.922486">
        <ele>421.5</ele>
        <time>2026-03-17T06:58:52.000Z</time>
        <extensions>
          <gpxtpx:TrackPointExtension>
            <gpxtpx:hr>153</gpxtpx:hr>
            <gpxtpx:cad>50</gpxtpx:cad>
            <gpxtpx:atemp>302.65</gpxtpx:atemp>
          </gpxtpx:TrackPointExtension>
        </extensions>
      </trkpt>
      <trkpt lat="30.732159" lon="34.922490">
        <ele>421.0</ele>
        <time>2026-03-17T06:58:57.000Z</time>
        <extensions>
          <gpxtpx:TrackPointExtension>
            <gpxtpx:hr>155</gpxtpx:hr>
            <gpxtpx:cad>50</gpxtpx:cad>
            <gpxtpx:atemp>302.65</gpxtpx:atemp>
          </gpxtpx:TrackPointExtension>
        </extensions>
      </trkpt>
      <trkpt lat="30.732243" lon="34.922472">
        <ele>419.7</ele>
        <time>2026-03-17T06:59:08.000Z</time>
        <extensions>
          <gpxtpx:TrackPointExtension>
            <gpxtpx:hr>161</gpxtpx:hr>
            <gpxtpx:cad>53</gpxtpx:cad>
            <gpxtpx:atemp>302.65</gpxtpx:atemp>
          </gpxtpx:TrackPointExtension>
        </extensions>
      </trkpt>
      <trkpt lat="30.732336" lon="34.922450">
        <ele>418.2</ele>
        <time>2026-03-17T06:59:22.000Z</time>
        <extensions>
          <gpxtpx:TrackPointExtension>
            <gpxtpx:hr>165</gpxtpx:hr>
            <gpxtpx:cad>0</gpxtpx:cad>
            <gpxtpx:atemp>302.65</gpxtpx:atemp>
          </gpxtpx:TrackPointExtension>
        </extensions>
      </trkpt>
      <trkpt lat="30.732394" lon="34.922468">
        <ele>417.8</ele>
        <time>2026-03-17T06:59:34.000Z</time>
        <extensions>
          <gpxtpx:TrackPointExtension>
            <gpxtpx:hr>165</gpxtpx:hr>
            <gpxtpx:cad>44</gpxtpx:cad>
            <gpxtpx:atemp>302.65</gpxtpx:atemp>
          </gpxtpx:TrackPointExtension>
        </extensions>
      </trkpt>
      <trkpt lat="30.732398" lon="34.922531">
        <ele>419.1</ele>
        <time>2026-03-17T06:59:42.000Z</time>
        <extensions>
          <gpxtpx:TrackPointExtension>
            <gpxtpx:hr>167</gpxtpx:hr>
            <gpxtpx:cad>0</gpxtpx:cad>
            <gpxtpx:atemp>302.65</gpxtpx:atemp>
          </gpxtpx:TrackPointExtension>
        </extensions>
      </trkpt>
      <trkpt lat="30.732358" lon="34.922632">
        <ele>421.9</ele>
        <time>2026-03-17T06:59:55.000Z</time>
        <extensions>
          <gpxtpx:TrackPointExtension>
            <gpxtpx:hr>168</gpxtpx:hr>
            <gpxtpx:cad>43</gpxtpx:cad>
            <gpxtpx:atemp>302.65</gpxtpx:atemp>
          </gpxtpx:TrackPointExtension>
        </extensions>
      </trkpt>
      <trkpt lat="30.732335" lon="34.922702">
        <ele>423.8</ele>
        <time>2026-03-17T07:00:05.000Z</time>
        <extensions>
          <gpxtpx:TrackPointExtension>
            <gpxtpx:hr>166</gpxtpx:hr>
            <gpxtpx:cad>47</gpxtpx:cad>
            <gpxtpx:atemp>302.65</gpxtpx:atemp>
          </gpxtpx:TrackPointExtension>
        </extensions>
      </trkpt>
      <trkpt lat="30.732242" lon="34.922768">
        <ele>426.3</ele>
        <time>2026-03-17T07:00:19.000Z</time>
        <extensions>
          <gpxtpx:TrackPointExtension>
            <gpxtpx:hr>168</gpxtpx:hr>
            <gpxtpx:cad>46</gpxtpx:cad>
            <gpxtpx:atemp>302.65</gpxtpx:atemp>
          </gpxtpx:TrackPointExtension>
        </extensions>
      </trkpt>
      <trkpt lat="30.732171" lon="34.922937">
        <ele>430.9</ele>
        <time>2026-03-17T07:00:42.000Z</time>
        <extensions>
          <gpxtpx:TrackPointExtension>
            <gpxtpx:hr>168</gpxtpx:hr>
            <gpxtpx:cad>48</gpxtpx:cad>
            <gpxtpx:atemp>302.65</gpxtpx:atemp>
          </gpxtpx:TrackPointExtension>
        </extensions>
      </trkpt>
      <trkpt lat="30.732105" lon="34.923005">
        <ele>433.0</ele>
        <time>2026-03-17T07:00:55.000Z</time>
        <extensions>
          <gpxtpx:TrackPointExtension>
            <gpxtpx:hr>168</gpxtpx:hr>
            <gpxtpx:cad>0</gpxtpx:cad>
            <gpxtpx:atemp>302.65</gpxtpx:atemp>
          </gpxtpx:TrackPointExtension>
        </extensions>
      </trkpt>
      <trkpt lat="30.732099" lon="34.923115">
        <ele>435.8</ele>
        <time>2026-03-17T07:01:11.000Z</time>
        <extensions>
          <gpxtpx:TrackPointExtension>
            <gpxtpx:hr>170</gpxtpx:hr>
            <gpxtpx:cad>46</gpxtpx:cad>
            <gpxtpx:atemp>302.65</gpxtpx:atemp>
          </gpxtpx:TrackPointExtension>
        </extensions>
      </trkpt>
      <trkpt lat="30.731998" lon="34.923192">
        <ele>438.2</ele>
        <time>2026-03-17T07:01:31.000Z</time>
        <extensions>
          <gpxtpx:TrackPointExtension>
            <gpxtpx:hr>171</gpxtpx:hr>
            <gpxtpx:cad>41</gpxtpx:cad>
            <gpxtpx:atemp>302.65</gpxtpx:atemp>
          </gpxtpx:TrackPointExtension>
        </extensions>
      </trkpt>
      <trkpt lat="30.731989" lon="34.923242">
        <ele>439.3</ele>
        <time>2026-03-17T07:01:40.000Z</time>
        <extensions>
          <gpxtpx:TrackPointExtension>
            <gpxtpx:hr>170</gpxtpx:hr>
            <gpxtpx:cad>76</gpxtpx:cad>
            <gpxtpx:atemp>302.65</gpxtpx:atemp>
          </gpxtpx:TrackPointExtension>
        </extensions>
      </trkpt>
      <trkpt lat="30.731927" lon="34.923360">
        <ele>441.9</ele>
        <time>2026-03-17T07:02:01.000Z</time>
        <extensions>
          <gpxtpx:TrackPointExtension>
            <gpxtpx:hr>174</gpxtpx:hr>
            <gpxtpx:cad>0</gpxtpx:cad>
            <gpxtpx:atemp>302.65</gpxtpx:atemp>
          </gpxtpx:TrackPointExtension>
        </extensions>
      </trkpt>
      <trkpt lat="30.731935" lon="34.923457">
        <ele>443.8</ele>
        <time>2026-03-17T07:02:18.000Z</time>
        <extensions>
          <gpxtpx:TrackPointExtension>
            <gpxtpx:hr>174</gpxtpx:hr>
            <gpxtpx:cad>76</gpxtpx:cad>
            <gpxtpx:atemp>302.65</gpxtpx:atemp>
          </gpxtpx:TrackPointExtension>
        </extensions>
      </trkpt>
      <trkpt lat="30.731880" lon="34.923567">
        <ele>446.2</ele>
        <time>2026-03-17T07:02:37.000Z</time>
        <extensions>
          <gpxtpx:TrackPointExtension>
            <gpxtpx:hr>174</gpxtpx:hr>
            <gpxtpx:cad>43</gpxtpx:cad>
            <gpxtpx:atemp>302.65</gpxtpx:atemp>
          </gpxtpx:TrackPointExtension>
        </extensions>
      </trkpt>
      <trkpt lat="30.731869" lon="34.923642">
        <ele>447.6</ele>
        <time>2026-03-17T07:02:46.000Z</time>
        <extensions>
          <gpxtpx:TrackPointExtension>
            <gpxtpx:hr>172</gpxtpx:hr>
            <gpxtpx:cad>45</gpxtpx:cad>
            <gpxtpx:atemp>302.65</gpxtpx:atemp>
          </gpxtpx:TrackPointExtension>
        </extensions>
      </trkpt>
      <trkpt lat="30.731830" lon="34.923740">
        <ele>449.6</ele>
        <time>2026-03-17T07:03:03.000Z</time>
        <extensions>
          <gpxtpx:TrackPointExtension>
            <gpxtpx:hr>169</gpxtpx:hr>
            <gpxtpx:cad>0</gpxtpx:cad>
            <gpxtpx:atemp>302.65</gpxtpx:atemp>
          </gpxtpx:TrackPointExtension>
        </extensions>
      </trkpt>
      <trkpt lat="30.731829" lon="34.923887">
        <ele>451.8</ele>
        <time>2026-03-17T07:03:34.000Z</time>
        <extensions>
          <gpxtpx:TrackPointExtension>
            <gpxtpx:hr>163</gpxtpx:hr>
            <gpxtpx:cad>0</gpxtpx:cad>
            <gpxtpx:atemp>302.65</gpxtpx:atemp>
          </gpxtpx:TrackPointExtension>
        </extensions>
      </trkpt>
      <trkpt lat="30.731771" lon="34.924012">
        <ele>454.0</ele>
        <time>2026-03-17T07:03:45.000Z</time>
        <extensions>
          <gpxtpx:TrackPointExtension>
            <gpxtpx:hr>162</gpxtpx:hr>
            <gpxtpx:cad>0</gpxtpx:cad>
            <gpxtpx:atemp>302.65</gpxtpx:atemp>
          </gpxtpx:TrackPointExtension>
        </extensions>
      </trkpt>
      <trkpt lat="30.731822" lon="34.924106">
        <ele>455.0</ele>
        <time>2026-03-17T07:03:51.000Z</time>
        <extensions>
          <gpxtpx:TrackPointExtension>
            <gpxtpx:hr>156</gpxtpx:hr>
            <gpxtpx:cad>53</gpxtpx:cad>
            <gpxtpx:atemp>302.65</gpxtpx:atemp>
          </gpxtpx:TrackPointExtension>
        </extensions>
      </trkpt>
      <trkpt lat="30.731881" lon="34.924196">
        <ele>455.7</ele>
        <time>2026-03-17T07:04:01.000Z</time>
        <extensions>
          <gpxtpx:TrackPointExtension>
            <gpxtpx:hr>154</gpxtpx:hr>
            <gpxtpx:cad>48</gpxtpx:cad>
            <gpxtpx:atemp>302.65</gpxtpx:atemp>
          </gpxtpx:TrackPointExtension>
        </extensions>
      </trkpt>
      <trkpt lat="30.731956" lon="34.924215">
        <ele>455.2</ele>
        <time>2026-03-17T07:04:08.000Z</time>
        <extensions>
          <gpxtpx:TrackPointExtension>
            <gpxtpx:hr>155</gpxtpx:hr>
            <gpxtpx:cad>47</gpxtpx:cad>
            <gpxtpx:atemp>302.65</gpxtpx:atemp>
          </gpxtpx:TrackPointExtension>
        </extensions>
      </trkpt>
      <trkpt lat="30.732011" lon="34.924212">
        <ele>454.7</ele>
        <time>2026-03-17T07:04:12.000Z</time>
        <extensions>
          <gpxtpx:TrackPointExtension>
            <gpxtpx:hr>155</gpxtpx:hr>
            <gpxtpx:cad>0</gpxtpx:cad>
            <gpxtpx:atemp>302.65</gpxtpx:atemp>
          </gpxtpx:TrackPointExtension>
        </extensions>
      </trkpt>
      <trkpt lat="30.732125" lon="34.924244">
        <ele>453.9</ele>
        <time>2026-03-17T07:04:21.000Z</time>
        <extensions>
          <gpxtpx:TrackPointExtension>
            <gpxtpx:hr>152</gpxtpx:hr>
            <gpxtpx:cad>53</gpxtpx:cad>
            <gpxtpx:atemp>302.65</gpxtpx:atemp>
          </gpxtpx:TrackPointExtension>
        </extensions>
      </trkpt>
      <trkpt lat="30.732167" lon="34.924242">
        <ele>453.4</ele>
        <time>2026-03-17T07:04:24.000Z</time>
        <extensions>
          <gpxtpx:TrackPointExtension>
            <gpxtpx:hr>150</gpxtpx:hr>
            <gpxtpx:cad>54</gpxtpx:cad>
            <gpxtpx:atemp>302.65</gpxtpx:atemp>
          </gpxtpx:TrackPointExtension>
        </extensions>
      </trkpt>
      <trkpt lat="30.732309" lon="34.924302">
        <ele>452.5</ele>
        <time>2026-03-17T07:04:36.000Z</time>
        <extensions>
          <gpxtpx:TrackPointExtension>
            <gpxtpx:hr>148</gpxtpx:hr>
            <gpxtpx:cad>56</gpxtpx:cad>
            <gpxtpx:atemp>302.65</gpxtpx:atemp>
          </gpxtpx:TrackPointExtension>
        </extensions>
      </trkpt>
      <trkpt lat="30.732385" lon="34.924467">
        <ele>452.2</ele>
        <time>2026-03-17T07:04:47.000Z</time>
        <extensions>
          <gpxtpx:TrackPointExtension>
            <gpxtpx:hr>149</gpxtpx:hr>
            <gpxtpx:cad>67</gpxtpx:cad>
            <gpxtpx:atemp>302.65</gpxtpx:atemp>
          </gpxtpx:TrackPointExtension>
        </extensions>
      </trkpt>
      <trkpt lat="30.732514" lon="34.924657">
        <ele>450.6</ele>
        <time>2026-03-17T07:05:02.000Z</time>
        <extensions>
          <gpxtpx:TrackPointExtension>
            <gpxtpx:hr>154</gpxtpx:hr>
            <gpxtpx:cad>0</gpxtpx:cad>
            <gpxtpx:atemp>301.65</gpxtpx:atemp>
          </gpxtpx:TrackPointExtension>
        </extensions>
      </trkpt>
      <trkpt lat="30.732527" lon="34.924726">
        <ele>450.7</ele>
        <time>2026-03-17T07:05:06.000Z</time>
        <extensions>
          <gpxtpx:TrackPointExtension>
            <gpxtpx:hr>155</gpxtpx:hr>
            <gpxtpx:cad>0</gpxtpx:cad>
            <gpxtpx:atemp>301.65</gpxtpx:atemp>
          </gpxtpx:TrackPointExtension>
        </extensions>
      </trkpt>
      <trkpt lat="30.732503" lon="34.924824">
        <ele>451.7</ele>
        <time>2026-03-17T07:05:12.000Z</time>
        <extensions>
          <gpxtpx:TrackPointExtension>
            <gpxtpx:hr>155</gpxtpx:hr>
            <gpxtpx:cad>63</gpxtpx:cad>
            <gpxtpx:atemp>301.65</gpxtpx:atemp>
          </gpxtpx:TrackPointExtension>
        </extensions>
      </trkpt>
      <trkpt lat="30.732503" lon="34.924905">
        <ele>452.1</ele>
        <time>2026-03-17T07:05:21.000Z</time>
        <extensions>
          <gpxtpx:TrackPointExtension>
            <gpxtpx:hr>158</gpxtpx:hr>
            <gpxtpx:cad>0</gpxtpx:cad>
            <gpxtpx:atemp>301.65</gpxtpx:atemp>
          </gpxtpx:TrackPointExtension>
        </extensions>
      </trkpt>
      <trkpt lat="30.732481" lon="34.925057">
        <ele>453.1</ele>
        <time>2026-03-17T07:05:39.000Z</time>
        <extensions>
          <gpxtpx:TrackPointExtension>
            <gpxtpx:hr>154</gpxtpx:hr>
            <gpxtpx:cad>0</gpxtpx:cad>
            <gpxtpx:atemp>301.65</gpxtpx:atemp>
          </gpxtpx:TrackPointExtension>
        </extensions>
      </trkpt>
      <trkpt lat="30.732488" lon="34.925100">
        <ele>453.1</ele>
        <time>2026-03-17T07:05:42.000Z</time>
        <extensions>
          <gpxtpx:TrackPointExtension>
            <gpxtpx:hr>154</gpxtpx:hr>
            <gpxtpx:cad>0</gpxtpx:cad>
            <gpxtpx:atemp>301.65</gpxtpx:atemp>
          </gpxtpx:TrackPointExtension>
        </extensions>
      </trkpt>
      <trkpt lat="30.732471" lon="34.925272">
        <ele>453.6</ele>
        <time>2026-03-17T07:05:51.000Z</time>
        <extensions>
          <gpxtpx:TrackPointExtension>
            <gpxtpx:hr>154</gpxtpx:hr>
            <gpxtpx:cad>71</gpxtpx:cad>
            <gpxtpx:atemp>301.65</gpxtpx:atemp>
          </gpxtpx:TrackPointExtension>
        </extensions>
      </trkpt>
      <trkpt lat="30.732455" lon="34.925341">
        <ele>454.0</ele>
        <time>2026-03-17T07:05:56.000Z</time>
        <extensions>
          <gpxtpx:TrackPointExtension>
            <gpxtpx:hr>155</gpxtpx:hr>
            <gpxtpx:cad>68</gpxtpx:cad>
            <gpxtpx:atemp>301.65</gpxtpx:atemp>
          </gpxtpx:TrackPointExtension>
        </extensions>
      </trkpt>
      <trkpt lat="30.732481" lon="34.925472">
        <ele>453.6</ele>
        <time>2026-03-17T07:06:05.000Z</time>
        <extensions>
          <gpxtpx:TrackPointExtension>
            <gpxtpx:hr>154</gpxtpx:hr>
            <gpxtpx:cad>53</gpxtpx:cad>
            <gpxtpx:atemp>301.65</gpxtpx:atemp>
          </gpxtpx:TrackPointExtension>
        </extensions>
      </trkpt>
      <trkpt lat="30.732493" lon="34.925598">
        <ele>453.8</ele>
        <time>2026-03-17T07:06:11.000Z</time>
        <extensions>
          <gpxtpx:TrackPointExtension>
            <gpxtpx:hr>155</gpxtpx:hr>
            <gpxtpx:cad>72</gpxtpx:cad>
            <gpxtpx:atemp>301.65</gpxtpx:atemp>
          </gpxtpx:TrackPointExtension>
        </extensions>
      </trkpt>
      <trkpt lat="30.732485" lon="34.925658">
        <ele>454.2</ele>
        <time>2026-03-17T07:06:14.000Z</time>
        <extensions>
          <gpxtpx:TrackPointExtension>
            <gpxtpx:hr>155</gpxtpx:hr>
            <gpxtpx:cad>71</gpxtpx:cad>
            <gpxtpx:atemp>301.65</gpxtpx:atemp>
          </gpxtpx:TrackPointExtension>
        </extensions>
      </trkpt>
      <trkpt lat="30.732496" lon="34.925759">
        <ele>454.3</ele>
        <time>2026-03-17T07:06:21.000Z</time>
        <extensions>
          <gpxtpx:TrackPointExtension>
            <gpxtpx:hr>156</gpxtpx:hr>
            <gpxtpx:cad>70</gpxtpx:cad>
            <gpxtpx:atemp>301.65</gpxtpx:atemp>
          </gpxtpx:TrackPointExtension>
        </extensions>
      </trkpt>
      <trkpt lat="30.732457" lon="34.925883">
        <ele>455.6</ele>
        <time>2026-03-17T07:06:31.000Z</time>
        <extensions>
          <gpxtpx:TrackPointExtension>
            <gpxtpx:hr>157</gpxtpx:hr>
            <gpxtpx:cad>53</gpxtpx:cad>
            <gpxtpx:atemp>301.65</gpxtpx:atemp>
          </gpxtpx:TrackPointExtension>
        </extensions>
      </trkpt>
      <trkpt lat="30.732433" lon="34.925917">
        <ele>456.2</ele>
        <time>2026-03-17T07:06:34.000Z</time>
        <extensions>
          <gpxtpx:TrackPointExtension>
            <gpxtpx:hr>156</gpxtpx:hr>
            <gpxtpx:cad>53</gpxtpx:cad>
            <gpxtpx:atemp>301.65</gpxtpx:atemp>
          </gpxtpx:TrackPointExtension>
        </extensions>
      </trkpt>
      <trkpt lat="30.732377" lon="34.926055">
        <ele>457.7</ele>
        <time>2026-03-17T07:06:47.000Z</time>
        <extensions>
          <gpxtpx:TrackPointExtension>
            <gpxtpx:hr>155</gpxtpx:hr>
            <gpxtpx:cad>0</gpxtpx:cad>
            <gpxtpx:atemp>301.65</gpxtpx:atemp>
          </gpxtpx:TrackPointExtension>
        </extensions>
      </trkpt>
      <trkpt lat="30.732354" lon="34.926126">
        <ele>458.2</ele>
        <time>2026-03-17T07:06:53.000Z</time>
        <extensions>
          <gpxtpx:TrackPointExtension>
            <gpxtpx:hr>154</gpxtpx:hr>
            <gpxtpx:cad>0</gpxtpx:cad>
            <gpxtpx:atemp>301.65</gpxtpx:atemp>
          </gpxtpx:TrackPointExtension>
        </extensions>
      </trkpt>
      <trkpt lat="30.732278" lon="34.926294">
        <ele>459.9</ele>
        <time>2026-03-17T07:07:11.000Z</time>
        <extensions>
          <gpxtpx:TrackPointExtension>
            <gpxtpx:hr>157</gpxtpx:hr>
            <gpxtpx:cad>55</gpxtpx:cad>
            <gpxtpx:atemp>301.65</gpxtpx:atemp>
          </gpxtpx:TrackPointExtension>
        </extensions>
      </trkpt>
      <trkpt lat="30.732199" lon="34.926394">
        <ele>461.7</ele>
        <time>2026-03-17T07:07:25.000Z</time>
        <extensions>
          <gpxtpx:TrackPointExtension>
            <gpxtpx:hr>152</gpxtpx:hr>
            <gpxtpx:cad>58</gpxtpx:cad>
            <gpxtpx:atemp>301.65</gpxtpx:atemp>
          </gpxtpx:TrackPointExtension>
        </extensions>
      </trkpt>
      <trkpt lat="30.732151" lon="34.926508">
        <ele>462.8</ele>
        <time>2026-03-17T07:07:40.000Z</time>
        <extensions>
          <gpxtpx:TrackPointExtension>
            <gpxtpx:hr>152</gpxtpx:hr>
            <gpxtpx:cad>0</gpxtpx:cad>
            <gpxtpx:atemp>301.65</gpxtpx:atemp>
          </gpxtpx:TrackPointExtension>
        </extensions>
      </trkpt>
      <trkpt lat="30.732158" lon="34.926599">
        <ele>462.7</ele>
        <time>2026-03-17T07:07:49.000Z</time>
        <extensions>
          <gpxtpx:TrackPointExtension>
            <gpxtpx:hr>151</gpxtpx:hr>
            <gpxtpx:cad>44</gpxtpx:cad>
            <gpxtpx:atemp>301.65</gpxtpx:atemp>
          </gpxtpx:TrackPointExtension>
        </extensions>
      </trkpt>
      <trkpt lat="30.732179" lon="34.926696">
        <ele>462.5</ele>
        <time>2026-03-17T07:07:59.000Z</time>
        <extensions>
          <gpxtpx:TrackPointExtension>
            <gpxtpx:hr>150</gpxtpx:hr>
            <gpxtpx:cad>0</gpxtpx:cad>
            <gpxtpx:atemp>301.65</gpxtpx:atemp>
          </gpxtpx:TrackPointExtension>
        </extensions>
      </trkpt>
      <trkpt lat="30.732171" lon="34.926800">
        <ele>462.7</ele>
        <time>2026-03-17T07:08:23.000Z</time>
        <extensions>
          <gpxtpx:TrackPointExtension>
            <gpxtpx:hr>153</gpxtpx:hr>
            <gpxtpx:cad>50</gpxtpx:cad>
            <gpxtpx:atemp>301.65</gpxtpx:atemp>
          </gpxtpx:TrackPointExtension>
        </extensions>
      </trkpt>
      <trkpt lat="30.732199" lon="34.926913">
        <ele>462.9</ele>
        <time>2026-03-17T07:08:54.000Z</time>
        <extensions>
          <gpxtpx:TrackPointExtension>
            <gpxtpx:hr>161</gpxtpx:hr>
            <gpxtpx:cad>0</gpxtpx:cad>
            <gpxtpx:atemp>301.65</gpxtpx:atemp>
          </gpxtpx:TrackPointExtension>
        </extensions>
      </trkpt>
      <trkpt lat="30.732182" lon="34.926956">
        <ele>463.3</ele>
        <time>2026-03-17T07:09:05.000Z</time>
        <extensions>
          <gpxtpx:TrackPointExtension>
            <gpxtpx:hr>164</gpxtpx:hr>
            <gpxtpx:cad>0</gpxtpx:cad>
            <gpxtpx:atemp>301.65</gpxtpx:atemp>
          </gpxtpx:TrackPointExtension>
        </extensions>
      </trkpt>
      <trkpt lat="30.732204" lon="34.927020">
        <ele>463.4</ele>
        <time>2026-03-17T07:09:24.000Z</time>
        <extensions>
          <gpxtpx:TrackPointExtension>
            <gpxtpx:hr>163</gpxtpx:hr>
            <gpxtpx:cad>0</gpxtpx:cad>
            <gpxtpx:atemp>301.65</gpxtpx:atemp>
          </gpxtpx:TrackPointExtension>
        </extensions>
      </trkpt>
      <trkpt lat="30.732232" lon="34.927144">
        <ele>463.8</ele>
        <time>2026-03-17T07:09:35.000Z</time>
        <extensions>
          <gpxtpx:TrackPointExtension>
            <gpxtpx:hr>160</gpxtpx:hr>
            <gpxtpx:cad>0</gpxtpx:cad>
            <gpxtpx:atemp>302.65</gpxtpx:atemp>
          </gpxtpx:TrackPointExtension>
        </extensions>
      </trkpt>
      <trkpt lat="30.732301" lon="34.927235">
        <ele>463.7</ele>
        <time>2026-03-17T07:09:46.000Z</time>
        <extensions>
          <gpxtpx:TrackPointExtension>
            <gpxtpx:hr>157</gpxtpx:hr>
            <gpxtpx:cad>0</gpxtpx:cad>
            <gpxtpx:atemp>302.65</gpxtpx:atemp>
          </gpxtpx:TrackPointExtension>
        </extensions>
      </trkpt>
      <trkpt lat="30.732362" lon="34.927280">
        <ele>463.4</ele>
        <time>2026-03-17T07:09:55.000Z</time>
        <extensions>
          <gpxtpx:TrackPointExtension>
            <gpxtpx:hr>162</gpxtpx:hr>
            <gpxtpx:cad>0</gpxtpx:cad>
            <gpxtpx:atemp>302.65</gpxtpx:atemp>
          </gpxtpx:TrackPointExtension>
        </extensions>
      </trkpt>
      <trkpt lat="30.732355" lon="34.927403">
        <ele>464.5</ele>
        <time>2026-03-17T07:10:09.000Z</time>
        <extensions>
          <gpxtpx:TrackPointExtension>
            <gpxtpx:hr>164</gpxtpx:hr>
            <gpxtpx:cad>51</gpxtpx:cad>
            <gpxtpx:atemp>302.65</gpxtpx:atemp>
          </gpxtpx:TrackPointExtension>
        </extensions>
      </trkpt>
      <trkpt lat="30.732428" lon="34.927474">
        <ele>464.5</ele>
        <time>2026-03-17T07:10:22.000Z</time>
        <extensions>
          <gpxtpx:TrackPointExtension>
            <gpxtpx:hr>164</gpxtpx:hr>
            <gpxtpx:cad>0</gpxtpx:cad>
            <gpxtpx:atemp>301.65</gpxtpx:atemp>
          </gpxtpx:TrackPointExtension>
        </extensions>
      </trkpt>
      <trkpt lat="30.732506" lon="34.927504">
        <ele>464.0</ele>
        <time>2026-03-17T07:10:30.000Z</time>
        <extensions>
          <gpxtpx:TrackPointExtension>
            <gpxtpx:hr>161</gpxtpx:hr>
            <gpxtpx:cad>0</gpxtpx:cad>
            <gpxtpx:atemp>301.65</gpxtpx:atemp>
          </gpxtpx:TrackPointExtension>
        </extensions>
      </trkpt>
      <trkpt lat="30.732621" lon="34.927508">
        <ele>462.8</ele>
        <time>2026-03-17T07:10:43.000Z</time>
        <extensions>
          <gpxtpx:TrackPointExtension>
            <gpxtpx:hr>158</gpxtpx:hr>
            <gpxtpx:cad>48</gpxtpx:cad>
            <gpxtpx:atemp>301.65</gpxtpx:atemp>
          </gpxtpx:TrackPointExtension>
        </extensions>
      </trkpt>
      <trkpt lat="30.732696" lon="34.927445">
        <ele>461.6</ele>
        <time>2026-03-17T07:10:51.000Z</time>
        <extensions>
          <gpxtpx:TrackPointExtension>
            <gpxtpx:hr>155</gpxtpx:hr>
            <gpxtpx:cad>48</gpxtpx:cad>
            <gpxtpx:atemp>301.65</gpxtpx:atemp>
          </gpxtpx:TrackPointExtension>
        </extensions>
      </trkpt>
      <trkpt lat="30.732776" lon="34.927356">
        <ele>460.0</ele>
        <time>2026-03-17T07:11:01.000Z</time>
        <extensions>
          <gpxtpx:TrackPointExtension>
            <gpxtpx:hr>152</gpxtpx:hr>
            <gpxtpx:cad>53</gpxtpx:cad>
            <gpxtpx:atemp>301.65</gpxtpx:atemp>
          </gpxtpx:TrackPointExtension>
        </extensions>
      </trkpt>
      <trkpt lat="30.732844" lon="34.927319">
        <ele>459.1</ele>
        <time>2026-03-17T07:11:06.000Z</time>
        <extensions>
          <gpxtpx:TrackPointExtension>
            <gpxtpx:hr>151</gpxtpx:hr>
            <gpxtpx:cad>0</gpxtpx:cad>
            <gpxtpx:atemp>301.65</gpxtpx:atemp>
          </gpxtpx:TrackPointExtension>
        </extensions>
      </trkpt>
      <trkpt lat="30.732895" lon="34.927247">
        <ele>458.0</ele>
        <time>2026-03-17T07:11:13.000Z</time>
        <extensions>
          <gpxtpx:TrackPointExtension>
            <gpxtpx:hr>149</gpxtpx:hr>
            <gpxtpx:cad>59</gpxtpx:cad>
            <gpxtpx:atemp>301.65</gpxtpx:atemp>
          </gpxtpx:TrackPointExtension>
        </extensions>
      </trkpt>
      <trkpt lat="30.733018" lon="34.927148">
        <ele>455.7</ele>
        <time>2026-03-17T07:11:26.000Z</time>
        <extensions>
          <gpxtpx:TrackPointExtension>
            <gpxtpx:hr>146</gpxtpx:hr>
            <gpxtpx:cad>57</gpxtpx:cad>
            <gpxtpx:atemp>301.65</gpxtpx:atemp>
          </gpxtpx:TrackPointExtension>
        </extensions>
      </trkpt>
      <trkpt lat="30.733102" lon="34.927135">
        <ele>454.7</ele>
        <time>2026-03-17T07:11:33.000Z</time>
        <extensions>
          <gpxtpx:TrackPointExtension>
            <gpxtpx:hr>143</gpxtpx:hr>
            <gpxtpx:cad>0</gpxtpx:cad>
            <gpxtpx:atemp>301.65</gpxtpx:atemp>
          </gpxtpx:TrackPointExtension>
        </extensions>
      </trkpt>
      <trkpt lat="30.733185" lon="34.927158">
        <ele>454.2</ele>
        <time>2026-03-17T07:11:38.000Z</time>
        <extensions>
          <gpxtpx:TrackPointExtension>
            <gpxtpx:hr>142</gpxtpx:hr>
            <gpxtpx:cad>71</gpxtpx:cad>
            <gpxtpx:atemp>301.65</gpxtpx:atemp>
          </gpxtpx:TrackPointExtension>
        </extensions>
      </trkpt>
      <trkpt lat="30.733359" lon="34.927145">
        <ele>450.9</ele>
        <time>2026-03-17T07:11:49.000Z</time>
        <extensions>
          <gpxtpx:TrackPointExtension>
            <gpxtpx:hr>146</gpxtpx:hr>
            <gpxtpx:cad>69</gpxtpx:cad>
            <gpxtpx:atemp>301.65</gpxtpx:atemp>
          </gpxtpx:TrackPointExtension>
        </extensions>
      </trkpt>
      <trkpt lat="30.733399" lon="34.927153">
        <ele>450.3</ele>
        <time>2026-03-17T07:11:51.000Z</time>
        <extensions>
          <gpxtpx:TrackPointExtension>
            <gpxtpx:hr>146</gpxtpx:hr>
            <gpxtpx:cad>69</gpxtpx:cad>
            <gpxtpx:atemp>301.65</gpxtpx:atemp>
          </gpxtpx:TrackPointExtension>
        </extensions>
      </trkpt>
      <trkpt lat="30.733508" lon="34.927135">
        <ele>448.1</ele>
        <time>2026-03-17T07:11:59.000Z</time>
        <extensions>
          <gpxtpx:TrackPointExtension>
            <gpxtpx:hr>148</gpxtpx:hr>
            <gpxtpx:cad>70</gpxtpx:cad>
            <gpxtpx:atemp>300.65</gpxtpx:atemp>
          </gpxtpx:TrackPointExtension>
        </extensions>
      </trkpt>
      <trkpt lat="30.733550" lon="34.927200">
        <ele>448.3</ele>
        <time>2026-03-17T07:12:05.000Z</time>
        <extensions>
          <gpxtpx:TrackPointExtension>
            <gpxtpx:hr>149</gpxtpx:hr>
            <gpxtpx:cad>0</gpxtpx:cad>
            <gpxtpx:atemp>300.65</gpxtpx:atemp>
          </gpxtpx:TrackPointExtension>
        </extensions>
      </trkpt>
      <trkpt lat="30.733652" lon="34.927264">
        <ele>447.4</ele>
        <time>2026-03-17T07:12:14.000Z</time>
        <extensions>
          <gpxtpx:TrackPointExtension>
            <gpxtpx:hr>148</gpxtpx:hr>
            <gpxtpx:cad>52</gpxtpx:cad>
            <gpxtpx:atemp>300.65</gpxtpx:atemp>
          </gpxtpx:TrackPointExtension>
        </extensions>
      </trkpt>
      <trkpt lat="30.733716" lon="34.927341">
        <ele>447.3</ele>
        <time>2026-03-17T07:12:22.000Z</time>
        <extensions>
          <gpxtpx:TrackPointExtension>
            <gpxtpx:hr>148</gpxtpx:hr>
            <gpxtpx:cad>57</gpxtpx:cad>
            <gpxtpx:atemp>300.65</gpxtpx:atemp>
          </gpxtpx:TrackPointExtension>
        </extensions>
      </trkpt>
      <trkpt lat="30.733795" lon="34.927495">
        <ele>448.0</ele>
        <time>2026-03-17T07:12:34.000Z</time>
        <extensions>
          <gpxtpx:TrackPointExtension>
            <gpxtpx:hr>146</gpxtpx:hr>
            <gpxtpx:cad>57</gpxtpx:cad>
            <gpxtpx:atemp>300.65</gpxtpx:atemp>
          </gpxtpx:TrackPointExtension>
        </extensions>
      </trkpt>
      <trkpt lat="30.733830" lon="34.927530">
        <ele>447.8</ele>
        <time>2026-03-17T07:12:37.000Z</time>
        <extensions>
          <gpxtpx:TrackPointExtension>
            <gpxtpx:hr>145</gpxtpx:hr>
            <gpxtpx:cad>55</gpxtpx:cad>
            <gpxtpx:atemp>300.65</gpxtpx:atemp>
          </gpxtpx:TrackPointExtension>
        </extensions>
      </trkpt>
      <trkpt lat="30.733865" lon="34.927646">
        <ele>448.6</ele>
        <time>2026-03-17T07:12:43.000Z</time>
        <extensions>
          <gpxtpx:TrackPointExtension>
            <gpxtpx:hr>145</gpxtpx:hr>
            <gpxtpx:cad>73</gpxtpx:cad>
            <gpxtpx:atemp>300.65</gpxtpx:atemp>
          </gpxtpx:TrackPointExtension>
        </extensions>
      </trkpt>
      <trkpt lat="30.733864" lon="34.927776">
        <ele>450.0</ele>
        <time>2026-03-17T07:12:51.000Z</time>
        <extensions>
          <gpxtpx:TrackPointExtension>
            <gpxtpx:hr>144</gpxtpx:hr>
            <gpxtpx:cad>0</gpxtpx:cad>
            <gpxtpx:atemp>300.65</gpxtpx:atemp>
          </gpxtpx:TrackPointExtension>
        </extensions>
      </trkpt>
      <trkpt lat="30.733885" lon="34.927869">
        <ele>450.6</ele>
        <time>2026-03-17T07:12:57.000Z</time>
        <extensions>
          <gpxtpx:TrackPointExtension>
            <gpxtpx:hr>144</gpxtpx:hr>
            <gpxtpx:cad>72</gpxtpx:cad>
            <gpxtpx:atemp>300.65</gpxtpx:atemp>
          </gpxtpx:TrackPointExtension>
        </extensions>
      </trkpt>
      <trkpt lat="30.733938" lon="34.928071">
        <ele>451.6</ele>
        <time>2026-03-17T07:13:09.000Z</time>
        <extensions>
          <gpxtpx:TrackPointExtension>
            <gpxtpx:hr>143</gpxtpx:hr>
            <gpxtpx:cad>72</gpxtpx:cad>
            <gpxtpx:atemp>300.65</gpxtpx:atemp>
          </gpxtpx:TrackPointExtension>
        </extensions>
      </trkpt>
      <trkpt lat="30.733976" lon="34.928239">
        <ele>452.5</ele>
        <time>2026-03-17T07:13:20.000Z</time>
        <extensions>
          <gpxtpx:TrackPointExtension>
            <gpxtpx:hr>146</gpxtpx:hr>
            <gpxtpx:cad>0</gpxtpx:cad>
            <gpxtpx:atemp>300.65</gpxtpx:atemp>
          </gpxtpx:TrackPointExtension>
        </extensions>
      </trkpt>
      <trkpt lat="30.733975" lon="34.928355">
        <ele>453.4</ele>
        <time>2026-03-17T07:13:26.000Z</time>
        <extensions>
          <gpxtpx:TrackPointExtension>
            <gpxtpx:hr>146</gpxtpx:hr>
            <gpxtpx:cad>75</gpxtpx:cad>
            <gpxtpx:atemp>300.65</gpxtpx:atemp>
          </gpxtpx:TrackPointExtension>
        </extensions>
      </trkpt>
      <trkpt lat="30.734009" lon="34.928382">
        <ele>452.8</ele>
        <time>2026-03-17T07:13:30.000Z</time>
        <extensions>
          <gpxtpx:TrackPointExtension>
            <gpxtpx:hr>145</gpxtpx:hr>
            <gpxtpx:cad>0</gpxtpx:cad>
            <gpxtpx:atemp>300.65</gpxtpx:atemp>
          </gpxtpx:TrackPointExtension>
        </extensions>
      </trkpt>
      <trkpt lat="30.734043" lon="34.928506">
        <ele>452.8</ele>
        <time>2026-03-17T07:13:41.000Z</time>
        <extensions>
          <gpxtpx:TrackPointExtension>
            <gpxtpx:hr>152</gpxtpx:hr>
            <gpxtpx:cad>47</gpxtpx:cad>
            <gpxtpx:atemp>300.65</gpxtpx:atemp>
          </gpxtpx:TrackPointExtension>
        </extensions>
      </trkpt>
      <trkpt lat="30.734033" lon="34.928645">
        <ele>454.1</ele>
        <time>2026-03-17T07:13:51.000Z</time>
        <extensions>
          <gpxtpx:TrackPointExtension>
            <gpxtpx:hr>158</gpxtpx:hr>
            <gpxtpx:cad>0</gpxtpx:cad>
            <gpxtpx:atemp>300.65</gpxtpx:atemp>
          </gpxtpx:TrackPointExtension>
        </extensions>
      </trkpt>
      <trkpt lat="30.734014" lon="34.928793">
        <ele>455.8</ele>
        <time>2026-03-17T07:14:03.000Z</time>
        <extensions>
          <gpxtpx:TrackPointExtension>
            <gpxtpx:hr>163</gpxtpx:hr>
            <gpxtpx:cad>54</gpxtpx:cad>
            <gpxtpx:atemp>300.65</gpxtpx:atemp>
          </gpxtpx:TrackPointExtension>
        </extensions>
      </trkpt>
      <trkpt lat="30.733981" lon="34.928946">
        <ele>458.2</ele>
        <time>2026-03-17T07:14:16.000Z</time>
        <extensions>
          <gpxtpx:TrackPointExtension>
            <gpxtpx:hr>163</gpxtpx:hr>
            <gpxtpx:cad>47</gpxtpx:cad>
            <gpxtpx:atemp>300.65</gpxtpx:atemp>
          </gpxtpx:TrackPointExtension>
        </extensions>
      </trkpt>
      <trkpt lat="30.733948" lon="34.929056">
        <ele>459.9</ele>
        <time>2026-03-17T07:14:38.000Z</time>
        <extensions>
          <gpxtpx:TrackPointExtension>
            <gpxtpx:hr>162</gpxtpx:hr>
            <gpxtpx:cad>0</gpxtpx:cad>
            <gpxtpx:atemp>301.65</gpxtpx:atemp>
          </gpxtpx:TrackPointExtension>
        </extensions>
      </trkpt>
      <trkpt lat="30.733849" lon="34.929197">
        <ele>463.1</ele>
        <time>2026-03-17T07:14:52.000Z</time>
        <extensions>
          <gpxtpx:TrackPointExtension>
            <gpxtpx:hr>161</gpxtpx:hr>
            <gpxtpx:cad>50</gpxtpx:cad>
            <gpxtpx:atemp>301.65</gpxtpx:atemp>
          </gpxtpx:TrackPointExtension>
        </extensions>
      </trkpt>
      <trkpt lat="30.733783" lon="34.929274">
        <ele>465.1</ele>
        <time>2026-03-17T07:14:59.000Z</time>
        <extensions>
          <gpxtpx:TrackPointExtension>
            <gpxtpx:hr>162</gpxtpx:hr>
            <gpxtpx:cad>51</gpxtpx:cad>
            <gpxtpx:atemp>301.65</gpxtpx:atemp>
          </gpxtpx:TrackPointExtension>
        </extensions>
      </trkpt>
      <trkpt lat="30.733750" lon="34.929385">
        <ele>466.6</ele>
        <time>2026-03-17T07:15:09.000Z</time>
        <extensions>
          <gpxtpx:TrackPointExtension>
            <gpxtpx:hr>162</gpxtpx:hr>
            <gpxtpx:cad>0</gpxtpx:cad>
            <gpxtpx:atemp>302.65</gpxtpx:atemp>
          </gpxtpx:TrackPointExtension>
        </extensions>
      </trkpt>
      <trkpt lat="30.733730" lon="34.929466">
        <ele>467.4</ele>
        <time>2026-03-17T07:15:17.000Z</time>
        <extensions>
          <gpxtpx:TrackPointExtension>
            <gpxtpx:hr>156</gpxtpx:hr>
            <gpxtpx:cad>0</gpxtpx:cad>
            <gpxtpx:atemp>302.65</gpxtpx:atemp>
          </gpxtpx:TrackPointExtension>
        </extensions>
      </trkpt>
      <trkpt lat="30.733765" lon="34.929577">
        <ele>467.7</ele>
        <time>2026-03-17T07:15:28.000Z</time>
        <extensions>
          <gpxtpx:TrackPointExtension>
            <gpxtpx:hr>153</gpxtpx:hr>
            <gpxtpx:cad>66</gpxtpx:cad>
            <gpxtpx:atemp>302.65</gpxtpx:atemp>
          </gpxtpx:TrackPointExtension>
        </extensions>
      </trkpt>
      <trkpt lat="30.733815" lon="34.929686">
        <ele>467.6</ele>
        <time>2026-03-17T07:15:34.000Z</time>
        <extensions>
          <gpxtpx:TrackPointExtension>
            <gpxtpx:hr>152</gpxtpx:hr>
            <gpxtpx:cad>70</gpxtpx:cad>
            <gpxtpx:atemp>302.65</gpxtpx:atemp>
          </gpxtpx:TrackPointExtension>
        </extensions>
      </trkpt>
      <trkpt lat="30.733825" lon="34.929729">
        <ele>467.7</ele>
        <time>2026-03-17T07:15:37.000Z</time>
        <extensions>
          <gpxtpx:TrackPointExtension>
            <gpxtpx:hr>154</gpxtpx:hr>
            <gpxtpx:cad>70</gpxtpx:cad>
            <gpxtpx:atemp>302.65</gpxtpx:atemp>
          </gpxtpx:TrackPointExtension>
        </extensions>
      </trkpt>
      <trkpt lat="30.733900" lon="34.929860">
        <ele>467.3</ele>
        <time>2026-03-17T07:15:48.000Z</time>
        <extensions>
          <gpxtpx:TrackPointExtension>
            <gpxtpx:hr>157</gpxtpx:hr>
            <gpxtpx:cad>0</gpxtpx:cad>
            <gpxtpx:atemp>301.65</gpxtpx:atemp>
          </gpxtpx:TrackPointExtension>
        </extensions>
      </trkpt>
      <trkpt lat="30.733916" lon="34.929950">
        <ele>467.5</ele>
        <time>2026-03-17T07:15:55.000Z</time>
        <extensions>
          <gpxtpx:TrackPointExtension>
            <gpxtpx:hr>160</gpxtpx:hr>
            <gpxtpx:cad>55</gpxtpx:cad>
            <gpxtpx:atemp>301.65</gpxtpx:atemp>
          </gpxtpx:TrackPointExtension>
        </extensions>
      </trkpt>
      <trkpt lat="30.733857" lon="34.930080">
        <ele>469.3</ele>
        <time>2026-03-17T07:16:06.000Z</time>
        <extensions>
          <gpxtpx:TrackPointExtension>
            <gpxtpx:hr>159</gpxtpx:hr>
            <gpxtpx:cad>55</gpxtpx:cad>
            <gpxtpx:atemp>301.65</gpxtpx:atemp>
          </gpxtpx:TrackPointExtension>
        </extensions>
      </trkpt>
      <trkpt lat="30.733817" lon="34.930188">
        <ele>470.6</ele>
        <time>2026-03-17T07:16:15.000Z</time>
        <extensions>
          <gpxtpx:TrackPointExtension>
            <gpxtpx:hr>159</gpxtpx:hr>
            <gpxtpx:cad>0</gpxtpx:cad>
            <gpxtpx:atemp>301.65</gpxtpx:atemp>
          </gpxtpx:TrackPointExtension>
        </extensions>
      </trkpt>
      <trkpt lat="30.733786" lon="34.930256">
        <ele>471.3</ele>
        <time>2026-03-17T07:16:20.000Z</time>
        <extensions>
          <gpxtpx:TrackPointExtension>
            <gpxtpx:hr>157</gpxtpx:hr>
            <gpxtpx:cad>0</gpxtpx:cad>
            <gpxtpx:atemp>301.65</gpxtpx:atemp>
          </gpxtpx:TrackPointExtension>
        </extensions>
      </trkpt>
      <trkpt lat="30.733746" lon="34.930439">
        <ele>472.0</ele>
        <time>2026-03-17T07:16:34.000Z</time>
        <extensions>
          <gpxtpx:TrackPointExtension>
            <gpxtpx:hr>158</gpxtpx:hr>
            <gpxtpx:cad>0</gpxtpx:cad>
            <gpxtpx:atemp>301.65</gpxtpx:atemp>
          </gpxtpx:TrackPointExtension>
        </extensions>
      </trkpt>
      <trkpt lat="30.733718" lon="34.930579">
        <ele>471.9</ele>
        <time>2026-03-17T07:16:42.000Z</time>
        <extensions>
          <gpxtpx:TrackPointExtension>
            <gpxtpx:hr>160</gpxtpx:hr>
            <gpxtpx:cad>68</gpxtpx:cad>
            <gpxtpx:atemp>301.65</gpxtpx:atemp>
          </gpxtpx:TrackPointExtension>
        </extensions>
      </trkpt>
      <trkpt lat="30.733655" lon="34.930709">
        <ele>472.2</ele>
        <time>2026-03-17T07:16:52.000Z</time>
        <extensions>
          <gpxtpx:TrackPointExtension>
            <gpxtpx:hr>161</gpxtpx:hr>
            <gpxtpx:cad>0</gpxtpx:cad>
            <gpxtpx:atemp>301.65</gpxtpx:atemp>
          </gpxtpx:TrackPointExtension>
        </extensions>
      </trkpt>
      <trkpt lat="30.733619" lon="34.930852">
        <ele>471.5</ele>
        <time>2026-03-17T07:17:05.000Z</time>
        <extensions>
          <gpxtpx:TrackPointExtension>
            <gpxtpx:hr>164</gpxtpx:hr>
            <gpxtpx:cad>0</gpxtpx:cad>
            <gpxtpx:atemp>301.65</gpxtpx:atemp>
          </gpxtpx:TrackPointExtension>
        </extensions>
      </trkpt>
      <trkpt lat="30.733609" lon="34.930999">
        <ele>470.2</ele>
        <time>2026-03-17T07:17:16.000Z</time>
        <extensions>
          <gpxtpx:TrackPointExtension>
            <gpxtpx:hr>163</gpxtpx:hr>
            <gpxtpx:cad>50</gpxtpx:cad>
            <gpxtpx:atemp>301.65</gpxtpx:atemp>
          </gpxtpx:TrackPointExtension>
        </extensions>
      </trkpt>
      <trkpt lat="30.733566" lon="34.931087">
        <ele>469.7</ele>
        <time>2026-03-17T07:17:21.000Z</time>
        <extensions>
          <gpxtpx:TrackPointExtension>
            <gpxtpx:hr>162</gpxtpx:hr>
            <gpxtpx:cad>72</gpxtpx:cad>
            <gpxtpx:atemp>301.65</gpxtpx:atemp>
          </gpxtpx:TrackPointExtension>
        </extensions>
      </trkpt>
      <trkpt lat="30.733564" lon="34.931236">
        <ele>467.6</ele>
        <time>2026-03-17T07:17:32.000Z</time>
        <extensions>
          <gpxtpx:TrackPointExtension>
            <gpxtpx:hr>164</gpxtpx:hr>
            <gpxtpx:cad>55</gpxtpx:cad>
            <gpxtpx:atemp>301.65</gpxtpx:atemp>
          </gpxtpx:TrackPointExtension>
        </extensions>
      </trkpt>
      <trkpt lat="30.733554" lon="34.931323">
        <ele>466.5</ele>
        <time>2026-03-17T07:17:39.000Z</time>
        <extensions>
          <gpxtpx:TrackPointExtension>
            <gpxtpx:hr>166</gpxtpx:hr>
            <gpxtpx:cad>58</gpxtpx:cad>
            <gpxtpx:atemp>301.65</gpxtpx:atemp>
          </gpxtpx:TrackPointExtension>
        </extensions>
      </trkpt>
      <trkpt lat="30.733535" lon="34.931384">
        <ele>465.9</ele>
        <time>2026-03-17T07:17:44.000Z</time>
        <extensions>
          <gpxtpx:TrackPointExtension>
            <gpxtpx:hr>165</gpxtpx:hr>
            <gpxtpx:cad>53</gpxtpx:cad>
            <gpxtpx:atemp>301.65</gpxtpx:atemp>
          </gpxtpx:TrackPointExtension>
        </extensions>
      </trkpt>
      <trkpt lat="30.733456" lon="34.931545">
        <ele>465.2</ele>
        <time>2026-03-17T07:17:55.000Z</time>
        <extensions>
          <gpxtpx:TrackPointExtension>
            <gpxtpx:hr>163</gpxtpx:hr>
            <gpxtpx:cad>71</gpxtpx:cad>
            <gpxtpx:atemp>301.65</gpxtpx:atemp>
          </gpxtpx:TrackPointExtension>
        </extensions>
      </trkpt>
      <trkpt lat="30.733432" lon="34.931647">
        <ele>464.5</ele>
        <time>2026-03-17T07:18:01.000Z</time>
        <extensions>
          <gpxtpx:TrackPointExtension>
            <gpxtpx:hr>163</gpxtpx:hr>
            <gpxtpx:cad>0</gpxtpx:cad>
            <gpxtpx:atemp>301.65</gpxtpx:atemp>
          </gpxtpx:TrackPointExtension>
        </extensions>
      </trkpt>
      <trkpt lat="30.733418" lon="34.931836">
        <ele>462.7</ele>
        <time>2026-03-17T07:18:14.000Z</time>
        <extensions>
          <gpxtpx:TrackPointExtension>
            <gpxtpx:hr>155</gpxtpx:hr>
            <gpxtpx:cad>51</gpxtpx:cad>
            <gpxtpx:atemp>301.65</gpxtpx:atemp>
          </gpxtpx:TrackPointExtension>
        </extensions>
      </trkpt>
      <trkpt lat="30.733399" lon="34.931868">
        <ele>462.7</ele>
        <time>2026-03-17T07:18:18.000Z</time>
        <extensions>
          <gpxtpx:TrackPointExtension>
            <gpxtpx:hr>154</gpxtpx:hr>
            <gpxtpx:cad>53</gpxtpx:cad>
            <gpxtpx:atemp>301.65</gpxtpx:atemp>
          </gpxtpx:TrackPointExtension>
        </extensions>
      </trkpt>
      <trkpt lat="30.733316" lon="34.931947">
        <ele>463.6</ele>
        <time>2026-03-17T07:18:38.000Z</time>
        <extensions>
          <gpxtpx:TrackPointExtension>
            <gpxtpx:hr>151</gpxtpx:hr>
            <gpxtpx:cad>57</gpxtpx:cad>
            <gpxtpx:atemp>302.65</gpxtpx:atemp>
          </gpxtpx:TrackPointExtension>
        </extensions>
      </trkpt>
      <trkpt lat="30.733278" lon="34.931956">
        <ele>464.3</ele>
        <time>2026-03-17T07:18:42.000Z</time>
        <extensions>
          <gpxtpx:TrackPointExtension>
            <gpxtpx:hr>151</gpxtpx:hr>
            <gpxtpx:cad>0</gpxtpx:cad>
            <gpxtpx:atemp>302.65</gpxtpx:atemp>
          </gpxtpx:TrackPointExtension>
        </extensions>
      </trkpt>
      <trkpt lat="30.733222" lon="34.932026">
        <ele>464.8</ele>
        <time>2026-03-17T07:19:10.000Z</time>
        <extensions>
          <gpxtpx:TrackPointExtension>
            <gpxtpx:hr>140</gpxtpx:hr>
            <gpxtpx:cad>0</gpxtpx:cad>
            <gpxtpx:atemp>302.65</gpxtpx:atemp>
          </gpxtpx:TrackPointExtension>
        </extensions>
      </trkpt>
      <trkpt lat="30.733186" lon="34.932106">
        <ele>465.1</ele>
        <time>2026-03-17T07:19:25.000Z</time>
        <extensions>
          <gpxtpx:TrackPointExtension>
            <gpxtpx:hr>142</gpxtpx:hr>
            <gpxtpx:cad>0</gpxtpx:cad>
            <gpxtpx:atemp>301.65</gpxtpx:atemp>
          </gpxtpx:TrackPointExtension>
        </extensions>
      </trkpt>
      <trkpt lat="30.733126" lon="34.932179">
        <ele>466.0</ele>
        <time>2026-03-17T07:19:40.000Z</time>
        <extensions>
          <gpxtpx:TrackPointExtension>
            <gpxtpx:hr>145</gpxtpx:hr>
            <gpxtpx:cad>0</gpxtpx:cad>
            <gpxtpx:atemp>301.65</gpxtpx:atemp>
          </gpxtpx:TrackPointExtension>
        </extensions>
      </trkpt>
      <trkpt lat="30.733055" lon="34.932298">
        <ele>466.9</ele>
        <time>2026-03-17T07:19:55.000Z</time>
        <extensions>
          <gpxtpx:TrackPointExtension>
            <gpxtpx:hr>142</gpxtpx:hr>
            <gpxtpx:cad>55</gpxtpx:cad>
            <gpxtpx:atemp>301.65</gpxtpx:atemp>
          </gpxtpx:TrackPointExtension>
        </extensions>
      </trkpt>
      <trkpt lat="30.733037" lon="34.932377">
        <ele>466.7</ele>
        <time>2026-03-17T07:20:01.000Z</time>
        <extensions>
          <gpxtpx:TrackPointExtension>
            <gpxtpx:hr>141</gpxtpx:hr>
            <gpxtpx:cad>0</gpxtpx:cad>
            <gpxtpx:atemp>301.65</gpxtpx:atemp>
          </gpxtpx:TrackPointExtension>
        </extensions>
      </trkpt>
      <trkpt lat="30.732993" lon="34.932485">
        <ele>466.9</ele>
        <time>2026-03-17T07:20:11.000Z</time>
        <extensions>
          <gpxtpx:TrackPointExtension>
            <gpxtpx:hr>140</gpxtpx:hr>
            <gpxtpx:cad>57</gpxtpx:cad>
            <gpxtpx:atemp>301.65</gpxtpx:atemp>
          </gpxtpx:TrackPointExtension>
        </extensions>
      </trkpt>
      <trkpt lat="30.732985" lon="34.932571">
        <ele>466.4</ele>
        <time>2026-03-17T07:20:17.000Z</time>
        <extensions>
          <gpxtpx:TrackPointExtension>
            <gpxtpx:hr>141</gpxtpx:hr>
            <gpxtpx:cad>0</gpxtpx:cad>
            <gpxtpx:atemp>301.65</gpxtpx:atemp>
          </gpxtpx:TrackPointExtension>
        </extensions>
      </trkpt>
      <trkpt lat="30.732993" lon="34.932641">
        <ele>465.9</ele>
        <time>2026-03-17T07:20:22.000Z</time>
        <extensions>
          <gpxtpx:TrackPointExtension>
            <gpxtpx:hr>146</gpxtpx:hr>
            <gpxtpx:cad>0</gpxtpx:cad>
            <gpxtpx:atemp>301.65</gpxtpx:atemp>
          </gpxtpx:TrackPointExtension>
        </extensions>
      </trkpt>
      <trkpt lat="30.732945" lon="34.932798">
        <ele>466.6</ele>
        <time>2026-03-17T07:20:36.000Z</time>
        <extensions>
          <gpxtpx:TrackPointExtension>
            <gpxtpx:hr>149</gpxtpx:hr>
            <gpxtpx:cad>49</gpxtpx:cad>
            <gpxtpx:atemp>301.65</gpxtpx:atemp>
          </gpxtpx:TrackPointExtension>
        </extensions>
      </trkpt>
      <trkpt lat="30.732947" lon="34.932859">
        <ele>466.6</ele>
        <time>2026-03-17T07:20:52.000Z</time>
        <extensions>
          <gpxtpx:TrackPointExtension>
            <gpxtpx:hr>148</gpxtpx:hr>
            <gpxtpx:cad>51</gpxtpx:cad>
            <gpxtpx:atemp>302.65</gpxtpx:atemp>
          </gpxtpx:TrackPointExtension>
        </extensions>
      </trkpt>
      <trkpt lat="30.733036" lon="34.933008">
        <ele>465.1</ele>
        <time>2026-03-17T07:21:10.000Z</time>
        <extensions>
          <gpxtpx:TrackPointExtension>
            <gpxtpx:hr>146</gpxtpx:hr>
            <gpxtpx:cad>0</gpxtpx:cad>
            <gpxtpx:atemp>302.65</gpxtpx:atemp>
          </gpxtpx:TrackPointExtension>
        </extensions>
      </trkpt>
      <trkpt lat="30.733099" lon="34.933071">
        <ele>464.2</ele>
        <time>2026-03-17T07:21:19.000Z</time>
        <extensions>
          <gpxtpx:TrackPointExtension>
            <gpxtpx:hr>143</gpxtpx:hr>
            <gpxtpx:cad>0</gpxtpx:cad>
            <gpxtpx:atemp>303.65</gpxtpx:atemp>
          </gpxtpx:TrackPointExtension>
        </extensions>
      </trkpt>
      <trkpt lat="30.733126" lon="34.933136">
        <ele>463.8</ele>
        <time>2026-03-17T07:21:24.000Z</time>
        <extensions>
          <gpxtpx:TrackPointExtension>
            <gpxtpx:hr>143</gpxtpx:hr>
            <gpxtpx:cad>0</gpxtpx:cad>
            <gpxtpx:atemp>303.65</gpxtpx:atemp>
          </gpxtpx:TrackPointExtension>
        </extensions>
      </trkpt>
      <trkpt lat="30.733071" lon="34.933259">
        <ele>464.5</ele>
        <time>2026-03-17T07:21:35.000Z</time>
        <extensions>
          <gpxtpx:TrackPointExtension>
            <gpxtpx:hr>148</gpxtpx:hr>
            <gpxtpx:cad>112</gpxtpx:cad>
            <gpxtpx:atemp>303.65</gpxtpx:atemp>
          </gpxtpx:TrackPointExtension>
        </extensions>
      </trkpt>
      <trkpt lat="30.733022" lon="34.933338">
        <ele>465.1</ele>
        <time>2026-03-17T07:21:42.000Z</time>
        <extensions>
          <gpxtpx:TrackPointExtension>
            <gpxtpx:hr>153</gpxtpx:hr>
            <gpxtpx:cad>0</gpxtpx:cad>
            <gpxtpx:atemp>303.65</gpxtpx:atemp>
          </gpxtpx:TrackPointExtension>
        </extensions>
      </trkpt>
      <trkpt lat="30.733008" lon="34.933474">
        <ele>465.3</ele>
        <time>2026-03-17T07:21:53.000Z</time>
        <extensions>
          <gpxtpx:TrackPointExtension>
            <gpxtpx:hr>155</gpxtpx:hr>
            <gpxtpx:cad>50</gpxtpx:cad>
            <gpxtpx:atemp>302.65</gpxtpx:atemp>
          </gpxtpx:TrackPointExtension>
        </extensions>
      </trkpt>
      <trkpt lat="30.733063" lon="34.933543">
        <ele>465.2</ele>
        <time>2026-03-17T07:21:59.000Z</time>
        <extensions>
          <gpxtpx:TrackPointExtension>
            <gpxtpx:hr>155</gpxtpx:hr>
            <gpxtpx:cad>51</gpxtpx:cad>
            <gpxtpx:atemp>302.65</gpxtpx:atemp>
          </gpxtpx:TrackPointExtension>
        </extensions>
      </trkpt>
      <trkpt lat="30.733043" lon="34.933612">
        <ele>465.6</ele>
        <time>2026-03-17T07:22:05.000Z</time>
        <extensions>
          <gpxtpx:TrackPointExtension>
            <gpxtpx:hr>154</gpxtpx:hr>
            <gpxtpx:cad>52</gpxtpx:cad>
            <gpxtpx:atemp>302.65</gpxtpx:atemp>
          </gpxtpx:TrackPointExtension>
        </extensions>
      </trkpt>
      <trkpt lat="30.732992" lon="34.933691">
        <ele>466.2</ele>
        <time>2026-03-17T07:22:13.000Z</time>
        <extensions>
          <gpxtpx:TrackPointExtension>
            <gpxtpx:hr>150</gpxtpx:hr>
            <gpxtpx:cad>52</gpxtpx:cad>
            <gpxtpx:atemp>302.65</gpxtpx:atemp>
          </gpxtpx:TrackPointExtension>
        </extensions>
      </trkpt>
      <trkpt lat="30.732920" lon="34.933648">
        <ele>466.6</ele>
        <time>2026-03-17T07:22:28.000Z</time>
        <extensions>
          <gpxtpx:TrackPointExtension>
            <gpxtpx:hr>150</gpxtpx:hr>
            <gpxtpx:cad>0</gpxtpx:cad>
            <gpxtpx:atemp>302.65</gpxtpx:atemp>
          </gpxtpx:TrackPointExtension>
        </extensions>
      </trkpt>
      <trkpt lat="30.732826" lon="34.933585">
        <ele>467.4</ele>
        <time>2026-03-17T07:22:40.000Z</time>
        <extensions>
          <gpxtpx:TrackPointExtension>
            <gpxtpx:hr>151</gpxtpx:hr>
            <gpxtpx:cad>0</gpxtpx:cad>
            <gpxtpx:atemp>302.65</gpxtpx:atemp>
          </gpxtpx:TrackPointExtension>
        </extensions>
      </trkpt>
      <trkpt lat="30.732753" lon="34.933565">
        <ele>468.1</ele>
        <time>2026-03-17T07:22:50.000Z</time>
        <extensions>
          <gpxtpx:TrackPointExtension>
            <gpxtpx:hr>153</gpxtpx:hr>
            <gpxtpx:cad>48</gpxtpx:cad>
            <gpxtpx:atemp>302.65</gpxtpx:atemp>
          </gpxtpx:TrackPointExtension>
        </extensions>
      </trkpt>
      <trkpt lat="30.732684" lon="34.933591">
        <ele>468.9</ele>
        <time>2026-03-17T07:22:56.000Z</time>
        <extensions>
          <gpxtpx:TrackPointExtension>
            <gpxtpx:hr>155</gpxtpx:hr>
            <gpxtpx:cad>50</gpxtpx:cad>
            <gpxtpx:atemp>302.65</gpxtpx:atemp>
          </gpxtpx:TrackPointExtension>
        </extensions>
      </trkpt>
      <trkpt lat="30.732593" lon="34.933628">
        <ele>470.3</ele>
        <time>2026-03-17T07:23:05.000Z</time>
        <extensions>
          <gpxtpx:TrackPointExtension>
            <gpxtpx:hr>156</gpxtpx:hr>
            <gpxtpx:cad>50</gpxtpx:cad>
            <gpxtpx:atemp>303.65</gpxtpx:atemp>
          </gpxtpx:TrackPointExtension>
        </extensions>
      </trkpt>
      <trkpt lat="30.732533" lon="34.933665">
        <ele>471.3</ele>
        <time>2026-03-17T07:23:11.000Z</time>
        <extensions>
          <gpxtpx:TrackPointExtension>
            <gpxtpx:hr>158</gpxtpx:hr>
            <gpxtpx:cad>49</gpxtpx:cad>
            <gpxtpx:atemp>303.65</gpxtpx:atemp>
          </gpxtpx:TrackPointExtension>
        </extensions>
      </trkpt>
      <trkpt lat="30.732418" lon="34.933727">
        <ele>473.2</ele>
        <time>2026-03-17T07:23:23.000Z</time>
        <extensions>
          <gpxtpx:TrackPointExtension>
            <gpxtpx:hr>161</gpxtpx:hr>
            <gpxtpx:cad>53</gpxtpx:cad>
            <gpxtpx:atemp>303.65</gpxtpx:atemp>
          </gpxtpx:TrackPointExtension>
        </extensions>
      </trkpt>
      <trkpt lat="30.732284" lon="34.933790">
        <ele>475.9</ele>
        <time>2026-03-17T07:23:37.000Z</time>
        <extensions>
          <gpxtpx:TrackPointExtension>
            <gpxtpx:hr>152</gpxtpx:hr>
            <gpxtpx:cad>51</gpxtpx:cad>
            <gpxtpx:atemp>303.65</gpxtpx:atemp>
          </gpxtpx:TrackPointExtension>
        </extensions>
      </trkpt>
      <trkpt lat="30.732139" lon="34.933915">
        <ele>479.0</ele>
        <time>2026-03-17T07:23:50.000Z</time>
        <extensions>
          <gpxtpx:TrackPointExtension>
            <gpxtpx:hr>155</gpxtpx:hr>
            <gpxtpx:cad>68</gpxtpx:cad>
            <gpxtpx:atemp>303.65</gpxtpx:atemp>
          </gpxtpx:TrackPointExtension>
        </extensions>
      </trkpt>
      <trkpt lat="30.732027" lon="34.933980">
        <ele>480.8</ele>
        <time>2026-03-17T07:24:02.000Z</time>
        <extensions>
          <gpxtpx:TrackPointExtension>
            <gpxtpx:hr>156</gpxtpx:hr>
            <gpxtpx:cad>0</gpxtpx:cad>
            <gpxtpx:atemp>303.65</gpxtpx:atemp>
          </gpxtpx:TrackPointExtension>
        </extensions>
      </trkpt>
      <trkpt lat="30.731906" lon="34.934069">
        <ele>482.6</ele>
        <time>2026-03-17T07:24:30.000Z</time>
        <extensions>
          <gpxtpx:TrackPointExtension>
            <gpxtpx:hr>142</gpxtpx:hr>
            <gpxtpx:cad>0</gpxtpx:cad>
            <gpxtpx:atemp>303.65</gpxtpx:atemp>
          </gpxtpx:TrackPointExtension>
        </extensions>
      </trkpt>
      <trkpt lat="30.731850" lon="34.934091">
        <ele>483.4</ele>
        <time>2026-03-17T07:24:42.000Z</time>
        <extensions>
          <gpxtpx:TrackPointExtension>
            <gpxtpx:hr>143</gpxtpx:hr>
            <gpxtpx:cad>0</gpxtpx:cad>
            <gpxtpx:atemp>303.65</gpxtpx:atemp>
          </gpxtpx:TrackPointExtension>
        </extensions>
      </trkpt>
      <trkpt lat="30.731747" lon="34.934095">
        <ele>484.6</ele>
        <time>2026-03-17T07:24:52.000Z</time>
        <extensions>
          <gpxtpx:TrackPointExtension>
            <gpxtpx:hr>135</gpxtpx:hr>
            <gpxtpx:cad>0</gpxtpx:cad>
            <gpxtpx:atemp>303.65</gpxtpx:atemp>
          </gpxtpx:TrackPointExtension>
        </extensions>
      </trkpt>
      <trkpt lat="30.731623" lon="34.934088">
        <ele>485.8</ele>
        <time>2026-03-17T07:25:09.000Z</time>
        <extensions>
          <gpxtpx:TrackPointExtension>
            <gpxtpx:hr>131</gpxtpx:hr>
            <gpxtpx:cad>0</gpxtpx:cad>
            <gpxtpx:atemp>303.65</gpxtpx:atemp>
          </gpxtpx:TrackPointExtension>
        </extensions>
      </trkpt>
      <trkpt lat="30.731543" lon="34.934066">
        <ele>486.7</ele>
        <time>2026-03-17T07:25:25.000Z</time>
        <extensions>
          <gpxtpx:TrackPointExtension>
            <gpxtpx:hr>134</gpxtpx:hr>
            <gpxtpx:cad>0</gpxtpx:cad>
            <gpxtpx:atemp>304.65</gpxtpx:atemp>
          </gpxtpx:TrackPointExtension>
        </extensions>
      </trkpt>
      <trkpt lat="30.731460" lon="34.934115">
        <ele>487.4</ele>
        <time>2026-03-17T07:25:35.000Z</time>
        <extensions>
          <gpxtpx:TrackPointExtension>
            <gpxtpx:hr>135</gpxtpx:hr>
            <gpxtpx:cad>0</gpxtpx:cad>
            <gpxtpx:atemp>304.65</gpxtpx:atemp>
          </gpxtpx:TrackPointExtension>
        </extensions>
      </trkpt>
      <trkpt lat="30.731409" lon="34.934155">
        <ele>487.8</ele>
        <time>2026-03-17T07:25:41.000Z</time>
        <extensions>
          <gpxtpx:TrackPointExtension>
            <gpxtpx:hr>135</gpxtpx:hr>
            <gpxtpx:cad>0</gpxtpx:cad>
            <gpxtpx:atemp>304.65</gpxtpx:atemp>
          </gpxtpx:TrackPointExtension>
        </extensions>
      </trkpt>
      <trkpt lat="30.731441" lon="34.934280">
        <ele>487.0</ele>
        <time>2026-03-17T07:25:55.000Z</time>
        <extensions>
          <gpxtpx:TrackPointExtension>
            <gpxtpx:hr>141</gpxtpx:hr>
            <gpxtpx:cad>0</gpxtpx:cad>
            <gpxtpx:atemp>304.65</gpxtpx:atemp>
          </gpxtpx:TrackPointExtension>
        </extensions>
      </trkpt>
      <trkpt lat="30.731419" lon="34.934321">
        <ele>487.3</ele>
        <time>2026-03-17T07:26:00.000Z</time>
        <extensions>
          <gpxtpx:TrackPointExtension>
            <gpxtpx:hr>144</gpxtpx:hr>
            <gpxtpx:cad>0</gpxtpx:cad>
            <gpxtpx:atemp>304.65</gpxtpx:atemp>
          </gpxtpx:TrackPointExtension>
        </extensions>
      </trkpt>
      <trkpt lat="30.731485" lon="34.934410">
        <ele>487.2</ele>
        <time>2026-03-17T07:26:11.000Z</time>
        <extensions>
          <gpxtpx:TrackPointExtension>
            <gpxtpx:hr>152</gpxtpx:hr>
            <gpxtpx:cad>0</gpxtpx:cad>
            <gpxtpx:atemp>304.65</gpxtpx:atemp>
          </gpxtpx:TrackPointExtension>
        </extensions>
      </trkpt>
      <trkpt lat="30.731542" lon="34.934434">
        <ele>486.8</ele>
        <time>2026-03-17T07:26:16.000Z</time>
        <extensions>
          <gpxtpx:TrackPointExtension>
            <gpxtpx:hr>154</gpxtpx:hr>
            <gpxtpx:cad>0</gpxtpx:cad>
            <gpxtpx:atemp>304.65</gpxtpx:atemp>
          </gpxtpx:TrackPointExtension>
        </extensions>
      </trkpt>
      <trkpt lat="30.731578" lon="34.934507">
        <ele>487.0</ele>
        <time>2026-03-17T07:26:25.000Z</time>
        <extensions>
          <gpxtpx:TrackPointExtension>
            <gpxtpx:hr>157</gpxtpx:hr>
            <gpxtpx:cad>0</gpxtpx:cad>
            <gpxtpx:atemp>303.65</gpxtpx:atemp>
          </gpxtpx:TrackPointExtension>
        </extensions>
      </trkpt>
      <trkpt lat="30.731490" lon="34.934611">
        <ele>488.7</ele>
        <time>2026-03-17T07:26:47.000Z</time>
        <extensions>
          <gpxtpx:TrackPointExtension>
            <gpxtpx:hr>162</gpxtpx:hr>
            <gpxtpx:cad>47</gpxtpx:cad>
            <gpxtpx:atemp>303.65</gpxtpx:atemp>
          </gpxtpx:TrackPointExtension>
        </extensions>
      </trkpt>
      <trkpt lat="30.731463" lon="34.934653">
        <ele>489.5</ele>
        <time>2026-03-17T07:26:54.000Z</time>
        <extensions>
          <gpxtpx:TrackPointExtension>
            <gpxtpx:hr>165</gpxtpx:hr>
            <gpxtpx:cad>0</gpxtpx:cad>
            <gpxtpx:atemp>303.65</gpxtpx:atemp>
          </gpxtpx:TrackPointExtension>
        </extensions>
      </trkpt>
      <trkpt lat="30.731540" lon="34.934775">
        <ele>490.6</ele>
        <time>2026-03-17T07:27:09.000Z</time>
        <extensions>
          <gpxtpx:TrackPointExtension>
            <gpxtpx:hr>164</gpxtpx:hr>
            <gpxtpx:cad>50</gpxtpx:cad>
            <gpxtpx:atemp>303.65</gpxtpx:atemp>
          </gpxtpx:TrackPointExtension>
        </extensions>
      </trkpt>
      <trkpt lat="30.731599" lon="34.934866">
        <ele>491.3</ele>
        <time>2026-03-17T07:27:23.000Z</time>
        <extensions>
          <gpxtpx:TrackPointExtension>
            <gpxtpx:hr>164</gpxtpx:hr>
            <gpxtpx:cad>48</gpxtpx:cad>
            <gpxtpx:atemp>303.65</gpxtpx:atemp>
          </gpxtpx:TrackPointExtension>
        </extensions>
      </trkpt>
      <trkpt lat="30.731660" lon="34.934892">
        <ele>491.2</ele>
        <time>2026-03-17T07:27:31.000Z</time>
        <extensions>
          <gpxtpx:TrackPointExtension>
            <gpxtpx:hr>165</gpxtpx:hr>
            <gpxtpx:cad>42</gpxtpx:cad>
            <gpxtpx:atemp>303.65</gpxtpx:atemp>
          </gpxtpx:TrackPointExtension>
        </extensions>
      </trkpt>
      <trkpt lat="30.731646" lon="34.934989">
        <ele>493.2</ele>
        <time>2026-03-17T07:27:55.000Z</time>
        <extensions>
          <gpxtpx:TrackPointExtension>
            <gpxtpx:hr>163</gpxtpx:hr>
            <gpxtpx:cad>76</gpxtpx:cad>
            <gpxtpx:atemp>303.65</gpxtpx:atemp>
          </gpxtpx:TrackPointExtension>
        </extensions>
      </trkpt>
      <trkpt lat="30.731591" lon="34.935066">
        <ele>495.2</ele>
        <time>2026-03-17T07:28:10.000Z</time>
        <extensions>
          <gpxtpx:TrackPointExtension>
            <gpxtpx:hr>163</gpxtpx:hr>
            <gpxtpx:cad>0</gpxtpx:cad>
            <gpxtpx:atemp>303.65</gpxtpx:atemp>
          </gpxtpx:TrackPointExtension>
        </extensions>
      </trkpt>
      <trkpt lat="30.731581" lon="34.935113">
        <ele>496.1</ele>
        <time>2026-03-17T07:28:16.000Z</time>
        <extensions>
          <gpxtpx:TrackPointExtension>
            <gpxtpx:hr>164</gpxtpx:hr>
            <gpxtpx:cad>46</gpxtpx:cad>
            <gpxtpx:atemp>303.65</gpxtpx:atemp>
          </gpxtpx:TrackPointExtension>
        </extensions>
      </trkpt>
      <trkpt lat="30.731537" lon="34.935249">
        <ele>499.7</ele>
        <time>2026-03-17T07:28:37.000Z</time>
        <extensions>
          <gpxtpx:TrackPointExtension>
            <gpxtpx:hr>162</gpxtpx:hr>
            <gpxtpx:cad>43</gpxtpx:cad>
            <gpxtpx:atemp>303.65</gpxtpx:atemp>
          </gpxtpx:TrackPointExtension>
        </extensions>
      </trkpt>
      <trkpt lat="30.731503" lon="34.935410">
        <ele>504.2</ele>
        <time>2026-03-17T07:29:00.000Z</time>
        <extensions>
          <gpxtpx:TrackPointExtension>
            <gpxtpx:hr>160</gpxtpx:hr>
            <gpxtpx:cad>43</gpxtpx:cad>
            <gpxtpx:atemp>303.65</gpxtpx:atemp>
          </gpxtpx:TrackPointExtension>
        </extensions>
      </trkpt>
      <trkpt lat="30.731482" lon="34.935481">
        <ele>506.5</ele>
        <time>2026-03-17T07:29:11.000Z</time>
        <extensions>
          <gpxtpx:TrackPointExtension>
            <gpxtpx:hr>161</gpxtpx:hr>
            <gpxtpx:cad>45</gpxtpx:cad>
            <gpxtpx:atemp>303.65</gpxtpx:atemp>
          </gpxtpx:TrackPointExtension>
        </extensions>
      </trkpt>
      <trkpt lat="30.731445" lon="34.935566">
        <ele>509.3</ele>
        <time>2026-03-17T07:29:27.000Z</time>
        <extensions>
          <gpxtpx:TrackPointExtension>
            <gpxtpx:hr>162</gpxtpx:hr>
            <gpxtpx:cad>44</gpxtpx:cad>
            <gpxtpx:atemp>303.65</gpxtpx:atemp>
          </gpxtpx:TrackPointExtension>
        </extensions>
      </trkpt>
      <trkpt lat="30.731415" lon="34.935636">
        <ele>511.6</ele>
        <time>2026-03-17T07:29:37.000Z</time>
        <extensions>
          <gpxtpx:TrackPointExtension>
            <gpxtpx:hr>163</gpxtpx:hr>
            <gpxtpx:cad>48</gpxtpx:cad>
            <gpxtpx:atemp>303.65</gpxtpx:atemp>
          </gpxtpx:TrackPointExtension>
        </extensions>
      </trkpt>
      <trkpt lat="30.731382" lon="34.935713">
        <ele>514.1</ele>
        <time>2026-03-17T07:29:53.000Z</time>
        <extensions>
          <gpxtpx:TrackPointExtension>
            <gpxtpx:hr>163</gpxtpx:hr>
            <gpxtpx:cad>47</gpxtpx:cad>
            <gpxtpx:atemp>303.65</gpxtpx:atemp>
          </gpxtpx:TrackPointExtension>
        </extensions>
      </trkpt>
      <trkpt lat="30.731312" lon="34.935736">
        <ele>515.5</ele>
        <time>2026-03-17T07:30:03.000Z</time>
        <extensions>
          <gpxtpx:TrackPointExtension>
            <gpxtpx:hr>164</gpxtpx:hr>
            <gpxtpx:cad>51</gpxtpx:cad>
            <gpxtpx:atemp>303.65</gpxtpx:atemp>
          </gpxtpx:TrackPointExtension>
        </extensions>
      </trkpt>
      <trkpt lat="30.731306" lon="34.935799">
        <ele>517.4</ele>
        <time>2026-03-17T07:30:14.000Z</time>
        <extensions>
          <gpxtpx:TrackPointExtension>
            <gpxtpx:hr>163</gpxtpx:hr>
            <gpxtpx:cad>0</gpxtpx:cad>
            <gpxtpx:atemp>303.65</gpxtpx:atemp>
          </gpxtpx:TrackPointExtension>
        </extensions>
      </trkpt>
      <trkpt lat="30.731344" lon="34.935860">
        <ele>518.7</ele>
        <time>2026-03-17T07:30:21.000Z</time>
        <extensions>
          <gpxtpx:TrackPointExtension>
            <gpxtpx:hr>163</gpxtpx:hr>
            <gpxtpx:cad>76</gpxtpx:cad>
            <gpxtpx:atemp>303.65</gpxtpx:atemp>
          </gpxtpx:TrackPointExtension>
        </extensions>
      </trkpt>
      <trkpt lat="30.731343" lon="34.935957">
        <ele>521.6</ele>
        <time>2026-03-17T07:30:32.000Z</time>
        <extensions>
          <gpxtpx:TrackPointExtension>
            <gpxtpx:hr>164</gpxtpx:hr>
            <gpxtpx:cad>46</gpxtpx:cad>
            <gpxtpx:atemp>303.65</gpxtpx:atemp>
          </gpxtpx:TrackPointExtension>
        </extensions>
      </trkpt>
      <trkpt lat="30.731381" lon="34.936009">
        <ele>522.6</ele>
        <time>2026-03-17T07:30:37.000Z</time>
        <extensions>
          <gpxtpx:TrackPointExtension>
            <gpxtpx:hr>164</gpxtpx:hr>
            <gpxtpx:cad>49</gpxtpx:cad>
            <gpxtpx:atemp>302.65</gpxtpx:atemp>
          </gpxtpx:TrackPointExtension>
        </extensions>
      </trkpt>
      <trkpt lat="30.731413" lon="34.936185">
        <ele>526.9</ele>
        <time>2026-03-17T07:30:53.000Z</time>
        <extensions>
          <gpxtpx:TrackPointExtension>
            <gpxtpx:hr>164</gpxtpx:hr>
            <gpxtpx:cad>50</gpxtpx:cad>
            <gpxtpx:atemp>302.65</gpxtpx:atemp>
          </gpxtpx:TrackPointExtension>
        </extensions>
      </trkpt>
      <trkpt lat="30.731467" lon="34.936302">
        <ele>529.0</ele>
        <time>2026-03-17T07:31:05.000Z</time>
        <extensions>
          <gpxtpx:TrackPointExtension>
            <gpxtpx:hr>161</gpxtpx:hr>
            <gpxtpx:cad>47</gpxtpx:cad>
            <gpxtpx:atemp>302.65</gpxtpx:atemp>
          </gpxtpx:TrackPointExtension>
        </extensions>
      </trkpt>
      <trkpt lat="30.731550" lon="34.936408">
        <ele>530.1</ele>
        <time>2026-03-17T07:31:17.000Z</time>
        <extensions>
          <gpxtpx:TrackPointExtension>
            <gpxtpx:hr>160</gpxtpx:hr>
            <gpxtpx:cad>45</gpxtpx:cad>
            <gpxtpx:atemp>302.65</gpxtpx:atemp>
          </gpxtpx:TrackPointExtension>
        </extensions>
      </trkpt>
      <trkpt lat="30.731598" lon="34.936441">
        <ele>530.3</ele>
        <time>2026-03-17T07:31:22.000Z</time>
        <extensions>
          <gpxtpx:TrackPointExtension>
            <gpxtpx:hr>160</gpxtpx:hr>
            <gpxtpx:cad>55</gpxtpx:cad>
            <gpxtpx:atemp>302.65</gpxtpx:atemp>
          </gpxtpx:TrackPointExtension>
        </extensions>
      </trkpt>
      <trkpt lat="30.731773" lon="34.936460">
        <ele>528.7</ele>
        <time>2026-03-17T07:31:34.000Z</time>
        <extensions>
          <gpxtpx:TrackPointExtension>
            <gpxtpx:hr>157</gpxtpx:hr>
            <gpxtpx:cad>0</gpxtpx:cad>
            <gpxtpx:atemp>302.65</gpxtpx:atemp>
          </gpxtpx:TrackPointExtension>
        </extensions>
      </trkpt>
      <trkpt lat="30.731892" lon="34.936522">
        <ele>528.6</ele>
        <time>2026-03-17T07:31:43.000Z</time>
        <extensions>
          <gpxtpx:TrackPointExtension>
            <gpxtpx:hr>153</gpxtpx:hr>
            <gpxtpx:cad>67</gpxtpx:cad>
            <gpxtpx:atemp>302.65</gpxtpx:atemp>
          </gpxtpx:TrackPointExtension>
        </extensions>
      </trkpt>
      <trkpt lat="30.731968" lon="34.936571">
        <ele>528.4</ele>
        <time>2026-03-17T07:31:53.000Z</time>
        <extensions>
          <gpxtpx:TrackPointExtension>
            <gpxtpx:hr>150</gpxtpx:hr>
            <gpxtpx:cad>0</gpxtpx:cad>
            <gpxtpx:atemp>301.65</gpxtpx:atemp>
          </gpxtpx:TrackPointExtension>
        </extensions>
      </trkpt>
      <trkpt lat="30.732042" lon="34.936599">
        <ele>527.9</ele>
        <time>2026-03-17T07:32:02.000Z</time>
        <extensions>
          <gpxtpx:TrackPointExtension>
            <gpxtpx:hr>149</gpxtpx:hr>
            <gpxtpx:cad>44</gpxtpx:cad>
            <gpxtpx:atemp>301.65</gpxtpx:atemp>
          </gpxtpx:TrackPointExtension>
        </extensions>
      </trkpt>
      <trkpt lat="30.732098" lon="34.936651">
        <ele>527.9</ele>
        <time>2026-03-17T07:32:09.000Z</time>
        <extensions>
          <gpxtpx:TrackPointExtension>
            <gpxtpx:hr>150</gpxtpx:hr>
            <gpxtpx:cad>50</gpxtpx:cad>
            <gpxtpx:atemp>301.65</gpxtpx:atemp>
          </gpxtpx:TrackPointExtension>
        </extensions>
      </trkpt>
      <trkpt lat="30.732155" lon="34.936707">
        <ele>527.8</ele>
        <time>2026-03-17T07:32:16.000Z</time>
        <extensions>
          <gpxtpx:TrackPointExtension>
            <gpxtpx:hr>151</gpxtpx:hr>
            <gpxtpx:cad>52</gpxtpx:cad>
            <gpxtpx:atemp>301.65</gpxtpx:atemp>
          </gpxtpx:TrackPointExtension>
        </extensions>
      </trkpt>
      <trkpt lat="30.732258" lon="34.936669">
        <ele>525.1</ele>
        <time>2026-03-17T07:32:28.000Z</time>
        <extensions>
          <gpxtpx:TrackPointExtension>
            <gpxtpx:hr>150</gpxtpx:hr>
            <gpxtpx:cad>0</gpxtpx:cad>
            <gpxtpx:atemp>301.65</gpxtpx:atemp>
          </gpxtpx:TrackPointExtension>
        </extensions>
      </trkpt>
      <trkpt lat="30.732342" lon="34.936661">
        <ele>523.3</ele>
        <time>2026-03-17T07:32:43.000Z</time>
        <extensions>
          <gpxtpx:TrackPointExtension>
            <gpxtpx:hr>148</gpxtpx:hr>
            <gpxtpx:cad>0</gpxtpx:cad>
            <gpxtpx:atemp>301.65</gpxtpx:atemp>
          </gpxtpx:TrackPointExtension>
        </extensions>
      </trkpt>
      <trkpt lat="30.732428" lon="34.936686">
        <ele>521.8</ele>
        <time>2026-03-17T07:32:54.000Z</time>
        <extensions>
          <gpxtpx:TrackPointExtension>
            <gpxtpx:hr>156</gpxtpx:hr>
            <gpxtpx:cad>42</gpxtpx:cad>
            <gpxtpx:atemp>301.65</gpxtpx:atemp>
          </gpxtpx:TrackPointExtension>
        </extensions>
      </trkpt>
      <trkpt lat="30.732521" lon="34.936768">
        <ele>521.0</ele>
        <time>2026-03-17T07:33:06.000Z</time>
        <extensions>
          <gpxtpx:TrackPointExtension>
            <gpxtpx:hr>158</gpxtpx:hr>
            <gpxtpx:cad>79</gpxtpx:cad>
            <gpxtpx:atemp>301.65</gpxtpx:atemp>
          </gpxtpx:TrackPointExtension>
        </extensions>
      </trkpt>
      <trkpt lat="30.732528" lon="34.936965">
        <ele>523.3</ele>
        <time>2026-03-17T07:33:22.000Z</time>
        <extensions>
          <gpxtpx:TrackPointExtension>
            <gpxtpx:hr>159</gpxtpx:hr>
            <gpxtpx:cad>48</gpxtpx:cad>
            <gpxtpx:atemp>301.65</gpxtpx:atemp>
          </gpxtpx:TrackPointExtension>
        </extensions>
      </trkpt>
      <trkpt lat="30.732614" lon="34.937055">
        <ele>522.3</ele>
        <time>2026-03-17T07:33:35.000Z</time>
        <extensions>
          <gpxtpx:TrackPointExtension>
            <gpxtpx:hr>157</gpxtpx:hr>
            <gpxtpx:cad>51</gpxtpx:cad>
            <gpxtpx:atemp>301.65</gpxtpx:atemp>
          </gpxtpx:TrackPointExtension>
        </extensions>
      </trkpt>
      <trkpt lat="30.732733" lon="34.937100">
        <ele>519.8</ele>
        <time>2026-03-17T07:33:47.000Z</time>
        <extensions>
          <gpxtpx:TrackPointExtension>
            <gpxtpx:hr>156</gpxtpx:hr>
            <gpxtpx:cad>51</gpxtpx:cad>
            <gpxtpx:atemp>301.65</gpxtpx:atemp>
          </gpxtpx:TrackPointExtension>
        </extensions>
      </trkpt>
      <trkpt lat="30.732815" lon="34.937139">
        <ele>518.0</ele>
        <time>2026-03-17T07:33:55.000Z</time>
        <extensions>
          <gpxtpx:TrackPointExtension>
            <gpxtpx:hr>154</gpxtpx:hr>
            <gpxtpx:cad>49</gpxtpx:cad>
            <gpxtpx:atemp>301.65</gpxtpx:atemp>
          </gpxtpx:TrackPointExtension>
        </extensions>
      </trkpt>
      <trkpt lat="30.732926" lon="34.937253">
        <ele>516.0</ele>
        <time>2026-03-17T07:34:10.000Z</time>
        <extensions>
          <gpxtpx:TrackPointExtension>
            <gpxtpx:hr>151</gpxtpx:hr>
            <gpxtpx:cad>48</gpxtpx:cad>
            <gpxtpx:atemp>301.65</gpxtpx:atemp>
          </gpxtpx:TrackPointExtension>
        </extensions>
      </trkpt>
      <trkpt lat="30.732923" lon="34.937304">
        <ele>516.4</ele>
        <time>2026-03-17T07:34:15.000Z</time>
        <extensions>
          <gpxtpx:TrackPointExtension>
            <gpxtpx:hr>150</gpxtpx:hr>
            <gpxtpx:cad>0</gpxtpx:cad>
            <gpxtpx:atemp>301.65</gpxtpx:atemp>
          </gpxtpx:TrackPointExtension>
        </extensions>
      </trkpt>
      <trkpt lat="30.732989" lon="34.937440">
        <ele>515.5</ele>
        <time>2026-03-17T07:34:28.000Z</time>
        <extensions>
          <gpxtpx:TrackPointExtension>
            <gpxtpx:hr>150</gpxtpx:hr>
            <gpxtpx:cad>55</gpxtpx:cad>
            <gpxtpx:atemp>300.65</gpxtpx:atemp>
          </gpxtpx:TrackPointExtension>
        </extensions>
      </trkpt>
      <trkpt lat="30.733008" lon="34.937628">
        <ele>516.3</ele>
        <time>2026-03-17T07:34:44.000Z</time>
        <extensions>
          <gpxtpx:TrackPointExtension>
            <gpxtpx:hr>147</gpxtpx:hr>
            <gpxtpx:cad>52</gpxtpx:cad>
            <gpxtpx:atemp>300.65</gpxtpx:atemp>
          </gpxtpx:TrackPointExtension>
        </extensions>
      </trkpt>
      <trkpt lat="30.732984" lon="34.937691">
        <ele>517.5</ele>
        <time>2026-03-17T07:34:49.000Z</time>
        <extensions>
          <gpxtpx:TrackPointExtension>
            <gpxtpx:hr>147</gpxtpx:hr>
            <gpxtpx:cad>56</gpxtpx:cad>
            <gpxtpx:atemp>300.65</gpxtpx:atemp>
          </gpxtpx:TrackPointExtension>
        </extensions>
      </trkpt>
      <trkpt lat="30.732953" lon="34.937777">
        <ele>519.0</ele>
        <time>2026-03-17T07:34:58.000Z</time>
        <extensions>
          <gpxtpx:TrackPointExtension>
            <gpxtpx:hr>146</gpxtpx:hr>
            <gpxtpx:cad>48</gpxtpx:cad>
            <gpxtpx:atemp>301.65</gpxtpx:atemp>
          </gpxtpx:TrackPointExtension>
        </extensions>
      </trkpt>
      <trkpt lat="30.732968" lon="34.937855">
        <ele>519.2</ele>
        <time>2026-03-17T07:35:47.000Z</time>
        <extensions>
          <gpxtpx:TrackPointExtension>
            <gpxtpx:hr>133</gpxtpx:hr>
            <gpxtpx:cad>0</gpxtpx:cad>
            <gpxtpx:atemp>301.65</gpxtpx:atemp>
          </gpxtpx:TrackPointExtension>
        </extensions>
      </trkpt>
      <trkpt lat="30.732880" lon="34.937898">
        <ele>521.8</ele>
        <time>2026-03-17T07:36:00.000Z</time>
        <extensions>
          <gpxtpx:TrackPointExtension>
            <gpxtpx:hr>126</gpxtpx:hr>
            <gpxtpx:cad>51</gpxtpx:cad>
            <gpxtpx:atemp>302.65</gpxtpx:atemp>
          </gpxtpx:TrackPointExtension>
        </extensions>
      </trkpt>
      <trkpt lat="30.732815" lon="34.937923">
        <ele>523.6</ele>
        <time>2026-03-17T07:36:12.000Z</time>
        <extensions>
          <gpxtpx:TrackPointExtension>
            <gpxtpx:hr>119</gpxtpx:hr>
            <gpxtpx:cad>77</gpxtpx:cad>
            <gpxtpx:atemp>302.65</gpxtpx:atemp>
          </gpxtpx:TrackPointExtension>
        </extensions>
      </trkpt>
      <trkpt lat="30.732748" lon="34.937913">
        <ele>525.2</ele>
        <time>2026-03-17T07:36:18.000Z</time>
        <extensions>
          <gpxtpx:TrackPointExtension>
            <gpxtpx:hr>119</gpxtpx:hr>
            <gpxtpx:cad>47</gpxtpx:cad>
            <gpxtpx:atemp>302.65</gpxtpx:atemp>
          </gpxtpx:TrackPointExtension>
        </extensions>
      </trkpt>
      <trkpt lat="30.732643" lon="34.937968">
        <ele>528.3</ele>
        <time>2026-03-17T07:36:33.000Z</time>
        <extensions>
          <gpxtpx:TrackPointExtension>
            <gpxtpx:hr>138</gpxtpx:hr>
            <gpxtpx:cad>0</gpxtpx:cad>
            <gpxtpx:atemp>302.65</gpxtpx:atemp>
          </gpxtpx:TrackPointExtension>
        </extensions>
      </trkpt>
      <trkpt lat="30.732576" lon="34.938036">
        <ele>530.3</ele>
        <time>2026-03-17T07:36:44.000Z</time>
        <extensions>
          <gpxtpx:TrackPointExtension>
            <gpxtpx:hr>148</gpxtpx:hr>
            <gpxtpx:cad>43</gpxtpx:cad>
            <gpxtpx:atemp>302.65</gpxtpx:atemp>
          </gpxtpx:TrackPointExtension>
        </extensions>
      </trkpt>
      <trkpt lat="30.732542" lon="34.938106">
        <ele>531.6</ele>
        <time>2026-03-17T07:36:50.000Z</time>
        <extensions>
          <gpxtpx:TrackPointExtension>
            <gpxtpx:hr>151</gpxtpx:hr>
            <gpxtpx:cad>47</gpxtpx:cad>
            <gpxtpx:atemp>302.65</gpxtpx:atemp>
          </gpxtpx:TrackPointExtension>
        </extensions>
      </trkpt>
      <trkpt lat="30.732472" lon="34.938161">
        <ele>533.4</ele>
        <time>2026-03-17T07:36:59.000Z</time>
        <extensions>
          <gpxtpx:TrackPointExtension>
            <gpxtpx:hr>154</gpxtpx:hr>
            <gpxtpx:cad>47</gpxtpx:cad>
            <gpxtpx:atemp>302.65</gpxtpx:atemp>
          </gpxtpx:TrackPointExtension>
        </extensions>
      </trkpt>
      <trkpt lat="30.732373" lon="34.938228">
        <ele>536.0</ele>
        <time>2026-03-17T07:37:09.000Z</time>
        <extensions>
          <gpxtpx:TrackPointExtension>
            <gpxtpx:hr>152</gpxtpx:hr>
            <gpxtpx:cad>48</gpxtpx:cad>
            <gpxtpx:atemp>302.65</gpxtpx:atemp>
          </gpxtpx:TrackPointExtension>
        </extensions>
      </trkpt>
      <trkpt lat="30.732302" lon="34.938291">
        <ele>537.9</ele>
        <time>2026-03-17T07:37:17.000Z</time>
        <extensions>
          <gpxtpx:TrackPointExtension>
            <gpxtpx:hr>150</gpxtpx:hr>
            <gpxtpx:cad>54</gpxtpx:cad>
            <gpxtpx:atemp>302.65</gpxtpx:atemp>
          </gpxtpx:TrackPointExtension>
        </extensions>
      </trkpt>
      <trkpt lat="30.732213" lon="34.938312">
        <ele>539.8</ele>
        <time>2026-03-17T07:37:29.000Z</time>
        <extensions>
          <gpxtpx:TrackPointExtension>
            <gpxtpx:hr>145</gpxtpx:hr>
            <gpxtpx:cad>0</gpxtpx:cad>
            <gpxtpx:atemp>302.65</gpxtpx:atemp>
          </gpxtpx:TrackPointExtension>
        </extensions>
      </trkpt>
      <trkpt lat="30.732130" lon="34.938311">
        <ele>541.5</ele>
        <time>2026-03-17T07:37:37.000Z</time>
        <extensions>
          <gpxtpx:TrackPointExtension>
            <gpxtpx:hr>142</gpxtpx:hr>
            <gpxtpx:cad>0</gpxtpx:cad>
            <gpxtpx:atemp>303.65</gpxtpx:atemp>
          </gpxtpx:TrackPointExtension>
        </extensions>
      </trkpt>
      <trkpt lat="30.732088" lon="34.938348">
        <ele>542.5</ele>
        <time>2026-03-17T07:37:42.000Z</time>
        <extensions>
          <gpxtpx:TrackPointExtension>
            <gpxtpx:hr>143</gpxtpx:hr>
            <gpxtpx:cad>50</gpxtpx:cad>
            <gpxtpx:atemp>303.65</gpxtpx:atemp>
          </gpxtpx:TrackPointExtension>
        </extensions>
      </trkpt>
      <trkpt lat="30.731997" lon="34.938458">
        <ele>544.8</ele>
        <time>2026-03-17T07:37:54.000Z</time>
        <extensions>
          <gpxtpx:TrackPointExtension>
            <gpxtpx:hr>141</gpxtpx:hr>
            <gpxtpx:cad>0</gpxtpx:cad>
            <gpxtpx:atemp>303.65</gpxtpx:atemp>
          </gpxtpx:TrackPointExtension>
        </extensions>
      </trkpt>
      <trkpt lat="30.731910" lon="34.938564">
        <ele>547.2</ele>
        <time>2026-03-17T07:38:06.000Z</time>
        <extensions>
          <gpxtpx:TrackPointExtension>
            <gpxtpx:hr>131</gpxtpx:hr>
            <gpxtpx:cad>53</gpxtpx:cad>
            <gpxtpx:atemp>303.65</gpxtpx:atemp>
          </gpxtpx:TrackPointExtension>
        </extensions>
      </trkpt>
      <trkpt lat="30.731911" lon="34.938655">
        <ele>547.6</ele>
        <time>2026-03-17T07:38:14.000Z</time>
        <extensions>
          <gpxtpx:TrackPointExtension>
            <gpxtpx:hr>128</gpxtpx:hr>
            <gpxtpx:cad>0</gpxtpx:cad>
            <gpxtpx:atemp>303.65</gpxtpx:atemp>
          </gpxtpx:TrackPointExtension>
        </extensions>
      </trkpt>
      <trkpt lat="30.731960" lon="34.938726">
        <ele>547.1</ele>
        <time>2026-03-17T07:38:22.000Z</time>
        <extensions>
          <gpxtpx:TrackPointExtension>
            <gpxtpx:hr>129</gpxtpx:hr>
            <gpxtpx:cad>52</gpxtpx:cad>
            <gpxtpx:atemp>303.65</gpxtpx:atemp>
          </gpxtpx:TrackPointExtension>
        </extensions>
      </trkpt>
      <trkpt lat="30.731982" lon="34.938827">
        <ele>547.1</ele>
        <time>2026-03-17T07:38:30.000Z</time>
        <extensions>
          <gpxtpx:TrackPointExtension>
            <gpxtpx:hr>128</gpxtpx:hr>
            <gpxtpx:cad>48</gpxtpx:cad>
            <gpxtpx:atemp>303.65</gpxtpx:atemp>
          </gpxtpx:TrackPointExtension>
        </extensions>
      </trkpt>
      <trkpt lat="30.731942" lon="34.938978">
        <ele>548.4</ele>
        <time>2026-03-17T07:38:43.000Z</time>
        <extensions>
          <gpxtpx:TrackPointExtension>
            <gpxtpx:hr>133</gpxtpx:hr>
            <gpxtpx:cad>48</gpxtpx:cad>
            <gpxtpx:atemp>303.65</gpxtpx:atemp>
          </gpxtpx:TrackPointExtension>
        </extensions>
      </trkpt>
      <trkpt lat="30.731909" lon="34.939017">
        <ele>549.1</ele>
        <time>2026-03-17T07:38:48.000Z</time>
        <extensions>
          <gpxtpx:TrackPointExtension>
            <gpxtpx:hr>135</gpxtpx:hr>
            <gpxtpx:cad>52</gpxtpx:cad>
            <gpxtpx:atemp>303.65</gpxtpx:atemp>
          </gpxtpx:TrackPointExtension>
        </extensions>
      </trkpt>
      <trkpt lat="30.731833" lon="34.939141">
        <ele>551.0</ele>
        <time>2026-03-17T07:38:59.000Z</time>
        <extensions>
          <gpxtpx:TrackPointExtension>
            <gpxtpx:hr>138</gpxtpx:hr>
            <gpxtpx:cad>0</gpxtpx:cad>
            <gpxtpx:atemp>303.65</gpxtpx:atemp>
          </gpxtpx:TrackPointExtension>
        </extensions>
      </trkpt>
      <trkpt lat="30.731767" lon="34.939181">
        <ele>552.2</ele>
        <time>2026-03-17T07:39:07.000Z</time>
        <extensions>
          <gpxtpx:TrackPointExtension>
            <gpxtpx:hr>142</gpxtpx:hr>
            <gpxtpx:cad>0</gpxtpx:cad>
            <gpxtpx:atemp>303.65</gpxtpx:atemp>
          </gpxtpx:TrackPointExtension>
        </extensions>
      </trkpt>
      <trkpt lat="30.731683" lon="34.939292">
        <ele>554.2</ele>
        <time>2026-03-17T07:39:19.000Z</time>
        <extensions>
          <gpxtpx:TrackPointExtension>
            <gpxtpx:hr>148</gpxtpx:hr>
            <gpxtpx:cad>50</gpxtpx:cad>
            <gpxtpx:atemp>303.65</gpxtpx:atemp>
          </gpxtpx:TrackPointExtension>
        </extensions>
      </trkpt>
      <trkpt lat="30.731660" lon="34.939448">
        <ele>555.1</ele>
        <time>2026-03-17T07:39:31.000Z</time>
        <extensions>
          <gpxtpx:TrackPointExtension>
            <gpxtpx:hr>151</gpxtpx:hr>
            <gpxtpx:cad>53</gpxtpx:cad>
            <gpxtpx:atemp>303.65</gpxtpx:atemp>
          </gpxtpx:TrackPointExtension>
        </extensions>
      </trkpt>
      <trkpt lat="30.731622" lon="34.939529">
        <ele>556.1</ele>
        <time>2026-03-17T07:39:38.000Z</time>
        <extensions>
          <gpxtpx:TrackPointExtension>
            <gpxtpx:hr>155</gpxtpx:hr>
            <gpxtpx:cad>57</gpxtpx:cad>
            <gpxtpx:atemp>303.65</gpxtpx:atemp>
          </gpxtpx:TrackPointExtension>
        </extensions>
      </trkpt>
      <trkpt lat="30.731602" lon="34.939623">
        <ele>556.7</ele>
        <time>2026-03-17T07:39:45.000Z</time>
        <extensions>
          <gpxtpx:TrackPointExtension>
            <gpxtpx:hr>155</gpxtpx:hr>
            <gpxtpx:cad>52</gpxtpx:cad>
            <gpxtpx:atemp>303.65</gpxtpx:atemp>
          </gpxtpx:TrackPointExtension>
        </extensions>
      </trkpt>
      <trkpt lat="30.731591" lon="34.939756">
        <ele>557.0</ele>
        <time>2026-03-17T07:39:55.000Z</time>
        <extensions>
          <gpxtpx:TrackPointExtension>
            <gpxtpx:hr>156</gpxtpx:hr>
            <gpxtpx:cad>53</gpxtpx:cad>
            <gpxtpx:atemp>303.65</gpxtpx:atemp>
          </gpxtpx:TrackPointExtension>
        </extensions>
      </trkpt>
      <trkpt lat="30.731569" lon="34.939853">
        <ele>557.4</ele>
        <time>2026-03-17T07:40:06.000Z</time>
        <extensions>
          <gpxtpx:TrackPointExtension>
            <gpxtpx:hr>157</gpxtpx:hr>
            <gpxtpx:cad>76</gpxtpx:cad>
            <gpxtpx:atemp>303.65</gpxtpx:atemp>
          </gpxtpx:TrackPointExtension>
        </extensions>
      </trkpt>
      <trkpt lat="30.731611" lon="34.939952">
        <ele>556.8</ele>
        <time>2026-03-17T07:40:15.000Z</time>
        <extensions>
          <gpxtpx:TrackPointExtension>
            <gpxtpx:hr>153</gpxtpx:hr>
            <gpxtpx:cad>0</gpxtpx:cad>
            <gpxtpx:atemp>303.65</gpxtpx:atemp>
          </gpxtpx:TrackPointExtension>
        </extensions>
      </trkpt>
      <trkpt lat="30.731662" lon="34.940017">
        <ele>556.1</ele>
        <time>2026-03-17T07:40:22.000Z</time>
        <extensions>
          <gpxtpx:TrackPointExtension>
            <gpxtpx:hr>154</gpxtpx:hr>
            <gpxtpx:cad>54</gpxtpx:cad>
            <gpxtpx:atemp>303.65</gpxtpx:atemp>
          </gpxtpx:TrackPointExtension>
        </extensions>
      </trkpt>
      <trkpt lat="30.731712" lon="34.940158">
        <ele>555.3</ele>
        <time>2026-03-17T07:40:35.000Z</time>
        <extensions>
          <gpxtpx:TrackPointExtension>
            <gpxtpx:hr>155</gpxtpx:hr>
            <gpxtpx:cad>53</gpxtpx:cad>
            <gpxtpx:atemp>303.65</gpxtpx:atemp>
          </gpxtpx:TrackPointExtension>
        </extensions>
      </trkpt>
      <trkpt lat="30.731721" lon="34.940266">
        <ele>554.8</ele>
        <time>2026-03-17T07:40:48.000Z</time>
        <extensions>
          <gpxtpx:TrackPointExtension>
            <gpxtpx:hr>153</gpxtpx:hr>
            <gpxtpx:cad>0</gpxtpx:cad>
            <gpxtpx:atemp>302.65</gpxtpx:atemp>
          </gpxtpx:TrackPointExtension>
        </extensions>
      </trkpt>
      <trkpt lat="30.731708" lon="34.940357">
        <ele>554.6</ele>
        <time>2026-03-17T07:40:56.000Z</time>
        <extensions>
          <gpxtpx:TrackPointExtension>
            <gpxtpx:hr>148</gpxtpx:hr>
            <gpxtpx:cad>53</gpxtpx:cad>
            <gpxtpx:atemp>302.65</gpxtpx:atemp>
          </gpxtpx:TrackPointExtension>
        </extensions>
      </trkpt>
      <trkpt lat="30.731704" lon="34.940444">
        <ele>554.4</ele>
        <time>2026-03-17T07:41:21.000Z</time>
        <extensions>
          <gpxtpx:TrackPointExtension>
            <gpxtpx:hr>141</gpxtpx:hr>
            <gpxtpx:cad>0</gpxtpx:cad>
            <gpxtpx:atemp>302.65</gpxtpx:atemp>
          </gpxtpx:TrackPointExtension>
        </extensions>
      </trkpt>
      <trkpt lat="30.731729" lon="34.940569">
        <ele>553.6</ele>
        <time>2026-03-17T07:41:34.000Z</time>
        <extensions>
          <gpxtpx:TrackPointExtension>
            <gpxtpx:hr>139</gpxtpx:hr>
            <gpxtpx:cad>47</gpxtpx:cad>
            <gpxtpx:atemp>302.65</gpxtpx:atemp>
          </gpxtpx:TrackPointExtension>
        </extensions>
      </trkpt>
      <trkpt lat="30.731699" lon="34.940668">
        <ele>553.6</ele>
        <time>2026-03-17T07:41:43.000Z</time>
        <extensions>
          <gpxtpx:TrackPointExtension>
            <gpxtpx:hr>139</gpxtpx:hr>
            <gpxtpx:cad>0</gpxtpx:cad>
            <gpxtpx:atemp>302.65</gpxtpx:atemp>
          </gpxtpx:TrackPointExtension>
        </extensions>
      </trkpt>
      <trkpt lat="30.731729" lon="34.940796">
        <ele>552.7</ele>
        <time>2026-03-17T07:41:55.000Z</time>
        <extensions>
          <gpxtpx:TrackPointExtension>
            <gpxtpx:hr>140</gpxtpx:hr>
            <gpxtpx:cad>0</gpxtpx:cad>
            <gpxtpx:atemp>302.65</gpxtpx:atemp>
          </gpxtpx:TrackPointExtension>
        </extensions>
      </trkpt>
      <trkpt lat="30.731749" lon="34.940853">
        <ele>552.2</ele>
        <time>2026-03-17T07:42:02.000Z</time>
        <extensions>
          <gpxtpx:TrackPointExtension>
            <gpxtpx:hr>143</gpxtpx:hr>
            <gpxtpx:cad>50</gpxtpx:cad>
            <gpxtpx:atemp>302.65</gpxtpx:atemp>
          </gpxtpx:TrackPointExtension>
        </extensions>
      </trkpt>
      <trkpt lat="30.731836" lon="34.940933">
        <ele>550.8</ele>
        <time>2026-03-17T07:42:12.000Z</time>
        <extensions>
          <gpxtpx:TrackPointExtension>
            <gpxtpx:hr>144</gpxtpx:hr>
            <gpxtpx:cad>53</gpxtpx:cad>
            <gpxtpx:atemp>302.65</gpxtpx:atemp>
          </gpxtpx:TrackPointExtension>
        </extensions>
      </trkpt>
      <trkpt lat="30.731926" lon="34.941022">
        <ele>549.5</ele>
        <time>2026-03-17T07:42:22.000Z</time>
        <extensions>
          <gpxtpx:TrackPointExtension>
            <gpxtpx:hr>142</gpxtpx:hr>
            <gpxtpx:cad>55</gpxtpx:cad>
            <gpxtpx:atemp>302.65</gpxtpx:atemp>
          </gpxtpx:TrackPointExtension>
        </extensions>
      </trkpt>
      <trkpt lat="30.731990" lon="34.941061">
        <ele>548.7</ele>
        <time>2026-03-17T07:42:29.000Z</time>
        <extensions>
          <gpxtpx:TrackPointExtension>
            <gpxtpx:hr>145</gpxtpx:hr>
            <gpxtpx:cad>57</gpxtpx:cad>
            <gpxtpx:atemp>302.65</gpxtpx:atemp>
          </gpxtpx:TrackPointExtension>
        </extensions>
      </trkpt>
      <trkpt lat="30.732072" lon="34.941060">
        <ele>547.8</ele>
        <time>2026-03-17T07:42:37.000Z</time>
        <extensions>
          <gpxtpx:TrackPointExtension>
            <gpxtpx:hr>142</gpxtpx:hr>
            <gpxtpx:cad>58</gpxtpx:cad>
            <gpxtpx:atemp>302.65</gpxtpx:atemp>
          </gpxtpx:TrackPointExtension>
        </extensions>
      </trkpt>
      <trkpt lat="30.732128" lon="34.941093">
        <ele>547.2</ele>
        <time>2026-03-17T07:42:43.000Z</time>
        <extensions>
          <gpxtpx:TrackPointExtension>
            <gpxtpx:hr>138</gpxtpx:hr>
            <gpxtpx:cad>59</gpxtpx:cad>
            <gpxtpx:atemp>302.65</gpxtpx:atemp>
          </gpxtpx:TrackPointExtension>
        </extensions>
      </trkpt>
      <trkpt lat="30.732207" lon="34.941117">
        <ele>546.6</ele>
        <time>2026-03-17T07:42:49.000Z</time>
        <extensions>
          <gpxtpx:TrackPointExtension>
            <gpxtpx:hr>138</gpxtpx:hr>
            <gpxtpx:cad>52</gpxtpx:cad>
            <gpxtpx:atemp>302.65</gpxtpx:atemp>
          </gpxtpx:TrackPointExtension>
        </extensions>
      </trkpt>
      <trkpt lat="30.732284" lon="34.941055">
        <ele>546.3</ele>
        <time>2026-03-17T07:42:58.000Z</time>
        <extensions>
          <gpxtpx:TrackPointExtension>
            <gpxtpx:hr>137</gpxtpx:hr>
            <gpxtpx:cad>54</gpxtpx:cad>
            <gpxtpx:atemp>302.65</gpxtpx:atemp>
          </gpxtpx:TrackPointExtension>
        </extensions>
      </trkpt>
      <trkpt lat="30.732397" lon="34.940981">
        <ele>545.7</ele>
        <time>2026-03-17T07:43:09.000Z</time>
        <extensions>
          <gpxtpx:TrackPointExtension>
            <gpxtpx:hr>133</gpxtpx:hr>
            <gpxtpx:cad>51</gpxtpx:cad>
            <gpxtpx:atemp>302.65</gpxtpx:atemp>
          </gpxtpx:TrackPointExtension>
        </extensions>
      </trkpt>
      <trkpt lat="30.732485" lon="34.940982">
        <ele>545.1</ele>
        <time>2026-03-17T07:43:17.000Z</time>
        <extensions>
          <gpxtpx:TrackPointExtension>
            <gpxtpx:hr>135</gpxtpx:hr>
            <gpxtpx:cad>55</gpxtpx:cad>
            <gpxtpx:atemp>301.65</gpxtpx:atemp>
          </gpxtpx:TrackPointExtension>
        </extensions>
      </trkpt>
      <trkpt lat="30.732532" lon="34.941005">
        <ele>544.6</ele>
        <time>2026-03-17T07:43:21.000Z</time>
        <extensions>
          <gpxtpx:TrackPointExtension>
            <gpxtpx:hr>137</gpxtpx:hr>
            <gpxtpx:cad>54</gpxtpx:cad>
            <gpxtpx:atemp>301.65</gpxtpx:atemp>
          </gpxtpx:TrackPointExtension>
        </extensions>
      </trkpt>
      <trkpt lat="30.732617" lon="34.941074">
        <ele>543.5</ele>
        <time>2026-03-17T07:43:29.000Z</time>
        <extensions>
          <gpxtpx:TrackPointExtension>
            <gpxtpx:hr>142</gpxtpx:hr>
            <gpxtpx:cad>57</gpxtpx:cad>
            <gpxtpx:atemp>301.65</gpxtpx:atemp>
          </gpxtpx:TrackPointExtension>
        </extensions>
      </trkpt>
      <trkpt lat="30.732797" lon="34.941149">
        <ele>541.0</ele>
        <time>2026-03-17T07:43:39.000Z</time>
        <extensions>
          <gpxtpx:TrackPointExtension>
            <gpxtpx:hr>136</gpxtpx:hr>
            <gpxtpx:cad>76</gpxtpx:cad>
            <gpxtpx:atemp>301.65</gpxtpx:atemp>
          </gpxtpx:TrackPointExtension>
        </extensions>
      </trkpt>
      <trkpt lat="30.732908" lon="34.941181">
        <ele>539.6</ele>
        <time>2026-03-17T07:43:45.000Z</time>
        <extensions>
          <gpxtpx:TrackPointExtension>
            <gpxtpx:hr>136</gpxtpx:hr>
            <gpxtpx:cad>77</gpxtpx:cad>
            <gpxtpx:atemp>301.65</gpxtpx:atemp>
          </gpxtpx:TrackPointExtension>
        </extensions>
      </trkpt>
      <trkpt lat="30.732985" lon="34.941211">
        <ele>538.1</ele>
        <time>2026-03-17T07:43:49.000Z</time>
        <extensions>
          <gpxtpx:TrackPointExtension>
            <gpxtpx:hr>136</gpxtpx:hr>
            <gpxtpx:cad>78</gpxtpx:cad>
            <gpxtpx:atemp>301.65</gpxtpx:atemp>
          </gpxtpx:TrackPointExtension>
        </extensions>
      </trkpt>
      <trkpt lat="30.733032" lon="34.941244">
        <ele>537.0</ele>
        <time>2026-03-17T07:43:53.000Z</time>
        <extensions>
          <gpxtpx:TrackPointExtension>
            <gpxtpx:hr>136</gpxtpx:hr>
            <gpxtpx:cad>77</gpxtpx:cad>
            <gpxtpx:atemp>301.65</gpxtpx:atemp>
          </gpxtpx:TrackPointExtension>
        </extensions>
      </trkpt>
      <trkpt lat="30.733095" lon="34.941323">
        <ele>535.2</ele>
        <time>2026-03-17T07:44:00.000Z</time>
        <extensions>
          <gpxtpx:TrackPointExtension>
            <gpxtpx:hr>138</gpxtpx:hr>
            <gpxtpx:cad>58</gpxtpx:cad>
            <gpxtpx:atemp>300.65</gpxtpx:atemp>
          </gpxtpx:TrackPointExtension>
        </extensions>
      </trkpt>
      <trkpt lat="30.733165" lon="34.941380">
        <ele>533.5</ele>
        <time>2026-03-17T07:44:07.000Z</time>
        <extensions>
          <gpxtpx:TrackPointExtension>
            <gpxtpx:hr>142</gpxtpx:hr>
            <gpxtpx:cad>0</gpxtpx:cad>
            <gpxtpx:atemp>300.65</gpxtpx:atemp>
          </gpxtpx:TrackPointExtension>
        </extensions>
      </trkpt>
      <trkpt lat="30.733323" lon="34.941437">
        <ele>530.0</ele>
        <time>2026-03-17T07:44:20.000Z</time>
        <extensions>
          <gpxtpx:TrackPointExtension>
            <gpxtpx:hr>145</gpxtpx:hr>
            <gpxtpx:cad>57</gpxtpx:cad>
            <gpxtpx:atemp>300.65</gpxtpx:atemp>
          </gpxtpx:TrackPointExtension>
        </extensions>
      </trkpt>
      <trkpt lat="30.733384" lon="34.941479">
        <ele>528.4</ele>
        <time>2026-03-17T07:44:29.000Z</time>
        <extensions>
          <gpxtpx:TrackPointExtension>
            <gpxtpx:hr>139</gpxtpx:hr>
            <gpxtpx:cad>56</gpxtpx:cad>
            <gpxtpx:atemp>300.65</gpxtpx:atemp>
          </gpxtpx:TrackPointExtension>
        </extensions>
      </trkpt>
      <trkpt lat="30.733489" lon="34.941462">
        <ele>526.3</ele>
        <time>2026-03-17T07:44:40.000Z</time>
        <extensions>
          <gpxtpx:TrackPointExtension>
            <gpxtpx:hr>140</gpxtpx:hr>
            <gpxtpx:cad>54</gpxtpx:cad>
            <gpxtpx:atemp>301.65</gpxtpx:atemp>
          </gpxtpx:TrackPointExtension>
        </extensions>
      </trkpt>
      <trkpt lat="30.733590" lon="34.941508">
        <ele>523.7</ele>
        <time>2026-03-17T07:44:51.000Z</time>
        <extensions>
          <gpxtpx:TrackPointExtension>
            <gpxtpx:hr>135</gpxtpx:hr>
            <gpxtpx:cad>0</gpxtpx:cad>
            <gpxtpx:atemp>301.65</gpxtpx:atemp>
          </gpxtpx:TrackPointExtension>
        </extensions>
      </trkpt>
      <trkpt lat="30.733629" lon="34.941584">
        <ele>522.2</ele>
        <time>2026-03-17T07:44:57.000Z</time>
        <extensions>
          <gpxtpx:TrackPointExtension>
            <gpxtpx:hr>133</gpxtpx:hr>
            <gpxtpx:cad>0</gpxtpx:cad>
            <gpxtpx:atemp>301.65</gpxtpx:atemp>
          </gpxtpx:TrackPointExtension>
        </extensions>
      </trkpt>
      <trkpt lat="30.733685" lon="34.941638">
        <ele>520.6</ele>
        <time>2026-03-17T07:45:04.000Z</time>
        <extensions>
          <gpxtpx:TrackPointExtension>
            <gpxtpx:hr>132</gpxtpx:hr>
            <gpxtpx:cad>66</gpxtpx:cad>
            <gpxtpx:atemp>301.65</gpxtpx:atemp>
          </gpxtpx:TrackPointExtension>
        </extensions>
      </trkpt>
      <trkpt lat="30.733760" lon="34.941762">
        <ele>518.2</ele>
        <time>2026-03-17T07:45:14.000Z</time>
        <extensions>
          <gpxtpx:TrackPointExtension>
            <gpxtpx:hr>130</gpxtpx:hr>
            <gpxtpx:cad>60</gpxtpx:cad>
            <gpxtpx:atemp>300.65</gpxtpx:atemp>
          </gpxtpx:TrackPointExtension>
        </extensions>
      </trkpt>
      <trkpt lat="30.733770" lon="34.941805">
        <ele>517.7</ele>
        <time>2026-03-17T07:45:17.000Z</time>
        <extensions>
          <gpxtpx:TrackPointExtension>
            <gpxtpx:hr>130</gpxtpx:hr>
            <gpxtpx:cad>60</gpxtpx:cad>
            <gpxtpx:atemp>300.65</gpxtpx:atemp>
          </gpxtpx:TrackPointExtension>
        </extensions>
      </trkpt>
      <trkpt lat="30.733764" lon="34.941914">
        <ele>517.4</ele>
        <time>2026-03-17T07:45:25.000Z</time>
        <extensions>
          <gpxtpx:TrackPointExtension>
            <gpxtpx:hr>128</gpxtpx:hr>
            <gpxtpx:cad>0</gpxtpx:cad>
            <gpxtpx:atemp>300.65</gpxtpx:atemp>
          </gpxtpx:TrackPointExtension>
        </extensions>
      </trkpt>
      <trkpt lat="30.733781" lon="34.941963">
        <ele>517.1</ele>
        <time>2026-03-17T07:45:34.000Z</time>
        <extensions>
          <gpxtpx:TrackPointExtension>
            <gpxtpx:hr>135</gpxtpx:hr>
            <gpxtpx:cad>0</gpxtpx:cad>
            <gpxtpx:atemp>300.65</gpxtpx:atemp>
          </gpxtpx:TrackPointExtension>
        </extensions>
      </trkpt>
      <trkpt lat="30.733754" lon="34.941989">
        <ele>517.3</ele>
        <time>2026-03-17T07:45:37.000Z</time>
        <extensions>
          <gpxtpx:TrackPointExtension>
            <gpxtpx:hr>135</gpxtpx:hr>
            <gpxtpx:cad>0</gpxtpx:cad>
            <gpxtpx:atemp>300.65</gpxtpx:atemp>
          </gpxtpx:TrackPointExtension>
        </extensions>
      </trkpt>
      <trkpt lat="30.733663" lon="34.942027">
        <ele>518.8</ele>
        <time>2026-03-17T07:45:46.000Z</time>
        <extensions>
          <gpxtpx:TrackPointExtension>
            <gpxtpx:hr>137</gpxtpx:hr>
            <gpxtpx:cad>57</gpxtpx:cad>
            <gpxtpx:atemp>300.65</gpxtpx:atemp>
          </gpxtpx:TrackPointExtension>
        </extensions>
      </trkpt>
      <trkpt lat="30.733563" lon="34.942062">
        <ele>520.5</ele>
        <time>2026-03-17T07:45:54.000Z</time>
        <extensions>
          <gpxtpx:TrackPointExtension>
            <gpxtpx:hr>138</gpxtpx:hr>
            <gpxtpx:cad>60</gpxtpx:cad>
            <gpxtpx:atemp>300.65</gpxtpx:atemp>
          </gpxtpx:TrackPointExtension>
        </extensions>
      </trkpt>
      <trkpt lat="30.733446" lon="34.942141">
        <ele>522.5</ele>
        <time>2026-03-17T07:46:05.000Z</time>
        <extensions>
          <gpxtpx:TrackPointExtension>
            <gpxtpx:hr>138</gpxtpx:hr>
            <gpxtpx:cad>0</gpxtpx:cad>
            <gpxtpx:atemp>301.65</gpxtpx:atemp>
          </gpxtpx:TrackPointExtension>
        </extensions>
      </trkpt>
      <trkpt lat="30.733380" lon="34.942201">
        <ele>523.7</ele>
        <time>2026-03-17T07:46:13.000Z</time>
        <extensions>
          <gpxtpx:TrackPointExtension>
            <gpxtpx:hr>142</gpxtpx:hr>
            <gpxtpx:cad>48</gpxtpx:cad>
            <gpxtpx:atemp>301.65</gpxtpx:atemp>
          </gpxtpx:TrackPointExtension>
        </extensions>
      </trkpt>
      <trkpt lat="30.733372" lon="34.942295">
        <ele>523.6</ele>
        <time>2026-03-17T07:46:23.000Z</time>
        <extensions>
          <gpxtpx:TrackPointExtension>
            <gpxtpx:hr>143</gpxtpx:hr>
            <gpxtpx:cad>57</gpxtpx:cad>
            <gpxtpx:atemp>301.65</gpxtpx:atemp>
          </gpxtpx:TrackPointExtension>
        </extensions>
      </trkpt>
      <trkpt lat="30.733313" lon="34.942348">
        <ele>524.3</ele>
        <time>2026-03-17T07:46:31.000Z</time>
        <extensions>
          <gpxtpx:TrackPointExtension>
            <gpxtpx:hr>147</gpxtpx:hr>
            <gpxtpx:cad>46</gpxtpx:cad>
            <gpxtpx:atemp>301.65</gpxtpx:atemp>
          </gpxtpx:TrackPointExtension>
        </extensions>
      </trkpt>
      <trkpt lat="30.733175" lon="34.942368">
        <ele>526.3</ele>
        <time>2026-03-17T07:46:49.000Z</time>
        <extensions>
          <gpxtpx:TrackPointExtension>
            <gpxtpx:hr>147</gpxtpx:hr>
            <gpxtpx:cad>0</gpxtpx:cad>
            <gpxtpx:atemp>301.65</gpxtpx:atemp>
          </gpxtpx:TrackPointExtension>
        </extensions>
      </trkpt>
      <trkpt lat="30.733155" lon="34.942451">
        <ele>526.5</ele>
        <time>2026-03-17T07:46:59.000Z</time>
        <extensions>
          <gpxtpx:TrackPointExtension>
            <gpxtpx:hr>148</gpxtpx:hr>
            <gpxtpx:cad>0</gpxtpx:cad>
            <gpxtpx:atemp>301.65</gpxtpx:atemp>
          </gpxtpx:TrackPointExtension>
        </extensions>
      </trkpt>
      <trkpt lat="30.733084" lon="34.942551">
        <ele>527.3</ele>
        <time>2026-03-17T07:47:10.000Z</time>
        <extensions>
          <gpxtpx:TrackPointExtension>
            <gpxtpx:hr>146</gpxtpx:hr>
            <gpxtpx:cad>0</gpxtpx:cad>
            <gpxtpx:atemp>301.65</gpxtpx:atemp>
          </gpxtpx:TrackPointExtension>
        </extensions>
      </trkpt>
      <trkpt lat="30.733037" lon="34.942624">
        <ele>527.7</ele>
        <time>2026-03-17T07:47:17.000Z</time>
        <extensions>
          <gpxtpx:TrackPointExtension>
            <gpxtpx:hr>144</gpxtpx:hr>
            <gpxtpx:cad>55</gpxtpx:cad>
            <gpxtpx:atemp>301.65</gpxtpx:atemp>
          </gpxtpx:TrackPointExtension>
        </extensions>
      </trkpt>
      <trkpt lat="30.733060" lon="34.942641">
        <ele>527.5</ele>
        <time>2026-03-17T07:47:33.000Z</time>
        <extensions>
          <gpxtpx:TrackPointExtension>
            <gpxtpx:hr>139</gpxtpx:hr>
            <gpxtpx:cad>0</gpxtpx:cad>
            <gpxtpx:atemp>302.65</gpxtpx:atemp>
          </gpxtpx:TrackPointExtension>
        </extensions>
      </trkpt>
      <trkpt lat="30.733140" lon="34.942673">
        <ele>526.6</ele>
        <time>2026-03-17T07:47:49.000Z</time>
        <extensions>
          <gpxtpx:TrackPointExtension>
            <gpxtpx:hr>138</gpxtpx:hr>
            <gpxtpx:cad>56</gpxtpx:cad>
            <gpxtpx:atemp>302.65</gpxtpx:atemp>
          </gpxtpx:TrackPointExtension>
        </extensions>
      </trkpt>
      <trkpt lat="30.733110" lon="34.942721">
        <ele>526.9</ele>
        <time>2026-03-17T07:47:53.000Z</time>
        <extensions>
          <gpxtpx:TrackPointExtension>
            <gpxtpx:hr>137</gpxtpx:hr>
            <gpxtpx:cad>56</gpxtpx:cad>
            <gpxtpx:atemp>302.65</gpxtpx:atemp>
          </gpxtpx:TrackPointExtension>
        </extensions>
      </trkpt>
      <trkpt lat="30.733183" lon="34.942811">
        <ele>526.1</ele>
        <time>2026-03-17T07:48:09.000Z</time>
        <extensions>
          <gpxtpx:TrackPointExtension>
            <gpxtpx:hr>131</gpxtpx:hr>
            <gpxtpx:cad>51</gpxtpx:cad>
            <gpxtpx:atemp>302.65</gpxtpx:atemp>
          </gpxtpx:TrackPointExtension>
        </extensions>
      </trkpt>
      <trkpt lat="30.733200" lon="34.942918">
        <ele>526.0</ele>
        <time>2026-03-17T07:48:15.000Z</time>
        <extensions>
          <gpxtpx:TrackPointExtension>
            <gpxtpx:hr>133</gpxtpx:hr>
            <gpxtpx:cad>75</gpxtpx:cad>
            <gpxtpx:atemp>302.65</gpxtpx:atemp>
          </gpxtpx:TrackPointExtension>
        </extensions>
      </trkpt>
      <trkpt lat="30.733264" lon="34.943078">
        <ele>527.2</ele>
        <time>2026-03-17T07:48:24.000Z</time>
        <extensions>
          <gpxtpx:TrackPointExtension>
            <gpxtpx:hr>135</gpxtpx:hr>
            <gpxtpx:cad>72</gpxtpx:cad>
            <gpxtpx:atemp>301.65</gpxtpx:atemp>
          </gpxtpx:TrackPointExtension>
        </extensions>
      </trkpt>
      <trkpt lat="30.733300" lon="34.943201">
        <ele>528.3</ele>
        <time>2026-03-17T07:48:32.000Z</time>
        <extensions>
          <gpxtpx:TrackPointExtension>
            <gpxtpx:hr>138</gpxtpx:hr>
            <gpxtpx:cad>73</gpxtpx:cad>
            <gpxtpx:atemp>301.65</gpxtpx:atemp>
          </gpxtpx:TrackPointExtension>
        </extensions>
      </trkpt>
      <trkpt lat="30.733379" lon="34.943290">
        <ele>529.2</ele>
        <time>2026-03-17T07:48:40.000Z</time>
        <extensions>
          <gpxtpx:TrackPointExtension>
            <gpxtpx:hr>138</gpxtpx:hr>
            <gpxtpx:cad>0</gpxtpx:cad>
            <gpxtpx:atemp>301.65</gpxtpx:atemp>
          </gpxtpx:TrackPointExtension>
        </extensions>
      </trkpt>
      <trkpt lat="30.733521" lon="34.943314">
        <ele>528.8</ele>
        <time>2026-03-17T07:48:49.000Z</time>
        <extensions>
          <gpxtpx:TrackPointExtension>
            <gpxtpx:hr>139</gpxtpx:hr>
            <gpxtpx:cad>74</gpxtpx:cad>
            <gpxtpx:atemp>301.65</gpxtpx:atemp>
          </gpxtpx:TrackPointExtension>
        </extensions>
      </trkpt>
      <trkpt lat="30.733611" lon="34.943297">
        <ele>527.8</ele>
        <time>2026-03-17T07:48:54.000Z</time>
        <extensions>
          <gpxtpx:TrackPointExtension>
            <gpxtpx:hr>143</gpxtpx:hr>
            <gpxtpx:cad>75</gpxtpx:cad>
            <gpxtpx:atemp>301.65</gpxtpx:atemp>
          </gpxtpx:TrackPointExtension>
        </extensions>
      </trkpt>
      <trkpt lat="30.733751" lon="34.943228">
        <ele>525.6</ele>
        <time>2026-03-17T07:49:02.000Z</time>
        <extensions>
          <gpxtpx:TrackPointExtension>
            <gpxtpx:hr>148</gpxtpx:hr>
            <gpxtpx:cad>75</gpxtpx:cad>
            <gpxtpx:atemp>301.65</gpxtpx:atemp>
          </gpxtpx:TrackPointExtension>
        </extensions>
      </trkpt>
      <trkpt lat="30.733868" lon="34.943155">
        <ele>523.6</ele>
        <time>2026-03-17T07:49:10.000Z</time>
        <extensions>
          <gpxtpx:TrackPointExtension>
            <gpxtpx:hr>152</gpxtpx:hr>
            <gpxtpx:cad>75</gpxtpx:cad>
            <gpxtpx:atemp>301.65</gpxtpx:atemp>
          </gpxtpx:TrackPointExtension>
        </extensions>
      </trkpt>
      <trkpt lat="30.733971" lon="34.943141">
        <ele>522.6</ele>
        <time>2026-03-17T07:49:16.000Z</time>
        <extensions>
          <gpxtpx:TrackPointExtension>
            <gpxtpx:hr>154</gpxtpx:hr>
            <gpxtpx:cad>71</gpxtpx:cad>
            <gpxtpx:atemp>301.65</gpxtpx:atemp>
          </gpxtpx:TrackPointExtension>
        </extensions>
      </trkpt>
      <trkpt lat="30.734002" lon="34.943153">
        <ele>522.6</ele>
        <time>2026-03-17T07:49:18.000Z</time>
        <extensions>
          <gpxtpx:TrackPointExtension>
            <gpxtpx:hr>154</gpxtpx:hr>
            <gpxtpx:cad>72</gpxtpx:cad>
            <gpxtpx:atemp>301.65</gpxtpx:atemp>
          </gpxtpx:TrackPointExtension>
        </extensions>
      </trkpt>
      <trkpt lat="30.734150" lon="34.943154">
        <ele>521.2</ele>
        <time>2026-03-17T07:49:26.000Z</time>
        <extensions>
          <gpxtpx:TrackPointExtension>
            <gpxtpx:hr>154</gpxtpx:hr>
            <gpxtpx:cad>74</gpxtpx:cad>
            <gpxtpx:atemp>300.65</gpxtpx:atemp>
          </gpxtpx:TrackPointExtension>
        </extensions>
      </trkpt>
      <trkpt lat="30.734223" lon="34.943118">
        <ele>520.0</ele>
        <time>2026-03-17T07:49:31.000Z</time>
        <extensions>
          <gpxtpx:TrackPointExtension>
            <gpxtpx:hr>155</gpxtpx:hr>
            <gpxtpx:cad>74</gpxtpx:cad>
            <gpxtpx:atemp>300.65</gpxtpx:atemp>
          </gpxtpx:TrackPointExtension>
        </extensions>
      </trkpt>
      <trkpt lat="30.734389" lon="34.943092">
        <ele>518.1</ele>
        <time>2026-03-17T07:49:42.000Z</time>
        <extensions>
          <gpxtpx:TrackPointExtension>
            <gpxtpx:hr>154</gpxtpx:hr>
            <gpxtpx:cad>78</gpxtpx:cad>
            <gpxtpx:atemp>300.65</gpxtpx:atemp>
          </gpxtpx:TrackPointExtension>
        </extensions>
      </trkpt>
      <trkpt lat="30.734472" lon="34.943136">
        <ele>517.7</ele>
        <time>2026-03-17T07:49:48.000Z</time>
        <extensions>
          <gpxtpx:TrackPointExtension>
            <gpxtpx:hr>151</gpxtpx:hr>
            <gpxtpx:cad>80</gpxtpx:cad>
            <gpxtpx:atemp>300.65</gpxtpx:atemp>
          </gpxtpx:TrackPointExtension>
        </extensions>
      </trkpt>
      <trkpt lat="30.734601" lon="34.943149">
        <ele>516.5</ele>
        <time>2026-03-17T07:49:55.000Z</time>
        <extensions>
          <gpxtpx:TrackPointExtension>
            <gpxtpx:hr>150</gpxtpx:hr>
            <gpxtpx:cad>80</gpxtpx:cad>
            <gpxtpx:atemp>300.65</gpxtpx:atemp>
          </gpxtpx:TrackPointExtension>
        </extensions>
      </trkpt>
      <trkpt lat="30.734702" lon="34.943111">
        <ele>515.5</ele>
        <time>2026-03-17T07:50:03.000Z</time>
        <extensions>
          <gpxtpx:TrackPointExtension>
            <gpxtpx:hr>150</gpxtpx:hr>
            <gpxtpx:cad>73</gpxtpx:cad>
            <gpxtpx:atemp>300.65</gpxtpx:atemp>
          </gpxtpx:TrackPointExtension>
        </extensions>
      </trkpt>
      <trkpt lat="30.734736" lon="34.943081">
        <ele>515.1</ele>
        <time>2026-03-17T07:50:05.000Z</time>
        <extensions>
          <gpxtpx:TrackPointExtension>
            <gpxtpx:hr>150</gpxtpx:hr>
            <gpxtpx:cad>71</gpxtpx:cad>
            <gpxtpx:atemp>300.65</gpxtpx:atemp>
          </gpxtpx:TrackPointExtension>
        </extensions>
      </trkpt>
      <trkpt lat="30.734822" lon="34.942970">
        <ele>513.7</ele>
        <time>2026-03-17T07:50:13.000Z</time>
        <extensions>
          <gpxtpx:TrackPointExtension>
            <gpxtpx:hr>146</gpxtpx:hr>
            <gpxtpx:cad>73</gpxtpx:cad>
            <gpxtpx:atemp>300.65</gpxtpx:atemp>
          </gpxtpx:TrackPointExtension>
        </extensions>
      </trkpt>
      <trkpt lat="30.734871" lon="34.942883">
        <ele>512.7</ele>
        <time>2026-03-17T07:50:22.000Z</time>
        <extensions>
          <gpxtpx:TrackPointExtension>
            <gpxtpx:hr>150</gpxtpx:hr>
            <gpxtpx:cad>0</gpxtpx:cad>
            <gpxtpx:atemp>300.65</gpxtpx:atemp>
          </gpxtpx:TrackPointExtension>
        </extensions>
      </trkpt>
      <trkpt lat="30.734972" lon="34.942851">
        <ele>511.7</ele>
        <time>2026-03-17T07:50:32.000Z</time>
        <extensions>
          <gpxtpx:TrackPointExtension>
            <gpxtpx:hr>155</gpxtpx:hr>
            <gpxtpx:cad>66</gpxtpx:cad>
            <gpxtpx:atemp>300.65</gpxtpx:atemp>
          </gpxtpx:TrackPointExtension>
        </extensions>
      </trkpt>
      <trkpt lat="30.735046" lon="34.942879">
        <ele>511.4</ele>
        <time>2026-03-17T07:50:40.000Z</time>
        <extensions>
          <gpxtpx:TrackPointExtension>
            <gpxtpx:hr>156</gpxtpx:hr>
            <gpxtpx:cad>64</gpxtpx:cad>
            <gpxtpx:atemp>300.65</gpxtpx:atemp>
          </gpxtpx:TrackPointExtension>
        </extensions>
      </trkpt>
      <trkpt lat="30.735103" lon="34.942937">
        <ele>511.3</ele>
        <time>2026-03-17T07:50:46.000Z</time>
        <extensions>
          <gpxtpx:TrackPointExtension>
            <gpxtpx:hr>155</gpxtpx:hr>
            <gpxtpx:cad>64</gpxtpx:cad>
            <gpxtpx:atemp>300.65</gpxtpx:atemp>
          </gpxtpx:TrackPointExtension>
        </extensions>
      </trkpt>
      <trkpt lat="30.735240" lon="34.942936">
        <ele>509.6</ele>
        <time>2026-03-17T07:50:59.000Z</time>
        <extensions>
          <gpxtpx:TrackPointExtension>
            <gpxtpx:hr>145</gpxtpx:hr>
            <gpxtpx:cad>61</gpxtpx:cad>
            <gpxtpx:atemp>300.65</gpxtpx:atemp>
          </gpxtpx:TrackPointExtension>
        </extensions>
      </trkpt>
      <trkpt lat="30.735316" lon="34.942907">
        <ele>508.4</ele>
        <time>2026-03-17T07:51:07.000Z</time>
        <extensions>
          <gpxtpx:TrackPointExtension>
            <gpxtpx:hr>141</gpxtpx:hr>
            <gpxtpx:cad>63</gpxtpx:cad>
            <gpxtpx:atemp>299.65</gpxtpx:atemp>
          </gpxtpx:TrackPointExtension>
        </extensions>
      </trkpt>
      <trkpt lat="30.735397" lon="34.942897">
        <ele>507.2</ele>
        <time>2026-03-17T07:51:13.000Z</time>
        <extensions>
          <gpxtpx:TrackPointExtension>
            <gpxtpx:hr>138</gpxtpx:hr>
            <gpxtpx:cad>71</gpxtpx:cad>
            <gpxtpx:atemp>300.65</gpxtpx:atemp>
          </gpxtpx:TrackPointExtension>
        </extensions>
      </trkpt>
      <trkpt lat="30.735491" lon="34.942909">
        <ele>505.9</ele>
        <time>2026-03-17T07:51:21.000Z</time>
        <extensions>
          <gpxtpx:TrackPointExtension>
            <gpxtpx:hr>136</gpxtpx:hr>
            <gpxtpx:cad>69</gpxtpx:cad>
            <gpxtpx:atemp>299.65</gpxtpx:atemp>
          </gpxtpx:TrackPointExtension>
        </extensions>
      </trkpt>
      <trkpt lat="30.735612" lon="34.942920">
        <ele>504.2</ele>
        <time>2026-03-17T07:51:32.000Z</time>
        <extensions>
          <gpxtpx:TrackPointExtension>
            <gpxtpx:hr>136</gpxtpx:hr>
            <gpxtpx:cad>66</gpxtpx:cad>
            <gpxtpx:atemp>299.65</gpxtpx:atemp>
          </gpxtpx:TrackPointExtension>
        </extensions>
      </trkpt>
      <trkpt lat="30.735718" lon="34.942963">
        <ele>502.7</ele>
        <time>2026-03-17T07:51:38.000Z</time>
        <extensions>
          <gpxtpx:TrackPointExtension>
            <gpxtpx:hr>136</gpxtpx:hr>
            <gpxtpx:cad>72</gpxtpx:cad>
            <gpxtpx:atemp>299.65</gpxtpx:atemp>
          </gpxtpx:TrackPointExtension>
        </extensions>
      </trkpt>
      <trkpt lat="30.735788" lon="34.943016">
        <ele>501.6</ele>
        <time>2026-03-17T07:51:45.000Z</time>
        <extensions>
          <gpxtpx:TrackPointExtension>
            <gpxtpx:hr>137</gpxtpx:hr>
            <gpxtpx:cad>66</gpxtpx:cad>
            <gpxtpx:atemp>299.65</gpxtpx:atemp>
          </gpxtpx:TrackPointExtension>
        </extensions>
      </trkpt>
      <trkpt lat="30.735893" lon="34.943131">
        <ele>499.6</ele>
        <time>2026-03-17T07:51:55.000Z</time>
        <extensions>
          <gpxtpx:TrackPointExtension>
            <gpxtpx:hr>138</gpxtpx:hr>
            <gpxtpx:cad>0</gpxtpx:cad>
            <gpxtpx:atemp>300.65</gpxtpx:atemp>
          </gpxtpx:TrackPointExtension>
        </extensions>
      </trkpt>
      <trkpt lat="30.736009" lon="34.943170">
        <ele>497.4</ele>
        <time>2026-03-17T07:52:05.000Z</time>
        <extensions>
          <gpxtpx:TrackPointExtension>
            <gpxtpx:hr>138</gpxtpx:hr>
            <gpxtpx:cad>55</gpxtpx:cad>
            <gpxtpx:atemp>300.65</gpxtpx:atemp>
          </gpxtpx:TrackPointExtension>
        </extensions>
      </trkpt>
      <trkpt lat="30.736108" lon="34.943252">
        <ele>495.5</ele>
        <time>2026-03-17T07:52:13.000Z</time>
        <extensions>
          <gpxtpx:TrackPointExtension>
            <gpxtpx:hr>137</gpxtpx:hr>
            <gpxtpx:cad>0</gpxtpx:cad>
            <gpxtpx:atemp>300.65</gpxtpx:atemp>
          </gpxtpx:TrackPointExtension>
        </extensions>
      </trkpt>
      <trkpt lat="30.736158" lon="34.943278">
        <ele>494.5</ele>
        <time>2026-03-17T07:52:18.000Z</time>
        <extensions>
          <gpxtpx:TrackPointExtension>
            <gpxtpx:hr>138</gpxtpx:hr>
            <gpxtpx:cad>61</gpxtpx:cad>
            <gpxtpx:atemp>300.65</gpxtpx:atemp>
          </gpxtpx:TrackPointExtension>
        </extensions>
      </trkpt>
      <trkpt lat="30.736228" lon="34.943382">
        <ele>492.8</ele>
        <time>2026-03-17T07:52:26.000Z</time>
        <extensions>
          <gpxtpx:TrackPointExtension>
            <gpxtpx:hr>135</gpxtpx:hr>
            <gpxtpx:cad>0</gpxtpx:cad>
            <gpxtpx:atemp>300.65</gpxtpx:atemp>
          </gpxtpx:TrackPointExtension>
        </extensions>
      </trkpt>
      <trkpt lat="30.736372" lon="34.943474">
        <ele>490.2</ele>
        <time>2026-03-17T07:52:41.000Z</time>
        <extensions>
          <gpxtpx:TrackPointExtension>
            <gpxtpx:hr>131</gpxtpx:hr>
            <gpxtpx:cad>64</gpxtpx:cad>
            <gpxtpx:atemp>299.65</gpxtpx:atemp>
          </gpxtpx:TrackPointExtension>
        </extensions>
      </trkpt>
      <trkpt lat="30.736447" lon="34.943495">
        <ele>489.0</ele>
        <time>2026-03-17T07:52:48.000Z</time>
        <extensions>
          <gpxtpx:TrackPointExtension>
            <gpxtpx:hr>131</gpxtpx:hr>
            <gpxtpx:cad>61</gpxtpx:cad>
            <gpxtpx:atemp>299.65</gpxtpx:atemp>
          </gpxtpx:TrackPointExtension>
        </extensions>
      </trkpt>
      <trkpt lat="30.736523" lon="34.943559">
        <ele>487.4</ele>
        <time>2026-03-17T07:52:57.000Z</time>
        <extensions>
          <gpxtpx:TrackPointExtension>
            <gpxtpx:hr>134</gpxtpx:hr>
            <gpxtpx:cad>61</gpxtpx:cad>
            <gpxtpx:atemp>299.65</gpxtpx:atemp>
          </gpxtpx:TrackPointExtension>
        </extensions>
      </trkpt>
      <trkpt lat="30.736571" lon="34.943594">
        <ele>486.5</ele>
        <time>2026-03-17T07:53:03.000Z</time>
        <extensions>
          <gpxtpx:TrackPointExtension>
            <gpxtpx:hr>133</gpxtpx:hr>
            <gpxtpx:cad>57</gpxtpx:cad>
            <gpxtpx:atemp>299.65</gpxtpx:atemp>
          </gpxtpx:TrackPointExtension>
        </extensions>
      </trkpt>
      <trkpt lat="30.736720" lon="34.943686">
        <ele>483.7</ele>
        <time>2026-03-17T07:53:12.000Z</time>
        <extensions>
          <gpxtpx:TrackPointExtension>
            <gpxtpx:hr>132</gpxtpx:hr>
            <gpxtpx:cad>76</gpxtpx:cad>
            <gpxtpx:atemp>299.65</gpxtpx:atemp>
          </gpxtpx:TrackPointExtension>
        </extensions>
      </trkpt>
      <trkpt lat="30.736793" lon="34.943766">
        <ele>482.1</ele>
        <time>2026-03-17T07:53:17.000Z</time>
        <extensions>
          <gpxtpx:TrackPointExtension>
            <gpxtpx:hr>134</gpxtpx:hr>
            <gpxtpx:cad>77</gpxtpx:cad>
            <gpxtpx:atemp>299.65</gpxtpx:atemp>
          </gpxtpx:TrackPointExtension>
        </extensions>
      </trkpt>
      <trkpt lat="30.736837" lon="34.943795">
        <ele>481.5</ele>
        <time>2026-03-17T07:53:20.000Z</time>
        <extensions>
          <gpxtpx:TrackPointExtension>
            <gpxtpx:hr>135</gpxtpx:hr>
            <gpxtpx:cad>77</gpxtpx:cad>
            <gpxtpx:atemp>299.65</gpxtpx:atemp>
          </gpxtpx:TrackPointExtension>
        </extensions>
      </trkpt>
      <trkpt lat="30.736918" lon="34.943881">
        <ele>480.3</ele>
        <time>2026-03-17T07:53:26.000Z</time>
        <extensions>
          <gpxtpx:TrackPointExtension>
            <gpxtpx:hr>136</gpxtpx:hr>
            <gpxtpx:cad>74</gpxtpx:cad>
            <gpxtpx:atemp>299.65</gpxtpx:atemp>
          </gpxtpx:TrackPointExtension>
        </extensions>
      </trkpt>
      <trkpt lat="30.737017" lon="34.943956">
        <ele>479.0</ele>
        <time>2026-03-17T07:53:32.000Z</time>
        <extensions>
          <gpxtpx:TrackPointExtension>
            <gpxtpx:hr>139</gpxtpx:hr>
            <gpxtpx:cad>72</gpxtpx:cad>
            <gpxtpx:atemp>299.65</gpxtpx:atemp>
          </gpxtpx:TrackPointExtension>
        </extensions>
      </trkpt>
      <trkpt lat="30.737120" lon="34.944092">
        <ele>477.7</ele>
        <time>2026-03-17T07:53:45.000Z</time>
        <extensions>
          <gpxtpx:TrackPointExtension>
            <gpxtpx:hr>142</gpxtpx:hr>
            <gpxtpx:cad>55</gpxtpx:cad>
            <gpxtpx:atemp>299.65</gpxtpx:atemp>
          </gpxtpx:TrackPointExtension>
        </extensions>
      </trkpt>
      <trkpt lat="30.737164" lon="34.944259">
        <ele>477.2</ele>
        <time>2026-03-17T07:53:58.000Z</time>
        <extensions>
          <gpxtpx:TrackPointExtension>
            <gpxtpx:hr>133</gpxtpx:hr>
            <gpxtpx:cad>58</gpxtpx:cad>
            <gpxtpx:atemp>299.65</gpxtpx:atemp>
          </gpxtpx:TrackPointExtension>
        </extensions>
      </trkpt>
      <trkpt lat="30.737207" lon="34.944362">
        <ele>476.8</ele>
        <time>2026-03-17T07:54:07.000Z</time>
        <extensions>
          <gpxtpx:TrackPointExtension>
            <gpxtpx:hr>135</gpxtpx:hr>
            <gpxtpx:cad>0</gpxtpx:cad>
            <gpxtpx:atemp>299.65</gpxtpx:atemp>
          </gpxtpx:TrackPointExtension>
        </extensions>
      </trkpt>
      <trkpt lat="30.737265" lon="34.944454">
        <ele>476.4</ele>
        <time>2026-03-17T07:54:16.000Z</time>
        <extensions>
          <gpxtpx:TrackPointExtension>
            <gpxtpx:hr>136</gpxtpx:hr>
            <gpxtpx:cad>53</gpxtpx:cad>
            <gpxtpx:atemp>299.65</gpxtpx:atemp>
          </gpxtpx:TrackPointExtension>
        </extensions>
      </trkpt>
      <trkpt lat="30.737318" lon="34.944515">
        <ele>476.1</ele>
        <time>2026-03-17T07:54:24.000Z</time>
        <extensions>
          <gpxtpx:TrackPointExtension>
            <gpxtpx:hr>138</gpxtpx:hr>
            <gpxtpx:cad>0</gpxtpx:cad>
            <gpxtpx:atemp>300.65</gpxtpx:atemp>
          </gpxtpx:TrackPointExtension>
        </extensions>
      </trkpt>
      <trkpt lat="30.737370" lon="34.944550">
        <ele>475.8</ele>
        <time>2026-03-17T07:54:32.000Z</time>
        <extensions>
          <gpxtpx:TrackPointExtension>
            <gpxtpx:hr>137</gpxtpx:hr>
            <gpxtpx:cad>0</gpxtpx:cad>
            <gpxtpx:atemp>300.65</gpxtpx:atemp>
          </gpxtpx:TrackPointExtension>
        </extensions>
      </trkpt>
      <trkpt lat="30.737430" lon="34.944614">
        <ele>476.1</ele>
        <time>2026-03-17T07:54:41.000Z</time>
        <extensions>
          <gpxtpx:TrackPointExtension>
            <gpxtpx:hr>135</gpxtpx:hr>
            <gpxtpx:cad>47</gpxtpx:cad>
            <gpxtpx:atemp>300.65</gpxtpx:atemp>
          </gpxtpx:TrackPointExtension>
        </extensions>
      </trkpt>
      <trkpt lat="30.737507" lon="34.944696">
        <ele>476.7</ele>
        <time>2026-03-17T07:54:50.000Z</time>
        <extensions>
          <gpxtpx:TrackPointExtension>
            <gpxtpx:hr>137</gpxtpx:hr>
            <gpxtpx:cad>48</gpxtpx:cad>
            <gpxtpx:atemp>300.65</gpxtpx:atemp>
          </gpxtpx:TrackPointExtension>
        </extensions>
      </trkpt>
      <trkpt lat="30.737649" lon="34.944743">
        <ele>476.7</ele>
        <time>2026-03-17T07:55:15.000Z</time>
        <extensions>
          <gpxtpx:TrackPointExtension>
            <gpxtpx:hr>137</gpxtpx:hr>
            <gpxtpx:cad>0</gpxtpx:cad>
            <gpxtpx:atemp>300.65</gpxtpx:atemp>
          </gpxtpx:TrackPointExtension>
        </extensions>
      </trkpt>
      <trkpt lat="30.737715" lon="34.944735">
        <ele>476.1</ele>
        <time>2026-03-17T07:55:20.000Z</time>
        <extensions>
          <gpxtpx:TrackPointExtension>
            <gpxtpx:hr>138</gpxtpx:hr>
            <gpxtpx:cad>0</gpxtpx:cad>
            <gpxtpx:atemp>300.65</gpxtpx:atemp>
          </gpxtpx:TrackPointExtension>
        </extensions>
      </trkpt>
      <trkpt lat="30.737827" lon="34.944742">
        <ele>475.4</ele>
        <time>2026-03-17T07:55:28.000Z</time>
        <extensions>
          <gpxtpx:TrackPointExtension>
            <gpxtpx:hr>143</gpxtpx:hr>
            <gpxtpx:cad>0</gpxtpx:cad>
            <gpxtpx:atemp>300.65</gpxtpx:atemp>
          </gpxtpx:TrackPointExtension>
        </extensions>
      </trkpt>
      <trkpt lat="30.737903" lon="34.944769">
        <ele>475.1</ele>
        <time>2026-03-17T07:55:34.000Z</time>
        <extensions>
          <gpxtpx:TrackPointExtension>
            <gpxtpx:hr>144</gpxtpx:hr>
            <gpxtpx:cad>58</gpxtpx:cad>
            <gpxtpx:atemp>300.65</gpxtpx:atemp>
          </gpxtpx:TrackPointExtension>
        </extensions>
      </trkpt>
      <trkpt lat="30.738049" lon="34.944842">
        <ele>474.8</ele>
        <time>2026-03-17T07:55:54.000Z</time>
        <extensions>
          <gpxtpx:TrackPointExtension>
            <gpxtpx:hr>136</gpxtpx:hr>
            <gpxtpx:cad>55</gpxtpx:cad>
            <gpxtpx:atemp>300.65</gpxtpx:atemp>
          </gpxtpx:TrackPointExtension>
        </extensions>
      </trkpt>
      <trkpt lat="30.738168" lon="34.944888">
        <ele>474.6</ele>
        <time>2026-03-17T07:56:04.000Z</time>
        <extensions>
          <gpxtpx:TrackPointExtension>
            <gpxtpx:hr>136</gpxtpx:hr>
            <gpxtpx:cad>52</gpxtpx:cad>
            <gpxtpx:atemp>300.65</gpxtpx:atemp>
          </gpxtpx:TrackPointExtension>
        </extensions>
      </trkpt>
      <trkpt lat="30.738204" lon="34.944930">
        <ele>474.9</ele>
        <time>2026-03-17T07:56:08.000Z</time>
        <extensions>
          <gpxtpx:TrackPointExtension>
            <gpxtpx:hr>137</gpxtpx:hr>
            <gpxtpx:cad>60</gpxtpx:cad>
            <gpxtpx:atemp>300.65</gpxtpx:atemp>
          </gpxtpx:TrackPointExtension>
        </extensions>
      </trkpt>
      <trkpt lat="30.738306" lon="34.944983">
        <ele>474.9</ele>
        <time>2026-03-17T07:56:16.000Z</time>
        <extensions>
          <gpxtpx:TrackPointExtension>
            <gpxtpx:hr>138</gpxtpx:hr>
            <gpxtpx:cad>57</gpxtpx:cad>
            <gpxtpx:atemp>300.65</gpxtpx:atemp>
          </gpxtpx:TrackPointExtension>
        </extensions>
      </trkpt>
      <trkpt lat="30.738394" lon="34.944999">
        <ele>474.5</ele>
        <time>2026-03-17T07:56:24.000Z</time>
        <extensions>
          <gpxtpx:TrackPointExtension>
            <gpxtpx:hr>140</gpxtpx:hr>
            <gpxtpx:cad>58</gpxtpx:cad>
            <gpxtpx:atemp>300.65</gpxtpx:atemp>
          </gpxtpx:TrackPointExtension>
        </extensions>
      </trkpt>
      <trkpt lat="30.738456" lon="34.945043">
        <ele>474.7</ele>
        <time>2026-03-17T07:56:29.000Z</time>
        <extensions>
          <gpxtpx:TrackPointExtension>
            <gpxtpx:hr>139</gpxtpx:hr>
            <gpxtpx:cad>57</gpxtpx:cad>
            <gpxtpx:atemp>300.65</gpxtpx:atemp>
          </gpxtpx:TrackPointExtension>
        </extensions>
      </trkpt>
      <trkpt lat="30.738522" lon="34.945146">
        <ele>475.9</ele>
        <time>2026-03-17T07:56:35.000Z</time>
        <extensions>
          <gpxtpx:TrackPointExtension>
            <gpxtpx:hr>137</gpxtpx:hr>
            <gpxtpx:cad>76</gpxtpx:cad>
            <gpxtpx:atemp>300.65</gpxtpx:atemp>
          </gpxtpx:TrackPointExtension>
        </extensions>
      </trkpt>
      <trkpt lat="30.738583" lon="34.945252">
        <ele>477.1</ele>
        <time>2026-03-17T07:56:42.000Z</time>
        <extensions>
          <gpxtpx:TrackPointExtension>
            <gpxtpx:hr>137</gpxtpx:hr>
            <gpxtpx:cad>72</gpxtpx:cad>
            <gpxtpx:atemp>300.65</gpxtpx:atemp>
          </gpxtpx:TrackPointExtension>
        </extensions>
      </trkpt>
      <trkpt lat="30.738622" lon="34.945296">
        <ele>477.4</ele>
        <time>2026-03-17T07:56:45.000Z</time>
        <extensions>
          <gpxtpx:TrackPointExtension>
            <gpxtpx:hr>138</gpxtpx:hr>
            <gpxtpx:cad>0</gpxtpx:cad>
            <gpxtpx:atemp>300.65</gpxtpx:atemp>
          </gpxtpx:TrackPointExtension>
        </extensions>
      </trkpt>
      <trkpt lat="30.738673" lon="34.945402">
        <ele>478.4</ele>
        <time>2026-03-17T07:56:51.000Z</time>
        <extensions>
          <gpxtpx:TrackPointExtension>
            <gpxtpx:hr>138</gpxtpx:hr>
            <gpxtpx:cad>70</gpxtpx:cad>
            <gpxtpx:atemp>300.65</gpxtpx:atemp>
          </gpxtpx:TrackPointExtension>
        </extensions>
      </trkpt>
      <trkpt lat="30.738778" lon="34.945585">
        <ele>479.7</ele>
        <time>2026-03-17T07:57:06.000Z</time>
        <extensions>
          <gpxtpx:TrackPointExtension>
            <gpxtpx:hr>138</gpxtpx:hr>
            <gpxtpx:cad>69</gpxtpx:cad>
            <gpxtpx:atemp>300.65</gpxtpx:atemp>
          </gpxtpx:TrackPointExtension>
        </extensions>
      </trkpt>
      <trkpt lat="30.738816" lon="34.945620">
        <ele>479.8</ele>
        <time>2026-03-17T07:57:09.000Z</time>
        <extensions>
          <gpxtpx:TrackPointExtension>
            <gpxtpx:hr>138</gpxtpx:hr>
            <gpxtpx:cad>67</gpxtpx:cad>
            <gpxtpx:atemp>300.65</gpxtpx:atemp>
          </gpxtpx:TrackPointExtension>
        </extensions>
      </trkpt>
      <trkpt lat="30.738915" lon="34.945804">
        <ele>480.1</ele>
        <time>2026-03-17T07:57:22.000Z</time>
        <extensions>
          <gpxtpx:TrackPointExtension>
            <gpxtpx:hr>138</gpxtpx:hr>
            <gpxtpx:cad>63</gpxtpx:cad>
            <gpxtpx:atemp>300.65</gpxtpx:atemp>
          </gpxtpx:TrackPointExtension>
        </extensions>
      </trkpt>
      <trkpt lat="30.738982" lon="34.945907">
        <ele>479.6</ele>
        <time>2026-03-17T07:57:32.000Z</time>
        <extensions>
          <gpxtpx:TrackPointExtension>
            <gpxtpx:hr>139</gpxtpx:hr>
            <gpxtpx:cad>0</gpxtpx:cad>
            <gpxtpx:atemp>300.65</gpxtpx:atemp>
          </gpxtpx:TrackPointExtension>
        </extensions>
      </trkpt>
      <trkpt lat="30.739062" lon="34.946024">
        <ele>478.6</ele>
        <time>2026-03-17T07:57:45.000Z</time>
        <extensions>
          <gpxtpx:TrackPointExtension>
            <gpxtpx:hr>140</gpxtpx:hr>
            <gpxtpx:cad>71</gpxtpx:cad>
            <gpxtpx:atemp>300.65</gpxtpx:atemp>
          </gpxtpx:TrackPointExtension>
        </extensions>
      </trkpt>
      <trkpt lat="30.739098" lon="34.946048">
        <ele>478.1</ele>
        <time>2026-03-17T07:57:49.000Z</time>
        <extensions>
          <gpxtpx:TrackPointExtension>
            <gpxtpx:hr>140</gpxtpx:hr>
            <gpxtpx:cad>0</gpxtpx:cad>
            <gpxtpx:atemp>300.65</gpxtpx:atemp>
          </gpxtpx:TrackPointExtension>
        </extensions>
      </trkpt>
      <trkpt lat="30.739179" lon="34.946075">
        <ele>477.0</ele>
        <time>2026-03-17T07:57:58.000Z</time>
        <extensions>
          <gpxtpx:TrackPointExtension>
            <gpxtpx:hr>140</gpxtpx:hr>
            <gpxtpx:cad>0</gpxtpx:cad>
            <gpxtpx:atemp>300.65</gpxtpx:atemp>
          </gpxtpx:TrackPointExtension>
        </extensions>
      </trkpt>
      <trkpt lat="30.739319" lon="34.946181">
        <ele>474.3</ele>
        <time>2026-03-17T07:58:12.000Z</time>
        <extensions>
          <gpxtpx:TrackPointExtension>
            <gpxtpx:hr>139</gpxtpx:hr>
            <gpxtpx:cad>0</gpxtpx:cad>
            <gpxtpx:atemp>300.65</gpxtpx:atemp>
          </gpxtpx:TrackPointExtension>
        </extensions>
      </trkpt>
      <trkpt lat="30.739366" lon="34.946189">
        <ele>473.6</ele>
        <time>2026-03-17T07:58:16.000Z</time>
        <extensions>
          <gpxtpx:TrackPointExtension>
            <gpxtpx:hr>138</gpxtpx:hr>
            <gpxtpx:cad>55</gpxtpx:cad>
            <gpxtpx:atemp>300.65</gpxtpx:atemp>
          </gpxtpx:TrackPointExtension>
        </extensions>
      </trkpt>
      <trkpt lat="30.739492" lon="34.946264">
        <ele>471.2</ele>
        <time>2026-03-17T07:58:30.000Z</time>
        <extensions>
          <gpxtpx:TrackPointExtension>
            <gpxtpx:hr>137</gpxtpx:hr>
            <gpxtpx:cad>57</gpxtpx:cad>
            <gpxtpx:atemp>301.65</gpxtpx:atemp>
          </gpxtpx:TrackPointExtension>
        </extensions>
      </trkpt>
      <trkpt lat="30.739507" lon="34.946292">
        <ele>470.7</ele>
        <time>2026-03-17T07:58:33.000Z</time>
        <extensions>
          <gpxtpx:TrackPointExtension>
            <gpxtpx:hr>135</gpxtpx:hr>
            <gpxtpx:cad>56</gpxtpx:cad>
            <gpxtpx:atemp>301.65</gpxtpx:atemp>
          </gpxtpx:TrackPointExtension>
        </extensions>
      </trkpt>
      <trkpt lat="30.739594" lon="34.946398">
        <ele>468.2</ele>
        <time>2026-03-17T07:58:48.000Z</time>
        <extensions>
          <gpxtpx:TrackPointExtension>
            <gpxtpx:hr>137</gpxtpx:hr>
            <gpxtpx:cad>56</gpxtpx:cad>
            <gpxtpx:atemp>301.65</gpxtpx:atemp>
          </gpxtpx:TrackPointExtension>
        </extensions>
      </trkpt>
      <trkpt lat="30.739695" lon="34.946485">
        <ele>465.0</ele>
        <time>2026-03-17T07:59:01.000Z</time>
        <extensions>
          <gpxtpx:TrackPointExtension>
            <gpxtpx:hr>136</gpxtpx:hr>
            <gpxtpx:cad>61</gpxtpx:cad>
            <gpxtpx:atemp>301.65</gpxtpx:atemp>
          </gpxtpx:TrackPointExtension>
        </extensions>
      </trkpt>
      <trkpt lat="30.739772" lon="34.946544">
        <ele>462.8</ele>
        <time>2026-03-17T07:59:09.000Z</time>
        <extensions>
          <gpxtpx:TrackPointExtension>
            <gpxtpx:hr>135</gpxtpx:hr>
            <gpxtpx:cad>59</gpxtpx:cad>
            <gpxtpx:atemp>301.65</gpxtpx:atemp>
          </gpxtpx:TrackPointExtension>
        </extensions>
      </trkpt>
      <trkpt lat="30.739826" lon="34.946614">
        <ele>461.1</ele>
        <time>2026-03-17T07:59:17.000Z</time>
        <extensions>
          <gpxtpx:TrackPointExtension>
            <gpxtpx:hr>130</gpxtpx:hr>
            <gpxtpx:cad>60</gpxtpx:cad>
            <gpxtpx:atemp>301.65</gpxtpx:atemp>
          </gpxtpx:TrackPointExtension>
        </extensions>
      </trkpt>
      <trkpt lat="30.739905" lon="34.946663">
        <ele>459.1</ele>
        <time>2026-03-17T07:59:27.000Z</time>
        <extensions>
          <gpxtpx:TrackPointExtension>
            <gpxtpx:hr>129</gpxtpx:hr>
            <gpxtpx:cad>60</gpxtpx:cad>
            <gpxtpx:atemp>301.65</gpxtpx:atemp>
          </gpxtpx:TrackPointExtension>
        </extensions>
      </trkpt>
      <trkpt lat="30.739968" lon="34.946682">
        <ele>457.6</ele>
        <time>2026-03-17T07:59:34.000Z</time>
        <extensions>
          <gpxtpx:TrackPointExtension>
            <gpxtpx:hr>128</gpxtpx:hr>
            <gpxtpx:cad>53</gpxtpx:cad>
            <gpxtpx:atemp>300.65</gpxtpx:atemp>
          </gpxtpx:TrackPointExtension>
        </extensions>
      </trkpt>
      <trkpt lat="30.740028" lon="34.946742">
        <ele>455.9</ele>
        <time>2026-03-17T07:59:46.000Z</time>
        <extensions>
          <gpxtpx:TrackPointExtension>
            <gpxtpx:hr>126</gpxtpx:hr>
            <gpxtpx:cad>55</gpxtpx:cad>
            <gpxtpx:atemp>300.65</gpxtpx:atemp>
          </gpxtpx:TrackPointExtension>
        </extensions>
      </trkpt>
      <trkpt lat="30.739997" lon="34.946829">
        <ele>456.0</ele>
        <time>2026-03-17T08:00:00.000Z</time>
        <extensions>
          <gpxtpx:TrackPointExtension>
            <gpxtpx:hr>130</gpxtpx:hr>
            <gpxtpx:cad>0</gpxtpx:cad>
            <gpxtpx:atemp>300.65</gpxtpx:atemp>
          </gpxtpx:TrackPointExtension>
        </extensions>
      </trkpt>
      <trkpt lat="30.740044" lon="34.946934">
        <ele>454.9</ele>
        <time>2026-03-17T08:00:12.000Z</time>
        <extensions>
          <gpxtpx:TrackPointExtension>
            <gpxtpx:hr>135</gpxtpx:hr>
            <gpxtpx:cad>52</gpxtpx:cad>
            <gpxtpx:atemp>300.65</gpxtpx:atemp>
          </gpxtpx:TrackPointExtension>
        </extensions>
      </trkpt>
      <trkpt lat="30.740042" lon="34.947096">
        <ele>454.8</ele>
        <time>2026-03-17T08:00:31.000Z</time>
        <extensions>
          <gpxtpx:TrackPointExtension>
            <gpxtpx:hr>154</gpxtpx:hr>
            <gpxtpx:cad>41</gpxtpx:cad>
            <gpxtpx:atemp>300.65</gpxtpx:atemp>
          </gpxtpx:TrackPointExtension>
        </extensions>
      </trkpt>
      <trkpt lat="30.739971" lon="34.947137">
        <ele>456.3</ele>
        <time>2026-03-17T08:00:39.000Z</time>
        <extensions>
          <gpxtpx:TrackPointExtension>
            <gpxtpx:hr>157</gpxtpx:hr>
            <gpxtpx:cad>49</gpxtpx:cad>
            <gpxtpx:atemp>300.65</gpxtpx:atemp>
          </gpxtpx:TrackPointExtension>
        </extensions>
      </trkpt>
      <trkpt lat="30.739941" lon="34.947211">
        <ele>457.2</ele>
        <time>2026-03-17T08:00:47.000Z</time>
        <extensions>
          <gpxtpx:TrackPointExtension>
            <gpxtpx:hr>158</gpxtpx:hr>
            <gpxtpx:cad>54</gpxtpx:cad>
            <gpxtpx:atemp>301.65</gpxtpx:atemp>
          </gpxtpx:TrackPointExtension>
        </extensions>
      </trkpt>
      <trkpt lat="30.740009" lon="34.947295">
        <ele>456.5</ele>
        <time>2026-03-17T08:00:58.000Z</time>
        <extensions>
          <gpxtpx:TrackPointExtension>
            <gpxtpx:hr>156</gpxtpx:hr>
            <gpxtpx:cad>0</gpxtpx:cad>
            <gpxtpx:atemp>301.65</gpxtpx:atemp>
          </gpxtpx:TrackPointExtension>
        </extensions>
      </trkpt>
      <trkpt lat="30.740116" lon="34.947378">
        <ele>455.5</ele>
        <time>2026-03-17T08:01:09.000Z</time>
        <extensions>
          <gpxtpx:TrackPointExtension>
            <gpxtpx:hr>156</gpxtpx:hr>
            <gpxtpx:cad>53</gpxtpx:cad>
            <gpxtpx:atemp>301.65</gpxtpx:atemp>
          </gpxtpx:TrackPointExtension>
        </extensions>
      </trkpt>
      <trkpt lat="30.740200" lon="34.947481">
        <ele>455.5</ele>
        <time>2026-03-17T08:01:21.000Z</time>
        <extensions>
          <gpxtpx:TrackPointExtension>
            <gpxtpx:hr>151</gpxtpx:hr>
            <gpxtpx:cad>0</gpxtpx:cad>
            <gpxtpx:atemp>301.65</gpxtpx:atemp>
          </gpxtpx:TrackPointExtension>
        </extensions>
      </trkpt>
      <trkpt lat="30.740170" lon="34.947588">
        <ele>457.1</ele>
        <time>2026-03-17T08:01:30.000Z</time>
        <extensions>
          <gpxtpx:TrackPointExtension>
            <gpxtpx:hr>148</gpxtpx:hr>
            <gpxtpx:cad>0</gpxtpx:cad>
            <gpxtpx:atemp>301.65</gpxtpx:atemp>
          </gpxtpx:TrackPointExtension>
        </extensions>
      </trkpt>
      <trkpt lat="30.740284" lon="34.947588">
        <ele>455.8</ele>
        <time>2026-03-17T08:01:52.000Z</time>
        <extensions>
          <gpxtpx:TrackPointExtension>
            <gpxtpx:hr>142</gpxtpx:hr>
            <gpxtpx:cad>52</gpxtpx:cad>
            <gpxtpx:atemp>301.65</gpxtpx:atemp>
          </gpxtpx:TrackPointExtension>
        </extensions>
      </trkpt>
      <trkpt lat="30.740374" lon="34.947670">
        <ele>455.9</ele>
        <time>2026-03-17T08:02:03.000Z</time>
        <extensions>
          <gpxtpx:TrackPointExtension>
            <gpxtpx:hr>137</gpxtpx:hr>
            <gpxtpx:cad>0</gpxtpx:cad>
            <gpxtpx:atemp>301.65</gpxtpx:atemp>
          </gpxtpx:TrackPointExtension>
        </extensions>
      </trkpt>
      <trkpt lat="30.740490" lon="34.947685">
        <ele>454.3</ele>
        <time>2026-03-17T08:02:12.000Z</time>
        <extensions>
          <gpxtpx:TrackPointExtension>
            <gpxtpx:hr>136</gpxtpx:hr>
            <gpxtpx:cad>70</gpxtpx:cad>
            <gpxtpx:atemp>301.65</gpxtpx:atemp>
          </gpxtpx:TrackPointExtension>
        </extensions>
      </trkpt>
      <trkpt lat="30.740427" lon="34.947804">
        <ele>457.2</ele>
        <time>2026-03-17T08:02:42.000Z</time>
        <extensions>
          <gpxtpx:TrackPointExtension>
            <gpxtpx:hr>142</gpxtpx:hr>
            <gpxtpx:cad>0</gpxtpx:cad>
            <gpxtpx:atemp>301.65</gpxtpx:atemp>
          </gpxtpx:TrackPointExtension>
        </extensions>
      </trkpt>
      <trkpt lat="30.740353" lon="34.947876">
        <ele>459.1</ele>
        <time>2026-03-17T08:02:52.000Z</time>
        <extensions>
          <gpxtpx:TrackPointExtension>
            <gpxtpx:hr>145</gpxtpx:hr>
            <gpxtpx:cad>42</gpxtpx:cad>
            <gpxtpx:atemp>302.65</gpxtpx:atemp>
          </gpxtpx:TrackPointExtension>
        </extensions>
      </trkpt>
      <trkpt lat="30.740289" lon="34.947918">
        <ele>460.4</ele>
        <time>2026-03-17T08:03:00.000Z</time>
        <extensions>
          <gpxtpx:TrackPointExtension>
            <gpxtpx:hr>147</gpxtpx:hr>
            <gpxtpx:cad>49</gpxtpx:cad>
            <gpxtpx:atemp>302.65</gpxtpx:atemp>
          </gpxtpx:TrackPointExtension>
        </extensions>
      </trkpt>
      <trkpt lat="30.740200" lon="34.947936">
        <ele>461.7</ele>
        <time>2026-03-17T08:03:08.000Z</time>
        <extensions>
          <gpxtpx:TrackPointExtension>
            <gpxtpx:hr>152</gpxtpx:hr>
            <gpxtpx:cad>53</gpxtpx:cad>
            <gpxtpx:atemp>302.65</gpxtpx:atemp>
          </gpxtpx:TrackPointExtension>
        </extensions>
      </trkpt>
      <trkpt lat="30.740134" lon="34.947970">
        <ele>463.0</ele>
        <time>2026-03-17T08:03:15.000Z</time>
        <extensions>
          <gpxtpx:TrackPointExtension>
            <gpxtpx:hr>153</gpxtpx:hr>
            <gpxtpx:cad>0</gpxtpx:cad>
            <gpxtpx:atemp>302.65</gpxtpx:atemp>
          </gpxtpx:TrackPointExtension>
        </extensions>
      </trkpt>
      <trkpt lat="30.740066" lon="34.947985">
        <ele>464.0</ele>
        <time>2026-03-17T08:03:22.000Z</time>
        <extensions>
          <gpxtpx:TrackPointExtension>
            <gpxtpx:hr>155</gpxtpx:hr>
            <gpxtpx:cad>51</gpxtpx:cad>
            <gpxtpx:atemp>302.65</gpxtpx:atemp>
          </gpxtpx:TrackPointExtension>
        </extensions>
      </trkpt>
      <trkpt lat="30.739953" lon="34.948031">
        <ele>466.1</ele>
        <time>2026-03-17T08:03:33.000Z</time>
        <extensions>
          <gpxtpx:TrackPointExtension>
            <gpxtpx:hr>157</gpxtpx:hr>
            <gpxtpx:cad>53</gpxtpx:cad>
            <gpxtpx:atemp>302.65</gpxtpx:atemp>
          </gpxtpx:TrackPointExtension>
        </extensions>
      </trkpt>
      <trkpt lat="30.739850" lon="34.948111">
        <ele>468.6</ele>
        <time>2026-03-17T08:03:57.000Z</time>
        <extensions>
          <gpxtpx:TrackPointExtension>
            <gpxtpx:hr>154</gpxtpx:hr>
            <gpxtpx:cad>0</gpxtpx:cad>
            <gpxtpx:atemp>303.65</gpxtpx:atemp>
          </gpxtpx:TrackPointExtension>
        </extensions>
      </trkpt>
      <trkpt lat="30.739757" lon="34.948200">
        <ele>471.2</ele>
        <time>2026-03-17T08:04:09.000Z</time>
        <extensions>
          <gpxtpx:TrackPointExtension>
            <gpxtpx:hr>155</gpxtpx:hr>
            <gpxtpx:cad>47</gpxtpx:cad>
            <gpxtpx:atemp>303.65</gpxtpx:atemp>
          </gpxtpx:TrackPointExtension>
        </extensions>
      </trkpt>
      <trkpt lat="30.739704" lon="34.948283">
        <ele>473.5</ele>
        <time>2026-03-17T08:04:18.000Z</time>
        <extensions>
          <gpxtpx:TrackPointExtension>
            <gpxtpx:hr>154</gpxtpx:hr>
            <gpxtpx:cad>53</gpxtpx:cad>
            <gpxtpx:atemp>304.65</gpxtpx:atemp>
          </gpxtpx:TrackPointExtension>
        </extensions>
      </trkpt>
      <trkpt lat="30.739670" lon="34.948370">
        <ele>475.7</ele>
        <time>2026-03-17T08:04:26.000Z</time>
        <extensions>
          <gpxtpx:TrackPointExtension>
            <gpxtpx:hr>156</gpxtpx:hr>
            <gpxtpx:cad>48</gpxtpx:cad>
            <gpxtpx:atemp>304.65</gpxtpx:atemp>
          </gpxtpx:TrackPointExtension>
        </extensions>
      </trkpt>
      <trkpt lat="30.739668" lon="34.948451">
        <ele>477.3</ele>
        <time>2026-03-17T08:04:36.000Z</time>
        <extensions>
          <gpxtpx:TrackPointExtension>
            <gpxtpx:hr>156</gpxtpx:hr>
            <gpxtpx:cad>52</gpxtpx:cad>
            <gpxtpx:atemp>304.65</gpxtpx:atemp>
          </gpxtpx:TrackPointExtension>
        </extensions>
      </trkpt>
      <trkpt lat="30.739643" lon="34.948524">
        <ele>479.6</ele>
        <time>2026-03-17T08:04:45.000Z</time>
        <extensions>
          <gpxtpx:TrackPointExtension>
            <gpxtpx:hr>159</gpxtpx:hr>
            <gpxtpx:cad>49</gpxtpx:cad>
            <gpxtpx:atemp>304.65</gpxtpx:atemp>
          </gpxtpx:TrackPointExtension>
        </extensions>
      </trkpt>
      <trkpt lat="30.739640" lon="34.948599">
        <ele>481.7</ele>
        <time>2026-03-17T08:04:54.000Z</time>
        <extensions>
          <gpxtpx:TrackPointExtension>
            <gpxtpx:hr>160</gpxtpx:hr>
            <gpxtpx:cad>46</gpxtpx:cad>
            <gpxtpx:atemp>304.65</gpxtpx:atemp>
          </gpxtpx:TrackPointExtension>
        </extensions>
      </trkpt>
      <trkpt lat="30.739696" lon="34.948730">
        <ele>484.4</ele>
        <time>2026-03-17T08:05:12.000Z</time>
        <extensions>
          <gpxtpx:TrackPointExtension>
            <gpxtpx:hr>161</gpxtpx:hr>
            <gpxtpx:cad>0</gpxtpx:cad>
            <gpxtpx:atemp>304.65</gpxtpx:atemp>
          </gpxtpx:TrackPointExtension>
        </extensions>
      </trkpt>
      <trkpt lat="30.739773" lon="34.948836">
        <ele>486.1</ele>
        <time>2026-03-17T08:05:35.000Z</time>
        <extensions>
          <gpxtpx:TrackPointExtension>
            <gpxtpx:hr>164</gpxtpx:hr>
            <gpxtpx:cad>0</gpxtpx:cad>
            <gpxtpx:atemp>304.65</gpxtpx:atemp>
          </gpxtpx:TrackPointExtension>
        </extensions>
      </trkpt>
      <trkpt lat="30.739849" lon="34.948930">
        <ele>487.4</ele>
        <time>2026-03-17T08:05:49.000Z</time>
        <extensions>
          <gpxtpx:TrackPointExtension>
            <gpxtpx:hr>163</gpxtpx:hr>
            <gpxtpx:cad>0</gpxtpx:cad>
            <gpxtpx:atemp>304.65</gpxtpx:atemp>
          </gpxtpx:TrackPointExtension>
        </extensions>
      </trkpt>
      <trkpt lat="30.739863" lon="34.948988">
        <ele>488.8</ele>
        <time>2026-03-17T08:06:02.000Z</time>
        <extensions>
          <gpxtpx:TrackPointExtension>
            <gpxtpx:hr>162</gpxtpx:hr>
            <gpxtpx:cad>0</gpxtpx:cad>
            <gpxtpx:atemp>303.65</gpxtpx:atemp>
          </gpxtpx:TrackPointExtension>
        </extensions>
      </trkpt>
      <trkpt lat="30.739846" lon="34.949113">
        <ele>492.7</ele>
        <time>2026-03-17T08:06:15.000Z</time>
        <extensions>
          <gpxtpx:TrackPointExtension>
            <gpxtpx:hr>163</gpxtpx:hr>
            <gpxtpx:cad>0</gpxtpx:cad>
            <gpxtpx:atemp>303.65</gpxtpx:atemp>
          </gpxtpx:TrackPointExtension>
        </extensions>
      </trkpt>
      <trkpt lat="30.739871" lon="34.949152">
        <ele>493.4</ele>
        <time>2026-03-17T08:06:20.000Z</time>
        <extensions>
          <gpxtpx:TrackPointExtension>
            <gpxtpx:hr>162</gpxtpx:hr>
            <gpxtpx:cad>47</gpxtpx:cad>
            <gpxtpx:atemp>303.65</gpxtpx:atemp>
          </gpxtpx:TrackPointExtension>
        </extensions>
      </trkpt>
      <trkpt lat="30.739894" lon="34.949265">
        <ele>496.1</ele>
        <time>2026-03-17T08:06:33.000Z</time>
        <extensions>
          <gpxtpx:TrackPointExtension>
            <gpxtpx:hr>160</gpxtpx:hr>
            <gpxtpx:cad>40</gpxtpx:cad>
            <gpxtpx:atemp>303.65</gpxtpx:atemp>
          </gpxtpx:TrackPointExtension>
        </extensions>
      </trkpt>
      <trkpt lat="30.739939" lon="34.949304">
        <ele>496.3</ele>
        <time>2026-03-17T08:06:41.000Z</time>
        <extensions>
          <gpxtpx:TrackPointExtension>
            <gpxtpx:hr>160</gpxtpx:hr>
            <gpxtpx:cad>0</gpxtpx:cad>
            <gpxtpx:atemp>303.65</gpxtpx:atemp>
          </gpxtpx:TrackPointExtension>
        </extensions>
      </trkpt>
      <trkpt lat="30.740011" lon="34.949351">
        <ele>495.7</ele>
        <time>2026-03-17T08:06:51.000Z</time>
        <extensions>
          <gpxtpx:TrackPointExtension>
            <gpxtpx:hr>161</gpxtpx:hr>
            <gpxtpx:cad>47</gpxtpx:cad>
            <gpxtpx:atemp>303.65</gpxtpx:atemp>
          </gpxtpx:TrackPointExtension>
        </extensions>
      </trkpt>
      <trkpt lat="30.740028" lon="34.949473">
        <ele>498.0</ele>
        <time>2026-03-17T08:07:10.000Z</time>
        <extensions>
          <gpxtpx:TrackPointExtension>
            <gpxtpx:hr>160</gpxtpx:hr>
            <gpxtpx:cad>42</gpxtpx:cad>
            <gpxtpx:atemp>303.65</gpxtpx:atemp>
          </gpxtpx:TrackPointExtension>
        </extensions>
      </trkpt>
      <trkpt lat="30.740102" lon="34.949509">
        <ele>497.2</ele>
        <time>2026-03-17T08:07:22.000Z</time>
        <extensions>
          <gpxtpx:TrackPointExtension>
            <gpxtpx:hr>163</gpxtpx:hr>
            <gpxtpx:cad>0</gpxtpx:cad>
            <gpxtpx:atemp>303.65</gpxtpx:atemp>
          </gpxtpx:TrackPointExtension>
        </extensions>
      </trkpt>
      <trkpt lat="30.740092" lon="34.949613">
        <ele>499.6</ele>
        <time>2026-03-17T08:07:34.000Z</time>
        <extensions>
          <gpxtpx:TrackPointExtension>
            <gpxtpx:hr>165</gpxtpx:hr>
            <gpxtpx:cad>45</gpxtpx:cad>
            <gpxtpx:atemp>303.65</gpxtpx:atemp>
          </gpxtpx:TrackPointExtension>
        </extensions>
      </trkpt>
      <trkpt lat="30.740092" lon="34.949715">
        <ele>501.8</ele>
        <time>2026-03-17T08:07:42.000Z</time>
        <extensions>
          <gpxtpx:TrackPointExtension>
            <gpxtpx:hr>164</gpxtpx:hr>
            <gpxtpx:cad>51</gpxtpx:cad>
            <gpxtpx:atemp>303.65</gpxtpx:atemp>
          </gpxtpx:TrackPointExtension>
        </extensions>
      </trkpt>
      <trkpt lat="30.740106" lon="34.949866">
        <ele>504.7</ele>
        <time>2026-03-17T08:07:54.000Z</time>
        <extensions>
          <gpxtpx:TrackPointExtension>
            <gpxtpx:hr>162</gpxtpx:hr>
            <gpxtpx:cad>51</gpxtpx:cad>
            <gpxtpx:atemp>303.65</gpxtpx:atemp>
          </gpxtpx:TrackPointExtension>
        </extensions>
      </trkpt>
      <trkpt lat="30.740105" lon="34.949997">
        <ele>507.0</ele>
        <time>2026-03-17T08:08:04.000Z</time>
        <extensions>
          <gpxtpx:TrackPointExtension>
            <gpxtpx:hr>155</gpxtpx:hr>
            <gpxtpx:cad>52</gpxtpx:cad>
            <gpxtpx:atemp>302.65</gpxtpx:atemp>
          </gpxtpx:TrackPointExtension>
        </extensions>
      </trkpt>
      <trkpt lat="30.740185" lon="34.950134">
        <ele>507.7</ele>
        <time>2026-03-17T08:08:19.000Z</time>
        <extensions>
          <gpxtpx:TrackPointExtension>
            <gpxtpx:hr>154</gpxtpx:hr>
            <gpxtpx:cad>0</gpxtpx:cad>
            <gpxtpx:atemp>302.65</gpxtpx:atemp>
          </gpxtpx:TrackPointExtension>
        </extensions>
      </trkpt>
      <trkpt lat="30.740194" lon="34.950234">
        <ele>508.4</ele>
        <time>2026-03-17T08:08:28.000Z</time>
        <extensions>
          <gpxtpx:TrackPointExtension>
            <gpxtpx:hr>152</gpxtpx:hr>
            <gpxtpx:cad>0</gpxtpx:cad>
            <gpxtpx:atemp>302.65</gpxtpx:atemp>
          </gpxtpx:TrackPointExtension>
        </extensions>
      </trkpt>
      <trkpt lat="30.740263" lon="34.950353">
        <ele>507.8</ele>
        <time>2026-03-17T08:08:40.000Z</time>
        <extensions>
          <gpxtpx:TrackPointExtension>
            <gpxtpx:hr>148</gpxtpx:hr>
            <gpxtpx:cad>52</gpxtpx:cad>
            <gpxtpx:atemp>302.65</gpxtpx:atemp>
          </gpxtpx:TrackPointExtension>
        </extensions>
      </trkpt>
      <trkpt lat="30.740305" lon="34.950473">
        <ele>507.3</ele>
        <time>2026-03-17T08:08:51.000Z</time>
        <extensions>
          <gpxtpx:TrackPointExtension>
            <gpxtpx:hr>150</gpxtpx:hr>
            <gpxtpx:cad>0</gpxtpx:cad>
            <gpxtpx:atemp>302.65</gpxtpx:atemp>
          </gpxtpx:TrackPointExtension>
        </extensions>
      </trkpt>
      <trkpt lat="30.740265" lon="34.950647">
        <ele>507.8</ele>
        <time>2026-03-17T08:09:03.000Z</time>
        <extensions>
          <gpxtpx:TrackPointExtension>
            <gpxtpx:hr>149</gpxtpx:hr>
            <gpxtpx:cad>57</gpxtpx:cad>
            <gpxtpx:atemp>303.65</gpxtpx:atemp>
          </gpxtpx:TrackPointExtension>
        </extensions>
      </trkpt>
      <trkpt lat="30.740266" lon="34.950680">
        <ele>507.7</ele>
        <time>2026-03-17T08:09:06.000Z</time>
        <extensions>
          <gpxtpx:TrackPointExtension>
            <gpxtpx:hr>149</gpxtpx:hr>
            <gpxtpx:cad>57</gpxtpx:cad>
            <gpxtpx:atemp>303.65</gpxtpx:atemp>
          </gpxtpx:TrackPointExtension>
        </extensions>
      </trkpt>
      <trkpt lat="30.740301" lon="34.950840">
        <ele>506.3</ele>
        <time>2026-03-17T08:09:19.000Z</time>
        <extensions>
          <gpxtpx:TrackPointExtension>
            <gpxtpx:hr>142</gpxtpx:hr>
            <gpxtpx:cad>55</gpxtpx:cad>
            <gpxtpx:atemp>302.65</gpxtpx:atemp>
          </gpxtpx:TrackPointExtension>
        </extensions>
      </trkpt>
      <trkpt lat="30.740329" lon="34.950971">
        <ele>505.3</ele>
        <time>2026-03-17T08:09:29.000Z</time>
        <extensions>
          <gpxtpx:TrackPointExtension>
            <gpxtpx:hr>138</gpxtpx:hr>
            <gpxtpx:cad>0</gpxtpx:cad>
            <gpxtpx:atemp>302.65</gpxtpx:atemp>
          </gpxtpx:TrackPointExtension>
        </extensions>
      </trkpt>
      <trkpt lat="30.740367" lon="34.951032">
        <ele>504.4</ele>
        <time>2026-03-17T08:09:34.000Z</time>
        <extensions>
          <gpxtpx:TrackPointExtension>
            <gpxtpx:hr>137</gpxtpx:hr>
            <gpxtpx:cad>58</gpxtpx:cad>
            <gpxtpx:atemp>302.65</gpxtpx:atemp>
          </gpxtpx:TrackPointExtension>
        </extensions>
      </trkpt>
      <trkpt lat="30.740386" lon="34.951132">
        <ele>503.7</ele>
        <time>2026-03-17T08:09:50.000Z</time>
        <extensions>
          <gpxtpx:TrackPointExtension>
            <gpxtpx:hr>129</gpxtpx:hr>
            <gpxtpx:cad>0</gpxtpx:cad>
            <gpxtpx:atemp>302.65</gpxtpx:atemp>
          </gpxtpx:TrackPointExtension>
        </extensions>
      </trkpt>
      <trkpt lat="30.740411" lon="34.951188">
        <ele>503.3</ele>
        <time>2026-03-17T08:10:01.000Z</time>
        <extensions>
          <gpxtpx:TrackPointExtension>
            <gpxtpx:hr>132</gpxtpx:hr>
            <gpxtpx:cad>0</gpxtpx:cad>
            <gpxtpx:atemp>302.65</gpxtpx:atemp>
          </gpxtpx:TrackPointExtension>
        </extensions>
      </trkpt>
      <trkpt lat="30.740372" lon="34.951312">
        <ele>502.6</ele>
        <time>2026-03-17T08:10:15.000Z</time>
        <extensions>
          <gpxtpx:TrackPointExtension>
            <gpxtpx:hr>129</gpxtpx:hr>
            <gpxtpx:cad>50</gpxtpx:cad>
            <gpxtpx:atemp>302.65</gpxtpx:atemp>
          </gpxtpx:TrackPointExtension>
        </extensions>
      </trkpt>
      <trkpt lat="30.740473" lon="34.951383">
        <ele>500.6</ele>
        <time>2026-03-17T08:10:34.000Z</time>
        <extensions>
          <gpxtpx:TrackPointExtension>
            <gpxtpx:hr>125</gpxtpx:hr>
            <gpxtpx:cad>0</gpxtpx:cad>
            <gpxtpx:atemp>302.65</gpxtpx:atemp>
          </gpxtpx:TrackPointExtension>
        </extensions>
      </trkpt>
      <trkpt lat="30.740522" lon="34.951457">
        <ele>499.3</ele>
        <time>2026-03-17T08:10:44.000Z</time>
        <extensions>
          <gpxtpx:TrackPointExtension>
            <gpxtpx:hr>123</gpxtpx:hr>
            <gpxtpx:cad>50</gpxtpx:cad>
            <gpxtpx:atemp>302.65</gpxtpx:atemp>
          </gpxtpx:TrackPointExtension>
        </extensions>
      </trkpt>
      <trkpt lat="30.740551" lon="34.951546">
        <ele>498.4</ele>
        <time>2026-03-17T08:10:53.000Z</time>
        <extensions>
          <gpxtpx:TrackPointExtension>
            <gpxtpx:hr>123</gpxtpx:hr>
            <gpxtpx:cad>48</gpxtpx:cad>
            <gpxtpx:atemp>301.65</gpxtpx:atemp>
          </gpxtpx:TrackPointExtension>
        </extensions>
      </trkpt>
      <trkpt lat="30.740581" lon="34.951611">
        <ele>497.4</ele>
        <time>2026-03-17T08:11:00.000Z</time>
        <extensions>
          <gpxtpx:TrackPointExtension>
            <gpxtpx:hr>119</gpxtpx:hr>
            <gpxtpx:cad>54</gpxtpx:cad>
            <gpxtpx:atemp>301.65</gpxtpx:atemp>
          </gpxtpx:TrackPointExtension>
        </extensions>
      </trkpt>
      <trkpt lat="30.740674" lon="34.951698">
        <ele>495.9</ele>
        <time>2026-03-17T08:11:13.000Z</time>
        <extensions>
          <gpxtpx:TrackPointExtension>
            <gpxtpx:hr>125</gpxtpx:hr>
            <gpxtpx:cad>47</gpxtpx:cad>
            <gpxtpx:atemp>301.65</gpxtpx:atemp>
          </gpxtpx:TrackPointExtension>
        </extensions>
      </trkpt>
      <trkpt lat="30.740695" lon="34.951735">
        <ele>495.5</ele>
        <time>2026-03-17T08:11:35.000Z</time>
        <extensions>
          <gpxtpx:TrackPointExtension>
            <gpxtpx:hr>130</gpxtpx:hr>
            <gpxtpx:cad>0</gpxtpx:cad>
            <gpxtpx:atemp>302.65</gpxtpx:atemp>
          </gpxtpx:TrackPointExtension>
        </extensions>
      </trkpt>
      <trkpt lat="30.740710" lon="34.951805">
        <ele>494.8</ele>
        <time>2026-03-17T08:11:46.000Z</time>
        <extensions>
          <gpxtpx:TrackPointExtension>
            <gpxtpx:hr>125</gpxtpx:hr>
            <gpxtpx:cad>53</gpxtpx:cad>
            <gpxtpx:atemp>301.65</gpxtpx:atemp>
          </gpxtpx:TrackPointExtension>
        </extensions>
      </trkpt>
      <trkpt lat="30.740785" lon="34.951813">
        <ele>493.6</ele>
        <time>2026-03-17T08:11:59.000Z</time>
        <extensions>
          <gpxtpx:TrackPointExtension>
            <gpxtpx:hr>118</gpxtpx:hr>
            <gpxtpx:cad>0</gpxtpx:cad>
            <gpxtpx:atemp>302.65</gpxtpx:atemp>
          </gpxtpx:TrackPointExtension>
        </extensions>
      </trkpt>
      <trkpt lat="30.740860" lon="34.951884">
        <ele>492.1</ele>
        <time>2026-03-17T08:12:08.000Z</time>
        <extensions>
          <gpxtpx:TrackPointExtension>
            <gpxtpx:hr>118</gpxtpx:hr>
            <gpxtpx:cad>0</gpxtpx:cad>
            <gpxtpx:atemp>302.65</gpxtpx:atemp>
          </gpxtpx:TrackPointExtension>
        </extensions>
      </trkpt>
      <trkpt lat="30.740919" lon="34.952048">
        <ele>490.6</ele>
        <time>2026-03-17T08:12:26.000Z</time>
        <extensions>
          <gpxtpx:TrackPointExtension>
            <gpxtpx:hr>126</gpxtpx:hr>
            <gpxtpx:cad>0</gpxtpx:cad>
            <gpxtpx:atemp>302.65</gpxtpx:atemp>
          </gpxtpx:TrackPointExtension>
        </extensions>
      </trkpt>
      <trkpt lat="30.740945" lon="34.952136">
        <ele>489.8</ele>
        <time>2026-03-17T08:12:35.000Z</time>
        <extensions>
          <gpxtpx:TrackPointExtension>
            <gpxtpx:hr>136</gpxtpx:hr>
            <gpxtpx:cad>0</gpxtpx:cad>
            <gpxtpx:atemp>302.65</gpxtpx:atemp>
          </gpxtpx:TrackPointExtension>
        </extensions>
      </trkpt>
      <trkpt lat="30.740958" lon="34.952268">
        <ele>488.7</ele>
        <time>2026-03-17T08:12:45.000Z</time>
        <extensions>
          <gpxtpx:TrackPointExtension>
            <gpxtpx:hr>140</gpxtpx:hr>
            <gpxtpx:cad>0</gpxtpx:cad>
            <gpxtpx:atemp>302.65</gpxtpx:atemp>
          </gpxtpx:TrackPointExtension>
        </extensions>
      </trkpt>
      <trkpt lat="30.741071" lon="34.952351">
        <ele>487.0</ele>
        <time>2026-03-17T08:12:58.000Z</time>
        <extensions>
          <gpxtpx:TrackPointExtension>
            <gpxtpx:hr>143</gpxtpx:hr>
            <gpxtpx:cad>45</gpxtpx:cad>
            <gpxtpx:atemp>302.65</gpxtpx:atemp>
          </gpxtpx:TrackPointExtension>
        </extensions>
      </trkpt>
      <trkpt lat="30.741113" lon="34.952488">
        <ele>484.9</ele>
        <time>2026-03-17T08:13:10.000Z</time>
        <extensions>
          <gpxtpx:TrackPointExtension>
            <gpxtpx:hr>146</gpxtpx:hr>
            <gpxtpx:cad>50</gpxtpx:cad>
            <gpxtpx:atemp>302.65</gpxtpx:atemp>
          </gpxtpx:TrackPointExtension>
        </extensions>
      </trkpt>
      <trkpt lat="30.741110" lon="34.952642">
        <ele>482.9</ele>
        <time>2026-03-17T08:13:21.000Z</time>
        <extensions>
          <gpxtpx:TrackPointExtension>
            <gpxtpx:hr>151</gpxtpx:hr>
            <gpxtpx:cad>56</gpxtpx:cad>
            <gpxtpx:atemp>302.65</gpxtpx:atemp>
          </gpxtpx:TrackPointExtension>
        </extensions>
      </trkpt>
      <trkpt lat="30.741045" lon="34.952766">
        <ele>480.9</ele>
        <time>2026-03-17T08:13:29.000Z</time>
        <extensions>
          <gpxtpx:TrackPointExtension>
            <gpxtpx:hr>151</gpxtpx:hr>
            <gpxtpx:cad>71</gpxtpx:cad>
            <gpxtpx:atemp>302.65</gpxtpx:atemp>
          </gpxtpx:TrackPointExtension>
        </extensions>
      </trkpt>
      <trkpt lat="30.741111" lon="34.952810">
        <ele>479.6</ele>
        <time>2026-03-17T08:13:36.000Z</time>
        <extensions>
          <gpxtpx:TrackPointExtension>
            <gpxtpx:hr>150</gpxtpx:hr>
            <gpxtpx:cad>54</gpxtpx:cad>
            <gpxtpx:atemp>302.65</gpxtpx:atemp>
          </gpxtpx:TrackPointExtension>
        </extensions>
      </trkpt>
      <trkpt lat="30.741148" lon="34.952880">
        <ele>478.1</ele>
        <time>2026-03-17T08:13:44.000Z</time>
        <extensions>
          <gpxtpx:TrackPointExtension>
            <gpxtpx:hr>148</gpxtpx:hr>
            <gpxtpx:cad>46</gpxtpx:cad>
            <gpxtpx:atemp>302.65</gpxtpx:atemp>
          </gpxtpx:TrackPointExtension>
        </extensions>
      </trkpt>
      <trkpt lat="30.741243" lon="34.952939">
        <ele>476.5</ele>
        <time>2026-03-17T08:13:57.000Z</time>
        <extensions>
          <gpxtpx:TrackPointExtension>
            <gpxtpx:hr>148</gpxtpx:hr>
            <gpxtpx:cad>55</gpxtpx:cad>
            <gpxtpx:atemp>302.65</gpxtpx:atemp>
          </gpxtpx:TrackPointExtension>
        </extensions>
      </trkpt>
      <trkpt lat="30.741342" lon="34.952945">
        <ele>475.6</ele>
        <time>2026-03-17T08:14:07.000Z</time>
        <extensions>
          <gpxtpx:TrackPointExtension>
            <gpxtpx:hr>145</gpxtpx:hr>
            <gpxtpx:cad>68</gpxtpx:cad>
            <gpxtpx:atemp>302.65</gpxtpx:atemp>
          </gpxtpx:TrackPointExtension>
        </extensions>
      </trkpt>
      <trkpt lat="30.741448" lon="34.953003">
        <ele>473.4</ele>
        <time>2026-03-17T08:14:18.000Z</time>
        <extensions>
          <gpxtpx:TrackPointExtension>
            <gpxtpx:hr>139</gpxtpx:hr>
            <gpxtpx:cad>62</gpxtpx:cad>
            <gpxtpx:atemp>302.65</gpxtpx:atemp>
          </gpxtpx:TrackPointExtension>
        </extensions>
      </trkpt>
      <trkpt lat="30.741521" lon="34.953017">
        <ele>472.5</ele>
        <time>2026-03-17T08:14:36.000Z</time>
        <extensions>
          <gpxtpx:TrackPointExtension>
            <gpxtpx:hr>136</gpxtpx:hr>
            <gpxtpx:cad>0</gpxtpx:cad>
            <gpxtpx:atemp>302.65</gpxtpx:atemp>
          </gpxtpx:TrackPointExtension>
        </extensions>
      </trkpt>
      <trkpt lat="30.741648" lon="34.953000">
        <ele>471.3</ele>
        <time>2026-03-17T08:14:52.000Z</time>
        <extensions>
          <gpxtpx:TrackPointExtension>
            <gpxtpx:hr>138</gpxtpx:hr>
            <gpxtpx:cad>0</gpxtpx:cad>
            <gpxtpx:atemp>302.65</gpxtpx:atemp>
          </gpxtpx:TrackPointExtension>
        </extensions>
      </trkpt>
      <trkpt lat="30.741750" lon="34.953065">
        <ele>468.5</ele>
        <time>2026-03-17T08:15:10.000Z</time>
        <extensions>
          <gpxtpx:TrackPointExtension>
            <gpxtpx:hr>135</gpxtpx:hr>
            <gpxtpx:cad>53</gpxtpx:cad>
            <gpxtpx:atemp>303.65</gpxtpx:atemp>
          </gpxtpx:TrackPointExtension>
        </extensions>
      </trkpt>
      <trkpt lat="30.741792" lon="34.953185">
        <ele>465.4</ele>
        <time>2026-03-17T08:15:26.000Z</time>
        <extensions>
          <gpxtpx:TrackPointExtension>
            <gpxtpx:hr>135</gpxtpx:hr>
            <gpxtpx:cad>0</gpxtpx:cad>
            <gpxtpx:atemp>303.65</gpxtpx:atemp>
          </gpxtpx:TrackPointExtension>
        </extensions>
      </trkpt>
      <trkpt lat="30.741671" lon="34.953285">
        <ele>463.7</ele>
        <time>2026-03-17T08:15:42.000Z</time>
        <extensions>
          <gpxtpx:TrackPointExtension>
            <gpxtpx:hr>138</gpxtpx:hr>
            <gpxtpx:cad>0</gpxtpx:cad>
            <gpxtpx:atemp>302.65</gpxtpx:atemp>
          </gpxtpx:TrackPointExtension>
        </extensions>
      </trkpt>
      <trkpt lat="30.741605" lon="34.953328">
        <ele>463.0</ele>
        <time>2026-03-17T08:15:55.000Z</time>
        <extensions>
          <gpxtpx:TrackPointExtension>
            <gpxtpx:hr>143</gpxtpx:hr>
            <gpxtpx:cad>52</gpxtpx:cad>
            <gpxtpx:atemp>302.65</gpxtpx:atemp>
          </gpxtpx:TrackPointExtension>
        </extensions>
      </trkpt>
      <trkpt lat="30.741599" lon="34.953437">
        <ele>459.6</ele>
        <time>2026-03-17T08:16:18.000Z</time>
        <extensions>
          <gpxtpx:TrackPointExtension>
            <gpxtpx:hr>149</gpxtpx:hr>
            <gpxtpx:cad>0</gpxtpx:cad>
            <gpxtpx:atemp>303.65</gpxtpx:atemp>
          </gpxtpx:TrackPointExtension>
        </extensions>
      </trkpt>
      <trkpt lat="30.741594" lon="34.953513">
        <ele>457.2</ele>
        <time>2026-03-17T08:16:33.000Z</time>
        <extensions>
          <gpxtpx:TrackPointExtension>
            <gpxtpx:hr>146</gpxtpx:hr>
            <gpxtpx:cad>0</gpxtpx:cad>
            <gpxtpx:atemp>303.65</gpxtpx:atemp>
          </gpxtpx:TrackPointExtension>
        </extensions>
      </trkpt>
      <trkpt lat="30.741633" lon="34.953661">
        <ele>452.1</ele>
        <time>2026-03-17T08:17:04.000Z</time>
        <extensions>
          <gpxtpx:TrackPointExtension>
            <gpxtpx:hr>134</gpxtpx:hr>
            <gpxtpx:cad>0</gpxtpx:cad>
            <gpxtpx:atemp>303.65</gpxtpx:atemp>
          </gpxtpx:TrackPointExtension>
        </extensions>
      </trkpt>
      <trkpt lat="30.741653" lon="34.953681">
        <ele>451.3</ele>
        <time>2026-03-17T08:17:12.000Z</time>
        <extensions>
          <gpxtpx:TrackPointExtension>
            <gpxtpx:hr>134</gpxtpx:hr>
            <gpxtpx:cad>0</gpxtpx:cad>
            <gpxtpx:atemp>303.65</gpxtpx:atemp>
          </gpxtpx:TrackPointExtension>
        </extensions>
      </trkpt>
      <trkpt lat="30.741583" lon="34.953829">
        <ele>447.4</ele>
        <time>2026-03-17T08:17:29.000Z</time>
        <extensions>
          <gpxtpx:TrackPointExtension>
            <gpxtpx:hr>137</gpxtpx:hr>
            <gpxtpx:cad>0</gpxtpx:cad>
            <gpxtpx:atemp>303.65</gpxtpx:atemp>
          </gpxtpx:TrackPointExtension>
        </extensions>
      </trkpt>
      <trkpt lat="30.741589" lon="34.953810">
        <ele>447.9</ele>
        <time>2026-03-17T08:18:15.000Z</time>
        <extensions>
          <gpxtpx:TrackPointExtension>
            <gpxtpx:hr>143</gpxtpx:hr>
            <gpxtpx:cad>0</gpxtpx:cad>
            <gpxtpx:atemp>302.65</gpxtpx:atemp>
          </gpxtpx:TrackPointExtension>
        </extensions>
      </trkpt>
      <trkpt lat="30.741611" lon="34.953739">
        <ele>449.8</ele>
        <time>2026-03-17T08:18:26.000Z</time>
        <extensions>
          <gpxtpx:TrackPointExtension>
            <gpxtpx:hr>137</gpxtpx:hr>
            <gpxtpx:cad>0</gpxtpx:cad>
            <gpxtpx:atemp>302.65</gpxtpx:atemp>
          </gpxtpx:TrackPointExtension>
        </extensions>
      </trkpt>
      <trkpt lat="30.741669" lon="34.953763">
        <ele>448.6</ele>
        <time>2026-03-17T08:18:50.000Z</time>
        <extensions>
          <gpxtpx:TrackPointExtension>
            <gpxtpx:hr>134</gpxtpx:hr>
            <gpxtpx:cad>19</gpxtpx:cad>
            <gpxtpx:atemp>302.65</gpxtpx:atemp>
          </gpxtpx:TrackPointExtension>
        </extensions>
      </trkpt>
      <trkpt lat="30.741682" lon="34.953856">
        <ele>446.1</ele>
        <time>2026-03-17T08:19:25.000Z</time>
        <extensions>
          <gpxtpx:TrackPointExtension>
            <gpxtpx:hr>129</gpxtpx:hr>
            <gpxtpx:cad>0</gpxtpx:cad>
            <gpxtpx:atemp>302.65</gpxtpx:atemp>
          </gpxtpx:TrackPointExtension>
        </extensions>
      </trkpt>
      <trkpt lat="30.741704" lon="34.953958">
        <ele>443.2</ele>
        <time>2026-03-17T08:20:01.000Z</time>
        <extensions>
          <gpxtpx:TrackPointExtension>
            <gpxtpx:hr>150</gpxtpx:hr>
            <gpxtpx:cad>0</gpxtpx:cad>
            <gpxtpx:atemp>303.65</gpxtpx:atemp>
          </gpxtpx:TrackPointExtension>
        </extensions>
      </trkpt>
      <trkpt lat="30.741703" lon="34.954100">
        <ele>439.6</ele>
        <time>2026-03-17T08:20:20.000Z</time>
        <extensions>
          <gpxtpx:TrackPointExtension>
            <gpxtpx:hr>144</gpxtpx:hr>
            <gpxtpx:cad>40</gpxtpx:cad>
            <gpxtpx:atemp>303.65</gpxtpx:atemp>
          </gpxtpx:TrackPointExtension>
        </extensions>
      </trkpt>
      <trkpt lat="30.741745" lon="34.954196">
        <ele>437.0</ele>
        <time>2026-03-17T08:20:32.000Z</time>
        <extensions>
          <gpxtpx:TrackPointExtension>
            <gpxtpx:hr>138</gpxtpx:hr>
            <gpxtpx:cad>55</gpxtpx:cad>
            <gpxtpx:atemp>303.65</gpxtpx:atemp>
          </gpxtpx:TrackPointExtension>
        </extensions>
      </trkpt>
      <trkpt lat="30.741835" lon="34.954270">
        <ele>434.8</ele>
        <time>2026-03-17T08:20:54.000Z</time>
        <extensions>
          <gpxtpx:TrackPointExtension>
            <gpxtpx:hr>132</gpxtpx:hr>
            <gpxtpx:cad>0</gpxtpx:cad>
            <gpxtpx:atemp>302.65</gpxtpx:atemp>
          </gpxtpx:TrackPointExtension>
        </extensions>
      </trkpt>
      <trkpt lat="30.741890" lon="34.954277">
        <ele>434.4</ele>
        <time>2026-03-17T08:21:28.000Z</time>
        <extensions>
          <gpxtpx:TrackPointExtension>
            <gpxtpx:hr>138</gpxtpx:hr>
            <gpxtpx:cad>0</gpxtpx:cad>
            <gpxtpx:atemp>303.65</gpxtpx:atemp>
          </gpxtpx:TrackPointExtension>
        </extensions>
      </trkpt>
      <trkpt lat="30.741994" lon="34.954306">
        <ele>433.3</ele>
        <time>2026-03-17T08:22:11.000Z</time>
        <extensions>
          <gpxtpx:TrackPointExtension>
            <gpxtpx:hr>137</gpxtpx:hr>
            <gpxtpx:cad>64</gpxtpx:cad>
            <gpxtpx:atemp>302.65</gpxtpx:atemp>
          </gpxtpx:TrackPointExtension>
        </extensions>
      </trkpt>
      <trkpt lat="30.742050" lon="34.954391">
        <ele>431.6</ele>
        <time>2026-03-17T08:22:43.000Z</time>
        <extensions>
          <gpxtpx:TrackPointExtension>
            <gpxtpx:hr>134</gpxtpx:hr>
            <gpxtpx:cad>0</gpxtpx:cad>
            <gpxtpx:atemp>303.65</gpxtpx:atemp>
          </gpxtpx:TrackPointExtension>
        </extensions>
      </trkpt>
      <trkpt lat="30.742156" lon="34.954403">
        <ele>431.0</ele>
        <time>2026-03-17T08:22:58.000Z</time>
        <extensions>
          <gpxtpx:TrackPointExtension>
            <gpxtpx:hr>133</gpxtpx:hr>
            <gpxtpx:cad>0</gpxtpx:cad>
            <gpxtpx:atemp>303.65</gpxtpx:atemp>
          </gpxtpx:TrackPointExtension>
        </extensions>
      </trkpt>
      <trkpt lat="30.742157" lon="34.954308">
        <ele>432.7</ele>
        <time>2026-03-17T08:23:05.000Z</time>
        <extensions>
          <gpxtpx:TrackPointExtension>
            <gpxtpx:hr>134</gpxtpx:hr>
            <gpxtpx:cad>0</gpxtpx:cad>
            <gpxtpx:atemp>303.65</gpxtpx:atemp>
          </gpxtpx:TrackPointExtension>
        </extensions>
      </trkpt>
      <trkpt lat="30.742213" lon="34.954260">
        <ele>433.5</ele>
        <time>2026-03-17T08:23:13.000Z</time>
        <extensions>
          <gpxtpx:TrackPointExtension>
            <gpxtpx:hr>132</gpxtpx:hr>
            <gpxtpx:cad>56</gpxtpx:cad>
            <gpxtpx:atemp>303.65</gpxtpx:atemp>
          </gpxtpx:TrackPointExtension>
        </extensions>
      </trkpt>
      <trkpt lat="30.742305" lon="34.954276">
        <ele>432.8</ele>
        <time>2026-03-17T08:23:21.000Z</time>
        <extensions>
          <gpxtpx:TrackPointExtension>
            <gpxtpx:hr>133</gpxtpx:hr>
            <gpxtpx:cad>58</gpxtpx:cad>
            <gpxtpx:atemp>303.65</gpxtpx:atemp>
          </gpxtpx:TrackPointExtension>
        </extensions>
      </trkpt>
      <trkpt lat="30.742432" lon="34.954250">
        <ele>432.7</ele>
        <time>2026-03-17T08:23:33.000Z</time>
        <extensions>
          <gpxtpx:TrackPointExtension>
            <gpxtpx:hr>133</gpxtpx:hr>
            <gpxtpx:cad>0</gpxtpx:cad>
            <gpxtpx:atemp>303.65</gpxtpx:atemp>
          </gpxtpx:TrackPointExtension>
        </extensions>
      </trkpt>
      <trkpt lat="30.742512" lon="34.954277">
        <ele>431.6</ele>
        <time>2026-03-17T08:23:38.000Z</time>
        <extensions>
          <gpxtpx:TrackPointExtension>
            <gpxtpx:hr>132</gpxtpx:hr>
            <gpxtpx:cad>69</gpxtpx:cad>
            <gpxtpx:atemp>303.65</gpxtpx:atemp>
          </gpxtpx:TrackPointExtension>
        </extensions>
      </trkpt>
      <trkpt lat="30.742602" lon="34.954246">
        <ele>431.7</ele>
        <time>2026-03-17T08:23:44.000Z</time>
        <extensions>
          <gpxtpx:TrackPointExtension>
            <gpxtpx:hr>134</gpxtpx:hr>
            <gpxtpx:cad>71</gpxtpx:cad>
            <gpxtpx:atemp>303.65</gpxtpx:atemp>
          </gpxtpx:TrackPointExtension>
        </extensions>
      </trkpt>
      <trkpt lat="30.742650" lon="34.954180">
        <ele>433.1</ele>
        <time>2026-03-17T08:23:48.000Z</time>
        <extensions>
          <gpxtpx:TrackPointExtension>
            <gpxtpx:hr>135</gpxtpx:hr>
            <gpxtpx:cad>72</gpxtpx:cad>
            <gpxtpx:atemp>303.65</gpxtpx:atemp>
          </gpxtpx:TrackPointExtension>
        </extensions>
      </trkpt>
      <trkpt lat="30.742711" lon="34.954129">
        <ele>433.9</ele>
        <time>2026-03-17T08:23:53.000Z</time>
        <extensions>
          <gpxtpx:TrackPointExtension>
            <gpxtpx:hr>138</gpxtpx:hr>
            <gpxtpx:cad>74</gpxtpx:cad>
            <gpxtpx:atemp>303.65</gpxtpx:atemp>
          </gpxtpx:TrackPointExtension>
        </extensions>
      </trkpt>
      <trkpt lat="30.742786" lon="34.954136">
        <ele>433.2</ele>
        <time>2026-03-17T08:23:57.000Z</time>
        <extensions>
          <gpxtpx:TrackPointExtension>
            <gpxtpx:hr>143</gpxtpx:hr>
            <gpxtpx:cad>74</gpxtpx:cad>
            <gpxtpx:atemp>303.65</gpxtpx:atemp>
          </gpxtpx:TrackPointExtension>
        </extensions>
      </trkpt>
      <trkpt lat="30.742904" lon="34.954108">
        <ele>433.1</ele>
        <time>2026-03-17T08:24:04.000Z</time>
        <extensions>
          <gpxtpx:TrackPointExtension>
            <gpxtpx:hr>144</gpxtpx:hr>
            <gpxtpx:cad>78</gpxtpx:cad>
            <gpxtpx:atemp>303.65</gpxtpx:atemp>
          </gpxtpx:TrackPointExtension>
        </extensions>
      </trkpt>
      <trkpt lat="30.742943" lon="34.954115">
        <ele>432.8</ele>
        <time>2026-03-17T08:24:06.000Z</time>
        <extensions>
          <gpxtpx:TrackPointExtension>
            <gpxtpx:hr>145</gpxtpx:hr>
            <gpxtpx:cad>77</gpxtpx:cad>
            <gpxtpx:atemp>303.65</gpxtpx:atemp>
          </gpxtpx:TrackPointExtension>
        </extensions>
      </trkpt>
      <trkpt lat="30.743038" lon="34.954104">
        <ele>433.0</ele>
        <time>2026-03-17T08:24:11.000Z</time>
        <extensions>
          <gpxtpx:TrackPointExtension>
            <gpxtpx:hr>148</gpxtpx:hr>
            <gpxtpx:cad>76</gpxtpx:cad>
            <gpxtpx:atemp>303.65</gpxtpx:atemp>
          </gpxtpx:TrackPointExtension>
        </extensions>
      </trkpt>
      <trkpt lat="30.743205" lon="34.954105">
        <ele>432.7</ele>
        <time>2026-03-17T08:24:20.000Z</time>
        <extensions>
          <gpxtpx:TrackPointExtension>
            <gpxtpx:hr>153</gpxtpx:hr>
            <gpxtpx:cad>75</gpxtpx:cad>
            <gpxtpx:atemp>303.65</gpxtpx:atemp>
          </gpxtpx:TrackPointExtension>
        </extensions>
      </trkpt>
      <trkpt lat="30.743294" lon="34.954093">
        <ele>432.8</ele>
        <time>2026-03-17T08:24:25.000Z</time>
        <extensions>
          <gpxtpx:TrackPointExtension>
            <gpxtpx:hr>156</gpxtpx:hr>
            <gpxtpx:cad>76</gpxtpx:cad>
            <gpxtpx:atemp>303.65</gpxtpx:atemp>
          </gpxtpx:TrackPointExtension>
        </extensions>
      </trkpt>
      <trkpt lat="30.743434" lon="34.954135">
        <ele>431.1</ele>
        <time>2026-03-17T08:24:34.000Z</time>
        <extensions>
          <gpxtpx:TrackPointExtension>
            <gpxtpx:hr>155</gpxtpx:hr>
            <gpxtpx:cad>73</gpxtpx:cad>
            <gpxtpx:atemp>302.65</gpxtpx:atemp>
          </gpxtpx:TrackPointExtension>
        </extensions>
      </trkpt>
      <trkpt lat="30.743490" lon="34.954119">
        <ele>431.4</ele>
        <time>2026-03-17T08:24:38.000Z</time>
        <extensions>
          <gpxtpx:TrackPointExtension>
            <gpxtpx:hr>155</gpxtpx:hr>
            <gpxtpx:cad>0</gpxtpx:cad>
            <gpxtpx:atemp>302.65</gpxtpx:atemp>
          </gpxtpx:TrackPointExtension>
        </extensions>
      </trkpt>
      <trkpt lat="30.743579" lon="34.954111">
        <ele>431.6</ele>
        <time>2026-03-17T08:24:47.000Z</time>
        <extensions>
          <gpxtpx:TrackPointExtension>
            <gpxtpx:hr>154</gpxtpx:hr>
            <gpxtpx:cad>56</gpxtpx:cad>
            <gpxtpx:atemp>302.65</gpxtpx:atemp>
          </gpxtpx:TrackPointExtension>
        </extensions>
      </trkpt>
      <trkpt lat="30.743687" lon="34.954181">
        <ele>429.6</ele>
        <time>2026-03-17T08:24:58.000Z</time>
        <extensions>
          <gpxtpx:TrackPointExtension>
            <gpxtpx:hr>153</gpxtpx:hr>
            <gpxtpx:cad>0</gpxtpx:cad>
            <gpxtpx:atemp>302.65</gpxtpx:atemp>
          </gpxtpx:TrackPointExtension>
        </extensions>
      </trkpt>
      <trkpt lat="30.743768" lon="34.954201">
        <ele>428.9</ele>
        <time>2026-03-17T08:25:06.000Z</time>
        <extensions>
          <gpxtpx:TrackPointExtension>
            <gpxtpx:hr>151</gpxtpx:hr>
            <gpxtpx:cad>54</gpxtpx:cad>
            <gpxtpx:atemp>302.65</gpxtpx:atemp>
          </gpxtpx:TrackPointExtension>
        </extensions>
      </trkpt>
      <trkpt lat="30.743870" lon="34.954139">
        <ele>430.4</ele>
        <time>2026-03-17T08:25:16.000Z</time>
        <extensions>
          <gpxtpx:TrackPointExtension>
            <gpxtpx:hr>150</gpxtpx:hr>
            <gpxtpx:cad>56</gpxtpx:cad>
            <gpxtpx:atemp>302.65</gpxtpx:atemp>
          </gpxtpx:TrackPointExtension>
        </extensions>
      </trkpt>
      <trkpt lat="30.743920" lon="34.954092">
        <ele>431.5</ele>
        <time>2026-03-17T08:25:23.000Z</time>
        <extensions>
          <gpxtpx:TrackPointExtension>
            <gpxtpx:hr>153</gpxtpx:hr>
            <gpxtpx:cad>55</gpxtpx:cad>
            <gpxtpx:atemp>302.65</gpxtpx:atemp>
          </gpxtpx:TrackPointExtension>
        </extensions>
      </trkpt>
      <trkpt lat="30.744024" lon="34.954044">
        <ele>432.6</ele>
        <time>2026-03-17T08:25:39.000Z</time>
        <extensions>
          <gpxtpx:TrackPointExtension>
            <gpxtpx:hr>153</gpxtpx:hr>
            <gpxtpx:cad>60</gpxtpx:cad>
            <gpxtpx:atemp>302.65</gpxtpx:atemp>
          </gpxtpx:TrackPointExtension>
        </extensions>
      </trkpt>
      <trkpt lat="30.744092" lon="34.954076">
        <ele>431.6</ele>
        <time>2026-03-17T08:25:44.000Z</time>
        <extensions>
          <gpxtpx:TrackPointExtension>
            <gpxtpx:hr>155</gpxtpx:hr>
            <gpxtpx:cad>60</gpxtpx:cad>
            <gpxtpx:atemp>302.65</gpxtpx:atemp>
          </gpxtpx:TrackPointExtension>
        </extensions>
      </trkpt>
      <trkpt lat="30.744156" lon="34.954178">
        <ele>428.7</ele>
        <time>2026-03-17T08:25:50.000Z</time>
        <extensions>
          <gpxtpx:TrackPointExtension>
            <gpxtpx:hr>153</gpxtpx:hr>
            <gpxtpx:cad>72</gpxtpx:cad>
            <gpxtpx:atemp>302.65</gpxtpx:atemp>
          </gpxtpx:TrackPointExtension>
        </extensions>
      </trkpt>
      <trkpt lat="30.744250" lon="34.954315">
        <ele>424.8</ele>
        <time>2026-03-17T08:25:58.000Z</time>
        <extensions>
          <gpxtpx:TrackPointExtension>
            <gpxtpx:hr>159</gpxtpx:hr>
            <gpxtpx:cad>77</gpxtpx:cad>
            <gpxtpx:atemp>302.65</gpxtpx:atemp>
          </gpxtpx:TrackPointExtension>
        </extensions>
      </trkpt>
      <trkpt lat="30.744359" lon="34.954343">
        <ele>424.2</ele>
        <time>2026-03-17T08:26:06.000Z</time>
        <extensions>
          <gpxtpx:TrackPointExtension>
            <gpxtpx:hr>160</gpxtpx:hr>
            <gpxtpx:cad>71</gpxtpx:cad>
            <gpxtpx:atemp>303.65</gpxtpx:atemp>
          </gpxtpx:TrackPointExtension>
        </extensions>
      </trkpt>
      <trkpt lat="30.744437" lon="34.954311">
        <ele>424.9</ele>
        <time>2026-03-17T08:26:12.000Z</time>
        <extensions>
          <gpxtpx:TrackPointExtension>
            <gpxtpx:hr>153</gpxtpx:hr>
            <gpxtpx:cad>61</gpxtpx:cad>
            <gpxtpx:atemp>303.65</gpxtpx:atemp>
          </gpxtpx:TrackPointExtension>
        </extensions>
      </trkpt>
      <trkpt lat="30.744536" lon="34.954327">
        <ele>424.5</ele>
        <time>2026-03-17T08:26:19.000Z</time>
        <extensions>
          <gpxtpx:TrackPointExtension>
            <gpxtpx:hr>154</gpxtpx:hr>
            <gpxtpx:cad>64</gpxtpx:cad>
            <gpxtpx:atemp>303.65</gpxtpx:atemp>
          </gpxtpx:TrackPointExtension>
        </extensions>
      </trkpt>
      <trkpt lat="30.744633" lon="34.954295">
        <ele>425.3</ele>
        <time>2026-03-17T08:26:26.000Z</time>
        <extensions>
          <gpxtpx:TrackPointExtension>
            <gpxtpx:hr>154</gpxtpx:hr>
            <gpxtpx:cad>71</gpxtpx:cad>
            <gpxtpx:atemp>303.65</gpxtpx:atemp>
          </gpxtpx:TrackPointExtension>
        </extensions>
      </trkpt>
      <trkpt lat="30.744736" lon="34.954343">
        <ele>424.0</ele>
        <time>2026-03-17T08:26:34.000Z</time>
        <extensions>
          <gpxtpx:TrackPointExtension>
            <gpxtpx:hr>154</gpxtpx:hr>
            <gpxtpx:cad>71</gpxtpx:cad>
            <gpxtpx:atemp>303.65</gpxtpx:atemp>
          </gpxtpx:TrackPointExtension>
        </extensions>
      </trkpt>
      <trkpt lat="30.744837" lon="34.954375">
        <ele>423.0</ele>
        <time>2026-03-17T08:26:40.000Z</time>
        <extensions>
          <gpxtpx:TrackPointExtension>
            <gpxtpx:hr>153</gpxtpx:hr>
            <gpxtpx:cad>74</gpxtpx:cad>
            <gpxtpx:atemp>303.65</gpxtpx:atemp>
          </gpxtpx:TrackPointExtension>
        </extensions>
      </trkpt>
      <trkpt lat="30.744963" lon="34.954370">
        <ele>423.1</ele>
        <time>2026-03-17T08:26:47.000Z</time>
        <extensions>
          <gpxtpx:TrackPointExtension>
            <gpxtpx:hr>154</gpxtpx:hr>
            <gpxtpx:cad>74</gpxtpx:cad>
            <gpxtpx:atemp>303.65</gpxtpx:atemp>
          </gpxtpx:TrackPointExtension>
        </extensions>
      </trkpt>
      <trkpt lat="30.745055" lon="34.954343">
        <ele>423.8</ele>
        <time>2026-03-17T08:26:52.000Z</time>
        <extensions>
          <gpxtpx:TrackPointExtension>
            <gpxtpx:hr>154</gpxtpx:hr>
            <gpxtpx:cad>77</gpxtpx:cad>
            <gpxtpx:atemp>302.65</gpxtpx:atemp>
          </gpxtpx:TrackPointExtension>
        </extensions>
      </trkpt>
      <trkpt lat="30.745145" lon="34.954389">
        <ele>422.3</ele>
        <time>2026-03-17T08:27:03.000Z</time>
        <extensions>
          <gpxtpx:TrackPointExtension>
            <gpxtpx:hr>151</gpxtpx:hr>
            <gpxtpx:cad>57</gpxtpx:cad>
            <gpxtpx:atemp>302.65</gpxtpx:atemp>
          </gpxtpx:TrackPointExtension>
        </extensions>
      </trkpt>
      <trkpt lat="30.745235" lon="34.954388">
        <ele>422.7</ele>
        <time>2026-03-17T08:27:11.000Z</time>
        <extensions>
          <gpxtpx:TrackPointExtension>
            <gpxtpx:hr>155</gpxtpx:hr>
            <gpxtpx:cad>49</gpxtpx:cad>
            <gpxtpx:atemp>302.65</gpxtpx:atemp>
          </gpxtpx:TrackPointExtension>
        </extensions>
      </trkpt>
      <trkpt lat="30.745322" lon="34.954419">
        <ele>422.0</ele>
        <time>2026-03-17T08:27:19.000Z</time>
        <extensions>
          <gpxtpx:TrackPointExtension>
            <gpxtpx:hr>158</gpxtpx:hr>
            <gpxtpx:cad>50</gpxtpx:cad>
            <gpxtpx:atemp>302.65</gpxtpx:atemp>
          </gpxtpx:TrackPointExtension>
        </extensions>
      </trkpt>
      <trkpt lat="30.745480" lon="34.954418">
        <ele>422.7</ele>
        <time>2026-03-17T08:27:32.000Z</time>
        <extensions>
          <gpxtpx:TrackPointExtension>
            <gpxtpx:hr>162</gpxtpx:hr>
            <gpxtpx:cad>57</gpxtpx:cad>
            <gpxtpx:atemp>302.65</gpxtpx:atemp>
          </gpxtpx:TrackPointExtension>
        </extensions>
      </trkpt>
      <trkpt lat="30.745526" lon="34.954424">
        <ele>422.7</ele>
        <time>2026-03-17T08:27:36.000Z</time>
        <extensions>
          <gpxtpx:TrackPointExtension>
            <gpxtpx:hr>162</gpxtpx:hr>
            <gpxtpx:cad>58</gpxtpx:cad>
            <gpxtpx:atemp>303.65</gpxtpx:atemp>
          </gpxtpx:TrackPointExtension>
        </extensions>
      </trkpt>
      <trkpt lat="30.745612" lon="34.954403">
        <ele>423.8</ele>
        <time>2026-03-17T08:27:43.000Z</time>
        <extensions>
          <gpxtpx:TrackPointExtension>
            <gpxtpx:hr>163</gpxtpx:hr>
            <gpxtpx:cad>52</gpxtpx:cad>
            <gpxtpx:atemp>303.65</gpxtpx:atemp>
          </gpxtpx:TrackPointExtension>
        </extensions>
      </trkpt>
      <trkpt lat="30.745679" lon="34.954405">
        <ele>424.1</ele>
        <time>2026-03-17T08:27:48.000Z</time>
        <extensions>
          <gpxtpx:TrackPointExtension>
            <gpxtpx:hr>163</gpxtpx:hr>
            <gpxtpx:cad>57</gpxtpx:cad>
            <gpxtpx:atemp>303.65</gpxtpx:atemp>
          </gpxtpx:TrackPointExtension>
        </extensions>
      </trkpt>
      <trkpt lat="30.745783" lon="34.954388">
        <ele>425.0</ele>
        <time>2026-03-17T08:27:57.000Z</time>
        <extensions>
          <gpxtpx:TrackPointExtension>
            <gpxtpx:hr>161</gpxtpx:hr>
            <gpxtpx:cad>54</gpxtpx:cad>
            <gpxtpx:atemp>303.65</gpxtpx:atemp>
          </gpxtpx:TrackPointExtension>
        </extensions>
      </trkpt>
      <trkpt lat="30.745852" lon="34.954402">
        <ele>425.0</ele>
        <time>2026-03-17T08:28:02.000Z</time>
        <extensions>
          <gpxtpx:TrackPointExtension>
            <gpxtpx:hr>160</gpxtpx:hr>
            <gpxtpx:cad>55</gpxtpx:cad>
            <gpxtpx:atemp>303.65</gpxtpx:atemp>
          </gpxtpx:TrackPointExtension>
        </extensions>
      </trkpt>
      <trkpt lat="30.745931" lon="34.954328">
        <ele>427.3</ele>
        <time>2026-03-17T08:28:11.000Z</time>
        <extensions>
          <gpxtpx:TrackPointExtension>
            <gpxtpx:hr>158</gpxtpx:hr>
            <gpxtpx:cad>57</gpxtpx:cad>
            <gpxtpx:atemp>303.65</gpxtpx:atemp>
          </gpxtpx:TrackPointExtension>
        </extensions>
      </trkpt>
      <trkpt lat="30.746046" lon="34.954294">
        <ele>428.0</ele>
        <time>2026-03-17T08:28:20.000Z</time>
        <extensions>
          <gpxtpx:TrackPointExtension>
            <gpxtpx:hr>155</gpxtpx:hr>
            <gpxtpx:cad>57</gpxtpx:cad>
            <gpxtpx:atemp>303.65</gpxtpx:atemp>
          </gpxtpx:TrackPointExtension>
        </extensions>
      </trkpt>
      <trkpt lat="30.746166" lon="34.954217">
        <ele>429.1</ele>
        <time>2026-03-17T08:28:30.000Z</time>
        <extensions>
          <gpxtpx:TrackPointExtension>
            <gpxtpx:hr>151</gpxtpx:hr>
            <gpxtpx:cad>59</gpxtpx:cad>
            <gpxtpx:atemp>303.65</gpxtpx:atemp>
          </gpxtpx:TrackPointExtension>
        </extensions>
      </trkpt>
      <trkpt lat="30.746217" lon="34.954205">
        <ele>429.0</ele>
        <time>2026-03-17T08:28:35.000Z</time>
        <extensions>
          <gpxtpx:TrackPointExtension>
            <gpxtpx:hr>152</gpxtpx:hr>
            <gpxtpx:cad>0</gpxtpx:cad>
            <gpxtpx:atemp>303.65</gpxtpx:atemp>
          </gpxtpx:TrackPointExtension>
        </extensions>
      </trkpt>
      <trkpt lat="30.746328" lon="34.954237">
        <ele>427.5</ele>
        <time>2026-03-17T08:28:44.000Z</time>
        <extensions>
          <gpxtpx:TrackPointExtension>
            <gpxtpx:hr>150</gpxtpx:hr>
            <gpxtpx:cad>57</gpxtpx:cad>
            <gpxtpx:atemp>302.65</gpxtpx:atemp>
          </gpxtpx:TrackPointExtension>
        </extensions>
      </trkpt>
      <trkpt lat="30.746484" lon="34.954325">
        <ele>425.0</ele>
        <time>2026-03-17T08:28:58.000Z</time>
        <extensions>
          <gpxtpx:TrackPointExtension>
            <gpxtpx:hr>145</gpxtpx:hr>
            <gpxtpx:cad>62</gpxtpx:cad>
            <gpxtpx:atemp>302.65</gpxtpx:atemp>
          </gpxtpx:TrackPointExtension>
        </extensions>
      </trkpt>
      <trkpt lat="30.746652" lon="34.954469">
        <ele>421.4</ele>
        <time>2026-03-17T08:29:13.000Z</time>
        <extensions>
          <gpxtpx:TrackPointExtension>
            <gpxtpx:hr>141</gpxtpx:hr>
            <gpxtpx:cad>60</gpxtpx:cad>
            <gpxtpx:atemp>302.65</gpxtpx:atemp>
          </gpxtpx:TrackPointExtension>
        </extensions>
      </trkpt>
      <trkpt lat="30.746743" lon="34.954600">
        <ele>419.2</ele>
        <time>2026-03-17T08:29:24.000Z</time>
        <extensions>
          <gpxtpx:TrackPointExtension>
            <gpxtpx:hr>139</gpxtpx:hr>
            <gpxtpx:cad>57</gpxtpx:cad>
            <gpxtpx:atemp>302.65</gpxtpx:atemp>
          </gpxtpx:TrackPointExtension>
        </extensions>
      </trkpt>
      <trkpt lat="30.746789" lon="34.954651">
        <ele>418.1</ele>
        <time>2026-03-17T08:29:34.000Z</time>
        <extensions>
          <gpxtpx:TrackPointExtension>
            <gpxtpx:hr>136</gpxtpx:hr>
            <gpxtpx:cad>53</gpxtpx:cad>
            <gpxtpx:atemp>302.65</gpxtpx:atemp>
          </gpxtpx:TrackPointExtension>
        </extensions>
      </trkpt>
      <trkpt lat="30.746733" lon="34.954737">
        <ele>417.3</ele>
        <time>2026-03-17T08:29:49.000Z</time>
        <extensions>
          <gpxtpx:TrackPointExtension>
            <gpxtpx:hr>129</gpxtpx:hr>
            <gpxtpx:cad>0</gpxtpx:cad>
            <gpxtpx:atemp>302.65</gpxtpx:atemp>
          </gpxtpx:TrackPointExtension>
        </extensions>
      </trkpt>
      <trkpt lat="30.746646" lon="34.954842">
        <ele>416.4</ele>
        <time>2026-03-17T08:30:01.000Z</time>
        <extensions>
          <gpxtpx:TrackPointExtension>
            <gpxtpx:hr>131</gpxtpx:hr>
            <gpxtpx:cad>56</gpxtpx:cad>
            <gpxtpx:atemp>302.65</gpxtpx:atemp>
          </gpxtpx:TrackPointExtension>
        </extensions>
      </trkpt>
      <trkpt lat="30.746597" lon="34.954994">
        <ele>414.7</ele>
        <time>2026-03-17T08:30:19.000Z</time>
        <extensions>
          <gpxtpx:TrackPointExtension>
            <gpxtpx:hr>124</gpxtpx:hr>
            <gpxtpx:cad>0</gpxtpx:cad>
            <gpxtpx:atemp>301.65</gpxtpx:atemp>
          </gpxtpx:TrackPointExtension>
        </extensions>
      </trkpt>
      <trkpt lat="30.746598" lon="34.955069">
        <ele>413.7</ele>
        <time>2026-03-17T08:30:28.000Z</time>
        <extensions>
          <gpxtpx:TrackPointExtension>
            <gpxtpx:hr>124</gpxtpx:hr>
            <gpxtpx:cad>58</gpxtpx:cad>
            <gpxtpx:atemp>301.65</gpxtpx:atemp>
          </gpxtpx:TrackPointExtension>
        </extensions>
      </trkpt>
      <trkpt lat="30.746528" lon="34.955176">
        <ele>412.5</ele>
        <time>2026-03-17T08:30:44.000Z</time>
        <extensions>
          <gpxtpx:TrackPointExtension>
            <gpxtpx:hr>127</gpxtpx:hr>
            <gpxtpx:cad>0</gpxtpx:cad>
            <gpxtpx:atemp>301.65</gpxtpx:atemp>
          </gpxtpx:TrackPointExtension>
        </extensions>
      </trkpt>
      <trkpt lat="30.746441" lon="34.955256">
        <ele>411.0</ele>
        <time>2026-03-17T08:31:02.000Z</time>
        <extensions>
          <gpxtpx:TrackPointExtension>
            <gpxtpx:hr>131</gpxtpx:hr>
            <gpxtpx:cad>0</gpxtpx:cad>
            <gpxtpx:atemp>301.65</gpxtpx:atemp>
          </gpxtpx:TrackPointExtension>
        </extensions>
      </trkpt>
      <trkpt lat="30.746520" lon="34.955338">
        <ele>410.1</ele>
        <time>2026-03-17T08:31:17.000Z</time>
        <extensions>
          <gpxtpx:TrackPointExtension>
            <gpxtpx:hr>133</gpxtpx:hr>
            <gpxtpx:cad>59</gpxtpx:cad>
            <gpxtpx:atemp>301.65</gpxtpx:atemp>
          </gpxtpx:TrackPointExtension>
        </extensions>
      </trkpt>
      <trkpt lat="30.746514" lon="34.955383">
        <ele>409.4</ele>
        <time>2026-03-17T08:31:25.000Z</time>
        <extensions>
          <gpxtpx:TrackPointExtension>
            <gpxtpx:hr>135</gpxtpx:hr>
            <gpxtpx:cad>56</gpxtpx:cad>
            <gpxtpx:atemp>302.65</gpxtpx:atemp>
          </gpxtpx:TrackPointExtension>
        </extensions>
      </trkpt>
      <trkpt lat="30.746578" lon="34.955465">
        <ele>408.1</ele>
        <time>2026-03-17T08:31:38.000Z</time>
        <extensions>
          <gpxtpx:TrackPointExtension>
            <gpxtpx:hr>135</gpxtpx:hr>
            <gpxtpx:cad>57</gpxtpx:cad>
            <gpxtpx:atemp>302.65</gpxtpx:atemp>
          </gpxtpx:TrackPointExtension>
        </extensions>
      </trkpt>
      <trkpt lat="30.746633" lon="34.955524">
        <ele>407.1</ele>
        <time>2026-03-17T08:31:49.000Z</time>
        <extensions>
          <gpxtpx:TrackPointExtension>
            <gpxtpx:hr>136</gpxtpx:hr>
            <gpxtpx:cad>53</gpxtpx:cad>
            <gpxtpx:atemp>302.65</gpxtpx:atemp>
          </gpxtpx:TrackPointExtension>
        </extensions>
      </trkpt>
      <trkpt lat="30.746713" lon="34.955422">
        <ele>408.3</ele>
        <time>2026-03-17T08:32:08.000Z</time>
        <extensions>
          <gpxtpx:TrackPointExtension>
            <gpxtpx:hr>132</gpxtpx:hr>
            <gpxtpx:cad>52</gpxtpx:cad>
            <gpxtpx:atemp>302.65</gpxtpx:atemp>
          </gpxtpx:TrackPointExtension>
        </extensions>
      </trkpt>
      <trkpt lat="30.746841" lon="34.955348">
        <ele>408.6</ele>
        <time>2026-03-17T08:32:21.000Z</time>
        <extensions>
          <gpxtpx:TrackPointExtension>
            <gpxtpx:hr>129</gpxtpx:hr>
            <gpxtpx:cad>55</gpxtpx:cad>
            <gpxtpx:atemp>302.65</gpxtpx:atemp>
          </gpxtpx:TrackPointExtension>
        </extensions>
      </trkpt>
      <trkpt lat="30.746868" lon="34.955311">
        <ele>408.8</ele>
        <time>2026-03-17T08:32:26.000Z</time>
        <extensions>
          <gpxtpx:TrackPointExtension>
            <gpxtpx:hr>130</gpxtpx:hr>
            <gpxtpx:cad>55</gpxtpx:cad>
            <gpxtpx:atemp>302.65</gpxtpx:atemp>
          </gpxtpx:TrackPointExtension>
        </extensions>
      </trkpt>
      <trkpt lat="30.746890" lon="34.955226">
        <ele>409.6</ele>
        <time>2026-03-17T08:32:42.000Z</time>
        <extensions>
          <gpxtpx:TrackPointExtension>
            <gpxtpx:hr>122</gpxtpx:hr>
            <gpxtpx:cad>57</gpxtpx:cad>
            <gpxtpx:atemp>302.65</gpxtpx:atemp>
          </gpxtpx:TrackPointExtension>
        </extensions>
      </trkpt>
      <trkpt lat="30.746935" lon="34.955126">
        <ele>410.3</ele>
        <time>2026-03-17T08:32:55.000Z</time>
        <extensions>
          <gpxtpx:TrackPointExtension>
            <gpxtpx:hr>122</gpxtpx:hr>
            <gpxtpx:cad>46</gpxtpx:cad>
            <gpxtpx:atemp>302.65</gpxtpx:atemp>
          </gpxtpx:TrackPointExtension>
        </extensions>
      </trkpt>
      <trkpt lat="30.746961" lon="34.955090">
        <ele>410.4</ele>
        <time>2026-03-17T08:32:59.000Z</time>
        <extensions>
          <gpxtpx:TrackPointExtension>
            <gpxtpx:hr>122</gpxtpx:hr>
            <gpxtpx:cad>55</gpxtpx:cad>
            <gpxtpx:atemp>302.65</gpxtpx:atemp>
          </gpxtpx:TrackPointExtension>
        </extensions>
      </trkpt>
      <trkpt lat="30.747088" lon="34.955038">
        <ele>409.4</ele>
        <time>2026-03-17T08:33:19.000Z</time>
        <extensions>
          <gpxtpx:TrackPointExtension>
            <gpxtpx:hr>119</gpxtpx:hr>
            <gpxtpx:cad>59</gpxtpx:cad>
            <gpxtpx:atemp>302.65</gpxtpx:atemp>
          </gpxtpx:TrackPointExtension>
        </extensions>
      </trkpt>
      <trkpt lat="30.747184" lon="34.955005">
        <ele>408.3</ele>
        <time>2026-03-17T08:33:31.000Z</time>
        <extensions>
          <gpxtpx:TrackPointExtension>
            <gpxtpx:hr>125</gpxtpx:hr>
            <gpxtpx:cad>44</gpxtpx:cad>
            <gpxtpx:atemp>302.65</gpxtpx:atemp>
          </gpxtpx:TrackPointExtension>
        </extensions>
      </trkpt>
      <trkpt lat="30.747252" lon="34.954934">
        <ele>408.1</ele>
        <time>2026-03-17T08:33:43.000Z</time>
        <extensions>
          <gpxtpx:TrackPointExtension>
            <gpxtpx:hr>137</gpxtpx:hr>
            <gpxtpx:cad>65</gpxtpx:cad>
            <gpxtpx:atemp>303.65</gpxtpx:atemp>
          </gpxtpx:TrackPointExtension>
        </extensions>
      </trkpt>
      <trkpt lat="30.747325" lon="34.954902">
        <ele>407.2</ele>
        <time>2026-03-17T08:33:50.000Z</time>
        <extensions>
          <gpxtpx:TrackPointExtension>
            <gpxtpx:hr>137</gpxtpx:hr>
            <gpxtpx:cad>54</gpxtpx:cad>
            <gpxtpx:atemp>303.65</gpxtpx:atemp>
          </gpxtpx:TrackPointExtension>
        </extensions>
      </trkpt>
      <trkpt lat="30.747414" lon="34.954844">
        <ele>406.0</ele>
        <time>2026-03-17T08:34:07.000Z</time>
        <extensions>
          <gpxtpx:TrackPointExtension>
            <gpxtpx:hr>130</gpxtpx:hr>
            <gpxtpx:cad>0</gpxtpx:cad>
            <gpxtpx:atemp>303.65</gpxtpx:atemp>
          </gpxtpx:TrackPointExtension>
        </extensions>
      </trkpt>
      <trkpt lat="30.747503" lon="34.954892">
        <ele>403.6</ele>
        <time>2026-03-17T08:34:20.000Z</time>
        <extensions>
          <gpxtpx:TrackPointExtension>
            <gpxtpx:hr>137</gpxtpx:hr>
            <gpxtpx:cad>0</gpxtpx:cad>
            <gpxtpx:atemp>303.65</gpxtpx:atemp>
          </gpxtpx:TrackPointExtension>
        </extensions>
      </trkpt>
      <trkpt lat="30.747599" lon="34.954844">
        <ele>402.0</ele>
        <time>2026-03-17T08:34:28.000Z</time>
        <extensions>
          <gpxtpx:TrackPointExtension>
            <gpxtpx:hr>138</gpxtpx:hr>
            <gpxtpx:cad>0</gpxtpx:cad>
            <gpxtpx:atemp>303.65</gpxtpx:atemp>
          </gpxtpx:TrackPointExtension>
        </extensions>
      </trkpt>
      <trkpt lat="30.747711" lon="34.954801">
        <ele>400.3</ele>
        <time>2026-03-17T08:34:39.000Z</time>
        <extensions>
          <gpxtpx:TrackPointExtension>
            <gpxtpx:hr>142</gpxtpx:hr>
            <gpxtpx:cad>55</gpxtpx:cad>
            <gpxtpx:atemp>303.65</gpxtpx:atemp>
          </gpxtpx:TrackPointExtension>
        </extensions>
      </trkpt>
      <trkpt lat="30.747808" lon="34.954670">
        <ele>399.6</ele>
        <time>2026-03-17T08:34:52.000Z</time>
        <extensions>
          <gpxtpx:TrackPointExtension>
            <gpxtpx:hr>141</gpxtpx:hr>
            <gpxtpx:cad>62</gpxtpx:cad>
            <gpxtpx:atemp>303.65</gpxtpx:atemp>
          </gpxtpx:TrackPointExtension>
        </extensions>
      </trkpt>
      <trkpt lat="30.747881" lon="34.954651">
        <ele>398.3</ele>
        <time>2026-03-17T08:35:04.000Z</time>
        <extensions>
          <gpxtpx:TrackPointExtension>
            <gpxtpx:hr>139</gpxtpx:hr>
            <gpxtpx:cad>0</gpxtpx:cad>
            <gpxtpx:atemp>303.65</gpxtpx:atemp>
          </gpxtpx:TrackPointExtension>
        </extensions>
      </trkpt>
      <trkpt lat="30.747974" lon="34.954694">
        <ele>396.4</ele>
        <time>2026-03-17T08:35:11.000Z</time>
        <extensions>
          <gpxtpx:TrackPointExtension>
            <gpxtpx:hr>137</gpxtpx:hr>
            <gpxtpx:cad>69</gpxtpx:cad>
            <gpxtpx:atemp>303.65</gpxtpx:atemp>
          </gpxtpx:TrackPointExtension>
        </extensions>
      </trkpt>
      <trkpt lat="30.748032" lon="34.954671">
        <ele>395.7</ele>
        <time>2026-03-17T08:35:15.000Z</time>
        <extensions>
          <gpxtpx:TrackPointExtension>
            <gpxtpx:hr>137</gpxtpx:hr>
            <gpxtpx:cad>75</gpxtpx:cad>
            <gpxtpx:atemp>303.65</gpxtpx:atemp>
          </gpxtpx:TrackPointExtension>
        </extensions>
      </trkpt>
      <trkpt lat="30.748170" lon="34.954590">
        <ele>394.3</ele>
        <time>2026-03-17T08:35:27.000Z</time>
        <extensions>
          <gpxtpx:TrackPointExtension>
            <gpxtpx:hr>129</gpxtpx:hr>
            <gpxtpx:cad>0</gpxtpx:cad>
            <gpxtpx:atemp>303.65</gpxtpx:atemp>
          </gpxtpx:TrackPointExtension>
        </extensions>
      </trkpt>
      <trkpt lat="30.748266" lon="34.954544">
        <ele>393.6</ele>
        <time>2026-03-17T08:35:35.000Z</time>
        <extensions>
          <gpxtpx:TrackPointExtension>
            <gpxtpx:hr>131</gpxtpx:hr>
            <gpxtpx:cad>64</gpxtpx:cad>
            <gpxtpx:atemp>303.65</gpxtpx:atemp>
          </gpxtpx:TrackPointExtension>
        </extensions>
      </trkpt>
      <trkpt lat="30.748367" lon="34.954448">
        <ele>392.9</ele>
        <time>2026-03-17T08:35:43.000Z</time>
        <extensions>
          <gpxtpx:TrackPointExtension>
            <gpxtpx:hr>132</gpxtpx:hr>
            <gpxtpx:cad>0</gpxtpx:cad>
            <gpxtpx:atemp>303.65</gpxtpx:atemp>
          </gpxtpx:TrackPointExtension>
        </extensions>
      </trkpt>
      <trkpt lat="30.748430" lon="34.954427">
        <ele>392.4</ele>
        <time>2026-03-17T08:35:48.000Z</time>
        <extensions>
          <gpxtpx:TrackPointExtension>
            <gpxtpx:hr>133</gpxtpx:hr>
            <gpxtpx:cad>69</gpxtpx:cad>
            <gpxtpx:atemp>303.65</gpxtpx:atemp>
          </gpxtpx:TrackPointExtension>
        </extensions>
      </trkpt>
      <trkpt lat="30.748518" lon="34.954351">
        <ele>391.5</ele>
        <time>2026-03-17T08:35:54.000Z</time>
        <extensions>
          <gpxtpx:TrackPointExtension>
            <gpxtpx:hr>134</gpxtpx:hr>
            <gpxtpx:cad>77</gpxtpx:cad>
            <gpxtpx:atemp>302.65</gpxtpx:atemp>
          </gpxtpx:TrackPointExtension>
        </extensions>
      </trkpt>
      <trkpt lat="30.748602" lon="34.954223">
        <ele>390.3</ele>
        <time>2026-03-17T08:36:03.000Z</time>
        <extensions>
          <gpxtpx:TrackPointExtension>
            <gpxtpx:hr>134</gpxtpx:hr>
            <gpxtpx:cad>66</gpxtpx:cad>
            <gpxtpx:atemp>302.65</gpxtpx:atemp>
          </gpxtpx:TrackPointExtension>
        </extensions>
      </trkpt>
      <trkpt lat="30.748661" lon="34.954153">
        <ele>389.2</ele>
        <time>2026-03-17T08:36:09.000Z</time>
        <extensions>
          <gpxtpx:TrackPointExtension>
            <gpxtpx:hr>134</gpxtpx:hr>
            <gpxtpx:cad>68</gpxtpx:cad>
            <gpxtpx:atemp>302.65</gpxtpx:atemp>
          </gpxtpx:TrackPointExtension>
        </extensions>
      </trkpt>
      <trkpt lat="30.748723" lon="34.954146">
        <ele>388.3</ele>
        <time>2026-03-17T08:36:13.000Z</time>
        <extensions>
          <gpxtpx:TrackPointExtension>
            <gpxtpx:hr>135</gpxtpx:hr>
            <gpxtpx:cad>67</gpxtpx:cad>
            <gpxtpx:atemp>302.65</gpxtpx:atemp>
          </gpxtpx:TrackPointExtension>
        </extensions>
      </trkpt>
      <trkpt lat="30.748820" lon="34.954026">
        <ele>385.5</ele>
        <time>2026-03-17T08:36:24.000Z</time>
        <extensions>
          <gpxtpx:TrackPointExtension>
            <gpxtpx:hr>137</gpxtpx:hr>
            <gpxtpx:cad>61</gpxtpx:cad>
            <gpxtpx:atemp>302.65</gpxtpx:atemp>
          </gpxtpx:TrackPointExtension>
        </extensions>
      </trkpt>
      <trkpt lat="30.748900" lon="34.953912">
        <ele>382.5</ele>
        <time>2026-03-17T08:36:34.000Z</time>
        <extensions>
          <gpxtpx:TrackPointExtension>
            <gpxtpx:hr>137</gpxtpx:hr>
            <gpxtpx:cad>58</gpxtpx:cad>
            <gpxtpx:atemp>302.65</gpxtpx:atemp>
          </gpxtpx:TrackPointExtension>
        </extensions>
      </trkpt>
      <trkpt lat="30.748987" lon="34.953758">
        <ele>379.0</ele>
        <time>2026-03-17T08:36:47.000Z</time>
        <extensions>
          <gpxtpx:TrackPointExtension>
            <gpxtpx:hr>131</gpxtpx:hr>
            <gpxtpx:cad>57</gpxtpx:cad>
            <gpxtpx:atemp>302.65</gpxtpx:atemp>
          </gpxtpx:TrackPointExtension>
        </extensions>
      </trkpt>
      <trkpt lat="30.749072" lon="34.953601">
        <ele>374.0</ele>
        <time>2026-03-17T08:37:03.000Z</time>
        <extensions>
          <gpxtpx:TrackPointExtension>
            <gpxtpx:hr>125</gpxtpx:hr>
            <gpxtpx:cad>0</gpxtpx:cad>
            <gpxtpx:atemp>302.65</gpxtpx:atemp>
          </gpxtpx:TrackPointExtension>
        </extensions>
      </trkpt>
      <trkpt lat="30.749132" lon="34.953550">
        <ele>371.4</ele>
        <time>2026-03-17T08:37:08.000Z</time>
        <extensions>
          <gpxtpx:TrackPointExtension>
            <gpxtpx:hr>123</gpxtpx:hr>
            <gpxtpx:cad>59</gpxtpx:cad>
            <gpxtpx:atemp>302.65</gpxtpx:atemp>
          </gpxtpx:TrackPointExtension>
        </extensions>
      </trkpt>
      <trkpt lat="30.749293" lon="34.953473">
        <ele>365.4</ele>
        <time>2026-03-17T08:37:20.000Z</time>
        <extensions>
          <gpxtpx:TrackPointExtension>
            <gpxtpx:hr>125</gpxtpx:hr>
            <gpxtpx:cad>65</gpxtpx:cad>
            <gpxtpx:atemp>302.65</gpxtpx:atemp>
          </gpxtpx:TrackPointExtension>
        </extensions>
      </trkpt>
      <trkpt lat="30.749429" lon="34.953424">
        <ele>360.4</ele>
        <time>2026-03-17T08:37:32.000Z</time>
        <extensions>
          <gpxtpx:TrackPointExtension>
            <gpxtpx:hr>126</gpxtpx:hr>
            <gpxtpx:cad>56</gpxtpx:cad>
            <gpxtpx:atemp>302.65</gpxtpx:atemp>
          </gpxtpx:TrackPointExtension>
        </extensions>
      </trkpt>
      <trkpt lat="30.749487" lon="34.953351">
        <ele>357.2</ele>
        <time>2026-03-17T08:37:43.000Z</time>
        <extensions>
          <gpxtpx:TrackPointExtension>
            <gpxtpx:hr>128</gpxtpx:hr>
            <gpxtpx:cad>61</gpxtpx:cad>
            <gpxtpx:atemp>302.65</gpxtpx:atemp>
          </gpxtpx:TrackPointExtension>
        </extensions>
      </trkpt>
      <trkpt lat="30.749535" lon="34.953334">
        <ele>355.4</ele>
        <time>2026-03-17T08:37:49.000Z</time>
        <extensions>
          <gpxtpx:TrackPointExtension>
            <gpxtpx:hr>127</gpxtpx:hr>
            <gpxtpx:cad>0</gpxtpx:cad>
            <gpxtpx:atemp>302.65</gpxtpx:atemp>
          </gpxtpx:TrackPointExtension>
        </extensions>
      </trkpt>
      <trkpt lat="30.749657" lon="34.953298">
        <ele>351.4</ele>
        <time>2026-03-17T08:38:06.000Z</time>
        <extensions>
          <gpxtpx:TrackPointExtension>
            <gpxtpx:hr>129</gpxtpx:hr>
            <gpxtpx:cad>55</gpxtpx:cad>
            <gpxtpx:atemp>303.65</gpxtpx:atemp>
          </gpxtpx:TrackPointExtension>
        </extensions>
      </trkpt>
      <trkpt lat="30.749719" lon="34.953279">
        <ele>349.4</ele>
        <time>2026-03-17T08:38:20.000Z</time>
        <extensions>
          <gpxtpx:TrackPointExtension>
            <gpxtpx:hr>128</gpxtpx:hr>
            <gpxtpx:cad>0</gpxtpx:cad>
            <gpxtpx:atemp>303.65</gpxtpx:atemp>
          </gpxtpx:TrackPointExtension>
        </extensions>
      </trkpt>
      <trkpt lat="30.749763" lon="34.953403">
        <ele>351.0</ele>
        <time>2026-03-17T08:38:36.000Z</time>
        <extensions>
          <gpxtpx:TrackPointExtension>
            <gpxtpx:hr>124</gpxtpx:hr>
            <gpxtpx:cad>0</gpxtpx:cad>
            <gpxtpx:atemp>303.65</gpxtpx:atemp>
          </gpxtpx:TrackPointExtension>
        </extensions>
      </trkpt>
      <trkpt lat="30.749792" lon="34.953339">
        <ele>348.9</ele>
        <time>2026-03-17T08:38:47.000Z</time>
        <extensions>
          <gpxtpx:TrackPointExtension>
            <gpxtpx:hr>132</gpxtpx:hr>
            <gpxtpx:cad>0</gpxtpx:cad>
            <gpxtpx:atemp>303.65</gpxtpx:atemp>
          </gpxtpx:TrackPointExtension>
        </extensions>
      </trkpt>
      <trkpt lat="30.749856" lon="34.953285">
        <ele>346.1</ele>
        <time>2026-03-17T08:39:03.000Z</time>
        <extensions>
          <gpxtpx:TrackPointExtension>
            <gpxtpx:hr>134</gpxtpx:hr>
            <gpxtpx:cad>57</gpxtpx:cad>
            <gpxtpx:atemp>303.65</gpxtpx:atemp>
          </gpxtpx:TrackPointExtension>
        </extensions>
      </trkpt>
      <trkpt lat="30.749844" lon="34.953092">
        <ele>342.9</ele>
        <time>2026-03-17T08:39:20.000Z</time>
        <extensions>
          <gpxtpx:TrackPointExtension>
            <gpxtpx:hr>136</gpxtpx:hr>
            <gpxtpx:cad>68</gpxtpx:cad>
            <gpxtpx:atemp>303.65</gpxtpx:atemp>
          </gpxtpx:TrackPointExtension>
        </extensions>
      </trkpt>
      <trkpt lat="30.749903" lon="34.953057">
        <ele>341.3</ele>
        <time>2026-03-17T08:39:30.000Z</time>
        <extensions>
          <gpxtpx:TrackPointExtension>
            <gpxtpx:hr>133</gpxtpx:hr>
            <gpxtpx:cad>62</gpxtpx:cad>
            <gpxtpx:atemp>303.65</gpxtpx:atemp>
          </gpxtpx:TrackPointExtension>
        </extensions>
      </trkpt>
      <trkpt lat="30.749927" lon="34.953134">
        <ele>341.9</ele>
        <time>2026-03-17T08:39:35.000Z</time>
        <extensions>
          <gpxtpx:TrackPointExtension>
            <gpxtpx:hr>133</gpxtpx:hr>
            <gpxtpx:cad>61</gpxtpx:cad>
            <gpxtpx:atemp>303.65</gpxtpx:atemp>
          </gpxtpx:TrackPointExtension>
        </extensions>
      </trkpt>
      <trkpt lat="30.749998" lon="34.953164">
        <ele>341.1</ele>
        <time>2026-03-17T08:39:41.000Z</time>
        <extensions>
          <gpxtpx:TrackPointExtension>
            <gpxtpx:hr>131</gpxtpx:hr>
            <gpxtpx:cad>67</gpxtpx:cad>
            <gpxtpx:atemp>303.65</gpxtpx:atemp>
          </gpxtpx:TrackPointExtension>
        </extensions>
      </trkpt>
      <trkpt lat="30.750051" lon="34.953273">
        <ele>342.1</ele>
        <time>2026-03-17T08:39:57.000Z</time>
        <extensions>
          <gpxtpx:TrackPointExtension>
            <gpxtpx:hr>128</gpxtpx:hr>
            <gpxtpx:cad>0</gpxtpx:cad>
            <gpxtpx:atemp>303.65</gpxtpx:atemp>
          </gpxtpx:TrackPointExtension>
        </extensions>
      </trkpt>
      <trkpt lat="30.750052" lon="34.953405">
        <ele>344.6</ele>
        <time>2026-03-17T08:40:16.000Z</time>
        <extensions>
          <gpxtpx:TrackPointExtension>
            <gpxtpx:hr>132</gpxtpx:hr>
            <gpxtpx:cad>0</gpxtpx:cad>
            <gpxtpx:atemp>303.65</gpxtpx:atemp>
          </gpxtpx:TrackPointExtension>
        </extensions>
      </trkpt>
      <trkpt lat="30.750065" lon="34.953507">
        <ele>346.2</ele>
        <time>2026-03-17T08:40:35.000Z</time>
        <extensions>
          <gpxtpx:TrackPointExtension>
            <gpxtpx:hr>126</gpxtpx:hr>
            <gpxtpx:cad>0</gpxtpx:cad>
            <gpxtpx:atemp>303.65</gpxtpx:atemp>
          </gpxtpx:TrackPointExtension>
        </extensions>
      </trkpt>
      <trkpt lat="30.750131" lon="34.953415">
        <ele>343.1</ele>
        <time>2026-03-17T08:40:48.000Z</time>
        <extensions>
          <gpxtpx:TrackPointExtension>
            <gpxtpx:hr>135</gpxtpx:hr>
            <gpxtpx:cad>59</gpxtpx:cad>
            <gpxtpx:atemp>303.65</gpxtpx:atemp>
          </gpxtpx:TrackPointExtension>
        </extensions>
      </trkpt>
      <trkpt lat="30.750149" lon="34.953362">
        <ele>341.9</ele>
        <time>2026-03-17T08:40:57.000Z</time>
        <extensions>
          <gpxtpx:TrackPointExtension>
            <gpxtpx:hr>134</gpxtpx:hr>
            <gpxtpx:cad>0</gpxtpx:cad>
            <gpxtpx:atemp>303.65</gpxtpx:atemp>
          </gpxtpx:TrackPointExtension>
        </extensions>
      </trkpt>
      <trkpt lat="30.750177" lon="34.953291">
        <ele>340.3</ele>
        <time>2026-03-17T08:41:09.000Z</time>
        <extensions>
          <gpxtpx:TrackPointExtension>
            <gpxtpx:hr>132</gpxtpx:hr>
            <gpxtpx:cad>0</gpxtpx:cad>
            <gpxtpx:atemp>303.65</gpxtpx:atemp>
          </gpxtpx:TrackPointExtension>
        </extensions>
      </trkpt>
      <trkpt lat="30.750215" lon="34.953222">
        <ele>338.6</ele>
        <time>2026-03-17T08:41:23.000Z</time>
        <extensions>
          <gpxtpx:TrackPointExtension>
            <gpxtpx:hr>134</gpxtpx:hr>
            <gpxtpx:cad>0</gpxtpx:cad>
            <gpxtpx:atemp>303.65</gpxtpx:atemp>
          </gpxtpx:TrackPointExtension>
        </extensions>
      </trkpt>
      <trkpt lat="30.750208" lon="34.953096">
        <ele>336.8</ele>
        <time>2026-03-17T08:41:35.000Z</time>
        <extensions>
          <gpxtpx:TrackPointExtension>
            <gpxtpx:hr>136</gpxtpx:hr>
            <gpxtpx:cad>64</gpxtpx:cad>
            <gpxtpx:atemp>303.65</gpxtpx:atemp>
          </gpxtpx:TrackPointExtension>
        </extensions>
      </trkpt>
      <trkpt lat="30.750222" lon="34.952989">
        <ele>335.1</ele>
        <time>2026-03-17T08:41:48.000Z</time>
        <extensions>
          <gpxtpx:TrackPointExtension>
            <gpxtpx:hr>130</gpxtpx:hr>
            <gpxtpx:cad>0</gpxtpx:cad>
            <gpxtpx:atemp>303.65</gpxtpx:atemp>
          </gpxtpx:TrackPointExtension>
        </extensions>
      </trkpt>
      <trkpt lat="30.750288" lon="34.952851">
        <ele>332.7</ele>
        <time>2026-03-17T08:42:07.000Z</time>
        <extensions>
          <gpxtpx:TrackPointExtension>
            <gpxtpx:hr>132</gpxtpx:hr>
            <gpxtpx:cad>0</gpxtpx:cad>
            <gpxtpx:atemp>304.65</gpxtpx:atemp>
          </gpxtpx:TrackPointExtension>
        </extensions>
      </trkpt>
      <trkpt lat="30.750312" lon="34.952756">
        <ele>331.4</ele>
        <time>2026-03-17T08:42:23.000Z</time>
        <extensions>
          <gpxtpx:TrackPointExtension>
            <gpxtpx:hr>136</gpxtpx:hr>
            <gpxtpx:cad>0</gpxtpx:cad>
            <gpxtpx:atemp>304.65</gpxtpx:atemp>
          </gpxtpx:TrackPointExtension>
        </extensions>
      </trkpt>
      <trkpt lat="30.750346" lon="34.952707">
        <ele>330.5</ele>
        <time>2026-03-17T08:42:32.000Z</time>
        <extensions>
          <gpxtpx:TrackPointExtension>
            <gpxtpx:hr>135</gpxtpx:hr>
            <gpxtpx:cad>0</gpxtpx:cad>
            <gpxtpx:atemp>304.65</gpxtpx:atemp>
          </gpxtpx:TrackPointExtension>
        </extensions>
      </trkpt>
      <trkpt lat="30.750378" lon="34.952579">
        <ele>329.0</ele>
        <time>2026-03-17T08:42:45.000Z</time>
        <extensions>
          <gpxtpx:TrackPointExtension>
            <gpxtpx:hr>135</gpxtpx:hr>
            <gpxtpx:cad>64</gpxtpx:cad>
            <gpxtpx:atemp>304.65</gpxtpx:atemp>
          </gpxtpx:TrackPointExtension>
        </extensions>
      </trkpt>
      <trkpt lat="30.750409" lon="34.952508">
        <ele>328.1</ele>
        <time>2026-03-17T08:42:54.000Z</time>
        <extensions>
          <gpxtpx:TrackPointExtension>
            <gpxtpx:hr>136</gpxtpx:hr>
            <gpxtpx:cad>0</gpxtpx:cad>
            <gpxtpx:atemp>304.65</gpxtpx:atemp>
          </gpxtpx:TrackPointExtension>
        </extensions>
      </trkpt>
      <trkpt lat="30.750443" lon="34.952445">
        <ele>327.4</ele>
        <time>2026-03-17T08:43:01.000Z</time>
        <extensions>
          <gpxtpx:TrackPointExtension>
            <gpxtpx:hr>133</gpxtpx:hr>
            <gpxtpx:cad>63</gpxtpx:cad>
            <gpxtpx:atemp>304.65</gpxtpx:atemp>
          </gpxtpx:TrackPointExtension>
        </extensions>
      </trkpt>
      <trkpt lat="30.750507" lon="34.952399">
        <ele>326.6</ele>
        <time>2026-03-17T08:43:20.000Z</time>
        <extensions>
          <gpxtpx:TrackPointExtension>
            <gpxtpx:hr>131</gpxtpx:hr>
            <gpxtpx:cad>68</gpxtpx:cad>
            <gpxtpx:atemp>304.65</gpxtpx:atemp>
          </gpxtpx:TrackPointExtension>
        </extensions>
      </trkpt>
      <trkpt lat="30.750567" lon="34.952397">
        <ele>326.2</ele>
        <time>2026-03-17T08:43:30.000Z</time>
        <extensions>
          <gpxtpx:TrackPointExtension>
            <gpxtpx:hr>131</gpxtpx:hr>
            <gpxtpx:cad>64</gpxtpx:cad>
            <gpxtpx:atemp>304.65</gpxtpx:atemp>
          </gpxtpx:TrackPointExtension>
        </extensions>
      </trkpt>
      <trkpt lat="30.750648" lon="34.952388">
        <ele>325.5</ele>
        <time>2026-03-17T08:43:49.000Z</time>
        <extensions>
          <gpxtpx:TrackPointExtension>
            <gpxtpx:hr>122</gpxtpx:hr>
            <gpxtpx:cad>55</gpxtpx:cad>
            <gpxtpx:atemp>304.65</gpxtpx:atemp>
          </gpxtpx:TrackPointExtension>
        </extensions>
      </trkpt>
      <trkpt lat="30.750740" lon="34.952348">
        <ele>324.6</ele>
        <time>2026-03-17T08:44:04.000Z</time>
        <extensions>
          <gpxtpx:TrackPointExtension>
            <gpxtpx:hr>125</gpxtpx:hr>
            <gpxtpx:cad>71</gpxtpx:cad>
            <gpxtpx:atemp>304.65</gpxtpx:atemp>
          </gpxtpx:TrackPointExtension>
        </extensions>
      </trkpt>
      <trkpt lat="30.750807" lon="34.952327">
        <ele>324.1</ele>
        <time>2026-03-17T08:44:09.000Z</time>
        <extensions>
          <gpxtpx:TrackPointExtension>
            <gpxtpx:hr>125</gpxtpx:hr>
            <gpxtpx:cad>75</gpxtpx:cad>
            <gpxtpx:atemp>304.65</gpxtpx:atemp>
          </gpxtpx:TrackPointExtension>
        </extensions>
      </trkpt>
      <trkpt lat="30.750891" lon="34.952333">
        <ele>323.5</ele>
        <time>2026-03-17T08:44:15.000Z</time>
        <extensions>
          <gpxtpx:TrackPointExtension>
            <gpxtpx:hr>125</gpxtpx:hr>
            <gpxtpx:cad>77</gpxtpx:cad>
            <gpxtpx:atemp>304.65</gpxtpx:atemp>
          </gpxtpx:TrackPointExtension>
        </extensions>
      </trkpt>
      <trkpt lat="30.750975" lon="34.952285">
        <ele>322.7</ele>
        <time>2026-03-17T08:44:21.000Z</time>
        <extensions>
          <gpxtpx:TrackPointExtension>
            <gpxtpx:hr>126</gpxtpx:hr>
            <gpxtpx:cad>69</gpxtpx:cad>
            <gpxtpx:atemp>304.65</gpxtpx:atemp>
          </gpxtpx:TrackPointExtension>
        </extensions>
      </trkpt>
      <trkpt lat="30.751121" lon="34.952193">
        <ele>321.3</ele>
        <time>2026-03-17T08:44:33.000Z</time>
        <extensions>
          <gpxtpx:TrackPointExtension>
            <gpxtpx:hr>123</gpxtpx:hr>
            <gpxtpx:cad>0</gpxtpx:cad>
            <gpxtpx:atemp>303.65</gpxtpx:atemp>
          </gpxtpx:TrackPointExtension>
        </extensions>
      </trkpt>
      <trkpt lat="30.751257" lon="34.952044">
        <ele>319.9</ele>
        <time>2026-03-17T08:44:46.000Z</time>
        <extensions>
          <gpxtpx:TrackPointExtension>
            <gpxtpx:hr>123</gpxtpx:hr>
            <gpxtpx:cad>72</gpxtpx:cad>
            <gpxtpx:atemp>303.65</gpxtpx:atemp>
          </gpxtpx:TrackPointExtension>
        </extensions>
      </trkpt>
      <trkpt lat="30.751325" lon="34.951975">
        <ele>319.4</ele>
        <time>2026-03-17T08:44:53.000Z</time>
        <extensions>
          <gpxtpx:TrackPointExtension>
            <gpxtpx:hr>125</gpxtpx:hr>
            <gpxtpx:cad>71</gpxtpx:cad>
            <gpxtpx:atemp>303.65</gpxtpx:atemp>
          </gpxtpx:TrackPointExtension>
        </extensions>
      </trkpt>
      <trkpt lat="30.751405" lon="34.951946">
        <ele>318.6</ele>
        <time>2026-03-17T08:44:59.000Z</time>
        <extensions>
          <gpxtpx:TrackPointExtension>
            <gpxtpx:hr>126</gpxtpx:hr>
            <gpxtpx:cad>60</gpxtpx:cad>
            <gpxtpx:atemp>303.65</gpxtpx:atemp>
          </gpxtpx:TrackPointExtension>
        </extensions>
      </trkpt>
      <trkpt lat="30.751500" lon="34.951902">
        <ele>317.6</ele>
        <time>2026-03-17T08:45:08.000Z</time>
        <extensions>
          <gpxtpx:TrackPointExtension>
            <gpxtpx:hr>128</gpxtpx:hr>
            <gpxtpx:cad>0</gpxtpx:cad>
            <gpxtpx:atemp>303.65</gpxtpx:atemp>
          </gpxtpx:TrackPointExtension>
        </extensions>
      </trkpt>
      <trkpt lat="30.751590" lon="34.951895">
        <ele>316.7</ele>
        <time>2026-03-17T08:45:15.000Z</time>
        <extensions>
          <gpxtpx:TrackPointExtension>
            <gpxtpx:hr>131</gpxtpx:hr>
            <gpxtpx:cad>64</gpxtpx:cad>
            <gpxtpx:atemp>303.65</gpxtpx:atemp>
          </gpxtpx:TrackPointExtension>
        </extensions>
      </trkpt>
      <trkpt lat="30.751655" lon="34.951806">
        <ele>315.6</ele>
        <time>2026-03-17T08:45:25.000Z</time>
        <extensions>
          <gpxtpx:TrackPointExtension>
            <gpxtpx:hr>132</gpxtpx:hr>
            <gpxtpx:cad>0</gpxtpx:cad>
            <gpxtpx:atemp>303.65</gpxtpx:atemp>
          </gpxtpx:TrackPointExtension>
        </extensions>
      </trkpt>
      <trkpt lat="30.751697" lon="34.951747">
        <ele>314.9</ele>
        <time>2026-03-17T08:45:31.000Z</time>
        <extensions>
          <gpxtpx:TrackPointExtension>
            <gpxtpx:hr>131</gpxtpx:hr>
            <gpxtpx:cad>53</gpxtpx:cad>
            <gpxtpx:atemp>303.65</gpxtpx:atemp>
          </gpxtpx:TrackPointExtension>
        </extensions>
      </trkpt>
      <trkpt lat="30.751780" lon="34.951735">
        <ele>313.8</ele>
        <time>2026-03-17T08:45:47.000Z</time>
        <extensions>
          <gpxtpx:TrackPointExtension>
            <gpxtpx:hr>136</gpxtpx:hr>
            <gpxtpx:cad>0</gpxtpx:cad>
            <gpxtpx:atemp>303.65</gpxtpx:atemp>
          </gpxtpx:TrackPointExtension>
        </extensions>
      </trkpt>
      <trkpt lat="30.751844" lon="34.951719">
        <ele>313.1</ele>
        <time>2026-03-17T08:45:59.000Z</time>
        <extensions>
          <gpxtpx:TrackPointExtension>
            <gpxtpx:hr>134</gpxtpx:hr>
            <gpxtpx:cad>50</gpxtpx:cad>
            <gpxtpx:atemp>303.65</gpxtpx:atemp>
          </gpxtpx:TrackPointExtension>
        </extensions>
      </trkpt>
      <trkpt lat="30.751856" lon="34.951660">
        <ele>312.5</ele>
        <time>2026-03-17T08:46:04.000Z</time>
        <extensions>
          <gpxtpx:TrackPointExtension>
            <gpxtpx:hr>134</gpxtpx:hr>
            <gpxtpx:cad>0</gpxtpx:cad>
            <gpxtpx:atemp>303.65</gpxtpx:atemp>
          </gpxtpx:TrackPointExtension>
        </extensions>
      </trkpt>
      <trkpt lat="30.751815" lon="34.951553">
        <ele>312.1</ele>
        <time>2026-03-17T08:46:15.000Z</time>
        <extensions>
          <gpxtpx:TrackPointExtension>
            <gpxtpx:hr>138</gpxtpx:hr>
            <gpxtpx:cad>0</gpxtpx:cad>
            <gpxtpx:atemp>303.65</gpxtpx:atemp>
          </gpxtpx:TrackPointExtension>
        </extensions>
      </trkpt>
      <trkpt lat="30.751828" lon="34.951490">
        <ele>311.5</ele>
        <time>2026-03-17T08:46:20.000Z</time>
        <extensions>
          <gpxtpx:TrackPointExtension>
            <gpxtpx:hr>140</gpxtpx:hr>
            <gpxtpx:cad>48</gpxtpx:cad>
            <gpxtpx:atemp>303.65</gpxtpx:atemp>
          </gpxtpx:TrackPointExtension>
        </extensions>
      </trkpt>
      <trkpt lat="30.751913" lon="34.951391">
        <ele>309.5</ele>
        <time>2026-03-17T08:46:31.000Z</time>
        <extensions>
          <gpxtpx:TrackPointExtension>
            <gpxtpx:hr>139</gpxtpx:hr>
            <gpxtpx:cad>52</gpxtpx:cad>
            <gpxtpx:atemp>303.65</gpxtpx:atemp>
          </gpxtpx:TrackPointExtension>
        </extensions>
      </trkpt>
      <trkpt lat="30.751967" lon="34.951355">
        <ele>308.3</ele>
        <time>2026-03-17T08:46:46.000Z</time>
        <extensions>
          <gpxtpx:TrackPointExtension>
            <gpxtpx:hr>128</gpxtpx:hr>
            <gpxtpx:cad>0</gpxtpx:cad>
            <gpxtpx:atemp>304.65</gpxtpx:atemp>
          </gpxtpx:TrackPointExtension>
        </extensions>
      </trkpt>
      <trkpt lat="30.751871" lon="34.951235">
        <ele>308.7</ele>
        <time>2026-03-17T08:47:09.000Z</time>
        <extensions>
          <gpxtpx:TrackPointExtension>
            <gpxtpx:hr>140</gpxtpx:hr>
            <gpxtpx:cad>48</gpxtpx:cad>
            <gpxtpx:atemp>304.65</gpxtpx:atemp>
          </gpxtpx:TrackPointExtension>
        </extensions>
      </trkpt>
      <trkpt lat="30.751883" lon="34.951138">
        <ele>307.7</ele>
        <time>2026-03-17T08:47:20.000Z</time>
        <extensions>
          <gpxtpx:TrackPointExtension>
            <gpxtpx:hr>143</gpxtpx:hr>
            <gpxtpx:cad>50</gpxtpx:cad>
            <gpxtpx:atemp>304.65</gpxtpx:atemp>
          </gpxtpx:TrackPointExtension>
        </extensions>
      </trkpt>
      <trkpt lat="30.751957" lon="34.951011">
        <ele>305.1</ele>
        <time>2026-03-17T08:47:37.000Z</time>
        <extensions>
          <gpxtpx:TrackPointExtension>
            <gpxtpx:hr>154</gpxtpx:hr>
            <gpxtpx:cad>0</gpxtpx:cad>
            <gpxtpx:atemp>304.65</gpxtpx:atemp>
          </gpxtpx:TrackPointExtension>
        </extensions>
      </trkpt>
      <trkpt lat="30.752060" lon="34.950871">
        <ele>301.4</ele>
        <time>2026-03-17T08:47:54.000Z</time>
        <extensions>
          <gpxtpx:TrackPointExtension>
            <gpxtpx:hr>161</gpxtpx:hr>
            <gpxtpx:cad>51</gpxtpx:cad>
            <gpxtpx:atemp>304.65</gpxtpx:atemp>
          </gpxtpx:TrackPointExtension>
        </extensions>
      </trkpt>
      <trkpt lat="30.752050" lon="34.950757">
        <ele>300.4</ele>
        <time>2026-03-17T08:48:07.000Z</time>
        <extensions>
          <gpxtpx:TrackPointExtension>
            <gpxtpx:hr>161</gpxtpx:hr>
            <gpxtpx:cad>0</gpxtpx:cad>
            <gpxtpx:atemp>304.65</gpxtpx:atemp>
          </gpxtpx:TrackPointExtension>
        </extensions>
      </trkpt>
      <trkpt lat="30.751969" lon="34.950700">
        <ele>301.5</ele>
        <time>2026-03-17T08:48:16.000Z</time>
        <extensions>
          <gpxtpx:TrackPointExtension>
            <gpxtpx:hr>162</gpxtpx:hr>
            <gpxtpx:cad>0</gpxtpx:cad>
            <gpxtpx:atemp>304.65</gpxtpx:atemp>
          </gpxtpx:TrackPointExtension>
        </extensions>
      </trkpt>
      <trkpt lat="30.751913" lon="34.950642">
        <ele>302.3</ele>
        <time>2026-03-17T08:48:24.000Z</time>
        <extensions>
          <gpxtpx:TrackPointExtension>
            <gpxtpx:hr>162</gpxtpx:hr>
            <gpxtpx:cad>62</gpxtpx:cad>
            <gpxtpx:atemp>304.65</gpxtpx:atemp>
          </gpxtpx:TrackPointExtension>
        </extensions>
      </trkpt>
      <trkpt lat="30.751948" lon="34.950549">
        <ele>300.9</ele>
        <time>2026-03-17T08:48:37.000Z</time>
        <extensions>
          <gpxtpx:TrackPointExtension>
            <gpxtpx:hr>156</gpxtpx:hr>
            <gpxtpx:cad>65</gpxtpx:cad>
            <gpxtpx:atemp>304.65</gpxtpx:atemp>
          </gpxtpx:TrackPointExtension>
        </extensions>
      </trkpt>
      <trkpt lat="30.752074" lon="34.950474">
        <ele>297.6</ele>
        <time>2026-03-17T08:48:56.000Z</time>
        <extensions>
          <gpxtpx:TrackPointExtension>
            <gpxtpx:hr>141</gpxtpx:hr>
            <gpxtpx:cad>58</gpxtpx:cad>
            <gpxtpx:atemp>304.65</gpxtpx:atemp>
          </gpxtpx:TrackPointExtension>
        </extensions>
      </trkpt>
      <trkpt lat="30.752172" lon="34.950414">
        <ele>295.4</ele>
        <time>2026-03-17T08:49:08.000Z</time>
        <extensions>
          <gpxtpx:TrackPointExtension>
            <gpxtpx:hr>136</gpxtpx:hr>
            <gpxtpx:cad>58</gpxtpx:cad>
            <gpxtpx:atemp>304.65</gpxtpx:atemp>
          </gpxtpx:TrackPointExtension>
        </extensions>
      </trkpt>
      <trkpt lat="30.752266" lon="34.950330">
        <ele>293.1</ele>
        <time>2026-03-17T08:49:20.000Z</time>
        <extensions>
          <gpxtpx:TrackPointExtension>
            <gpxtpx:hr>132</gpxtpx:hr>
            <gpxtpx:cad>62</gpxtpx:cad>
            <gpxtpx:atemp>304.65</gpxtpx:atemp>
          </gpxtpx:TrackPointExtension>
        </extensions>
      </trkpt>
      <trkpt lat="30.752352" lon="34.950234">
        <ele>290.9</ele>
        <time>2026-03-17T08:49:34.000Z</time>
        <extensions>
          <gpxtpx:TrackPointExtension>
            <gpxtpx:hr>125</gpxtpx:hr>
            <gpxtpx:cad>0</gpxtpx:cad>
            <gpxtpx:atemp>304.65</gpxtpx:atemp>
          </gpxtpx:TrackPointExtension>
        </extensions>
      </trkpt>
      <trkpt lat="30.752320" lon="34.950160">
        <ele>290.9</ele>
        <time>2026-03-17T08:49:41.000Z</time>
        <extensions>
          <gpxtpx:TrackPointExtension>
            <gpxtpx:hr>125</gpxtpx:hr>
            <gpxtpx:cad>66</gpxtpx:cad>
            <gpxtpx:atemp>304.65</gpxtpx:atemp>
          </gpxtpx:TrackPointExtension>
        </extensions>
      </trkpt>
      <trkpt lat="30.752342" lon="34.950080">
        <ele>290.3</ele>
        <time>2026-03-17T08:49:48.000Z</time>
        <extensions>
          <gpxtpx:TrackPointExtension>
            <gpxtpx:hr>125</gpxtpx:hr>
            <gpxtpx:cad>0</gpxtpx:cad>
            <gpxtpx:atemp>304.65</gpxtpx:atemp>
          </gpxtpx:TrackPointExtension>
        </extensions>
      </trkpt>
      <trkpt lat="30.752291" lon="34.949945">
        <ele>291.3</ele>
        <time>2026-03-17T08:49:59.000Z</time>
        <extensions>
          <gpxtpx:TrackPointExtension>
            <gpxtpx:hr>125</gpxtpx:hr>
            <gpxtpx:cad>62</gpxtpx:cad>
            <gpxtpx:atemp>304.65</gpxtpx:atemp>
          </gpxtpx:TrackPointExtension>
        </extensions>
      </trkpt>
      <trkpt lat="30.752391" lon="34.949853">
        <ele>289.6</ele>
        <time>2026-03-17T08:50:10.000Z</time>
        <extensions>
          <gpxtpx:TrackPointExtension>
            <gpxtpx:hr>123</gpxtpx:hr>
            <gpxtpx:cad>58</gpxtpx:cad>
            <gpxtpx:atemp>304.65</gpxtpx:atemp>
          </gpxtpx:TrackPointExtension>
        </extensions>
      </trkpt>
      <trkpt lat="30.752462" lon="34.949837">
        <ele>288.7</ele>
        <time>2026-03-17T08:50:16.000Z</time>
        <extensions>
          <gpxtpx:TrackPointExtension>
            <gpxtpx:hr>123</gpxtpx:hr>
            <gpxtpx:cad>0</gpxtpx:cad>
            <gpxtpx:atemp>304.65</gpxtpx:atemp>
          </gpxtpx:TrackPointExtension>
        </extensions>
      </trkpt>
      <trkpt lat="30.752591" lon="34.949667">
        <ele>288.0</ele>
        <time>2026-03-17T08:50:27.000Z</time>
        <extensions>
          <gpxtpx:TrackPointExtension>
            <gpxtpx:hr>125</gpxtpx:hr>
            <gpxtpx:cad>76</gpxtpx:cad>
            <gpxtpx:atemp>304.65</gpxtpx:atemp>
          </gpxtpx:TrackPointExtension>
        </extensions>
      </trkpt>
      <trkpt lat="30.752624" lon="34.949575">
        <ele>288.2</ele>
        <time>2026-03-17T08:50:32.000Z</time>
        <extensions>
          <gpxtpx:TrackPointExtension>
            <gpxtpx:hr>132</gpxtpx:hr>
            <gpxtpx:cad>76</gpxtpx:cad>
            <gpxtpx:atemp>304.65</gpxtpx:atemp>
          </gpxtpx:TrackPointExtension>
        </extensions>
      </trkpt>
      <trkpt lat="30.752658" lon="34.949419">
        <ele>289.0</ele>
        <time>2026-03-17T08:50:39.000Z</time>
        <extensions>
          <gpxtpx:TrackPointExtension>
            <gpxtpx:hr>138</gpxtpx:hr>
            <gpxtpx:cad>75</gpxtpx:cad>
            <gpxtpx:atemp>304.65</gpxtpx:atemp>
          </gpxtpx:TrackPointExtension>
        </extensions>
      </trkpt>
      <trkpt lat="30.752665" lon="34.949304">
        <ele>289.7</ele>
        <time>2026-03-17T08:50:45.000Z</time>
        <extensions>
          <gpxtpx:TrackPointExtension>
            <gpxtpx:hr>141</gpxtpx:hr>
            <gpxtpx:cad>75</gpxtpx:cad>
            <gpxtpx:atemp>304.65</gpxtpx:atemp>
          </gpxtpx:TrackPointExtension>
        </extensions>
      </trkpt>
      <trkpt lat="30.752812" lon="34.949338">
        <ele>287.9</ele>
        <time>2026-03-17T08:51:00.000Z</time>
        <extensions>
          <gpxtpx:TrackPointExtension>
            <gpxtpx:hr>142</gpxtpx:hr>
            <gpxtpx:cad>67</gpxtpx:cad>
            <gpxtpx:atemp>304.65</gpxtpx:atemp>
          </gpxtpx:TrackPointExtension>
        </extensions>
      </trkpt>
      <trkpt lat="30.752960" lon="34.949424">
        <ele>285.8</ele>
        <time>2026-03-17T08:51:12.000Z</time>
        <extensions>
          <gpxtpx:TrackPointExtension>
            <gpxtpx:hr>144</gpxtpx:hr>
            <gpxtpx:cad>60</gpxtpx:cad>
            <gpxtpx:atemp>304.65</gpxtpx:atemp>
          </gpxtpx:TrackPointExtension>
        </extensions>
      </trkpt>
      <trkpt lat="30.753074" lon="34.949470">
        <ele>284.7</ele>
        <time>2026-03-17T08:51:22.000Z</time>
        <extensions>
          <gpxtpx:TrackPointExtension>
            <gpxtpx:hr>143</gpxtpx:hr>
            <gpxtpx:cad>61</gpxtpx:cad>
            <gpxtpx:atemp>304.65</gpxtpx:atemp>
          </gpxtpx:TrackPointExtension>
        </extensions>
      </trkpt>
      <trkpt lat="30.753143" lon="34.949513">
        <ele>283.9</ele>
        <time>2026-03-17T08:51:28.000Z</time>
        <extensions>
          <gpxtpx:TrackPointExtension>
            <gpxtpx:hr>141</gpxtpx:hr>
            <gpxtpx:cad>59</gpxtpx:cad>
            <gpxtpx:atemp>304.65</gpxtpx:atemp>
          </gpxtpx:TrackPointExtension>
        </extensions>
      </trkpt>
      <trkpt lat="30.753237" lon="34.949503">
        <ele>283.4</ele>
        <time>2026-03-17T08:51:33.000Z</time>
        <extensions>
          <gpxtpx:TrackPointExtension>
            <gpxtpx:hr>141</gpxtpx:hr>
            <gpxtpx:cad>0</gpxtpx:cad>
            <gpxtpx:atemp>303.65</gpxtpx:atemp>
          </gpxtpx:TrackPointExtension>
        </extensions>
      </trkpt>
      <trkpt lat="30.753480" lon="34.949424">
        <ele>283.1</ele>
        <time>2026-03-17T08:51:45.000Z</time>
        <extensions>
          <gpxtpx:TrackPointExtension>
            <gpxtpx:hr>138</gpxtpx:hr>
            <gpxtpx:cad>78</gpxtpx:cad>
            <gpxtpx:atemp>303.65</gpxtpx:atemp>
          </gpxtpx:TrackPointExtension>
        </extensions>
      </trkpt>
      <trkpt lat="30.753584" lon="34.949407">
        <ele>283.0</ele>
        <time>2026-03-17T08:51:51.000Z</time>
        <extensions>
          <gpxtpx:TrackPointExtension>
            <gpxtpx:hr>138</gpxtpx:hr>
            <gpxtpx:cad>78</gpxtpx:cad>
            <gpxtpx:atemp>303.65</gpxtpx:atemp>
          </gpxtpx:TrackPointExtension>
        </extensions>
      </trkpt>
      <trkpt lat="30.753704" lon="34.949397">
        <ele>282.8</ele>
        <time>2026-03-17T08:52:00.000Z</time>
        <extensions>
          <gpxtpx:TrackPointExtension>
            <gpxtpx:hr>136</gpxtpx:hr>
            <gpxtpx:cad>74</gpxtpx:cad>
            <gpxtpx:atemp>303.65</gpxtpx:atemp>
          </gpxtpx:TrackPointExtension>
        </extensions>
      </trkpt>
      <trkpt lat="30.753796" lon="34.949368">
        <ele>282.7</ele>
        <time>2026-03-17T08:52:05.000Z</time>
        <extensions>
          <gpxtpx:TrackPointExtension>
            <gpxtpx:hr>136</gpxtpx:hr>
            <gpxtpx:cad>73</gpxtpx:cad>
            <gpxtpx:atemp>303.65</gpxtpx:atemp>
          </gpxtpx:TrackPointExtension>
        </extensions>
      </trkpt>
      <trkpt lat="30.753835" lon="34.949371">
        <ele>282.7</ele>
        <time>2026-03-17T08:52:07.000Z</time>
        <extensions>
          <gpxtpx:TrackPointExtension>
            <gpxtpx:hr>137</gpxtpx:hr>
            <gpxtpx:cad>73</gpxtpx:cad>
            <gpxtpx:atemp>303.65</gpxtpx:atemp>
          </gpxtpx:TrackPointExtension>
        </extensions>
      </trkpt>
      <trkpt lat="30.753928" lon="34.949350">
        <ele>282.7</ele>
        <time>2026-03-17T08:52:13.000Z</time>
        <extensions>
          <gpxtpx:TrackPointExtension>
            <gpxtpx:hr>141</gpxtpx:hr>
            <gpxtpx:cad>75</gpxtpx:cad>
            <gpxtpx:atemp>303.65</gpxtpx:atemp>
          </gpxtpx:TrackPointExtension>
        </extensions>
      </trkpt>
      <trkpt lat="30.753964" lon="34.949361">
        <ele>282.6</ele>
        <time>2026-03-17T08:52:15.000Z</time>
        <extensions>
          <gpxtpx:TrackPointExtension>
            <gpxtpx:hr>141</gpxtpx:hr>
            <gpxtpx:cad>74</gpxtpx:cad>
            <gpxtpx:atemp>303.65</gpxtpx:atemp>
          </gpxtpx:TrackPointExtension>
        </extensions>
      </trkpt>
      <trkpt lat="30.754048" lon="34.949409">
        <ele>282.2</ele>
        <time>2026-03-17T08:52:21.000Z</time>
        <extensions>
          <gpxtpx:TrackPointExtension>
            <gpxtpx:hr>142</gpxtpx:hr>
            <gpxtpx:cad>77</gpxtpx:cad>
            <gpxtpx:atemp>303.65</gpxtpx:atemp>
          </gpxtpx:TrackPointExtension>
        </extensions>
      </trkpt>
      <trkpt lat="30.754115" lon="34.949411">
        <ele>281.9</ele>
        <time>2026-03-17T08:52:24.000Z</time>
        <extensions>
          <gpxtpx:TrackPointExtension>
            <gpxtpx:hr>143</gpxtpx:hr>
            <gpxtpx:cad>77</gpxtpx:cad>
            <gpxtpx:atemp>303.65</gpxtpx:atemp>
          </gpxtpx:TrackPointExtension>
        </extensions>
      </trkpt>
      <trkpt lat="30.754303" lon="34.949426">
        <ele>281.1</ele>
        <time>2026-03-17T08:52:33.000Z</time>
        <extensions>
          <gpxtpx:TrackPointExtension>
            <gpxtpx:hr>146</gpxtpx:hr>
            <gpxtpx:cad>80</gpxtpx:cad>
            <gpxtpx:atemp>303.65</gpxtpx:atemp>
          </gpxtpx:TrackPointExtension>
        </extensions>
      </trkpt>
      <trkpt lat="30.754456" lon="34.949484">
        <ele>280.2</ele>
        <time>2026-03-17T08:52:41.000Z</time>
        <extensions>
          <gpxtpx:TrackPointExtension>
            <gpxtpx:hr>148</gpxtpx:hr>
            <gpxtpx:cad>78</gpxtpx:cad>
            <gpxtpx:atemp>303.65</gpxtpx:atemp>
          </gpxtpx:TrackPointExtension>
        </extensions>
      </trkpt>
      <trkpt lat="30.754494" lon="34.949484">
        <ele>280.0</ele>
        <time>2026-03-17T08:52:43.000Z</time>
        <extensions>
          <gpxtpx:TrackPointExtension>
            <gpxtpx:hr>148</gpxtpx:hr>
            <gpxtpx:cad>78</gpxtpx:cad>
            <gpxtpx:atemp>303.65</gpxtpx:atemp>
          </gpxtpx:TrackPointExtension>
        </extensions>
      </trkpt>
      <trkpt lat="30.754625" lon="34.949534">
        <ele>279.2</ele>
        <time>2026-03-17T08:52:50.000Z</time>
        <extensions>
          <gpxtpx:TrackPointExtension>
            <gpxtpx:hr>149</gpxtpx:hr>
            <gpxtpx:cad>78</gpxtpx:cad>
            <gpxtpx:atemp>303.65</gpxtpx:atemp>
          </gpxtpx:TrackPointExtension>
        </extensions>
      </trkpt>
      <trkpt lat="30.754695" lon="34.949610">
        <ele>278.5</ele>
        <time>2026-03-17T08:52:55.000Z</time>
        <extensions>
          <gpxtpx:TrackPointExtension>
            <gpxtpx:hr>150</gpxtpx:hr>
            <gpxtpx:cad>79</gpxtpx:cad>
            <gpxtpx:atemp>302.65</gpxtpx:atemp>
          </gpxtpx:TrackPointExtension>
        </extensions>
      </trkpt>
      <trkpt lat="30.754785" lon="34.949662">
        <ele>278.0</ele>
        <time>2026-03-17T08:53:00.000Z</time>
        <extensions>
          <gpxtpx:TrackPointExtension>
            <gpxtpx:hr>152</gpxtpx:hr>
            <gpxtpx:cad>77</gpxtpx:cad>
            <gpxtpx:atemp>302.65</gpxtpx:atemp>
          </gpxtpx:TrackPointExtension>
        </extensions>
      </trkpt>
      <trkpt lat="30.754917" lon="34.949769">
        <ele>277.1</ele>
        <time>2026-03-17T08:53:08.000Z</time>
        <extensions>
          <gpxtpx:TrackPointExtension>
            <gpxtpx:hr>153</gpxtpx:hr>
            <gpxtpx:cad>78</gpxtpx:cad>
            <gpxtpx:atemp>302.65</gpxtpx:atemp>
          </gpxtpx:TrackPointExtension>
        </extensions>
      </trkpt>
      <trkpt lat="30.754999" lon="34.949813">
        <ele>276.7</ele>
        <time>2026-03-17T08:53:12.000Z</time>
        <extensions>
          <gpxtpx:TrackPointExtension>
            <gpxtpx:hr>154</gpxtpx:hr>
            <gpxtpx:cad>81</gpxtpx:cad>
            <gpxtpx:atemp>302.65</gpxtpx:atemp>
          </gpxtpx:TrackPointExtension>
        </extensions>
      </trkpt>
      <trkpt lat="30.755108" lon="34.949919">
        <ele>276.1</ele>
        <time>2026-03-17T08:53:19.000Z</time>
        <extensions>
          <gpxtpx:TrackPointExtension>
            <gpxtpx:hr>155</gpxtpx:hr>
            <gpxtpx:cad>81</gpxtpx:cad>
            <gpxtpx:atemp>302.65</gpxtpx:atemp>
          </gpxtpx:TrackPointExtension>
        </extensions>
      </trkpt>
      <trkpt lat="30.755234" lon="34.950002">
        <ele>275.8</ele>
        <time>2026-03-17T08:53:26.000Z</time>
        <extensions>
          <gpxtpx:TrackPointExtension>
            <gpxtpx:hr>155</gpxtpx:hr>
            <gpxtpx:cad>80</gpxtpx:cad>
            <gpxtpx:atemp>302.65</gpxtpx:atemp>
          </gpxtpx:TrackPointExtension>
        </extensions>
      </trkpt>
      <trkpt lat="30.755418" lon="34.950047">
        <ele>275.3</ele>
        <time>2026-03-17T08:53:35.000Z</time>
        <extensions>
          <gpxtpx:TrackPointExtension>
            <gpxtpx:hr>155</gpxtpx:hr>
            <gpxtpx:cad>78</gpxtpx:cad>
            <gpxtpx:atemp>302.65</gpxtpx:atemp>
          </gpxtpx:TrackPointExtension>
        </extensions>
      </trkpt>
      <trkpt lat="30.755490" lon="34.950087">
        <ele>274.9</ele>
        <time>2026-03-17T08:53:39.000Z</time>
        <extensions>
          <gpxtpx:TrackPointExtension>
            <gpxtpx:hr>154</gpxtpx:hr>
            <gpxtpx:cad>79</gpxtpx:cad>
            <gpxtpx:atemp>302.65</gpxtpx:atemp>
          </gpxtpx:TrackPointExtension>
        </extensions>
      </trkpt>
      <trkpt lat="30.755604" lon="34.950187">
        <ele>274.3</ele>
        <time>2026-03-17T08:53:46.000Z</time>
        <extensions>
          <gpxtpx:TrackPointExtension>
            <gpxtpx:hr>153</gpxtpx:hr>
            <gpxtpx:cad>80</gpxtpx:cad>
            <gpxtpx:atemp>302.65</gpxtpx:atemp>
          </gpxtpx:TrackPointExtension>
        </extensions>
      </trkpt>
      <trkpt lat="30.755688" lon="34.950192">
        <ele>274.0</ele>
        <time>2026-03-17T08:53:51.000Z</time>
        <extensions>
          <gpxtpx:TrackPointExtension>
            <gpxtpx:hr>153</gpxtpx:hr>
            <gpxtpx:cad>78</gpxtpx:cad>
            <gpxtpx:atemp>302.65</gpxtpx:atemp>
          </gpxtpx:TrackPointExtension>
        </extensions>
      </trkpt>
      <trkpt lat="30.755784" lon="34.950282">
        <ele>273.2</ele>
        <time>2026-03-17T08:53:58.000Z</time>
        <extensions>
          <gpxtpx:TrackPointExtension>
            <gpxtpx:hr>154</gpxtpx:hr>
            <gpxtpx:cad>76</gpxtpx:cad>
            <gpxtpx:atemp>302.65</gpxtpx:atemp>
          </gpxtpx:TrackPointExtension>
        </extensions>
      </trkpt>
      <trkpt lat="30.755887" lon="34.950416">
        <ele>272.6</ele>
        <time>2026-03-17T08:54:07.000Z</time>
        <extensions>
          <gpxtpx:TrackPointExtension>
            <gpxtpx:hr>154</gpxtpx:hr>
            <gpxtpx:cad>76</gpxtpx:cad>
            <gpxtpx:atemp>302.65</gpxtpx:atemp>
          </gpxtpx:TrackPointExtension>
        </extensions>
      </trkpt>
      <trkpt lat="30.755847" lon="34.950360">
        <ele>272.8</ele>
        <time>2026-03-17T08:54:19.000Z</time>
        <extensions>
          <gpxtpx:TrackPointExtension>
            <gpxtpx:hr>155</gpxtpx:hr>
            <gpxtpx:cad>0</gpxtpx:cad>
            <gpxtpx:atemp>302.65</gpxtpx:atemp>
          </gpxtpx:TrackPointExtension>
        </extensions>
      </trkpt>
      <trkpt lat="30.755804" lon="34.950259">
        <ele>273.0</ele>
        <time>2026-03-17T08:54:28.000Z</time>
        <extensions>
          <gpxtpx:TrackPointExtension>
            <gpxtpx:hr>153</gpxtpx:hr>
            <gpxtpx:cad>55</gpxtpx:cad>
            <gpxtpx:atemp>303.65</gpxtpx:atemp>
          </gpxtpx:TrackPointExtension>
        </extensions>
      </trkpt>
      <trkpt lat="30.755860" lon="34.950216">
        <ele>272.4</ele>
        <time>2026-03-17T08:54:36.000Z</time>
        <extensions>
          <gpxtpx:TrackPointExtension>
            <gpxtpx:hr>152</gpxtpx:hr>
            <gpxtpx:cad>55</gpxtpx:cad>
            <gpxtpx:atemp>303.65</gpxtpx:atemp>
          </gpxtpx:TrackPointExtension>
        </extensions>
      </trkpt>
      <trkpt lat="30.755921" lon="34.950242">
        <ele>271.9</ele>
        <time>2026-03-17T08:54:42.000Z</time>
        <extensions>
          <gpxtpx:TrackPointExtension>
            <gpxtpx:hr>150</gpxtpx:hr>
            <gpxtpx:cad>62</gpxtpx:cad>
            <gpxtpx:atemp>303.65</gpxtpx:atemp>
          </gpxtpx:TrackPointExtension>
        </extensions>
      </trkpt>
      <trkpt lat="30.756006" lon="34.950160">
        <ele>270.6</ele>
        <time>2026-03-17T08:54:55.000Z</time>
        <extensions>
          <gpxtpx:TrackPointExtension>
            <gpxtpx:hr>142</gpxtpx:hr>
            <gpxtpx:cad>57</gpxtpx:cad>
            <gpxtpx:atemp>303.65</gpxtpx:atemp>
          </gpxtpx:TrackPointExtension>
        </extensions>
      </trkpt>
      <trkpt lat="30.756097" lon="34.950104">
        <ele>269.1</ele>
        <time>2026-03-17T08:55:06.000Z</time>
        <extensions>
          <gpxtpx:TrackPointExtension>
            <gpxtpx:hr>132</gpxtpx:hr>
            <gpxtpx:cad>51</gpxtpx:cad>
            <gpxtpx:atemp>303.65</gpxtpx:atemp>
          </gpxtpx:TrackPointExtension>
        </extensions>
      </trkpt>
      <trkpt lat="30.756219" lon="34.949988">
        <ele>267.4</ele>
        <time>2026-03-17T08:55:23.000Z</time>
        <extensions>
          <gpxtpx:TrackPointExtension>
            <gpxtpx:hr>128</gpxtpx:hr>
            <gpxtpx:cad>0</gpxtpx:cad>
            <gpxtpx:atemp>303.65</gpxtpx:atemp>
          </gpxtpx:TrackPointExtension>
        </extensions>
      </trkpt>
      <trkpt lat="30.756268" lon="34.950025">
        <ele>266.8</ele>
        <time>2026-03-17T08:55:29.000Z</time>
        <extensions>
          <gpxtpx:TrackPointExtension>
            <gpxtpx:hr>132</gpxtpx:hr>
            <gpxtpx:cad>0</gpxtpx:cad>
            <gpxtpx:atemp>303.65</gpxtpx:atemp>
          </gpxtpx:TrackPointExtension>
        </extensions>
      </trkpt>
      <trkpt lat="30.756369" lon="34.950128">
        <ele>265.7</ele>
        <time>2026-03-17T08:55:46.000Z</time>
        <extensions>
          <gpxtpx:TrackPointExtension>
            <gpxtpx:hr>136</gpxtpx:hr>
            <gpxtpx:cad>18</gpxtpx:cad>
            <gpxtpx:atemp>303.65</gpxtpx:atemp>
          </gpxtpx:TrackPointExtension>
        </extensions>
      </trkpt>
      <trkpt lat="30.756338" lon="34.950040">
        <ele>266.0</ele>
        <time>2026-03-17T08:55:54.000Z</time>
        <extensions>
          <gpxtpx:TrackPointExtension>
            <gpxtpx:hr>136</gpxtpx:hr>
            <gpxtpx:cad>0</gpxtpx:cad>
            <gpxtpx:atemp>303.65</gpxtpx:atemp>
          </gpxtpx:TrackPointExtension>
        </extensions>
      </trkpt>
      <trkpt lat="30.756309" lon="34.949915">
        <ele>266.4</ele>
        <time>2026-03-17T08:56:04.000Z</time>
        <extensions>
          <gpxtpx:TrackPointExtension>
            <gpxtpx:hr>135</gpxtpx:hr>
            <gpxtpx:cad>61</gpxtpx:cad>
            <gpxtpx:atemp>303.65</gpxtpx:atemp>
          </gpxtpx:TrackPointExtension>
        </extensions>
      </trkpt>
      <trkpt lat="30.756383" lon="34.949817">
        <ele>265.7</ele>
        <time>2026-03-17T08:56:13.000Z</time>
        <extensions>
          <gpxtpx:TrackPointExtension>
            <gpxtpx:hr>133</gpxtpx:hr>
            <gpxtpx:cad>0</gpxtpx:cad>
            <gpxtpx:atemp>303.65</gpxtpx:atemp>
          </gpxtpx:TrackPointExtension>
        </extensions>
      </trkpt>
      <trkpt lat="30.756465" lon="34.949682">
        <ele>265.3</ele>
        <time>2026-03-17T08:56:24.000Z</time>
        <extensions>
          <gpxtpx:TrackPointExtension>
            <gpxtpx:hr>126</gpxtpx:hr>
            <gpxtpx:cad>55</gpxtpx:cad>
            <gpxtpx:atemp>303.65</gpxtpx:atemp>
          </gpxtpx:TrackPointExtension>
        </extensions>
      </trkpt>
      <trkpt lat="30.756510" lon="34.949638">
        <ele>265.0</ele>
        <time>2026-03-17T08:56:28.000Z</time>
        <extensions>
          <gpxtpx:TrackPointExtension>
            <gpxtpx:hr>126</gpxtpx:hr>
            <gpxtpx:cad>0</gpxtpx:cad>
            <gpxtpx:atemp>303.65</gpxtpx:atemp>
          </gpxtpx:TrackPointExtension>
        </extensions>
      </trkpt>
      <trkpt lat="30.756567" lon="34.949526">
        <ele>265.6</ele>
        <time>2026-03-17T08:56:38.000Z</time>
        <extensions>
          <gpxtpx:TrackPointExtension>
            <gpxtpx:hr>127</gpxtpx:hr>
            <gpxtpx:cad>54</gpxtpx:cad>
            <gpxtpx:atemp>303.65</gpxtpx:atemp>
          </gpxtpx:TrackPointExtension>
        </extensions>
      </trkpt>
      <trkpt lat="30.756621" lon="34.949418">
        <ele>266.8</ele>
        <time>2026-03-17T08:56:46.000Z</time>
        <extensions>
          <gpxtpx:TrackPointExtension>
            <gpxtpx:hr>129</gpxtpx:hr>
            <gpxtpx:cad>0</gpxtpx:cad>
            <gpxtpx:atemp>303.65</gpxtpx:atemp>
          </gpxtpx:TrackPointExtension>
        </extensions>
      </trkpt>
      <trkpt lat="30.756674" lon="34.949354">
        <ele>267.5</ele>
        <time>2026-03-17T08:56:51.000Z</time>
        <extensions>
          <gpxtpx:TrackPointExtension>
            <gpxtpx:hr>130</gpxtpx:hr>
            <gpxtpx:cad>74</gpxtpx:cad>
            <gpxtpx:atemp>303.65</gpxtpx:atemp>
          </gpxtpx:TrackPointExtension>
        </extensions>
      </trkpt>
      <trkpt lat="30.756772" lon="34.949316">
        <ele>267.9</ele>
        <time>2026-03-17T08:57:02.000Z</time>
        <extensions>
          <gpxtpx:TrackPointExtension>
            <gpxtpx:hr>137</gpxtpx:hr>
            <gpxtpx:cad>0</gpxtpx:cad>
            <gpxtpx:atemp>303.65</gpxtpx:atemp>
          </gpxtpx:TrackPointExtension>
        </extensions>
      </trkpt>
      <trkpt lat="30.756808" lon="34.949319">
        <ele>267.9</ele>
        <time>2026-03-17T08:57:05.000Z</time>
        <extensions>
          <gpxtpx:TrackPointExtension>
            <gpxtpx:hr>140</gpxtpx:hr>
            <gpxtpx:cad>60</gpxtpx:cad>
            <gpxtpx:atemp>303.65</gpxtpx:atemp>
          </gpxtpx:TrackPointExtension>
        </extensions>
      </trkpt>
      <trkpt lat="30.756937" lon="34.949352">
        <ele>268.4</ele>
        <time>2026-03-17T08:57:16.000Z</time>
        <extensions>
          <gpxtpx:TrackPointExtension>
            <gpxtpx:hr>152</gpxtpx:hr>
            <gpxtpx:cad>57</gpxtpx:cad>
            <gpxtpx:atemp>303.65</gpxtpx:atemp>
          </gpxtpx:TrackPointExtension>
        </extensions>
      </trkpt>
      <trkpt lat="30.757037" lon="34.949432">
        <ele>267.9</ele>
        <time>2026-03-17T08:57:24.000Z</time>
        <extensions>
          <gpxtpx:TrackPointExtension>
            <gpxtpx:hr>155</gpxtpx:hr>
            <gpxtpx:cad>68</gpxtpx:cad>
            <gpxtpx:atemp>303.65</gpxtpx:atemp>
          </gpxtpx:TrackPointExtension>
        </extensions>
      </trkpt>
      <trkpt lat="30.757116" lon="34.949458">
        <ele>268.3</ele>
        <time>2026-03-17T08:57:30.000Z</time>
        <extensions>
          <gpxtpx:TrackPointExtension>
            <gpxtpx:hr>156</gpxtpx:hr>
            <gpxtpx:cad>0</gpxtpx:cad>
            <gpxtpx:atemp>303.65</gpxtpx:atemp>
          </gpxtpx:TrackPointExtension>
        </extensions>
      </trkpt>
      <trkpt lat="30.757243" lon="34.949485">
        <ele>269.7</ele>
        <time>2026-03-17T08:57:40.000Z</time>
        <extensions>
          <gpxtpx:TrackPointExtension>
            <gpxtpx:hr>156</gpxtpx:hr>
            <gpxtpx:cad>58</gpxtpx:cad>
            <gpxtpx:atemp>303.65</gpxtpx:atemp>
          </gpxtpx:TrackPointExtension>
        </extensions>
      </trkpt>
      <trkpt lat="30.757305" lon="34.949536">
        <ele>269.9</ele>
        <time>2026-03-17T08:57:46.000Z</time>
        <extensions>
          <gpxtpx:TrackPointExtension>
            <gpxtpx:hr>156</gpxtpx:hr>
            <gpxtpx:cad>59</gpxtpx:cad>
            <gpxtpx:atemp>303.65</gpxtpx:atemp>
          </gpxtpx:TrackPointExtension>
        </extensions>
      </trkpt>
      <trkpt lat="30.757427" lon="34.949738">
        <ele>269.8</ele>
        <time>2026-03-17T08:57:57.000Z</time>
        <extensions>
          <gpxtpx:TrackPointExtension>
            <gpxtpx:hr>156</gpxtpx:hr>
            <gpxtpx:cad>77</gpxtpx:cad>
            <gpxtpx:atemp>303.65</gpxtpx:atemp>
          </gpxtpx:TrackPointExtension>
        </extensions>
      </trkpt>
      <trkpt lat="30.757444" lon="34.949782">
        <ele>269.6</ele>
        <time>2026-03-17T08:57:59.000Z</time>
        <extensions>
          <gpxtpx:TrackPointExtension>
            <gpxtpx:hr>155</gpxtpx:hr>
            <gpxtpx:cad>76</gpxtpx:cad>
            <gpxtpx:atemp>303.65</gpxtpx:atemp>
          </gpxtpx:TrackPointExtension>
        </extensions>
      </trkpt>
      <trkpt lat="30.757549" lon="34.949990">
        <ele>269.4</ele>
        <time>2026-03-17T08:58:09.000Z</time>
        <extensions>
          <gpxtpx:TrackPointExtension>
            <gpxtpx:hr>158</gpxtpx:hr>
            <gpxtpx:cad>78</gpxtpx:cad>
            <gpxtpx:atemp>303.65</gpxtpx:atemp>
          </gpxtpx:TrackPointExtension>
        </extensions>
      </trkpt>
      <trkpt lat="30.757622" lon="34.950095">
        <ele>269.3</ele>
        <time>2026-03-17T08:58:15.000Z</time>
        <extensions>
          <gpxtpx:TrackPointExtension>
            <gpxtpx:hr>157</gpxtpx:hr>
            <gpxtpx:cad>80</gpxtpx:cad>
            <gpxtpx:atemp>303.65</gpxtpx:atemp>
          </gpxtpx:TrackPointExtension>
        </extensions>
      </trkpt>
      <trkpt lat="30.757693" lon="34.950181">
        <ele>270.1</ele>
        <time>2026-03-17T08:58:20.000Z</time>
        <extensions>
          <gpxtpx:TrackPointExtension>
            <gpxtpx:hr>156</gpxtpx:hr>
            <gpxtpx:cad>76</gpxtpx:cad>
            <gpxtpx:atemp>303.65</gpxtpx:atemp>
          </gpxtpx:TrackPointExtension>
        </extensions>
      </trkpt>
      <trkpt lat="30.757795" lon="34.950435">
        <ele>270.3</ele>
        <time>2026-03-17T08:58:32.000Z</time>
        <extensions>
          <gpxtpx:TrackPointExtension>
            <gpxtpx:hr>155</gpxtpx:hr>
            <gpxtpx:cad>77</gpxtpx:cad>
            <gpxtpx:atemp>303.65</gpxtpx:atemp>
          </gpxtpx:TrackPointExtension>
        </extensions>
      </trkpt>
      <trkpt lat="30.757835" lon="34.950517">
        <ele>270.7</ele>
        <time>2026-03-17T08:58:36.000Z</time>
        <extensions>
          <gpxtpx:TrackPointExtension>
            <gpxtpx:hr>155</gpxtpx:hr>
            <gpxtpx:cad>78</gpxtpx:cad>
            <gpxtpx:atemp>303.65</gpxtpx:atemp>
          </gpxtpx:TrackPointExtension>
        </extensions>
      </trkpt>
      <trkpt lat="30.757876" lon="34.950705">
        <ele>269.9</ele>
        <time>2026-03-17T08:58:44.000Z</time>
        <extensions>
          <gpxtpx:TrackPointExtension>
            <gpxtpx:hr>155</gpxtpx:hr>
            <gpxtpx:cad>79</gpxtpx:cad>
            <gpxtpx:atemp>303.65</gpxtpx:atemp>
          </gpxtpx:TrackPointExtension>
        </extensions>
      </trkpt>
      <trkpt lat="30.757907" lon="34.950843">
        <ele>269.7</ele>
        <time>2026-03-17T08:58:50.000Z</time>
        <extensions>
          <gpxtpx:TrackPointExtension>
            <gpxtpx:hr>155</gpxtpx:hr>
            <gpxtpx:cad>79</gpxtpx:cad>
            <gpxtpx:atemp>303.65</gpxtpx:atemp>
          </gpxtpx:TrackPointExtension>
        </extensions>
      </trkpt>
      <trkpt lat="30.757936" lon="34.950965">
        <ele>269.7</ele>
        <time>2026-03-17T08:58:56.000Z</time>
        <extensions>
          <gpxtpx:TrackPointExtension>
            <gpxtpx:hr>154</gpxtpx:hr>
            <gpxtpx:cad>78</gpxtpx:cad>
            <gpxtpx:atemp>303.65</gpxtpx:atemp>
          </gpxtpx:TrackPointExtension>
        </extensions>
      </trkpt>
      <trkpt lat="30.758017" lon="34.951081">
        <ele>271.8</ele>
        <time>2026-03-17T08:59:03.000Z</time>
        <extensions>
          <gpxtpx:TrackPointExtension>
            <gpxtpx:hr>156</gpxtpx:hr>
            <gpxtpx:cad>78</gpxtpx:cad>
            <gpxtpx:atemp>303.65</gpxtpx:atemp>
          </gpxtpx:TrackPointExtension>
        </extensions>
      </trkpt>
      <trkpt lat="30.758064" lon="34.951170">
        <ele>272.9</ele>
        <time>2026-03-17T08:59:10.000Z</time>
        <extensions>
          <gpxtpx:TrackPointExtension>
            <gpxtpx:hr>157</gpxtpx:hr>
            <gpxtpx:cad>77</gpxtpx:cad>
            <gpxtpx:atemp>303.65</gpxtpx:atemp>
          </gpxtpx:TrackPointExtension>
        </extensions>
      </trkpt>
      <trkpt lat="30.758089" lon="34.951328">
        <ele>272.5</ele>
        <time>2026-03-17T08:59:23.000Z</time>
        <extensions>
          <gpxtpx:TrackPointExtension>
            <gpxtpx:hr>160</gpxtpx:hr>
            <gpxtpx:cad>0</gpxtpx:cad>
            <gpxtpx:atemp>303.65</gpxtpx:atemp>
          </gpxtpx:TrackPointExtension>
        </extensions>
      </trkpt>
      <trkpt lat="30.758160" lon="34.951397">
        <ele>274.2</ele>
        <time>2026-03-17T08:59:33.000Z</time>
        <extensions>
          <gpxtpx:TrackPointExtension>
            <gpxtpx:hr>160</gpxtpx:hr>
            <gpxtpx:cad>50</gpxtpx:cad>
            <gpxtpx:atemp>303.65</gpxtpx:atemp>
          </gpxtpx:TrackPointExtension>
        </extensions>
      </trkpt>
      <trkpt lat="30.758233" lon="34.951453">
        <ele>276.3</ele>
        <time>2026-03-17T08:59:46.000Z</time>
        <extensions>
          <gpxtpx:TrackPointExtension>
            <gpxtpx:hr>160</gpxtpx:hr>
            <gpxtpx:cad>0</gpxtpx:cad>
            <gpxtpx:atemp>304.65</gpxtpx:atemp>
          </gpxtpx:TrackPointExtension>
        </extensions>
      </trkpt>
      <trkpt lat="30.758259" lon="34.951546">
        <ele>276.4</ele>
        <time>2026-03-17T08:59:54.000Z</time>
        <extensions>
          <gpxtpx:TrackPointExtension>
            <gpxtpx:hr>165</gpxtpx:hr>
            <gpxtpx:cad>60</gpxtpx:cad>
            <gpxtpx:atemp>304.65</gpxtpx:atemp>
          </gpxtpx:TrackPointExtension>
        </extensions>
      </trkpt>
      <trkpt lat="30.758263" lon="34.951624">
        <ele>275.9</ele>
        <time>2026-03-17T09:00:00.000Z</time>
        <extensions>
          <gpxtpx:TrackPointExtension>
            <gpxtpx:hr>164</gpxtpx:hr>
            <gpxtpx:cad>0</gpxtpx:cad>
            <gpxtpx:atemp>304.65</gpxtpx:atemp>
          </gpxtpx:TrackPointExtension>
        </extensions>
      </trkpt>
      <trkpt lat="30.758334" lon="34.951697">
        <ele>278.0</ele>
        <time>2026-03-17T09:00:07.000Z</time>
        <extensions>
          <gpxtpx:TrackPointExtension>
            <gpxtpx:hr>165</gpxtpx:hr>
            <gpxtpx:cad>0</gpxtpx:cad>
            <gpxtpx:atemp>304.65</gpxtpx:atemp>
          </gpxtpx:TrackPointExtension>
        </extensions>
      </trkpt>
      <trkpt lat="30.758402" lon="34.951699">
        <ele>280.5</ele>
        <time>2026-03-17T09:00:13.000Z</time>
        <extensions>
          <gpxtpx:TrackPointExtension>
            <gpxtpx:hr>164</gpxtpx:hr>
            <gpxtpx:cad>71</gpxtpx:cad>
            <gpxtpx:atemp>304.65</gpxtpx:atemp>
          </gpxtpx:TrackPointExtension>
        </extensions>
      </trkpt>
      <trkpt lat="30.758506" lon="34.951727">
        <ele>284.1</ele>
        <time>2026-03-17T09:00:20.000Z</time>
        <extensions>
          <gpxtpx:TrackPointExtension>
            <gpxtpx:hr>161</gpxtpx:hr>
            <gpxtpx:cad>0</gpxtpx:cad>
            <gpxtpx:atemp>304.65</gpxtpx:atemp>
          </gpxtpx:TrackPointExtension>
        </extensions>
      </trkpt>
      <trkpt lat="30.758547" lon="34.951849">
        <ele>284.2</ele>
        <time>2026-03-17T09:00:28.000Z</time>
        <extensions>
          <gpxtpx:TrackPointExtension>
            <gpxtpx:hr>160</gpxtpx:hr>
            <gpxtpx:cad>0</gpxtpx:cad>
            <gpxtpx:atemp>304.65</gpxtpx:atemp>
          </gpxtpx:TrackPointExtension>
        </extensions>
      </trkpt>
      <trkpt lat="30.758577" lon="34.952043">
        <ele>283.2</ele>
        <time>2026-03-17T09:00:37.000Z</time>
        <extensions>
          <gpxtpx:TrackPointExtension>
            <gpxtpx:hr>160</gpxtpx:hr>
            <gpxtpx:cad>75</gpxtpx:cad>
            <gpxtpx:atemp>304.65</gpxtpx:atemp>
          </gpxtpx:TrackPointExtension>
        </extensions>
      </trkpt>
      <trkpt lat="30.758616" lon="34.952148">
        <ele>283.1</ele>
        <time>2026-03-17T09:00:44.000Z</time>
        <extensions>
          <gpxtpx:TrackPointExtension>
            <gpxtpx:hr>160</gpxtpx:hr>
            <gpxtpx:cad>0</gpxtpx:cad>
            <gpxtpx:atemp>304.65</gpxtpx:atemp>
          </gpxtpx:TrackPointExtension>
        </extensions>
      </trkpt>
      <trkpt lat="30.758707" lon="34.952310">
        <ele>283.5</ele>
        <time>2026-03-17T09:00:53.000Z</time>
        <extensions>
          <gpxtpx:TrackPointExtension>
            <gpxtpx:hr>159</gpxtpx:hr>
            <gpxtpx:cad>79</gpxtpx:cad>
            <gpxtpx:atemp>304.65</gpxtpx:atemp>
          </gpxtpx:TrackPointExtension>
        </extensions>
      </trkpt>
      <trkpt lat="30.758726" lon="34.952390">
        <ele>282.7</ele>
        <time>2026-03-17T09:00:57.000Z</time>
        <extensions>
          <gpxtpx:TrackPointExtension>
            <gpxtpx:hr>160</gpxtpx:hr>
            <gpxtpx:cad>79</gpxtpx:cad>
            <gpxtpx:atemp>304.65</gpxtpx:atemp>
          </gpxtpx:TrackPointExtension>
        </extensions>
      </trkpt>
      <trkpt lat="30.758765" lon="34.952465">
        <ele>282.6</ele>
        <time>2026-03-17T09:01:04.000Z</time>
        <extensions>
          <gpxtpx:TrackPointExtension>
            <gpxtpx:hr>157</gpxtpx:hr>
            <gpxtpx:cad>0</gpxtpx:cad>
            <gpxtpx:atemp>304.65</gpxtpx:atemp>
          </gpxtpx:TrackPointExtension>
        </extensions>
      </trkpt>
      <trkpt lat="30.758849" lon="34.952579">
        <ele>283.3</ele>
        <time>2026-03-17T09:01:13.000Z</time>
        <extensions>
          <gpxtpx:TrackPointExtension>
            <gpxtpx:hr>156</gpxtpx:hr>
            <gpxtpx:cad>0</gpxtpx:cad>
            <gpxtpx:atemp>304.65</gpxtpx:atemp>
          </gpxtpx:TrackPointExtension>
        </extensions>
      </trkpt>
      <trkpt lat="30.758888" lon="34.952657">
        <ele>283.1</ele>
        <time>2026-03-17T09:01:17.000Z</time>
        <extensions>
          <gpxtpx:TrackPointExtension>
            <gpxtpx:hr>156</gpxtpx:hr>
            <gpxtpx:cad>0</gpxtpx:cad>
            <gpxtpx:atemp>304.65</gpxtpx:atemp>
          </gpxtpx:TrackPointExtension>
        </extensions>
      </trkpt>
      <trkpt lat="30.758944" lon="34.952703">
        <ele>284.1</ele>
        <time>2026-03-17T09:01:21.000Z</time>
        <extensions>
          <gpxtpx:TrackPointExtension>
            <gpxtpx:hr>157</gpxtpx:hr>
            <gpxtpx:cad>77</gpxtpx:cad>
            <gpxtpx:atemp>304.65</gpxtpx:atemp>
          </gpxtpx:TrackPointExtension>
        </extensions>
      </trkpt>
      <trkpt lat="30.759052" lon="34.952858">
        <ele>284.8</ele>
        <time>2026-03-17T09:01:31.000Z</time>
        <extensions>
          <gpxtpx:TrackPointExtension>
            <gpxtpx:hr>159</gpxtpx:hr>
            <gpxtpx:cad>76</gpxtpx:cad>
            <gpxtpx:atemp>304.65</gpxtpx:atemp>
          </gpxtpx:TrackPointExtension>
        </extensions>
      </trkpt>
      <trkpt lat="30.759121" lon="34.952908">
        <ele>286.2</ele>
        <time>2026-03-17T09:01:36.000Z</time>
        <extensions>
          <gpxtpx:TrackPointExtension>
            <gpxtpx:hr>159</gpxtpx:hr>
            <gpxtpx:cad>77</gpxtpx:cad>
            <gpxtpx:atemp>304.65</gpxtpx:atemp>
          </gpxtpx:TrackPointExtension>
        </extensions>
      </trkpt>
      <trkpt lat="30.759201" lon="34.953068">
        <ele>285.7</ele>
        <time>2026-03-17T09:01:45.000Z</time>
        <extensions>
          <gpxtpx:TrackPointExtension>
            <gpxtpx:hr>158</gpxtpx:hr>
            <gpxtpx:cad>72</gpxtpx:cad>
            <gpxtpx:atemp>303.65</gpxtpx:atemp>
          </gpxtpx:TrackPointExtension>
        </extensions>
      </trkpt>
      <trkpt lat="30.759280" lon="34.953191">
        <ele>286.1</ele>
        <time>2026-03-17T09:01:52.000Z</time>
        <extensions>
          <gpxtpx:TrackPointExtension>
            <gpxtpx:hr>158</gpxtpx:hr>
            <gpxtpx:cad>76</gpxtpx:cad>
            <gpxtpx:atemp>303.65</gpxtpx:atemp>
          </gpxtpx:TrackPointExtension>
        </extensions>
      </trkpt>
      <trkpt lat="30.759318" lon="34.953325">
        <ele>285.1</ele>
        <time>2026-03-17T09:01:58.000Z</time>
        <extensions>
          <gpxtpx:TrackPointExtension>
            <gpxtpx:hr>160</gpxtpx:hr>
            <gpxtpx:cad>76</gpxtpx:cad>
            <gpxtpx:atemp>303.65</gpxtpx:atemp>
          </gpxtpx:TrackPointExtension>
        </extensions>
      </trkpt>
      <trkpt lat="30.759373" lon="34.953409">
        <ele>285.5</ele>
        <time>2026-03-17T09:02:03.000Z</time>
        <extensions>
          <gpxtpx:TrackPointExtension>
            <gpxtpx:hr>161</gpxtpx:hr>
            <gpxtpx:cad>76</gpxtpx:cad>
            <gpxtpx:atemp>303.65</gpxtpx:atemp>
          </gpxtpx:TrackPointExtension>
        </extensions>
      </trkpt>
      <trkpt lat="30.759392" lon="34.953459">
        <ele>285.3</ele>
        <time>2026-03-17T09:02:05.000Z</time>
        <extensions>
          <gpxtpx:TrackPointExtension>
            <gpxtpx:hr>161</gpxtpx:hr>
            <gpxtpx:cad>76</gpxtpx:cad>
            <gpxtpx:atemp>303.65</gpxtpx:atemp>
          </gpxtpx:TrackPointExtension>
        </extensions>
      </trkpt>
      <trkpt lat="30.759515" lon="34.953613">
        <ele>286.5</ele>
        <time>2026-03-17T09:02:17.000Z</time>
        <extensions>
          <gpxtpx:TrackPointExtension>
            <gpxtpx:hr>162</gpxtpx:hr>
            <gpxtpx:cad>0</gpxtpx:cad>
            <gpxtpx:atemp>303.65</gpxtpx:atemp>
          </gpxtpx:TrackPointExtension>
        </extensions>
      </trkpt>
      <trkpt lat="30.759583" lon="34.953664">
        <ele>287.9</ele>
        <time>2026-03-17T09:02:22.000Z</time>
        <extensions>
          <gpxtpx:TrackPointExtension>
            <gpxtpx:hr>162</gpxtpx:hr>
            <gpxtpx:cad>57</gpxtpx:cad>
            <gpxtpx:atemp>303.65</gpxtpx:atemp>
          </gpxtpx:TrackPointExtension>
        </extensions>
      </trkpt>
      <trkpt lat="30.759625" lon="34.953743">
        <ele>287.2</ele>
        <time>2026-03-17T09:02:26.000Z</time>
        <extensions>
          <gpxtpx:TrackPointExtension>
            <gpxtpx:hr>161</gpxtpx:hr>
            <gpxtpx:cad>77</gpxtpx:cad>
            <gpxtpx:atemp>303.65</gpxtpx:atemp>
          </gpxtpx:TrackPointExtension>
        </extensions>
      </trkpt>
      <trkpt lat="30.759698" lon="34.953807">
        <ele>287.7</ele>
        <time>2026-03-17T09:02:33.000Z</time>
        <extensions>
          <gpxtpx:TrackPointExtension>
            <gpxtpx:hr>162</gpxtpx:hr>
            <gpxtpx:cad>66</gpxtpx:cad>
            <gpxtpx:atemp>303.65</gpxtpx:atemp>
          </gpxtpx:TrackPointExtension>
        </extensions>
      </trkpt>
      <trkpt lat="30.759774" lon="34.953841">
        <ele>288.8</ele>
        <time>2026-03-17T09:02:41.000Z</time>
        <extensions>
          <gpxtpx:TrackPointExtension>
            <gpxtpx:hr>160</gpxtpx:hr>
            <gpxtpx:cad>57</gpxtpx:cad>
            <gpxtpx:atemp>304.65</gpxtpx:atemp>
          </gpxtpx:TrackPointExtension>
        </extensions>
      </trkpt>
      <trkpt lat="30.759829" lon="34.953905">
        <ele>288.8</ele>
        <time>2026-03-17T09:02:47.000Z</time>
        <extensions>
          <gpxtpx:TrackPointExtension>
            <gpxtpx:hr>157</gpxtpx:hr>
            <gpxtpx:cad>0</gpxtpx:cad>
            <gpxtpx:atemp>304.65</gpxtpx:atemp>
          </gpxtpx:TrackPointExtension>
        </extensions>
      </trkpt>
      <trkpt lat="30.759930" lon="34.953956">
        <ele>289.5</ele>
        <time>2026-03-17T09:02:55.000Z</time>
        <extensions>
          <gpxtpx:TrackPointExtension>
            <gpxtpx:hr>156</gpxtpx:hr>
            <gpxtpx:cad>55</gpxtpx:cad>
            <gpxtpx:atemp>304.65</gpxtpx:atemp>
          </gpxtpx:TrackPointExtension>
        </extensions>
      </trkpt>
      <trkpt lat="30.759979" lon="34.953998">
        <ele>289.3</ele>
        <time>2026-03-17T09:02:58.000Z</time>
        <extensions>
          <gpxtpx:TrackPointExtension>
            <gpxtpx:hr>156</gpxtpx:hr>
            <gpxtpx:cad>0</gpxtpx:cad>
            <gpxtpx:atemp>304.65</gpxtpx:atemp>
          </gpxtpx:TrackPointExtension>
        </extensions>
      </trkpt>
      <trkpt lat="30.760022" lon="34.954070">
        <ele>288.3</ele>
        <time>2026-03-17T09:03:04.000Z</time>
        <extensions>
          <gpxtpx:TrackPointExtension>
            <gpxtpx:hr>154</gpxtpx:hr>
            <gpxtpx:cad>0</gpxtpx:cad>
            <gpxtpx:atemp>304.65</gpxtpx:atemp>
          </gpxtpx:TrackPointExtension>
        </extensions>
      </trkpt>
      <trkpt lat="30.760085" lon="34.954191">
        <ele>286.6</ele>
        <time>2026-03-17T09:03:13.000Z</time>
        <extensions>
          <gpxtpx:TrackPointExtension>
            <gpxtpx:hr>150</gpxtpx:hr>
            <gpxtpx:cad>58</gpxtpx:cad>
            <gpxtpx:atemp>304.65</gpxtpx:atemp>
          </gpxtpx:TrackPointExtension>
        </extensions>
      </trkpt>
      <trkpt lat="30.760165" lon="34.954234">
        <ele>286.6</ele>
        <time>2026-03-17T09:03:21.000Z</time>
        <extensions>
          <gpxtpx:TrackPointExtension>
            <gpxtpx:hr>150</gpxtpx:hr>
            <gpxtpx:cad>59</gpxtpx:cad>
            <gpxtpx:atemp>304.65</gpxtpx:atemp>
          </gpxtpx:TrackPointExtension>
        </extensions>
      </trkpt>
      <trkpt lat="30.760202" lon="34.954272">
        <ele>286.0</ele>
        <time>2026-03-17T09:03:24.000Z</time>
        <extensions>
          <gpxtpx:TrackPointExtension>
            <gpxtpx:hr>149</gpxtpx:hr>
            <gpxtpx:cad>61</gpxtpx:cad>
            <gpxtpx:atemp>304.65</gpxtpx:atemp>
          </gpxtpx:TrackPointExtension>
        </extensions>
      </trkpt>
      <trkpt lat="30.760267" lon="34.954375">
        <ele>283.5</ele>
        <time>2026-03-17T09:03:31.000Z</time>
        <extensions>
          <gpxtpx:TrackPointExtension>
            <gpxtpx:hr>149</gpxtpx:hr>
            <gpxtpx:cad>75</gpxtpx:cad>
            <gpxtpx:atemp>304.65</gpxtpx:atemp>
          </gpxtpx:TrackPointExtension>
        </extensions>
      </trkpt>
      <trkpt lat="30.760386" lon="34.954458">
        <ele>281.5</ele>
        <time>2026-03-17T09:03:38.000Z</time>
        <extensions>
          <gpxtpx:TrackPointExtension>
            <gpxtpx:hr>148</gpxtpx:hr>
            <gpxtpx:cad>75</gpxtpx:cad>
            <gpxtpx:atemp>304.65</gpxtpx:atemp>
          </gpxtpx:TrackPointExtension>
        </extensions>
      </trkpt>
      <trkpt lat="30.760501" lon="34.954480">
        <ele>280.6</ele>
        <time>2026-03-17T09:03:45.000Z</time>
        <extensions>
          <gpxtpx:TrackPointExtension>
            <gpxtpx:hr>149</gpxtpx:hr>
            <gpxtpx:cad>76</gpxtpx:cad>
            <gpxtpx:atemp>304.65</gpxtpx:atemp>
          </gpxtpx:TrackPointExtension>
        </extensions>
      </trkpt>
      <trkpt lat="30.760544" lon="34.954540">
        <ele>278.7</ele>
        <time>2026-03-17T09:03:51.000Z</time>
        <extensions>
          <gpxtpx:TrackPointExtension>
            <gpxtpx:hr>150</gpxtpx:hr>
            <gpxtpx:cad>76</gpxtpx:cad>
            <gpxtpx:atemp>304.65</gpxtpx:atemp>
          </gpxtpx:TrackPointExtension>
        </extensions>
      </trkpt>
      <trkpt lat="30.760573" lon="34.954620">
        <ele>276.4</ele>
        <time>2026-03-17T09:03:55.000Z</time>
        <extensions>
          <gpxtpx:TrackPointExtension>
            <gpxtpx:hr>150</gpxtpx:hr>
            <gpxtpx:cad>58</gpxtpx:cad>
            <gpxtpx:atemp>304.65</gpxtpx:atemp>
          </gpxtpx:TrackPointExtension>
        </extensions>
      </trkpt>
      <trkpt lat="30.760619" lon="34.954688">
        <ele>274.3</ele>
        <time>2026-03-17T09:03:59.000Z</time>
        <extensions>
          <gpxtpx:TrackPointExtension>
            <gpxtpx:hr>149</gpxtpx:hr>
            <gpxtpx:cad>79</gpxtpx:cad>
            <gpxtpx:atemp>304.65</gpxtpx:atemp>
          </gpxtpx:TrackPointExtension>
        </extensions>
      </trkpt>
      <trkpt lat="30.760643" lon="34.954764">
        <ele>272.0</ele>
        <time>2026-03-17T09:04:03.000Z</time>
        <extensions>
          <gpxtpx:TrackPointExtension>
            <gpxtpx:hr>150</gpxtpx:hr>
            <gpxtpx:cad>77</gpxtpx:cad>
            <gpxtpx:atemp>304.65</gpxtpx:atemp>
          </gpxtpx:TrackPointExtension>
        </extensions>
      </trkpt>
      <trkpt lat="30.760703" lon="34.954861">
        <ele>268.9</ele>
        <time>2026-03-17T09:04:13.000Z</time>
        <extensions>
          <gpxtpx:TrackPointExtension>
            <gpxtpx:hr>151</gpxtpx:hr>
            <gpxtpx:cad>78</gpxtpx:cad>
            <gpxtpx:atemp>304.65</gpxtpx:atemp>
          </gpxtpx:TrackPointExtension>
        </extensions>
      </trkpt>
      <trkpt lat="30.760813" lon="34.954931">
        <ele>265.6</ele>
        <time>2026-03-17T09:04:22.000Z</time>
        <extensions>
          <gpxtpx:TrackPointExtension>
            <gpxtpx:hr>153</gpxtpx:hr>
            <gpxtpx:cad>79</gpxtpx:cad>
            <gpxtpx:atemp>304.65</gpxtpx:atemp>
          </gpxtpx:TrackPointExtension>
        </extensions>
      </trkpt>
      <trkpt lat="30.760953" lon="34.954951">
        <ele>263.6</ele>
        <time>2026-03-17T09:04:33.000Z</time>
        <extensions>
          <gpxtpx:TrackPointExtension>
            <gpxtpx:hr>154</gpxtpx:hr>
            <gpxtpx:cad>60</gpxtpx:cad>
            <gpxtpx:atemp>304.65</gpxtpx:atemp>
          </gpxtpx:TrackPointExtension>
        </extensions>
      </trkpt>
      <trkpt lat="30.761025" lon="34.954953">
        <ele>262.7</ele>
        <time>2026-03-17T09:04:38.000Z</time>
        <extensions>
          <gpxtpx:TrackPointExtension>
            <gpxtpx:hr>154</gpxtpx:hr>
            <gpxtpx:cad>57</gpxtpx:cad>
            <gpxtpx:atemp>304.65</gpxtpx:atemp>
          </gpxtpx:TrackPointExtension>
        </extensions>
      </trkpt>
      <trkpt lat="30.761147" lon="34.954997">
        <ele>259.9</ele>
        <time>2026-03-17T09:04:50.000Z</time>
        <extensions>
          <gpxtpx:TrackPointExtension>
            <gpxtpx:hr>154</gpxtpx:hr>
            <gpxtpx:cad>0</gpxtpx:cad>
            <gpxtpx:atemp>304.65</gpxtpx:atemp>
          </gpxtpx:TrackPointExtension>
        </extensions>
      </trkpt>
      <trkpt lat="30.761294" lon="34.955015">
        <ele>257.4</ele>
        <time>2026-03-17T09:05:01.000Z</time>
        <extensions>
          <gpxtpx:TrackPointExtension>
            <gpxtpx:hr>153</gpxtpx:hr>
            <gpxtpx:cad>57</gpxtpx:cad>
            <gpxtpx:atemp>304.65</gpxtpx:atemp>
          </gpxtpx:TrackPointExtension>
        </extensions>
      </trkpt>
      <trkpt lat="30.761361" lon="34.955046">
        <ele>255.5</ele>
        <time>2026-03-17T09:05:14.000Z</time>
        <extensions>
          <gpxtpx:TrackPointExtension>
            <gpxtpx:hr>148</gpxtpx:hr>
            <gpxtpx:cad>0</gpxtpx:cad>
            <gpxtpx:atemp>304.65</gpxtpx:atemp>
          </gpxtpx:TrackPointExtension>
        </extensions>
      </trkpt>
      <trkpt lat="30.761488" lon="34.955051">
        <ele>253.2</ele>
        <time>2026-03-17T09:06:03.000Z</time>
        <extensions>
          <gpxtpx:TrackPointExtension>
            <gpxtpx:hr>142</gpxtpx:hr>
            <gpxtpx:cad>0</gpxtpx:cad>
            <gpxtpx:atemp>304.65</gpxtpx:atemp>
          </gpxtpx:TrackPointExtension>
        </extensions>
      </trkpt>
      <trkpt lat="30.761503" lon="34.954941">
        <ele>256.1</ele>
        <time>2026-03-17T09:06:15.000Z</time>
        <extensions>
          <gpxtpx:TrackPointExtension>
            <gpxtpx:hr>141</gpxtpx:hr>
            <gpxtpx:cad>79</gpxtpx:cad>
            <gpxtpx:atemp>304.65</gpxtpx:atemp>
          </gpxtpx:TrackPointExtension>
        </extensions>
      </trkpt>
      <trkpt lat="30.761600" lon="34.954864">
        <ele>256.6</ele>
        <time>2026-03-17T09:06:27.000Z</time>
        <extensions>
          <gpxtpx:TrackPointExtension>
            <gpxtpx:hr>132</gpxtpx:hr>
            <gpxtpx:cad>65</gpxtpx:cad>
            <gpxtpx:atemp>304.65</gpxtpx:atemp>
          </gpxtpx:TrackPointExtension>
        </extensions>
      </trkpt>
      <trkpt lat="30.761666" lon="34.954767">
        <ele>257.5</ele>
        <time>2026-03-17T09:06:38.000Z</time>
        <extensions>
          <gpxtpx:TrackPointExtension>
            <gpxtpx:hr>134</gpxtpx:hr>
            <gpxtpx:cad>0</gpxtpx:cad>
            <gpxtpx:atemp>304.65</gpxtpx:atemp>
          </gpxtpx:TrackPointExtension>
        </extensions>
      </trkpt>
      <trkpt lat="30.761750" lon="34.954735">
        <ele>256.7</ele>
        <time>2026-03-17T09:06:46.000Z</time>
        <extensions>
          <gpxtpx:TrackPointExtension>
            <gpxtpx:hr>134</gpxtpx:hr>
            <gpxtpx:cad>64</gpxtpx:cad>
            <gpxtpx:atemp>304.65</gpxtpx:atemp>
          </gpxtpx:TrackPointExtension>
        </extensions>
      </trkpt>
      <trkpt lat="30.761913" lon="34.954707">
        <ele>254.6</ele>
        <time>2026-03-17T09:06:57.000Z</time>
        <extensions>
          <gpxtpx:TrackPointExtension>
            <gpxtpx:hr>133</gpxtpx:hr>
            <gpxtpx:cad>72</gpxtpx:cad>
            <gpxtpx:atemp>303.65</gpxtpx:atemp>
          </gpxtpx:TrackPointExtension>
        </extensions>
      </trkpt>
      <trkpt lat="30.762020" lon="34.954662">
        <ele>253.7</ele>
        <time>2026-03-17T09:07:04.000Z</time>
        <extensions>
          <gpxtpx:TrackPointExtension>
            <gpxtpx:hr>134</gpxtpx:hr>
            <gpxtpx:cad>72</gpxtpx:cad>
            <gpxtpx:atemp>303.65</gpxtpx:atemp>
          </gpxtpx:TrackPointExtension>
        </extensions>
      </trkpt>
      <trkpt lat="30.762070" lon="34.954637">
        <ele>253.3</ele>
        <time>2026-03-17T09:07:07.000Z</time>
        <extensions>
          <gpxtpx:TrackPointExtension>
            <gpxtpx:hr>134</gpxtpx:hr>
            <gpxtpx:cad>72</gpxtpx:cad>
            <gpxtpx:atemp>303.65</gpxtpx:atemp>
          </gpxtpx:TrackPointExtension>
        </extensions>
      </trkpt>
      <trkpt lat="30.762247" lon="34.954560">
        <ele>252.6</ele>
        <time>2026-03-17T09:07:17.000Z</time>
        <extensions>
          <gpxtpx:TrackPointExtension>
            <gpxtpx:hr>141</gpxtpx:hr>
            <gpxtpx:cad>77</gpxtpx:cad>
            <gpxtpx:atemp>303.65</gpxtpx:atemp>
          </gpxtpx:TrackPointExtension>
        </extensions>
      </trkpt>
      <trkpt lat="30.762364" lon="34.954499">
        <ele>252.2</ele>
        <time>2026-03-17T09:07:24.000Z</time>
        <extensions>
          <gpxtpx:TrackPointExtension>
            <gpxtpx:hr>145</gpxtpx:hr>
            <gpxtpx:cad>77</gpxtpx:cad>
            <gpxtpx:atemp>303.65</gpxtpx:atemp>
          </gpxtpx:TrackPointExtension>
        </extensions>
      </trkpt>
      <trkpt lat="30.762425" lon="34.954453">
        <ele>252.6</ele>
        <time>2026-03-17T09:07:28.000Z</time>
        <extensions>
          <gpxtpx:TrackPointExtension>
            <gpxtpx:hr>146</gpxtpx:hr>
            <gpxtpx:cad>79</gpxtpx:cad>
            <gpxtpx:atemp>303.65</gpxtpx:atemp>
          </gpxtpx:TrackPointExtension>
        </extensions>
      </trkpt>
      <trkpt lat="30.762543" lon="34.954419">
        <ele>252.7</ele>
        <time>2026-03-17T09:07:34.000Z</time>
        <extensions>
          <gpxtpx:TrackPointExtension>
            <gpxtpx:hr>147</gpxtpx:hr>
            <gpxtpx:cad>75</gpxtpx:cad>
            <gpxtpx:atemp>303.65</gpxtpx:atemp>
          </gpxtpx:TrackPointExtension>
        </extensions>
      </trkpt>
      <trkpt lat="30.762610" lon="34.954381">
        <ele>253.0</ele>
        <time>2026-03-17T09:07:38.000Z</time>
        <extensions>
          <gpxtpx:TrackPointExtension>
            <gpxtpx:hr>148</gpxtpx:hr>
            <gpxtpx:cad>77</gpxtpx:cad>
            <gpxtpx:atemp>303.65</gpxtpx:atemp>
          </gpxtpx:TrackPointExtension>
        </extensions>
      </trkpt>
      <trkpt lat="30.762714" lon="34.954303">
        <ele>254.6</ele>
        <time>2026-03-17T09:07:44.000Z</time>
        <extensions>
          <gpxtpx:TrackPointExtension>
            <gpxtpx:hr>150</gpxtpx:hr>
            <gpxtpx:cad>78</gpxtpx:cad>
            <gpxtpx:atemp>303.65</gpxtpx:atemp>
          </gpxtpx:TrackPointExtension>
        </extensions>
      </trkpt>
      <trkpt lat="30.762871" lon="34.954254">
        <ele>256.4</ele>
        <time>2026-03-17T09:07:55.000Z</time>
        <extensions>
          <gpxtpx:TrackPointExtension>
            <gpxtpx:hr>153</gpxtpx:hr>
            <gpxtpx:cad>75</gpxtpx:cad>
            <gpxtpx:atemp>303.65</gpxtpx:atemp>
          </gpxtpx:TrackPointExtension>
        </extensions>
      </trkpt>
      <trkpt lat="30.762997" lon="34.954271">
        <ele>257.4</ele>
        <time>2026-03-17T09:08:05.000Z</time>
        <extensions>
          <gpxtpx:TrackPointExtension>
            <gpxtpx:hr>152</gpxtpx:hr>
            <gpxtpx:cad>58</gpxtpx:cad>
            <gpxtpx:atemp>303.65</gpxtpx:atemp>
          </gpxtpx:TrackPointExtension>
        </extensions>
      </trkpt>
      <trkpt lat="30.763099" lon="34.954358">
        <ele>256.9</ele>
        <time>2026-03-17T09:08:14.000Z</time>
        <extensions>
          <gpxtpx:TrackPointExtension>
            <gpxtpx:hr>152</gpxtpx:hr>
            <gpxtpx:cad>58</gpxtpx:cad>
            <gpxtpx:atemp>303.65</gpxtpx:atemp>
          </gpxtpx:TrackPointExtension>
        </extensions>
      </trkpt>
      <trkpt lat="30.763179" lon="34.954447">
        <ele>255.8</ele>
        <time>2026-03-17T09:08:22.000Z</time>
        <extensions>
          <gpxtpx:TrackPointExtension>
            <gpxtpx:hr>151</gpxtpx:hr>
            <gpxtpx:cad>0</gpxtpx:cad>
            <gpxtpx:atemp>303.65</gpxtpx:atemp>
          </gpxtpx:TrackPointExtension>
        </extensions>
      </trkpt>
      <trkpt lat="30.763250" lon="34.954551">
        <ele>254.1</ele>
        <time>2026-03-17T09:08:30.000Z</time>
        <extensions>
          <gpxtpx:TrackPointExtension>
            <gpxtpx:hr>151</gpxtpx:hr>
            <gpxtpx:cad>0</gpxtpx:cad>
            <gpxtpx:atemp>304.65</gpxtpx:atemp>
          </gpxtpx:TrackPointExtension>
        </extensions>
      </trkpt>
      <trkpt lat="30.763343" lon="34.954631">
        <ele>252.8</ele>
        <time>2026-03-17T09:08:36.000Z</time>
        <extensions>
          <gpxtpx:TrackPointExtension>
            <gpxtpx:hr>150</gpxtpx:hr>
            <gpxtpx:cad>75</gpxtpx:cad>
            <gpxtpx:atemp>304.65</gpxtpx:atemp>
          </gpxtpx:TrackPointExtension>
        </extensions>
      </trkpt>
      <trkpt lat="30.763491" lon="34.954758">
        <ele>250.0</ele>
        <time>2026-03-17T09:08:46.000Z</time>
        <extensions>
          <gpxtpx:TrackPointExtension>
            <gpxtpx:hr>154</gpxtpx:hr>
            <gpxtpx:cad>76</gpxtpx:cad>
            <gpxtpx:atemp>304.65</gpxtpx:atemp>
          </gpxtpx:TrackPointExtension>
        </extensions>
      </trkpt>
      <trkpt lat="30.763599" lon="34.954887">
        <ele>246.3</ele>
        <time>2026-03-17T09:08:55.000Z</time>
        <extensions>
          <gpxtpx:TrackPointExtension>
            <gpxtpx:hr>152</gpxtpx:hr>
            <gpxtpx:cad>76</gpxtpx:cad>
            <gpxtpx:atemp>303.65</gpxtpx:atemp>
          </gpxtpx:TrackPointExtension>
        </extensions>
      </trkpt>
      <trkpt lat="30.763653" lon="34.954895">
        <ele>246.0</ele>
        <time>2026-03-17T09:08:59.000Z</time>
        <extensions>
          <gpxtpx:TrackPointExtension>
            <gpxtpx:hr>152</gpxtpx:hr>
            <gpxtpx:cad>76</gpxtpx:cad>
            <gpxtpx:atemp>303.65</gpxtpx:atemp>
          </gpxtpx:TrackPointExtension>
        </extensions>
      </trkpt>
      <trkpt lat="30.763739" lon="34.954937">
        <ele>244.6</ele>
        <time>2026-03-17T09:09:05.000Z</time>
        <extensions>
          <gpxtpx:TrackPointExtension>
            <gpxtpx:hr>152</gpxtpx:hr>
            <gpxtpx:cad>75</gpxtpx:cad>
            <gpxtpx:atemp>303.65</gpxtpx:atemp>
          </gpxtpx:TrackPointExtension>
        </extensions>
      </trkpt>
      <trkpt lat="30.763837" lon="34.954949">
        <ele>243.4</ele>
        <time>2026-03-17T09:09:12.000Z</time>
        <extensions>
          <gpxtpx:TrackPointExtension>
            <gpxtpx:hr>152</gpxtpx:hr>
            <gpxtpx:cad>70</gpxtpx:cad>
            <gpxtpx:atemp>303.65</gpxtpx:atemp>
          </gpxtpx:TrackPointExtension>
        </extensions>
      </trkpt>
      <trkpt lat="30.763921" lon="34.954976">
        <ele>241.8</ele>
        <time>2026-03-17T09:09:17.000Z</time>
        <extensions>
          <gpxtpx:TrackPointExtension>
            <gpxtpx:hr>151</gpxtpx:hr>
            <gpxtpx:cad>76</gpxtpx:cad>
            <gpxtpx:atemp>303.65</gpxtpx:atemp>
          </gpxtpx:TrackPointExtension>
        </extensions>
      </trkpt>
      <trkpt lat="30.764066" lon="34.954985">
        <ele>240.3</ele>
        <time>2026-03-17T09:09:24.000Z</time>
        <extensions>
          <gpxtpx:TrackPointExtension>
            <gpxtpx:hr>151</gpxtpx:hr>
            <gpxtpx:cad>79</gpxtpx:cad>
            <gpxtpx:atemp>303.65</gpxtpx:atemp>
          </gpxtpx:TrackPointExtension>
        </extensions>
      </trkpt>
      <trkpt lat="30.764220" lon="34.955011">
        <ele>238.2</ele>
        <time>2026-03-17T09:09:32.000Z</time>
        <extensions>
          <gpxtpx:TrackPointExtension>
            <gpxtpx:hr>151</gpxtpx:hr>
            <gpxtpx:cad>80</gpxtpx:cad>
            <gpxtpx:atemp>303.65</gpxtpx:atemp>
          </gpxtpx:TrackPointExtension>
        </extensions>
      </trkpt>
      <trkpt lat="30.764325" lon="34.954991">
        <ele>238.3</ele>
        <time>2026-03-17T09:09:37.000Z</time>
        <extensions>
          <gpxtpx:TrackPointExtension>
            <gpxtpx:hr>151</gpxtpx:hr>
            <gpxtpx:cad>80</gpxtpx:cad>
            <gpxtpx:atemp>303.65</gpxtpx:atemp>
          </gpxtpx:TrackPointExtension>
        </extensions>
      </trkpt>
      <trkpt lat="30.764487" lon="34.954955">
        <ele>239.2</ele>
        <time>2026-03-17T09:09:45.000Z</time>
        <extensions>
          <gpxtpx:TrackPointExtension>
            <gpxtpx:hr>151</gpxtpx:hr>
            <gpxtpx:cad>81</gpxtpx:cad>
            <gpxtpx:atemp>303.65</gpxtpx:atemp>
          </gpxtpx:TrackPointExtension>
        </extensions>
      </trkpt>
      <trkpt lat="30.764540" lon="34.954987">
        <ele>238.0</ele>
        <time>2026-03-17T09:09:48.000Z</time>
        <extensions>
          <gpxtpx:TrackPointExtension>
            <gpxtpx:hr>152</gpxtpx:hr>
            <gpxtpx:cad>81</gpxtpx:cad>
            <gpxtpx:atemp>303.65</gpxtpx:atemp>
          </gpxtpx:TrackPointExtension>
        </extensions>
      </trkpt>
      <trkpt lat="30.764720" lon="34.954948">
        <ele>238.7</ele>
        <time>2026-03-17T09:09:57.000Z</time>
        <extensions>
          <gpxtpx:TrackPointExtension>
            <gpxtpx:hr>153</gpxtpx:hr>
            <gpxtpx:cad>79</gpxtpx:cad>
            <gpxtpx:atemp>303.65</gpxtpx:atemp>
          </gpxtpx:TrackPointExtension>
        </extensions>
      </trkpt>
      <trkpt lat="30.764844" lon="34.954942">
        <ele>238.4</ele>
        <time>2026-03-17T09:10:03.000Z</time>
        <extensions>
          <gpxtpx:TrackPointExtension>
            <gpxtpx:hr>153</gpxtpx:hr>
            <gpxtpx:cad>80</gpxtpx:cad>
            <gpxtpx:atemp>303.65</gpxtpx:atemp>
          </gpxtpx:TrackPointExtension>
        </extensions>
      </trkpt>
      <trkpt lat="30.764950" lon="34.954949">
        <ele>237.8</ele>
        <time>2026-03-17T09:10:08.000Z</time>
        <extensions>
          <gpxtpx:TrackPointExtension>
            <gpxtpx:hr>153</gpxtpx:hr>
            <gpxtpx:cad>80</gpxtpx:cad>
            <gpxtpx:atemp>303.65</gpxtpx:atemp>
          </gpxtpx:TrackPointExtension>
        </extensions>
      </trkpt>
      <trkpt lat="30.765068" lon="34.954934">
        <ele>237.9</ele>
        <time>2026-03-17T09:10:14.000Z</time>
        <extensions>
          <gpxtpx:TrackPointExtension>
            <gpxtpx:hr>154</gpxtpx:hr>
            <gpxtpx:cad>78</gpxtpx:cad>
            <gpxtpx:atemp>303.65</gpxtpx:atemp>
          </gpxtpx:TrackPointExtension>
        </extensions>
      </trkpt>
      <trkpt lat="30.765206" lon="34.954913">
        <ele>238.4</ele>
        <time>2026-03-17T09:10:22.000Z</time>
        <extensions>
          <gpxtpx:TrackPointExtension>
            <gpxtpx:hr>155</gpxtpx:hr>
            <gpxtpx:cad>78</gpxtpx:cad>
            <gpxtpx:atemp>303.65</gpxtpx:atemp>
          </gpxtpx:TrackPointExtension>
        </extensions>
      </trkpt>
      <trkpt lat="30.765232" lon="34.954897">
        <ele>238.9</ele>
        <time>2026-03-17T09:10:25.000Z</time>
        <extensions>
          <gpxtpx:TrackPointExtension>
            <gpxtpx:hr>155</gpxtpx:hr>
            <gpxtpx:cad>62</gpxtpx:cad>
            <gpxtpx:atemp>303.65</gpxtpx:atemp>
          </gpxtpx:TrackPointExtension>
        </extensions>
      </trkpt>
      <trkpt lat="30.765326" lon="34.954834">
        <ele>240.9</ele>
        <time>2026-03-17T09:10:36.000Z</time>
        <extensions>
          <gpxtpx:TrackPointExtension>
            <gpxtpx:hr>154</gpxtpx:hr>
            <gpxtpx:cad>0</gpxtpx:cad>
            <gpxtpx:atemp>303.65</gpxtpx:atemp>
          </gpxtpx:TrackPointExtension>
        </extensions>
      </trkpt>
      <trkpt lat="30.765366" lon="34.954867">
        <ele>239.8</ele>
        <time>2026-03-17T09:10:41.000Z</time>
        <extensions>
          <gpxtpx:TrackPointExtension>
            <gpxtpx:hr>154</gpxtpx:hr>
            <gpxtpx:cad>51</gpxtpx:cad>
            <gpxtpx:atemp>303.65</gpxtpx:atemp>
          </gpxtpx:TrackPointExtension>
        </extensions>
      </trkpt>
      <trkpt lat="30.765487" lon="34.954938">
        <ele>238.0</ele>
        <time>2026-03-17T09:10:53.000Z</time>
        <extensions>
          <gpxtpx:TrackPointExtension>
            <gpxtpx:hr>155</gpxtpx:hr>
            <gpxtpx:cad>53</gpxtpx:cad>
            <gpxtpx:atemp>303.65</gpxtpx:atemp>
          </gpxtpx:TrackPointExtension>
        </extensions>
      </trkpt>
      <trkpt lat="30.765593" lon="34.954995">
        <ele>236.8</ele>
        <time>2026-03-17T09:11:03.000Z</time>
        <extensions>
          <gpxtpx:TrackPointExtension>
            <gpxtpx:hr>147</gpxtpx:hr>
            <gpxtpx:cad>58</gpxtpx:cad>
            <gpxtpx:atemp>303.65</gpxtpx:atemp>
          </gpxtpx:TrackPointExtension>
        </extensions>
      </trkpt>
      <trkpt lat="30.765681" lon="34.955062">
        <ele>235.2</ele>
        <time>2026-03-17T09:11:09.000Z</time>
        <extensions>
          <gpxtpx:TrackPointExtension>
            <gpxtpx:hr>146</gpxtpx:hr>
            <gpxtpx:cad>74</gpxtpx:cad>
            <gpxtpx:atemp>303.65</gpxtpx:atemp>
          </gpxtpx:TrackPointExtension>
        </extensions>
      </trkpt>
      <trkpt lat="30.765774" lon="34.955098">
        <ele>234.5</ele>
        <time>2026-03-17T09:11:19.000Z</time>
        <extensions>
          <gpxtpx:TrackPointExtension>
            <gpxtpx:hr>142</gpxtpx:hr>
            <gpxtpx:cad>59</gpxtpx:cad>
            <gpxtpx:atemp>303.65</gpxtpx:atemp>
          </gpxtpx:TrackPointExtension>
        </extensions>
      </trkpt>
      <trkpt lat="30.765874" lon="34.955201">
        <ele>232.1</ele>
        <time>2026-03-17T09:11:31.000Z</time>
        <extensions>
          <gpxtpx:TrackPointExtension>
            <gpxtpx:hr>138</gpxtpx:hr>
            <gpxtpx:cad>54</gpxtpx:cad>
            <gpxtpx:atemp>304.65</gpxtpx:atemp>
          </gpxtpx:TrackPointExtension>
        </extensions>
      </trkpt>
      <trkpt lat="30.765871" lon="34.955132">
        <ele>233.8</ele>
        <time>2026-03-17T09:12:04.000Z</time>
        <extensions>
          <gpxtpx:TrackPointExtension>
            <gpxtpx:hr>136</gpxtpx:hr>
            <gpxtpx:cad>0</gpxtpx:cad>
            <gpxtpx:atemp>304.65</gpxtpx:atemp>
          </gpxtpx:TrackPointExtension>
        </extensions>
      </trkpt>
      <trkpt lat="30.765887" lon="34.955050">
        <ele>236.3</ele>
        <time>2026-03-17T09:12:13.000Z</time>
        <extensions>
          <gpxtpx:TrackPointExtension>
            <gpxtpx:hr>132</gpxtpx:hr>
            <gpxtpx:cad>0</gpxtpx:cad>
            <gpxtpx:atemp>304.65</gpxtpx:atemp>
          </gpxtpx:TrackPointExtension>
        </extensions>
      </trkpt>
      <trkpt lat="30.765920" lon="34.954990">
        <ele>238.1</ele>
        <time>2026-03-17T09:12:20.000Z</time>
        <extensions>
          <gpxtpx:TrackPointExtension>
            <gpxtpx:hr>136</gpxtpx:hr>
            <gpxtpx:cad>0</gpxtpx:cad>
            <gpxtpx:atemp>304.65</gpxtpx:atemp>
          </gpxtpx:TrackPointExtension>
        </extensions>
      </trkpt>
      <trkpt lat="30.766003" lon="34.954927">
        <ele>240.2</ele>
        <time>2026-03-17T09:12:33.000Z</time>
        <extensions>
          <gpxtpx:TrackPointExtension>
            <gpxtpx:hr>145</gpxtpx:hr>
            <gpxtpx:cad>48</gpxtpx:cad>
            <gpxtpx:atemp>304.65</gpxtpx:atemp>
          </gpxtpx:TrackPointExtension>
        </extensions>
      </trkpt>
      <trkpt lat="30.766024" lon="34.954843">
        <ele>242.6</ele>
        <time>2026-03-17T09:12:42.000Z</time>
        <extensions>
          <gpxtpx:TrackPointExtension>
            <gpxtpx:hr>151</gpxtpx:hr>
            <gpxtpx:cad>0</gpxtpx:cad>
            <gpxtpx:atemp>305.65</gpxtpx:atemp>
          </gpxtpx:TrackPointExtension>
        </extensions>
      </trkpt>
      <trkpt lat="30.766024" lon="34.954761">
        <ele>244.6</ele>
        <time>2026-03-17T09:12:48.000Z</time>
        <extensions>
          <gpxtpx:TrackPointExtension>
            <gpxtpx:hr>155</gpxtpx:hr>
            <gpxtpx:cad>56</gpxtpx:cad>
            <gpxtpx:atemp>305.65</gpxtpx:atemp>
          </gpxtpx:TrackPointExtension>
        </extensions>
      </trkpt>
      <trkpt lat="30.766103" lon="34.954699">
        <ele>246.3</ele>
        <time>2026-03-17T09:12:57.000Z</time>
        <extensions>
          <gpxtpx:TrackPointExtension>
            <gpxtpx:hr>153</gpxtpx:hr>
            <gpxtpx:cad>59</gpxtpx:cad>
            <gpxtpx:atemp>305.65</gpxtpx:atemp>
          </gpxtpx:TrackPointExtension>
        </extensions>
      </trkpt>
      <trkpt lat="30.766154" lon="34.954702">
        <ele>246.3</ele>
        <time>2026-03-17T09:13:01.000Z</time>
        <extensions>
          <gpxtpx:TrackPointExtension>
            <gpxtpx:hr>152</gpxtpx:hr>
            <gpxtpx:cad>59</gpxtpx:cad>
            <gpxtpx:atemp>305.65</gpxtpx:atemp>
          </gpxtpx:TrackPointExtension>
        </extensions>
      </trkpt>
      <trkpt lat="30.766249" lon="34.954736">
        <ele>245.7</ele>
        <time>2026-03-17T09:13:08.000Z</time>
        <extensions>
          <gpxtpx:TrackPointExtension>
            <gpxtpx:hr>151</gpxtpx:hr>
            <gpxtpx:cad>0</gpxtpx:cad>
            <gpxtpx:atemp>305.65</gpxtpx:atemp>
          </gpxtpx:TrackPointExtension>
        </extensions>
      </trkpt>
      <trkpt lat="30.766379" lon="34.954803">
        <ele>244.3</ele>
        <time>2026-03-17T09:13:19.000Z</time>
        <extensions>
          <gpxtpx:TrackPointExtension>
            <gpxtpx:hr>149</gpxtpx:hr>
            <gpxtpx:cad>60</gpxtpx:cad>
            <gpxtpx:atemp>305.65</gpxtpx:atemp>
          </gpxtpx:TrackPointExtension>
        </extensions>
      </trkpt>
      <trkpt lat="30.766433" lon="34.954803">
        <ele>244.3</ele>
        <time>2026-03-17T09:13:24.000Z</time>
        <extensions>
          <gpxtpx:TrackPointExtension>
            <gpxtpx:hr>147</gpxtpx:hr>
            <gpxtpx:cad>57</gpxtpx:cad>
            <gpxtpx:atemp>305.65</gpxtpx:atemp>
          </gpxtpx:TrackPointExtension>
        </extensions>
      </trkpt>
      <trkpt lat="30.766543" lon="34.954772">
        <ele>245.0</ele>
        <time>2026-03-17T09:13:32.000Z</time>
        <extensions>
          <gpxtpx:TrackPointExtension>
            <gpxtpx:hr>148</gpxtpx:hr>
            <gpxtpx:cad>57</gpxtpx:cad>
            <gpxtpx:atemp>304.65</gpxtpx:atemp>
          </gpxtpx:TrackPointExtension>
        </extensions>
      </trkpt>
      <trkpt lat="30.766642" lon="34.954720">
        <ele>246.3</ele>
        <time>2026-03-17T09:13:41.000Z</time>
        <extensions>
          <gpxtpx:TrackPointExtension>
            <gpxtpx:hr>141</gpxtpx:hr>
            <gpxtpx:cad>57</gpxtpx:cad>
            <gpxtpx:atemp>304.65</gpxtpx:atemp>
          </gpxtpx:TrackPointExtension>
        </extensions>
      </trkpt>
      <trkpt lat="30.766702" lon="34.954635">
        <ele>248.0</ele>
        <time>2026-03-17T09:13:48.000Z</time>
        <extensions>
          <gpxtpx:TrackPointExtension>
            <gpxtpx:hr>141</gpxtpx:hr>
            <gpxtpx:cad>59</gpxtpx:cad>
            <gpxtpx:atemp>304.65</gpxtpx:atemp>
          </gpxtpx:TrackPointExtension>
        </extensions>
      </trkpt>
      <trkpt lat="30.766759" lon="34.954584">
        <ele>249.0</ele>
        <time>2026-03-17T09:13:54.000Z</time>
        <extensions>
          <gpxtpx:TrackPointExtension>
            <gpxtpx:hr>141</gpxtpx:hr>
            <gpxtpx:cad>58</gpxtpx:cad>
            <gpxtpx:atemp>304.65</gpxtpx:atemp>
          </gpxtpx:TrackPointExtension>
        </extensions>
      </trkpt>
      <trkpt lat="30.766861" lon="34.954532">
        <ele>250.3</ele>
        <time>2026-03-17T09:14:02.000Z</time>
        <extensions>
          <gpxtpx:TrackPointExtension>
            <gpxtpx:hr>139</gpxtpx:hr>
            <gpxtpx:cad>57</gpxtpx:cad>
            <gpxtpx:atemp>304.65</gpxtpx:atemp>
          </gpxtpx:TrackPointExtension>
        </extensions>
      </trkpt>
      <trkpt lat="30.766977" lon="34.954528">
        <ele>250.7</ele>
        <time>2026-03-17T09:14:13.000Z</time>
        <extensions>
          <gpxtpx:TrackPointExtension>
            <gpxtpx:hr>140</gpxtpx:hr>
            <gpxtpx:cad>58</gpxtpx:cad>
            <gpxtpx:atemp>304.65</gpxtpx:atemp>
          </gpxtpx:TrackPointExtension>
        </extensions>
      </trkpt>
      <trkpt lat="30.767043" lon="34.954541">
        <ele>250.6</ele>
        <time>2026-03-17T09:14:23.000Z</time>
        <extensions>
          <gpxtpx:TrackPointExtension>
            <gpxtpx:hr>144</gpxtpx:hr>
            <gpxtpx:cad>0</gpxtpx:cad>
            <gpxtpx:atemp>304.65</gpxtpx:atemp>
          </gpxtpx:TrackPointExtension>
        </extensions>
      </trkpt>
      <trkpt lat="30.767107" lon="34.954568">
        <ele>250.4</ele>
        <time>2026-03-17T09:14:29.000Z</time>
        <extensions>
          <gpxtpx:TrackPointExtension>
            <gpxtpx:hr>146</gpxtpx:hr>
            <gpxtpx:cad>0</gpxtpx:cad>
            <gpxtpx:atemp>304.65</gpxtpx:atemp>
          </gpxtpx:TrackPointExtension>
        </extensions>
      </trkpt>
      <trkpt lat="30.767234" lon="34.954544">
        <ele>251.2</ele>
        <time>2026-03-17T09:14:39.000Z</time>
        <extensions>
          <gpxtpx:TrackPointExtension>
            <gpxtpx:hr>154</gpxtpx:hr>
            <gpxtpx:cad>0</gpxtpx:cad>
            <gpxtpx:atemp>304.65</gpxtpx:atemp>
          </gpxtpx:TrackPointExtension>
        </extensions>
      </trkpt>
      <trkpt lat="30.767318" lon="34.954473">
        <ele>252.5</ele>
        <time>2026-03-17T09:14:47.000Z</time>
        <extensions>
          <gpxtpx:TrackPointExtension>
            <gpxtpx:hr>156</gpxtpx:hr>
            <gpxtpx:cad>58</gpxtpx:cad>
            <gpxtpx:atemp>304.65</gpxtpx:atemp>
          </gpxtpx:TrackPointExtension>
        </extensions>
      </trkpt>
      <trkpt lat="30.767429" lon="34.954473">
        <ele>252.6</ele>
        <time>2026-03-17T09:14:56.000Z</time>
        <extensions>
          <gpxtpx:TrackPointExtension>
            <gpxtpx:hr>158</gpxtpx:hr>
            <gpxtpx:cad>58</gpxtpx:cad>
            <gpxtpx:atemp>304.65</gpxtpx:atemp>
          </gpxtpx:TrackPointExtension>
        </extensions>
      </trkpt>
      <trkpt lat="30.767579" lon="34.954465">
        <ele>252.7</ele>
        <time>2026-03-17T09:15:07.000Z</time>
        <extensions>
          <gpxtpx:TrackPointExtension>
            <gpxtpx:hr>156</gpxtpx:hr>
            <gpxtpx:cad>58</gpxtpx:cad>
            <gpxtpx:atemp>304.65</gpxtpx:atemp>
          </gpxtpx:TrackPointExtension>
        </extensions>
      </trkpt>
      <trkpt lat="30.767659" lon="34.954443">
        <ele>253.0</ele>
        <time>2026-03-17T09:15:13.000Z</time>
        <extensions>
          <gpxtpx:TrackPointExtension>
            <gpxtpx:hr>155</gpxtpx:hr>
            <gpxtpx:cad>0</gpxtpx:cad>
            <gpxtpx:atemp>304.65</gpxtpx:atemp>
          </gpxtpx:TrackPointExtension>
        </extensions>
      </trkpt>
      <trkpt lat="30.767766" lon="34.954376">
        <ele>253.5</ele>
        <time>2026-03-17T09:15:22.000Z</time>
        <extensions>
          <gpxtpx:TrackPointExtension>
            <gpxtpx:hr>154</gpxtpx:hr>
            <gpxtpx:cad>59</gpxtpx:cad>
            <gpxtpx:atemp>304.65</gpxtpx:atemp>
          </gpxtpx:TrackPointExtension>
        </extensions>
      </trkpt>
      <trkpt lat="30.767813" lon="34.954314">
        <ele>254.3</ele>
        <time>2026-03-17T09:15:28.000Z</time>
        <extensions>
          <gpxtpx:TrackPointExtension>
            <gpxtpx:hr>154</gpxtpx:hr>
            <gpxtpx:cad>0</gpxtpx:cad>
            <gpxtpx:atemp>304.65</gpxtpx:atemp>
          </gpxtpx:TrackPointExtension>
        </extensions>
      </trkpt>
      <trkpt lat="30.767835" lon="34.954206">
        <ele>255.0</ele>
        <time>2026-03-17T09:15:35.000Z</time>
        <extensions>
          <gpxtpx:TrackPointExtension>
            <gpxtpx:hr>154</gpxtpx:hr>
            <gpxtpx:cad>0</gpxtpx:cad>
            <gpxtpx:atemp>304.65</gpxtpx:atemp>
          </gpxtpx:TrackPointExtension>
        </extensions>
      </trkpt>
      <trkpt lat="30.767873" lon="34.954121">
        <ele>255.5</ele>
        <time>2026-03-17T09:15:42.000Z</time>
        <extensions>
          <gpxtpx:TrackPointExtension>
            <gpxtpx:hr>155</gpxtpx:hr>
            <gpxtpx:cad>0</gpxtpx:cad>
            <gpxtpx:atemp>304.65</gpxtpx:atemp>
          </gpxtpx:TrackPointExtension>
        </extensions>
      </trkpt>
      <trkpt lat="30.767855" lon="34.953956">
        <ele>256.5</ele>
        <time>2026-03-17T09:15:53.000Z</time>
        <extensions>
          <gpxtpx:TrackPointExtension>
            <gpxtpx:hr>152</gpxtpx:hr>
            <gpxtpx:cad>56</gpxtpx:cad>
            <gpxtpx:atemp>304.65</gpxtpx:atemp>
          </gpxtpx:TrackPointExtension>
        </extensions>
      </trkpt>
      <trkpt lat="30.767875" lon="34.953768">
        <ele>257.1</ele>
        <time>2026-03-17T09:16:01.000Z</time>
        <extensions>
          <gpxtpx:TrackPointExtension>
            <gpxtpx:hr>148</gpxtpx:hr>
            <gpxtpx:cad>77</gpxtpx:cad>
            <gpxtpx:atemp>304.65</gpxtpx:atemp>
          </gpxtpx:TrackPointExtension>
        </extensions>
      </trkpt>
      <trkpt lat="30.767918" lon="34.953682">
        <ele>257.2</ele>
        <time>2026-03-17T09:16:06.000Z</time>
        <extensions>
          <gpxtpx:TrackPointExtension>
            <gpxtpx:hr>147</gpxtpx:hr>
            <gpxtpx:cad>78</gpxtpx:cad>
            <gpxtpx:atemp>304.65</gpxtpx:atemp>
          </gpxtpx:TrackPointExtension>
        </extensions>
      </trkpt>
      <trkpt lat="30.767932" lon="34.953630">
        <ele>257.3</ele>
        <time>2026-03-17T09:16:09.000Z</time>
        <extensions>
          <gpxtpx:TrackPointExtension>
            <gpxtpx:hr>147</gpxtpx:hr>
            <gpxtpx:cad>76</gpxtpx:cad>
            <gpxtpx:atemp>304.65</gpxtpx:atemp>
          </gpxtpx:TrackPointExtension>
        </extensions>
      </trkpt>
      <trkpt lat="30.767983" lon="34.953541">
        <ele>257.3</ele>
        <time>2026-03-17T09:16:14.000Z</time>
        <extensions>
          <gpxtpx:TrackPointExtension>
            <gpxtpx:hr>147</gpxtpx:hr>
            <gpxtpx:cad>74</gpxtpx:cad>
            <gpxtpx:atemp>304.65</gpxtpx:atemp>
          </gpxtpx:TrackPointExtension>
        </extensions>
      </trkpt>
      <trkpt lat="30.768023" lon="34.953411">
        <ele>257.1</ele>
        <time>2026-03-17T09:16:21.000Z</time>
        <extensions>
          <gpxtpx:TrackPointExtension>
            <gpxtpx:hr>148</gpxtpx:hr>
            <gpxtpx:cad>74</gpxtpx:cad>
            <gpxtpx:atemp>304.65</gpxtpx:atemp>
          </gpxtpx:TrackPointExtension>
        </extensions>
      </trkpt>
      <trkpt lat="30.768080" lon="34.953310">
        <ele>256.6</ele>
        <time>2026-03-17T09:16:27.000Z</time>
        <extensions>
          <gpxtpx:TrackPointExtension>
            <gpxtpx:hr>148</gpxtpx:hr>
            <gpxtpx:cad>74</gpxtpx:cad>
            <gpxtpx:atemp>304.65</gpxtpx:atemp>
          </gpxtpx:TrackPointExtension>
        </extensions>
      </trkpt>
      <trkpt lat="30.768147" lon="34.953249">
        <ele>256.2</ele>
        <time>2026-03-17T09:16:34.000Z</time>
        <extensions>
          <gpxtpx:TrackPointExtension>
            <gpxtpx:hr>151</gpxtpx:hr>
            <gpxtpx:cad>62</gpxtpx:cad>
            <gpxtpx:atemp>304.65</gpxtpx:atemp>
          </gpxtpx:TrackPointExtension>
        </extensions>
      </trkpt>
      <trkpt lat="30.768175" lon="34.953193">
        <ele>256.1</ele>
        <time>2026-03-17T09:16:38.000Z</time>
        <extensions>
          <gpxtpx:TrackPointExtension>
            <gpxtpx:hr>149</gpxtpx:hr>
            <gpxtpx:cad>59</gpxtpx:cad>
            <gpxtpx:atemp>304.65</gpxtpx:atemp>
          </gpxtpx:TrackPointExtension>
        </extensions>
      </trkpt>
      <trkpt lat="30.768248" lon="34.953082">
        <ele>255.3</ele>
        <time>2026-03-17T09:16:44.000Z</time>
        <extensions>
          <gpxtpx:TrackPointExtension>
            <gpxtpx:hr>147</gpxtpx:hr>
            <gpxtpx:cad>75</gpxtpx:cad>
            <gpxtpx:atemp>304.65</gpxtpx:atemp>
          </gpxtpx:TrackPointExtension>
        </extensions>
      </trkpt>
      <trkpt lat="30.768320" lon="34.952984">
        <ele>254.7</ele>
        <time>2026-03-17T09:16:50.000Z</time>
        <extensions>
          <gpxtpx:TrackPointExtension>
            <gpxtpx:hr>147</gpxtpx:hr>
            <gpxtpx:cad>77</gpxtpx:cad>
            <gpxtpx:atemp>304.65</gpxtpx:atemp>
          </gpxtpx:TrackPointExtension>
        </extensions>
      </trkpt>
      <trkpt lat="30.768345" lon="34.952870">
        <ele>254.5</ele>
        <time>2026-03-17T09:16:56.000Z</time>
        <extensions>
          <gpxtpx:TrackPointExtension>
            <gpxtpx:hr>148</gpxtpx:hr>
            <gpxtpx:cad>74</gpxtpx:cad>
            <gpxtpx:atemp>304.65</gpxtpx:atemp>
          </gpxtpx:TrackPointExtension>
        </extensions>
      </trkpt>
      <trkpt lat="30.768407" lon="34.952637">
        <ele>254.2</ele>
        <time>2026-03-17T09:17:06.000Z</time>
        <extensions>
          <gpxtpx:TrackPointExtension>
            <gpxtpx:hr>150</gpxtpx:hr>
            <gpxtpx:cad>76</gpxtpx:cad>
            <gpxtpx:atemp>304.65</gpxtpx:atemp>
          </gpxtpx:TrackPointExtension>
        </extensions>
      </trkpt>
      <trkpt lat="30.768403" lon="34.952588">
        <ele>254.2</ele>
        <time>2026-03-17T09:17:09.000Z</time>
        <extensions>
          <gpxtpx:TrackPointExtension>
            <gpxtpx:hr>151</gpxtpx:hr>
            <gpxtpx:cad>73</gpxtpx:cad>
            <gpxtpx:atemp>304.65</gpxtpx:atemp>
          </gpxtpx:TrackPointExtension>
        </extensions>
      </trkpt>
      <trkpt lat="30.768500" lon="34.952437">
        <ele>253.9</ele>
        <time>2026-03-17T09:17:22.000Z</time>
        <extensions>
          <gpxtpx:TrackPointExtension>
            <gpxtpx:hr>147</gpxtpx:hr>
            <gpxtpx:cad>0</gpxtpx:cad>
            <gpxtpx:atemp>304.65</gpxtpx:atemp>
          </gpxtpx:TrackPointExtension>
        </extensions>
      </trkpt>
      <trkpt lat="30.768516" lon="34.952378">
        <ele>253.8</ele>
        <time>2026-03-17T09:17:26.000Z</time>
        <extensions>
          <gpxtpx:TrackPointExtension>
            <gpxtpx:hr>152</gpxtpx:hr>
            <gpxtpx:cad>57</gpxtpx:cad>
            <gpxtpx:atemp>304.65</gpxtpx:atemp>
          </gpxtpx:TrackPointExtension>
        </extensions>
      </trkpt>
      <trkpt lat="30.768511" lon="34.952248">
        <ele>253.9</ele>
        <time>2026-03-17T09:17:34.000Z</time>
        <extensions>
          <gpxtpx:TrackPointExtension>
            <gpxtpx:hr>152</gpxtpx:hr>
            <gpxtpx:cad>59</gpxtpx:cad>
            <gpxtpx:atemp>304.65</gpxtpx:atemp>
          </gpxtpx:TrackPointExtension>
        </extensions>
      </trkpt>
      <trkpt lat="30.768525" lon="34.952180">
        <ele>253.9</ele>
        <time>2026-03-17T09:17:37.000Z</time>
        <extensions>
          <gpxtpx:TrackPointExtension>
            <gpxtpx:hr>152</gpxtpx:hr>
            <gpxtpx:cad>59</gpxtpx:cad>
            <gpxtpx:atemp>304.65</gpxtpx:atemp>
          </gpxtpx:TrackPointExtension>
        </extensions>
      </trkpt>
      <trkpt lat="30.768591" lon="34.951988">
        <ele>253.9</ele>
        <time>2026-03-17T09:17:46.000Z</time>
        <extensions>
          <gpxtpx:TrackPointExtension>
            <gpxtpx:hr>149</gpxtpx:hr>
            <gpxtpx:cad>76</gpxtpx:cad>
            <gpxtpx:atemp>304.65</gpxtpx:atemp>
          </gpxtpx:TrackPointExtension>
        </extensions>
      </trkpt>
      <trkpt lat="30.768613" lon="34.951874">
        <ele>253.6</ele>
        <time>2026-03-17T09:17:54.000Z</time>
        <extensions>
          <gpxtpx:TrackPointExtension>
            <gpxtpx:hr>148</gpxtpx:hr>
            <gpxtpx:cad>76</gpxtpx:cad>
            <gpxtpx:atemp>304.65</gpxtpx:atemp>
          </gpxtpx:TrackPointExtension>
        </extensions>
      </trkpt>
      <trkpt lat="30.768648" lon="34.951806">
        <ele>253.4</ele>
        <time>2026-03-17T09:17:59.000Z</time>
        <extensions>
          <gpxtpx:TrackPointExtension>
            <gpxtpx:hr>147</gpxtpx:hr>
            <gpxtpx:cad>76</gpxtpx:cad>
            <gpxtpx:atemp>304.65</gpxtpx:atemp>
          </gpxtpx:TrackPointExtension>
        </extensions>
      </trkpt>
      <trkpt lat="30.768665" lon="34.951712">
        <ele>253.3</ele>
        <time>2026-03-17T09:18:05.000Z</time>
        <extensions>
          <gpxtpx:TrackPointExtension>
            <gpxtpx:hr>148</gpxtpx:hr>
            <gpxtpx:cad>58</gpxtpx:cad>
            <gpxtpx:atemp>304.65</gpxtpx:atemp>
          </gpxtpx:TrackPointExtension>
        </extensions>
      </trkpt>
      <trkpt lat="30.768682" lon="34.951560">
        <ele>253.2</ele>
        <time>2026-03-17T09:18:13.000Z</time>
        <extensions>
          <gpxtpx:TrackPointExtension>
            <gpxtpx:hr>148</gpxtpx:hr>
            <gpxtpx:cad>75</gpxtpx:cad>
            <gpxtpx:atemp>304.65</gpxtpx:atemp>
          </gpxtpx:TrackPointExtension>
        </extensions>
      </trkpt>
      <trkpt lat="30.768677" lon="34.951463">
        <ele>253.1</ele>
        <time>2026-03-17T09:18:20.000Z</time>
        <extensions>
          <gpxtpx:TrackPointExtension>
            <gpxtpx:hr>146</gpxtpx:hr>
            <gpxtpx:cad>60</gpxtpx:cad>
            <gpxtpx:atemp>305.65</gpxtpx:atemp>
          </gpxtpx:TrackPointExtension>
        </extensions>
      </trkpt>
      <trkpt lat="30.768716" lon="34.951423">
        <ele>252.8</ele>
        <time>2026-03-17T09:18:24.000Z</time>
        <extensions>
          <gpxtpx:TrackPointExtension>
            <gpxtpx:hr>144</gpxtpx:hr>
            <gpxtpx:cad>57</gpxtpx:cad>
            <gpxtpx:atemp>305.65</gpxtpx:atemp>
          </gpxtpx:TrackPointExtension>
        </extensions>
      </trkpt>
      <trkpt lat="30.768636" lon="34.951319">
        <ele>253.0</ele>
        <time>2026-03-17T09:18:36.000Z</time>
        <extensions>
          <gpxtpx:TrackPointExtension>
            <gpxtpx:hr>140</gpxtpx:hr>
            <gpxtpx:cad>61</gpxtpx:cad>
            <gpxtpx:atemp>305.65</gpxtpx:atemp>
          </gpxtpx:TrackPointExtension>
        </extensions>
      </trkpt>
      <trkpt lat="30.768529" lon="34.951257">
        <ele>253.6</ele>
        <time>2026-03-17T09:18:46.000Z</time>
        <extensions>
          <gpxtpx:TrackPointExtension>
            <gpxtpx:hr>137</gpxtpx:hr>
            <gpxtpx:cad>61</gpxtpx:cad>
            <gpxtpx:atemp>305.65</gpxtpx:atemp>
          </gpxtpx:TrackPointExtension>
        </extensions>
      </trkpt>
      <trkpt lat="30.768558" lon="34.951159">
        <ele>253.4</ele>
        <time>2026-03-17T09:18:52.000Z</time>
        <extensions>
          <gpxtpx:TrackPointExtension>
            <gpxtpx:hr>138</gpxtpx:hr>
            <gpxtpx:cad>61</gpxtpx:cad>
            <gpxtpx:atemp>305.65</gpxtpx:atemp>
          </gpxtpx:TrackPointExtension>
        </extensions>
      </trkpt>
      <trkpt lat="30.768631" lon="34.951038">
        <ele>252.9</ele>
        <time>2026-03-17T09:18:59.000Z</time>
        <extensions>
          <gpxtpx:TrackPointExtension>
            <gpxtpx:hr>138</gpxtpx:hr>
            <gpxtpx:cad>76</gpxtpx:cad>
            <gpxtpx:atemp>305.65</gpxtpx:atemp>
          </gpxtpx:TrackPointExtension>
        </extensions>
      </trkpt>
      <trkpt lat="30.768645" lon="34.950968">
        <ele>252.7</ele>
        <time>2026-03-17T09:19:02.000Z</time>
        <extensions>
          <gpxtpx:TrackPointExtension>
            <gpxtpx:hr>139</gpxtpx:hr>
            <gpxtpx:cad>75</gpxtpx:cad>
            <gpxtpx:atemp>305.65</gpxtpx:atemp>
          </gpxtpx:TrackPointExtension>
        </extensions>
      </trkpt>
      <trkpt lat="30.768647" lon="34.950839">
        <ele>252.3</ele>
        <time>2026-03-17T09:19:10.000Z</time>
        <extensions>
          <gpxtpx:TrackPointExtension>
            <gpxtpx:hr>142</gpxtpx:hr>
            <gpxtpx:cad>78</gpxtpx:cad>
            <gpxtpx:atemp>305.65</gpxtpx:atemp>
          </gpxtpx:TrackPointExtension>
        </extensions>
      </trkpt>
      <trkpt lat="30.768638" lon="34.950689">
        <ele>251.8</ele>
        <time>2026-03-17T09:19:18.000Z</time>
        <extensions>
          <gpxtpx:TrackPointExtension>
            <gpxtpx:hr>143</gpxtpx:hr>
            <gpxtpx:cad>72</gpxtpx:cad>
            <gpxtpx:atemp>305.65</gpxtpx:atemp>
          </gpxtpx:TrackPointExtension>
        </extensions>
      </trkpt>
      <trkpt lat="30.768675" lon="34.950555">
        <ele>251.5</ele>
        <time>2026-03-17T09:19:27.000Z</time>
        <extensions>
          <gpxtpx:TrackPointExtension>
            <gpxtpx:hr>144</gpxtpx:hr>
            <gpxtpx:cad>61</gpxtpx:cad>
            <gpxtpx:atemp>305.65</gpxtpx:atemp>
          </gpxtpx:TrackPointExtension>
        </extensions>
      </trkpt>
      <trkpt lat="30.768737" lon="34.950401">
        <ele>251.1</ele>
        <time>2026-03-17T09:19:37.000Z</time>
        <extensions>
          <gpxtpx:TrackPointExtension>
            <gpxtpx:hr>146</gpxtpx:hr>
            <gpxtpx:cad>0</gpxtpx:cad>
            <gpxtpx:atemp>305.65</gpxtpx:atemp>
          </gpxtpx:TrackPointExtension>
        </extensions>
      </trkpt>
      <trkpt lat="30.768759" lon="34.950301">
        <ele>251.0</ele>
        <time>2026-03-17T09:19:43.000Z</time>
        <extensions>
          <gpxtpx:TrackPointExtension>
            <gpxtpx:hr>147</gpxtpx:hr>
            <gpxtpx:cad>0</gpxtpx:cad>
            <gpxtpx:atemp>306.65</gpxtpx:atemp>
          </gpxtpx:TrackPointExtension>
        </extensions>
      </trkpt>
      <trkpt lat="30.768783" lon="34.950254">
        <ele>250.8</ele>
        <time>2026-03-17T09:19:47.000Z</time>
        <extensions>
          <gpxtpx:TrackPointExtension>
            <gpxtpx:hr>148</gpxtpx:hr>
            <gpxtpx:cad>0</gpxtpx:cad>
            <gpxtpx:atemp>306.65</gpxtpx:atemp>
          </gpxtpx:TrackPointExtension>
        </extensions>
      </trkpt>
      <trkpt lat="30.768804" lon="34.950103">
        <ele>250.6</ele>
        <time>2026-03-17T09:19:58.000Z</time>
        <extensions>
          <gpxtpx:TrackPointExtension>
            <gpxtpx:hr>148</gpxtpx:hr>
            <gpxtpx:cad>59</gpxtpx:cad>
            <gpxtpx:atemp>306.65</gpxtpx:atemp>
          </gpxtpx:TrackPointExtension>
        </extensions>
      </trkpt>
      <trkpt lat="30.768767" lon="34.949991">
        <ele>250.9</ele>
        <time>2026-03-17T09:20:07.000Z</time>
        <extensions>
          <gpxtpx:TrackPointExtension>
            <gpxtpx:hr>151</gpxtpx:hr>
            <gpxtpx:cad>58</gpxtpx:cad>
            <gpxtpx:atemp>306.65</gpxtpx:atemp>
          </gpxtpx:TrackPointExtension>
        </extensions>
      </trkpt>
      <trkpt lat="30.768716" lon="34.949891">
        <ele>251.4</ele>
        <time>2026-03-17T09:20:15.000Z</time>
        <extensions>
          <gpxtpx:TrackPointExtension>
            <gpxtpx:hr>152</gpxtpx:hr>
            <gpxtpx:cad>58</gpxtpx:cad>
            <gpxtpx:atemp>306.65</gpxtpx:atemp>
          </gpxtpx:TrackPointExtension>
        </extensions>
      </trkpt>
      <trkpt lat="30.768644" lon="34.949739">
        <ele>252.6</ele>
        <time>2026-03-17T09:20:26.000Z</time>
        <extensions>
          <gpxtpx:TrackPointExtension>
            <gpxtpx:hr>156</gpxtpx:hr>
            <gpxtpx:cad>59</gpxtpx:cad>
            <gpxtpx:atemp>306.65</gpxtpx:atemp>
          </gpxtpx:TrackPointExtension>
        </extensions>
      </trkpt>
      <trkpt lat="30.768608" lon="34.949632">
        <ele>253.4</ele>
        <time>2026-03-17T09:20:33.000Z</time>
        <extensions>
          <gpxtpx:TrackPointExtension>
            <gpxtpx:hr>156</gpxtpx:hr>
            <gpxtpx:cad>58</gpxtpx:cad>
            <gpxtpx:atemp>306.65</gpxtpx:atemp>
          </gpxtpx:TrackPointExtension>
        </extensions>
      </trkpt>
      <trkpt lat="30.768577" lon="34.949495">
        <ele>254.2</ele>
        <time>2026-03-17T09:20:42.000Z</time>
        <extensions>
          <gpxtpx:TrackPointExtension>
            <gpxtpx:hr>157</gpxtpx:hr>
            <gpxtpx:cad>60</gpxtpx:cad>
            <gpxtpx:atemp>306.65</gpxtpx:atemp>
          </gpxtpx:TrackPointExtension>
        </extensions>
      </trkpt>
      <trkpt lat="30.768560" lon="34.949435">
        <ele>254.6</ele>
        <time>2026-03-17T09:20:46.000Z</time>
        <extensions>
          <gpxtpx:TrackPointExtension>
            <gpxtpx:hr>156</gpxtpx:hr>
            <gpxtpx:cad>58</gpxtpx:cad>
            <gpxtpx:atemp>306.65</gpxtpx:atemp>
          </gpxtpx:TrackPointExtension>
        </extensions>
      </trkpt>
      <trkpt lat="30.768510" lon="34.949336">
        <ele>255.5</ele>
        <time>2026-03-17T09:20:54.000Z</time>
        <extensions>
          <gpxtpx:TrackPointExtension>
            <gpxtpx:hr>154</gpxtpx:hr>
            <gpxtpx:cad>58</gpxtpx:cad>
            <gpxtpx:atemp>307.65</gpxtpx:atemp>
          </gpxtpx:TrackPointExtension>
        </extensions>
      </trkpt>
      <trkpt lat="30.768536" lon="34.949207">
        <ele>255.7</ele>
        <time>2026-03-17T09:21:03.000Z</time>
        <extensions>
          <gpxtpx:TrackPointExtension>
            <gpxtpx:hr>151</gpxtpx:hr>
            <gpxtpx:cad>64</gpxtpx:cad>
            <gpxtpx:atemp>307.65</gpxtpx:atemp>
          </gpxtpx:TrackPointExtension>
        </extensions>
      </trkpt>
      <trkpt lat="30.768564" lon="34.949112">
        <ele>255.7</ele>
        <time>2026-03-17T09:21:13.000Z</time>
        <extensions>
          <gpxtpx:TrackPointExtension>
            <gpxtpx:hr>151</gpxtpx:hr>
            <gpxtpx:cad>58</gpxtpx:cad>
            <gpxtpx:atemp>307.65</gpxtpx:atemp>
          </gpxtpx:TrackPointExtension>
        </extensions>
      </trkpt>
      <trkpt lat="30.768600" lon="34.948967">
        <ele>255.8</ele>
        <time>2026-03-17T09:21:26.000Z</time>
        <extensions>
          <gpxtpx:TrackPointExtension>
            <gpxtpx:hr>154</gpxtpx:hr>
            <gpxtpx:cad>57</gpxtpx:cad>
            <gpxtpx:atemp>307.65</gpxtpx:atemp>
          </gpxtpx:TrackPointExtension>
        </extensions>
      </trkpt>
      <trkpt lat="30.768633" lon="34.948877">
        <ele>255.8</ele>
        <time>2026-03-17T09:21:34.000Z</time>
        <extensions>
          <gpxtpx:TrackPointExtension>
            <gpxtpx:hr>158</gpxtpx:hr>
            <gpxtpx:cad>57</gpxtpx:cad>
            <gpxtpx:atemp>307.65</gpxtpx:atemp>
          </gpxtpx:TrackPointExtension>
        </extensions>
      </trkpt>
      <trkpt lat="30.768623" lon="34.948731">
        <ele>256.4</ele>
        <time>2026-03-17T09:21:44.000Z</time>
        <extensions>
          <gpxtpx:TrackPointExtension>
            <gpxtpx:hr>159</gpxtpx:hr>
            <gpxtpx:cad>72</gpxtpx:cad>
            <gpxtpx:atemp>307.65</gpxtpx:atemp>
          </gpxtpx:TrackPointExtension>
        </extensions>
      </trkpt>
      <trkpt lat="30.768654" lon="34.948586">
        <ele>256.4</ele>
        <time>2026-03-17T09:21:54.000Z</time>
        <extensions>
          <gpxtpx:TrackPointExtension>
            <gpxtpx:hr>159</gpxtpx:hr>
            <gpxtpx:cad>0</gpxtpx:cad>
            <gpxtpx:atemp>307.65</gpxtpx:atemp>
          </gpxtpx:TrackPointExtension>
        </extensions>
      </trkpt>
      <trkpt lat="30.768716" lon="34.948513">
        <ele>256.1</ele>
        <time>2026-03-17T09:22:02.000Z</time>
        <extensions>
          <gpxtpx:TrackPointExtension>
            <gpxtpx:hr>159</gpxtpx:hr>
            <gpxtpx:cad>61</gpxtpx:cad>
            <gpxtpx:atemp>307.65</gpxtpx:atemp>
          </gpxtpx:TrackPointExtension>
        </extensions>
      </trkpt>
      <trkpt lat="30.768739" lon="34.948401">
        <ele>256.3</ele>
        <time>2026-03-17T09:22:09.000Z</time>
        <extensions>
          <gpxtpx:TrackPointExtension>
            <gpxtpx:hr>159</gpxtpx:hr>
            <gpxtpx:cad>0</gpxtpx:cad>
            <gpxtpx:atemp>307.65</gpxtpx:atemp>
          </gpxtpx:TrackPointExtension>
        </extensions>
      </trkpt>
      <trkpt lat="30.768765" lon="34.948344">
        <ele>256.5</ele>
        <time>2026-03-17T09:22:12.000Z</time>
        <extensions>
          <gpxtpx:TrackPointExtension>
            <gpxtpx:hr>160</gpxtpx:hr>
            <gpxtpx:cad>77</gpxtpx:cad>
            <gpxtpx:atemp>307.65</gpxtpx:atemp>
          </gpxtpx:TrackPointExtension>
        </extensions>
      </trkpt>
      <trkpt lat="30.768821" lon="34.948266">
        <ele>256.9</ele>
        <time>2026-03-17T09:22:17.000Z</time>
        <extensions>
          <gpxtpx:TrackPointExtension>
            <gpxtpx:hr>160</gpxtpx:hr>
            <gpxtpx:cad>76</gpxtpx:cad>
            <gpxtpx:atemp>307.65</gpxtpx:atemp>
          </gpxtpx:TrackPointExtension>
        </extensions>
      </trkpt>
      <trkpt lat="30.768813" lon="34.948121">
        <ele>257.5</ele>
        <time>2026-03-17T09:22:27.000Z</time>
        <extensions>
          <gpxtpx:TrackPointExtension>
            <gpxtpx:hr>160</gpxtpx:hr>
            <gpxtpx:cad>80</gpxtpx:cad>
            <gpxtpx:atemp>307.65</gpxtpx:atemp>
          </gpxtpx:TrackPointExtension>
        </extensions>
      </trkpt>
      <trkpt lat="30.768886" lon="34.948038">
        <ele>258.1</ele>
        <time>2026-03-17T09:22:34.000Z</time>
        <extensions>
          <gpxtpx:TrackPointExtension>
            <gpxtpx:hr>160</gpxtpx:hr>
            <gpxtpx:cad>71</gpxtpx:cad>
            <gpxtpx:atemp>307.65</gpxtpx:atemp>
          </gpxtpx:TrackPointExtension>
        </extensions>
      </trkpt>
      <trkpt lat="30.768914" lon="34.947983">
        <ele>258.4</ele>
        <time>2026-03-17T09:22:38.000Z</time>
        <extensions>
          <gpxtpx:TrackPointExtension>
            <gpxtpx:hr>160</gpxtpx:hr>
            <gpxtpx:cad>72</gpxtpx:cad>
            <gpxtpx:atemp>307.65</gpxtpx:atemp>
          </gpxtpx:TrackPointExtension>
        </extensions>
      </trkpt>
      <trkpt lat="30.769004" lon="34.947763">
        <ele>259.5</ele>
        <time>2026-03-17T09:22:50.000Z</time>
        <extensions>
          <gpxtpx:TrackPointExtension>
            <gpxtpx:hr>159</gpxtpx:hr>
            <gpxtpx:cad>75</gpxtpx:cad>
            <gpxtpx:atemp>307.65</gpxtpx:atemp>
          </gpxtpx:TrackPointExtension>
        </extensions>
      </trkpt>
      <trkpt lat="30.769058" lon="34.947636">
        <ele>260.4</ele>
        <time>2026-03-17T09:22:57.000Z</time>
        <extensions>
          <gpxtpx:TrackPointExtension>
            <gpxtpx:hr>160</gpxtpx:hr>
            <gpxtpx:cad>74</gpxtpx:cad>
            <gpxtpx:atemp>307.65</gpxtpx:atemp>
          </gpxtpx:TrackPointExtension>
        </extensions>
      </trkpt>
      <trkpt lat="30.769063" lon="34.947558">
        <ele>260.7</ele>
        <time>2026-03-17T09:23:01.000Z</time>
        <extensions>
          <gpxtpx:TrackPointExtension>
            <gpxtpx:hr>159</gpxtpx:hr>
            <gpxtpx:cad>74</gpxtpx:cad>
            <gpxtpx:atemp>307.65</gpxtpx:atemp>
          </gpxtpx:TrackPointExtension>
        </extensions>
      </trkpt>
      <trkpt lat="30.769106" lon="34.947419">
        <ele>261.5</ele>
        <time>2026-03-17T09:23:08.000Z</time>
        <extensions>
          <gpxtpx:TrackPointExtension>
            <gpxtpx:hr>159</gpxtpx:hr>
            <gpxtpx:cad>77</gpxtpx:cad>
            <gpxtpx:atemp>307.65</gpxtpx:atemp>
          </gpxtpx:TrackPointExtension>
        </extensions>
      </trkpt>
      <trkpt lat="30.769177" lon="34.947286">
        <ele>261.8</ele>
        <time>2026-03-17T09:23:15.000Z</time>
        <extensions>
          <gpxtpx:TrackPointExtension>
            <gpxtpx:hr>157</gpxtpx:hr>
            <gpxtpx:cad>76</gpxtpx:cad>
            <gpxtpx:atemp>307.65</gpxtpx:atemp>
          </gpxtpx:TrackPointExtension>
        </extensions>
      </trkpt>
      <trkpt lat="30.769248" lon="34.947118">
        <ele>261.7</ele>
        <time>2026-03-17T09:23:26.000Z</time>
        <extensions>
          <gpxtpx:TrackPointExtension>
            <gpxtpx:hr>157</gpxtpx:hr>
            <gpxtpx:cad>77</gpxtpx:cad>
            <gpxtpx:atemp>308.65</gpxtpx:atemp>
          </gpxtpx:TrackPointExtension>
        </extensions>
      </trkpt>
      <trkpt lat="30.769251" lon="34.947034">
        <ele>261.3</ele>
        <time>2026-03-17T09:23:33.000Z</time>
        <extensions>
          <gpxtpx:TrackPointExtension>
            <gpxtpx:hr>155</gpxtpx:hr>
            <gpxtpx:cad>57</gpxtpx:cad>
            <gpxtpx:atemp>308.65</gpxtpx:atemp>
          </gpxtpx:TrackPointExtension>
        </extensions>
      </trkpt>
      <trkpt lat="30.769321" lon="34.946933">
        <ele>261.0</ele>
        <time>2026-03-17T09:23:43.000Z</time>
        <extensions>
          <gpxtpx:TrackPointExtension>
            <gpxtpx:hr>152</gpxtpx:hr>
            <gpxtpx:cad>0</gpxtpx:cad>
            <gpxtpx:atemp>308.65</gpxtpx:atemp>
          </gpxtpx:TrackPointExtension>
        </extensions>
      </trkpt>
      <trkpt lat="30.769393" lon="34.946934">
        <ele>261.4</ele>
        <time>2026-03-17T09:24:01.000Z</time>
        <extensions>
          <gpxtpx:TrackPointExtension>
            <gpxtpx:hr>148</gpxtpx:hr>
            <gpxtpx:cad>0</gpxtpx:cad>
            <gpxtpx:atemp>307.65</gpxtpx:atemp>
          </gpxtpx:TrackPointExtension>
        </extensions>
      </trkpt>
      <trkpt lat="30.769455" lon="34.946992">
        <ele>262.2</ele>
        <time>2026-03-17T09:24:12.000Z</time>
        <extensions>
          <gpxtpx:TrackPointExtension>
            <gpxtpx:hr>150</gpxtpx:hr>
            <gpxtpx:cad>46</gpxtpx:cad>
            <gpxtpx:atemp>307.65</gpxtpx:atemp>
          </gpxtpx:TrackPointExtension>
        </extensions>
      </trkpt>
      <trkpt lat="30.769546" lon="34.946995">
        <ele>262.8</ele>
        <time>2026-03-17T09:24:23.000Z</time>
        <extensions>
          <gpxtpx:TrackPointExtension>
            <gpxtpx:hr>152</gpxtpx:hr>
            <gpxtpx:cad>47</gpxtpx:cad>
            <gpxtpx:atemp>307.65</gpxtpx:atemp>
          </gpxtpx:TrackPointExtension>
        </extensions>
      </trkpt>
      <trkpt lat="30.769671" lon="34.947005">
        <ele>263.7</ele>
        <time>2026-03-17T09:24:40.000Z</time>
        <extensions>
          <gpxtpx:TrackPointExtension>
            <gpxtpx:hr>153</gpxtpx:hr>
            <gpxtpx:cad>0</gpxtpx:cad>
            <gpxtpx:atemp>307.65</gpxtpx:atemp>
          </gpxtpx:TrackPointExtension>
        </extensions>
      </trkpt>
      <trkpt lat="30.769762" lon="34.947028">
        <ele>264.6</ele>
        <time>2026-03-17T09:24:51.000Z</time>
        <extensions>
          <gpxtpx:TrackPointExtension>
            <gpxtpx:hr>159</gpxtpx:hr>
            <gpxtpx:cad>47</gpxtpx:cad>
            <gpxtpx:atemp>307.65</gpxtpx:atemp>
          </gpxtpx:TrackPointExtension>
        </extensions>
      </trkpt>
      <trkpt lat="30.769848" lon="34.947121">
        <ele>266.3</ele>
        <time>2026-03-17T09:25:06.000Z</time>
        <extensions>
          <gpxtpx:TrackPointExtension>
            <gpxtpx:hr>162</gpxtpx:hr>
            <gpxtpx:cad>47</gpxtpx:cad>
            <gpxtpx:atemp>307.65</gpxtpx:atemp>
          </gpxtpx:TrackPointExtension>
        </extensions>
      </trkpt>
      <trkpt lat="30.769864" lon="34.947297">
        <ele>268.3</ele>
        <time>2026-03-17T09:25:21.000Z</time>
        <extensions>
          <gpxtpx:TrackPointExtension>
            <gpxtpx:hr>162</gpxtpx:hr>
            <gpxtpx:cad>50</gpxtpx:cad>
            <gpxtpx:atemp>307.65</gpxtpx:atemp>
          </gpxtpx:TrackPointExtension>
        </extensions>
      </trkpt>
      <trkpt lat="30.769874" lon="34.947347">
        <ele>268.9</ele>
        <time>2026-03-17T09:25:27.000Z</time>
        <extensions>
          <gpxtpx:TrackPointExtension>
            <gpxtpx:hr>161</gpxtpx:hr>
            <gpxtpx:cad>48</gpxtpx:cad>
            <gpxtpx:atemp>307.65</gpxtpx:atemp>
          </gpxtpx:TrackPointExtension>
        </extensions>
      </trkpt>
      <trkpt lat="30.769863" lon="34.947477">
        <ele>269.9</ele>
        <time>2026-03-17T09:25:48.000Z</time>
        <extensions>
          <gpxtpx:TrackPointExtension>
            <gpxtpx:hr>164</gpxtpx:hr>
            <gpxtpx:cad>0</gpxtpx:cad>
            <gpxtpx:atemp>307.65</gpxtpx:atemp>
          </gpxtpx:TrackPointExtension>
        </extensions>
      </trkpt>
      <trkpt lat="30.769840" lon="34.947577">
        <ele>270.3</ele>
        <time>2026-03-17T09:27:08.000Z</time>
        <extensions>
          <gpxtpx:TrackPointExtension>
            <gpxtpx:hr>140</gpxtpx:hr>
            <gpxtpx:cad>0</gpxtpx:cad>
            <gpxtpx:atemp>307.65</gpxtpx:atemp>
          </gpxtpx:TrackPointExtension>
        </extensions>
      </trkpt>
      <trkpt lat="30.769897" lon="34.947692">
        <ele>271.6</ele>
        <time>2026-03-17T09:27:26.000Z</time>
        <extensions>
          <gpxtpx:TrackPointExtension>
            <gpxtpx:hr>138</gpxtpx:hr>
            <gpxtpx:cad>0</gpxtpx:cad>
            <gpxtpx:atemp>307.65</gpxtpx:atemp>
          </gpxtpx:TrackPointExtension>
        </extensions>
      </trkpt>
      <trkpt lat="30.769931" lon="34.947835">
        <ele>272.5</ele>
        <time>2026-03-17T09:27:46.000Z</time>
        <extensions>
          <gpxtpx:TrackPointExtension>
            <gpxtpx:hr>144</gpxtpx:hr>
            <gpxtpx:cad>43</gpxtpx:cad>
            <gpxtpx:atemp>307.65</gpxtpx:atemp>
          </gpxtpx:TrackPointExtension>
        </extensions>
      </trkpt>
      <trkpt lat="30.770057" lon="34.947899">
        <ele>274.1</ele>
        <time>2026-03-17T09:28:02.000Z</time>
        <extensions>
          <gpxtpx:TrackPointExtension>
            <gpxtpx:hr>148</gpxtpx:hr>
            <gpxtpx:cad>47</gpxtpx:cad>
            <gpxtpx:atemp>307.65</gpxtpx:atemp>
          </gpxtpx:TrackPointExtension>
        </extensions>
      </trkpt>
      <trkpt lat="30.770166" lon="34.948017">
        <ele>275.0</ele>
        <time>2026-03-17T09:28:16.000Z</time>
        <extensions>
          <gpxtpx:TrackPointExtension>
            <gpxtpx:hr>150</gpxtpx:hr>
            <gpxtpx:cad>52</gpxtpx:cad>
            <gpxtpx:atemp>306.65</gpxtpx:atemp>
          </gpxtpx:TrackPointExtension>
        </extensions>
      </trkpt>
      <trkpt lat="30.770292" lon="34.948176">
        <ele>275.5</ele>
        <time>2026-03-17T09:28:32.000Z</time>
        <extensions>
          <gpxtpx:TrackPointExtension>
            <gpxtpx:hr>142</gpxtpx:hr>
            <gpxtpx:cad>53</gpxtpx:cad>
            <gpxtpx:atemp>306.65</gpxtpx:atemp>
          </gpxtpx:TrackPointExtension>
        </extensions>
      </trkpt>
      <trkpt lat="30.770328" lon="34.948252">
        <ele>275.3</ele>
        <time>2026-03-17T09:28:39.000Z</time>
        <extensions>
          <gpxtpx:TrackPointExtension>
            <gpxtpx:hr>139</gpxtpx:hr>
            <gpxtpx:cad>56</gpxtpx:cad>
            <gpxtpx:atemp>306.65</gpxtpx:atemp>
          </gpxtpx:TrackPointExtension>
        </extensions>
      </trkpt>
      <trkpt lat="30.770391" lon="34.948291">
        <ele>275.5</ele>
        <time>2026-03-17T09:28:45.000Z</time>
        <extensions>
          <gpxtpx:TrackPointExtension>
            <gpxtpx:hr>131</gpxtpx:hr>
            <gpxtpx:cad>53</gpxtpx:cad>
            <gpxtpx:atemp>306.65</gpxtpx:atemp>
          </gpxtpx:TrackPointExtension>
        </extensions>
      </trkpt>
      <trkpt lat="30.770493" lon="34.948353">
        <ele>275.0</ele>
        <time>2026-03-17T09:28:56.000Z</time>
        <extensions>
          <gpxtpx:TrackPointExtension>
            <gpxtpx:hr>127</gpxtpx:hr>
            <gpxtpx:cad>54</gpxtpx:cad>
            <gpxtpx:atemp>306.65</gpxtpx:atemp>
          </gpxtpx:TrackPointExtension>
        </extensions>
      </trkpt>
      <trkpt lat="30.770630" lon="34.948358">
        <ele>274.3</ele>
        <time>2026-03-17T09:29:08.000Z</time>
        <extensions>
          <gpxtpx:TrackPointExtension>
            <gpxtpx:hr>125</gpxtpx:hr>
            <gpxtpx:cad>53</gpxtpx:cad>
            <gpxtpx:atemp>306.65</gpxtpx:atemp>
          </gpxtpx:TrackPointExtension>
        </extensions>
      </trkpt>
      <trkpt lat="30.770796" lon="34.948386">
        <ele>273.3</ele>
        <time>2026-03-17T09:29:19.000Z</time>
        <extensions>
          <gpxtpx:TrackPointExtension>
            <gpxtpx:hr>124</gpxtpx:hr>
            <gpxtpx:cad>72</gpxtpx:cad>
            <gpxtpx:atemp>306.65</gpxtpx:atemp>
          </gpxtpx:TrackPointExtension>
        </extensions>
      </trkpt>
      <trkpt lat="30.770877" lon="34.948414">
        <ele>272.7</ele>
        <time>2026-03-17T09:29:25.000Z</time>
        <extensions>
          <gpxtpx:TrackPointExtension>
            <gpxtpx:hr>125</gpxtpx:hr>
            <gpxtpx:cad>65</gpxtpx:cad>
            <gpxtpx:atemp>306.65</gpxtpx:atemp>
          </gpxtpx:TrackPointExtension>
        </extensions>
      </trkpt>
      <trkpt lat="30.771028" lon="34.948402">
        <ele>271.3</ele>
        <time>2026-03-17T09:29:35.000Z</time>
        <extensions>
          <gpxtpx:TrackPointExtension>
            <gpxtpx:hr>126</gpxtpx:hr>
            <gpxtpx:cad>68</gpxtpx:cad>
            <gpxtpx:atemp>306.65</gpxtpx:atemp>
          </gpxtpx:TrackPointExtension>
        </extensions>
      </trkpt>
      <trkpt lat="30.771172" lon="34.948455">
        <ele>269.8</ele>
        <time>2026-03-17T09:29:44.000Z</time>
        <extensions>
          <gpxtpx:TrackPointExtension>
            <gpxtpx:hr>125</gpxtpx:hr>
            <gpxtpx:cad>72</gpxtpx:cad>
            <gpxtpx:atemp>305.65</gpxtpx:atemp>
          </gpxtpx:TrackPointExtension>
        </extensions>
      </trkpt>
      <trkpt lat="30.771302" lon="34.948435">
        <ele>268.5</ele>
        <time>2026-03-17T09:29:52.000Z</time>
        <extensions>
          <gpxtpx:TrackPointExtension>
            <gpxtpx:hr>130</gpxtpx:hr>
            <gpxtpx:cad>73</gpxtpx:cad>
            <gpxtpx:atemp>305.65</gpxtpx:atemp>
          </gpxtpx:TrackPointExtension>
        </extensions>
      </trkpt>
      <trkpt lat="30.771446" lon="34.948400">
        <ele>267.1</ele>
        <time>2026-03-17T09:30:01.000Z</time>
        <extensions>
          <gpxtpx:TrackPointExtension>
            <gpxtpx:hr>134</gpxtpx:hr>
            <gpxtpx:cad>72</gpxtpx:cad>
            <gpxtpx:atemp>305.65</gpxtpx:atemp>
          </gpxtpx:TrackPointExtension>
        </extensions>
      </trkpt>
      <trkpt lat="30.771598" lon="34.948385">
        <ele>265.9</ele>
        <time>2026-03-17T09:30:09.000Z</time>
        <extensions>
          <gpxtpx:TrackPointExtension>
            <gpxtpx:hr>135</gpxtpx:hr>
            <gpxtpx:cad>76</gpxtpx:cad>
            <gpxtpx:atemp>305.65</gpxtpx:atemp>
          </gpxtpx:TrackPointExtension>
        </extensions>
      </trkpt>
      <trkpt lat="30.771653" lon="34.948369">
        <ele>265.4</ele>
        <time>2026-03-17T09:30:12.000Z</time>
        <extensions>
          <gpxtpx:TrackPointExtension>
            <gpxtpx:hr>135</gpxtpx:hr>
            <gpxtpx:cad>76</gpxtpx:cad>
            <gpxtpx:atemp>305.65</gpxtpx:atemp>
          </gpxtpx:TrackPointExtension>
        </extensions>
      </trkpt>
      <trkpt lat="30.771743" lon="34.948370">
        <ele>264.7</ele>
        <time>2026-03-17T09:30:17.000Z</time>
        <extensions>
          <gpxtpx:TrackPointExtension>
            <gpxtpx:hr>137</gpxtpx:hr>
            <gpxtpx:cad>75</gpxtpx:cad>
            <gpxtpx:atemp>305.65</gpxtpx:atemp>
          </gpxtpx:TrackPointExtension>
        </extensions>
      </trkpt>
      <trkpt lat="30.771887" lon="34.948351">
        <ele>263.5</ele>
        <time>2026-03-17T09:30:26.000Z</time>
        <extensions>
          <gpxtpx:TrackPointExtension>
            <gpxtpx:hr>139</gpxtpx:hr>
            <gpxtpx:cad>76</gpxtpx:cad>
            <gpxtpx:atemp>305.65</gpxtpx:atemp>
          </gpxtpx:TrackPointExtension>
        </extensions>
      </trkpt>
      <trkpt lat="30.771941" lon="34.948337">
        <ele>263.1</ele>
        <time>2026-03-17T09:30:29.000Z</time>
        <extensions>
          <gpxtpx:TrackPointExtension>
            <gpxtpx:hr>139</gpxtpx:hr>
            <gpxtpx:cad>74</gpxtpx:cad>
            <gpxtpx:atemp>305.65</gpxtpx:atemp>
          </gpxtpx:TrackPointExtension>
        </extensions>
      </trkpt>
      <trkpt lat="30.772073" lon="34.948277">
        <ele>261.7</ele>
        <time>2026-03-17T09:30:37.000Z</time>
        <extensions>
          <gpxtpx:TrackPointExtension>
            <gpxtpx:hr>141</gpxtpx:hr>
            <gpxtpx:cad>74</gpxtpx:cad>
            <gpxtpx:atemp>304.65</gpxtpx:atemp>
          </gpxtpx:TrackPointExtension>
        </extensions>
      </trkpt>
      <trkpt lat="30.772091" lon="34.948276">
        <ele>261.6</ele>
        <time>2026-03-17T09:30:38.000Z</time>
        <extensions>
          <gpxtpx:TrackPointExtension>
            <gpxtpx:hr>141</gpxtpx:hr>
            <gpxtpx:cad>74</gpxtpx:cad>
            <gpxtpx:atemp>304.65</gpxtpx:atemp>
          </gpxtpx:TrackPointExtension>
        </extensions>
      </trkpt>
      <trkpt lat="30.772232" lon="34.948194">
        <ele>260.5</ele>
        <time>2026-03-17T09:30:46.000Z</time>
        <extensions>
          <gpxtpx:TrackPointExtension>
            <gpxtpx:hr>142</gpxtpx:hr>
            <gpxtpx:cad>74</gpxtpx:cad>
            <gpxtpx:atemp>304.65</gpxtpx:atemp>
          </gpxtpx:TrackPointExtension>
        </extensions>
      </trkpt>
      <trkpt lat="30.772357" lon="34.948109">
        <ele>259.4</ele>
        <time>2026-03-17T09:30:55.000Z</time>
        <extensions>
          <gpxtpx:TrackPointExtension>
            <gpxtpx:hr>142</gpxtpx:hr>
            <gpxtpx:cad>74</gpxtpx:cad>
            <gpxtpx:atemp>304.65</gpxtpx:atemp>
          </gpxtpx:TrackPointExtension>
        </extensions>
      </trkpt>
      <trkpt lat="30.772434" lon="34.948039">
        <ele>258.4</ele>
        <time>2026-03-17T09:31:01.000Z</time>
        <extensions>
          <gpxtpx:TrackPointExtension>
            <gpxtpx:hr>141</gpxtpx:hr>
            <gpxtpx:cad>75</gpxtpx:cad>
            <gpxtpx:atemp>304.65</gpxtpx:atemp>
          </gpxtpx:TrackPointExtension>
        </extensions>
      </trkpt>
      <trkpt lat="30.772558" lon="34.947961">
        <ele>256.9</ele>
        <time>2026-03-17T09:31:09.000Z</time>
        <extensions>
          <gpxtpx:TrackPointExtension>
            <gpxtpx:hr>141</gpxtpx:hr>
            <gpxtpx:cad>74</gpxtpx:cad>
            <gpxtpx:atemp>304.65</gpxtpx:atemp>
          </gpxtpx:TrackPointExtension>
        </extensions>
      </trkpt>
      <trkpt lat="30.772675" lon="34.947900">
        <ele>255.8</ele>
        <time>2026-03-17T09:31:16.000Z</time>
        <extensions>
          <gpxtpx:TrackPointExtension>
            <gpxtpx:hr>140</gpxtpx:hr>
            <gpxtpx:cad>75</gpxtpx:cad>
            <gpxtpx:atemp>304.65</gpxtpx:atemp>
          </gpxtpx:TrackPointExtension>
        </extensions>
      </trkpt>
      <trkpt lat="30.772874" lon="34.947885">
        <ele>254.9</ele>
        <time>2026-03-17T09:31:27.000Z</time>
        <extensions>
          <gpxtpx:TrackPointExtension>
            <gpxtpx:hr>140</gpxtpx:hr>
            <gpxtpx:cad>74</gpxtpx:cad>
            <gpxtpx:atemp>304.65</gpxtpx:atemp>
          </gpxtpx:TrackPointExtension>
        </extensions>
      </trkpt>
      <trkpt lat="30.772940" lon="34.947875">
        <ele>254.5</ele>
        <time>2026-03-17T09:31:31.000Z</time>
        <extensions>
          <gpxtpx:TrackPointExtension>
            <gpxtpx:hr>140</gpxtpx:hr>
            <gpxtpx:cad>73</gpxtpx:cad>
            <gpxtpx:atemp>304.65</gpxtpx:atemp>
          </gpxtpx:TrackPointExtension>
        </extensions>
      </trkpt>
      <trkpt lat="30.773067" lon="34.947880">
        <ele>253.7</ele>
        <time>2026-03-17T09:31:55.000Z</time>
        <extensions>
          <gpxtpx:TrackPointExtension>
            <gpxtpx:hr>132</gpxtpx:hr>
            <gpxtpx:cad>0</gpxtpx:cad>
            <gpxtpx:atemp>304.65</gpxtpx:atemp>
          </gpxtpx:TrackPointExtension>
        </extensions>
      </trkpt>
      <trkpt lat="30.773222" lon="34.947872">
        <ele>252.6</ele>
        <time>2026-03-17T09:32:10.000Z</time>
        <extensions>
          <gpxtpx:TrackPointExtension>
            <gpxtpx:hr>126</gpxtpx:hr>
            <gpxtpx:cad>57</gpxtpx:cad>
            <gpxtpx:atemp>304.65</gpxtpx:atemp>
          </gpxtpx:TrackPointExtension>
        </extensions>
      </trkpt>
      <trkpt lat="30.773372" lon="34.947870">
        <ele>252.0</ele>
        <time>2026-03-17T09:32:24.000Z</time>
        <extensions>
          <gpxtpx:TrackPointExtension>
            <gpxtpx:hr>123</gpxtpx:hr>
            <gpxtpx:cad>55</gpxtpx:cad>
            <gpxtpx:atemp>304.65</gpxtpx:atemp>
          </gpxtpx:TrackPointExtension>
        </extensions>
      </trkpt>
      <trkpt lat="30.773476" lon="34.947891">
        <ele>251.8</ele>
        <time>2026-03-17T09:32:34.000Z</time>
        <extensions>
          <gpxtpx:TrackPointExtension>
            <gpxtpx:hr>126</gpxtpx:hr>
            <gpxtpx:cad>56</gpxtpx:cad>
            <gpxtpx:atemp>304.65</gpxtpx:atemp>
          </gpxtpx:TrackPointExtension>
        </extensions>
      </trkpt>
      <trkpt lat="30.773574" lon="34.947865">
        <ele>251.3</ele>
        <time>2026-03-17T09:32:44.000Z</time>
        <extensions>
          <gpxtpx:TrackPointExtension>
            <gpxtpx:hr>123</gpxtpx:hr>
            <gpxtpx:cad>55</gpxtpx:cad>
            <gpxtpx:atemp>304.65</gpxtpx:atemp>
          </gpxtpx:TrackPointExtension>
        </extensions>
      </trkpt>
      <trkpt lat="30.773727" lon="34.947852">
        <ele>250.6</ele>
        <time>2026-03-17T09:32:53.000Z</time>
        <extensions>
          <gpxtpx:TrackPointExtension>
            <gpxtpx:hr>115</gpxtpx:hr>
            <gpxtpx:cad>73</gpxtpx:cad>
            <gpxtpx:atemp>304.65</gpxtpx:atemp>
          </gpxtpx:TrackPointExtension>
        </extensions>
      </trkpt>
      <trkpt lat="30.773920" lon="34.947858">
        <ele>249.8</ele>
        <time>2026-03-17T09:33:05.000Z</time>
        <extensions>
          <gpxtpx:TrackPointExtension>
            <gpxtpx:hr>122</gpxtpx:hr>
            <gpxtpx:cad>72</gpxtpx:cad>
            <gpxtpx:atemp>304.65</gpxtpx:atemp>
          </gpxtpx:TrackPointExtension>
        </extensions>
      </trkpt>
      <trkpt lat="30.774006" lon="34.947868">
        <ele>249.6</ele>
        <time>2026-03-17T09:33:10.000Z</time>
        <extensions>
          <gpxtpx:TrackPointExtension>
            <gpxtpx:hr>126</gpxtpx:hr>
            <gpxtpx:cad>74</gpxtpx:cad>
            <gpxtpx:atemp>304.65</gpxtpx:atemp>
          </gpxtpx:TrackPointExtension>
        </extensions>
      </trkpt>
      <trkpt lat="30.774127" lon="34.947918">
        <ele>249.7</ele>
        <time>2026-03-17T09:33:17.000Z</time>
        <extensions>
          <gpxtpx:TrackPointExtension>
            <gpxtpx:hr>129</gpxtpx:hr>
            <gpxtpx:cad>75</gpxtpx:cad>
            <gpxtpx:atemp>304.65</gpxtpx:atemp>
          </gpxtpx:TrackPointExtension>
        </extensions>
      </trkpt>
      <trkpt lat="30.774172" lon="34.947943">
        <ele>249.7</ele>
        <time>2026-03-17T09:33:20.000Z</time>
        <extensions>
          <gpxtpx:TrackPointExtension>
            <gpxtpx:hr>130</gpxtpx:hr>
            <gpxtpx:cad>77</gpxtpx:cad>
            <gpxtpx:atemp>304.65</gpxtpx:atemp>
          </gpxtpx:TrackPointExtension>
        </extensions>
      </trkpt>
      <trkpt lat="30.774274" lon="34.947954">
        <ele>249.4</ele>
        <time>2026-03-17T09:33:26.000Z</time>
        <extensions>
          <gpxtpx:TrackPointExtension>
            <gpxtpx:hr>132</gpxtpx:hr>
            <gpxtpx:cad>76</gpxtpx:cad>
            <gpxtpx:atemp>304.65</gpxtpx:atemp>
          </gpxtpx:TrackPointExtension>
        </extensions>
      </trkpt>
      <trkpt lat="30.774490" lon="34.947921">
        <ele>247.7</ele>
        <time>2026-03-17T09:33:38.000Z</time>
        <extensions>
          <gpxtpx:TrackPointExtension>
            <gpxtpx:hr>136</gpxtpx:hr>
            <gpxtpx:cad>75</gpxtpx:cad>
            <gpxtpx:atemp>304.65</gpxtpx:atemp>
          </gpxtpx:TrackPointExtension>
        </extensions>
      </trkpt>
      <trkpt lat="30.774610" lon="34.947900">
        <ele>246.5</ele>
        <time>2026-03-17T09:33:45.000Z</time>
        <extensions>
          <gpxtpx:TrackPointExtension>
            <gpxtpx:hr>138</gpxtpx:hr>
            <gpxtpx:cad>76</gpxtpx:cad>
            <gpxtpx:atemp>304.65</gpxtpx:atemp>
          </gpxtpx:TrackPointExtension>
        </extensions>
      </trkpt>
      <trkpt lat="30.774698" lon="34.947912">
        <ele>245.7</ele>
        <time>2026-03-17T09:33:50.000Z</time>
        <extensions>
          <gpxtpx:TrackPointExtension>
            <gpxtpx:hr>139</gpxtpx:hr>
            <gpxtpx:cad>74</gpxtpx:cad>
            <gpxtpx:atemp>304.65</gpxtpx:atemp>
          </gpxtpx:TrackPointExtension>
        </extensions>
      </trkpt>
      <trkpt lat="30.774876" lon="34.947904">
        <ele>243.7</ele>
        <time>2026-03-17T09:34:01.000Z</time>
        <extensions>
          <gpxtpx:TrackPointExtension>
            <gpxtpx:hr>141</gpxtpx:hr>
            <gpxtpx:cad>71</gpxtpx:cad>
            <gpxtpx:atemp>304.65</gpxtpx:atemp>
          </gpxtpx:TrackPointExtension>
        </extensions>
      </trkpt>
      <trkpt lat="30.774945" lon="34.947911">
        <ele>242.8</ele>
        <time>2026-03-17T09:34:05.000Z</time>
        <extensions>
          <gpxtpx:TrackPointExtension>
            <gpxtpx:hr>140</gpxtpx:hr>
            <gpxtpx:cad>71</gpxtpx:cad>
            <gpxtpx:atemp>304.65</gpxtpx:atemp>
          </gpxtpx:TrackPointExtension>
        </extensions>
      </trkpt>
      <trkpt lat="30.775044" lon="34.947905">
        <ele>241.3</ele>
        <time>2026-03-17T09:34:11.000Z</time>
        <extensions>
          <gpxtpx:TrackPointExtension>
            <gpxtpx:hr>141</gpxtpx:hr>
            <gpxtpx:cad>74</gpxtpx:cad>
            <gpxtpx:atemp>304.65</gpxtpx:atemp>
          </gpxtpx:TrackPointExtension>
        </extensions>
      </trkpt>
      <trkpt lat="30.775201" lon="34.947951">
        <ele>239.3</ele>
        <time>2026-03-17T09:34:21.000Z</time>
        <extensions>
          <gpxtpx:TrackPointExtension>
            <gpxtpx:hr>141</gpxtpx:hr>
            <gpxtpx:cad>72</gpxtpx:cad>
            <gpxtpx:atemp>304.65</gpxtpx:atemp>
          </gpxtpx:TrackPointExtension>
        </extensions>
      </trkpt>
      <trkpt lat="30.775301" lon="34.947989">
        <ele>237.9</ele>
        <time>2026-03-17T09:34:27.000Z</time>
        <extensions>
          <gpxtpx:TrackPointExtension>
            <gpxtpx:hr>141</gpxtpx:hr>
            <gpxtpx:cad>73</gpxtpx:cad>
            <gpxtpx:atemp>304.65</gpxtpx:atemp>
          </gpxtpx:TrackPointExtension>
        </extensions>
      </trkpt>
      <trkpt lat="30.775450" lon="34.948025">
        <ele>235.4</ele>
        <time>2026-03-17T09:34:36.000Z</time>
        <extensions>
          <gpxtpx:TrackPointExtension>
            <gpxtpx:hr>140</gpxtpx:hr>
            <gpxtpx:cad>75</gpxtpx:cad>
            <gpxtpx:atemp>304.65</gpxtpx:atemp>
          </gpxtpx:TrackPointExtension>
        </extensions>
      </trkpt>
      <trkpt lat="30.775618" lon="34.948033">
        <ele>232.7</ele>
        <time>2026-03-17T09:34:45.000Z</time>
        <extensions>
          <gpxtpx:TrackPointExtension>
            <gpxtpx:hr>140</gpxtpx:hr>
            <gpxtpx:cad>76</gpxtpx:cad>
            <gpxtpx:atemp>303.65</gpxtpx:atemp>
          </gpxtpx:TrackPointExtension>
        </extensions>
      </trkpt>
      <trkpt lat="30.775705" lon="34.948047">
        <ele>231.3</ele>
        <time>2026-03-17T09:34:50.000Z</time>
        <extensions>
          <gpxtpx:TrackPointExtension>
            <gpxtpx:hr>140</gpxtpx:hr>
            <gpxtpx:cad>77</gpxtpx:cad>
            <gpxtpx:atemp>304.65</gpxtpx:atemp>
          </gpxtpx:TrackPointExtension>
        </extensions>
      </trkpt>
      <trkpt lat="30.775834" lon="34.948056">
        <ele>229.7</ele>
        <time>2026-03-17T09:34:58.000Z</time>
        <extensions>
          <gpxtpx:TrackPointExtension>
            <gpxtpx:hr>138</gpxtpx:hr>
            <gpxtpx:cad>73</gpxtpx:cad>
            <gpxtpx:atemp>304.65</gpxtpx:atemp>
          </gpxtpx:TrackPointExtension>
        </extensions>
      </trkpt>
      <trkpt lat="30.775920" lon="34.948051">
        <ele>228.7</ele>
        <time>2026-03-17T09:35:03.000Z</time>
        <extensions>
          <gpxtpx:TrackPointExtension>
            <gpxtpx:hr>139</gpxtpx:hr>
            <gpxtpx:cad>71</gpxtpx:cad>
            <gpxtpx:atemp>304.65</gpxtpx:atemp>
          </gpxtpx:TrackPointExtension>
        </extensions>
      </trkpt>
      <trkpt lat="30.776089" lon="34.948055">
        <ele>227.2</ele>
        <time>2026-03-17T09:35:13.000Z</time>
        <extensions>
          <gpxtpx:TrackPointExtension>
            <gpxtpx:hr>141</gpxtpx:hr>
            <gpxtpx:cad>74</gpxtpx:cad>
            <gpxtpx:atemp>304.65</gpxtpx:atemp>
          </gpxtpx:TrackPointExtension>
        </extensions>
      </trkpt>
      <trkpt lat="30.776201" lon="34.948074">
        <ele>226.4</ele>
        <time>2026-03-17T09:35:20.000Z</time>
        <extensions>
          <gpxtpx:TrackPointExtension>
            <gpxtpx:hr>140</gpxtpx:hr>
            <gpxtpx:cad>71</gpxtpx:cad>
            <gpxtpx:atemp>304.65</gpxtpx:atemp>
          </gpxtpx:TrackPointExtension>
        </extensions>
      </trkpt>
      <trkpt lat="30.776312" lon="34.948090">
        <ele>226.0</ele>
        <time>2026-03-17T09:35:27.000Z</time>
        <extensions>
          <gpxtpx:TrackPointExtension>
            <gpxtpx:hr>140</gpxtpx:hr>
            <gpxtpx:cad>76</gpxtpx:cad>
            <gpxtpx:atemp>304.65</gpxtpx:atemp>
          </gpxtpx:TrackPointExtension>
        </extensions>
      </trkpt>
      <trkpt lat="30.776407" lon="34.948107">
        <ele>226.0</ele>
        <time>2026-03-17T09:35:34.000Z</time>
        <extensions>
          <gpxtpx:TrackPointExtension>
            <gpxtpx:hr>140</gpxtpx:hr>
            <gpxtpx:cad>68</gpxtpx:cad>
            <gpxtpx:atemp>304.65</gpxtpx:atemp>
          </gpxtpx:TrackPointExtension>
        </extensions>
      </trkpt>
      <trkpt lat="30.776510" lon="34.948073">
        <ele>226.0</ele>
        <time>2026-03-17T09:35:44.000Z</time>
        <extensions>
          <gpxtpx:TrackPointExtension>
            <gpxtpx:hr>134</gpxtpx:hr>
            <gpxtpx:cad>58</gpxtpx:cad>
            <gpxtpx:atemp>304.65</gpxtpx:atemp>
          </gpxtpx:TrackPointExtension>
        </extensions>
      </trkpt>
      <trkpt lat="30.776606" lon="34.948066">
        <ele>226.3</ele>
        <time>2026-03-17T09:35:51.000Z</time>
        <extensions>
          <gpxtpx:TrackPointExtension>
            <gpxtpx:hr>132</gpxtpx:hr>
            <gpxtpx:cad>0</gpxtpx:cad>
            <gpxtpx:atemp>304.65</gpxtpx:atemp>
          </gpxtpx:TrackPointExtension>
        </extensions>
      </trkpt>
      <trkpt lat="30.776645" lon="34.948048">
        <ele>226.4</ele>
        <time>2026-03-17T09:35:54.000Z</time>
        <extensions>
          <gpxtpx:TrackPointExtension>
            <gpxtpx:hr>132</gpxtpx:hr>
            <gpxtpx:cad>64</gpxtpx:cad>
            <gpxtpx:atemp>304.65</gpxtpx:atemp>
          </gpxtpx:TrackPointExtension>
        </extensions>
      </trkpt>
      <trkpt lat="30.776769" lon="34.948028">
        <ele>226.9</ele>
        <time>2026-03-17T09:36:02.000Z</time>
        <extensions>
          <gpxtpx:TrackPointExtension>
            <gpxtpx:hr>127</gpxtpx:hr>
            <gpxtpx:cad>72</gpxtpx:cad>
            <gpxtpx:atemp>304.65</gpxtpx:atemp>
          </gpxtpx:TrackPointExtension>
        </extensions>
      </trkpt>
      <trkpt lat="30.776893" lon="34.948039">
        <ele>227.0</ele>
        <time>2026-03-17T09:36:11.000Z</time>
        <extensions>
          <gpxtpx:TrackPointExtension>
            <gpxtpx:hr>129</gpxtpx:hr>
            <gpxtpx:cad>68</gpxtpx:cad>
            <gpxtpx:atemp>303.65</gpxtpx:atemp>
          </gpxtpx:TrackPointExtension>
        </extensions>
      </trkpt>
      <trkpt lat="30.777018" lon="34.948033">
        <ele>227.0</ele>
        <time>2026-03-17T09:36:20.000Z</time>
        <extensions>
          <gpxtpx:TrackPointExtension>
            <gpxtpx:hr>126</gpxtpx:hr>
            <gpxtpx:cad>64</gpxtpx:cad>
            <gpxtpx:atemp>303.65</gpxtpx:atemp>
          </gpxtpx:TrackPointExtension>
        </extensions>
      </trkpt>
      <trkpt lat="30.777103" lon="34.948005">
        <ele>226.9</ele>
        <time>2026-03-17T09:36:25.000Z</time>
        <extensions>
          <gpxtpx:TrackPointExtension>
            <gpxtpx:hr>125</gpxtpx:hr>
            <gpxtpx:cad>61</gpxtpx:cad>
            <gpxtpx:atemp>303.65</gpxtpx:atemp>
          </gpxtpx:TrackPointExtension>
        </extensions>
      </trkpt>
      <trkpt lat="30.777222" lon="34.948026">
        <ele>226.0</ele>
        <time>2026-03-17T09:36:32.000Z</time>
        <extensions>
          <gpxtpx:TrackPointExtension>
            <gpxtpx:hr>126</gpxtpx:hr>
            <gpxtpx:cad>74</gpxtpx:cad>
            <gpxtpx:atemp>303.65</gpxtpx:atemp>
          </gpxtpx:TrackPointExtension>
        </extensions>
      </trkpt>
      <trkpt lat="30.777306" lon="34.947952">
        <ele>225.4</ele>
        <time>2026-03-17T09:36:38.000Z</time>
        <extensions>
          <gpxtpx:TrackPointExtension>
            <gpxtpx:hr>129</gpxtpx:hr>
            <gpxtpx:cad>72</gpxtpx:cad>
            <gpxtpx:atemp>303.65</gpxtpx:atemp>
          </gpxtpx:TrackPointExtension>
        </extensions>
      </trkpt>
      <trkpt lat="30.777424" lon="34.947880">
        <ele>223.9</ele>
        <time>2026-03-17T09:36:46.000Z</time>
        <extensions>
          <gpxtpx:TrackPointExtension>
            <gpxtpx:hr>134</gpxtpx:hr>
            <gpxtpx:cad>73</gpxtpx:cad>
            <gpxtpx:atemp>304.65</gpxtpx:atemp>
          </gpxtpx:TrackPointExtension>
        </extensions>
      </trkpt>
      <trkpt lat="30.777559" lon="34.947873">
        <ele>222.1</ele>
        <time>2026-03-17T09:36:53.000Z</time>
        <extensions>
          <gpxtpx:TrackPointExtension>
            <gpxtpx:hr>138</gpxtpx:hr>
            <gpxtpx:cad>74</gpxtpx:cad>
            <gpxtpx:atemp>304.65</gpxtpx:atemp>
          </gpxtpx:TrackPointExtension>
        </extensions>
      </trkpt>
      <trkpt lat="30.777614" lon="34.947860">
        <ele>221.3</ele>
        <time>2026-03-17T09:36:56.000Z</time>
        <extensions>
          <gpxtpx:TrackPointExtension>
            <gpxtpx:hr>138</gpxtpx:hr>
            <gpxtpx:cad>73</gpxtpx:cad>
            <gpxtpx:atemp>304.65</gpxtpx:atemp>
          </gpxtpx:TrackPointExtension>
        </extensions>
      </trkpt>
      <trkpt lat="30.777760" lon="34.947841">
        <ele>219.7</ele>
        <time>2026-03-17T09:37:04.000Z</time>
        <extensions>
          <gpxtpx:TrackPointExtension>
            <gpxtpx:hr>141</gpxtpx:hr>
            <gpxtpx:cad>77</gpxtpx:cad>
            <gpxtpx:atemp>304.65</gpxtpx:atemp>
          </gpxtpx:TrackPointExtension>
        </extensions>
      </trkpt>
      <trkpt lat="30.777791" lon="34.947865">
        <ele>219.4</ele>
        <time>2026-03-17T09:37:06.000Z</time>
        <extensions>
          <gpxtpx:TrackPointExtension>
            <gpxtpx:hr>141</gpxtpx:hr>
            <gpxtpx:cad>77</gpxtpx:cad>
            <gpxtpx:atemp>304.65</gpxtpx:atemp>
          </gpxtpx:TrackPointExtension>
        </extensions>
      </trkpt>
      <trkpt lat="30.777879" lon="34.947973">
        <ele>218.6</ele>
        <time>2026-03-17T09:37:13.000Z</time>
        <extensions>
          <gpxtpx:TrackPointExtension>
            <gpxtpx:hr>143</gpxtpx:hr>
            <gpxtpx:cad>77</gpxtpx:cad>
            <gpxtpx:atemp>303.65</gpxtpx:atemp>
          </gpxtpx:TrackPointExtension>
        </extensions>
      </trkpt>
      <trkpt lat="30.777993" lon="34.948005">
        <ele>217.7</ele>
        <time>2026-03-17T09:37:20.000Z</time>
        <extensions>
          <gpxtpx:TrackPointExtension>
            <gpxtpx:hr>145</gpxtpx:hr>
            <gpxtpx:cad>77</gpxtpx:cad>
            <gpxtpx:atemp>303.65</gpxtpx:atemp>
          </gpxtpx:TrackPointExtension>
        </extensions>
      </trkpt>
      <trkpt lat="30.778160" lon="34.947991">
        <ele>216.3</ele>
        <time>2026-03-17T09:37:29.000Z</time>
        <extensions>
          <gpxtpx:TrackPointExtension>
            <gpxtpx:hr>146</gpxtpx:hr>
            <gpxtpx:cad>75</gpxtpx:cad>
            <gpxtpx:atemp>303.65</gpxtpx:atemp>
          </gpxtpx:TrackPointExtension>
        </extensions>
      </trkpt>
      <trkpt lat="30.778222" lon="34.948000">
        <ele>215.8</ele>
        <time>2026-03-17T09:37:32.000Z</time>
        <extensions>
          <gpxtpx:TrackPointExtension>
            <gpxtpx:hr>146</gpxtpx:hr>
            <gpxtpx:cad>77</gpxtpx:cad>
            <gpxtpx:atemp>303.65</gpxtpx:atemp>
          </gpxtpx:TrackPointExtension>
        </extensions>
      </trkpt>
      <trkpt lat="30.778387" lon="34.948060">
        <ele>214.6</ele>
        <time>2026-03-17T09:37:41.000Z</time>
        <extensions>
          <gpxtpx:TrackPointExtension>
            <gpxtpx:hr>148</gpxtpx:hr>
            <gpxtpx:cad>78</gpxtpx:cad>
            <gpxtpx:atemp>303.65</gpxtpx:atemp>
          </gpxtpx:TrackPointExtension>
        </extensions>
      </trkpt>
      <trkpt lat="30.778491" lon="34.948077">
        <ele>213.9</ele>
        <time>2026-03-17T09:37:47.000Z</time>
        <extensions>
          <gpxtpx:TrackPointExtension>
            <gpxtpx:hr>149</gpxtpx:hr>
            <gpxtpx:cad>80</gpxtpx:cad>
            <gpxtpx:atemp>303.65</gpxtpx:atemp>
          </gpxtpx:TrackPointExtension>
        </extensions>
      </trkpt>
      <trkpt lat="30.778625" lon="34.948056">
        <ele>213.2</ele>
        <time>2026-03-17T09:37:56.000Z</time>
        <extensions>
          <gpxtpx:TrackPointExtension>
            <gpxtpx:hr>152</gpxtpx:hr>
            <gpxtpx:cad>73</gpxtpx:cad>
            <gpxtpx:atemp>303.65</gpxtpx:atemp>
          </gpxtpx:TrackPointExtension>
        </extensions>
      </trkpt>
      <trkpt lat="30.778673" lon="34.948054">
        <ele>212.9</ele>
        <time>2026-03-17T09:38:00.000Z</time>
        <extensions>
          <gpxtpx:TrackPointExtension>
            <gpxtpx:hr>153</gpxtpx:hr>
            <gpxtpx:cad>73</gpxtpx:cad>
            <gpxtpx:atemp>303.65</gpxtpx:atemp>
          </gpxtpx:TrackPointExtension>
        </extensions>
      </trkpt>
      <trkpt lat="30.778770" lon="34.948023">
        <ele>212.5</ele>
        <time>2026-03-17T09:38:07.000Z</time>
        <extensions>
          <gpxtpx:TrackPointExtension>
            <gpxtpx:hr>152</gpxtpx:hr>
            <gpxtpx:cad>61</gpxtpx:cad>
            <gpxtpx:atemp>304.65</gpxtpx:atemp>
          </gpxtpx:TrackPointExtension>
        </extensions>
      </trkpt>
      <trkpt lat="30.779023" lon="34.947995">
        <ele>211.7</ele>
        <time>2026-03-17T09:38:23.000Z</time>
        <extensions>
          <gpxtpx:TrackPointExtension>
            <gpxtpx:hr>144</gpxtpx:hr>
            <gpxtpx:cad>0</gpxtpx:cad>
            <gpxtpx:atemp>304.65</gpxtpx:atemp>
          </gpxtpx:TrackPointExtension>
        </extensions>
      </trkpt>
      <trkpt lat="30.779230" lon="34.947958">
        <ele>211.1</ele>
        <time>2026-03-17T09:38:35.000Z</time>
        <extensions>
          <gpxtpx:TrackPointExtension>
            <gpxtpx:hr>145</gpxtpx:hr>
            <gpxtpx:cad>76</gpxtpx:cad>
            <gpxtpx:atemp>304.65</gpxtpx:atemp>
          </gpxtpx:TrackPointExtension>
        </extensions>
      </trkpt>
      <trkpt lat="30.779420" lon="34.948022">
        <ele>210.2</ele>
        <time>2026-03-17T09:38:46.000Z</time>
        <extensions>
          <gpxtpx:TrackPointExtension>
            <gpxtpx:hr>143</gpxtpx:hr>
            <gpxtpx:cad>76</gpxtpx:cad>
            <gpxtpx:atemp>303.65</gpxtpx:atemp>
          </gpxtpx:TrackPointExtension>
        </extensions>
      </trkpt>
      <trkpt lat="30.779475" lon="34.948047">
        <ele>209.9</ele>
        <time>2026-03-17T09:38:53.000Z</time>
        <extensions>
          <gpxtpx:TrackPointExtension>
            <gpxtpx:hr>139</gpxtpx:hr>
            <gpxtpx:cad>0</gpxtpx:cad>
            <gpxtpx:atemp>303.65</gpxtpx:atemp>
          </gpxtpx:TrackPointExtension>
        </extensions>
      </trkpt>
      <trkpt lat="30.779549" lon="34.948050">
        <ele>209.6</ele>
        <time>2026-03-17T09:39:00.000Z</time>
        <extensions>
          <gpxtpx:TrackPointExtension>
            <gpxtpx:hr>135</gpxtpx:hr>
            <gpxtpx:cad>65</gpxtpx:cad>
            <gpxtpx:atemp>303.65</gpxtpx:atemp>
          </gpxtpx:TrackPointExtension>
        </extensions>
      </trkpt>
      <trkpt lat="30.779696" lon="34.947980">
        <ele>209.8</ele>
        <time>2026-03-17T09:39:19.000Z</time>
        <extensions>
          <gpxtpx:TrackPointExtension>
            <gpxtpx:hr>129</gpxtpx:hr>
            <gpxtpx:cad>0</gpxtpx:cad>
            <gpxtpx:atemp>304.65</gpxtpx:atemp>
          </gpxtpx:TrackPointExtension>
        </extensions>
      </trkpt>
      <trkpt lat="30.779756" lon="34.948008">
        <ele>209.7</ele>
        <time>2026-03-17T09:39:28.000Z</time>
        <extensions>
          <gpxtpx:TrackPointExtension>
            <gpxtpx:hr>134</gpxtpx:hr>
            <gpxtpx:cad>0</gpxtpx:cad>
            <gpxtpx:atemp>304.65</gpxtpx:atemp>
          </gpxtpx:TrackPointExtension>
        </extensions>
      </trkpt>
      <trkpt lat="30.779828" lon="34.948006">
        <ele>209.7</ele>
        <time>2026-03-17T09:39:46.000Z</time>
        <extensions>
          <gpxtpx:TrackPointExtension>
            <gpxtpx:hr>134</gpxtpx:hr>
            <gpxtpx:cad>0</gpxtpx:cad>
            <gpxtpx:atemp>304.65</gpxtpx:atemp>
          </gpxtpx:TrackPointExtension>
        </extensions>
      </trkpt>
      <trkpt lat="30.779794" lon="34.947991">
        <ele>209.7</ele>
        <time>2026-03-17T09:39:59.000Z</time>
        <extensions>
          <gpxtpx:TrackPointExtension>
            <gpxtpx:hr>134</gpxtpx:hr>
            <gpxtpx:cad>0</gpxtpx:cad>
            <gpxtpx:atemp>304.65</gpxtpx:atemp>
          </gpxtpx:TrackPointExtension>
        </extensions>
      </trkpt>
      <trkpt lat="30.779818" lon="34.948002">
        <ele>209.7</ele>
        <time>2026-03-17T09:40:13.000Z</time>
        <extensions>
          <gpxtpx:TrackPointExtension>
            <gpxtpx:hr>131</gpxtpx:hr>
            <gpxtpx:cad>0</gpxtpx:cad>
            <gpxtpx:atemp>304.65</gpxtpx:atemp>
          </gpxtpx:TrackPointExtension>
        </extensions>
      </trkpt>
      <trkpt lat="30.779824" lon="34.947956">
        <ele>209.9</ele>
        <time>2026-03-17T09:40:33.000Z</time>
        <extensions>
          <gpxtpx:TrackPointExtension>
            <gpxtpx:hr>125</gpxtpx:hr>
            <gpxtpx:cad>0</gpxtpx:cad>
            <gpxtpx:atemp>305.65</gpxtpx:atemp>
          </gpxtpx:TrackPointExtension>
        </extensions>
      </trkpt>
      <trkpt lat="30.779825" lon="34.948050">
        <ele>209.5</ele>
        <time>2026-03-17T09:40:45.000Z</time>
        <extensions>
          <gpxtpx:TrackPointExtension>
            <gpxtpx:hr>121</gpxtpx:hr>
            <gpxtpx:cad>49</gpxtpx:cad>
            <gpxtpx:atemp>305.65</gpxtpx:atemp>
          </gpxtpx:TrackPointExtension>
        </extensions>
      </trkpt>
      <trkpt lat="30.779794" lon="34.948023">
        <ele>209.6</ele>
        <time>2026-03-17T09:41:39.000Z</time>
        <extensions>
          <gpxtpx:TrackPointExtension>
            <gpxtpx:hr>115</gpxtpx:hr>
            <gpxtpx:cad>0</gpxtpx:cad>
            <gpxtpx:atemp>305.65</gpxtpx:atemp>
          </gpxtpx:TrackPointExtension>
        </extensions>
      </trkpt>
      <trkpt lat="30.779818" lon="34.947894">
        <ele>210.1</ele>
        <time>2026-03-17T09:41:52.000Z</time>
        <extensions>
          <gpxtpx:TrackPointExtension>
            <gpxtpx:hr>118</gpxtpx:hr>
            <gpxtpx:cad>0</gpxtpx:cad>
            <gpxtpx:atemp>305.65</gpxtpx:atemp>
          </gpxtpx:TrackPointExtension>
        </extensions>
      </trkpt>
      <trkpt lat="30.779843" lon="34.947745">
        <ele>210.6</ele>
        <time>2026-03-17T09:42:04.000Z</time>
        <extensions>
          <gpxtpx:TrackPointExtension>
            <gpxtpx:hr>113</gpxtpx:hr>
            <gpxtpx:cad>50</gpxtpx:cad>
            <gpxtpx:atemp>305.65</gpxtpx:atemp>
          </gpxtpx:TrackPointExtension>
        </extensions>
      </trkpt>
      <trkpt lat="30.779781" lon="34.945774">
        <ele>209.4</ele>
        <time>2026-03-17T09:42:22.841Z</time>
      </trkpt>
    </trkseg>
  </trk>
</gpx>
