<?xml version="1.0" encoding="UTF-8" standalone="no" ?>
<gpx creator="CompeGPS" version="1.1" xsi:schemaLocation="http://www.topografix.com/GPX/1/1 http://www.topografix.com/GPX/1/1/gpx.xsd http://www.garmin.com/xmlschemas/WaypointExtension/v1 http://www8.garmin.com/xmlschemas/WaypointExtensionv1.xsd http://www.garmin.com/xmlschemas/TrackPointExtension/v1 http://www.garmin.com/xmlschemas/TrackPointExtensionv1.xsd http://www.garmin.com/xmlschemas/GpxExtensions/v3 http://www8.garmin.com/xmlschemas/GpxExtensionsv3.xsd http://www.garmin.com/xmlschemas/ActivityExtension/v1 http://www8.garmin.com/xmlschemas/ActivityExtensionv1.xsd http://www.garmin.com/xmlschemas/AdventuresExtensions/v1 http://www8.garmin.com/xmlschemas/AdventuresExtensionv1.xsd http://www.garmin.com/xmlschemas/PressureExtension/v1 http://www.garmin.com/xmlschemas/PressureExtensionv1.xsd http://www.garmin.com/xmlschemas/TripExtensions/v1 http://www.garmin.com/xmlschemas/TripExtensionsv1.xsd http://www.garmin.com/xmlschemas/TripMetaDataExtensions/v1 http://www.garmin.com/xmlschemas/TripMetaDataExtensionsv1.xsd http://www.garmin.com/xmlschemas/ViaPointTransportationModeExtensions/v1 http://www.garmin.com/xmlschemas/ViaPointTransportationModeExtensionsv1.xsd http://www.garmin.com/xmlschemas/CreationTimeExtension/v1 http://www.garmin.com/xmlschemas/CreationTimeExtensionsv1.xsd http://www.garmin.com/xmlschemas/AccelerationExtension/v1 http://www.garmin.com/xmlschemas/AccelerationExtensionv1.xsd http://www.garmin.com/xmlschemas/PowerExtension/v1 http://www.garmin.com/xmlschemas/PowerExtensionv1.xsd http://www.garmin.com/xmlschemas/VideoExtension/v1 http://www.garmin.com/xmlschemas/VideoExtensionv1.xsd" xmlns="http://www.topografix.com/GPX/1/1" xmlns:xsi="http://www.w3.org/2001/XMLSchema-instance" xmlns:wptx1="http://www.garmin.com/xmlschemas/WaypointExtension/v1" xmlns:gpxtrx="http://www.garmin.com/xmlschemas/GpxExtensions/v3" xmlns:gpxtpx="http://www.garmin.com/xmlschemas/TrackPointExtension/v1" xmlns:gpxx="http://www.garmin.com/xmlschemas/GpxExtensions/v3" xmlns:trp="http://www.garmin.com/xmlschemas/TripExtensions/v1" xmlns:adv="http://www.garmin.com/xmlschemas/AdventuresExtensions/v1" xmlns:prs="http://www.garmin.com/xmlschemas/PressureExtension/v1" xmlns:tmd="http://www.garmin.com/xmlschemas/TripMetaDataExtensions/v1" xmlns:vptm="http://www.garmin.com/xmlschemas/ViaPointTransportationModeExtensions/v1" xmlns:ctx="http://www.garmin.com/xmlschemas/CreationTimeExtension/v1" xmlns:gpxacc="http://www.garmin.com/xmlschemas/AccelerationExtension/v1" xmlns:gpxpx="http://www.garmin.com/xmlschemas/PowerExtension/v1" xmlns:vidx1="http://www.garmin.com/xmlschemas/VideoExtension/v1" xmlns:twonav="http://twonav.com/twonav">
  <metadata>
    <author>
      <email id="" domain=""/>
    </author>
    <copyright author="">
      <license></license>
    </copyright>
    <link href="http://www.compegps.com">
      <text>CompeGPS TEAM, SL</text>
    </link>
    <time>2026-03-24T08:50:24.000Z</time>
    <bounds maxlat="30.299553" maxlon="34.987779" minlat="30.255544" minlon="34.922575"/>
  </metadata>
  <trk>
    <name>ovil</name>
    <extensions>
      <line xmlns="http://www.topografix.com/GPX/gpx_style/0/2">
        <width>4</width>
      </line>
      <gpxx:TrackExtension>
        <gpxx:DisplayColor>Red</gpxx:DisplayColor>
      </gpxx:TrackExtension>
      <twonav:TwoNavExtension>
        <twonav:activity>4</twonav:activity>
        <twonav:terrain>0</twonav:terrain>
      </twonav:TwoNavExtension>
    </extensions>
    <trkseg>
      <trkpt lat="30.287655" lon="34.987742">
        <ele>288.6</ele>
        <time>2026-03-24T04:59:31.000Z</time>
        <extensions>
          <gpxtpx:TrackPointExtension>
            <gpxtpx:hr>88</gpxtpx:hr>
            <gpxtpx:cad>0</gpxtpx:cad>
            <gpxtpx:atemp>302.65</gpxtpx:atemp>
          </gpxtpx:TrackPointExtension>
        </extensions>
      </trkpt>
      <trkpt lat="30.287564" lon="34.987735">
        <ele>289.0</ele>
        <time>2026-03-24T04:59:40.000Z</time>
        <extensions>
          <gpxtpx:TrackPointExtension>
            <gpxtpx:hr>73</gpxtpx:hr>
            <gpxtpx:cad>51</gpxtpx:cad>
            <gpxtpx:atemp>302.65</gpxtpx:atemp>
          </gpxtpx:TrackPointExtension>
        </extensions>
      </trkpt>
      <trkpt lat="30.287498" lon="34.987761">
        <ele>289.0</ele>
        <time>2026-03-24T04:59:46.000Z</time>
        <extensions>
          <gpxtpx:TrackPointExtension>
            <gpxtpx:hr>78</gpxtpx:hr>
            <gpxtpx:cad>52</gpxtpx:cad>
            <gpxtpx:atemp>302.65</gpxtpx:atemp>
          </gpxtpx:TrackPointExtension>
        </extensions>
      </trkpt>
      <trkpt lat="30.287414" lon="34.987779">
        <ele>289.4</ele>
        <time>2026-03-24T04:59:53.000Z</time>
        <extensions>
          <gpxtpx:TrackPointExtension>
            <gpxtpx:hr>80</gpxtpx:hr>
            <gpxtpx:cad>54</gpxtpx:cad>
            <gpxtpx:atemp>302.65</gpxtpx:atemp>
          </gpxtpx:TrackPointExtension>
        </extensions>
      </trkpt>
      <trkpt lat="30.287368" lon="34.987741">
        <ele>289.2</ele>
        <time>2026-03-24T04:59:59.000Z</time>
        <extensions>
          <gpxtpx:TrackPointExtension>
            <gpxtpx:hr>82</gpxtpx:hr>
            <gpxtpx:cad>51</gpxtpx:cad>
            <gpxtpx:atemp>302.65</gpxtpx:atemp>
          </gpxtpx:TrackPointExtension>
        </extensions>
      </trkpt>
      <trkpt lat="30.287374" lon="34.987658">
        <ele>289.4</ele>
        <time>2026-03-24T05:00:06.000Z</time>
        <extensions>
          <gpxtpx:TrackPointExtension>
            <gpxtpx:hr>83</gpxtpx:hr>
            <gpxtpx:cad>50</gpxtpx:cad>
            <gpxtpx:atemp>302.65</gpxtpx:atemp>
          </gpxtpx:TrackPointExtension>
        </extensions>
      </trkpt>
      <trkpt lat="30.287359" lon="34.987499">
        <ele>290.2</ele>
        <time>2026-03-24T05:00:16.000Z</time>
        <extensions>
          <gpxtpx:TrackPointExtension>
            <gpxtpx:hr>87</gpxtpx:hr>
            <gpxtpx:cad>53</gpxtpx:cad>
            <gpxtpx:atemp>301.65</gpxtpx:atemp>
          </gpxtpx:TrackPointExtension>
        </extensions>
      </trkpt>
      <trkpt lat="30.287348" lon="34.987425">
        <ele>290.0</ele>
        <time>2026-03-24T05:00:20.000Z</time>
        <extensions>
          <gpxtpx:TrackPointExtension>
            <gpxtpx:hr>90</gpxtpx:hr>
            <gpxtpx:cad>53</gpxtpx:cad>
            <gpxtpx:atemp>301.65</gpxtpx:atemp>
          </gpxtpx:TrackPointExtension>
        </extensions>
      </trkpt>
      <trkpt lat="30.287347" lon="34.987359">
        <ele>290.0</ele>
        <time>2026-03-24T05:00:24.000Z</time>
        <extensions>
          <gpxtpx:TrackPointExtension>
            <gpxtpx:hr>93</gpxtpx:hr>
            <gpxtpx:cad>70</gpxtpx:cad>
            <gpxtpx:atemp>301.65</gpxtpx:atemp>
          </gpxtpx:TrackPointExtension>
        </extensions>
      </trkpt>
      <trkpt lat="30.287307" lon="34.987241">
        <ele>290.0</ele>
        <time>2026-03-24T05:00:33.000Z</time>
        <extensions>
          <gpxtpx:TrackPointExtension>
            <gpxtpx:hr>97</gpxtpx:hr>
            <gpxtpx:cad>57</gpxtpx:cad>
            <gpxtpx:atemp>301.65</gpxtpx:atemp>
          </gpxtpx:TrackPointExtension>
        </extensions>
      </trkpt>
      <trkpt lat="30.287242" lon="34.987228">
        <ele>289.6</ele>
        <time>2026-03-24T05:00:38.000Z</time>
        <extensions>
          <gpxtpx:TrackPointExtension>
            <gpxtpx:hr>97</gpxtpx:hr>
            <gpxtpx:cad>55</gpxtpx:cad>
            <gpxtpx:atemp>301.65</gpxtpx:atemp>
          </gpxtpx:TrackPointExtension>
        </extensions>
      </trkpt>
      <trkpt lat="30.287077" lon="34.987133">
        <ele>290.0</ele>
        <time>2026-03-24T05:00:49.000Z</time>
        <extensions>
          <gpxtpx:TrackPointExtension>
            <gpxtpx:hr>99</gpxtpx:hr>
            <gpxtpx:cad>73</gpxtpx:cad>
            <gpxtpx:atemp>300.65</gpxtpx:atemp>
          </gpxtpx:TrackPointExtension>
        </extensions>
      </trkpt>
      <trkpt lat="30.287020" lon="34.987092">
        <ele>290.4</ele>
        <time>2026-03-24T05:00:53.000Z</time>
        <extensions>
          <gpxtpx:TrackPointExtension>
            <gpxtpx:hr>100</gpxtpx:hr>
            <gpxtpx:cad>73</gpxtpx:cad>
            <gpxtpx:atemp>300.65</gpxtpx:atemp>
          </gpxtpx:TrackPointExtension>
        </extensions>
      </trkpt>
      <trkpt lat="30.286986" lon="34.987044">
        <ele>290.0</ele>
        <time>2026-03-24T05:00:58.000Z</time>
        <extensions>
          <gpxtpx:TrackPointExtension>
            <gpxtpx:hr>102</gpxtpx:hr>
            <gpxtpx:cad>0</gpxtpx:cad>
            <gpxtpx:atemp>300.65</gpxtpx:atemp>
          </gpxtpx:TrackPointExtension>
        </extensions>
      </trkpt>
      <trkpt lat="30.286854" lon="34.986911">
        <ele>290.2</ele>
        <time>2026-03-24T05:01:09.000Z</time>
        <extensions>
          <gpxtpx:TrackPointExtension>
            <gpxtpx:hr>99</gpxtpx:hr>
            <gpxtpx:cad>0</gpxtpx:cad>
            <gpxtpx:atemp>300.65</gpxtpx:atemp>
          </gpxtpx:TrackPointExtension>
        </extensions>
      </trkpt>
      <trkpt lat="30.286760" lon="34.986843">
        <ele>290.4</ele>
        <time>2026-03-24T05:01:15.000Z</time>
        <extensions>
          <gpxtpx:TrackPointExtension>
            <gpxtpx:hr>101</gpxtpx:hr>
            <gpxtpx:cad>75</gpxtpx:cad>
            <gpxtpx:atemp>300.65</gpxtpx:atemp>
          </gpxtpx:TrackPointExtension>
        </extensions>
      </trkpt>
      <trkpt lat="30.286683" lon="34.986759">
        <ele>290.6</ele>
        <time>2026-03-24T05:01:21.000Z</time>
        <extensions>
          <gpxtpx:TrackPointExtension>
            <gpxtpx:hr>103</gpxtpx:hr>
            <gpxtpx:cad>72</gpxtpx:cad>
            <gpxtpx:atemp>300.65</gpxtpx:atemp>
          </gpxtpx:TrackPointExtension>
        </extensions>
      </trkpt>
      <trkpt lat="30.286623" lon="34.986674">
        <ele>290.8</ele>
        <time>2026-03-24T05:01:26.000Z</time>
        <extensions>
          <gpxtpx:TrackPointExtension>
            <gpxtpx:hr>104</gpxtpx:hr>
            <gpxtpx:cad>71</gpxtpx:cad>
            <gpxtpx:atemp>300.65</gpxtpx:atemp>
          </gpxtpx:TrackPointExtension>
        </extensions>
      </trkpt>
      <trkpt lat="30.286571" lon="34.986578">
        <ele>290.8</ele>
        <time>2026-03-24T05:01:31.000Z</time>
        <extensions>
          <gpxtpx:TrackPointExtension>
            <gpxtpx:hr>105</gpxtpx:hr>
            <gpxtpx:cad>73</gpxtpx:cad>
            <gpxtpx:atemp>299.65</gpxtpx:atemp>
          </gpxtpx:TrackPointExtension>
        </extensions>
      </trkpt>
      <trkpt lat="30.286415" lon="34.986411">
        <ele>291.0</ele>
        <time>2026-03-24T05:01:42.000Z</time>
        <extensions>
          <gpxtpx:TrackPointExtension>
            <gpxtpx:hr>110</gpxtpx:hr>
            <gpxtpx:cad>76</gpxtpx:cad>
            <gpxtpx:atemp>299.65</gpxtpx:atemp>
          </gpxtpx:TrackPointExtension>
        </extensions>
      </trkpt>
      <trkpt lat="30.286345" lon="34.986333">
        <ele>291.0</ele>
        <time>2026-03-24T05:01:47.000Z</time>
        <extensions>
          <gpxtpx:TrackPointExtension>
            <gpxtpx:hr>110</gpxtpx:hr>
            <gpxtpx:cad>74</gpxtpx:cad>
            <gpxtpx:atemp>299.65</gpxtpx:atemp>
          </gpxtpx:TrackPointExtension>
        </extensions>
      </trkpt>
      <trkpt lat="30.286314" lon="34.986219">
        <ele>291.4</ele>
        <time>2026-03-24T05:01:53.000Z</time>
        <extensions>
          <gpxtpx:TrackPointExtension>
            <gpxtpx:hr>110</gpxtpx:hr>
            <gpxtpx:cad>73</gpxtpx:cad>
            <gpxtpx:atemp>299.65</gpxtpx:atemp>
          </gpxtpx:TrackPointExtension>
        </extensions>
      </trkpt>
      <trkpt lat="30.286252" lon="34.986085">
        <ele>292.4</ele>
        <time>2026-03-24T05:02:00.000Z</time>
        <extensions>
          <gpxtpx:TrackPointExtension>
            <gpxtpx:hr>112</gpxtpx:hr>
            <gpxtpx:cad>74</gpxtpx:cad>
            <gpxtpx:atemp>299.65</gpxtpx:atemp>
          </gpxtpx:TrackPointExtension>
        </extensions>
      </trkpt>
      <trkpt lat="30.286219" lon="34.985980">
        <ele>292.6</ele>
        <time>2026-03-24T05:02:05.000Z</time>
        <extensions>
          <gpxtpx:TrackPointExtension>
            <gpxtpx:hr>114</gpxtpx:hr>
            <gpxtpx:cad>74</gpxtpx:cad>
            <gpxtpx:atemp>299.65</gpxtpx:atemp>
          </gpxtpx:TrackPointExtension>
        </extensions>
      </trkpt>
      <trkpt lat="30.286180" lon="34.985899">
        <ele>292.6</ele>
        <time>2026-03-24T05:02:09.000Z</time>
        <extensions>
          <gpxtpx:TrackPointExtension>
            <gpxtpx:hr>116</gpxtpx:hr>
            <gpxtpx:cad>74</gpxtpx:cad>
            <gpxtpx:atemp>298.65</gpxtpx:atemp>
          </gpxtpx:TrackPointExtension>
        </extensions>
      </trkpt>
      <trkpt lat="30.286137" lon="34.985830">
        <ele>292.6</ele>
        <time>2026-03-24T05:02:13.000Z</time>
        <extensions>
          <gpxtpx:TrackPointExtension>
            <gpxtpx:hr>118</gpxtpx:hr>
            <gpxtpx:cad>76</gpxtpx:cad>
            <gpxtpx:atemp>298.65</gpxtpx:atemp>
          </gpxtpx:TrackPointExtension>
        </extensions>
      </trkpt>
      <trkpt lat="30.286121" lon="34.985720">
        <ele>293.2</ele>
        <time>2026-03-24T05:02:19.000Z</time>
        <extensions>
          <gpxtpx:TrackPointExtension>
            <gpxtpx:hr>120</gpxtpx:hr>
            <gpxtpx:cad>75</gpxtpx:cad>
            <gpxtpx:atemp>298.65</gpxtpx:atemp>
          </gpxtpx:TrackPointExtension>
        </extensions>
      </trkpt>
      <trkpt lat="30.286110" lon="34.985667">
        <ele>293.4</ele>
        <time>2026-03-24T05:02:23.000Z</time>
        <extensions>
          <gpxtpx:TrackPointExtension>
            <gpxtpx:hr>120</gpxtpx:hr>
            <gpxtpx:cad>72</gpxtpx:cad>
            <gpxtpx:atemp>298.65</gpxtpx:atemp>
          </gpxtpx:TrackPointExtension>
        </extensions>
      </trkpt>
      <trkpt lat="30.286127" lon="34.985595">
        <ele>293.8</ele>
        <time>2026-03-24T05:02:28.000Z</time>
        <extensions>
          <gpxtpx:TrackPointExtension>
            <gpxtpx:hr>121</gpxtpx:hr>
            <gpxtpx:cad>53</gpxtpx:cad>
            <gpxtpx:atemp>298.65</gpxtpx:atemp>
          </gpxtpx:TrackPointExtension>
        </extensions>
      </trkpt>
      <trkpt lat="30.286118" lon="34.985483">
        <ele>293.8</ele>
        <time>2026-03-24T05:02:36.000Z</time>
        <extensions>
          <gpxtpx:TrackPointExtension>
            <gpxtpx:hr>123</gpxtpx:hr>
            <gpxtpx:cad>0</gpxtpx:cad>
            <gpxtpx:atemp>298.65</gpxtpx:atemp>
          </gpxtpx:TrackPointExtension>
        </extensions>
      </trkpt>
      <trkpt lat="30.286117" lon="34.985419">
        <ele>294.4</ele>
        <time>2026-03-24T05:02:40.000Z</time>
        <extensions>
          <gpxtpx:TrackPointExtension>
            <gpxtpx:hr>123</gpxtpx:hr>
            <gpxtpx:cad>54</gpxtpx:cad>
            <gpxtpx:atemp>298.65</gpxtpx:atemp>
          </gpxtpx:TrackPointExtension>
        </extensions>
      </trkpt>
      <trkpt lat="30.286055" lon="34.985306">
        <ele>294.6</ele>
        <time>2026-03-24T05:02:48.000Z</time>
        <extensions>
          <gpxtpx:TrackPointExtension>
            <gpxtpx:hr>121</gpxtpx:hr>
            <gpxtpx:cad>55</gpxtpx:cad>
            <gpxtpx:atemp>298.65</gpxtpx:atemp>
          </gpxtpx:TrackPointExtension>
        </extensions>
      </trkpt>
      <trkpt lat="30.286023" lon="34.985232">
        <ele>294.2</ele>
        <time>2026-03-24T05:02:53.000Z</time>
        <extensions>
          <gpxtpx:TrackPointExtension>
            <gpxtpx:hr>120</gpxtpx:hr>
            <gpxtpx:cad>56</gpxtpx:cad>
            <gpxtpx:atemp>298.65</gpxtpx:atemp>
          </gpxtpx:TrackPointExtension>
        </extensions>
      </trkpt>
      <trkpt lat="30.285962" lon="34.985167">
        <ele>294.6</ele>
        <time>2026-03-24T05:02:59.000Z</time>
        <extensions>
          <gpxtpx:TrackPointExtension>
            <gpxtpx:hr>119</gpxtpx:hr>
            <gpxtpx:cad>56</gpxtpx:cad>
            <gpxtpx:atemp>298.65</gpxtpx:atemp>
          </gpxtpx:TrackPointExtension>
        </extensions>
      </trkpt>
      <trkpt lat="30.285866" lon="34.985129">
        <ele>294.6</ele>
        <time>2026-03-24T05:03:07.000Z</time>
        <extensions>
          <gpxtpx:TrackPointExtension>
            <gpxtpx:hr>118</gpxtpx:hr>
            <gpxtpx:cad>0</gpxtpx:cad>
            <gpxtpx:atemp>298.65</gpxtpx:atemp>
          </gpxtpx:TrackPointExtension>
        </extensions>
      </trkpt>
      <trkpt lat="30.285827" lon="34.985048">
        <ele>293.4</ele>
        <time>2026-03-24T05:03:15.000Z</time>
        <extensions>
          <gpxtpx:TrackPointExtension>
            <gpxtpx:hr>119</gpxtpx:hr>
            <gpxtpx:cad>0</gpxtpx:cad>
            <gpxtpx:atemp>298.65</gpxtpx:atemp>
          </gpxtpx:TrackPointExtension>
        </extensions>
      </trkpt>
      <trkpt lat="30.285784" lon="34.984985">
        <ele>291.2</ele>
        <time>2026-03-24T05:03:23.000Z</time>
        <extensions>
          <gpxtpx:TrackPointExtension>
            <gpxtpx:hr>117</gpxtpx:hr>
            <gpxtpx:cad>64</gpxtpx:cad>
            <gpxtpx:atemp>298.65</gpxtpx:atemp>
          </gpxtpx:TrackPointExtension>
        </extensions>
      </trkpt>
      <trkpt lat="30.285744" lon="34.984916">
        <ele>290.4</ele>
        <time>2026-03-24T05:03:28.000Z</time>
        <extensions>
          <gpxtpx:TrackPointExtension>
            <gpxtpx:hr>115</gpxtpx:hr>
            <gpxtpx:cad>73</gpxtpx:cad>
            <gpxtpx:atemp>298.65</gpxtpx:atemp>
          </gpxtpx:TrackPointExtension>
        </extensions>
      </trkpt>
      <trkpt lat="30.285662" lon="34.984828">
        <ele>289.6</ele>
        <time>2026-03-24T05:03:35.000Z</time>
        <extensions>
          <gpxtpx:TrackPointExtension>
            <gpxtpx:hr>112</gpxtpx:hr>
            <gpxtpx:cad>0</gpxtpx:cad>
            <gpxtpx:atemp>298.65</gpxtpx:atemp>
          </gpxtpx:TrackPointExtension>
        </extensions>
      </trkpt>
      <trkpt lat="30.285619" lon="34.984799">
        <ele>289.6</ele>
        <time>2026-03-24T05:03:38.000Z</time>
        <extensions>
          <gpxtpx:TrackPointExtension>
            <gpxtpx:hr>110</gpxtpx:hr>
            <gpxtpx:cad>72</gpxtpx:cad>
            <gpxtpx:atemp>298.65</gpxtpx:atemp>
          </gpxtpx:TrackPointExtension>
        </extensions>
      </trkpt>
      <trkpt lat="30.285542" lon="34.984716">
        <ele>289.2</ele>
        <time>2026-03-24T05:03:44.000Z</time>
        <extensions>
          <gpxtpx:TrackPointExtension>
            <gpxtpx:hr>104</gpxtpx:hr>
            <gpxtpx:cad>71</gpxtpx:cad>
            <gpxtpx:atemp>298.65</gpxtpx:atemp>
          </gpxtpx:TrackPointExtension>
        </extensions>
      </trkpt>
      <trkpt lat="30.285456" lon="34.984664">
        <ele>289.0</ele>
        <time>2026-03-24T05:03:51.000Z</time>
        <extensions>
          <gpxtpx:TrackPointExtension>
            <gpxtpx:hr>104</gpxtpx:hr>
            <gpxtpx:cad>71</gpxtpx:cad>
            <gpxtpx:atemp>298.65</gpxtpx:atemp>
          </gpxtpx:TrackPointExtension>
        </extensions>
      </trkpt>
      <trkpt lat="30.285455" lon="34.984620">
        <ele>289.0</ele>
        <time>2026-03-24T05:03:54.000Z</time>
        <extensions>
          <gpxtpx:TrackPointExtension>
            <gpxtpx:hr>104</gpxtpx:hr>
            <gpxtpx:cad>67</gpxtpx:cad>
            <gpxtpx:atemp>298.65</gpxtpx:atemp>
          </gpxtpx:TrackPointExtension>
        </extensions>
      </trkpt>
      <trkpt lat="30.285356" lon="34.984436">
        <ele>288.0</ele>
        <time>2026-03-24T05:04:06.000Z</time>
        <extensions>
          <gpxtpx:TrackPointExtension>
            <gpxtpx:hr>104</gpxtpx:hr>
            <gpxtpx:cad>65</gpxtpx:cad>
            <gpxtpx:atemp>298.65</gpxtpx:atemp>
          </gpxtpx:TrackPointExtension>
        </extensions>
      </trkpt>
      <trkpt lat="30.285267" lon="34.984438">
        <ele>287.8</ele>
        <time>2026-03-24T05:04:15.000Z</time>
        <extensions>
          <gpxtpx:TrackPointExtension>
            <gpxtpx:hr>103</gpxtpx:hr>
            <gpxtpx:cad>61</gpxtpx:cad>
            <gpxtpx:atemp>298.65</gpxtpx:atemp>
          </gpxtpx:TrackPointExtension>
        </extensions>
      </trkpt>
      <trkpt lat="30.285201" lon="34.984512">
        <ele>288.6</ele>
        <time>2026-03-24T05:04:23.000Z</time>
        <extensions>
          <gpxtpx:TrackPointExtension>
            <gpxtpx:hr>108</gpxtpx:hr>
            <gpxtpx:cad>0</gpxtpx:cad>
            <gpxtpx:atemp>298.65</gpxtpx:atemp>
          </gpxtpx:TrackPointExtension>
        </extensions>
      </trkpt>
      <trkpt lat="30.285162" lon="34.984440">
        <ele>288.4</ele>
        <time>2026-03-24T05:04:28.000Z</time>
        <extensions>
          <gpxtpx:TrackPointExtension>
            <gpxtpx:hr>109</gpxtpx:hr>
            <gpxtpx:cad>62</gpxtpx:cad>
            <gpxtpx:atemp>298.65</gpxtpx:atemp>
          </gpxtpx:TrackPointExtension>
        </extensions>
      </trkpt>
      <trkpt lat="30.285127" lon="34.984402">
        <ele>287.8</ele>
        <time>2026-03-24T05:04:31.000Z</time>
        <extensions>
          <gpxtpx:TrackPointExtension>
            <gpxtpx:hr>108</gpxtpx:hr>
            <gpxtpx:cad>62</gpxtpx:cad>
            <gpxtpx:atemp>298.65</gpxtpx:atemp>
          </gpxtpx:TrackPointExtension>
        </extensions>
      </trkpt>
      <trkpt lat="30.285069" lon="34.984347">
        <ele>287.0</ele>
        <time>2026-03-24T05:04:36.000Z</time>
        <extensions>
          <gpxtpx:TrackPointExtension>
            <gpxtpx:hr>108</gpxtpx:hr>
            <gpxtpx:cad>68</gpxtpx:cad>
            <gpxtpx:atemp>298.65</gpxtpx:atemp>
          </gpxtpx:TrackPointExtension>
        </extensions>
      </trkpt>
      <trkpt lat="30.285010" lon="34.984307">
        <ele>286.8</ele>
        <time>2026-03-24T05:04:40.000Z</time>
        <extensions>
          <gpxtpx:TrackPointExtension>
            <gpxtpx:hr>109</gpxtpx:hr>
            <gpxtpx:cad>62</gpxtpx:cad>
            <gpxtpx:atemp>298.65</gpxtpx:atemp>
          </gpxtpx:TrackPointExtension>
        </extensions>
      </trkpt>
      <trkpt lat="30.284902" lon="34.984255">
        <ele>286.4</ele>
        <time>2026-03-24T05:04:47.000Z</time>
        <extensions>
          <gpxtpx:TrackPointExtension>
            <gpxtpx:hr>116</gpxtpx:hr>
            <gpxtpx:cad>72</gpxtpx:cad>
            <gpxtpx:atemp>298.65</gpxtpx:atemp>
          </gpxtpx:TrackPointExtension>
        </extensions>
      </trkpt>
      <trkpt lat="30.284871" lon="34.984232">
        <ele>286.4</ele>
        <time>2026-03-24T05:04:49.000Z</time>
        <extensions>
          <gpxtpx:TrackPointExtension>
            <gpxtpx:hr>118</gpxtpx:hr>
            <gpxtpx:cad>72</gpxtpx:cad>
            <gpxtpx:atemp>298.65</gpxtpx:atemp>
          </gpxtpx:TrackPointExtension>
        </extensions>
      </trkpt>
      <trkpt lat="30.284761" lon="34.984187">
        <ele>286.2</ele>
        <time>2026-03-24T05:04:56.000Z</time>
        <extensions>
          <gpxtpx:TrackPointExtension>
            <gpxtpx:hr>118</gpxtpx:hr>
            <gpxtpx:cad>74</gpxtpx:cad>
            <gpxtpx:atemp>298.65</gpxtpx:atemp>
          </gpxtpx:TrackPointExtension>
        </extensions>
      </trkpt>
      <trkpt lat="30.284721" lon="34.984174">
        <ele>286.0</ele>
        <time>2026-03-24T05:04:58.000Z</time>
        <extensions>
          <gpxtpx:TrackPointExtension>
            <gpxtpx:hr>119</gpxtpx:hr>
            <gpxtpx:cad>73</gpxtpx:cad>
            <gpxtpx:atemp>298.65</gpxtpx:atemp>
          </gpxtpx:TrackPointExtension>
        </extensions>
      </trkpt>
      <trkpt lat="30.284668" lon="34.984124">
        <ele>285.8</ele>
        <time>2026-03-24T05:05:04.000Z</time>
        <extensions>
          <gpxtpx:TrackPointExtension>
            <gpxtpx:hr>120</gpxtpx:hr>
            <gpxtpx:cad>71</gpxtpx:cad>
            <gpxtpx:atemp>298.65</gpxtpx:atemp>
          </gpxtpx:TrackPointExtension>
        </extensions>
      </trkpt>
      <trkpt lat="30.284507" lon="34.984059">
        <ele>285.4</ele>
        <time>2026-03-24T05:05:15.000Z</time>
        <extensions>
          <gpxtpx:TrackPointExtension>
            <gpxtpx:hr>119</gpxtpx:hr>
            <gpxtpx:cad>53</gpxtpx:cad>
            <gpxtpx:atemp>298.65</gpxtpx:atemp>
          </gpxtpx:TrackPointExtension>
        </extensions>
      </trkpt>
      <trkpt lat="30.284424" lon="34.984002">
        <ele>285.0</ele>
        <time>2026-03-24T05:05:21.000Z</time>
        <extensions>
          <gpxtpx:TrackPointExtension>
            <gpxtpx:hr>119</gpxtpx:hr>
            <gpxtpx:cad>72</gpxtpx:cad>
            <gpxtpx:atemp>298.65</gpxtpx:atemp>
          </gpxtpx:TrackPointExtension>
        </extensions>
      </trkpt>
      <trkpt lat="30.284320" lon="34.983971">
        <ele>284.8</ele>
        <time>2026-03-24T05:05:29.000Z</time>
        <extensions>
          <gpxtpx:TrackPointExtension>
            <gpxtpx:hr>119</gpxtpx:hr>
            <gpxtpx:cad>71</gpxtpx:cad>
            <gpxtpx:atemp>298.65</gpxtpx:atemp>
          </gpxtpx:TrackPointExtension>
        </extensions>
      </trkpt>
      <trkpt lat="30.284253" lon="34.983959">
        <ele>284.8</ele>
        <time>2026-03-24T05:05:34.000Z</time>
        <extensions>
          <gpxtpx:TrackPointExtension>
            <gpxtpx:hr>117</gpxtpx:hr>
            <gpxtpx:cad>59</gpxtpx:cad>
            <gpxtpx:atemp>298.65</gpxtpx:atemp>
          </gpxtpx:TrackPointExtension>
        </extensions>
      </trkpt>
      <trkpt lat="30.284210" lon="34.983932">
        <ele>285.0</ele>
        <time>2026-03-24T05:05:39.000Z</time>
        <extensions>
          <gpxtpx:TrackPointExtension>
            <gpxtpx:hr>115</gpxtpx:hr>
            <gpxtpx:cad>55</gpxtpx:cad>
            <gpxtpx:atemp>298.65</gpxtpx:atemp>
          </gpxtpx:TrackPointExtension>
        </extensions>
      </trkpt>
      <trkpt lat="30.284185" lon="34.983932">
        <ele>285.0</ele>
        <time>2026-03-24T05:05:56.000Z</time>
        <extensions>
          <gpxtpx:TrackPointExtension>
            <gpxtpx:hr>102</gpxtpx:hr>
            <gpxtpx:cad>0</gpxtpx:cad>
            <gpxtpx:atemp>298.65</gpxtpx:atemp>
          </gpxtpx:TrackPointExtension>
        </extensions>
      </trkpt>
      <trkpt lat="30.284290" lon="34.983963">
        <ele>284.8</ele>
        <time>2026-03-24T05:06:14.000Z</time>
        <extensions>
          <gpxtpx:TrackPointExtension>
            <gpxtpx:hr>98</gpxtpx:hr>
            <gpxtpx:cad>50</gpxtpx:cad>
            <gpxtpx:atemp>298.65</gpxtpx:atemp>
          </gpxtpx:TrackPointExtension>
        </extensions>
      </trkpt>
      <trkpt lat="30.284372" lon="34.983897">
        <ele>285.2</ele>
        <time>2026-03-24T05:06:24.000Z</time>
        <extensions>
          <gpxtpx:TrackPointExtension>
            <gpxtpx:hr>97</gpxtpx:hr>
            <gpxtpx:cad>51</gpxtpx:cad>
            <gpxtpx:atemp>298.65</gpxtpx:atemp>
          </gpxtpx:TrackPointExtension>
        </extensions>
      </trkpt>
      <trkpt lat="30.284368" lon="34.983894">
        <ele>284.8</ele>
        <time>2026-03-24T05:07:02.000Z</time>
        <extensions>
          <gpxtpx:TrackPointExtension>
            <gpxtpx:hr>92</gpxtpx:hr>
            <gpxtpx:cad>0</gpxtpx:cad>
            <gpxtpx:atemp>298.65</gpxtpx:atemp>
          </gpxtpx:TrackPointExtension>
        </extensions>
      </trkpt>
      <trkpt lat="30.284368" lon="34.983894">
        <ele>284.8</ele>
        <time>2026-03-24T05:07:08.000Z</time>
        <extensions>
          <gpxtpx:TrackPointExtension>
            <gpxtpx:hr>92</gpxtpx:hr>
            <gpxtpx:cad>0</gpxtpx:cad>
            <gpxtpx:atemp>298.65</gpxtpx:atemp>
          </gpxtpx:TrackPointExtension>
        </extensions>
      </trkpt>
      <trkpt lat="30.284377" lon="34.983890">
        <ele>284.8</ele>
        <time>2026-03-24T05:08:34.000Z</time>
        <extensions>
          <gpxtpx:TrackPointExtension>
            <gpxtpx:hr>78</gpxtpx:hr>
            <gpxtpx:cad>50</gpxtpx:cad>
            <gpxtpx:atemp>299.65</gpxtpx:atemp>
          </gpxtpx:TrackPointExtension>
        </extensions>
      </trkpt>
      <trkpt lat="30.284306" lon="34.983934">
        <ele>284.2</ele>
        <time>2026-03-24T05:08:57.000Z</time>
        <extensions>
          <gpxtpx:TrackPointExtension>
            <gpxtpx:hr>79</gpxtpx:hr>
            <gpxtpx:cad>58</gpxtpx:cad>
            <gpxtpx:atemp>299.65</gpxtpx:atemp>
          </gpxtpx:TrackPointExtension>
        </extensions>
      </trkpt>
      <trkpt lat="30.284248" lon="34.983952">
        <ele>284.4</ele>
        <time>2026-03-24T05:09:01.000Z</time>
        <extensions>
          <gpxtpx:TrackPointExtension>
            <gpxtpx:hr>80</gpxtpx:hr>
            <gpxtpx:cad>65</gpxtpx:cad>
            <gpxtpx:atemp>299.65</gpxtpx:atemp>
          </gpxtpx:TrackPointExtension>
        </extensions>
      </trkpt>
      <trkpt lat="30.284165" lon="34.983937">
        <ele>285.0</ele>
        <time>2026-03-24T05:09:08.000Z</time>
        <extensions>
          <gpxtpx:TrackPointExtension>
            <gpxtpx:hr>86</gpxtpx:hr>
            <gpxtpx:cad>53</gpxtpx:cad>
            <gpxtpx:atemp>298.65</gpxtpx:atemp>
          </gpxtpx:TrackPointExtension>
        </extensions>
      </trkpt>
      <trkpt lat="30.284107" lon="34.983913">
        <ele>286.6</ele>
        <time>2026-03-24T05:09:13.000Z</time>
        <extensions>
          <gpxtpx:TrackPointExtension>
            <gpxtpx:hr>86</gpxtpx:hr>
            <gpxtpx:cad>75</gpxtpx:cad>
            <gpxtpx:atemp>298.65</gpxtpx:atemp>
          </gpxtpx:TrackPointExtension>
        </extensions>
      </trkpt>
      <trkpt lat="30.284091" lon="34.983853">
        <ele>288.4</ele>
        <time>2026-03-24T05:09:19.000Z</time>
        <extensions>
          <gpxtpx:TrackPointExtension>
            <gpxtpx:hr>90</gpxtpx:hr>
            <gpxtpx:cad>0</gpxtpx:cad>
            <gpxtpx:atemp>298.65</gpxtpx:atemp>
          </gpxtpx:TrackPointExtension>
        </extensions>
      </trkpt>
      <trkpt lat="30.284078" lon="34.983757">
        <ele>289.4</ele>
        <time>2026-03-24T05:09:25.000Z</time>
        <extensions>
          <gpxtpx:TrackPointExtension>
            <gpxtpx:hr>96</gpxtpx:hr>
            <gpxtpx:cad>0</gpxtpx:cad>
            <gpxtpx:atemp>298.65</gpxtpx:atemp>
          </gpxtpx:TrackPointExtension>
        </extensions>
      </trkpt>
      <trkpt lat="30.284089" lon="34.983639">
        <ele>288.8</ele>
        <time>2026-03-24T05:09:31.000Z</time>
        <extensions>
          <gpxtpx:TrackPointExtension>
            <gpxtpx:hr>100</gpxtpx:hr>
            <gpxtpx:cad>0</gpxtpx:cad>
            <gpxtpx:atemp>298.65</gpxtpx:atemp>
          </gpxtpx:TrackPointExtension>
        </extensions>
      </trkpt>
      <trkpt lat="30.284067" lon="34.983505">
        <ele>288.8</ele>
        <time>2026-03-24T05:09:37.000Z</time>
        <extensions>
          <gpxtpx:TrackPointExtension>
            <gpxtpx:hr>103</gpxtpx:hr>
            <gpxtpx:cad>72</gpxtpx:cad>
            <gpxtpx:atemp>298.65</gpxtpx:atemp>
          </gpxtpx:TrackPointExtension>
        </extensions>
      </trkpt>
      <trkpt lat="30.284054" lon="34.983384">
        <ele>288.4</ele>
        <time>2026-03-24T05:09:44.000Z</time>
        <extensions>
          <gpxtpx:TrackPointExtension>
            <gpxtpx:hr>106</gpxtpx:hr>
            <gpxtpx:cad>65</gpxtpx:cad>
            <gpxtpx:atemp>298.65</gpxtpx:atemp>
          </gpxtpx:TrackPointExtension>
        </extensions>
      </trkpt>
      <trkpt lat="30.284020" lon="34.983270">
        <ele>288.8</ele>
        <time>2026-03-24T05:09:50.000Z</time>
        <extensions>
          <gpxtpx:TrackPointExtension>
            <gpxtpx:hr>108</gpxtpx:hr>
            <gpxtpx:cad>0</gpxtpx:cad>
            <gpxtpx:atemp>298.65</gpxtpx:atemp>
          </gpxtpx:TrackPointExtension>
        </extensions>
      </trkpt>
      <trkpt lat="30.283993" lon="34.983213">
        <ele>288.6</ele>
        <time>2026-03-24T05:09:54.000Z</time>
        <extensions>
          <gpxtpx:TrackPointExtension>
            <gpxtpx:hr>108</gpxtpx:hr>
            <gpxtpx:cad>67</gpxtpx:cad>
            <gpxtpx:atemp>297.65</gpxtpx:atemp>
          </gpxtpx:TrackPointExtension>
        </extensions>
      </trkpt>
      <trkpt lat="30.283928" lon="34.983130">
        <ele>289.0</ele>
        <time>2026-03-24T05:10:00.000Z</time>
        <extensions>
          <gpxtpx:TrackPointExtension>
            <gpxtpx:hr>107</gpxtpx:hr>
            <gpxtpx:cad>66</gpxtpx:cad>
            <gpxtpx:atemp>297.65</gpxtpx:atemp>
          </gpxtpx:TrackPointExtension>
        </extensions>
      </trkpt>
      <trkpt lat="30.283911" lon="34.983056">
        <ele>289.0</ele>
        <time>2026-03-24T05:10:04.000Z</time>
        <extensions>
          <gpxtpx:TrackPointExtension>
            <gpxtpx:hr>106</gpxtpx:hr>
            <gpxtpx:cad>66</gpxtpx:cad>
            <gpxtpx:atemp>297.65</gpxtpx:atemp>
          </gpxtpx:TrackPointExtension>
        </extensions>
      </trkpt>
      <trkpt lat="30.283888" lon="34.982996">
        <ele>289.4</ele>
        <time>2026-03-24T05:10:07.000Z</time>
        <extensions>
          <gpxtpx:TrackPointExtension>
            <gpxtpx:hr>106</gpxtpx:hr>
            <gpxtpx:cad>70</gpxtpx:cad>
            <gpxtpx:atemp>297.65</gpxtpx:atemp>
          </gpxtpx:TrackPointExtension>
        </extensions>
      </trkpt>
      <trkpt lat="30.283816" lon="34.982881">
        <ele>290.6</ele>
        <time>2026-03-24T05:10:14.000Z</time>
        <extensions>
          <gpxtpx:TrackPointExtension>
            <gpxtpx:hr>106</gpxtpx:hr>
            <gpxtpx:cad>73</gpxtpx:cad>
            <gpxtpx:atemp>297.65</gpxtpx:atemp>
          </gpxtpx:TrackPointExtension>
        </extensions>
      </trkpt>
      <trkpt lat="30.283797" lon="34.982843">
        <ele>290.6</ele>
        <time>2026-03-24T05:10:16.000Z</time>
        <extensions>
          <gpxtpx:TrackPointExtension>
            <gpxtpx:hr>107</gpxtpx:hr>
            <gpxtpx:cad>73</gpxtpx:cad>
            <gpxtpx:atemp>297.65</gpxtpx:atemp>
          </gpxtpx:TrackPointExtension>
        </extensions>
      </trkpt>
      <trkpt lat="30.283726" lon="34.982739">
        <ele>290.6</ele>
        <time>2026-03-24T05:10:22.000Z</time>
        <extensions>
          <gpxtpx:TrackPointExtension>
            <gpxtpx:hr>110</gpxtpx:hr>
            <gpxtpx:cad>76</gpxtpx:cad>
            <gpxtpx:atemp>297.65</gpxtpx:atemp>
          </gpxtpx:TrackPointExtension>
        </extensions>
      </trkpt>
      <trkpt lat="30.283666" lon="34.982638">
        <ele>291.4</ele>
        <time>2026-03-24T05:10:28.000Z</time>
        <extensions>
          <gpxtpx:TrackPointExtension>
            <gpxtpx:hr>114</gpxtpx:hr>
            <gpxtpx:cad>76</gpxtpx:cad>
            <gpxtpx:atemp>297.65</gpxtpx:atemp>
          </gpxtpx:TrackPointExtension>
        </extensions>
      </trkpt>
      <trkpt lat="30.283631" lon="34.982569">
        <ele>291.8</ele>
        <time>2026-03-24T05:10:32.000Z</time>
        <extensions>
          <gpxtpx:TrackPointExtension>
            <gpxtpx:hr>117</gpxtpx:hr>
            <gpxtpx:cad>71</gpxtpx:cad>
            <gpxtpx:atemp>297.65</gpxtpx:atemp>
          </gpxtpx:TrackPointExtension>
        </extensions>
      </trkpt>
      <trkpt lat="30.283569" lon="34.982509">
        <ele>291.8</ele>
        <time>2026-03-24T05:10:38.000Z</time>
        <extensions>
          <gpxtpx:TrackPointExtension>
            <gpxtpx:hr>120</gpxtpx:hr>
            <gpxtpx:cad>72</gpxtpx:cad>
            <gpxtpx:atemp>297.65</gpxtpx:atemp>
          </gpxtpx:TrackPointExtension>
        </extensions>
      </trkpt>
      <trkpt lat="30.283539" lon="34.982489">
        <ele>291.2</ele>
        <time>2026-03-24T05:10:42.000Z</time>
        <extensions>
          <gpxtpx:TrackPointExtension>
            <gpxtpx:hr>121</gpxtpx:hr>
            <gpxtpx:cad>53</gpxtpx:cad>
            <gpxtpx:atemp>297.65</gpxtpx:atemp>
          </gpxtpx:TrackPointExtension>
        </extensions>
      </trkpt>
      <trkpt lat="30.283481" lon="34.982499">
        <ele>290.2</ele>
        <time>2026-03-24T05:10:46.000Z</time>
        <extensions>
          <gpxtpx:TrackPointExtension>
            <gpxtpx:hr>121</gpxtpx:hr>
            <gpxtpx:cad>53</gpxtpx:cad>
            <gpxtpx:atemp>297.65</gpxtpx:atemp>
          </gpxtpx:TrackPointExtension>
        </extensions>
      </trkpt>
      <trkpt lat="30.283417" lon="34.982485">
        <ele>289.8</ele>
        <time>2026-03-24T05:10:51.000Z</time>
        <extensions>
          <gpxtpx:TrackPointExtension>
            <gpxtpx:hr>119</gpxtpx:hr>
            <gpxtpx:cad>63</gpxtpx:cad>
            <gpxtpx:atemp>297.65</gpxtpx:atemp>
          </gpxtpx:TrackPointExtension>
        </extensions>
      </trkpt>
      <trkpt lat="30.283361" lon="34.982500">
        <ele>288.8</ele>
        <time>2026-03-24T05:11:04.000Z</time>
        <extensions>
          <gpxtpx:TrackPointExtension>
            <gpxtpx:hr>125</gpxtpx:hr>
            <gpxtpx:cad>0</gpxtpx:cad>
            <gpxtpx:atemp>297.65</gpxtpx:atemp>
          </gpxtpx:TrackPointExtension>
        </extensions>
      </trkpt>
      <trkpt lat="30.283283" lon="34.982470">
        <ele>287.4</ele>
        <time>2026-03-24T05:11:12.000Z</time>
        <extensions>
          <gpxtpx:TrackPointExtension>
            <gpxtpx:hr>123</gpxtpx:hr>
            <gpxtpx:cad>62</gpxtpx:cad>
            <gpxtpx:atemp>297.65</gpxtpx:atemp>
          </gpxtpx:TrackPointExtension>
        </extensions>
      </trkpt>
      <trkpt lat="30.283237" lon="34.982442">
        <ele>286.4</ele>
        <time>2026-03-24T05:11:19.000Z</time>
        <extensions>
          <gpxtpx:TrackPointExtension>
            <gpxtpx:hr>121</gpxtpx:hr>
            <gpxtpx:cad>0</gpxtpx:cad>
            <gpxtpx:atemp>297.65</gpxtpx:atemp>
          </gpxtpx:TrackPointExtension>
        </extensions>
      </trkpt>
      <trkpt lat="30.283223" lon="34.982405">
        <ele>286.6</ele>
        <time>2026-03-24T05:11:29.000Z</time>
        <extensions>
          <gpxtpx:TrackPointExtension>
            <gpxtpx:hr>117</gpxtpx:hr>
            <gpxtpx:cad>0</gpxtpx:cad>
            <gpxtpx:atemp>297.65</gpxtpx:atemp>
          </gpxtpx:TrackPointExtension>
        </extensions>
      </trkpt>
      <trkpt lat="30.283215" lon="34.982351">
        <ele>287.0</ele>
        <time>2026-03-24T05:11:33.000Z</time>
        <extensions>
          <gpxtpx:TrackPointExtension>
            <gpxtpx:hr>116</gpxtpx:hr>
            <gpxtpx:cad>0</gpxtpx:cad>
            <gpxtpx:atemp>297.65</gpxtpx:atemp>
          </gpxtpx:TrackPointExtension>
        </extensions>
      </trkpt>
      <trkpt lat="30.283161" lon="34.982268">
        <ele>286.6</ele>
        <time>2026-03-24T05:11:40.000Z</time>
        <extensions>
          <gpxtpx:TrackPointExtension>
            <gpxtpx:hr>113</gpxtpx:hr>
            <gpxtpx:cad>0</gpxtpx:cad>
            <gpxtpx:atemp>297.65</gpxtpx:atemp>
          </gpxtpx:TrackPointExtension>
        </extensions>
      </trkpt>
      <trkpt lat="30.283123" lon="34.982162">
        <ele>286.6</ele>
        <time>2026-03-24T05:11:47.000Z</time>
        <extensions>
          <gpxtpx:TrackPointExtension>
            <gpxtpx:hr>110</gpxtpx:hr>
            <gpxtpx:cad>0</gpxtpx:cad>
            <gpxtpx:atemp>297.65</gpxtpx:atemp>
          </gpxtpx:TrackPointExtension>
        </extensions>
      </trkpt>
      <trkpt lat="30.283123" lon="34.982095">
        <ele>287.0</ele>
        <time>2026-03-24T05:11:50.000Z</time>
        <extensions>
          <gpxtpx:TrackPointExtension>
            <gpxtpx:hr>110</gpxtpx:hr>
            <gpxtpx:cad>68</gpxtpx:cad>
            <gpxtpx:atemp>297.65</gpxtpx:atemp>
          </gpxtpx:TrackPointExtension>
        </extensions>
      </trkpt>
      <trkpt lat="30.283132" lon="34.982028">
        <ele>287.0</ele>
        <time>2026-03-24T05:11:53.000Z</time>
        <extensions>
          <gpxtpx:TrackPointExtension>
            <gpxtpx:hr>109</gpxtpx:hr>
            <gpxtpx:cad>73</gpxtpx:cad>
            <gpxtpx:atemp>297.65</gpxtpx:atemp>
          </gpxtpx:TrackPointExtension>
        </extensions>
      </trkpt>
      <trkpt lat="30.283132" lon="34.981959">
        <ele>287.0</ele>
        <time>2026-03-24T05:11:56.000Z</time>
        <extensions>
          <gpxtpx:TrackPointExtension>
            <gpxtpx:hr>108</gpxtpx:hr>
            <gpxtpx:cad>74</gpxtpx:cad>
            <gpxtpx:atemp>297.65</gpxtpx:atemp>
          </gpxtpx:TrackPointExtension>
        </extensions>
      </trkpt>
      <trkpt lat="30.283114" lon="34.981850">
        <ele>287.4</ele>
        <time>2026-03-24T05:12:01.000Z</time>
        <extensions>
          <gpxtpx:TrackPointExtension>
            <gpxtpx:hr>109</gpxtpx:hr>
            <gpxtpx:cad>75</gpxtpx:cad>
            <gpxtpx:atemp>297.65</gpxtpx:atemp>
          </gpxtpx:TrackPointExtension>
        </extensions>
      </trkpt>
      <trkpt lat="30.283105" lon="34.981724">
        <ele>287.6</ele>
        <time>2026-03-24T05:12:07.000Z</time>
        <extensions>
          <gpxtpx:TrackPointExtension>
            <gpxtpx:hr>112</gpxtpx:hr>
            <gpxtpx:cad>75</gpxtpx:cad>
            <gpxtpx:atemp>297.65</gpxtpx:atemp>
          </gpxtpx:TrackPointExtension>
        </extensions>
      </trkpt>
      <trkpt lat="30.283106" lon="34.981624">
        <ele>287.2</ele>
        <time>2026-03-24T05:12:11.000Z</time>
        <extensions>
          <gpxtpx:TrackPointExtension>
            <gpxtpx:hr>115</gpxtpx:hr>
            <gpxtpx:cad>76</gpxtpx:cad>
            <gpxtpx:atemp>296.65</gpxtpx:atemp>
          </gpxtpx:TrackPointExtension>
        </extensions>
      </trkpt>
      <trkpt lat="30.283065" lon="34.981493">
        <ele>287.2</ele>
        <time>2026-03-24T05:12:17.000Z</time>
        <extensions>
          <gpxtpx:TrackPointExtension>
            <gpxtpx:hr>117</gpxtpx:hr>
            <gpxtpx:cad>75</gpxtpx:cad>
            <gpxtpx:atemp>296.65</gpxtpx:atemp>
          </gpxtpx:TrackPointExtension>
        </extensions>
      </trkpt>
      <trkpt lat="30.283048" lon="34.981374">
        <ele>287.4</ele>
        <time>2026-03-24T05:12:22.000Z</time>
        <extensions>
          <gpxtpx:TrackPointExtension>
            <gpxtpx:hr>118</gpxtpx:hr>
            <gpxtpx:cad>76</gpxtpx:cad>
            <gpxtpx:atemp>296.65</gpxtpx:atemp>
          </gpxtpx:TrackPointExtension>
        </extensions>
      </trkpt>
      <trkpt lat="30.283023" lon="34.981291">
        <ele>287.4</ele>
        <time>2026-03-24T05:12:26.000Z</time>
        <extensions>
          <gpxtpx:TrackPointExtension>
            <gpxtpx:hr>120</gpxtpx:hr>
            <gpxtpx:cad>76</gpxtpx:cad>
            <gpxtpx:atemp>296.65</gpxtpx:atemp>
          </gpxtpx:TrackPointExtension>
        </extensions>
      </trkpt>
      <trkpt lat="30.282994" lon="34.981213">
        <ele>287.8</ele>
        <time>2026-03-24T05:12:31.000Z</time>
        <extensions>
          <gpxtpx:TrackPointExtension>
            <gpxtpx:hr>121</gpxtpx:hr>
            <gpxtpx:cad>73</gpxtpx:cad>
            <gpxtpx:atemp>296.65</gpxtpx:atemp>
          </gpxtpx:TrackPointExtension>
        </extensions>
      </trkpt>
      <trkpt lat="30.282974" lon="34.981184">
        <ele>288.0</ele>
        <time>2026-03-24T05:12:33.000Z</time>
        <extensions>
          <gpxtpx:TrackPointExtension>
            <gpxtpx:hr>122</gpxtpx:hr>
            <gpxtpx:cad>66</gpxtpx:cad>
            <gpxtpx:atemp>296.65</gpxtpx:atemp>
          </gpxtpx:TrackPointExtension>
        </extensions>
      </trkpt>
      <trkpt lat="30.282891" lon="34.981096">
        <ele>288.8</ele>
        <time>2026-03-24T05:12:42.000Z</time>
        <extensions>
          <gpxtpx:TrackPointExtension>
            <gpxtpx:hr>120</gpxtpx:hr>
            <gpxtpx:cad>51</gpxtpx:cad>
            <gpxtpx:atemp>296.65</gpxtpx:atemp>
          </gpxtpx:TrackPointExtension>
        </extensions>
      </trkpt>
      <trkpt lat="30.282832" lon="34.980997">
        <ele>289.0</ele>
        <time>2026-03-24T05:12:50.000Z</time>
        <extensions>
          <gpxtpx:TrackPointExtension>
            <gpxtpx:hr>119</gpxtpx:hr>
            <gpxtpx:cad>53</gpxtpx:cad>
            <gpxtpx:atemp>296.65</gpxtpx:atemp>
          </gpxtpx:TrackPointExtension>
        </extensions>
      </trkpt>
      <trkpt lat="30.282809" lon="34.980972">
        <ele>289.0</ele>
        <time>2026-03-24T05:12:53.000Z</time>
        <extensions>
          <gpxtpx:TrackPointExtension>
            <gpxtpx:hr>120</gpxtpx:hr>
            <gpxtpx:cad>53</gpxtpx:cad>
            <gpxtpx:atemp>296.65</gpxtpx:atemp>
          </gpxtpx:TrackPointExtension>
        </extensions>
      </trkpt>
      <trkpt lat="30.282777" lon="34.980945">
        <ele>289.0</ele>
        <time>2026-03-24T05:13:07.000Z</time>
        <extensions>
          <gpxtpx:TrackPointExtension>
            <gpxtpx:hr>108</gpxtpx:hr>
            <gpxtpx:cad>0</gpxtpx:cad>
            <gpxtpx:atemp>296.65</gpxtpx:atemp>
          </gpxtpx:TrackPointExtension>
        </extensions>
      </trkpt>
      <trkpt lat="30.282736" lon="34.980879">
        <ele>289.4</ele>
        <time>2026-03-24T05:13:14.000Z</time>
        <extensions>
          <gpxtpx:TrackPointExtension>
            <gpxtpx:hr>106</gpxtpx:hr>
            <gpxtpx:cad>0</gpxtpx:cad>
            <gpxtpx:atemp>296.65</gpxtpx:atemp>
          </gpxtpx:TrackPointExtension>
        </extensions>
      </trkpt>
      <trkpt lat="30.282658" lon="34.980779">
        <ele>289.4</ele>
        <time>2026-03-24T05:13:20.000Z</time>
        <extensions>
          <gpxtpx:TrackPointExtension>
            <gpxtpx:hr>106</gpxtpx:hr>
            <gpxtpx:cad>71</gpxtpx:cad>
            <gpxtpx:atemp>296.65</gpxtpx:atemp>
          </gpxtpx:TrackPointExtension>
        </extensions>
      </trkpt>
      <trkpt lat="30.282563" lon="34.980672">
        <ele>290.0</ele>
        <time>2026-03-24T05:13:28.000Z</time>
        <extensions>
          <gpxtpx:TrackPointExtension>
            <gpxtpx:hr>112</gpxtpx:hr>
            <gpxtpx:cad>71</gpxtpx:cad>
            <gpxtpx:atemp>296.65</gpxtpx:atemp>
          </gpxtpx:TrackPointExtension>
        </extensions>
      </trkpt>
      <trkpt lat="30.282514" lon="34.980606">
        <ele>290.8</ele>
        <time>2026-03-24T05:13:33.000Z</time>
        <extensions>
          <gpxtpx:TrackPointExtension>
            <gpxtpx:hr>114</gpxtpx:hr>
            <gpxtpx:cad>71</gpxtpx:cad>
            <gpxtpx:atemp>296.65</gpxtpx:atemp>
          </gpxtpx:TrackPointExtension>
        </extensions>
      </trkpt>
      <trkpt lat="30.282488" lon="34.980549">
        <ele>290.8</ele>
        <time>2026-03-24T05:13:36.000Z</time>
        <extensions>
          <gpxtpx:TrackPointExtension>
            <gpxtpx:hr>116</gpxtpx:hr>
            <gpxtpx:cad>68</gpxtpx:cad>
            <gpxtpx:atemp>296.65</gpxtpx:atemp>
          </gpxtpx:TrackPointExtension>
        </extensions>
      </trkpt>
      <trkpt lat="30.282422" lon="34.980499">
        <ele>291.0</ele>
        <time>2026-03-24T05:13:41.000Z</time>
        <extensions>
          <gpxtpx:TrackPointExtension>
            <gpxtpx:hr>117</gpxtpx:hr>
            <gpxtpx:cad>70</gpxtpx:cad>
            <gpxtpx:atemp>296.65</gpxtpx:atemp>
          </gpxtpx:TrackPointExtension>
        </extensions>
      </trkpt>
      <trkpt lat="30.282373" lon="34.980425">
        <ele>291.0</ele>
        <time>2026-03-24T05:13:46.000Z</time>
        <extensions>
          <gpxtpx:TrackPointExtension>
            <gpxtpx:hr>118</gpxtpx:hr>
            <gpxtpx:cad>68</gpxtpx:cad>
            <gpxtpx:atemp>296.65</gpxtpx:atemp>
          </gpxtpx:TrackPointExtension>
        </extensions>
      </trkpt>
      <trkpt lat="30.282316" lon="34.980350">
        <ele>291.4</ele>
        <time>2026-03-24T05:13:52.000Z</time>
        <extensions>
          <gpxtpx:TrackPointExtension>
            <gpxtpx:hr>119</gpxtpx:hr>
            <gpxtpx:cad>64</gpxtpx:cad>
            <gpxtpx:atemp>296.65</gpxtpx:atemp>
          </gpxtpx:TrackPointExtension>
        </extensions>
      </trkpt>
      <trkpt lat="30.282274" lon="34.980325">
        <ele>291.4</ele>
        <time>2026-03-24T05:13:55.000Z</time>
        <extensions>
          <gpxtpx:TrackPointExtension>
            <gpxtpx:hr>119</gpxtpx:hr>
            <gpxtpx:cad>62</gpxtpx:cad>
            <gpxtpx:atemp>296.65</gpxtpx:atemp>
          </gpxtpx:TrackPointExtension>
        </extensions>
      </trkpt>
      <trkpt lat="30.282209" lon="34.980309">
        <ele>291.6</ele>
        <time>2026-03-24T05:13:59.000Z</time>
        <extensions>
          <gpxtpx:TrackPointExtension>
            <gpxtpx:hr>116</gpxtpx:hr>
            <gpxtpx:cad>71</gpxtpx:cad>
            <gpxtpx:atemp>296.65</gpxtpx:atemp>
          </gpxtpx:TrackPointExtension>
        </extensions>
      </trkpt>
      <trkpt lat="30.282103" lon="34.980242">
        <ele>291.8</ele>
        <time>2026-03-24T05:14:05.000Z</time>
        <extensions>
          <gpxtpx:TrackPointExtension>
            <gpxtpx:hr>115</gpxtpx:hr>
            <gpxtpx:cad>73</gpxtpx:cad>
            <gpxtpx:atemp>296.65</gpxtpx:atemp>
          </gpxtpx:TrackPointExtension>
        </extensions>
      </trkpt>
      <trkpt lat="30.282053" lon="34.980217">
        <ele>291.8</ele>
        <time>2026-03-24T05:14:08.000Z</time>
        <extensions>
          <gpxtpx:TrackPointExtension>
            <gpxtpx:hr>116</gpxtpx:hr>
            <gpxtpx:cad>74</gpxtpx:cad>
            <gpxtpx:atemp>296.65</gpxtpx:atemp>
          </gpxtpx:TrackPointExtension>
        </extensions>
      </trkpt>
      <trkpt lat="30.281946" lon="34.980075">
        <ele>292.2</ele>
        <time>2026-03-24T05:14:16.000Z</time>
        <extensions>
          <gpxtpx:TrackPointExtension>
            <gpxtpx:hr>121</gpxtpx:hr>
            <gpxtpx:cad>76</gpxtpx:cad>
            <gpxtpx:atemp>296.65</gpxtpx:atemp>
          </gpxtpx:TrackPointExtension>
        </extensions>
      </trkpt>
      <trkpt lat="30.281884" lon="34.980025">
        <ele>292.4</ele>
        <time>2026-03-24T05:14:20.000Z</time>
        <extensions>
          <gpxtpx:TrackPointExtension>
            <gpxtpx:hr>126</gpxtpx:hr>
            <gpxtpx:cad>77</gpxtpx:cad>
            <gpxtpx:atemp>296.65</gpxtpx:atemp>
          </gpxtpx:TrackPointExtension>
        </extensions>
      </trkpt>
      <trkpt lat="30.281731" lon="34.979850">
        <ele>293.2</ele>
        <time>2026-03-24T05:14:31.000Z</time>
        <extensions>
          <gpxtpx:TrackPointExtension>
            <gpxtpx:hr>132</gpxtpx:hr>
            <gpxtpx:cad>77</gpxtpx:cad>
            <gpxtpx:atemp>296.65</gpxtpx:atemp>
          </gpxtpx:TrackPointExtension>
        </extensions>
      </trkpt>
      <trkpt lat="30.281703" lon="34.979823">
        <ele>293.4</ele>
        <time>2026-03-24T05:14:33.000Z</time>
        <extensions>
          <gpxtpx:TrackPointExtension>
            <gpxtpx:hr>133</gpxtpx:hr>
            <gpxtpx:cad>77</gpxtpx:cad>
            <gpxtpx:atemp>296.65</gpxtpx:atemp>
          </gpxtpx:TrackPointExtension>
        </extensions>
      </trkpt>
      <trkpt lat="30.281640" lon="34.979720">
        <ele>293.6</ele>
        <time>2026-03-24T05:14:38.000Z</time>
        <extensions>
          <gpxtpx:TrackPointExtension>
            <gpxtpx:hr>134</gpxtpx:hr>
            <gpxtpx:cad>77</gpxtpx:cad>
            <gpxtpx:atemp>295.65</gpxtpx:atemp>
          </gpxtpx:TrackPointExtension>
        </extensions>
      </trkpt>
      <trkpt lat="30.281574" lon="34.979641">
        <ele>294.2</ele>
        <time>2026-03-24T05:14:43.000Z</time>
        <extensions>
          <gpxtpx:TrackPointExtension>
            <gpxtpx:hr>136</gpxtpx:hr>
            <gpxtpx:cad>77</gpxtpx:cad>
            <gpxtpx:atemp>295.65</gpxtpx:atemp>
          </gpxtpx:TrackPointExtension>
        </extensions>
      </trkpt>
      <trkpt lat="30.281455" lon="34.979537">
        <ele>294.6</ele>
        <time>2026-03-24T05:14:51.000Z</time>
        <extensions>
          <gpxtpx:TrackPointExtension>
            <gpxtpx:hr>139</gpxtpx:hr>
            <gpxtpx:cad>76</gpxtpx:cad>
            <gpxtpx:atemp>295.65</gpxtpx:atemp>
          </gpxtpx:TrackPointExtension>
        </extensions>
      </trkpt>
      <trkpt lat="30.281437" lon="34.979520">
        <ele>294.6</ele>
        <time>2026-03-24T05:14:52.000Z</time>
        <extensions>
          <gpxtpx:TrackPointExtension>
            <gpxtpx:hr>139</gpxtpx:hr>
            <gpxtpx:cad>76</gpxtpx:cad>
            <gpxtpx:atemp>295.65</gpxtpx:atemp>
          </gpxtpx:TrackPointExtension>
        </extensions>
      </trkpt>
      <trkpt lat="30.281372" lon="34.979436">
        <ele>294.6</ele>
        <time>2026-03-24T05:14:57.000Z</time>
        <extensions>
          <gpxtpx:TrackPointExtension>
            <gpxtpx:hr>141</gpxtpx:hr>
            <gpxtpx:cad>76</gpxtpx:cad>
            <gpxtpx:atemp>295.65</gpxtpx:atemp>
          </gpxtpx:TrackPointExtension>
        </extensions>
      </trkpt>
      <trkpt lat="30.281304" lon="34.979366">
        <ele>295.0</ele>
        <time>2026-03-24T05:15:02.000Z</time>
        <extensions>
          <gpxtpx:TrackPointExtension>
            <gpxtpx:hr>142</gpxtpx:hr>
            <gpxtpx:cad>75</gpxtpx:cad>
            <gpxtpx:atemp>295.65</gpxtpx:atemp>
          </gpxtpx:TrackPointExtension>
        </extensions>
      </trkpt>
      <trkpt lat="30.281279" lon="34.979346">
        <ele>295.0</ele>
        <time>2026-03-24T05:15:04.000Z</time>
        <extensions>
          <gpxtpx:TrackPointExtension>
            <gpxtpx:hr>143</gpxtpx:hr>
            <gpxtpx:cad>75</gpxtpx:cad>
            <gpxtpx:atemp>295.65</gpxtpx:atemp>
          </gpxtpx:TrackPointExtension>
        </extensions>
      </trkpt>
      <trkpt lat="30.281201" lon="34.979297">
        <ele>295.2</ele>
        <time>2026-03-24T05:15:11.000Z</time>
        <extensions>
          <gpxtpx:TrackPointExtension>
            <gpxtpx:hr>143</gpxtpx:hr>
            <gpxtpx:cad>60</gpxtpx:cad>
            <gpxtpx:atemp>295.65</gpxtpx:atemp>
          </gpxtpx:TrackPointExtension>
        </extensions>
      </trkpt>
      <trkpt lat="30.281098" lon="34.979256">
        <ele>295.4</ele>
        <time>2026-03-24T05:15:20.000Z</time>
        <extensions>
          <gpxtpx:TrackPointExtension>
            <gpxtpx:hr>140</gpxtpx:hr>
            <gpxtpx:cad>83</gpxtpx:cad>
            <gpxtpx:atemp>295.65</gpxtpx:atemp>
          </gpxtpx:TrackPointExtension>
        </extensions>
      </trkpt>
      <trkpt lat="30.280967" lon="34.979131">
        <ele>295.8</ele>
        <time>2026-03-24T05:15:31.000Z</time>
        <extensions>
          <gpxtpx:TrackPointExtension>
            <gpxtpx:hr>138</gpxtpx:hr>
            <gpxtpx:cad>73</gpxtpx:cad>
            <gpxtpx:atemp>295.65</gpxtpx:atemp>
          </gpxtpx:TrackPointExtension>
        </extensions>
      </trkpt>
      <trkpt lat="30.280897" lon="34.979100">
        <ele>296.2</ele>
        <time>2026-03-24T05:15:38.000Z</time>
        <extensions>
          <gpxtpx:TrackPointExtension>
            <gpxtpx:hr>136</gpxtpx:hr>
            <gpxtpx:cad>65</gpxtpx:cad>
            <gpxtpx:atemp>295.65</gpxtpx:atemp>
          </gpxtpx:TrackPointExtension>
        </extensions>
      </trkpt>
      <trkpt lat="30.280836" lon="34.979111">
        <ele>296.0</ele>
        <time>2026-03-24T05:15:43.000Z</time>
        <extensions>
          <gpxtpx:TrackPointExtension>
            <gpxtpx:hr>133</gpxtpx:hr>
            <gpxtpx:cad>52</gpxtpx:cad>
            <gpxtpx:atemp>295.65</gpxtpx:atemp>
          </gpxtpx:TrackPointExtension>
        </extensions>
      </trkpt>
      <trkpt lat="30.280713" lon="34.979039">
        <ele>296.0</ele>
        <time>2026-03-24T05:15:54.000Z</time>
        <extensions>
          <gpxtpx:TrackPointExtension>
            <gpxtpx:hr>128</gpxtpx:hr>
            <gpxtpx:cad>62</gpxtpx:cad>
            <gpxtpx:atemp>296.65</gpxtpx:atemp>
          </gpxtpx:TrackPointExtension>
        </extensions>
      </trkpt>
      <trkpt lat="30.280651" lon="34.978977">
        <ele>295.8</ele>
        <time>2026-03-24T05:16:01.000Z</time>
        <extensions>
          <gpxtpx:TrackPointExtension>
            <gpxtpx:hr>128</gpxtpx:hr>
            <gpxtpx:cad>0</gpxtpx:cad>
            <gpxtpx:atemp>296.65</gpxtpx:atemp>
          </gpxtpx:TrackPointExtension>
        </extensions>
      </trkpt>
      <trkpt lat="30.280559" lon="34.978900">
        <ele>296.0</ele>
        <time>2026-03-24T05:16:09.000Z</time>
        <extensions>
          <gpxtpx:TrackPointExtension>
            <gpxtpx:hr>127</gpxtpx:hr>
            <gpxtpx:cad>61</gpxtpx:cad>
            <gpxtpx:atemp>296.65</gpxtpx:atemp>
          </gpxtpx:TrackPointExtension>
        </extensions>
      </trkpt>
      <trkpt lat="30.280525" lon="34.978876">
        <ele>296.0</ele>
        <time>2026-03-24T05:16:11.000Z</time>
        <extensions>
          <gpxtpx:TrackPointExtension>
            <gpxtpx:hr>127</gpxtpx:hr>
            <gpxtpx:cad>73</gpxtpx:cad>
            <gpxtpx:atemp>296.65</gpxtpx:atemp>
          </gpxtpx:TrackPointExtension>
        </extensions>
      </trkpt>
      <trkpt lat="30.280420" lon="34.978771">
        <ele>296.0</ele>
        <time>2026-03-24T05:16:18.000Z</time>
        <extensions>
          <gpxtpx:TrackPointExtension>
            <gpxtpx:hr>126</gpxtpx:hr>
            <gpxtpx:cad>76</gpxtpx:cad>
            <gpxtpx:atemp>296.65</gpxtpx:atemp>
          </gpxtpx:TrackPointExtension>
        </extensions>
      </trkpt>
      <trkpt lat="30.280375" lon="34.978721">
        <ele>296.2</ele>
        <time>2026-03-24T05:16:21.000Z</time>
        <extensions>
          <gpxtpx:TrackPointExtension>
            <gpxtpx:hr>126</gpxtpx:hr>
            <gpxtpx:cad>77</gpxtpx:cad>
            <gpxtpx:atemp>296.65</gpxtpx:atemp>
          </gpxtpx:TrackPointExtension>
        </extensions>
      </trkpt>
      <trkpt lat="30.280285" lon="34.978650">
        <ele>296.6</ele>
        <time>2026-03-24T05:16:27.000Z</time>
        <extensions>
          <gpxtpx:TrackPointExtension>
            <gpxtpx:hr>126</gpxtpx:hr>
            <gpxtpx:cad>76</gpxtpx:cad>
            <gpxtpx:atemp>295.65</gpxtpx:atemp>
          </gpxtpx:TrackPointExtension>
        </extensions>
      </trkpt>
      <trkpt lat="30.280250" lon="34.978582">
        <ele>297.0</ele>
        <time>2026-03-24T05:16:31.000Z</time>
        <extensions>
          <gpxtpx:TrackPointExtension>
            <gpxtpx:hr>127</gpxtpx:hr>
            <gpxtpx:cad>77</gpxtpx:cad>
            <gpxtpx:atemp>295.65</gpxtpx:atemp>
          </gpxtpx:TrackPointExtension>
        </extensions>
      </trkpt>
      <trkpt lat="30.280205" lon="34.978511">
        <ele>297.2</ele>
        <time>2026-03-24T05:16:35.000Z</time>
        <extensions>
          <gpxtpx:TrackPointExtension>
            <gpxtpx:hr>128</gpxtpx:hr>
            <gpxtpx:cad>76</gpxtpx:cad>
            <gpxtpx:atemp>295.65</gpxtpx:atemp>
          </gpxtpx:TrackPointExtension>
        </extensions>
      </trkpt>
      <trkpt lat="30.280134" lon="34.978442">
        <ele>297.6</ele>
        <time>2026-03-24T05:16:40.000Z</time>
        <extensions>
          <gpxtpx:TrackPointExtension>
            <gpxtpx:hr>129</gpxtpx:hr>
            <gpxtpx:cad>77</gpxtpx:cad>
            <gpxtpx:atemp>295.65</gpxtpx:atemp>
          </gpxtpx:TrackPointExtension>
        </extensions>
      </trkpt>
      <trkpt lat="30.279962" lon="34.978296">
        <ele>298.4</ele>
        <time>2026-03-24T05:16:51.000Z</time>
        <extensions>
          <gpxtpx:TrackPointExtension>
            <gpxtpx:hr>133</gpxtpx:hr>
            <gpxtpx:cad>75</gpxtpx:cad>
            <gpxtpx:atemp>295.65</gpxtpx:atemp>
          </gpxtpx:TrackPointExtension>
        </extensions>
      </trkpt>
      <trkpt lat="30.279933" lon="34.978263">
        <ele>298.6</ele>
        <time>2026-03-24T05:16:53.000Z</time>
        <extensions>
          <gpxtpx:TrackPointExtension>
            <gpxtpx:hr>134</gpxtpx:hr>
            <gpxtpx:cad>77</gpxtpx:cad>
            <gpxtpx:atemp>295.65</gpxtpx:atemp>
          </gpxtpx:TrackPointExtension>
        </extensions>
      </trkpt>
      <trkpt lat="30.279844" lon="34.978120">
        <ele>299.2</ele>
        <time>2026-03-24T05:17:01.000Z</time>
        <extensions>
          <gpxtpx:TrackPointExtension>
            <gpxtpx:hr>136</gpxtpx:hr>
            <gpxtpx:cad>77</gpxtpx:cad>
            <gpxtpx:atemp>295.65</gpxtpx:atemp>
          </gpxtpx:TrackPointExtension>
        </extensions>
      </trkpt>
      <trkpt lat="30.279799" lon="34.978077">
        <ele>299.6</ele>
        <time>2026-03-24T05:17:04.000Z</time>
        <extensions>
          <gpxtpx:TrackPointExtension>
            <gpxtpx:hr>135</gpxtpx:hr>
            <gpxtpx:cad>77</gpxtpx:cad>
            <gpxtpx:atemp>295.65</gpxtpx:atemp>
          </gpxtpx:TrackPointExtension>
        </extensions>
      </trkpt>
      <trkpt lat="30.279737" lon="34.978057">
        <ele>299.4</ele>
        <time>2026-03-24T05:17:07.000Z</time>
        <extensions>
          <gpxtpx:TrackPointExtension>
            <gpxtpx:hr>136</gpxtpx:hr>
            <gpxtpx:cad>78</gpxtpx:cad>
            <gpxtpx:atemp>295.65</gpxtpx:atemp>
          </gpxtpx:TrackPointExtension>
        </extensions>
      </trkpt>
      <trkpt lat="30.279664" lon="34.978001">
        <ele>299.2</ele>
        <time>2026-03-24T05:17:12.000Z</time>
        <extensions>
          <gpxtpx:TrackPointExtension>
            <gpxtpx:hr>137</gpxtpx:hr>
            <gpxtpx:cad>74</gpxtpx:cad>
            <gpxtpx:atemp>295.65</gpxtpx:atemp>
          </gpxtpx:TrackPointExtension>
        </extensions>
      </trkpt>
      <trkpt lat="30.279628" lon="34.977990">
        <ele>299.4</ele>
        <time>2026-03-24T05:17:14.000Z</time>
        <extensions>
          <gpxtpx:TrackPointExtension>
            <gpxtpx:hr>137</gpxtpx:hr>
            <gpxtpx:cad>76</gpxtpx:cad>
            <gpxtpx:atemp>295.65</gpxtpx:atemp>
          </gpxtpx:TrackPointExtension>
        </extensions>
      </trkpt>
      <trkpt lat="30.279536" lon="34.977937">
        <ele>300.0</ele>
        <time>2026-03-24T05:17:19.000Z</time>
        <extensions>
          <gpxtpx:TrackPointExtension>
            <gpxtpx:hr>137</gpxtpx:hr>
            <gpxtpx:cad>77</gpxtpx:cad>
            <gpxtpx:atemp>295.65</gpxtpx:atemp>
          </gpxtpx:TrackPointExtension>
        </extensions>
      </trkpt>
      <trkpt lat="30.279452" lon="34.977897">
        <ele>300.6</ele>
        <time>2026-03-24T05:17:24.000Z</time>
        <extensions>
          <gpxtpx:TrackPointExtension>
            <gpxtpx:hr>137</gpxtpx:hr>
            <gpxtpx:cad>77</gpxtpx:cad>
            <gpxtpx:atemp>295.65</gpxtpx:atemp>
          </gpxtpx:TrackPointExtension>
        </extensions>
      </trkpt>
      <trkpt lat="30.279236" lon="34.977769">
        <ele>301.2</ele>
        <time>2026-03-24T05:17:37.000Z</time>
        <extensions>
          <gpxtpx:TrackPointExtension>
            <gpxtpx:hr>139</gpxtpx:hr>
            <gpxtpx:cad>77</gpxtpx:cad>
            <gpxtpx:atemp>295.65</gpxtpx:atemp>
          </gpxtpx:TrackPointExtension>
        </extensions>
      </trkpt>
      <trkpt lat="30.279204" lon="34.977730">
        <ele>301.2</ele>
        <time>2026-03-24T05:17:41.000Z</time>
        <extensions>
          <gpxtpx:TrackPointExtension>
            <gpxtpx:hr>140</gpxtpx:hr>
            <gpxtpx:cad>77</gpxtpx:cad>
            <gpxtpx:atemp>295.65</gpxtpx:atemp>
          </gpxtpx:TrackPointExtension>
        </extensions>
      </trkpt>
      <trkpt lat="30.279134" lon="34.977684">
        <ele>301.4</ele>
        <time>2026-03-24T05:17:47.000Z</time>
        <extensions>
          <gpxtpx:TrackPointExtension>
            <gpxtpx:hr>138</gpxtpx:hr>
            <gpxtpx:cad>57</gpxtpx:cad>
            <gpxtpx:atemp>295.65</gpxtpx:atemp>
          </gpxtpx:TrackPointExtension>
        </extensions>
      </trkpt>
      <trkpt lat="30.279093" lon="34.977623">
        <ele>301.4</ele>
        <time>2026-03-24T05:17:52.000Z</time>
        <extensions>
          <gpxtpx:TrackPointExtension>
            <gpxtpx:hr>133</gpxtpx:hr>
            <gpxtpx:cad>56</gpxtpx:cad>
            <gpxtpx:atemp>295.65</gpxtpx:atemp>
          </gpxtpx:TrackPointExtension>
        </extensions>
      </trkpt>
      <trkpt lat="30.279039" lon="34.977554">
        <ele>301.8</ele>
        <time>2026-03-24T05:17:58.000Z</time>
        <extensions>
          <gpxtpx:TrackPointExtension>
            <gpxtpx:hr>131</gpxtpx:hr>
            <gpxtpx:cad>59</gpxtpx:cad>
            <gpxtpx:atemp>295.65</gpxtpx:atemp>
          </gpxtpx:TrackPointExtension>
        </extensions>
      </trkpt>
      <trkpt lat="30.278996" lon="34.977482">
        <ele>302.0</ele>
        <time>2026-03-24T05:18:04.000Z</time>
        <extensions>
          <gpxtpx:TrackPointExtension>
            <gpxtpx:hr>134</gpxtpx:hr>
            <gpxtpx:cad>56</gpxtpx:cad>
            <gpxtpx:atemp>295.65</gpxtpx:atemp>
          </gpxtpx:TrackPointExtension>
        </extensions>
      </trkpt>
      <trkpt lat="30.278977" lon="34.977444">
        <ele>302.0</ele>
        <time>2026-03-24T05:18:07.000Z</time>
        <extensions>
          <gpxtpx:TrackPointExtension>
            <gpxtpx:hr>137</gpxtpx:hr>
            <gpxtpx:cad>57</gpxtpx:cad>
            <gpxtpx:atemp>295.65</gpxtpx:atemp>
          </gpxtpx:TrackPointExtension>
        </extensions>
      </trkpt>
      <trkpt lat="30.278946" lon="34.977366">
        <ele>302.4</ele>
        <time>2026-03-24T05:18:11.000Z</time>
        <extensions>
          <gpxtpx:TrackPointExtension>
            <gpxtpx:hr>135</gpxtpx:hr>
            <gpxtpx:cad>74</gpxtpx:cad>
            <gpxtpx:atemp>295.65</gpxtpx:atemp>
          </gpxtpx:TrackPointExtension>
        </extensions>
      </trkpt>
      <trkpt lat="30.278887" lon="34.977298">
        <ele>302.8</ele>
        <time>2026-03-24T05:18:16.000Z</time>
        <extensions>
          <gpxtpx:TrackPointExtension>
            <gpxtpx:hr>135</gpxtpx:hr>
            <gpxtpx:cad>75</gpxtpx:cad>
            <gpxtpx:atemp>295.65</gpxtpx:atemp>
          </gpxtpx:TrackPointExtension>
        </extensions>
      </trkpt>
      <trkpt lat="30.278867" lon="34.977267">
        <ele>303.0</ele>
        <time>2026-03-24T05:18:18.000Z</time>
        <extensions>
          <gpxtpx:TrackPointExtension>
            <gpxtpx:hr>135</gpxtpx:hr>
            <gpxtpx:cad>74</gpxtpx:cad>
            <gpxtpx:atemp>295.65</gpxtpx:atemp>
          </gpxtpx:TrackPointExtension>
        </extensions>
      </trkpt>
      <trkpt lat="30.278790" lon="34.977199">
        <ele>303.0</ele>
        <time>2026-03-24T05:18:23.000Z</time>
        <extensions>
          <gpxtpx:TrackPointExtension>
            <gpxtpx:hr>133</gpxtpx:hr>
            <gpxtpx:cad>75</gpxtpx:cad>
            <gpxtpx:atemp>295.65</gpxtpx:atemp>
          </gpxtpx:TrackPointExtension>
        </extensions>
      </trkpt>
      <trkpt lat="30.278730" lon="34.977138">
        <ele>303.2</ele>
        <time>2026-03-24T05:18:27.000Z</time>
        <extensions>
          <gpxtpx:TrackPointExtension>
            <gpxtpx:hr>133</gpxtpx:hr>
            <gpxtpx:cad>76</gpxtpx:cad>
            <gpxtpx:atemp>295.65</gpxtpx:atemp>
          </gpxtpx:TrackPointExtension>
        </extensions>
      </trkpt>
      <trkpt lat="30.278703" lon="34.977093">
        <ele>303.4</ele>
        <time>2026-03-24T05:18:30.000Z</time>
        <extensions>
          <gpxtpx:TrackPointExtension>
            <gpxtpx:hr>133</gpxtpx:hr>
            <gpxtpx:cad>76</gpxtpx:cad>
            <gpxtpx:atemp>295.65</gpxtpx:atemp>
          </gpxtpx:TrackPointExtension>
        </extensions>
      </trkpt>
      <trkpt lat="30.278675" lon="34.976978">
        <ele>303.8</ele>
        <time>2026-03-24T05:18:37.000Z</time>
        <extensions>
          <gpxtpx:TrackPointExtension>
            <gpxtpx:hr>133</gpxtpx:hr>
            <gpxtpx:cad>73</gpxtpx:cad>
            <gpxtpx:atemp>295.65</gpxtpx:atemp>
          </gpxtpx:TrackPointExtension>
        </extensions>
      </trkpt>
      <trkpt lat="30.278709" lon="34.976851">
        <ele>304.6</ele>
        <time>2026-03-24T05:18:47.000Z</time>
        <extensions>
          <gpxtpx:TrackPointExtension>
            <gpxtpx:hr>130</gpxtpx:hr>
            <gpxtpx:cad>53</gpxtpx:cad>
            <gpxtpx:atemp>295.65</gpxtpx:atemp>
          </gpxtpx:TrackPointExtension>
        </extensions>
      </trkpt>
      <trkpt lat="30.278745" lon="34.976787">
        <ele>304.6</ele>
        <time>2026-03-24T05:19:02.000Z</time>
        <extensions>
          <gpxtpx:TrackPointExtension>
            <gpxtpx:hr>122</gpxtpx:hr>
            <gpxtpx:cad>0</gpxtpx:cad>
            <gpxtpx:atemp>295.65</gpxtpx:atemp>
          </gpxtpx:TrackPointExtension>
        </extensions>
      </trkpt>
      <trkpt lat="30.278767" lon="34.976726">
        <ele>304.8</ele>
        <time>2026-03-24T05:19:07.000Z</time>
        <extensions>
          <gpxtpx:TrackPointExtension>
            <gpxtpx:hr>119</gpxtpx:hr>
            <gpxtpx:cad>52</gpxtpx:cad>
            <gpxtpx:atemp>295.65</gpxtpx:atemp>
          </gpxtpx:TrackPointExtension>
        </extensions>
      </trkpt>
      <trkpt lat="30.278816" lon="34.976629">
        <ele>305.4</ele>
        <time>2026-03-24T05:19:13.000Z</time>
        <extensions>
          <gpxtpx:TrackPointExtension>
            <gpxtpx:hr>118</gpxtpx:hr>
            <gpxtpx:cad>0</gpxtpx:cad>
            <gpxtpx:atemp>295.65</gpxtpx:atemp>
          </gpxtpx:TrackPointExtension>
        </extensions>
      </trkpt>
      <trkpt lat="30.278874" lon="34.976595">
        <ele>305.6</ele>
        <time>2026-03-24T05:19:17.000Z</time>
        <extensions>
          <gpxtpx:TrackPointExtension>
            <gpxtpx:hr>118</gpxtpx:hr>
            <gpxtpx:cad>70</gpxtpx:cad>
            <gpxtpx:atemp>295.65</gpxtpx:atemp>
          </gpxtpx:TrackPointExtension>
        </extensions>
      </trkpt>
      <trkpt lat="30.278920" lon="34.976468">
        <ele>306.0</ele>
        <time>2026-03-24T05:19:29.000Z</time>
        <extensions>
          <gpxtpx:TrackPointExtension>
            <gpxtpx:hr>121</gpxtpx:hr>
            <gpxtpx:cad>44</gpxtpx:cad>
            <gpxtpx:atemp>295.65</gpxtpx:atemp>
          </gpxtpx:TrackPointExtension>
        </extensions>
      </trkpt>
      <trkpt lat="30.278886" lon="34.976432">
        <ele>306.6</ele>
        <time>2026-03-24T05:19:38.000Z</time>
        <extensions>
          <gpxtpx:TrackPointExtension>
            <gpxtpx:hr>119</gpxtpx:hr>
            <gpxtpx:cad>0</gpxtpx:cad>
            <gpxtpx:atemp>295.65</gpxtpx:atemp>
          </gpxtpx:TrackPointExtension>
        </extensions>
      </trkpt>
      <trkpt lat="30.278808" lon="34.976388">
        <ele>309.6</ele>
        <time>2026-03-24T05:19:49.000Z</time>
        <extensions>
          <gpxtpx:TrackPointExtension>
            <gpxtpx:hr>113</gpxtpx:hr>
            <gpxtpx:cad>48</gpxtpx:cad>
            <gpxtpx:atemp>295.65</gpxtpx:atemp>
          </gpxtpx:TrackPointExtension>
        </extensions>
      </trkpt>
      <trkpt lat="30.278772" lon="34.976359">
        <ele>311.8</ele>
        <time>2026-03-24T05:19:57.000Z</time>
        <extensions>
          <gpxtpx:TrackPointExtension>
            <gpxtpx:hr>115</gpxtpx:hr>
            <gpxtpx:cad>0</gpxtpx:cad>
            <gpxtpx:atemp>295.65</gpxtpx:atemp>
          </gpxtpx:TrackPointExtension>
        </extensions>
      </trkpt>
      <trkpt lat="30.278738" lon="34.976335">
        <ele>312.4</ele>
        <time>2026-03-24T05:20:03.000Z</time>
        <extensions>
          <gpxtpx:TrackPointExtension>
            <gpxtpx:hr>120</gpxtpx:hr>
            <gpxtpx:cad>42</gpxtpx:cad>
            <gpxtpx:atemp>295.65</gpxtpx:atemp>
          </gpxtpx:TrackPointExtension>
        </extensions>
      </trkpt>
      <trkpt lat="30.278733" lon="34.976312">
        <ele>313.2</ele>
        <time>2026-03-24T05:20:15.000Z</time>
        <extensions>
          <gpxtpx:TrackPointExtension>
            <gpxtpx:hr>129</gpxtpx:hr>
            <gpxtpx:cad>0</gpxtpx:cad>
            <gpxtpx:atemp>295.65</gpxtpx:atemp>
          </gpxtpx:TrackPointExtension>
        </extensions>
      </trkpt>
      <trkpt lat="30.278697" lon="34.976265">
        <ele>312.8</ele>
        <time>2026-03-24T05:20:22.000Z</time>
        <extensions>
          <gpxtpx:TrackPointExtension>
            <gpxtpx:hr>127</gpxtpx:hr>
            <gpxtpx:cad>0</gpxtpx:cad>
            <gpxtpx:atemp>295.65</gpxtpx:atemp>
          </gpxtpx:TrackPointExtension>
        </extensions>
      </trkpt>
      <trkpt lat="30.278641" lon="34.976262">
        <ele>312.0</ele>
        <time>2026-03-24T05:20:28.000Z</time>
        <extensions>
          <gpxtpx:TrackPointExtension>
            <gpxtpx:hr>123</gpxtpx:hr>
            <gpxtpx:cad>0</gpxtpx:cad>
            <gpxtpx:atemp>295.65</gpxtpx:atemp>
          </gpxtpx:TrackPointExtension>
        </extensions>
      </trkpt>
      <trkpt lat="30.278556" lon="34.976295">
        <ele>310.4</ele>
        <time>2026-03-24T05:20:38.000Z</time>
        <extensions>
          <gpxtpx:TrackPointExtension>
            <gpxtpx:hr>123</gpxtpx:hr>
            <gpxtpx:cad>50</gpxtpx:cad>
            <gpxtpx:atemp>295.65</gpxtpx:atemp>
          </gpxtpx:TrackPointExtension>
        </extensions>
      </trkpt>
      <trkpt lat="30.278488" lon="34.976485">
        <ele>309.2</ele>
        <time>2026-03-24T05:20:52.000Z</time>
        <extensions>
          <gpxtpx:TrackPointExtension>
            <gpxtpx:hr>118</gpxtpx:hr>
            <gpxtpx:cad>59</gpxtpx:cad>
            <gpxtpx:atemp>295.65</gpxtpx:atemp>
          </gpxtpx:TrackPointExtension>
        </extensions>
      </trkpt>
      <trkpt lat="30.278450" lon="34.976515">
        <ele>307.6</ele>
        <time>2026-03-24T05:20:57.000Z</time>
        <extensions>
          <gpxtpx:TrackPointExtension>
            <gpxtpx:hr>117</gpxtpx:hr>
            <gpxtpx:cad>59</gpxtpx:cad>
            <gpxtpx:atemp>295.65</gpxtpx:atemp>
          </gpxtpx:TrackPointExtension>
        </extensions>
      </trkpt>
      <trkpt lat="30.278434" lon="34.976563">
        <ele>305.8</ele>
        <time>2026-03-24T05:21:03.000Z</time>
        <extensions>
          <gpxtpx:TrackPointExtension>
            <gpxtpx:hr>115</gpxtpx:hr>
            <gpxtpx:cad>0</gpxtpx:cad>
            <gpxtpx:atemp>295.65</gpxtpx:atemp>
          </gpxtpx:TrackPointExtension>
        </extensions>
      </trkpt>
      <trkpt lat="30.278342" lon="34.976568">
        <ele>304.6</ele>
        <time>2026-03-24T05:21:09.000Z</time>
        <extensions>
          <gpxtpx:TrackPointExtension>
            <gpxtpx:hr>113</gpxtpx:hr>
            <gpxtpx:cad>73</gpxtpx:cad>
            <gpxtpx:atemp>295.65</gpxtpx:atemp>
          </gpxtpx:TrackPointExtension>
        </extensions>
      </trkpt>
      <trkpt lat="30.278302" lon="34.976517">
        <ele>306.0</ele>
        <time>2026-03-24T05:21:20.000Z</time>
        <extensions>
          <gpxtpx:TrackPointExtension>
            <gpxtpx:hr>111</gpxtpx:hr>
            <gpxtpx:cad>0</gpxtpx:cad>
            <gpxtpx:atemp>295.65</gpxtpx:atemp>
          </gpxtpx:TrackPointExtension>
        </extensions>
      </trkpt>
      <trkpt lat="30.278265" lon="34.976459">
        <ele>307.2</ele>
        <time>2026-03-24T05:21:25.000Z</time>
        <extensions>
          <gpxtpx:TrackPointExtension>
            <gpxtpx:hr>110</gpxtpx:hr>
            <gpxtpx:cad>53</gpxtpx:cad>
            <gpxtpx:atemp>295.65</gpxtpx:atemp>
          </gpxtpx:TrackPointExtension>
        </extensions>
      </trkpt>
      <trkpt lat="30.278229" lon="34.976362">
        <ele>307.6</ele>
        <time>2026-03-24T05:21:30.000Z</time>
        <extensions>
          <gpxtpx:TrackPointExtension>
            <gpxtpx:hr>109</gpxtpx:hr>
            <gpxtpx:cad>0</gpxtpx:cad>
            <gpxtpx:atemp>295.65</gpxtpx:atemp>
          </gpxtpx:TrackPointExtension>
        </extensions>
      </trkpt>
      <trkpt lat="30.278195" lon="34.976309">
        <ele>307.8</ele>
        <time>2026-03-24T05:21:33.000Z</time>
        <extensions>
          <gpxtpx:TrackPointExtension>
            <gpxtpx:hr>111</gpxtpx:hr>
            <gpxtpx:cad>74</gpxtpx:cad>
            <gpxtpx:atemp>295.65</gpxtpx:atemp>
          </gpxtpx:TrackPointExtension>
        </extensions>
      </trkpt>
      <trkpt lat="30.278090" lon="34.976203">
        <ele>310.2</ele>
        <time>2026-03-24T05:21:47.000Z</time>
        <extensions>
          <gpxtpx:TrackPointExtension>
            <gpxtpx:hr>123</gpxtpx:hr>
            <gpxtpx:cad>52</gpxtpx:cad>
            <gpxtpx:atemp>295.65</gpxtpx:atemp>
          </gpxtpx:TrackPointExtension>
        </extensions>
      </trkpt>
      <trkpt lat="30.278101" lon="34.976146">
        <ele>310.8</ele>
        <time>2026-03-24T05:21:52.000Z</time>
        <extensions>
          <gpxtpx:TrackPointExtension>
            <gpxtpx:hr>127</gpxtpx:hr>
            <gpxtpx:cad>52</gpxtpx:cad>
            <gpxtpx:atemp>295.65</gpxtpx:atemp>
          </gpxtpx:TrackPointExtension>
        </extensions>
      </trkpt>
      <trkpt lat="30.278073" lon="34.976063">
        <ele>313.4</ele>
        <time>2026-03-24T05:22:03.000Z</time>
        <extensions>
          <gpxtpx:TrackPointExtension>
            <gpxtpx:hr>129</gpxtpx:hr>
            <gpxtpx:cad>51</gpxtpx:cad>
            <gpxtpx:atemp>295.65</gpxtpx:atemp>
          </gpxtpx:TrackPointExtension>
        </extensions>
      </trkpt>
      <trkpt lat="30.278005" lon="34.976014">
        <ele>315.4</ele>
        <time>2026-03-24T05:22:13.000Z</time>
        <extensions>
          <gpxtpx:TrackPointExtension>
            <gpxtpx:hr>131</gpxtpx:hr>
            <gpxtpx:cad>0</gpxtpx:cad>
            <gpxtpx:atemp>295.65</gpxtpx:atemp>
          </gpxtpx:TrackPointExtension>
        </extensions>
      </trkpt>
      <trkpt lat="30.277960" lon="34.975939">
        <ele>316.8</ele>
        <time>2026-03-24T05:22:21.000Z</time>
        <extensions>
          <gpxtpx:TrackPointExtension>
            <gpxtpx:hr>133</gpxtpx:hr>
            <gpxtpx:cad>0</gpxtpx:cad>
            <gpxtpx:atemp>295.65</gpxtpx:atemp>
          </gpxtpx:TrackPointExtension>
        </extensions>
      </trkpt>
      <trkpt lat="30.277942" lon="34.975916">
        <ele>317.0</ele>
        <time>2026-03-24T05:22:59.000Z</time>
        <extensions>
          <gpxtpx:TrackPointExtension>
            <gpxtpx:hr>114</gpxtpx:hr>
            <gpxtpx:cad>0</gpxtpx:cad>
            <gpxtpx:atemp>295.65</gpxtpx:atemp>
          </gpxtpx:TrackPointExtension>
        </extensions>
      </trkpt>
      <trkpt lat="30.277889" lon="34.975878">
        <ele>316.0</ele>
        <time>2026-03-24T05:23:05.000Z</time>
        <extensions>
          <gpxtpx:TrackPointExtension>
            <gpxtpx:hr>113</gpxtpx:hr>
            <gpxtpx:cad>0</gpxtpx:cad>
            <gpxtpx:atemp>295.65</gpxtpx:atemp>
          </gpxtpx:TrackPointExtension>
        </extensions>
      </trkpt>
      <trkpt lat="30.277826" lon="34.975940">
        <ele>313.8</ele>
        <time>2026-03-24T05:23:13.000Z</time>
        <extensions>
          <gpxtpx:TrackPointExtension>
            <gpxtpx:hr>111</gpxtpx:hr>
            <gpxtpx:cad>72</gpxtpx:cad>
            <gpxtpx:atemp>295.65</gpxtpx:atemp>
          </gpxtpx:TrackPointExtension>
        </extensions>
      </trkpt>
      <trkpt lat="30.277775" lon="34.976000">
        <ele>313.0</ele>
        <time>2026-03-24T05:23:17.000Z</time>
        <extensions>
          <gpxtpx:TrackPointExtension>
            <gpxtpx:hr>111</gpxtpx:hr>
            <gpxtpx:cad>71</gpxtpx:cad>
            <gpxtpx:atemp>295.65</gpxtpx:atemp>
          </gpxtpx:TrackPointExtension>
        </extensions>
      </trkpt>
      <trkpt lat="30.277743" lon="34.976060">
        <ele>312.6</ele>
        <time>2026-03-24T05:23:22.000Z</time>
        <extensions>
          <gpxtpx:TrackPointExtension>
            <gpxtpx:hr>112</gpxtpx:hr>
            <gpxtpx:cad>0</gpxtpx:cad>
            <gpxtpx:atemp>295.65</gpxtpx:atemp>
          </gpxtpx:TrackPointExtension>
        </extensions>
      </trkpt>
      <trkpt lat="30.277679" lon="34.976137">
        <ele>312.2</ele>
        <time>2026-03-24T05:23:28.000Z</time>
        <extensions>
          <gpxtpx:TrackPointExtension>
            <gpxtpx:hr>111</gpxtpx:hr>
            <gpxtpx:cad>0</gpxtpx:cad>
            <gpxtpx:atemp>295.65</gpxtpx:atemp>
          </gpxtpx:TrackPointExtension>
        </extensions>
      </trkpt>
      <trkpt lat="30.277623" lon="34.976222">
        <ele>311.6</ele>
        <time>2026-03-24T05:23:35.000Z</time>
        <extensions>
          <gpxtpx:TrackPointExtension>
            <gpxtpx:hr>110</gpxtpx:hr>
            <gpxtpx:cad>67</gpxtpx:cad>
            <gpxtpx:atemp>295.65</gpxtpx:atemp>
          </gpxtpx:TrackPointExtension>
        </extensions>
      </trkpt>
      <trkpt lat="30.277558" lon="34.976268">
        <ele>310.2</ele>
        <time>2026-03-24T05:23:42.000Z</time>
        <extensions>
          <gpxtpx:TrackPointExtension>
            <gpxtpx:hr>109</gpxtpx:hr>
            <gpxtpx:cad>57</gpxtpx:cad>
            <gpxtpx:atemp>295.65</gpxtpx:atemp>
          </gpxtpx:TrackPointExtension>
        </extensions>
      </trkpt>
      <trkpt lat="30.277418" lon="34.976296">
        <ele>310.2</ele>
        <time>2026-03-24T05:23:51.000Z</time>
        <extensions>
          <gpxtpx:TrackPointExtension>
            <gpxtpx:hr>106</gpxtpx:hr>
            <gpxtpx:cad>0</gpxtpx:cad>
            <gpxtpx:atemp>295.65</gpxtpx:atemp>
          </gpxtpx:TrackPointExtension>
        </extensions>
      </trkpt>
      <trkpt lat="30.277351" lon="34.976281">
        <ele>309.4</ele>
        <time>2026-03-24T05:23:55.000Z</time>
        <extensions>
          <gpxtpx:TrackPointExtension>
            <gpxtpx:hr>104</gpxtpx:hr>
            <gpxtpx:cad>66</gpxtpx:cad>
            <gpxtpx:atemp>295.65</gpxtpx:atemp>
          </gpxtpx:TrackPointExtension>
        </extensions>
      </trkpt>
      <trkpt lat="30.277238" lon="34.976246">
        <ele>308.8</ele>
        <time>2026-03-24T05:24:01.000Z</time>
        <extensions>
          <gpxtpx:TrackPointExtension>
            <gpxtpx:hr>108</gpxtpx:hr>
            <gpxtpx:cad>71</gpxtpx:cad>
            <gpxtpx:atemp>295.65</gpxtpx:atemp>
          </gpxtpx:TrackPointExtension>
        </extensions>
      </trkpt>
      <trkpt lat="30.277144" lon="34.976193">
        <ele>308.4</ele>
        <time>2026-03-24T05:24:06.000Z</time>
        <extensions>
          <gpxtpx:TrackPointExtension>
            <gpxtpx:hr>109</gpxtpx:hr>
            <gpxtpx:cad>73</gpxtpx:cad>
            <gpxtpx:atemp>295.65</gpxtpx:atemp>
          </gpxtpx:TrackPointExtension>
        </extensions>
      </trkpt>
      <trkpt lat="30.277049" lon="34.976155">
        <ele>308.4</ele>
        <time>2026-03-24T05:24:11.000Z</time>
        <extensions>
          <gpxtpx:TrackPointExtension>
            <gpxtpx:hr>110</gpxtpx:hr>
            <gpxtpx:cad>75</gpxtpx:cad>
            <gpxtpx:atemp>295.65</gpxtpx:atemp>
          </gpxtpx:TrackPointExtension>
        </extensions>
      </trkpt>
      <trkpt lat="30.277007" lon="34.976130">
        <ele>308.0</ele>
        <time>2026-03-24T05:24:13.000Z</time>
        <extensions>
          <gpxtpx:TrackPointExtension>
            <gpxtpx:hr>110</gpxtpx:hr>
            <gpxtpx:cad>76</gpxtpx:cad>
            <gpxtpx:atemp>295.65</gpxtpx:atemp>
          </gpxtpx:TrackPointExtension>
        </extensions>
      </trkpt>
      <trkpt lat="30.276942" lon="34.976050">
        <ele>307.4</ele>
        <time>2026-03-24T05:24:19.000Z</time>
        <extensions>
          <gpxtpx:TrackPointExtension>
            <gpxtpx:hr>117</gpxtpx:hr>
            <gpxtpx:cad>76</gpxtpx:cad>
            <gpxtpx:atemp>295.65</gpxtpx:atemp>
          </gpxtpx:TrackPointExtension>
        </extensions>
      </trkpt>
      <trkpt lat="30.276885" lon="34.976048">
        <ele>307.4</ele>
        <time>2026-03-24T05:24:22.000Z</time>
        <extensions>
          <gpxtpx:TrackPointExtension>
            <gpxtpx:hr>117</gpxtpx:hr>
            <gpxtpx:cad>74</gpxtpx:cad>
            <gpxtpx:atemp>295.65</gpxtpx:atemp>
          </gpxtpx:TrackPointExtension>
        </extensions>
      </trkpt>
      <trkpt lat="30.276832" lon="34.976013">
        <ele>307.4</ele>
        <time>2026-03-24T05:24:25.000Z</time>
        <extensions>
          <gpxtpx:TrackPointExtension>
            <gpxtpx:hr>118</gpxtpx:hr>
            <gpxtpx:cad>72</gpxtpx:cad>
            <gpxtpx:atemp>294.65</gpxtpx:atemp>
          </gpxtpx:TrackPointExtension>
        </extensions>
      </trkpt>
      <trkpt lat="30.276656" lon="34.975909">
        <ele>309.8</ele>
        <time>2026-03-24T05:24:40.000Z</time>
        <extensions>
          <gpxtpx:TrackPointExtension>
            <gpxtpx:hr>120</gpxtpx:hr>
            <gpxtpx:cad>0</gpxtpx:cad>
            <gpxtpx:atemp>294.65</gpxtpx:atemp>
          </gpxtpx:TrackPointExtension>
        </extensions>
      </trkpt>
      <trkpt lat="30.276619" lon="34.975874">
        <ele>310.2</ele>
        <time>2026-03-24T05:24:44.000Z</time>
        <extensions>
          <gpxtpx:TrackPointExtension>
            <gpxtpx:hr>120</gpxtpx:hr>
            <gpxtpx:cad>50</gpxtpx:cad>
            <gpxtpx:atemp>295.65</gpxtpx:atemp>
          </gpxtpx:TrackPointExtension>
        </extensions>
      </trkpt>
      <trkpt lat="30.276490" lon="34.975740">
        <ele>309.4</ele>
        <time>2026-03-24T05:24:57.000Z</time>
        <extensions>
          <gpxtpx:TrackPointExtension>
            <gpxtpx:hr>124</gpxtpx:hr>
            <gpxtpx:cad>53</gpxtpx:cad>
            <gpxtpx:atemp>295.65</gpxtpx:atemp>
          </gpxtpx:TrackPointExtension>
        </extensions>
      </trkpt>
      <trkpt lat="30.276445" lon="34.975709">
        <ele>309.2</ele>
        <time>2026-03-24T05:24:59.000Z</time>
        <extensions>
          <gpxtpx:TrackPointExtension>
            <gpxtpx:hr>124</gpxtpx:hr>
            <gpxtpx:cad>71</gpxtpx:cad>
            <gpxtpx:atemp>295.65</gpxtpx:atemp>
          </gpxtpx:TrackPointExtension>
        </extensions>
      </trkpt>
      <trkpt lat="30.276360" lon="34.975662">
        <ele>308.8</ele>
        <time>2026-03-24T05:25:03.000Z</time>
        <extensions>
          <gpxtpx:TrackPointExtension>
            <gpxtpx:hr>123</gpxtpx:hr>
            <gpxtpx:cad>78</gpxtpx:cad>
            <gpxtpx:atemp>295.65</gpxtpx:atemp>
          </gpxtpx:TrackPointExtension>
        </extensions>
      </trkpt>
      <trkpt lat="30.276216" lon="34.975582">
        <ele>308.6</ele>
        <time>2026-03-24T05:25:10.000Z</time>
        <extensions>
          <gpxtpx:TrackPointExtension>
            <gpxtpx:hr>125</gpxtpx:hr>
            <gpxtpx:cad>77</gpxtpx:cad>
            <gpxtpx:atemp>294.65</gpxtpx:atemp>
          </gpxtpx:TrackPointExtension>
        </extensions>
      </trkpt>
      <trkpt lat="30.276122" lon="34.975538">
        <ele>308.4</ele>
        <time>2026-03-24T05:25:15.000Z</time>
        <extensions>
          <gpxtpx:TrackPointExtension>
            <gpxtpx:hr>127</gpxtpx:hr>
            <gpxtpx:cad>78</gpxtpx:cad>
            <gpxtpx:atemp>294.65</gpxtpx:atemp>
          </gpxtpx:TrackPointExtension>
        </extensions>
      </trkpt>
      <trkpt lat="30.276029" lon="34.975475">
        <ele>307.6</ele>
        <time>2026-03-24T05:25:21.000Z</time>
        <extensions>
          <gpxtpx:TrackPointExtension>
            <gpxtpx:hr>129</gpxtpx:hr>
            <gpxtpx:cad>75</gpxtpx:cad>
            <gpxtpx:atemp>294.65</gpxtpx:atemp>
          </gpxtpx:TrackPointExtension>
        </extensions>
      </trkpt>
      <trkpt lat="30.275896" lon="34.975432">
        <ele>307.6</ele>
        <time>2026-03-24T05:25:31.000Z</time>
        <extensions>
          <gpxtpx:TrackPointExtension>
            <gpxtpx:hr>130</gpxtpx:hr>
            <gpxtpx:cad>75</gpxtpx:cad>
            <gpxtpx:atemp>294.65</gpxtpx:atemp>
          </gpxtpx:TrackPointExtension>
        </extensions>
      </trkpt>
      <trkpt lat="30.275722" lon="34.975390">
        <ele>307.4</ele>
        <time>2026-03-24T05:25:41.000Z</time>
        <extensions>
          <gpxtpx:TrackPointExtension>
            <gpxtpx:hr>130</gpxtpx:hr>
            <gpxtpx:cad>74</gpxtpx:cad>
            <gpxtpx:atemp>294.65</gpxtpx:atemp>
          </gpxtpx:TrackPointExtension>
        </extensions>
      </trkpt>
      <trkpt lat="30.275613" lon="34.975381">
        <ele>309.4</ele>
        <time>2026-03-24T05:25:50.000Z</time>
        <extensions>
          <gpxtpx:TrackPointExtension>
            <gpxtpx:hr>130</gpxtpx:hr>
            <gpxtpx:cad>70</gpxtpx:cad>
            <gpxtpx:atemp>294.65</gpxtpx:atemp>
          </gpxtpx:TrackPointExtension>
        </extensions>
      </trkpt>
      <trkpt lat="30.275535" lon="34.975328">
        <ele>308.8</ele>
        <time>2026-03-24T05:25:58.000Z</time>
        <extensions>
          <gpxtpx:TrackPointExtension>
            <gpxtpx:hr>129</gpxtpx:hr>
            <gpxtpx:cad>57</gpxtpx:cad>
            <gpxtpx:atemp>294.65</gpxtpx:atemp>
          </gpxtpx:TrackPointExtension>
        </extensions>
      </trkpt>
      <trkpt lat="30.275492" lon="34.975331">
        <ele>294.3</ele>
        <time>2026-03-24T05:26:27.803Z</time>
      </trkpt>
      <trkpt lat="30.275418" lon="34.975325">
        <ele>308.6</ele>
        <time>2026-03-24T05:27:00.000Z</time>
        <extensions>
          <gpxtpx:TrackPointExtension>
            <gpxtpx:hr>126</gpxtpx:hr>
            <gpxtpx:cad>69</gpxtpx:cad>
            <gpxtpx:atemp>295.65</gpxtpx:atemp>
          </gpxtpx:TrackPointExtension>
        </extensions>
      </trkpt>
      <trkpt lat="30.275382" lon="34.975309">
        <ele>307.6</ele>
        <time>2026-03-24T05:27:05.000Z</time>
        <extensions>
          <gpxtpx:TrackPointExtension>
            <gpxtpx:hr>124</gpxtpx:hr>
            <gpxtpx:cad>65</gpxtpx:cad>
            <gpxtpx:atemp>295.65</gpxtpx:atemp>
          </gpxtpx:TrackPointExtension>
        </extensions>
      </trkpt>
      <trkpt lat="30.275339" lon="34.975279">
        <ele>306.2</ele>
        <time>2026-03-24T05:27:10.000Z</time>
        <extensions>
          <gpxtpx:TrackPointExtension>
            <gpxtpx:hr>120</gpxtpx:hr>
            <gpxtpx:cad>0</gpxtpx:cad>
            <gpxtpx:atemp>295.65</gpxtpx:atemp>
          </gpxtpx:TrackPointExtension>
        </extensions>
      </trkpt>
      <trkpt lat="30.275275" lon="34.975244">
        <ele>304.2</ele>
        <time>2026-03-24T05:27:15.000Z</time>
        <extensions>
          <gpxtpx:TrackPointExtension>
            <gpxtpx:hr>116</gpxtpx:hr>
            <gpxtpx:cad>0</gpxtpx:cad>
            <gpxtpx:atemp>295.65</gpxtpx:atemp>
          </gpxtpx:TrackPointExtension>
        </extensions>
      </trkpt>
      <trkpt lat="30.275172" lon="34.975211">
        <ele>304.4</ele>
        <time>2026-03-24T05:27:24.000Z</time>
        <extensions>
          <gpxtpx:TrackPointExtension>
            <gpxtpx:hr>113</gpxtpx:hr>
            <gpxtpx:cad>46</gpxtpx:cad>
            <gpxtpx:atemp>295.65</gpxtpx:atemp>
          </gpxtpx:TrackPointExtension>
        </extensions>
      </trkpt>
      <trkpt lat="30.275090" lon="34.975160">
        <ele>307.0</ele>
        <time>2026-03-24T05:27:33.000Z</time>
        <extensions>
          <gpxtpx:TrackPointExtension>
            <gpxtpx:hr>112</gpxtpx:hr>
            <gpxtpx:cad>52</gpxtpx:cad>
            <gpxtpx:atemp>295.65</gpxtpx:atemp>
          </gpxtpx:TrackPointExtension>
        </extensions>
      </trkpt>
      <trkpt lat="30.274979" lon="34.975166">
        <ele>309.2</ele>
        <time>2026-03-24T05:27:43.000Z</time>
        <extensions>
          <gpxtpx:TrackPointExtension>
            <gpxtpx:hr>118</gpxtpx:hr>
            <gpxtpx:cad>0</gpxtpx:cad>
            <gpxtpx:atemp>295.65</gpxtpx:atemp>
          </gpxtpx:TrackPointExtension>
        </extensions>
      </trkpt>
      <trkpt lat="30.274941" lon="34.975175">
        <ele>310.4</ele>
        <time>2026-03-24T05:27:47.000Z</time>
        <extensions>
          <gpxtpx:TrackPointExtension>
            <gpxtpx:hr>122</gpxtpx:hr>
            <gpxtpx:cad>0</gpxtpx:cad>
            <gpxtpx:atemp>295.65</gpxtpx:atemp>
          </gpxtpx:TrackPointExtension>
        </extensions>
      </trkpt>
      <trkpt lat="30.274875" lon="34.975167">
        <ele>312.4</ele>
        <time>2026-03-24T05:27:55.000Z</time>
        <extensions>
          <gpxtpx:TrackPointExtension>
            <gpxtpx:hr>129</gpxtpx:hr>
            <gpxtpx:cad>0</gpxtpx:cad>
            <gpxtpx:atemp>295.65</gpxtpx:atemp>
          </gpxtpx:TrackPointExtension>
        </extensions>
      </trkpt>
      <trkpt lat="30.274799" lon="34.975113">
        <ele>310.8</ele>
        <time>2026-03-24T05:28:03.000Z</time>
        <extensions>
          <gpxtpx:TrackPointExtension>
            <gpxtpx:hr>133</gpxtpx:hr>
            <gpxtpx:cad>70</gpxtpx:cad>
            <gpxtpx:atemp>295.65</gpxtpx:atemp>
          </gpxtpx:TrackPointExtension>
        </extensions>
      </trkpt>
      <trkpt lat="30.274713" lon="34.975006">
        <ele>308.2</ele>
        <time>2026-03-24T05:28:14.000Z</time>
        <extensions>
          <gpxtpx:TrackPointExtension>
            <gpxtpx:hr>131</gpxtpx:hr>
            <gpxtpx:cad>66</gpxtpx:cad>
            <gpxtpx:atemp>295.65</gpxtpx:atemp>
          </gpxtpx:TrackPointExtension>
        </extensions>
      </trkpt>
      <trkpt lat="30.274645" lon="34.974908">
        <ele>305.8</ele>
        <time>2026-03-24T05:28:22.000Z</time>
        <extensions>
          <gpxtpx:TrackPointExtension>
            <gpxtpx:hr>129</gpxtpx:hr>
            <gpxtpx:cad>70</gpxtpx:cad>
            <gpxtpx:atemp>295.65</gpxtpx:atemp>
          </gpxtpx:TrackPointExtension>
        </extensions>
      </trkpt>
      <trkpt lat="30.274593" lon="34.974882">
        <ele>305.4</ele>
        <time>2026-03-24T05:28:25.000Z</time>
        <extensions>
          <gpxtpx:TrackPointExtension>
            <gpxtpx:hr>128</gpxtpx:hr>
            <gpxtpx:cad>65</gpxtpx:cad>
            <gpxtpx:atemp>295.65</gpxtpx:atemp>
          </gpxtpx:TrackPointExtension>
        </extensions>
      </trkpt>
      <trkpt lat="30.274519" lon="34.974864">
        <ele>306.4</ele>
        <time>2026-03-24T05:28:30.000Z</time>
        <extensions>
          <gpxtpx:TrackPointExtension>
            <gpxtpx:hr>127</gpxtpx:hr>
            <gpxtpx:cad>65</gpxtpx:cad>
            <gpxtpx:atemp>295.65</gpxtpx:atemp>
          </gpxtpx:TrackPointExtension>
        </extensions>
      </trkpt>
      <trkpt lat="30.274458" lon="34.974814">
        <ele>306.2</ele>
        <time>2026-03-24T05:28:42.000Z</time>
        <extensions>
          <gpxtpx:TrackPointExtension>
            <gpxtpx:hr>125</gpxtpx:hr>
            <gpxtpx:cad>0</gpxtpx:cad>
            <gpxtpx:atemp>295.65</gpxtpx:atemp>
          </gpxtpx:TrackPointExtension>
        </extensions>
      </trkpt>
      <trkpt lat="30.274274" lon="34.974773">
        <ele>304.6</ele>
        <time>2026-03-24T05:28:53.000Z</time>
        <extensions>
          <gpxtpx:TrackPointExtension>
            <gpxtpx:hr>123</gpxtpx:hr>
            <gpxtpx:cad>72</gpxtpx:cad>
            <gpxtpx:atemp>295.65</gpxtpx:atemp>
          </gpxtpx:TrackPointExtension>
        </extensions>
      </trkpt>
      <trkpt lat="30.274196" lon="34.974753">
        <ele>304.6</ele>
        <time>2026-03-24T05:28:57.000Z</time>
        <extensions>
          <gpxtpx:TrackPointExtension>
            <gpxtpx:hr>122</gpxtpx:hr>
            <gpxtpx:cad>74</gpxtpx:cad>
            <gpxtpx:atemp>295.65</gpxtpx:atemp>
          </gpxtpx:TrackPointExtension>
        </extensions>
      </trkpt>
      <trkpt lat="30.274093" lon="34.974737">
        <ele>305.0</ele>
        <time>2026-03-24T05:29:02.000Z</time>
        <extensions>
          <gpxtpx:TrackPointExtension>
            <gpxtpx:hr>122</gpxtpx:hr>
            <gpxtpx:cad>74</gpxtpx:cad>
            <gpxtpx:atemp>295.65</gpxtpx:atemp>
          </gpxtpx:TrackPointExtension>
        </extensions>
      </trkpt>
      <trkpt lat="30.274027" lon="34.974708">
        <ele>305.6</ele>
        <time>2026-03-24T05:29:06.000Z</time>
        <extensions>
          <gpxtpx:TrackPointExtension>
            <gpxtpx:hr>122</gpxtpx:hr>
            <gpxtpx:cad>76</gpxtpx:cad>
            <gpxtpx:atemp>295.65</gpxtpx:atemp>
          </gpxtpx:TrackPointExtension>
        </extensions>
      </trkpt>
      <trkpt lat="30.273980" lon="34.974680">
        <ele>305.2</ele>
        <time>2026-03-24T05:29:09.000Z</time>
        <extensions>
          <gpxtpx:TrackPointExtension>
            <gpxtpx:hr>123</gpxtpx:hr>
            <gpxtpx:cad>74</gpxtpx:cad>
            <gpxtpx:atemp>295.65</gpxtpx:atemp>
          </gpxtpx:TrackPointExtension>
        </extensions>
      </trkpt>
      <trkpt lat="30.273938" lon="34.974637">
        <ele>305.2</ele>
        <time>2026-03-24T05:29:14.000Z</time>
        <extensions>
          <gpxtpx:TrackPointExtension>
            <gpxtpx:hr>124</gpxtpx:hr>
            <gpxtpx:cad>71</gpxtpx:cad>
            <gpxtpx:atemp>295.65</gpxtpx:atemp>
          </gpxtpx:TrackPointExtension>
        </extensions>
      </trkpt>
      <trkpt lat="30.273851" lon="34.974595">
        <ele>307.0</ele>
        <time>2026-03-24T05:29:21.000Z</time>
        <extensions>
          <gpxtpx:TrackPointExtension>
            <gpxtpx:hr>124</gpxtpx:hr>
            <gpxtpx:cad>66</gpxtpx:cad>
            <gpxtpx:atemp>295.65</gpxtpx:atemp>
          </gpxtpx:TrackPointExtension>
        </extensions>
      </trkpt>
      <trkpt lat="30.273703" lon="34.974548">
        <ele>309.8</ele>
        <time>2026-03-24T05:29:36.000Z</time>
        <extensions>
          <gpxtpx:TrackPointExtension>
            <gpxtpx:hr>131</gpxtpx:hr>
            <gpxtpx:cad>53</gpxtpx:cad>
            <gpxtpx:atemp>295.65</gpxtpx:atemp>
          </gpxtpx:TrackPointExtension>
        </extensions>
      </trkpt>
      <trkpt lat="30.273703" lon="34.974495">
        <ele>309.8</ele>
        <time>2026-03-24T05:29:45.000Z</time>
        <extensions>
          <gpxtpx:TrackPointExtension>
            <gpxtpx:hr>135</gpxtpx:hr>
            <gpxtpx:cad>52</gpxtpx:cad>
            <gpxtpx:atemp>295.65</gpxtpx:atemp>
          </gpxtpx:TrackPointExtension>
        </extensions>
      </trkpt>
      <trkpt lat="30.273674" lon="34.974383">
        <ele>310.4</ele>
        <time>2026-03-24T05:29:53.000Z</time>
        <extensions>
          <gpxtpx:TrackPointExtension>
            <gpxtpx:hr>134</gpxtpx:hr>
            <gpxtpx:cad>0</gpxtpx:cad>
            <gpxtpx:atemp>295.65</gpxtpx:atemp>
          </gpxtpx:TrackPointExtension>
        </extensions>
      </trkpt>
      <trkpt lat="30.273659" lon="34.974306">
        <ele>309.8</ele>
        <time>2026-03-24T05:29:57.000Z</time>
        <extensions>
          <gpxtpx:TrackPointExtension>
            <gpxtpx:hr>133</gpxtpx:hr>
            <gpxtpx:cad>53</gpxtpx:cad>
            <gpxtpx:atemp>295.65</gpxtpx:atemp>
          </gpxtpx:TrackPointExtension>
        </extensions>
      </trkpt>
      <trkpt lat="30.273668" lon="34.974188">
        <ele>309.6</ele>
        <time>2026-03-24T05:30:04.000Z</time>
        <extensions>
          <gpxtpx:TrackPointExtension>
            <gpxtpx:hr>132</gpxtpx:hr>
            <gpxtpx:cad>0</gpxtpx:cad>
            <gpxtpx:atemp>295.65</gpxtpx:atemp>
          </gpxtpx:TrackPointExtension>
        </extensions>
      </trkpt>
      <trkpt lat="30.273666" lon="34.974099">
        <ele>309.8</ele>
        <time>2026-03-24T05:30:11.000Z</time>
        <extensions>
          <gpxtpx:TrackPointExtension>
            <gpxtpx:hr>131</gpxtpx:hr>
            <gpxtpx:cad>0</gpxtpx:cad>
            <gpxtpx:atemp>295.65</gpxtpx:atemp>
          </gpxtpx:TrackPointExtension>
        </extensions>
      </trkpt>
      <trkpt lat="30.273643" lon="34.974063">
        <ele>310.0</ele>
        <time>2026-03-24T05:30:14.000Z</time>
        <extensions>
          <gpxtpx:TrackPointExtension>
            <gpxtpx:hr>129</gpxtpx:hr>
            <gpxtpx:cad>0</gpxtpx:cad>
            <gpxtpx:atemp>295.65</gpxtpx:atemp>
          </gpxtpx:TrackPointExtension>
        </extensions>
      </trkpt>
      <trkpt lat="30.273600" lon="34.974015">
        <ele>309.6</ele>
        <time>2026-03-24T05:30:22.000Z</time>
        <extensions>
          <gpxtpx:TrackPointExtension>
            <gpxtpx:hr>127</gpxtpx:hr>
            <gpxtpx:cad>0</gpxtpx:cad>
            <gpxtpx:atemp>295.65</gpxtpx:atemp>
          </gpxtpx:TrackPointExtension>
        </extensions>
      </trkpt>
      <trkpt lat="30.273583" lon="34.973971">
        <ele>309.2</ele>
        <time>2026-03-24T05:30:26.000Z</time>
        <extensions>
          <gpxtpx:TrackPointExtension>
            <gpxtpx:hr>127</gpxtpx:hr>
            <gpxtpx:cad>0</gpxtpx:cad>
            <gpxtpx:atemp>295.65</gpxtpx:atemp>
          </gpxtpx:TrackPointExtension>
        </extensions>
      </trkpt>
      <trkpt lat="30.273525" lon="34.973964">
        <ele>307.6</ele>
        <time>2026-03-24T05:30:31.000Z</time>
        <extensions>
          <gpxtpx:TrackPointExtension>
            <gpxtpx:hr>125</gpxtpx:hr>
            <gpxtpx:cad>79</gpxtpx:cad>
            <gpxtpx:atemp>295.65</gpxtpx:atemp>
          </gpxtpx:TrackPointExtension>
        </extensions>
      </trkpt>
      <trkpt lat="30.273457" lon="34.973984">
        <ele>307.8</ele>
        <time>2026-03-24T05:30:36.000Z</time>
        <extensions>
          <gpxtpx:TrackPointExtension>
            <gpxtpx:hr>123</gpxtpx:hr>
            <gpxtpx:cad>51</gpxtpx:cad>
            <gpxtpx:atemp>295.65</gpxtpx:atemp>
          </gpxtpx:TrackPointExtension>
        </extensions>
      </trkpt>
      <trkpt lat="30.273386" lon="34.974032">
        <ele>307.0</ele>
        <time>2026-03-24T05:30:41.000Z</time>
        <extensions>
          <gpxtpx:TrackPointExtension>
            <gpxtpx:hr>119</gpxtpx:hr>
            <gpxtpx:cad>64</gpxtpx:cad>
            <gpxtpx:atemp>295.65</gpxtpx:atemp>
          </gpxtpx:TrackPointExtension>
        </extensions>
      </trkpt>
      <trkpt lat="30.273347" lon="34.974072">
        <ele>307.4</ele>
        <time>2026-03-24T05:30:44.000Z</time>
        <extensions>
          <gpxtpx:TrackPointExtension>
            <gpxtpx:hr>119</gpxtpx:hr>
            <gpxtpx:cad>64</gpxtpx:cad>
            <gpxtpx:atemp>295.65</gpxtpx:atemp>
          </gpxtpx:TrackPointExtension>
        </extensions>
      </trkpt>
      <trkpt lat="30.273332" lon="34.974143">
        <ele>309.0</ele>
        <time>2026-03-24T05:30:51.000Z</time>
        <extensions>
          <gpxtpx:TrackPointExtension>
            <gpxtpx:hr>119</gpxtpx:hr>
            <gpxtpx:cad>0</gpxtpx:cad>
            <gpxtpx:atemp>295.65</gpxtpx:atemp>
          </gpxtpx:TrackPointExtension>
        </extensions>
      </trkpt>
      <trkpt lat="30.273258" lon="34.974184">
        <ele>311.2</ele>
        <time>2026-03-24T05:30:58.000Z</time>
        <extensions>
          <gpxtpx:TrackPointExtension>
            <gpxtpx:hr>120</gpxtpx:hr>
            <gpxtpx:cad>56</gpxtpx:cad>
            <gpxtpx:atemp>295.65</gpxtpx:atemp>
          </gpxtpx:TrackPointExtension>
        </extensions>
      </trkpt>
      <trkpt lat="30.273172" lon="34.974197">
        <ele>313.0</ele>
        <time>2026-03-24T05:31:06.000Z</time>
        <extensions>
          <gpxtpx:TrackPointExtension>
            <gpxtpx:hr>125</gpxtpx:hr>
            <gpxtpx:cad>55</gpxtpx:cad>
            <gpxtpx:atemp>295.65</gpxtpx:atemp>
          </gpxtpx:TrackPointExtension>
        </extensions>
      </trkpt>
      <trkpt lat="30.273102" lon="34.974215">
        <ele>312.8</ele>
        <time>2026-03-24T05:31:11.000Z</time>
        <extensions>
          <gpxtpx:TrackPointExtension>
            <gpxtpx:hr>132</gpxtpx:hr>
            <gpxtpx:cad>0</gpxtpx:cad>
            <gpxtpx:atemp>295.65</gpxtpx:atemp>
          </gpxtpx:TrackPointExtension>
        </extensions>
      </trkpt>
      <trkpt lat="30.273018" lon="34.974209">
        <ele>311.0</ele>
        <time>2026-03-24T05:31:16.000Z</time>
        <extensions>
          <gpxtpx:TrackPointExtension>
            <gpxtpx:hr>134</gpxtpx:hr>
            <gpxtpx:cad>72</gpxtpx:cad>
            <gpxtpx:atemp>295.65</gpxtpx:atemp>
          </gpxtpx:TrackPointExtension>
        </extensions>
      </trkpt>
      <trkpt lat="30.272966" lon="34.974215">
        <ele>310.4</ele>
        <time>2026-03-24T05:31:19.000Z</time>
        <extensions>
          <gpxtpx:TrackPointExtension>
            <gpxtpx:hr>134</gpxtpx:hr>
            <gpxtpx:cad>72</gpxtpx:cad>
            <gpxtpx:atemp>295.65</gpxtpx:atemp>
          </gpxtpx:TrackPointExtension>
        </extensions>
      </trkpt>
      <trkpt lat="30.272843" lon="34.974214">
        <ele>309.4</ele>
        <time>2026-03-24T05:31:25.000Z</time>
        <extensions>
          <gpxtpx:TrackPointExtension>
            <gpxtpx:hr>133</gpxtpx:hr>
            <gpxtpx:cad>73</gpxtpx:cad>
            <gpxtpx:atemp>295.65</gpxtpx:atemp>
          </gpxtpx:TrackPointExtension>
        </extensions>
      </trkpt>
      <trkpt lat="30.272765" lon="34.974226">
        <ele>309.6</ele>
        <time>2026-03-24T05:31:29.000Z</time>
        <extensions>
          <gpxtpx:TrackPointExtension>
            <gpxtpx:hr>134</gpxtpx:hr>
            <gpxtpx:cad>77</gpxtpx:cad>
            <gpxtpx:atemp>295.65</gpxtpx:atemp>
          </gpxtpx:TrackPointExtension>
        </extensions>
      </trkpt>
      <trkpt lat="30.272723" lon="34.974236">
        <ele>310.0</ele>
        <time>2026-03-24T05:31:31.000Z</time>
        <extensions>
          <gpxtpx:TrackPointExtension>
            <gpxtpx:hr>134</gpxtpx:hr>
            <gpxtpx:cad>76</gpxtpx:cad>
            <gpxtpx:atemp>295.65</gpxtpx:atemp>
          </gpxtpx:TrackPointExtension>
        </extensions>
      </trkpt>
      <trkpt lat="30.272512" lon="34.974268">
        <ele>310.0</ele>
        <time>2026-03-24T05:31:42.000Z</time>
        <extensions>
          <gpxtpx:TrackPointExtension>
            <gpxtpx:hr>136</gpxtpx:hr>
            <gpxtpx:cad>76</gpxtpx:cad>
            <gpxtpx:atemp>295.65</gpxtpx:atemp>
          </gpxtpx:TrackPointExtension>
        </extensions>
      </trkpt>
      <trkpt lat="30.272491" lon="34.974276">
        <ele>310.0</ele>
        <time>2026-03-24T05:31:43.000Z</time>
        <extensions>
          <gpxtpx:TrackPointExtension>
            <gpxtpx:hr>136</gpxtpx:hr>
            <gpxtpx:cad>76</gpxtpx:cad>
            <gpxtpx:atemp>295.65</gpxtpx:atemp>
          </gpxtpx:TrackPointExtension>
        </extensions>
      </trkpt>
      <trkpt lat="30.272372" lon="34.974295">
        <ele>310.4</ele>
        <time>2026-03-24T05:31:50.000Z</time>
        <extensions>
          <gpxtpx:TrackPointExtension>
            <gpxtpx:hr>137</gpxtpx:hr>
            <gpxtpx:cad>74</gpxtpx:cad>
            <gpxtpx:atemp>295.65</gpxtpx:atemp>
          </gpxtpx:TrackPointExtension>
        </extensions>
      </trkpt>
      <trkpt lat="30.272305" lon="34.974318">
        <ele>311.0</ele>
        <time>2026-03-24T05:31:54.000Z</time>
        <extensions>
          <gpxtpx:TrackPointExtension>
            <gpxtpx:hr>138</gpxtpx:hr>
            <gpxtpx:cad>76</gpxtpx:cad>
            <gpxtpx:atemp>294.65</gpxtpx:atemp>
          </gpxtpx:TrackPointExtension>
        </extensions>
      </trkpt>
      <trkpt lat="30.272243" lon="34.974324">
        <ele>311.8</ele>
        <time>2026-03-24T05:31:59.000Z</time>
        <extensions>
          <gpxtpx:TrackPointExtension>
            <gpxtpx:hr>139</gpxtpx:hr>
            <gpxtpx:cad>75</gpxtpx:cad>
            <gpxtpx:atemp>294.65</gpxtpx:atemp>
          </gpxtpx:TrackPointExtension>
        </extensions>
      </trkpt>
      <trkpt lat="30.272145" lon="34.974317">
        <ele>312.6</ele>
        <time>2026-03-24T05:32:05.000Z</time>
        <extensions>
          <gpxtpx:TrackPointExtension>
            <gpxtpx:hr>139</gpxtpx:hr>
            <gpxtpx:cad>76</gpxtpx:cad>
            <gpxtpx:atemp>294.65</gpxtpx:atemp>
          </gpxtpx:TrackPointExtension>
        </extensions>
      </trkpt>
      <trkpt lat="30.272061" lon="34.974302">
        <ele>313.2</ele>
        <time>2026-03-24T05:32:10.000Z</time>
        <extensions>
          <gpxtpx:TrackPointExtension>
            <gpxtpx:hr>142</gpxtpx:hr>
            <gpxtpx:cad>76</gpxtpx:cad>
            <gpxtpx:atemp>294.65</gpxtpx:atemp>
          </gpxtpx:TrackPointExtension>
        </extensions>
      </trkpt>
      <trkpt lat="30.271898" lon="34.974255">
        <ele>313.8</ele>
        <time>2026-03-24T05:32:19.000Z</time>
        <extensions>
          <gpxtpx:TrackPointExtension>
            <gpxtpx:hr>145</gpxtpx:hr>
            <gpxtpx:cad>76</gpxtpx:cad>
            <gpxtpx:atemp>294.65</gpxtpx:atemp>
          </gpxtpx:TrackPointExtension>
        </extensions>
      </trkpt>
      <trkpt lat="30.271786" lon="34.974192">
        <ele>314.2</ele>
        <time>2026-03-24T05:32:26.000Z</time>
        <extensions>
          <gpxtpx:TrackPointExtension>
            <gpxtpx:hr>142</gpxtpx:hr>
            <gpxtpx:cad>79</gpxtpx:cad>
            <gpxtpx:atemp>294.65</gpxtpx:atemp>
          </gpxtpx:TrackPointExtension>
        </extensions>
      </trkpt>
      <trkpt lat="30.271737" lon="34.974157">
        <ele>314.8</ele>
        <time>2026-03-24T05:32:29.000Z</time>
        <extensions>
          <gpxtpx:TrackPointExtension>
            <gpxtpx:hr>142</gpxtpx:hr>
            <gpxtpx:cad>77</gpxtpx:cad>
            <gpxtpx:atemp>294.65</gpxtpx:atemp>
          </gpxtpx:TrackPointExtension>
        </extensions>
      </trkpt>
      <trkpt lat="30.271661" lon="34.974111">
        <ele>315.4</ele>
        <time>2026-03-24T05:32:34.000Z</time>
        <extensions>
          <gpxtpx:TrackPointExtension>
            <gpxtpx:hr>142</gpxtpx:hr>
            <gpxtpx:cad>76</gpxtpx:cad>
            <gpxtpx:atemp>294.65</gpxtpx:atemp>
          </gpxtpx:TrackPointExtension>
        </extensions>
      </trkpt>
      <trkpt lat="30.271617" lon="34.974068">
        <ele>316.4</ele>
        <time>2026-03-24T05:32:40.000Z</time>
        <extensions>
          <gpxtpx:TrackPointExtension>
            <gpxtpx:hr>142</gpxtpx:hr>
            <gpxtpx:cad>60</gpxtpx:cad>
            <gpxtpx:atemp>294.65</gpxtpx:atemp>
          </gpxtpx:TrackPointExtension>
        </extensions>
      </trkpt>
      <trkpt lat="30.271576" lon="34.974034">
        <ele>317.8</ele>
        <time>2026-03-24T05:32:47.000Z</time>
        <extensions>
          <gpxtpx:TrackPointExtension>
            <gpxtpx:hr>139</gpxtpx:hr>
            <gpxtpx:cad>57</gpxtpx:cad>
            <gpxtpx:atemp>294.65</gpxtpx:atemp>
          </gpxtpx:TrackPointExtension>
        </extensions>
      </trkpt>
      <trkpt lat="30.271528" lon="34.974008">
        <ele>318.8</ele>
        <time>2026-03-24T05:32:52.000Z</time>
        <extensions>
          <gpxtpx:TrackPointExtension>
            <gpxtpx:hr>139</gpxtpx:hr>
            <gpxtpx:cad>55</gpxtpx:cad>
            <gpxtpx:atemp>295.65</gpxtpx:atemp>
          </gpxtpx:TrackPointExtension>
        </extensions>
      </trkpt>
      <trkpt lat="30.271462" lon="34.974001">
        <ele>319.6</ele>
        <time>2026-03-24T05:33:01.000Z</time>
        <extensions>
          <gpxtpx:TrackPointExtension>
            <gpxtpx:hr>140</gpxtpx:hr>
            <gpxtpx:cad>53</gpxtpx:cad>
            <gpxtpx:atemp>295.65</gpxtpx:atemp>
          </gpxtpx:TrackPointExtension>
        </extensions>
      </trkpt>
      <trkpt lat="30.271384" lon="34.973984">
        <ele>319.8</ele>
        <time>2026-03-24T05:33:06.000Z</time>
        <extensions>
          <gpxtpx:TrackPointExtension>
            <gpxtpx:hr>140</gpxtpx:hr>
            <gpxtpx:cad>53</gpxtpx:cad>
            <gpxtpx:atemp>295.65</gpxtpx:atemp>
          </gpxtpx:TrackPointExtension>
        </extensions>
      </trkpt>
      <trkpt lat="30.271279" lon="34.973929">
        <ele>320.0</ele>
        <time>2026-03-24T05:33:13.000Z</time>
        <extensions>
          <gpxtpx:TrackPointExtension>
            <gpxtpx:hr>138</gpxtpx:hr>
            <gpxtpx:cad>74</gpxtpx:cad>
            <gpxtpx:atemp>295.65</gpxtpx:atemp>
          </gpxtpx:TrackPointExtension>
        </extensions>
      </trkpt>
      <trkpt lat="30.271262" lon="34.973917">
        <ele>320.0</ele>
        <time>2026-03-24T05:33:14.000Z</time>
        <extensions>
          <gpxtpx:TrackPointExtension>
            <gpxtpx:hr>139</gpxtpx:hr>
            <gpxtpx:cad>74</gpxtpx:cad>
            <gpxtpx:atemp>295.65</gpxtpx:atemp>
          </gpxtpx:TrackPointExtension>
        </extensions>
      </trkpt>
      <trkpt lat="30.271151" lon="34.973852">
        <ele>320.2</ele>
        <time>2026-03-24T05:33:21.000Z</time>
        <extensions>
          <gpxtpx:TrackPointExtension>
            <gpxtpx:hr>136</gpxtpx:hr>
            <gpxtpx:cad>76</gpxtpx:cad>
            <gpxtpx:atemp>295.65</gpxtpx:atemp>
          </gpxtpx:TrackPointExtension>
        </extensions>
      </trkpt>
      <trkpt lat="30.270942" lon="34.973723">
        <ele>319.6</ele>
        <time>2026-03-24T05:33:33.000Z</time>
        <extensions>
          <gpxtpx:TrackPointExtension>
            <gpxtpx:hr>136</gpxtpx:hr>
            <gpxtpx:cad>77</gpxtpx:cad>
            <gpxtpx:atemp>294.65</gpxtpx:atemp>
          </gpxtpx:TrackPointExtension>
        </extensions>
      </trkpt>
      <trkpt lat="30.270859" lon="34.973682">
        <ele>319.4</ele>
        <time>2026-03-24T05:33:38.000Z</time>
        <extensions>
          <gpxtpx:TrackPointExtension>
            <gpxtpx:hr>136</gpxtpx:hr>
            <gpxtpx:cad>76</gpxtpx:cad>
            <gpxtpx:atemp>294.65</gpxtpx:atemp>
          </gpxtpx:TrackPointExtension>
        </extensions>
      </trkpt>
      <trkpt lat="30.270748" lon="34.973617">
        <ele>320.4</ele>
        <time>2026-03-24T05:33:45.000Z</time>
        <extensions>
          <gpxtpx:TrackPointExtension>
            <gpxtpx:hr>135</gpxtpx:hr>
            <gpxtpx:cad>76</gpxtpx:cad>
            <gpxtpx:atemp>294.65</gpxtpx:atemp>
          </gpxtpx:TrackPointExtension>
        </extensions>
      </trkpt>
      <trkpt lat="30.270643" lon="34.973578">
        <ele>321.0</ele>
        <time>2026-03-24T05:33:51.000Z</time>
        <extensions>
          <gpxtpx:TrackPointExtension>
            <gpxtpx:hr>136</gpxtpx:hr>
            <gpxtpx:cad>75</gpxtpx:cad>
            <gpxtpx:atemp>294.65</gpxtpx:atemp>
          </gpxtpx:TrackPointExtension>
        </extensions>
      </trkpt>
      <trkpt lat="30.270523" lon="34.973523">
        <ele>321.2</ele>
        <time>2026-03-24T05:33:58.000Z</time>
        <extensions>
          <gpxtpx:TrackPointExtension>
            <gpxtpx:hr>137</gpxtpx:hr>
            <gpxtpx:cad>77</gpxtpx:cad>
            <gpxtpx:atemp>294.65</gpxtpx:atemp>
          </gpxtpx:TrackPointExtension>
        </extensions>
      </trkpt>
      <trkpt lat="30.270437" lon="34.973474">
        <ele>321.6</ele>
        <time>2026-03-24T05:34:03.000Z</time>
        <extensions>
          <gpxtpx:TrackPointExtension>
            <gpxtpx:hr>136</gpxtpx:hr>
            <gpxtpx:cad>77</gpxtpx:cad>
            <gpxtpx:atemp>294.65</gpxtpx:atemp>
          </gpxtpx:TrackPointExtension>
        </extensions>
      </trkpt>
      <trkpt lat="30.270346" lon="34.973430">
        <ele>321.2</ele>
        <time>2026-03-24T05:34:08.000Z</time>
        <extensions>
          <gpxtpx:TrackPointExtension>
            <gpxtpx:hr>136</gpxtpx:hr>
            <gpxtpx:cad>77</gpxtpx:cad>
            <gpxtpx:atemp>294.65</gpxtpx:atemp>
          </gpxtpx:TrackPointExtension>
        </extensions>
      </trkpt>
      <trkpt lat="30.270289" lon="34.973411">
        <ele>321.0</ele>
        <time>2026-03-24T05:34:11.000Z</time>
        <extensions>
          <gpxtpx:TrackPointExtension>
            <gpxtpx:hr>135</gpxtpx:hr>
            <gpxtpx:cad>76</gpxtpx:cad>
            <gpxtpx:atemp>294.65</gpxtpx:atemp>
          </gpxtpx:TrackPointExtension>
        </extensions>
      </trkpt>
      <trkpt lat="30.270200" lon="34.973388">
        <ele>321.4</ele>
        <time>2026-03-24T05:34:16.000Z</time>
        <extensions>
          <gpxtpx:TrackPointExtension>
            <gpxtpx:hr>135</gpxtpx:hr>
            <gpxtpx:cad>78</gpxtpx:cad>
            <gpxtpx:atemp>294.65</gpxtpx:atemp>
          </gpxtpx:TrackPointExtension>
        </extensions>
      </trkpt>
      <trkpt lat="30.270103" lon="34.973354">
        <ele>321.6</ele>
        <time>2026-03-24T05:34:21.000Z</time>
        <extensions>
          <gpxtpx:TrackPointExtension>
            <gpxtpx:hr>135</gpxtpx:hr>
            <gpxtpx:cad>77</gpxtpx:cad>
            <gpxtpx:atemp>294.65</gpxtpx:atemp>
          </gpxtpx:TrackPointExtension>
        </extensions>
      </trkpt>
      <trkpt lat="30.269930" lon="34.973298">
        <ele>320.6</ele>
        <time>2026-03-24T05:34:30.000Z</time>
        <extensions>
          <gpxtpx:TrackPointExtension>
            <gpxtpx:hr>135</gpxtpx:hr>
            <gpxtpx:cad>77</gpxtpx:cad>
            <gpxtpx:atemp>294.65</gpxtpx:atemp>
          </gpxtpx:TrackPointExtension>
        </extensions>
      </trkpt>
      <trkpt lat="30.269848" lon="34.973268">
        <ele>318.8</ele>
        <time>2026-03-24T05:35:08.000Z</time>
        <extensions>
          <gpxtpx:TrackPointExtension>
            <gpxtpx:hr>110</gpxtpx:hr>
            <gpxtpx:cad>51</gpxtpx:cad>
            <gpxtpx:atemp>295.65</gpxtpx:atemp>
          </gpxtpx:TrackPointExtension>
        </extensions>
      </trkpt>
      <trkpt lat="30.269719" lon="34.973203">
        <ele>319.0</ele>
        <time>2026-03-24T05:35:19.000Z</time>
        <extensions>
          <gpxtpx:TrackPointExtension>
            <gpxtpx:hr>111</gpxtpx:hr>
            <gpxtpx:cad>57</gpxtpx:cad>
            <gpxtpx:atemp>295.65</gpxtpx:atemp>
          </gpxtpx:TrackPointExtension>
        </extensions>
      </trkpt>
      <trkpt lat="30.269590" lon="34.973087">
        <ele>316.8</ele>
        <time>2026-03-24T05:35:30.000Z</time>
        <extensions>
          <gpxtpx:TrackPointExtension>
            <gpxtpx:hr>110</gpxtpx:hr>
            <gpxtpx:cad>77</gpxtpx:cad>
            <gpxtpx:atemp>295.65</gpxtpx:atemp>
          </gpxtpx:TrackPointExtension>
        </extensions>
      </trkpt>
      <trkpt lat="30.269449" lon="34.972999">
        <ele>316.8</ele>
        <time>2026-03-24T05:35:39.000Z</time>
        <extensions>
          <gpxtpx:TrackPointExtension>
            <gpxtpx:hr>114</gpxtpx:hr>
            <gpxtpx:cad>76</gpxtpx:cad>
            <gpxtpx:atemp>295.65</gpxtpx:atemp>
          </gpxtpx:TrackPointExtension>
        </extensions>
      </trkpt>
      <trkpt lat="30.269389" lon="34.972986">
        <ele>317.8</ele>
        <time>2026-03-24T05:35:42.000Z</time>
        <extensions>
          <gpxtpx:TrackPointExtension>
            <gpxtpx:hr>117</gpxtpx:hr>
            <gpxtpx:cad>74</gpxtpx:cad>
            <gpxtpx:atemp>295.65</gpxtpx:atemp>
          </gpxtpx:TrackPointExtension>
        </extensions>
      </trkpt>
      <trkpt lat="30.269228" lon="34.972932">
        <ele>318.0</ele>
        <time>2026-03-24T05:35:51.000Z</time>
        <extensions>
          <gpxtpx:TrackPointExtension>
            <gpxtpx:hr>124</gpxtpx:hr>
            <gpxtpx:cad>78</gpxtpx:cad>
            <gpxtpx:atemp>295.65</gpxtpx:atemp>
          </gpxtpx:TrackPointExtension>
        </extensions>
      </trkpt>
      <trkpt lat="30.269133" lon="34.972903">
        <ele>318.8</ele>
        <time>2026-03-24T05:35:56.000Z</time>
        <extensions>
          <gpxtpx:TrackPointExtension>
            <gpxtpx:hr>125</gpxtpx:hr>
            <gpxtpx:cad>78</gpxtpx:cad>
            <gpxtpx:atemp>295.65</gpxtpx:atemp>
          </gpxtpx:TrackPointExtension>
        </extensions>
      </trkpt>
      <trkpt lat="30.269117" lon="34.972896">
        <ele>318.8</ele>
        <time>2026-03-24T05:35:57.000Z</time>
        <extensions>
          <gpxtpx:TrackPointExtension>
            <gpxtpx:hr>125</gpxtpx:hr>
            <gpxtpx:cad>78</gpxtpx:cad>
            <gpxtpx:atemp>295.65</gpxtpx:atemp>
          </gpxtpx:TrackPointExtension>
        </extensions>
      </trkpt>
      <trkpt lat="30.268894" lon="34.972812">
        <ele>319.4</ele>
        <time>2026-03-24T05:36:09.000Z</time>
        <extensions>
          <gpxtpx:TrackPointExtension>
            <gpxtpx:hr>132</gpxtpx:hr>
            <gpxtpx:cad>79</gpxtpx:cad>
            <gpxtpx:atemp>295.65</gpxtpx:atemp>
          </gpxtpx:TrackPointExtension>
        </extensions>
      </trkpt>
      <trkpt lat="30.268851" lon="34.972795">
        <ele>319.6</ele>
        <time>2026-03-24T05:36:11.000Z</time>
        <extensions>
          <gpxtpx:TrackPointExtension>
            <gpxtpx:hr>133</gpxtpx:hr>
            <gpxtpx:cad>79</gpxtpx:cad>
            <gpxtpx:atemp>295.65</gpxtpx:atemp>
          </gpxtpx:TrackPointExtension>
        </extensions>
      </trkpt>
      <trkpt lat="30.268660" lon="34.972726">
        <ele>320.0</ele>
        <time>2026-03-24T05:36:21.000Z</time>
        <extensions>
          <gpxtpx:TrackPointExtension>
            <gpxtpx:hr>134</gpxtpx:hr>
            <gpxtpx:cad>78</gpxtpx:cad>
            <gpxtpx:atemp>295.65</gpxtpx:atemp>
          </gpxtpx:TrackPointExtension>
        </extensions>
      </trkpt>
      <trkpt lat="30.268542" lon="34.972690">
        <ele>320.6</ele>
        <time>2026-03-24T05:36:27.000Z</time>
        <extensions>
          <gpxtpx:TrackPointExtension>
            <gpxtpx:hr>136</gpxtpx:hr>
            <gpxtpx:cad>79</gpxtpx:cad>
            <gpxtpx:atemp>295.65</gpxtpx:atemp>
          </gpxtpx:TrackPointExtension>
        </extensions>
      </trkpt>
      <trkpt lat="30.268474" lon="34.972662">
        <ele>320.6</ele>
        <time>2026-03-24T05:36:31.000Z</time>
        <extensions>
          <gpxtpx:TrackPointExtension>
            <gpxtpx:hr>136</gpxtpx:hr>
            <gpxtpx:cad>78</gpxtpx:cad>
            <gpxtpx:atemp>295.65</gpxtpx:atemp>
          </gpxtpx:TrackPointExtension>
        </extensions>
      </trkpt>
      <trkpt lat="30.268394" lon="34.972638">
        <ele>320.6</ele>
        <time>2026-03-24T05:36:35.000Z</time>
        <extensions>
          <gpxtpx:TrackPointExtension>
            <gpxtpx:hr>136</gpxtpx:hr>
            <gpxtpx:cad>78</gpxtpx:cad>
            <gpxtpx:atemp>295.65</gpxtpx:atemp>
          </gpxtpx:TrackPointExtension>
        </extensions>
      </trkpt>
      <trkpt lat="30.268195" lon="34.972591">
        <ele>321.2</ele>
        <time>2026-03-24T05:36:45.000Z</time>
        <extensions>
          <gpxtpx:TrackPointExtension>
            <gpxtpx:hr>137</gpxtpx:hr>
            <gpxtpx:cad>78</gpxtpx:cad>
            <gpxtpx:atemp>295.65</gpxtpx:atemp>
          </gpxtpx:TrackPointExtension>
        </extensions>
      </trkpt>
      <trkpt lat="30.267985" lon="34.972539">
        <ele>321.4</ele>
        <time>2026-03-24T05:36:55.000Z</time>
        <extensions>
          <gpxtpx:TrackPointExtension>
            <gpxtpx:hr>138</gpxtpx:hr>
            <gpxtpx:cad>78</gpxtpx:cad>
            <gpxtpx:atemp>295.65</gpxtpx:atemp>
          </gpxtpx:TrackPointExtension>
        </extensions>
      </trkpt>
      <trkpt lat="30.267875" lon="34.972495">
        <ele>321.2</ele>
        <time>2026-03-24T05:37:01.000Z</time>
        <extensions>
          <gpxtpx:TrackPointExtension>
            <gpxtpx:hr>138</gpxtpx:hr>
            <gpxtpx:cad>78</gpxtpx:cad>
            <gpxtpx:atemp>294.65</gpxtpx:atemp>
          </gpxtpx:TrackPointExtension>
        </extensions>
      </trkpt>
      <trkpt lat="30.267797" lon="34.972455">
        <ele>321.2</ele>
        <time>2026-03-24T05:37:05.000Z</time>
        <extensions>
          <gpxtpx:TrackPointExtension>
            <gpxtpx:hr>138</gpxtpx:hr>
            <gpxtpx:cad>79</gpxtpx:cad>
            <gpxtpx:atemp>294.65</gpxtpx:atemp>
          </gpxtpx:TrackPointExtension>
        </extensions>
      </trkpt>
      <trkpt lat="30.267690" lon="34.972383">
        <ele>321.2</ele>
        <time>2026-03-24T05:37:11.000Z</time>
        <extensions>
          <gpxtpx:TrackPointExtension>
            <gpxtpx:hr>138</gpxtpx:hr>
            <gpxtpx:cad>79</gpxtpx:cad>
            <gpxtpx:atemp>294.65</gpxtpx:atemp>
          </gpxtpx:TrackPointExtension>
        </extensions>
      </trkpt>
      <trkpt lat="30.267664" lon="34.972352">
        <ele>321.0</ele>
        <time>2026-03-24T05:37:13.000Z</time>
        <extensions>
          <gpxtpx:TrackPointExtension>
            <gpxtpx:hr>138</gpxtpx:hr>
            <gpxtpx:cad>78</gpxtpx:cad>
            <gpxtpx:atemp>294.65</gpxtpx:atemp>
          </gpxtpx:TrackPointExtension>
        </extensions>
      </trkpt>
      <trkpt lat="30.267555" lon="34.972294">
        <ele>320.8</ele>
        <time>2026-03-24T05:37:19.000Z</time>
        <extensions>
          <gpxtpx:TrackPointExtension>
            <gpxtpx:hr>138</gpxtpx:hr>
            <gpxtpx:cad>78</gpxtpx:cad>
            <gpxtpx:atemp>294.65</gpxtpx:atemp>
          </gpxtpx:TrackPointExtension>
        </extensions>
      </trkpt>
      <trkpt lat="30.267440" lon="34.972212">
        <ele>320.2</ele>
        <time>2026-03-24T05:37:26.000Z</time>
        <extensions>
          <gpxtpx:TrackPointExtension>
            <gpxtpx:hr>138</gpxtpx:hr>
            <gpxtpx:cad>78</gpxtpx:cad>
            <gpxtpx:atemp>294.65</gpxtpx:atemp>
          </gpxtpx:TrackPointExtension>
        </extensions>
      </trkpt>
      <trkpt lat="30.267378" lon="34.972178">
        <ele>319.8</ele>
        <time>2026-03-24T05:37:29.000Z</time>
        <extensions>
          <gpxtpx:TrackPointExtension>
            <gpxtpx:hr>138</gpxtpx:hr>
            <gpxtpx:cad>77</gpxtpx:cad>
            <gpxtpx:atemp>294.65</gpxtpx:atemp>
          </gpxtpx:TrackPointExtension>
        </extensions>
      </trkpt>
      <trkpt lat="30.267286" lon="34.972137">
        <ele>319.8</ele>
        <time>2026-03-24T05:37:34.000Z</time>
        <extensions>
          <gpxtpx:TrackPointExtension>
            <gpxtpx:hr>138</gpxtpx:hr>
            <gpxtpx:cad>79</gpxtpx:cad>
            <gpxtpx:atemp>294.65</gpxtpx:atemp>
          </gpxtpx:TrackPointExtension>
        </extensions>
      </trkpt>
      <trkpt lat="30.267195" lon="34.972072">
        <ele>320.6</ele>
        <time>2026-03-24T05:37:43.000Z</time>
        <extensions>
          <gpxtpx:TrackPointExtension>
            <gpxtpx:hr>137</gpxtpx:hr>
            <gpxtpx:cad>77</gpxtpx:cad>
            <gpxtpx:atemp>295.65</gpxtpx:atemp>
          </gpxtpx:TrackPointExtension>
        </extensions>
      </trkpt>
      <trkpt lat="30.267131" lon="34.972046">
        <ele>321.0</ele>
        <time>2026-03-24T05:37:48.000Z</time>
        <extensions>
          <gpxtpx:TrackPointExtension>
            <gpxtpx:hr>137</gpxtpx:hr>
            <gpxtpx:cad>56</gpxtpx:cad>
            <gpxtpx:atemp>295.65</gpxtpx:atemp>
          </gpxtpx:TrackPointExtension>
        </extensions>
      </trkpt>
      <trkpt lat="30.267070" lon="34.972000">
        <ele>321.4</ele>
        <time>2026-03-24T05:37:53.000Z</time>
        <extensions>
          <gpxtpx:TrackPointExtension>
            <gpxtpx:hr>137</gpxtpx:hr>
            <gpxtpx:cad>58</gpxtpx:cad>
            <gpxtpx:atemp>295.65</gpxtpx:atemp>
          </gpxtpx:TrackPointExtension>
        </extensions>
      </trkpt>
      <trkpt lat="30.266923" lon="34.971913">
        <ele>321.2</ele>
        <time>2026-03-24T05:38:03.000Z</time>
        <extensions>
          <gpxtpx:TrackPointExtension>
            <gpxtpx:hr>136</gpxtpx:hr>
            <gpxtpx:cad>76</gpxtpx:cad>
            <gpxtpx:atemp>295.65</gpxtpx:atemp>
          </gpxtpx:TrackPointExtension>
        </extensions>
      </trkpt>
      <trkpt lat="30.266843" lon="34.971854">
        <ele>321.4</ele>
        <time>2026-03-24T05:38:08.000Z</time>
        <extensions>
          <gpxtpx:TrackPointExtension>
            <gpxtpx:hr>137</gpxtpx:hr>
            <gpxtpx:cad>76</gpxtpx:cad>
            <gpxtpx:atemp>295.65</gpxtpx:atemp>
          </gpxtpx:TrackPointExtension>
        </extensions>
      </trkpt>
      <trkpt lat="30.266684" lon="34.971710">
        <ele>321.0</ele>
        <time>2026-03-24T05:38:18.000Z</time>
        <extensions>
          <gpxtpx:TrackPointExtension>
            <gpxtpx:hr>135</gpxtpx:hr>
            <gpxtpx:cad>77</gpxtpx:cad>
            <gpxtpx:atemp>295.65</gpxtpx:atemp>
          </gpxtpx:TrackPointExtension>
        </extensions>
      </trkpt>
      <trkpt lat="30.266561" lon="34.971568">
        <ele>321.6</ele>
        <time>2026-03-24T05:38:27.000Z</time>
        <extensions>
          <gpxtpx:TrackPointExtension>
            <gpxtpx:hr>137</gpxtpx:hr>
            <gpxtpx:cad>78</gpxtpx:cad>
            <gpxtpx:atemp>295.65</gpxtpx:atemp>
          </gpxtpx:TrackPointExtension>
        </extensions>
      </trkpt>
      <trkpt lat="30.266428" lon="34.971421">
        <ele>322.4</ele>
        <time>2026-03-24T05:38:36.000Z</time>
        <extensions>
          <gpxtpx:TrackPointExtension>
            <gpxtpx:hr>138</gpxtpx:hr>
            <gpxtpx:cad>78</gpxtpx:cad>
            <gpxtpx:atemp>295.65</gpxtpx:atemp>
          </gpxtpx:TrackPointExtension>
        </extensions>
      </trkpt>
      <trkpt lat="30.266288" lon="34.971265">
        <ele>322.4</ele>
        <time>2026-03-24T05:38:46.000Z</time>
        <extensions>
          <gpxtpx:TrackPointExtension>
            <gpxtpx:hr>139</gpxtpx:hr>
            <gpxtpx:cad>78</gpxtpx:cad>
            <gpxtpx:atemp>295.65</gpxtpx:atemp>
          </gpxtpx:TrackPointExtension>
        </extensions>
      </trkpt>
      <trkpt lat="30.266210" lon="34.971171">
        <ele>323.2</ele>
        <time>2026-03-24T05:38:52.000Z</time>
        <extensions>
          <gpxtpx:TrackPointExtension>
            <gpxtpx:hr>139</gpxtpx:hr>
            <gpxtpx:cad>77</gpxtpx:cad>
            <gpxtpx:atemp>295.65</gpxtpx:atemp>
          </gpxtpx:TrackPointExtension>
        </extensions>
      </trkpt>
      <trkpt lat="30.266177" lon="34.971122">
        <ele>323.4</ele>
        <time>2026-03-24T05:38:55.000Z</time>
        <extensions>
          <gpxtpx:TrackPointExtension>
            <gpxtpx:hr>139</gpxtpx:hr>
            <gpxtpx:cad>76</gpxtpx:cad>
            <gpxtpx:atemp>295.65</gpxtpx:atemp>
          </gpxtpx:TrackPointExtension>
        </extensions>
      </trkpt>
      <trkpt lat="30.266116" lon="34.971008">
        <ele>323.8</ele>
        <time>2026-03-24T05:39:01.000Z</time>
        <extensions>
          <gpxtpx:TrackPointExtension>
            <gpxtpx:hr>139</gpxtpx:hr>
            <gpxtpx:cad>78</gpxtpx:cad>
            <gpxtpx:atemp>295.65</gpxtpx:atemp>
          </gpxtpx:TrackPointExtension>
        </extensions>
      </trkpt>
      <trkpt lat="30.266056" lon="34.970916">
        <ele>324.0</ele>
        <time>2026-03-24T05:39:06.000Z</time>
        <extensions>
          <gpxtpx:TrackPointExtension>
            <gpxtpx:hr>139</gpxtpx:hr>
            <gpxtpx:cad>78</gpxtpx:cad>
            <gpxtpx:atemp>295.65</gpxtpx:atemp>
          </gpxtpx:TrackPointExtension>
        </extensions>
      </trkpt>
      <trkpt lat="30.265936" lon="34.970745">
        <ele>324.4</ele>
        <time>2026-03-24T05:39:16.000Z</time>
        <extensions>
          <gpxtpx:TrackPointExtension>
            <gpxtpx:hr>138</gpxtpx:hr>
            <gpxtpx:cad>77</gpxtpx:cad>
            <gpxtpx:atemp>295.65</gpxtpx:atemp>
          </gpxtpx:TrackPointExtension>
        </extensions>
      </trkpt>
      <trkpt lat="30.265850" lon="34.970613">
        <ele>325.6</ele>
        <time>2026-03-24T05:39:24.000Z</time>
        <extensions>
          <gpxtpx:TrackPointExtension>
            <gpxtpx:hr>138</gpxtpx:hr>
            <gpxtpx:cad>76</gpxtpx:cad>
            <gpxtpx:atemp>295.65</gpxtpx:atemp>
          </gpxtpx:TrackPointExtension>
        </extensions>
      </trkpt>
      <trkpt lat="30.265776" lon="34.970521">
        <ele>325.8</ele>
        <time>2026-03-24T05:39:30.000Z</time>
        <extensions>
          <gpxtpx:TrackPointExtension>
            <gpxtpx:hr>139</gpxtpx:hr>
            <gpxtpx:cad>78</gpxtpx:cad>
            <gpxtpx:atemp>295.65</gpxtpx:atemp>
          </gpxtpx:TrackPointExtension>
        </extensions>
      </trkpt>
      <trkpt lat="30.265734" lon="34.970475">
        <ele>325.8</ele>
        <time>2026-03-24T05:39:33.000Z</time>
        <extensions>
          <gpxtpx:TrackPointExtension>
            <gpxtpx:hr>140</gpxtpx:hr>
            <gpxtpx:cad>77</gpxtpx:cad>
            <gpxtpx:atemp>295.65</gpxtpx:atemp>
          </gpxtpx:TrackPointExtension>
        </extensions>
      </trkpt>
      <trkpt lat="30.265672" lon="34.970426">
        <ele>326.4</ele>
        <time>2026-03-24T05:39:37.000Z</time>
        <extensions>
          <gpxtpx:TrackPointExtension>
            <gpxtpx:hr>141</gpxtpx:hr>
            <gpxtpx:cad>76</gpxtpx:cad>
            <gpxtpx:atemp>295.65</gpxtpx:atemp>
          </gpxtpx:TrackPointExtension>
        </extensions>
      </trkpt>
      <trkpt lat="30.265629" lon="34.970378">
        <ele>326.6</ele>
        <time>2026-03-24T05:39:40.000Z</time>
        <extensions>
          <gpxtpx:TrackPointExtension>
            <gpxtpx:hr>141</gpxtpx:hr>
            <gpxtpx:cad>76</gpxtpx:cad>
            <gpxtpx:atemp>295.65</gpxtpx:atemp>
          </gpxtpx:TrackPointExtension>
        </extensions>
      </trkpt>
      <trkpt lat="30.265576" lon="34.970304">
        <ele>326.6</ele>
        <time>2026-03-24T05:39:44.000Z</time>
        <extensions>
          <gpxtpx:TrackPointExtension>
            <gpxtpx:hr>142</gpxtpx:hr>
            <gpxtpx:cad>77</gpxtpx:cad>
            <gpxtpx:atemp>295.65</gpxtpx:atemp>
          </gpxtpx:TrackPointExtension>
        </extensions>
      </trkpt>
      <trkpt lat="30.265556" lon="34.970236">
        <ele>326.6</ele>
        <time>2026-03-24T05:39:48.000Z</time>
        <extensions>
          <gpxtpx:TrackPointExtension>
            <gpxtpx:hr>143</gpxtpx:hr>
            <gpxtpx:cad>78</gpxtpx:cad>
            <gpxtpx:atemp>295.65</gpxtpx:atemp>
          </gpxtpx:TrackPointExtension>
        </extensions>
      </trkpt>
      <trkpt lat="30.265523" lon="34.970184">
        <ele>326.8</ele>
        <time>2026-03-24T05:39:52.000Z</time>
        <extensions>
          <gpxtpx:TrackPointExtension>
            <gpxtpx:hr>143</gpxtpx:hr>
            <gpxtpx:cad>79</gpxtpx:cad>
            <gpxtpx:atemp>295.65</gpxtpx:atemp>
          </gpxtpx:TrackPointExtension>
        </extensions>
      </trkpt>
      <trkpt lat="30.265471" lon="34.970132">
        <ele>326.8</ele>
        <time>2026-03-24T05:39:57.000Z</time>
        <extensions>
          <gpxtpx:TrackPointExtension>
            <gpxtpx:hr>142</gpxtpx:hr>
            <gpxtpx:cad>79</gpxtpx:cad>
            <gpxtpx:atemp>295.65</gpxtpx:atemp>
          </gpxtpx:TrackPointExtension>
        </extensions>
      </trkpt>
      <trkpt lat="30.265378" lon="34.970055">
        <ele>327.6</ele>
        <time>2026-03-24T05:40:06.000Z</time>
        <extensions>
          <gpxtpx:TrackPointExtension>
            <gpxtpx:hr>139</gpxtpx:hr>
            <gpxtpx:cad>56</gpxtpx:cad>
            <gpxtpx:atemp>295.65</gpxtpx:atemp>
          </gpxtpx:TrackPointExtension>
        </extensions>
      </trkpt>
      <trkpt lat="30.265333" lon="34.970034">
        <ele>327.8</ele>
        <time>2026-03-24T05:40:09.000Z</time>
        <extensions>
          <gpxtpx:TrackPointExtension>
            <gpxtpx:hr>139</gpxtpx:hr>
            <gpxtpx:cad>56</gpxtpx:cad>
            <gpxtpx:atemp>295.65</gpxtpx:atemp>
          </gpxtpx:TrackPointExtension>
        </extensions>
      </trkpt>
      <trkpt lat="30.265238" lon="34.970031">
        <ele>327.8</ele>
        <time>2026-03-24T05:40:14.000Z</time>
        <extensions>
          <gpxtpx:TrackPointExtension>
            <gpxtpx:hr>138</gpxtpx:hr>
            <gpxtpx:cad>77</gpxtpx:cad>
            <gpxtpx:atemp>295.65</gpxtpx:atemp>
          </gpxtpx:TrackPointExtension>
        </extensions>
      </trkpt>
      <trkpt lat="30.265175" lon="34.970023">
        <ele>327.8</ele>
        <time>2026-03-24T05:40:17.000Z</time>
        <extensions>
          <gpxtpx:TrackPointExtension>
            <gpxtpx:hr>138</gpxtpx:hr>
            <gpxtpx:cad>77</gpxtpx:cad>
            <gpxtpx:atemp>295.65</gpxtpx:atemp>
          </gpxtpx:TrackPointExtension>
        </extensions>
      </trkpt>
      <trkpt lat="30.265033" lon="34.970039">
        <ele>327.4</ele>
        <time>2026-03-24T05:40:24.000Z</time>
        <extensions>
          <gpxtpx:TrackPointExtension>
            <gpxtpx:hr>137</gpxtpx:hr>
            <gpxtpx:cad>78</gpxtpx:cad>
            <gpxtpx:atemp>295.65</gpxtpx:atemp>
          </gpxtpx:TrackPointExtension>
        </extensions>
      </trkpt>
      <trkpt lat="30.264971" lon="34.970048">
        <ele>327.4</ele>
        <time>2026-03-24T05:40:27.000Z</time>
        <extensions>
          <gpxtpx:TrackPointExtension>
            <gpxtpx:hr>136</gpxtpx:hr>
            <gpxtpx:cad>77</gpxtpx:cad>
            <gpxtpx:atemp>295.65</gpxtpx:atemp>
          </gpxtpx:TrackPointExtension>
        </extensions>
      </trkpt>
      <trkpt lat="30.264811" lon="34.970056">
        <ele>327.0</ele>
        <time>2026-03-24T05:40:35.000Z</time>
        <extensions>
          <gpxtpx:TrackPointExtension>
            <gpxtpx:hr>136</gpxtpx:hr>
            <gpxtpx:cad>77</gpxtpx:cad>
            <gpxtpx:atemp>295.65</gpxtpx:atemp>
          </gpxtpx:TrackPointExtension>
        </extensions>
      </trkpt>
      <trkpt lat="30.264770" lon="34.970061">
        <ele>327.2</ele>
        <time>2026-03-24T05:40:37.000Z</time>
        <extensions>
          <gpxtpx:TrackPointExtension>
            <gpxtpx:hr>137</gpxtpx:hr>
            <gpxtpx:cad>77</gpxtpx:cad>
            <gpxtpx:atemp>295.65</gpxtpx:atemp>
          </gpxtpx:TrackPointExtension>
        </extensions>
      </trkpt>
      <trkpt lat="30.264623" lon="34.970059">
        <ele>326.6</ele>
        <time>2026-03-24T05:40:45.000Z</time>
        <extensions>
          <gpxtpx:TrackPointExtension>
            <gpxtpx:hr>135</gpxtpx:hr>
            <gpxtpx:cad>76</gpxtpx:cad>
            <gpxtpx:atemp>295.65</gpxtpx:atemp>
          </gpxtpx:TrackPointExtension>
        </extensions>
      </trkpt>
      <trkpt lat="30.264507" lon="34.970064">
        <ele>326.2</ele>
        <time>2026-03-24T05:40:51.000Z</time>
        <extensions>
          <gpxtpx:TrackPointExtension>
            <gpxtpx:hr>136</gpxtpx:hr>
            <gpxtpx:cad>76</gpxtpx:cad>
            <gpxtpx:atemp>295.65</gpxtpx:atemp>
          </gpxtpx:TrackPointExtension>
        </extensions>
      </trkpt>
      <trkpt lat="30.264465" lon="34.970057">
        <ele>326.2</ele>
        <time>2026-03-24T05:40:53.000Z</time>
        <extensions>
          <gpxtpx:TrackPointExtension>
            <gpxtpx:hr>136</gpxtpx:hr>
            <gpxtpx:cad>76</gpxtpx:cad>
            <gpxtpx:atemp>295.65</gpxtpx:atemp>
          </gpxtpx:TrackPointExtension>
        </extensions>
      </trkpt>
      <trkpt lat="30.264331" lon="34.970052">
        <ele>325.6</ele>
        <time>2026-03-24T05:41:00.000Z</time>
        <extensions>
          <gpxtpx:TrackPointExtension>
            <gpxtpx:hr>136</gpxtpx:hr>
            <gpxtpx:cad>78</gpxtpx:cad>
            <gpxtpx:atemp>295.65</gpxtpx:atemp>
          </gpxtpx:TrackPointExtension>
        </extensions>
      </trkpt>
      <trkpt lat="30.264233" lon="34.970059">
        <ele>325.8</ele>
        <time>2026-03-24T05:41:08.000Z</time>
        <extensions>
          <gpxtpx:TrackPointExtension>
            <gpxtpx:hr>136</gpxtpx:hr>
            <gpxtpx:cad>64</gpxtpx:cad>
            <gpxtpx:atemp>295.65</gpxtpx:atemp>
          </gpxtpx:TrackPointExtension>
        </extensions>
      </trkpt>
      <trkpt lat="30.264149" lon="34.970056">
        <ele>325.6</ele>
        <time>2026-03-24T05:41:14.000Z</time>
        <extensions>
          <gpxtpx:TrackPointExtension>
            <gpxtpx:hr>133</gpxtpx:hr>
            <gpxtpx:cad>64</gpxtpx:cad>
            <gpxtpx:atemp>295.65</gpxtpx:atemp>
          </gpxtpx:TrackPointExtension>
        </extensions>
      </trkpt>
      <trkpt lat="30.264049" lon="34.970090">
        <ele>324.8</ele>
        <time>2026-03-24T05:41:20.000Z</time>
        <extensions>
          <gpxtpx:TrackPointExtension>
            <gpxtpx:hr>132</gpxtpx:hr>
            <gpxtpx:cad>0</gpxtpx:cad>
            <gpxtpx:atemp>295.65</gpxtpx:atemp>
          </gpxtpx:TrackPointExtension>
        </extensions>
      </trkpt>
      <trkpt lat="30.263995" lon="34.970115">
        <ele>325.0</ele>
        <time>2026-03-24T05:41:25.000Z</time>
        <extensions>
          <gpxtpx:TrackPointExtension>
            <gpxtpx:hr>129</gpxtpx:hr>
            <gpxtpx:cad>0</gpxtpx:cad>
            <gpxtpx:atemp>295.65</gpxtpx:atemp>
          </gpxtpx:TrackPointExtension>
        </extensions>
      </trkpt>
      <trkpt lat="30.263932" lon="34.970104">
        <ele>324.6</ele>
        <time>2026-03-24T05:41:30.000Z</time>
        <extensions>
          <gpxtpx:TrackPointExtension>
            <gpxtpx:hr>128</gpxtpx:hr>
            <gpxtpx:cad>0</gpxtpx:cad>
            <gpxtpx:atemp>295.65</gpxtpx:atemp>
          </gpxtpx:TrackPointExtension>
        </extensions>
      </trkpt>
      <trkpt lat="30.263739" lon="34.970090">
        <ele>323.6</ele>
        <time>2026-03-24T05:41:46.000Z</time>
        <extensions>
          <gpxtpx:TrackPointExtension>
            <gpxtpx:hr>128</gpxtpx:hr>
            <gpxtpx:cad>53</gpxtpx:cad>
            <gpxtpx:atemp>295.65</gpxtpx:atemp>
          </gpxtpx:TrackPointExtension>
        </extensions>
      </trkpt>
      <trkpt lat="30.263562" lon="34.970080">
        <ele>323.2</ele>
        <time>2026-03-24T05:41:58.000Z</time>
        <extensions>
          <gpxtpx:TrackPointExtension>
            <gpxtpx:hr>127</gpxtpx:hr>
            <gpxtpx:cad>55</gpxtpx:cad>
            <gpxtpx:atemp>295.65</gpxtpx:atemp>
          </gpxtpx:TrackPointExtension>
        </extensions>
      </trkpt>
      <trkpt lat="30.263464" lon="34.970058">
        <ele>322.8</ele>
        <time>2026-03-24T05:42:03.000Z</time>
        <extensions>
          <gpxtpx:TrackPointExtension>
            <gpxtpx:hr>123</gpxtpx:hr>
            <gpxtpx:cad>76</gpxtpx:cad>
            <gpxtpx:atemp>295.65</gpxtpx:atemp>
          </gpxtpx:TrackPointExtension>
        </extensions>
      </trkpt>
      <trkpt lat="30.263386" lon="34.970051">
        <ele>322.4</ele>
        <time>2026-03-24T05:42:07.000Z</time>
        <extensions>
          <gpxtpx:TrackPointExtension>
            <gpxtpx:hr>123</gpxtpx:hr>
            <gpxtpx:cad>76</gpxtpx:cad>
            <gpxtpx:atemp>295.65</gpxtpx:atemp>
          </gpxtpx:TrackPointExtension>
        </extensions>
      </trkpt>
      <trkpt lat="30.263326" lon="34.970052">
        <ele>322.4</ele>
        <time>2026-03-24T05:42:10.000Z</time>
        <extensions>
          <gpxtpx:TrackPointExtension>
            <gpxtpx:hr>124</gpxtpx:hr>
            <gpxtpx:cad>77</gpxtpx:cad>
            <gpxtpx:atemp>295.65</gpxtpx:atemp>
          </gpxtpx:TrackPointExtension>
        </extensions>
      </trkpt>
      <trkpt lat="30.263236" lon="34.970039">
        <ele>322.4</ele>
        <time>2026-03-24T05:42:15.000Z</time>
        <extensions>
          <gpxtpx:TrackPointExtension>
            <gpxtpx:hr>125</gpxtpx:hr>
            <gpxtpx:cad>77</gpxtpx:cad>
            <gpxtpx:atemp>295.65</gpxtpx:atemp>
          </gpxtpx:TrackPointExtension>
        </extensions>
      </trkpt>
      <trkpt lat="30.263130" lon="34.970044">
        <ele>322.0</ele>
        <time>2026-03-24T05:42:20.000Z</time>
        <extensions>
          <gpxtpx:TrackPointExtension>
            <gpxtpx:hr>125</gpxtpx:hr>
            <gpxtpx:cad>76</gpxtpx:cad>
            <gpxtpx:atemp>295.65</gpxtpx:atemp>
          </gpxtpx:TrackPointExtension>
        </extensions>
      </trkpt>
      <trkpt lat="30.263029" lon="34.970064">
        <ele>321.8</ele>
        <time>2026-03-24T05:42:25.000Z</time>
        <extensions>
          <gpxtpx:TrackPointExtension>
            <gpxtpx:hr>127</gpxtpx:hr>
            <gpxtpx:cad>78</gpxtpx:cad>
            <gpxtpx:atemp>295.65</gpxtpx:atemp>
          </gpxtpx:TrackPointExtension>
        </extensions>
      </trkpt>
      <trkpt lat="30.262865" lon="34.970071">
        <ele>321.4</ele>
        <time>2026-03-24T05:42:33.000Z</time>
        <extensions>
          <gpxtpx:TrackPointExtension>
            <gpxtpx:hr>128</gpxtpx:hr>
            <gpxtpx:cad>77</gpxtpx:cad>
            <gpxtpx:atemp>295.65</gpxtpx:atemp>
          </gpxtpx:TrackPointExtension>
        </extensions>
      </trkpt>
      <trkpt lat="30.262690" lon="34.970072">
        <ele>320.6</ele>
        <time>2026-03-24T05:42:41.000Z</time>
        <extensions>
          <gpxtpx:TrackPointExtension>
            <gpxtpx:hr>128</gpxtpx:hr>
            <gpxtpx:cad>77</gpxtpx:cad>
            <gpxtpx:atemp>295.65</gpxtpx:atemp>
          </gpxtpx:TrackPointExtension>
        </extensions>
      </trkpt>
      <trkpt lat="30.262466" lon="34.970066">
        <ele>319.8</ele>
        <time>2026-03-24T05:42:51.000Z</time>
        <extensions>
          <gpxtpx:TrackPointExtension>
            <gpxtpx:hr>130</gpxtpx:hr>
            <gpxtpx:cad>79</gpxtpx:cad>
            <gpxtpx:atemp>295.65</gpxtpx:atemp>
          </gpxtpx:TrackPointExtension>
        </extensions>
      </trkpt>
      <trkpt lat="30.262294" lon="34.970069">
        <ele>319.2</ele>
        <time>2026-03-24T05:42:59.000Z</time>
        <extensions>
          <gpxtpx:TrackPointExtension>
            <gpxtpx:hr>131</gpxtpx:hr>
            <gpxtpx:cad>79</gpxtpx:cad>
            <gpxtpx:atemp>295.65</gpxtpx:atemp>
          </gpxtpx:TrackPointExtension>
        </extensions>
      </trkpt>
      <trkpt lat="30.262185" lon="34.970057">
        <ele>319.0</ele>
        <time>2026-03-24T05:43:04.000Z</time>
        <extensions>
          <gpxtpx:TrackPointExtension>
            <gpxtpx:hr>133</gpxtpx:hr>
            <gpxtpx:cad>78</gpxtpx:cad>
            <gpxtpx:atemp>295.65</gpxtpx:atemp>
          </gpxtpx:TrackPointExtension>
        </extensions>
      </trkpt>
      <trkpt lat="30.262143" lon="34.970055">
        <ele>318.6</ele>
        <time>2026-03-24T05:43:06.000Z</time>
        <extensions>
          <gpxtpx:TrackPointExtension>
            <gpxtpx:hr>133</gpxtpx:hr>
            <gpxtpx:cad>78</gpxtpx:cad>
            <gpxtpx:atemp>295.65</gpxtpx:atemp>
          </gpxtpx:TrackPointExtension>
        </extensions>
      </trkpt>
      <trkpt lat="30.261962" lon="34.970028">
        <ele>319.2</ele>
        <time>2026-03-24T05:43:15.000Z</time>
        <extensions>
          <gpxtpx:TrackPointExtension>
            <gpxtpx:hr>135</gpxtpx:hr>
            <gpxtpx:cad>77</gpxtpx:cad>
            <gpxtpx:atemp>295.65</gpxtpx:atemp>
          </gpxtpx:TrackPointExtension>
        </extensions>
      </trkpt>
      <trkpt lat="30.261877" lon="34.970011">
        <ele>318.6</ele>
        <time>2026-03-24T05:43:19.000Z</time>
        <extensions>
          <gpxtpx:TrackPointExtension>
            <gpxtpx:hr>137</gpxtpx:hr>
            <gpxtpx:cad>77</gpxtpx:cad>
            <gpxtpx:atemp>295.65</gpxtpx:atemp>
          </gpxtpx:TrackPointExtension>
        </extensions>
      </trkpt>
      <trkpt lat="30.261793" lon="34.970004">
        <ele>318.4</ele>
        <time>2026-03-24T05:43:23.000Z</time>
        <extensions>
          <gpxtpx:TrackPointExtension>
            <gpxtpx:hr>137</gpxtpx:hr>
            <gpxtpx:cad>77</gpxtpx:cad>
            <gpxtpx:atemp>295.65</gpxtpx:atemp>
          </gpxtpx:TrackPointExtension>
        </extensions>
      </trkpt>
      <trkpt lat="30.261748" lon="34.970008">
        <ele>318.2</ele>
        <time>2026-03-24T05:43:25.000Z</time>
        <extensions>
          <gpxtpx:TrackPointExtension>
            <gpxtpx:hr>136</gpxtpx:hr>
            <gpxtpx:cad>77</gpxtpx:cad>
            <gpxtpx:atemp>295.65</gpxtpx:atemp>
          </gpxtpx:TrackPointExtension>
        </extensions>
      </trkpt>
      <trkpt lat="30.261642" lon="34.970005">
        <ele>318.2</ele>
        <time>2026-03-24T05:43:30.000Z</time>
        <extensions>
          <gpxtpx:TrackPointExtension>
            <gpxtpx:hr>138</gpxtpx:hr>
            <gpxtpx:cad>78</gpxtpx:cad>
            <gpxtpx:atemp>295.65</gpxtpx:atemp>
          </gpxtpx:TrackPointExtension>
        </extensions>
      </trkpt>
      <trkpt lat="30.261539" lon="34.970013">
        <ele>317.6</ele>
        <time>2026-03-24T05:43:35.000Z</time>
        <extensions>
          <gpxtpx:TrackPointExtension>
            <gpxtpx:hr>137</gpxtpx:hr>
            <gpxtpx:cad>78</gpxtpx:cad>
            <gpxtpx:atemp>295.65</gpxtpx:atemp>
          </gpxtpx:TrackPointExtension>
        </extensions>
      </trkpt>
      <trkpt lat="30.261503" lon="34.970008">
        <ele>318.0</ele>
        <time>2026-03-24T05:43:37.000Z</time>
        <extensions>
          <gpxtpx:TrackPointExtension>
            <gpxtpx:hr>138</gpxtpx:hr>
            <gpxtpx:cad>78</gpxtpx:cad>
            <gpxtpx:atemp>295.65</gpxtpx:atemp>
          </gpxtpx:TrackPointExtension>
        </extensions>
      </trkpt>
      <trkpt lat="30.261400" lon="34.970020">
        <ele>317.0</ele>
        <time>2026-03-24T05:43:45.000Z</time>
        <extensions>
          <gpxtpx:TrackPointExtension>
            <gpxtpx:hr>138</gpxtpx:hr>
            <gpxtpx:cad>58</gpxtpx:cad>
            <gpxtpx:atemp>295.65</gpxtpx:atemp>
          </gpxtpx:TrackPointExtension>
        </extensions>
      </trkpt>
      <trkpt lat="30.261297" lon="34.970025">
        <ele>316.6</ele>
        <time>2026-03-24T05:43:53.000Z</time>
        <extensions>
          <gpxtpx:TrackPointExtension>
            <gpxtpx:hr>134</gpxtpx:hr>
            <gpxtpx:cad>56</gpxtpx:cad>
            <gpxtpx:atemp>295.65</gpxtpx:atemp>
          </gpxtpx:TrackPointExtension>
        </extensions>
      </trkpt>
      <trkpt lat="30.261227" lon="34.970004">
        <ele>316.4</ele>
        <time>2026-03-24T05:44:00.000Z</time>
        <extensions>
          <gpxtpx:TrackPointExtension>
            <gpxtpx:hr>131</gpxtpx:hr>
            <gpxtpx:cad>56</gpxtpx:cad>
            <gpxtpx:atemp>295.65</gpxtpx:atemp>
          </gpxtpx:TrackPointExtension>
        </extensions>
      </trkpt>
      <trkpt lat="30.261168" lon="34.969951">
        <ele>316.2</ele>
        <time>2026-03-24T05:44:06.000Z</time>
        <extensions>
          <gpxtpx:TrackPointExtension>
            <gpxtpx:hr>128</gpxtpx:hr>
            <gpxtpx:cad>56</gpxtpx:cad>
            <gpxtpx:atemp>295.65</gpxtpx:atemp>
          </gpxtpx:TrackPointExtension>
        </extensions>
      </trkpt>
      <trkpt lat="30.261114" lon="34.969940">
        <ele>316.0</ele>
        <time>2026-03-24T05:44:09.000Z</time>
        <extensions>
          <gpxtpx:TrackPointExtension>
            <gpxtpx:hr>125</gpxtpx:hr>
            <gpxtpx:cad>57</gpxtpx:cad>
            <gpxtpx:atemp>295.65</gpxtpx:atemp>
          </gpxtpx:TrackPointExtension>
        </extensions>
      </trkpt>
      <trkpt lat="30.260982" lon="34.969887">
        <ele>315.6</ele>
        <time>2026-03-24T05:44:16.000Z</time>
        <extensions>
          <gpxtpx:TrackPointExtension>
            <gpxtpx:hr>124</gpxtpx:hr>
            <gpxtpx:cad>76</gpxtpx:cad>
            <gpxtpx:atemp>295.65</gpxtpx:atemp>
          </gpxtpx:TrackPointExtension>
        </extensions>
      </trkpt>
      <trkpt lat="30.260922" lon="34.969853">
        <ele>315.8</ele>
        <time>2026-03-24T05:44:19.000Z</time>
        <extensions>
          <gpxtpx:TrackPointExtension>
            <gpxtpx:hr>124</gpxtpx:hr>
            <gpxtpx:cad>76</gpxtpx:cad>
            <gpxtpx:atemp>295.65</gpxtpx:atemp>
          </gpxtpx:TrackPointExtension>
        </extensions>
      </trkpt>
      <trkpt lat="30.260736" lon="34.969767">
        <ele>315.8</ele>
        <time>2026-03-24T05:44:28.000Z</time>
        <extensions>
          <gpxtpx:TrackPointExtension>
            <gpxtpx:hr>131</gpxtpx:hr>
            <gpxtpx:cad>78</gpxtpx:cad>
            <gpxtpx:atemp>295.65</gpxtpx:atemp>
          </gpxtpx:TrackPointExtension>
        </extensions>
      </trkpt>
      <trkpt lat="30.260639" lon="34.969691">
        <ele>315.6</ele>
        <time>2026-03-24T05:44:33.000Z</time>
        <extensions>
          <gpxtpx:TrackPointExtension>
            <gpxtpx:hr>132</gpxtpx:hr>
            <gpxtpx:cad>79</gpxtpx:cad>
            <gpxtpx:atemp>295.65</gpxtpx:atemp>
          </gpxtpx:TrackPointExtension>
        </extensions>
      </trkpt>
      <trkpt lat="30.260535" lon="34.969627">
        <ele>315.0</ele>
        <time>2026-03-24T05:44:38.000Z</time>
        <extensions>
          <gpxtpx:TrackPointExtension>
            <gpxtpx:hr>133</gpxtpx:hr>
            <gpxtpx:cad>79</gpxtpx:cad>
            <gpxtpx:atemp>295.65</gpxtpx:atemp>
          </gpxtpx:TrackPointExtension>
        </extensions>
      </trkpt>
      <trkpt lat="30.260459" lon="34.969569">
        <ele>314.8</ele>
        <time>2026-03-24T05:44:42.000Z</time>
        <extensions>
          <gpxtpx:TrackPointExtension>
            <gpxtpx:hr>133</gpxtpx:hr>
            <gpxtpx:cad>81</gpxtpx:cad>
            <gpxtpx:atemp>295.65</gpxtpx:atemp>
          </gpxtpx:TrackPointExtension>
        </extensions>
      </trkpt>
      <trkpt lat="30.260353" lon="34.969509">
        <ele>315.0</ele>
        <time>2026-03-24T05:44:47.000Z</time>
        <extensions>
          <gpxtpx:TrackPointExtension>
            <gpxtpx:hr>135</gpxtpx:hr>
            <gpxtpx:cad>79</gpxtpx:cad>
            <gpxtpx:atemp>295.65</gpxtpx:atemp>
          </gpxtpx:TrackPointExtension>
        </extensions>
      </trkpt>
      <trkpt lat="30.260255" lon="34.969416">
        <ele>315.2</ele>
        <time>2026-03-24T05:44:53.000Z</time>
        <extensions>
          <gpxtpx:TrackPointExtension>
            <gpxtpx:hr>136</gpxtpx:hr>
            <gpxtpx:cad>79</gpxtpx:cad>
            <gpxtpx:atemp>295.65</gpxtpx:atemp>
          </gpxtpx:TrackPointExtension>
        </extensions>
      </trkpt>
      <trkpt lat="30.260200" lon="34.969322">
        <ele>315.2</ele>
        <time>2026-03-24T05:44:58.000Z</time>
        <extensions>
          <gpxtpx:TrackPointExtension>
            <gpxtpx:hr>137</gpxtpx:hr>
            <gpxtpx:cad>78</gpxtpx:cad>
            <gpxtpx:atemp>295.65</gpxtpx:atemp>
          </gpxtpx:TrackPointExtension>
        </extensions>
      </trkpt>
      <trkpt lat="30.260113" lon="34.969229">
        <ele>315.0</ele>
        <time>2026-03-24T05:45:04.000Z</time>
        <extensions>
          <gpxtpx:TrackPointExtension>
            <gpxtpx:hr>138</gpxtpx:hr>
            <gpxtpx:cad>76</gpxtpx:cad>
            <gpxtpx:atemp>295.65</gpxtpx:atemp>
          </gpxtpx:TrackPointExtension>
        </extensions>
      </trkpt>
      <trkpt lat="30.260085" lon="34.969195">
        <ele>315.2</ele>
        <time>2026-03-24T05:45:06.000Z</time>
        <extensions>
          <gpxtpx:TrackPointExtension>
            <gpxtpx:hr>138</gpxtpx:hr>
            <gpxtpx:cad>76</gpxtpx:cad>
            <gpxtpx:atemp>295.65</gpxtpx:atemp>
          </gpxtpx:TrackPointExtension>
        </extensions>
      </trkpt>
      <trkpt lat="30.260001" lon="34.969116">
        <ele>315.2</ele>
        <time>2026-03-24T05:45:11.000Z</time>
        <extensions>
          <gpxtpx:TrackPointExtension>
            <gpxtpx:hr>139</gpxtpx:hr>
            <gpxtpx:cad>77</gpxtpx:cad>
            <gpxtpx:atemp>295.65</gpxtpx:atemp>
          </gpxtpx:TrackPointExtension>
        </extensions>
      </trkpt>
      <trkpt lat="30.259902" lon="34.968975">
        <ele>315.0</ele>
        <time>2026-03-24T05:45:19.000Z</time>
        <extensions>
          <gpxtpx:TrackPointExtension>
            <gpxtpx:hr>139</gpxtpx:hr>
            <gpxtpx:cad>77</gpxtpx:cad>
            <gpxtpx:atemp>295.65</gpxtpx:atemp>
          </gpxtpx:TrackPointExtension>
        </extensions>
      </trkpt>
      <trkpt lat="30.259755" lon="34.968837">
        <ele>314.0</ele>
        <time>2026-03-24T05:45:30.000Z</time>
        <extensions>
          <gpxtpx:TrackPointExtension>
            <gpxtpx:hr>139</gpxtpx:hr>
            <gpxtpx:cad>75</gpxtpx:cad>
            <gpxtpx:atemp>295.65</gpxtpx:atemp>
          </gpxtpx:TrackPointExtension>
        </extensions>
      </trkpt>
      <trkpt lat="30.259707" lon="34.968811">
        <ele>313.0</ele>
        <time>2026-03-24T05:45:34.000Z</time>
        <extensions>
          <gpxtpx:TrackPointExtension>
            <gpxtpx:hr>139</gpxtpx:hr>
            <gpxtpx:cad>66</gpxtpx:cad>
            <gpxtpx:atemp>295.65</gpxtpx:atemp>
          </gpxtpx:TrackPointExtension>
        </extensions>
      </trkpt>
      <trkpt lat="30.259641" lon="34.968762">
        <ele>312.6</ele>
        <time>2026-03-24T05:45:40.000Z</time>
        <extensions>
          <gpxtpx:TrackPointExtension>
            <gpxtpx:hr>138</gpxtpx:hr>
            <gpxtpx:cad>57</gpxtpx:cad>
            <gpxtpx:atemp>295.65</gpxtpx:atemp>
          </gpxtpx:TrackPointExtension>
        </extensions>
      </trkpt>
      <trkpt lat="30.259591" lon="34.968733">
        <ele>312.2</ele>
        <time>2026-03-24T05:45:44.000Z</time>
        <extensions>
          <gpxtpx:TrackPointExtension>
            <gpxtpx:hr>138</gpxtpx:hr>
            <gpxtpx:cad>58</gpxtpx:cad>
            <gpxtpx:atemp>295.65</gpxtpx:atemp>
          </gpxtpx:TrackPointExtension>
        </extensions>
      </trkpt>
      <trkpt lat="30.259524" lon="34.968654">
        <ele>311.6</ele>
        <time>2026-03-24T05:45:52.000Z</time>
        <extensions>
          <gpxtpx:TrackPointExtension>
            <gpxtpx:hr>130</gpxtpx:hr>
            <gpxtpx:cad>56</gpxtpx:cad>
            <gpxtpx:atemp>296.65</gpxtpx:atemp>
          </gpxtpx:TrackPointExtension>
        </extensions>
      </trkpt>
      <trkpt lat="30.259525" lon="34.968586">
        <ele>311.4</ele>
        <time>2026-03-24T05:45:59.000Z</time>
        <extensions>
          <gpxtpx:TrackPointExtension>
            <gpxtpx:hr>127</gpxtpx:hr>
            <gpxtpx:cad>55</gpxtpx:cad>
            <gpxtpx:atemp>296.65</gpxtpx:atemp>
          </gpxtpx:TrackPointExtension>
        </extensions>
      </trkpt>
      <trkpt lat="30.259424" lon="34.968502">
        <ele>311.4</ele>
        <time>2026-03-24T05:46:05.000Z</time>
        <extensions>
          <gpxtpx:TrackPointExtension>
            <gpxtpx:hr>123</gpxtpx:hr>
            <gpxtpx:cad>79</gpxtpx:cad>
            <gpxtpx:atemp>296.65</gpxtpx:atemp>
          </gpxtpx:TrackPointExtension>
        </extensions>
      </trkpt>
      <trkpt lat="30.259358" lon="34.968462">
        <ele>311.4</ele>
        <time>2026-03-24T05:46:09.000Z</time>
        <extensions>
          <gpxtpx:TrackPointExtension>
            <gpxtpx:hr>122</gpxtpx:hr>
            <gpxtpx:cad>78</gpxtpx:cad>
            <gpxtpx:atemp>296.65</gpxtpx:atemp>
          </gpxtpx:TrackPointExtension>
        </extensions>
      </trkpt>
      <trkpt lat="30.259301" lon="34.968445">
        <ele>311.2</ele>
        <time>2026-03-24T05:46:12.000Z</time>
        <extensions>
          <gpxtpx:TrackPointExtension>
            <gpxtpx:hr>123</gpxtpx:hr>
            <gpxtpx:cad>76</gpxtpx:cad>
            <gpxtpx:atemp>296.65</gpxtpx:atemp>
          </gpxtpx:TrackPointExtension>
        </extensions>
      </trkpt>
      <trkpt lat="30.259216" lon="34.968401">
        <ele>310.6</ele>
        <time>2026-03-24T05:46:17.000Z</time>
        <extensions>
          <gpxtpx:TrackPointExtension>
            <gpxtpx:hr>123</gpxtpx:hr>
            <gpxtpx:cad>75</gpxtpx:cad>
            <gpxtpx:atemp>296.65</gpxtpx:atemp>
          </gpxtpx:TrackPointExtension>
        </extensions>
      </trkpt>
      <trkpt lat="30.259152" lon="34.968376">
        <ele>310.0</ele>
        <time>2026-03-24T05:46:21.000Z</time>
        <extensions>
          <gpxtpx:TrackPointExtension>
            <gpxtpx:hr>124</gpxtpx:hr>
            <gpxtpx:cad>74</gpxtpx:cad>
            <gpxtpx:atemp>296.65</gpxtpx:atemp>
          </gpxtpx:TrackPointExtension>
        </extensions>
      </trkpt>
      <trkpt lat="30.259093" lon="34.968345">
        <ele>309.4</ele>
        <time>2026-03-24T05:46:25.000Z</time>
        <extensions>
          <gpxtpx:TrackPointExtension>
            <gpxtpx:hr>124</gpxtpx:hr>
            <gpxtpx:cad>72</gpxtpx:cad>
            <gpxtpx:atemp>296.65</gpxtpx:atemp>
          </gpxtpx:TrackPointExtension>
        </extensions>
      </trkpt>
      <trkpt lat="30.259033" lon="34.968308">
        <ele>308.8</ele>
        <time>2026-03-24T05:46:29.000Z</time>
        <extensions>
          <gpxtpx:TrackPointExtension>
            <gpxtpx:hr>124</gpxtpx:hr>
            <gpxtpx:cad>70</gpxtpx:cad>
            <gpxtpx:atemp>296.65</gpxtpx:atemp>
          </gpxtpx:TrackPointExtension>
        </extensions>
      </trkpt>
      <trkpt lat="30.258979" lon="34.968241">
        <ele>308.4</ele>
        <time>2026-03-24T05:46:35.000Z</time>
        <extensions>
          <gpxtpx:TrackPointExtension>
            <gpxtpx:hr>124</gpxtpx:hr>
            <gpxtpx:cad>0</gpxtpx:cad>
            <gpxtpx:atemp>296.65</gpxtpx:atemp>
          </gpxtpx:TrackPointExtension>
        </extensions>
      </trkpt>
      <trkpt lat="30.258915" lon="34.968214">
        <ele>308.6</ele>
        <time>2026-03-24T05:46:40.000Z</time>
        <extensions>
          <gpxtpx:TrackPointExtension>
            <gpxtpx:hr>123</gpxtpx:hr>
            <gpxtpx:cad>64</gpxtpx:cad>
            <gpxtpx:atemp>296.65</gpxtpx:atemp>
          </gpxtpx:TrackPointExtension>
        </extensions>
      </trkpt>
      <trkpt lat="30.258873" lon="34.968181">
        <ele>308.0</ele>
        <time>2026-03-24T05:46:44.000Z</time>
        <extensions>
          <gpxtpx:TrackPointExtension>
            <gpxtpx:hr>122</gpxtpx:hr>
            <gpxtpx:cad>55</gpxtpx:cad>
            <gpxtpx:atemp>296.65</gpxtpx:atemp>
          </gpxtpx:TrackPointExtension>
        </extensions>
      </trkpt>
      <trkpt lat="30.258801" lon="34.968133">
        <ele>307.6</ele>
        <time>2026-03-24T05:46:50.000Z</time>
        <extensions>
          <gpxtpx:TrackPointExtension>
            <gpxtpx:hr>120</gpxtpx:hr>
            <gpxtpx:cad>0</gpxtpx:cad>
            <gpxtpx:atemp>296.65</gpxtpx:atemp>
          </gpxtpx:TrackPointExtension>
        </extensions>
      </trkpt>
      <trkpt lat="30.258615" lon="34.968081">
        <ele>307.4</ele>
        <time>2026-03-24T05:47:02.000Z</time>
        <extensions>
          <gpxtpx:TrackPointExtension>
            <gpxtpx:hr>122</gpxtpx:hr>
            <gpxtpx:cad>75</gpxtpx:cad>
            <gpxtpx:atemp>296.65</gpxtpx:atemp>
          </gpxtpx:TrackPointExtension>
        </extensions>
      </trkpt>
      <trkpt lat="30.258478" lon="34.968063">
        <ele>307.8</ele>
        <time>2026-03-24T05:47:09.000Z</time>
        <extensions>
          <gpxtpx:TrackPointExtension>
            <gpxtpx:hr>118</gpxtpx:hr>
            <gpxtpx:cad>76</gpxtpx:cad>
            <gpxtpx:atemp>296.65</gpxtpx:atemp>
          </gpxtpx:TrackPointExtension>
        </extensions>
      </trkpt>
      <trkpt lat="30.258445" lon="34.968052">
        <ele>307.8</ele>
        <time>2026-03-24T05:47:11.000Z</time>
        <extensions>
          <gpxtpx:TrackPointExtension>
            <gpxtpx:hr>119</gpxtpx:hr>
            <gpxtpx:cad>76</gpxtpx:cad>
            <gpxtpx:atemp>296.65</gpxtpx:atemp>
          </gpxtpx:TrackPointExtension>
        </extensions>
      </trkpt>
      <trkpt lat="30.258367" lon="34.968052">
        <ele>307.4</ele>
        <time>2026-03-24T05:47:15.000Z</time>
        <extensions>
          <gpxtpx:TrackPointExtension>
            <gpxtpx:hr>120</gpxtpx:hr>
            <gpxtpx:cad>75</gpxtpx:cad>
            <gpxtpx:atemp>296.65</gpxtpx:atemp>
          </gpxtpx:TrackPointExtension>
        </extensions>
      </trkpt>
      <trkpt lat="30.258315" lon="34.968032">
        <ele>307.0</ele>
        <time>2026-03-24T05:47:18.000Z</time>
        <extensions>
          <gpxtpx:TrackPointExtension>
            <gpxtpx:hr>124</gpxtpx:hr>
            <gpxtpx:cad>74</gpxtpx:cad>
            <gpxtpx:atemp>296.65</gpxtpx:atemp>
          </gpxtpx:TrackPointExtension>
        </extensions>
      </trkpt>
      <trkpt lat="30.258121" lon="34.968025">
        <ele>307.2</ele>
        <time>2026-03-24T05:47:32.000Z</time>
        <extensions>
          <gpxtpx:TrackPointExtension>
            <gpxtpx:hr>124</gpxtpx:hr>
            <gpxtpx:cad>53</gpxtpx:cad>
            <gpxtpx:atemp>296.65</gpxtpx:atemp>
          </gpxtpx:TrackPointExtension>
        </extensions>
      </trkpt>
      <trkpt lat="30.258021" lon="34.967994">
        <ele>306.6</ele>
        <time>2026-03-24T05:47:44.000Z</time>
        <extensions>
          <gpxtpx:TrackPointExtension>
            <gpxtpx:hr>120</gpxtpx:hr>
            <gpxtpx:cad>53</gpxtpx:cad>
            <gpxtpx:atemp>296.65</gpxtpx:atemp>
          </gpxtpx:TrackPointExtension>
        </extensions>
      </trkpt>
      <trkpt lat="30.257903" lon="34.967938">
        <ele>305.2</ele>
        <time>2026-03-24T05:47:51.000Z</time>
        <extensions>
          <gpxtpx:TrackPointExtension>
            <gpxtpx:hr>121</gpxtpx:hr>
            <gpxtpx:cad>70</gpxtpx:cad>
            <gpxtpx:atemp>296.65</gpxtpx:atemp>
          </gpxtpx:TrackPointExtension>
        </extensions>
      </trkpt>
      <trkpt lat="30.257676" lon="34.967876">
        <ele>304.2</ele>
        <time>2026-03-24T05:48:02.000Z</time>
        <extensions>
          <gpxtpx:TrackPointExtension>
            <gpxtpx:hr>120</gpxtpx:hr>
            <gpxtpx:cad>76</gpxtpx:cad>
            <gpxtpx:atemp>296.65</gpxtpx:atemp>
          </gpxtpx:TrackPointExtension>
        </extensions>
      </trkpt>
      <trkpt lat="30.257635" lon="34.967867">
        <ele>304.2</ele>
        <time>2026-03-24T05:48:04.000Z</time>
        <extensions>
          <gpxtpx:TrackPointExtension>
            <gpxtpx:hr>121</gpxtpx:hr>
            <gpxtpx:cad>76</gpxtpx:cad>
            <gpxtpx:atemp>296.65</gpxtpx:atemp>
          </gpxtpx:TrackPointExtension>
        </extensions>
      </trkpt>
      <trkpt lat="30.257570" lon="34.967826">
        <ele>304.6</ele>
        <time>2026-03-24T05:48:08.000Z</time>
        <extensions>
          <gpxtpx:TrackPointExtension>
            <gpxtpx:hr>121</gpxtpx:hr>
            <gpxtpx:cad>77</gpxtpx:cad>
            <gpxtpx:atemp>296.65</gpxtpx:atemp>
          </gpxtpx:TrackPointExtension>
        </extensions>
      </trkpt>
      <trkpt lat="30.257511" lon="34.967747">
        <ele>304.6</ele>
        <time>2026-03-24T05:48:12.000Z</time>
        <extensions>
          <gpxtpx:TrackPointExtension>
            <gpxtpx:hr>122</gpxtpx:hr>
            <gpxtpx:cad>76</gpxtpx:cad>
            <gpxtpx:atemp>296.65</gpxtpx:atemp>
          </gpxtpx:TrackPointExtension>
        </extensions>
      </trkpt>
      <trkpt lat="30.257471" lon="34.967657">
        <ele>304.6</ele>
        <time>2026-03-24T05:48:17.000Z</time>
        <extensions>
          <gpxtpx:TrackPointExtension>
            <gpxtpx:hr>125</gpxtpx:hr>
            <gpxtpx:cad>77</gpxtpx:cad>
            <gpxtpx:atemp>296.65</gpxtpx:atemp>
          </gpxtpx:TrackPointExtension>
        </extensions>
      </trkpt>
      <trkpt lat="30.257331" lon="34.967481">
        <ele>304.2</ele>
        <time>2026-03-24T05:48:27.000Z</time>
        <extensions>
          <gpxtpx:TrackPointExtension>
            <gpxtpx:hr>128</gpxtpx:hr>
            <gpxtpx:cad>78</gpxtpx:cad>
            <gpxtpx:atemp>296.65</gpxtpx:atemp>
          </gpxtpx:TrackPointExtension>
        </extensions>
      </trkpt>
      <trkpt lat="30.257294" lon="34.967459">
        <ele>303.2</ele>
        <time>2026-03-24T05:48:30.000Z</time>
        <extensions>
          <gpxtpx:TrackPointExtension>
            <gpxtpx:hr>129</gpxtpx:hr>
            <gpxtpx:cad>75</gpxtpx:cad>
            <gpxtpx:atemp>296.65</gpxtpx:atemp>
          </gpxtpx:TrackPointExtension>
        </extensions>
      </trkpt>
      <trkpt lat="30.257241" lon="34.967382">
        <ele>301.6</ele>
        <time>2026-03-24T05:48:35.000Z</time>
        <extensions>
          <gpxtpx:TrackPointExtension>
            <gpxtpx:hr>130</gpxtpx:hr>
            <gpxtpx:cad>75</gpxtpx:cad>
            <gpxtpx:atemp>296.65</gpxtpx:atemp>
          </gpxtpx:TrackPointExtension>
        </extensions>
      </trkpt>
      <trkpt lat="30.257172" lon="34.967296">
        <ele>301.4</ele>
        <time>2026-03-24T05:48:41.000Z</time>
        <extensions>
          <gpxtpx:TrackPointExtension>
            <gpxtpx:hr>131</gpxtpx:hr>
            <gpxtpx:cad>74</gpxtpx:cad>
            <gpxtpx:atemp>296.65</gpxtpx:atemp>
          </gpxtpx:TrackPointExtension>
        </extensions>
      </trkpt>
      <trkpt lat="30.257154" lon="34.967268">
        <ele>301.2</ele>
        <time>2026-03-24T05:48:43.000Z</time>
        <extensions>
          <gpxtpx:TrackPointExtension>
            <gpxtpx:hr>131</gpxtpx:hr>
            <gpxtpx:cad>74</gpxtpx:cad>
            <gpxtpx:atemp>296.65</gpxtpx:atemp>
          </gpxtpx:TrackPointExtension>
        </extensions>
      </trkpt>
      <trkpt lat="30.257081" lon="34.967174">
        <ele>301.2</ele>
        <time>2026-03-24T05:48:49.000Z</time>
        <extensions>
          <gpxtpx:TrackPointExtension>
            <gpxtpx:hr>132</gpxtpx:hr>
            <gpxtpx:cad>75</gpxtpx:cad>
            <gpxtpx:atemp>296.65</gpxtpx:atemp>
          </gpxtpx:TrackPointExtension>
        </extensions>
      </trkpt>
      <trkpt lat="30.256963" lon="34.967049">
        <ele>301.8</ele>
        <time>2026-03-24T05:48:57.000Z</time>
        <extensions>
          <gpxtpx:TrackPointExtension>
            <gpxtpx:hr>133</gpxtpx:hr>
            <gpxtpx:cad>76</gpxtpx:cad>
            <gpxtpx:atemp>296.65</gpxtpx:atemp>
          </gpxtpx:TrackPointExtension>
        </extensions>
      </trkpt>
      <trkpt lat="30.256920" lon="34.967010">
        <ele>301.8</ele>
        <time>2026-03-24T05:49:01.000Z</time>
        <extensions>
          <gpxtpx:TrackPointExtension>
            <gpxtpx:hr>134</gpxtpx:hr>
            <gpxtpx:cad>76</gpxtpx:cad>
            <gpxtpx:atemp>296.65</gpxtpx:atemp>
          </gpxtpx:TrackPointExtension>
        </extensions>
      </trkpt>
      <trkpt lat="30.256903" lon="34.966983">
        <ele>301.4</ele>
        <time>2026-03-24T05:49:09.000Z</time>
        <extensions>
          <gpxtpx:TrackPointExtension>
            <gpxtpx:hr>134</gpxtpx:hr>
            <gpxtpx:cad>0</gpxtpx:cad>
            <gpxtpx:atemp>296.65</gpxtpx:atemp>
          </gpxtpx:TrackPointExtension>
        </extensions>
      </trkpt>
      <trkpt lat="30.256904" lon="34.966990">
        <ele>300.2</ele>
        <time>2026-03-24T05:49:24.000Z</time>
        <extensions>
          <gpxtpx:TrackPointExtension>
            <gpxtpx:hr>132</gpxtpx:hr>
            <gpxtpx:cad>0</gpxtpx:cad>
            <gpxtpx:atemp>296.65</gpxtpx:atemp>
          </gpxtpx:TrackPointExtension>
        </extensions>
      </trkpt>
      <trkpt lat="30.256907" lon="34.966986">
        <ele>299.4</ele>
        <time>2026-03-24T05:49:51.000Z</time>
        <extensions>
          <gpxtpx:TrackPointExtension>
            <gpxtpx:hr>121</gpxtpx:hr>
            <gpxtpx:cad>0</gpxtpx:cad>
            <gpxtpx:atemp>297.65</gpxtpx:atemp>
          </gpxtpx:TrackPointExtension>
        </extensions>
      </trkpt>
      <trkpt lat="30.256867" lon="34.966933">
        <ele>299.6</ele>
        <time>2026-03-24T05:49:56.000Z</time>
        <extensions>
          <gpxtpx:TrackPointExtension>
            <gpxtpx:hr>120</gpxtpx:hr>
            <gpxtpx:cad>0</gpxtpx:cad>
            <gpxtpx:atemp>297.65</gpxtpx:atemp>
          </gpxtpx:TrackPointExtension>
        </extensions>
      </trkpt>
      <trkpt lat="30.256828" lon="34.966855">
        <ele>300.6</ele>
        <time>2026-03-24T05:50:02.000Z</time>
        <extensions>
          <gpxtpx:TrackPointExtension>
            <gpxtpx:hr>119</gpxtpx:hr>
            <gpxtpx:cad>54</gpxtpx:cad>
            <gpxtpx:atemp>297.65</gpxtpx:atemp>
          </gpxtpx:TrackPointExtension>
        </extensions>
      </trkpt>
      <trkpt lat="30.256804" lon="34.966792">
        <ele>300.8</ele>
        <time>2026-03-24T05:50:05.000Z</time>
        <extensions>
          <gpxtpx:TrackPointExtension>
            <gpxtpx:hr>120</gpxtpx:hr>
            <gpxtpx:cad>0</gpxtpx:cad>
            <gpxtpx:atemp>297.65</gpxtpx:atemp>
          </gpxtpx:TrackPointExtension>
        </extensions>
      </trkpt>
      <trkpt lat="30.256762" lon="34.966715">
        <ele>301.0</ele>
        <time>2026-03-24T05:50:09.000Z</time>
        <extensions>
          <gpxtpx:TrackPointExtension>
            <gpxtpx:hr>120</gpxtpx:hr>
            <gpxtpx:cad>72</gpxtpx:cad>
            <gpxtpx:atemp>297.65</gpxtpx:atemp>
          </gpxtpx:TrackPointExtension>
        </extensions>
      </trkpt>
      <trkpt lat="30.256664" lon="34.966549">
        <ele>300.8</ele>
        <time>2026-03-24T05:50:20.000Z</time>
        <extensions>
          <gpxtpx:TrackPointExtension>
            <gpxtpx:hr>121</gpxtpx:hr>
            <gpxtpx:cad>80</gpxtpx:cad>
            <gpxtpx:atemp>297.65</gpxtpx:atemp>
          </gpxtpx:TrackPointExtension>
        </extensions>
      </trkpt>
      <trkpt lat="30.256603" lon="34.966485">
        <ele>302.2</ele>
        <time>2026-03-24T05:50:26.000Z</time>
        <extensions>
          <gpxtpx:TrackPointExtension>
            <gpxtpx:hr>117</gpxtpx:hr>
            <gpxtpx:cad>73</gpxtpx:cad>
            <gpxtpx:atemp>297.65</gpxtpx:atemp>
          </gpxtpx:TrackPointExtension>
        </extensions>
      </trkpt>
      <trkpt lat="30.256560" lon="34.966396">
        <ele>303.0</ele>
        <time>2026-03-24T05:50:31.000Z</time>
        <extensions>
          <gpxtpx:TrackPointExtension>
            <gpxtpx:hr>119</gpxtpx:hr>
            <gpxtpx:cad>72</gpxtpx:cad>
            <gpxtpx:atemp>297.65</gpxtpx:atemp>
          </gpxtpx:TrackPointExtension>
        </extensions>
      </trkpt>
      <trkpt lat="30.256542" lon="34.966353">
        <ele>303.0</ele>
        <time>2026-03-24T05:50:33.000Z</time>
        <extensions>
          <gpxtpx:TrackPointExtension>
            <gpxtpx:hr>120</gpxtpx:hr>
            <gpxtpx:cad>73</gpxtpx:cad>
            <gpxtpx:atemp>297.65</gpxtpx:atemp>
          </gpxtpx:TrackPointExtension>
        </extensions>
      </trkpt>
      <trkpt lat="30.256474" lon="34.966247">
        <ele>303.2</ele>
        <time>2026-03-24T05:50:39.000Z</time>
        <extensions>
          <gpxtpx:TrackPointExtension>
            <gpxtpx:hr>128</gpxtpx:hr>
            <gpxtpx:cad>77</gpxtpx:cad>
            <gpxtpx:atemp>297.65</gpxtpx:atemp>
          </gpxtpx:TrackPointExtension>
        </extensions>
      </trkpt>
      <trkpt lat="30.256465" lon="34.966224">
        <ele>303.2</ele>
        <time>2026-03-24T05:50:40.000Z</time>
        <extensions>
          <gpxtpx:TrackPointExtension>
            <gpxtpx:hr>129</gpxtpx:hr>
            <gpxtpx:cad>76</gpxtpx:cad>
            <gpxtpx:atemp>297.65</gpxtpx:atemp>
          </gpxtpx:TrackPointExtension>
        </extensions>
      </trkpt>
      <trkpt lat="30.256314" lon="34.966048">
        <ele>302.2</ele>
        <time>2026-03-24T05:50:53.000Z</time>
        <extensions>
          <gpxtpx:TrackPointExtension>
            <gpxtpx:hr>129</gpxtpx:hr>
            <gpxtpx:cad>76</gpxtpx:cad>
            <gpxtpx:atemp>296.65</gpxtpx:atemp>
          </gpxtpx:TrackPointExtension>
        </extensions>
      </trkpt>
      <trkpt lat="30.256264" lon="34.965983">
        <ele>302.0</ele>
        <time>2026-03-24T05:50:57.000Z</time>
        <extensions>
          <gpxtpx:TrackPointExtension>
            <gpxtpx:hr>131</gpxtpx:hr>
            <gpxtpx:cad>79</gpxtpx:cad>
            <gpxtpx:atemp>296.65</gpxtpx:atemp>
          </gpxtpx:TrackPointExtension>
        </extensions>
      </trkpt>
      <trkpt lat="30.256224" lon="34.965951">
        <ele>301.8</ele>
        <time>2026-03-24T05:51:00.000Z</time>
        <extensions>
          <gpxtpx:TrackPointExtension>
            <gpxtpx:hr>131</gpxtpx:hr>
            <gpxtpx:cad>74</gpxtpx:cad>
            <gpxtpx:atemp>296.65</gpxtpx:atemp>
          </gpxtpx:TrackPointExtension>
        </extensions>
      </trkpt>
      <trkpt lat="30.256111" lon="34.965797">
        <ele>302.2</ele>
        <time>2026-03-24T05:51:12.000Z</time>
        <extensions>
          <gpxtpx:TrackPointExtension>
            <gpxtpx:hr>130</gpxtpx:hr>
            <gpxtpx:cad>0</gpxtpx:cad>
            <gpxtpx:atemp>296.65</gpxtpx:atemp>
          </gpxtpx:TrackPointExtension>
        </extensions>
      </trkpt>
      <trkpt lat="30.256067" lon="34.965727">
        <ele>302.8</ele>
        <time>2026-03-24T05:51:16.000Z</time>
        <extensions>
          <gpxtpx:TrackPointExtension>
            <gpxtpx:hr>128</gpxtpx:hr>
            <gpxtpx:cad>75</gpxtpx:cad>
            <gpxtpx:atemp>296.65</gpxtpx:atemp>
          </gpxtpx:TrackPointExtension>
        </extensions>
      </trkpt>
      <trkpt lat="30.256036" lon="34.965659">
        <ele>303.0</ele>
        <time>2026-03-24T05:51:20.000Z</time>
        <extensions>
          <gpxtpx:TrackPointExtension>
            <gpxtpx:hr>129</gpxtpx:hr>
            <gpxtpx:cad>76</gpxtpx:cad>
            <gpxtpx:atemp>296.65</gpxtpx:atemp>
          </gpxtpx:TrackPointExtension>
        </extensions>
      </trkpt>
      <trkpt lat="30.256009" lon="34.965612">
        <ele>303.2</ele>
        <time>2026-03-24T05:51:24.000Z</time>
        <extensions>
          <gpxtpx:TrackPointExtension>
            <gpxtpx:hr>130</gpxtpx:hr>
            <gpxtpx:cad>76</gpxtpx:cad>
            <gpxtpx:atemp>296.65</gpxtpx:atemp>
          </gpxtpx:TrackPointExtension>
        </extensions>
      </trkpt>
      <trkpt lat="30.256007" lon="34.965537">
        <ele>303.2</ele>
        <time>2026-03-24T05:51:28.000Z</time>
        <extensions>
          <gpxtpx:TrackPointExtension>
            <gpxtpx:hr>134</gpxtpx:hr>
            <gpxtpx:cad>76</gpxtpx:cad>
            <gpxtpx:atemp>296.65</gpxtpx:atemp>
          </gpxtpx:TrackPointExtension>
        </extensions>
      </trkpt>
      <trkpt lat="30.255912" lon="34.965488">
        <ele>303.8</ele>
        <time>2026-03-24T05:51:35.000Z</time>
        <extensions>
          <gpxtpx:TrackPointExtension>
            <gpxtpx:hr>133</gpxtpx:hr>
            <gpxtpx:cad>0</gpxtpx:cad>
            <gpxtpx:atemp>296.65</gpxtpx:atemp>
          </gpxtpx:TrackPointExtension>
        </extensions>
      </trkpt>
      <trkpt lat="30.255850" lon="34.965443">
        <ele>303.8</ele>
        <time>2026-03-24T05:51:41.000Z</time>
        <extensions>
          <gpxtpx:TrackPointExtension>
            <gpxtpx:hr>135</gpxtpx:hr>
            <gpxtpx:cad>57</gpxtpx:cad>
            <gpxtpx:atemp>296.65</gpxtpx:atemp>
          </gpxtpx:TrackPointExtension>
        </extensions>
      </trkpt>
      <trkpt lat="30.255719" lon="34.965277">
        <ele>304.6</ele>
        <time>2026-03-24T05:51:52.000Z</time>
        <extensions>
          <gpxtpx:TrackPointExtension>
            <gpxtpx:hr>138</gpxtpx:hr>
            <gpxtpx:cad>74</gpxtpx:cad>
            <gpxtpx:atemp>297.65</gpxtpx:atemp>
          </gpxtpx:TrackPointExtension>
        </extensions>
      </trkpt>
      <trkpt lat="30.255664" lon="34.965192">
        <ele>304.6</ele>
        <time>2026-03-24T05:51:59.000Z</time>
        <extensions>
          <gpxtpx:TrackPointExtension>
            <gpxtpx:hr>137</gpxtpx:hr>
            <gpxtpx:cad>71</gpxtpx:cad>
            <gpxtpx:atemp>297.65</gpxtpx:atemp>
          </gpxtpx:TrackPointExtension>
        </extensions>
      </trkpt>
      <trkpt lat="30.255601" lon="34.965136">
        <ele>304.6</ele>
        <time>2026-03-24T05:52:05.000Z</time>
        <extensions>
          <gpxtpx:TrackPointExtension>
            <gpxtpx:hr>136</gpxtpx:hr>
            <gpxtpx:cad>53</gpxtpx:cad>
            <gpxtpx:atemp>297.65</gpxtpx:atemp>
          </gpxtpx:TrackPointExtension>
        </extensions>
      </trkpt>
      <trkpt lat="30.255575" lon="34.965093">
        <ele>304.6</ele>
        <time>2026-03-24T05:52:09.000Z</time>
        <extensions>
          <gpxtpx:TrackPointExtension>
            <gpxtpx:hr>136</gpxtpx:hr>
            <gpxtpx:cad>56</gpxtpx:cad>
            <gpxtpx:atemp>297.65</gpxtpx:atemp>
          </gpxtpx:TrackPointExtension>
        </extensions>
      </trkpt>
      <trkpt lat="30.255544" lon="34.965021">
        <ele>305.0</ele>
        <time>2026-03-24T05:52:16.000Z</time>
        <extensions>
          <gpxtpx:TrackPointExtension>
            <gpxtpx:hr>135</gpxtpx:hr>
            <gpxtpx:cad>54</gpxtpx:cad>
            <gpxtpx:atemp>297.65</gpxtpx:atemp>
          </gpxtpx:TrackPointExtension>
        </extensions>
      </trkpt>
      <trkpt lat="30.255565" lon="34.964936">
        <ele>305.4</ele>
        <time>2026-03-24T05:52:23.000Z</time>
        <extensions>
          <gpxtpx:TrackPointExtension>
            <gpxtpx:hr>132</gpxtpx:hr>
            <gpxtpx:cad>53</gpxtpx:cad>
            <gpxtpx:atemp>297.65</gpxtpx:atemp>
          </gpxtpx:TrackPointExtension>
        </extensions>
      </trkpt>
      <trkpt lat="30.255573" lon="34.964886">
        <ele>305.6</ele>
        <time>2026-03-24T05:52:27.000Z</time>
        <extensions>
          <gpxtpx:TrackPointExtension>
            <gpxtpx:hr>130</gpxtpx:hr>
            <gpxtpx:cad>51</gpxtpx:cad>
            <gpxtpx:atemp>297.65</gpxtpx:atemp>
          </gpxtpx:TrackPointExtension>
        </extensions>
      </trkpt>
      <trkpt lat="30.255628" lon="34.964783">
        <ele>306.0</ele>
        <time>2026-03-24T05:52:37.000Z</time>
        <extensions>
          <gpxtpx:TrackPointExtension>
            <gpxtpx:hr>126</gpxtpx:hr>
            <gpxtpx:cad>53</gpxtpx:cad>
            <gpxtpx:atemp>297.65</gpxtpx:atemp>
          </gpxtpx:TrackPointExtension>
        </extensions>
      </trkpt>
      <trkpt lat="30.255627" lon="34.964733">
        <ele>306.2</ele>
        <time>2026-03-24T05:52:42.000Z</time>
        <extensions>
          <gpxtpx:TrackPointExtension>
            <gpxtpx:hr>120</gpxtpx:hr>
            <gpxtpx:cad>48</gpxtpx:cad>
            <gpxtpx:atemp>297.65</gpxtpx:atemp>
          </gpxtpx:TrackPointExtension>
        </extensions>
      </trkpt>
      <trkpt lat="30.255647" lon="34.964657">
        <ele>307.0</ele>
        <time>2026-03-24T05:52:48.000Z</time>
        <extensions>
          <gpxtpx:TrackPointExtension>
            <gpxtpx:hr>118</gpxtpx:hr>
            <gpxtpx:cad>49</gpxtpx:cad>
            <gpxtpx:atemp>297.65</gpxtpx:atemp>
          </gpxtpx:TrackPointExtension>
        </extensions>
      </trkpt>
      <trkpt lat="30.255699" lon="34.964571">
        <ele>307.4</ele>
        <time>2026-03-24T05:52:56.000Z</time>
        <extensions>
          <gpxtpx:TrackPointExtension>
            <gpxtpx:hr>120</gpxtpx:hr>
            <gpxtpx:cad>53</gpxtpx:cad>
            <gpxtpx:atemp>297.65</gpxtpx:atemp>
          </gpxtpx:TrackPointExtension>
        </extensions>
      </trkpt>
      <trkpt lat="30.255719" lon="34.964546">
        <ele>307.4</ele>
        <time>2026-03-24T05:52:58.000Z</time>
        <extensions>
          <gpxtpx:TrackPointExtension>
            <gpxtpx:hr>120</gpxtpx:hr>
            <gpxtpx:cad>52</gpxtpx:cad>
            <gpxtpx:atemp>297.65</gpxtpx:atemp>
          </gpxtpx:TrackPointExtension>
        </extensions>
      </trkpt>
      <trkpt lat="30.255717" lon="34.964446">
        <ele>308.0</ele>
        <time>2026-03-24T05:53:05.000Z</time>
        <extensions>
          <gpxtpx:TrackPointExtension>
            <gpxtpx:hr>119</gpxtpx:hr>
            <gpxtpx:cad>53</gpxtpx:cad>
            <gpxtpx:atemp>297.65</gpxtpx:atemp>
          </gpxtpx:TrackPointExtension>
        </extensions>
      </trkpt>
      <trkpt lat="30.255721" lon="34.964373">
        <ele>308.2</ele>
        <time>2026-03-24T05:53:10.000Z</time>
        <extensions>
          <gpxtpx:TrackPointExtension>
            <gpxtpx:hr>120</gpxtpx:hr>
            <gpxtpx:cad>53</gpxtpx:cad>
            <gpxtpx:atemp>296.65</gpxtpx:atemp>
          </gpxtpx:TrackPointExtension>
        </extensions>
      </trkpt>
      <trkpt lat="30.255763" lon="34.964295">
        <ele>308.6</ele>
        <time>2026-03-24T05:53:14.000Z</time>
        <extensions>
          <gpxtpx:TrackPointExtension>
            <gpxtpx:hr>120</gpxtpx:hr>
            <gpxtpx:cad>79</gpxtpx:cad>
            <gpxtpx:atemp>296.65</gpxtpx:atemp>
          </gpxtpx:TrackPointExtension>
        </extensions>
      </trkpt>
      <trkpt lat="30.255785" lon="34.964198">
        <ele>308.8</ele>
        <time>2026-03-24T05:53:19.000Z</time>
        <extensions>
          <gpxtpx:TrackPointExtension>
            <gpxtpx:hr>122</gpxtpx:hr>
            <gpxtpx:cad>72</gpxtpx:cad>
            <gpxtpx:atemp>296.65</gpxtpx:atemp>
          </gpxtpx:TrackPointExtension>
        </extensions>
      </trkpt>
      <trkpt lat="30.255795" lon="34.964064">
        <ele>308.8</ele>
        <time>2026-03-24T05:53:26.000Z</time>
        <extensions>
          <gpxtpx:TrackPointExtension>
            <gpxtpx:hr>124</gpxtpx:hr>
            <gpxtpx:cad>72</gpxtpx:cad>
            <gpxtpx:atemp>297.65</gpxtpx:atemp>
          </gpxtpx:TrackPointExtension>
        </extensions>
      </trkpt>
      <trkpt lat="30.255818" lon="34.964007">
        <ele>308.6</ele>
        <time>2026-03-24T05:53:31.000Z</time>
        <extensions>
          <gpxtpx:TrackPointExtension>
            <gpxtpx:hr>125</gpxtpx:hr>
            <gpxtpx:cad>64</gpxtpx:cad>
            <gpxtpx:atemp>297.65</gpxtpx:atemp>
          </gpxtpx:TrackPointExtension>
        </extensions>
      </trkpt>
      <trkpt lat="30.255882" lon="34.963941">
        <ele>309.6</ele>
        <time>2026-03-24T05:53:38.000Z</time>
        <extensions>
          <gpxtpx:TrackPointExtension>
            <gpxtpx:hr>124</gpxtpx:hr>
            <gpxtpx:cad>0</gpxtpx:cad>
            <gpxtpx:atemp>297.65</gpxtpx:atemp>
          </gpxtpx:TrackPointExtension>
        </extensions>
      </trkpt>
      <trkpt lat="30.255928" lon="34.963916">
        <ele>310.6</ele>
        <time>2026-03-24T05:53:43.000Z</time>
        <extensions>
          <gpxtpx:TrackPointExtension>
            <gpxtpx:hr>123</gpxtpx:hr>
            <gpxtpx:cad>57</gpxtpx:cad>
            <gpxtpx:atemp>297.65</gpxtpx:atemp>
          </gpxtpx:TrackPointExtension>
        </extensions>
      </trkpt>
      <trkpt lat="30.256012" lon="34.963717">
        <ele>313.6</ele>
        <time>2026-03-24T05:54:00.000Z</time>
        <extensions>
          <gpxtpx:TrackPointExtension>
            <gpxtpx:hr>134</gpxtpx:hr>
            <gpxtpx:cad>0</gpxtpx:cad>
            <gpxtpx:atemp>297.65</gpxtpx:atemp>
          </gpxtpx:TrackPointExtension>
        </extensions>
      </trkpt>
      <trkpt lat="30.256026" lon="34.963634">
        <ele>315.0</ele>
        <time>2026-03-24T05:54:06.000Z</time>
        <extensions>
          <gpxtpx:TrackPointExtension>
            <gpxtpx:hr>135</gpxtpx:hr>
            <gpxtpx:cad>54</gpxtpx:cad>
            <gpxtpx:atemp>297.65</gpxtpx:atemp>
          </gpxtpx:TrackPointExtension>
        </extensions>
      </trkpt>
      <trkpt lat="30.256043" lon="34.963580">
        <ele>316.0</ele>
        <time>2026-03-24T05:54:11.000Z</time>
        <extensions>
          <gpxtpx:TrackPointExtension>
            <gpxtpx:hr>136</gpxtpx:hr>
            <gpxtpx:cad>0</gpxtpx:cad>
            <gpxtpx:atemp>297.65</gpxtpx:atemp>
          </gpxtpx:TrackPointExtension>
        </extensions>
      </trkpt>
      <trkpt lat="30.256106" lon="34.963504">
        <ele>317.2</ele>
        <time>2026-03-24T05:54:19.000Z</time>
        <extensions>
          <gpxtpx:TrackPointExtension>
            <gpxtpx:hr>139</gpxtpx:hr>
            <gpxtpx:cad>0</gpxtpx:cad>
            <gpxtpx:atemp>297.65</gpxtpx:atemp>
          </gpxtpx:TrackPointExtension>
        </extensions>
      </trkpt>
      <trkpt lat="30.256166" lon="34.963481">
        <ele>318.8</ele>
        <time>2026-03-24T05:54:28.000Z</time>
        <extensions>
          <gpxtpx:TrackPointExtension>
            <gpxtpx:hr>139</gpxtpx:hr>
            <gpxtpx:cad>0</gpxtpx:cad>
            <gpxtpx:atemp>297.65</gpxtpx:atemp>
          </gpxtpx:TrackPointExtension>
        </extensions>
      </trkpt>
      <trkpt lat="30.256199" lon="34.963459">
        <ele>319.8</ele>
        <time>2026-03-24T05:54:34.000Z</time>
        <extensions>
          <gpxtpx:TrackPointExtension>
            <gpxtpx:hr>139</gpxtpx:hr>
            <gpxtpx:cad>0</gpxtpx:cad>
            <gpxtpx:atemp>297.65</gpxtpx:atemp>
          </gpxtpx:TrackPointExtension>
        </extensions>
      </trkpt>
      <trkpt lat="30.256262" lon="34.963388">
        <ele>322.2</ele>
        <time>2026-03-24T05:54:47.000Z</time>
        <extensions>
          <gpxtpx:TrackPointExtension>
            <gpxtpx:hr>141</gpxtpx:hr>
            <gpxtpx:cad>0</gpxtpx:cad>
            <gpxtpx:atemp>297.65</gpxtpx:atemp>
          </gpxtpx:TrackPointExtension>
        </extensions>
      </trkpt>
      <trkpt lat="30.256329" lon="34.963331">
        <ele>325.0</ele>
        <time>2026-03-24T05:55:01.000Z</time>
        <extensions>
          <gpxtpx:TrackPointExtension>
            <gpxtpx:hr>145</gpxtpx:hr>
            <gpxtpx:cad>0</gpxtpx:cad>
            <gpxtpx:atemp>297.65</gpxtpx:atemp>
          </gpxtpx:TrackPointExtension>
        </extensions>
      </trkpt>
      <trkpt lat="30.256411" lon="34.963289">
        <ele>328.2</ele>
        <time>2026-03-24T05:55:18.000Z</time>
        <extensions>
          <gpxtpx:TrackPointExtension>
            <gpxtpx:hr>146</gpxtpx:hr>
            <gpxtpx:cad>0</gpxtpx:cad>
            <gpxtpx:atemp>297.65</gpxtpx:atemp>
          </gpxtpx:TrackPointExtension>
        </extensions>
      </trkpt>
      <trkpt lat="30.256434" lon="34.963295">
        <ele>329.4</ele>
        <time>2026-03-24T05:55:27.000Z</time>
        <extensions>
          <gpxtpx:TrackPointExtension>
            <gpxtpx:hr>149</gpxtpx:hr>
            <gpxtpx:cad>0</gpxtpx:cad>
            <gpxtpx:atemp>297.65</gpxtpx:atemp>
          </gpxtpx:TrackPointExtension>
        </extensions>
      </trkpt>
      <trkpt lat="30.256512" lon="34.963303">
        <ele>331.0</ele>
        <time>2026-03-24T05:55:37.000Z</time>
        <extensions>
          <gpxtpx:TrackPointExtension>
            <gpxtpx:hr>151</gpxtpx:hr>
            <gpxtpx:cad>49</gpxtpx:cad>
            <gpxtpx:atemp>297.65</gpxtpx:atemp>
          </gpxtpx:TrackPointExtension>
        </extensions>
      </trkpt>
      <trkpt lat="30.256554" lon="34.963325">
        <ele>331.4</ele>
        <time>2026-03-24T05:55:41.000Z</time>
        <extensions>
          <gpxtpx:TrackPointExtension>
            <gpxtpx:hr>153</gpxtpx:hr>
            <gpxtpx:cad>0</gpxtpx:cad>
            <gpxtpx:atemp>297.65</gpxtpx:atemp>
          </gpxtpx:TrackPointExtension>
        </extensions>
      </trkpt>
      <trkpt lat="30.256594" lon="34.963329">
        <ele>332.4</ele>
        <time>2026-03-24T05:55:48.000Z</time>
        <extensions>
          <gpxtpx:TrackPointExtension>
            <gpxtpx:hr>152</gpxtpx:hr>
            <gpxtpx:cad>0</gpxtpx:cad>
            <gpxtpx:atemp>297.65</gpxtpx:atemp>
          </gpxtpx:TrackPointExtension>
        </extensions>
      </trkpt>
      <trkpt lat="30.256716" lon="34.963263">
        <ele>335.0</ele>
        <time>2026-03-24T05:56:07.000Z</time>
        <extensions>
          <gpxtpx:TrackPointExtension>
            <gpxtpx:hr>149</gpxtpx:hr>
            <gpxtpx:cad>0</gpxtpx:cad>
            <gpxtpx:atemp>298.65</gpxtpx:atemp>
          </gpxtpx:TrackPointExtension>
        </extensions>
      </trkpt>
      <trkpt lat="30.256755" lon="34.963234">
        <ele>336.8</ele>
        <time>2026-03-24T05:56:16.000Z</time>
        <extensions>
          <gpxtpx:TrackPointExtension>
            <gpxtpx:hr>149</gpxtpx:hr>
            <gpxtpx:cad>0</gpxtpx:cad>
            <gpxtpx:atemp>298.65</gpxtpx:atemp>
          </gpxtpx:TrackPointExtension>
        </extensions>
      </trkpt>
      <trkpt lat="30.256827" lon="34.963165">
        <ele>339.0</ele>
        <time>2026-03-24T05:56:29.000Z</time>
        <extensions>
          <gpxtpx:TrackPointExtension>
            <gpxtpx:hr>150</gpxtpx:hr>
            <gpxtpx:cad>47</gpxtpx:cad>
            <gpxtpx:atemp>297.65</gpxtpx:atemp>
          </gpxtpx:TrackPointExtension>
        </extensions>
      </trkpt>
      <trkpt lat="30.256918" lon="34.963107">
        <ele>340.6</ele>
        <time>2026-03-24T05:56:41.000Z</time>
        <extensions>
          <gpxtpx:TrackPointExtension>
            <gpxtpx:hr>145</gpxtpx:hr>
            <gpxtpx:cad>0</gpxtpx:cad>
            <gpxtpx:atemp>297.65</gpxtpx:atemp>
          </gpxtpx:TrackPointExtension>
        </extensions>
      </trkpt>
      <trkpt lat="30.256938" lon="34.963078">
        <ele>341.6</ele>
        <time>2026-03-24T05:56:48.000Z</time>
        <extensions>
          <gpxtpx:TrackPointExtension>
            <gpxtpx:hr>141</gpxtpx:hr>
            <gpxtpx:cad>0</gpxtpx:cad>
            <gpxtpx:atemp>297.65</gpxtpx:atemp>
          </gpxtpx:TrackPointExtension>
        </extensions>
      </trkpt>
      <trkpt lat="30.256979" lon="34.963067">
        <ele>343.6</ele>
        <time>2026-03-24T05:56:59.000Z</time>
        <extensions>
          <gpxtpx:TrackPointExtension>
            <gpxtpx:hr>142</gpxtpx:hr>
            <gpxtpx:cad>0</gpxtpx:cad>
            <gpxtpx:atemp>297.65</gpxtpx:atemp>
          </gpxtpx:TrackPointExtension>
        </extensions>
      </trkpt>
      <trkpt lat="30.257149" lon="34.963037">
        <ele>345.6</ele>
        <time>2026-03-24T05:57:19.000Z</time>
        <extensions>
          <gpxtpx:TrackPointExtension>
            <gpxtpx:hr>143</gpxtpx:hr>
            <gpxtpx:cad>55</gpxtpx:cad>
            <gpxtpx:atemp>297.65</gpxtpx:atemp>
          </gpxtpx:TrackPointExtension>
        </extensions>
      </trkpt>
      <trkpt lat="30.257253" lon="34.962994">
        <ele>346.2</ele>
        <time>2026-03-24T05:57:29.000Z</time>
        <extensions>
          <gpxtpx:TrackPointExtension>
            <gpxtpx:hr>140</gpxtpx:hr>
            <gpxtpx:cad>53</gpxtpx:cad>
            <gpxtpx:atemp>297.65</gpxtpx:atemp>
          </gpxtpx:TrackPointExtension>
        </extensions>
      </trkpt>
      <trkpt lat="30.257340" lon="34.962927">
        <ele>348.0</ele>
        <time>2026-03-24T05:57:38.000Z</time>
        <extensions>
          <gpxtpx:TrackPointExtension>
            <gpxtpx:hr>140</gpxtpx:hr>
            <gpxtpx:cad>53</gpxtpx:cad>
            <gpxtpx:atemp>297.65</gpxtpx:atemp>
          </gpxtpx:TrackPointExtension>
        </extensions>
      </trkpt>
      <trkpt lat="30.257395" lon="34.962904">
        <ele>348.6</ele>
        <time>2026-03-24T05:57:44.000Z</time>
        <extensions>
          <gpxtpx:TrackPointExtension>
            <gpxtpx:hr>139</gpxtpx:hr>
            <gpxtpx:cad>56</gpxtpx:cad>
            <gpxtpx:atemp>297.65</gpxtpx:atemp>
          </gpxtpx:TrackPointExtension>
        </extensions>
      </trkpt>
      <trkpt lat="30.257462" lon="34.962851">
        <ele>349.4</ele>
        <time>2026-03-24T05:57:51.000Z</time>
        <extensions>
          <gpxtpx:TrackPointExtension>
            <gpxtpx:hr>138</gpxtpx:hr>
            <gpxtpx:cad>54</gpxtpx:cad>
            <gpxtpx:atemp>297.65</gpxtpx:atemp>
          </gpxtpx:TrackPointExtension>
        </extensions>
      </trkpt>
      <trkpt lat="30.257550" lon="34.962816">
        <ele>350.0</ele>
        <time>2026-03-24T05:58:02.000Z</time>
        <extensions>
          <gpxtpx:TrackPointExtension>
            <gpxtpx:hr>133</gpxtpx:hr>
            <gpxtpx:cad>55</gpxtpx:cad>
            <gpxtpx:atemp>297.65</gpxtpx:atemp>
          </gpxtpx:TrackPointExtension>
        </extensions>
      </trkpt>
      <trkpt lat="30.257595" lon="34.962805">
        <ele>350.4</ele>
        <time>2026-03-24T05:58:05.000Z</time>
        <extensions>
          <gpxtpx:TrackPointExtension>
            <gpxtpx:hr>132</gpxtpx:hr>
            <gpxtpx:cad>55</gpxtpx:cad>
            <gpxtpx:atemp>297.65</gpxtpx:atemp>
          </gpxtpx:TrackPointExtension>
        </extensions>
      </trkpt>
      <trkpt lat="30.257705" lon="34.962757">
        <ele>350.4</ele>
        <time>2026-03-24T05:58:13.000Z</time>
        <extensions>
          <gpxtpx:TrackPointExtension>
            <gpxtpx:hr>135</gpxtpx:hr>
            <gpxtpx:cad>56</gpxtpx:cad>
            <gpxtpx:atemp>297.65</gpxtpx:atemp>
          </gpxtpx:TrackPointExtension>
        </extensions>
      </trkpt>
      <trkpt lat="30.257834" lon="34.962653">
        <ele>351.6</ele>
        <time>2026-03-24T05:58:23.000Z</time>
        <extensions>
          <gpxtpx:TrackPointExtension>
            <gpxtpx:hr>132</gpxtpx:hr>
            <gpxtpx:cad>72</gpxtpx:cad>
            <gpxtpx:atemp>297.65</gpxtpx:atemp>
          </gpxtpx:TrackPointExtension>
        </extensions>
      </trkpt>
      <trkpt lat="30.257964" lon="34.962569">
        <ele>352.8</ele>
        <time>2026-03-24T05:58:33.000Z</time>
        <extensions>
          <gpxtpx:TrackPointExtension>
            <gpxtpx:hr>134</gpxtpx:hr>
            <gpxtpx:cad>73</gpxtpx:cad>
            <gpxtpx:atemp>297.65</gpxtpx:atemp>
          </gpxtpx:TrackPointExtension>
        </extensions>
      </trkpt>
      <trkpt lat="30.258016" lon="34.962523">
        <ele>353.6</ele>
        <time>2026-03-24T05:58:37.000Z</time>
        <extensions>
          <gpxtpx:TrackPointExtension>
            <gpxtpx:hr>135</gpxtpx:hr>
            <gpxtpx:cad>72</gpxtpx:cad>
            <gpxtpx:atemp>297.65</gpxtpx:atemp>
          </gpxtpx:TrackPointExtension>
        </extensions>
      </trkpt>
      <trkpt lat="30.258110" lon="34.962462">
        <ele>354.6</ele>
        <time>2026-03-24T05:58:44.000Z</time>
        <extensions>
          <gpxtpx:TrackPointExtension>
            <gpxtpx:hr>135</gpxtpx:hr>
            <gpxtpx:cad>72</gpxtpx:cad>
            <gpxtpx:atemp>297.65</gpxtpx:atemp>
          </gpxtpx:TrackPointExtension>
        </extensions>
      </trkpt>
      <trkpt lat="30.258244" lon="34.962354">
        <ele>355.6</ele>
        <time>2026-03-24T05:58:55.000Z</time>
        <extensions>
          <gpxtpx:TrackPointExtension>
            <gpxtpx:hr>137</gpxtpx:hr>
            <gpxtpx:cad>73</gpxtpx:cad>
            <gpxtpx:atemp>297.65</gpxtpx:atemp>
          </gpxtpx:TrackPointExtension>
        </extensions>
      </trkpt>
      <trkpt lat="30.258269" lon="34.962345">
        <ele>356.0</ele>
        <time>2026-03-24T05:58:57.000Z</time>
        <extensions>
          <gpxtpx:TrackPointExtension>
            <gpxtpx:hr>138</gpxtpx:hr>
            <gpxtpx:cad>57</gpxtpx:cad>
            <gpxtpx:atemp>297.65</gpxtpx:atemp>
          </gpxtpx:TrackPointExtension>
        </extensions>
      </trkpt>
      <trkpt lat="30.258374" lon="34.962280">
        <ele>357.2</ele>
        <time>2026-03-24T05:59:07.000Z</time>
        <extensions>
          <gpxtpx:TrackPointExtension>
            <gpxtpx:hr>139</gpxtpx:hr>
            <gpxtpx:cad>57</gpxtpx:cad>
            <gpxtpx:atemp>297.65</gpxtpx:atemp>
          </gpxtpx:TrackPointExtension>
        </extensions>
      </trkpt>
      <trkpt lat="30.258445" lon="34.962255">
        <ele>357.8</ele>
        <time>2026-03-24T05:59:13.000Z</time>
        <extensions>
          <gpxtpx:TrackPointExtension>
            <gpxtpx:hr>139</gpxtpx:hr>
            <gpxtpx:cad>55</gpxtpx:cad>
            <gpxtpx:atemp>297.65</gpxtpx:atemp>
          </gpxtpx:TrackPointExtension>
        </extensions>
      </trkpt>
      <trkpt lat="30.258516" lon="34.962216">
        <ele>358.4</ele>
        <time>2026-03-24T05:59:19.000Z</time>
        <extensions>
          <gpxtpx:TrackPointExtension>
            <gpxtpx:hr>138</gpxtpx:hr>
            <gpxtpx:cad>55</gpxtpx:cad>
            <gpxtpx:atemp>297.65</gpxtpx:atemp>
          </gpxtpx:TrackPointExtension>
        </extensions>
      </trkpt>
      <trkpt lat="30.258555" lon="34.962199">
        <ele>359.2</ele>
        <time>2026-03-24T05:59:23.000Z</time>
        <extensions>
          <gpxtpx:TrackPointExtension>
            <gpxtpx:hr>139</gpxtpx:hr>
            <gpxtpx:cad>0</gpxtpx:cad>
            <gpxtpx:atemp>297.65</gpxtpx:atemp>
          </gpxtpx:TrackPointExtension>
        </extensions>
      </trkpt>
      <trkpt lat="30.258754" lon="34.962134">
        <ele>362.0</ele>
        <time>2026-03-24T05:59:41.000Z</time>
        <extensions>
          <gpxtpx:TrackPointExtension>
            <gpxtpx:hr>140</gpxtpx:hr>
            <gpxtpx:cad>55</gpxtpx:cad>
            <gpxtpx:atemp>297.65</gpxtpx:atemp>
          </gpxtpx:TrackPointExtension>
        </extensions>
      </trkpt>
      <trkpt lat="30.258832" lon="34.962068">
        <ele>362.8</ele>
        <time>2026-03-24T05:59:49.000Z</time>
        <extensions>
          <gpxtpx:TrackPointExtension>
            <gpxtpx:hr>140</gpxtpx:hr>
            <gpxtpx:cad>0</gpxtpx:cad>
            <gpxtpx:atemp>297.65</gpxtpx:atemp>
          </gpxtpx:TrackPointExtension>
        </extensions>
      </trkpt>
      <trkpt lat="30.258900" lon="34.962043">
        <ele>363.6</ele>
        <time>2026-03-24T05:59:55.000Z</time>
        <extensions>
          <gpxtpx:TrackPointExtension>
            <gpxtpx:hr>140</gpxtpx:hr>
            <gpxtpx:cad>56</gpxtpx:cad>
            <gpxtpx:atemp>297.65</gpxtpx:atemp>
          </gpxtpx:TrackPointExtension>
        </extensions>
      </trkpt>
      <trkpt lat="30.259099" lon="34.962008">
        <ele>367.0</ele>
        <time>2026-03-24T06:00:15.000Z</time>
        <extensions>
          <gpxtpx:TrackPointExtension>
            <gpxtpx:hr>140</gpxtpx:hr>
            <gpxtpx:cad>0</gpxtpx:cad>
            <gpxtpx:atemp>297.65</gpxtpx:atemp>
          </gpxtpx:TrackPointExtension>
        </extensions>
      </trkpt>
      <trkpt lat="30.259169" lon="34.961979">
        <ele>368.0</ele>
        <time>2026-03-24T06:00:23.000Z</time>
        <extensions>
          <gpxtpx:TrackPointExtension>
            <gpxtpx:hr>140</gpxtpx:hr>
            <gpxtpx:cad>0</gpxtpx:cad>
            <gpxtpx:atemp>297.65</gpxtpx:atemp>
          </gpxtpx:TrackPointExtension>
        </extensions>
      </trkpt>
      <trkpt lat="30.259285" lon="34.961968">
        <ele>370.4</ele>
        <time>2026-03-24T06:00:36.000Z</time>
        <extensions>
          <gpxtpx:TrackPointExtension>
            <gpxtpx:hr>144</gpxtpx:hr>
            <gpxtpx:cad>0</gpxtpx:cad>
            <gpxtpx:atemp>297.65</gpxtpx:atemp>
          </gpxtpx:TrackPointExtension>
        </extensions>
      </trkpt>
      <trkpt lat="30.259349" lon="34.961948">
        <ele>371.2</ele>
        <time>2026-03-24T06:00:42.000Z</time>
        <extensions>
          <gpxtpx:TrackPointExtension>
            <gpxtpx:hr>145</gpxtpx:hr>
            <gpxtpx:cad>0</gpxtpx:cad>
            <gpxtpx:atemp>297.65</gpxtpx:atemp>
          </gpxtpx:TrackPointExtension>
        </extensions>
      </trkpt>
      <trkpt lat="30.259435" lon="34.961897">
        <ele>372.2</ele>
        <time>2026-03-24T06:00:51.000Z</time>
        <extensions>
          <gpxtpx:TrackPointExtension>
            <gpxtpx:hr>144</gpxtpx:hr>
            <gpxtpx:cad>0</gpxtpx:cad>
            <gpxtpx:atemp>297.65</gpxtpx:atemp>
          </gpxtpx:TrackPointExtension>
        </extensions>
      </trkpt>
      <trkpt lat="30.259524" lon="34.961861">
        <ele>374.4</ele>
        <time>2026-03-24T06:01:03.000Z</time>
        <extensions>
          <gpxtpx:TrackPointExtension>
            <gpxtpx:hr>143</gpxtpx:hr>
            <gpxtpx:cad>0</gpxtpx:cad>
            <gpxtpx:atemp>297.65</gpxtpx:atemp>
          </gpxtpx:TrackPointExtension>
        </extensions>
      </trkpt>
      <trkpt lat="30.259635" lon="34.961847">
        <ele>376.6</ele>
        <time>2026-03-24T06:01:15.000Z</time>
        <extensions>
          <gpxtpx:TrackPointExtension>
            <gpxtpx:hr>144</gpxtpx:hr>
            <gpxtpx:cad>47</gpxtpx:cad>
            <gpxtpx:atemp>297.65</gpxtpx:atemp>
          </gpxtpx:TrackPointExtension>
        </extensions>
      </trkpt>
      <trkpt lat="30.259744" lon="34.961844">
        <ele>378.8</ele>
        <time>2026-03-24T06:01:26.000Z</time>
        <extensions>
          <gpxtpx:TrackPointExtension>
            <gpxtpx:hr>145</gpxtpx:hr>
            <gpxtpx:cad>52</gpxtpx:cad>
            <gpxtpx:atemp>297.65</gpxtpx:atemp>
          </gpxtpx:TrackPointExtension>
        </extensions>
      </trkpt>
      <trkpt lat="30.259811" lon="34.961837">
        <ele>380.0</ele>
        <time>2026-03-24T06:01:33.000Z</time>
        <extensions>
          <gpxtpx:TrackPointExtension>
            <gpxtpx:hr>146</gpxtpx:hr>
            <gpxtpx:cad>51</gpxtpx:cad>
            <gpxtpx:atemp>297.65</gpxtpx:atemp>
          </gpxtpx:TrackPointExtension>
        </extensions>
      </trkpt>
      <trkpt lat="30.259882" lon="34.961841">
        <ele>381.0</ele>
        <time>2026-03-24T06:01:42.000Z</time>
        <extensions>
          <gpxtpx:TrackPointExtension>
            <gpxtpx:hr>145</gpxtpx:hr>
            <gpxtpx:cad>0</gpxtpx:cad>
            <gpxtpx:atemp>297.65</gpxtpx:atemp>
          </gpxtpx:TrackPointExtension>
        </extensions>
      </trkpt>
      <trkpt lat="30.260008" lon="34.961865">
        <ele>383.2</ele>
        <time>2026-03-24T06:02:14.000Z</time>
        <extensions>
          <gpxtpx:TrackPointExtension>
            <gpxtpx:hr>136</gpxtpx:hr>
            <gpxtpx:cad>0</gpxtpx:cad>
            <gpxtpx:atemp>298.65</gpxtpx:atemp>
          </gpxtpx:TrackPointExtension>
        </extensions>
      </trkpt>
      <trkpt lat="30.260044" lon="34.961867">
        <ele>383.8</ele>
        <time>2026-03-24T06:02:18.000Z</time>
        <extensions>
          <gpxtpx:TrackPointExtension>
            <gpxtpx:hr>133</gpxtpx:hr>
            <gpxtpx:cad>0</gpxtpx:cad>
            <gpxtpx:atemp>298.65</gpxtpx:atemp>
          </gpxtpx:TrackPointExtension>
        </extensions>
      </trkpt>
      <trkpt lat="30.260090" lon="34.961857">
        <ele>384.8</ele>
        <time>2026-03-24T06:02:24.000Z</time>
        <extensions>
          <gpxtpx:TrackPointExtension>
            <gpxtpx:hr>132</gpxtpx:hr>
            <gpxtpx:cad>0</gpxtpx:cad>
            <gpxtpx:atemp>298.65</gpxtpx:atemp>
          </gpxtpx:TrackPointExtension>
        </extensions>
      </trkpt>
      <trkpt lat="30.260171" lon="34.961874">
        <ele>386.2</ele>
        <time>2026-03-24T06:02:34.000Z</time>
        <extensions>
          <gpxtpx:TrackPointExtension>
            <gpxtpx:hr>130</gpxtpx:hr>
            <gpxtpx:cad>0</gpxtpx:cad>
            <gpxtpx:atemp>298.65</gpxtpx:atemp>
          </gpxtpx:TrackPointExtension>
        </extensions>
      </trkpt>
      <trkpt lat="30.260256" lon="34.961899">
        <ele>388.2</ele>
        <time>2026-03-24T06:02:45.000Z</time>
        <extensions>
          <gpxtpx:TrackPointExtension>
            <gpxtpx:hr>132</gpxtpx:hr>
            <gpxtpx:cad>0</gpxtpx:cad>
            <gpxtpx:atemp>298.65</gpxtpx:atemp>
          </gpxtpx:TrackPointExtension>
        </extensions>
      </trkpt>
      <trkpt lat="30.260290" lon="34.961900">
        <ele>389.0</ele>
        <time>2026-03-24T06:02:49.000Z</time>
        <extensions>
          <gpxtpx:TrackPointExtension>
            <gpxtpx:hr>132</gpxtpx:hr>
            <gpxtpx:cad>0</gpxtpx:cad>
            <gpxtpx:atemp>298.65</gpxtpx:atemp>
          </gpxtpx:TrackPointExtension>
        </extensions>
      </trkpt>
      <trkpt lat="30.260375" lon="34.961910">
        <ele>390.8</ele>
        <time>2026-03-24T06:02:57.000Z</time>
        <extensions>
          <gpxtpx:TrackPointExtension>
            <gpxtpx:hr>132</gpxtpx:hr>
            <gpxtpx:cad>0</gpxtpx:cad>
            <gpxtpx:atemp>298.65</gpxtpx:atemp>
          </gpxtpx:TrackPointExtension>
        </extensions>
      </trkpt>
      <trkpt lat="30.260457" lon="34.961914">
        <ele>392.2</ele>
        <time>2026-03-24T06:03:05.000Z</time>
        <extensions>
          <gpxtpx:TrackPointExtension>
            <gpxtpx:hr>132</gpxtpx:hr>
            <gpxtpx:cad>0</gpxtpx:cad>
            <gpxtpx:atemp>298.65</gpxtpx:atemp>
          </gpxtpx:TrackPointExtension>
        </extensions>
      </trkpt>
      <trkpt lat="30.260508" lon="34.961924">
        <ele>392.8</ele>
        <time>2026-03-24T06:03:09.000Z</time>
        <extensions>
          <gpxtpx:TrackPointExtension>
            <gpxtpx:hr>130</gpxtpx:hr>
            <gpxtpx:cad>48</gpxtpx:cad>
            <gpxtpx:atemp>297.65</gpxtpx:atemp>
          </gpxtpx:TrackPointExtension>
        </extensions>
      </trkpt>
      <trkpt lat="30.260639" lon="34.961974">
        <ele>395.2</ele>
        <time>2026-03-24T06:03:25.000Z</time>
        <extensions>
          <gpxtpx:TrackPointExtension>
            <gpxtpx:hr>131</gpxtpx:hr>
            <gpxtpx:cad>52</gpxtpx:cad>
            <gpxtpx:atemp>297.65</gpxtpx:atemp>
          </gpxtpx:TrackPointExtension>
        </extensions>
      </trkpt>
      <trkpt lat="30.260829" lon="34.962019">
        <ele>396.6</ele>
        <time>2026-03-24T06:03:42.000Z</time>
        <extensions>
          <gpxtpx:TrackPointExtension>
            <gpxtpx:hr>133</gpxtpx:hr>
            <gpxtpx:cad>53</gpxtpx:cad>
            <gpxtpx:atemp>298.65</gpxtpx:atemp>
          </gpxtpx:TrackPointExtension>
        </extensions>
      </trkpt>
      <trkpt lat="30.260955" lon="34.962082">
        <ele>398.4</ele>
        <time>2026-03-24T06:03:55.000Z</time>
        <extensions>
          <gpxtpx:TrackPointExtension>
            <gpxtpx:hr>133</gpxtpx:hr>
            <gpxtpx:cad>0</gpxtpx:cad>
            <gpxtpx:atemp>298.65</gpxtpx:atemp>
          </gpxtpx:TrackPointExtension>
        </extensions>
      </trkpt>
      <trkpt lat="30.260955" lon="34.962079">
        <ele>397.8</ele>
        <time>2026-03-24T06:04:14.000Z</time>
        <extensions>
          <gpxtpx:TrackPointExtension>
            <gpxtpx:hr>129</gpxtpx:hr>
            <gpxtpx:cad>0</gpxtpx:cad>
            <gpxtpx:atemp>298.65</gpxtpx:atemp>
          </gpxtpx:TrackPointExtension>
        </extensions>
      </trkpt>
      <trkpt lat="30.261022" lon="34.962114">
        <ele>398.2</ele>
        <time>2026-03-24T06:04:21.000Z</time>
        <extensions>
          <gpxtpx:TrackPointExtension>
            <gpxtpx:hr>126</gpxtpx:hr>
            <gpxtpx:cad>0</gpxtpx:cad>
            <gpxtpx:atemp>298.65</gpxtpx:atemp>
          </gpxtpx:TrackPointExtension>
        </extensions>
      </trkpt>
      <trkpt lat="30.261185" lon="34.962224">
        <ele>400.8</ele>
        <time>2026-03-24T06:04:41.000Z</time>
        <extensions>
          <gpxtpx:TrackPointExtension>
            <gpxtpx:hr>122</gpxtpx:hr>
            <gpxtpx:cad>50</gpxtpx:cad>
            <gpxtpx:atemp>298.65</gpxtpx:atemp>
          </gpxtpx:TrackPointExtension>
        </extensions>
      </trkpt>
      <trkpt lat="30.261281" lon="34.962279">
        <ele>403.4</ele>
        <time>2026-03-24T06:04:53.000Z</time>
        <extensions>
          <gpxtpx:TrackPointExtension>
            <gpxtpx:hr>115</gpxtpx:hr>
            <gpxtpx:cad>51</gpxtpx:cad>
            <gpxtpx:atemp>298.65</gpxtpx:atemp>
          </gpxtpx:TrackPointExtension>
        </extensions>
      </trkpt>
      <trkpt lat="30.261342" lon="34.962344">
        <ele>404.6</ele>
        <time>2026-03-24T06:05:01.000Z</time>
        <extensions>
          <gpxtpx:TrackPointExtension>
            <gpxtpx:hr>115</gpxtpx:hr>
            <gpxtpx:cad>52</gpxtpx:cad>
            <gpxtpx:atemp>298.65</gpxtpx:atemp>
          </gpxtpx:TrackPointExtension>
        </extensions>
      </trkpt>
      <trkpt lat="30.261390" lon="34.962373">
        <ele>406.0</ele>
        <time>2026-03-24T06:05:07.000Z</time>
        <extensions>
          <gpxtpx:TrackPointExtension>
            <gpxtpx:hr>116</gpxtpx:hr>
            <gpxtpx:cad>0</gpxtpx:cad>
            <gpxtpx:atemp>298.65</gpxtpx:atemp>
          </gpxtpx:TrackPointExtension>
        </extensions>
      </trkpt>
      <trkpt lat="30.261452" lon="34.962417">
        <ele>407.4</ele>
        <time>2026-03-24T06:05:14.000Z</time>
        <extensions>
          <gpxtpx:TrackPointExtension>
            <gpxtpx:hr>119</gpxtpx:hr>
            <gpxtpx:cad>0</gpxtpx:cad>
            <gpxtpx:atemp>298.65</gpxtpx:atemp>
          </gpxtpx:TrackPointExtension>
        </extensions>
      </trkpt>
      <trkpt lat="30.261546" lon="34.962462">
        <ele>409.8</ele>
        <time>2026-03-24T06:05:27.000Z</time>
        <extensions>
          <gpxtpx:TrackPointExtension>
            <gpxtpx:hr>125</gpxtpx:hr>
            <gpxtpx:cad>0</gpxtpx:cad>
            <gpxtpx:atemp>297.65</gpxtpx:atemp>
          </gpxtpx:TrackPointExtension>
        </extensions>
      </trkpt>
      <trkpt lat="30.261627" lon="34.962520">
        <ele>411.4</ele>
        <time>2026-03-24T06:05:39.000Z</time>
        <extensions>
          <gpxtpx:TrackPointExtension>
            <gpxtpx:hr>125</gpxtpx:hr>
            <gpxtpx:cad>0</gpxtpx:cad>
            <gpxtpx:atemp>297.65</gpxtpx:atemp>
          </gpxtpx:TrackPointExtension>
        </extensions>
      </trkpt>
      <trkpt lat="30.261763" lon="34.962491">
        <ele>413.2</ele>
        <time>2026-03-24T06:05:55.000Z</time>
        <extensions>
          <gpxtpx:TrackPointExtension>
            <gpxtpx:hr>129</gpxtpx:hr>
            <gpxtpx:cad>0</gpxtpx:cad>
            <gpxtpx:atemp>297.65</gpxtpx:atemp>
          </gpxtpx:TrackPointExtension>
        </extensions>
      </trkpt>
      <trkpt lat="30.261824" lon="34.962502">
        <ele>414.0</ele>
        <time>2026-03-24T06:06:03.000Z</time>
        <extensions>
          <gpxtpx:TrackPointExtension>
            <gpxtpx:hr>136</gpxtpx:hr>
            <gpxtpx:cad>0</gpxtpx:cad>
            <gpxtpx:atemp>298.65</gpxtpx:atemp>
          </gpxtpx:TrackPointExtension>
        </extensions>
      </trkpt>
      <trkpt lat="30.261899" lon="34.962476">
        <ele>415.6</ele>
        <time>2026-03-24T06:06:17.000Z</time>
        <extensions>
          <gpxtpx:TrackPointExtension>
            <gpxtpx:hr>133</gpxtpx:hr>
            <gpxtpx:cad>0</gpxtpx:cad>
            <gpxtpx:atemp>298.65</gpxtpx:atemp>
          </gpxtpx:TrackPointExtension>
        </extensions>
      </trkpt>
      <trkpt lat="30.261968" lon="34.962457">
        <ele>417.0</ele>
        <time>2026-03-24T06:06:26.000Z</time>
        <extensions>
          <gpxtpx:TrackPointExtension>
            <gpxtpx:hr>133</gpxtpx:hr>
            <gpxtpx:cad>0</gpxtpx:cad>
            <gpxtpx:atemp>298.65</gpxtpx:atemp>
          </gpxtpx:TrackPointExtension>
        </extensions>
      </trkpt>
      <trkpt lat="30.262036" lon="34.962428">
        <ele>418.6</ele>
        <time>2026-03-24T06:06:36.000Z</time>
        <extensions>
          <gpxtpx:TrackPointExtension>
            <gpxtpx:hr>134</gpxtpx:hr>
            <gpxtpx:cad>0</gpxtpx:cad>
            <gpxtpx:atemp>298.65</gpxtpx:atemp>
          </gpxtpx:TrackPointExtension>
        </extensions>
      </trkpt>
      <trkpt lat="30.262134" lon="34.962464">
        <ele>421.6</ele>
        <time>2026-03-24T06:06:50.000Z</time>
        <extensions>
          <gpxtpx:TrackPointExtension>
            <gpxtpx:hr>141</gpxtpx:hr>
            <gpxtpx:cad>0</gpxtpx:cad>
            <gpxtpx:atemp>298.65</gpxtpx:atemp>
          </gpxtpx:TrackPointExtension>
        </extensions>
      </trkpt>
      <trkpt lat="30.262257" lon="34.962472">
        <ele>423.6</ele>
        <time>2026-03-24T06:07:03.000Z</time>
        <extensions>
          <gpxtpx:TrackPointExtension>
            <gpxtpx:hr>144</gpxtpx:hr>
            <gpxtpx:cad>0</gpxtpx:cad>
            <gpxtpx:atemp>298.65</gpxtpx:atemp>
          </gpxtpx:TrackPointExtension>
        </extensions>
      </trkpt>
      <trkpt lat="30.262353" lon="34.962505">
        <ele>426.2</ele>
        <time>2026-03-24T06:07:13.000Z</time>
        <extensions>
          <gpxtpx:TrackPointExtension>
            <gpxtpx:hr>143</gpxtpx:hr>
            <gpxtpx:cad>0</gpxtpx:cad>
            <gpxtpx:atemp>298.65</gpxtpx:atemp>
          </gpxtpx:TrackPointExtension>
        </extensions>
      </trkpt>
      <trkpt lat="30.262386" lon="34.962493">
        <ele>426.4</ele>
        <time>2026-03-24T06:07:16.000Z</time>
        <extensions>
          <gpxtpx:TrackPointExtension>
            <gpxtpx:hr>142</gpxtpx:hr>
            <gpxtpx:cad>51</gpxtpx:cad>
            <gpxtpx:atemp>298.65</gpxtpx:atemp>
          </gpxtpx:TrackPointExtension>
        </extensions>
      </trkpt>
      <trkpt lat="30.262443" lon="34.962457">
        <ele>426.4</ele>
        <time>2026-03-24T06:07:21.000Z</time>
        <extensions>
          <gpxtpx:TrackPointExtension>
            <gpxtpx:hr>143</gpxtpx:hr>
            <gpxtpx:cad>51</gpxtpx:cad>
            <gpxtpx:atemp>298.65</gpxtpx:atemp>
          </gpxtpx:TrackPointExtension>
        </extensions>
      </trkpt>
      <trkpt lat="30.262513" lon="34.962436">
        <ele>427.0</ele>
        <time>2026-03-24T06:07:27.000Z</time>
        <extensions>
          <gpxtpx:TrackPointExtension>
            <gpxtpx:hr>140</gpxtpx:hr>
            <gpxtpx:cad>50</gpxtpx:cad>
            <gpxtpx:atemp>298.65</gpxtpx:atemp>
          </gpxtpx:TrackPointExtension>
        </extensions>
      </trkpt>
      <trkpt lat="30.262604" lon="34.962453">
        <ele>427.8</ele>
        <time>2026-03-24T06:07:35.000Z</time>
        <extensions>
          <gpxtpx:TrackPointExtension>
            <gpxtpx:hr>139</gpxtpx:hr>
            <gpxtpx:cad>54</gpxtpx:cad>
            <gpxtpx:atemp>298.65</gpxtpx:atemp>
          </gpxtpx:TrackPointExtension>
        </extensions>
      </trkpt>
      <trkpt lat="30.262678" lon="34.962473">
        <ele>428.4</ele>
        <time>2026-03-24T06:07:41.000Z</time>
        <extensions>
          <gpxtpx:TrackPointExtension>
            <gpxtpx:hr>140</gpxtpx:hr>
            <gpxtpx:cad>56</gpxtpx:cad>
            <gpxtpx:atemp>298.65</gpxtpx:atemp>
          </gpxtpx:TrackPointExtension>
        </extensions>
      </trkpt>
      <trkpt lat="30.262767" lon="34.962467">
        <ele>429.4</ele>
        <time>2026-03-24T06:07:48.000Z</time>
        <extensions>
          <gpxtpx:TrackPointExtension>
            <gpxtpx:hr>139</gpxtpx:hr>
            <gpxtpx:cad>57</gpxtpx:cad>
            <gpxtpx:atemp>298.65</gpxtpx:atemp>
          </gpxtpx:TrackPointExtension>
        </extensions>
      </trkpt>
      <trkpt lat="30.262849" lon="34.962434">
        <ele>429.8</ele>
        <time>2026-03-24T06:07:54.000Z</time>
        <extensions>
          <gpxtpx:TrackPointExtension>
            <gpxtpx:hr>138</gpxtpx:hr>
            <gpxtpx:cad>56</gpxtpx:cad>
            <gpxtpx:atemp>297.65</gpxtpx:atemp>
          </gpxtpx:TrackPointExtension>
        </extensions>
      </trkpt>
      <trkpt lat="30.263000" lon="34.962387">
        <ele>430.0</ele>
        <time>2026-03-24T06:08:04.000Z</time>
        <extensions>
          <gpxtpx:TrackPointExtension>
            <gpxtpx:hr>135</gpxtpx:hr>
            <gpxtpx:cad>72</gpxtpx:cad>
            <gpxtpx:atemp>297.65</gpxtpx:atemp>
          </gpxtpx:TrackPointExtension>
        </extensions>
      </trkpt>
      <trkpt lat="30.263047" lon="34.962366">
        <ele>430.0</ele>
        <time>2026-03-24T06:08:07.000Z</time>
        <extensions>
          <gpxtpx:TrackPointExtension>
            <gpxtpx:hr>135</gpxtpx:hr>
            <gpxtpx:cad>71</gpxtpx:cad>
            <gpxtpx:atemp>297.65</gpxtpx:atemp>
          </gpxtpx:TrackPointExtension>
        </extensions>
      </trkpt>
      <trkpt lat="30.263130" lon="34.962347">
        <ele>430.0</ele>
        <time>2026-03-24T06:08:12.000Z</time>
        <extensions>
          <gpxtpx:TrackPointExtension>
            <gpxtpx:hr>135</gpxtpx:hr>
            <gpxtpx:cad>72</gpxtpx:cad>
            <gpxtpx:atemp>298.65</gpxtpx:atemp>
          </gpxtpx:TrackPointExtension>
        </extensions>
      </trkpt>
      <trkpt lat="30.263229" lon="34.962333">
        <ele>431.2</ele>
        <time>2026-03-24T06:08:19.000Z</time>
        <extensions>
          <gpxtpx:TrackPointExtension>
            <gpxtpx:hr>134</gpxtpx:hr>
            <gpxtpx:cad>71</gpxtpx:cad>
            <gpxtpx:atemp>298.65</gpxtpx:atemp>
          </gpxtpx:TrackPointExtension>
        </extensions>
      </trkpt>
      <trkpt lat="30.263327" lon="34.962307">
        <ele>431.6</ele>
        <time>2026-03-24T06:08:25.000Z</time>
        <extensions>
          <gpxtpx:TrackPointExtension>
            <gpxtpx:hr>133</gpxtpx:hr>
            <gpxtpx:cad>73</gpxtpx:cad>
            <gpxtpx:atemp>298.65</gpxtpx:atemp>
          </gpxtpx:TrackPointExtension>
        </extensions>
      </trkpt>
      <trkpt lat="30.263403" lon="34.962281">
        <ele>431.8</ele>
        <time>2026-03-24T06:08:30.000Z</time>
        <extensions>
          <gpxtpx:TrackPointExtension>
            <gpxtpx:hr>135</gpxtpx:hr>
            <gpxtpx:cad>73</gpxtpx:cad>
            <gpxtpx:atemp>298.65</gpxtpx:atemp>
          </gpxtpx:TrackPointExtension>
        </extensions>
      </trkpt>
      <trkpt lat="30.263489" lon="34.962277">
        <ele>432.0</ele>
        <time>2026-03-24T06:08:36.000Z</time>
        <extensions>
          <gpxtpx:TrackPointExtension>
            <gpxtpx:hr>135</gpxtpx:hr>
            <gpxtpx:cad>73</gpxtpx:cad>
            <gpxtpx:atemp>298.65</gpxtpx:atemp>
          </gpxtpx:TrackPointExtension>
        </extensions>
      </trkpt>
      <trkpt lat="30.263572" lon="34.962296">
        <ele>433.2</ele>
        <time>2026-03-24T06:08:44.000Z</time>
        <extensions>
          <gpxtpx:TrackPointExtension>
            <gpxtpx:hr>134</gpxtpx:hr>
            <gpxtpx:cad>0</gpxtpx:cad>
            <gpxtpx:atemp>298.65</gpxtpx:atemp>
          </gpxtpx:TrackPointExtension>
        </extensions>
      </trkpt>
      <trkpt lat="30.263689" lon="34.962307">
        <ele>434.2</ele>
        <time>2026-03-24T06:08:54.000Z</time>
        <extensions>
          <gpxtpx:TrackPointExtension>
            <gpxtpx:hr>133</gpxtpx:hr>
            <gpxtpx:cad>55</gpxtpx:cad>
            <gpxtpx:atemp>298.65</gpxtpx:atemp>
          </gpxtpx:TrackPointExtension>
        </extensions>
      </trkpt>
      <trkpt lat="30.263755" lon="34.962334">
        <ele>434.0</ele>
        <time>2026-03-24T06:08:58.000Z</time>
        <extensions>
          <gpxtpx:TrackPointExtension>
            <gpxtpx:hr>132</gpxtpx:hr>
            <gpxtpx:cad>72</gpxtpx:cad>
            <gpxtpx:atemp>298.65</gpxtpx:atemp>
          </gpxtpx:TrackPointExtension>
        </extensions>
      </trkpt>
      <trkpt lat="30.263820" lon="34.962402">
        <ele>433.0</ele>
        <time>2026-03-24T06:09:04.000Z</time>
        <extensions>
          <gpxtpx:TrackPointExtension>
            <gpxtpx:hr>131</gpxtpx:hr>
            <gpxtpx:cad>73</gpxtpx:cad>
            <gpxtpx:atemp>298.65</gpxtpx:atemp>
          </gpxtpx:TrackPointExtension>
        </extensions>
      </trkpt>
      <trkpt lat="30.263881" lon="34.962474">
        <ele>431.6</ele>
        <time>2026-03-24T06:09:09.000Z</time>
        <extensions>
          <gpxtpx:TrackPointExtension>
            <gpxtpx:hr>130</gpxtpx:hr>
            <gpxtpx:cad>75</gpxtpx:cad>
            <gpxtpx:atemp>298.65</gpxtpx:atemp>
          </gpxtpx:TrackPointExtension>
        </extensions>
      </trkpt>
      <trkpt lat="30.263954" lon="34.962503">
        <ele>431.4</ele>
        <time>2026-03-24T06:09:13.000Z</time>
        <extensions>
          <gpxtpx:TrackPointExtension>
            <gpxtpx:hr>129</gpxtpx:hr>
            <gpxtpx:cad>70</gpxtpx:cad>
            <gpxtpx:atemp>298.65</gpxtpx:atemp>
          </gpxtpx:TrackPointExtension>
        </extensions>
      </trkpt>
      <trkpt lat="30.264012" lon="34.962506">
        <ele>432.4</ele>
        <time>2026-03-24T06:09:17.000Z</time>
        <extensions>
          <gpxtpx:TrackPointExtension>
            <gpxtpx:hr>128</gpxtpx:hr>
            <gpxtpx:cad>70</gpxtpx:cad>
            <gpxtpx:atemp>298.65</gpxtpx:atemp>
          </gpxtpx:TrackPointExtension>
        </extensions>
      </trkpt>
      <trkpt lat="30.264178" lon="34.962498">
        <ele>433.4</ele>
        <time>2026-03-24T06:09:30.000Z</time>
        <extensions>
          <gpxtpx:TrackPointExtension>
            <gpxtpx:hr>132</gpxtpx:hr>
            <gpxtpx:cad>70</gpxtpx:cad>
            <gpxtpx:atemp>298.65</gpxtpx:atemp>
          </gpxtpx:TrackPointExtension>
        </extensions>
      </trkpt>
      <trkpt lat="30.264273" lon="34.962496">
        <ele>432.8</ele>
        <time>2026-03-24T06:09:39.000Z</time>
        <extensions>
          <gpxtpx:TrackPointExtension>
            <gpxtpx:hr>130</gpxtpx:hr>
            <gpxtpx:cad>50</gpxtpx:cad>
            <gpxtpx:atemp>298.65</gpxtpx:atemp>
          </gpxtpx:TrackPointExtension>
        </extensions>
      </trkpt>
      <trkpt lat="30.264343" lon="34.962507">
        <ele>430.8</ele>
        <time>2026-03-24T06:09:47.000Z</time>
        <extensions>
          <gpxtpx:TrackPointExtension>
            <gpxtpx:hr>128</gpxtpx:hr>
            <gpxtpx:cad>68</gpxtpx:cad>
            <gpxtpx:atemp>298.65</gpxtpx:atemp>
          </gpxtpx:TrackPointExtension>
        </extensions>
      </trkpt>
      <trkpt lat="30.264418" lon="34.962501">
        <ele>430.0</ele>
        <time>2026-03-24T06:09:52.000Z</time>
        <extensions>
          <gpxtpx:TrackPointExtension>
            <gpxtpx:hr>127</gpxtpx:hr>
            <gpxtpx:cad>72</gpxtpx:cad>
            <gpxtpx:atemp>298.65</gpxtpx:atemp>
          </gpxtpx:TrackPointExtension>
        </extensions>
      </trkpt>
      <trkpt lat="30.264505" lon="34.962468">
        <ele>432.2</ele>
        <time>2026-03-24T06:10:03.000Z</time>
        <extensions>
          <gpxtpx:TrackPointExtension>
            <gpxtpx:hr>126</gpxtpx:hr>
            <gpxtpx:cad>0</gpxtpx:cad>
            <gpxtpx:atemp>298.65</gpxtpx:atemp>
          </gpxtpx:TrackPointExtension>
        </extensions>
      </trkpt>
      <trkpt lat="30.264561" lon="34.962465">
        <ele>433.8</ele>
        <time>2026-03-24T06:10:11.000Z</time>
        <extensions>
          <gpxtpx:TrackPointExtension>
            <gpxtpx:hr>128</gpxtpx:hr>
            <gpxtpx:cad>0</gpxtpx:cad>
            <gpxtpx:atemp>298.65</gpxtpx:atemp>
          </gpxtpx:TrackPointExtension>
        </extensions>
      </trkpt>
      <trkpt lat="30.264597" lon="34.962456">
        <ele>435.0</ele>
        <time>2026-03-24T06:10:17.000Z</time>
        <extensions>
          <gpxtpx:TrackPointExtension>
            <gpxtpx:hr>130</gpxtpx:hr>
            <gpxtpx:cad>0</gpxtpx:cad>
            <gpxtpx:atemp>298.65</gpxtpx:atemp>
          </gpxtpx:TrackPointExtension>
        </extensions>
      </trkpt>
      <trkpt lat="30.264642" lon="34.962433">
        <ele>436.8</ele>
        <time>2026-03-24T06:10:25.000Z</time>
        <extensions>
          <gpxtpx:TrackPointExtension>
            <gpxtpx:hr>132</gpxtpx:hr>
            <gpxtpx:cad>0</gpxtpx:cad>
            <gpxtpx:atemp>298.65</gpxtpx:atemp>
          </gpxtpx:TrackPointExtension>
        </extensions>
      </trkpt>
      <trkpt lat="30.264671" lon="34.962403">
        <ele>438.4</ele>
        <time>2026-03-24T06:10:31.000Z</time>
        <extensions>
          <gpxtpx:TrackPointExtension>
            <gpxtpx:hr>138</gpxtpx:hr>
            <gpxtpx:cad>0</gpxtpx:cad>
            <gpxtpx:atemp>298.65</gpxtpx:atemp>
          </gpxtpx:TrackPointExtension>
        </extensions>
      </trkpt>
      <trkpt lat="30.264695" lon="34.962388">
        <ele>439.2</ele>
        <time>2026-03-24T06:10:36.000Z</time>
        <extensions>
          <gpxtpx:TrackPointExtension>
            <gpxtpx:hr>140</gpxtpx:hr>
            <gpxtpx:cad>0</gpxtpx:cad>
            <gpxtpx:atemp>298.65</gpxtpx:atemp>
          </gpxtpx:TrackPointExtension>
        </extensions>
      </trkpt>
      <trkpt lat="30.264795" lon="34.962279">
        <ele>441.0</ele>
        <time>2026-03-24T06:10:48.000Z</time>
        <extensions>
          <gpxtpx:TrackPointExtension>
            <gpxtpx:hr>150</gpxtpx:hr>
            <gpxtpx:cad>55</gpxtpx:cad>
            <gpxtpx:atemp>298.65</gpxtpx:atemp>
          </gpxtpx:TrackPointExtension>
        </extensions>
      </trkpt>
      <trkpt lat="30.264939" lon="34.962144">
        <ele>441.2</ele>
        <time>2026-03-24T06:10:58.000Z</time>
        <extensions>
          <gpxtpx:TrackPointExtension>
            <gpxtpx:hr>143</gpxtpx:hr>
            <gpxtpx:cad>76</gpxtpx:cad>
            <gpxtpx:atemp>298.65</gpxtpx:atemp>
          </gpxtpx:TrackPointExtension>
        </extensions>
      </trkpt>
      <trkpt lat="30.265046" lon="34.962074">
        <ele>440.8</ele>
        <time>2026-03-24T06:11:05.000Z</time>
        <extensions>
          <gpxtpx:TrackPointExtension>
            <gpxtpx:hr>138</gpxtpx:hr>
            <gpxtpx:cad>73</gpxtpx:cad>
            <gpxtpx:atemp>298.65</gpxtpx:atemp>
          </gpxtpx:TrackPointExtension>
        </extensions>
      </trkpt>
      <trkpt lat="30.265107" lon="34.961977">
        <ele>441.0</ele>
        <time>2026-03-24T06:11:12.000Z</time>
        <extensions>
          <gpxtpx:TrackPointExtension>
            <gpxtpx:hr>139</gpxtpx:hr>
            <gpxtpx:cad>68</gpxtpx:cad>
            <gpxtpx:atemp>298.65</gpxtpx:atemp>
          </gpxtpx:TrackPointExtension>
        </extensions>
      </trkpt>
      <trkpt lat="30.265171" lon="34.961862">
        <ele>442.0</ele>
        <time>2026-03-24T06:11:22.000Z</time>
        <extensions>
          <gpxtpx:TrackPointExtension>
            <gpxtpx:hr>139</gpxtpx:hr>
            <gpxtpx:cad>66</gpxtpx:cad>
            <gpxtpx:atemp>298.65</gpxtpx:atemp>
          </gpxtpx:TrackPointExtension>
        </extensions>
      </trkpt>
      <trkpt lat="30.265208" lon="34.961782">
        <ele>442.8</ele>
        <time>2026-03-24T06:11:29.000Z</time>
        <extensions>
          <gpxtpx:TrackPointExtension>
            <gpxtpx:hr>139</gpxtpx:hr>
            <gpxtpx:cad>55</gpxtpx:cad>
            <gpxtpx:atemp>298.65</gpxtpx:atemp>
          </gpxtpx:TrackPointExtension>
        </extensions>
      </trkpt>
      <trkpt lat="30.265229" lon="34.961682">
        <ele>443.8</ele>
        <time>2026-03-24T06:11:36.000Z</time>
        <extensions>
          <gpxtpx:TrackPointExtension>
            <gpxtpx:hr>139</gpxtpx:hr>
            <gpxtpx:cad>0</gpxtpx:cad>
            <gpxtpx:atemp>298.65</gpxtpx:atemp>
          </gpxtpx:TrackPointExtension>
        </extensions>
      </trkpt>
      <trkpt lat="30.265229" lon="34.961652">
        <ele>444.2</ele>
        <time>2026-03-24T06:11:38.000Z</time>
        <extensions>
          <gpxtpx:TrackPointExtension>
            <gpxtpx:hr>140</gpxtpx:hr>
            <gpxtpx:cad>0</gpxtpx:cad>
            <gpxtpx:atemp>298.65</gpxtpx:atemp>
          </gpxtpx:TrackPointExtension>
        </extensions>
      </trkpt>
      <trkpt lat="30.265244" lon="34.961545">
        <ele>444.6</ele>
        <time>2026-03-24T06:11:46.000Z</time>
        <extensions>
          <gpxtpx:TrackPointExtension>
            <gpxtpx:hr>140</gpxtpx:hr>
            <gpxtpx:cad>0</gpxtpx:cad>
            <gpxtpx:atemp>298.65</gpxtpx:atemp>
          </gpxtpx:TrackPointExtension>
        </extensions>
      </trkpt>
      <trkpt lat="30.265269" lon="34.961475">
        <ele>445.2</ele>
        <time>2026-03-24T06:11:52.000Z</time>
        <extensions>
          <gpxtpx:TrackPointExtension>
            <gpxtpx:hr>140</gpxtpx:hr>
            <gpxtpx:cad>0</gpxtpx:cad>
            <gpxtpx:atemp>298.65</gpxtpx:atemp>
          </gpxtpx:TrackPointExtension>
        </extensions>
      </trkpt>
      <trkpt lat="30.265321" lon="34.961399">
        <ele>446.2</ele>
        <time>2026-03-24T06:12:00.000Z</time>
        <extensions>
          <gpxtpx:TrackPointExtension>
            <gpxtpx:hr>140</gpxtpx:hr>
            <gpxtpx:cad>56</gpxtpx:cad>
            <gpxtpx:atemp>298.65</gpxtpx:atemp>
          </gpxtpx:TrackPointExtension>
        </extensions>
      </trkpt>
      <trkpt lat="30.265347" lon="34.961346">
        <ele>446.8</ele>
        <time>2026-03-24T06:12:05.000Z</time>
        <extensions>
          <gpxtpx:TrackPointExtension>
            <gpxtpx:hr>139</gpxtpx:hr>
            <gpxtpx:cad>48</gpxtpx:cad>
            <gpxtpx:atemp>299.65</gpxtpx:atemp>
          </gpxtpx:TrackPointExtension>
        </extensions>
      </trkpt>
      <trkpt lat="30.265450" lon="34.961187">
        <ele>447.8</ele>
        <time>2026-03-24T06:12:16.000Z</time>
        <extensions>
          <gpxtpx:TrackPointExtension>
            <gpxtpx:hr>138</gpxtpx:hr>
            <gpxtpx:cad>73</gpxtpx:cad>
            <gpxtpx:atemp>299.65</gpxtpx:atemp>
          </gpxtpx:TrackPointExtension>
        </extensions>
      </trkpt>
      <trkpt lat="30.265498" lon="34.961054">
        <ele>448.4</ele>
        <time>2026-03-24T06:12:23.000Z</time>
        <extensions>
          <gpxtpx:TrackPointExtension>
            <gpxtpx:hr>138</gpxtpx:hr>
            <gpxtpx:cad>73</gpxtpx:cad>
            <gpxtpx:atemp>298.65</gpxtpx:atemp>
          </gpxtpx:TrackPointExtension>
        </extensions>
      </trkpt>
      <trkpt lat="30.265517" lon="34.960984">
        <ele>449.2</ele>
        <time>2026-03-24T06:12:26.000Z</time>
        <extensions>
          <gpxtpx:TrackPointExtension>
            <gpxtpx:hr>138</gpxtpx:hr>
            <gpxtpx:cad>75</gpxtpx:cad>
            <gpxtpx:atemp>298.65</gpxtpx:atemp>
          </gpxtpx:TrackPointExtension>
        </extensions>
      </trkpt>
      <trkpt lat="30.265554" lon="34.960913">
        <ele>450.2</ele>
        <time>2026-03-24T06:12:30.000Z</time>
        <extensions>
          <gpxtpx:TrackPointExtension>
            <gpxtpx:hr>138</gpxtpx:hr>
            <gpxtpx:cad>76</gpxtpx:cad>
            <gpxtpx:atemp>298.65</gpxtpx:atemp>
          </gpxtpx:TrackPointExtension>
        </extensions>
      </trkpt>
      <trkpt lat="30.265620" lon="34.960840">
        <ele>449.4</ele>
        <time>2026-03-24T06:12:35.000Z</time>
        <extensions>
          <gpxtpx:TrackPointExtension>
            <gpxtpx:hr>138</gpxtpx:hr>
            <gpxtpx:cad>75</gpxtpx:cad>
            <gpxtpx:atemp>298.65</gpxtpx:atemp>
          </gpxtpx:TrackPointExtension>
        </extensions>
      </trkpt>
      <trkpt lat="30.265642" lon="34.960809">
        <ele>449.4</ele>
        <time>2026-03-24T06:12:37.000Z</time>
        <extensions>
          <gpxtpx:TrackPointExtension>
            <gpxtpx:hr>137</gpxtpx:hr>
            <gpxtpx:cad>75</gpxtpx:cad>
            <gpxtpx:atemp>298.65</gpxtpx:atemp>
          </gpxtpx:TrackPointExtension>
        </extensions>
      </trkpt>
      <trkpt lat="30.265677" lon="34.960781">
        <ele>448.8</ele>
        <time>2026-03-24T06:12:47.000Z</time>
        <extensions>
          <gpxtpx:TrackPointExtension>
            <gpxtpx:hr>136</gpxtpx:hr>
            <gpxtpx:cad>0</gpxtpx:cad>
            <gpxtpx:atemp>298.65</gpxtpx:atemp>
          </gpxtpx:TrackPointExtension>
        </extensions>
      </trkpt>
      <trkpt lat="30.265719" lon="34.960727">
        <ele>449.0</ele>
        <time>2026-03-24T06:12:51.000Z</time>
        <extensions>
          <gpxtpx:TrackPointExtension>
            <gpxtpx:hr>131</gpxtpx:hr>
            <gpxtpx:cad>0</gpxtpx:cad>
            <gpxtpx:atemp>299.65</gpxtpx:atemp>
          </gpxtpx:TrackPointExtension>
        </extensions>
      </trkpt>
      <trkpt lat="30.265768" lon="34.960635">
        <ele>449.4</ele>
        <time>2026-03-24T06:12:57.000Z</time>
        <extensions>
          <gpxtpx:TrackPointExtension>
            <gpxtpx:hr>133</gpxtpx:hr>
            <gpxtpx:cad>75</gpxtpx:cad>
            <gpxtpx:atemp>299.65</gpxtpx:atemp>
          </gpxtpx:TrackPointExtension>
        </extensions>
      </trkpt>
      <trkpt lat="30.265794" lon="34.960594">
        <ele>449.6</ele>
        <time>2026-03-24T06:13:00.000Z</time>
        <extensions>
          <gpxtpx:TrackPointExtension>
            <gpxtpx:hr>133</gpxtpx:hr>
            <gpxtpx:cad>72</gpxtpx:cad>
            <gpxtpx:atemp>299.65</gpxtpx:atemp>
          </gpxtpx:TrackPointExtension>
        </extensions>
      </trkpt>
      <trkpt lat="30.265862" lon="34.960568">
        <ele>450.8</ele>
        <time>2026-03-24T06:13:06.000Z</time>
        <extensions>
          <gpxtpx:TrackPointExtension>
            <gpxtpx:hr>134</gpxtpx:hr>
            <gpxtpx:cad>70</gpxtpx:cad>
            <gpxtpx:atemp>299.65</gpxtpx:atemp>
          </gpxtpx:TrackPointExtension>
        </extensions>
      </trkpt>
      <trkpt lat="30.265908" lon="34.960592">
        <ele>451.6</ele>
        <time>2026-03-24T06:13:11.000Z</time>
        <extensions>
          <gpxtpx:TrackPointExtension>
            <gpxtpx:hr>133</gpxtpx:hr>
            <gpxtpx:cad>66</gpxtpx:cad>
            <gpxtpx:atemp>299.65</gpxtpx:atemp>
          </gpxtpx:TrackPointExtension>
        </extensions>
      </trkpt>
      <trkpt lat="30.265991" lon="34.960571">
        <ele>451.8</ele>
        <time>2026-03-24T06:13:16.000Z</time>
        <extensions>
          <gpxtpx:TrackPointExtension>
            <gpxtpx:hr>135</gpxtpx:hr>
            <gpxtpx:cad>66</gpxtpx:cad>
            <gpxtpx:atemp>299.65</gpxtpx:atemp>
          </gpxtpx:TrackPointExtension>
        </extensions>
      </trkpt>
      <trkpt lat="30.266055" lon="34.960529">
        <ele>451.8</ele>
        <time>2026-03-24T06:13:20.000Z</time>
        <extensions>
          <gpxtpx:TrackPointExtension>
            <gpxtpx:hr>137</gpxtpx:hr>
            <gpxtpx:cad>74</gpxtpx:cad>
            <gpxtpx:atemp>299.65</gpxtpx:atemp>
          </gpxtpx:TrackPointExtension>
        </extensions>
      </trkpt>
      <trkpt lat="30.266145" lon="34.960401">
        <ele>451.6</ele>
        <time>2026-03-24T06:13:31.000Z</time>
        <extensions>
          <gpxtpx:TrackPointExtension>
            <gpxtpx:hr>135</gpxtpx:hr>
            <gpxtpx:cad>55</gpxtpx:cad>
            <gpxtpx:atemp>299.65</gpxtpx:atemp>
          </gpxtpx:TrackPointExtension>
        </extensions>
      </trkpt>
      <trkpt lat="30.266177" lon="34.960360">
        <ele>452.4</ele>
        <time>2026-03-24T06:13:35.000Z</time>
        <extensions>
          <gpxtpx:TrackPointExtension>
            <gpxtpx:hr>133</gpxtpx:hr>
            <gpxtpx:cad>55</gpxtpx:cad>
            <gpxtpx:atemp>299.65</gpxtpx:atemp>
          </gpxtpx:TrackPointExtension>
        </extensions>
      </trkpt>
      <trkpt lat="30.266254" lon="34.960349">
        <ele>454.2</ele>
        <time>2026-03-24T06:13:43.000Z</time>
        <extensions>
          <gpxtpx:TrackPointExtension>
            <gpxtpx:hr>131</gpxtpx:hr>
            <gpxtpx:cad>0</gpxtpx:cad>
            <gpxtpx:atemp>299.65</gpxtpx:atemp>
          </gpxtpx:TrackPointExtension>
        </extensions>
      </trkpt>
      <trkpt lat="30.266335" lon="34.960344">
        <ele>456.6</ele>
        <time>2026-03-24T06:13:53.000Z</time>
        <extensions>
          <gpxtpx:TrackPointExtension>
            <gpxtpx:hr>134</gpxtpx:hr>
            <gpxtpx:cad>0</gpxtpx:cad>
            <gpxtpx:atemp>299.65</gpxtpx:atemp>
          </gpxtpx:TrackPointExtension>
        </extensions>
      </trkpt>
      <trkpt lat="30.266426" lon="34.960266">
        <ele>458.0</ele>
        <time>2026-03-24T06:14:03.000Z</time>
        <extensions>
          <gpxtpx:TrackPointExtension>
            <gpxtpx:hr>136</gpxtpx:hr>
            <gpxtpx:cad>52</gpxtpx:cad>
            <gpxtpx:atemp>299.65</gpxtpx:atemp>
          </gpxtpx:TrackPointExtension>
        </extensions>
      </trkpt>
      <trkpt lat="30.266530" lon="34.960205">
        <ele>459.2</ele>
        <time>2026-03-24T06:14:12.000Z</time>
        <extensions>
          <gpxtpx:TrackPointExtension>
            <gpxtpx:hr>137</gpxtpx:hr>
            <gpxtpx:cad>55</gpxtpx:cad>
            <gpxtpx:atemp>299.65</gpxtpx:atemp>
          </gpxtpx:TrackPointExtension>
        </extensions>
      </trkpt>
      <trkpt lat="30.266588" lon="34.960120">
        <ele>459.4</ele>
        <time>2026-03-24T06:14:20.000Z</time>
        <extensions>
          <gpxtpx:TrackPointExtension>
            <gpxtpx:hr>136</gpxtpx:hr>
            <gpxtpx:cad>56</gpxtpx:cad>
            <gpxtpx:atemp>299.65</gpxtpx:atemp>
          </gpxtpx:TrackPointExtension>
        </extensions>
      </trkpt>
      <trkpt lat="30.266583" lon="34.960031">
        <ele>459.8</ele>
        <time>2026-03-24T06:14:24.000Z</time>
        <extensions>
          <gpxtpx:TrackPointExtension>
            <gpxtpx:hr>136</gpxtpx:hr>
            <gpxtpx:cad>0</gpxtpx:cad>
            <gpxtpx:atemp>299.65</gpxtpx:atemp>
          </gpxtpx:TrackPointExtension>
        </extensions>
      </trkpt>
      <trkpt lat="30.266563" lon="34.959874">
        <ele>459.8</ele>
        <time>2026-03-24T06:14:31.000Z</time>
        <extensions>
          <gpxtpx:TrackPointExtension>
            <gpxtpx:hr>136</gpxtpx:hr>
            <gpxtpx:cad>74</gpxtpx:cad>
            <gpxtpx:atemp>299.65</gpxtpx:atemp>
          </gpxtpx:TrackPointExtension>
        </extensions>
      </trkpt>
      <trkpt lat="30.266562" lon="34.959785">
        <ele>460.2</ele>
        <time>2026-03-24T06:14:35.000Z</time>
        <extensions>
          <gpxtpx:TrackPointExtension>
            <gpxtpx:hr>136</gpxtpx:hr>
            <gpxtpx:cad>75</gpxtpx:cad>
            <gpxtpx:atemp>299.65</gpxtpx:atemp>
          </gpxtpx:TrackPointExtension>
        </extensions>
      </trkpt>
      <trkpt lat="30.266550" lon="34.959707">
        <ele>460.2</ele>
        <time>2026-03-24T06:14:39.000Z</time>
        <extensions>
          <gpxtpx:TrackPointExtension>
            <gpxtpx:hr>135</gpxtpx:hr>
            <gpxtpx:cad>75</gpxtpx:cad>
            <gpxtpx:atemp>299.65</gpxtpx:atemp>
          </gpxtpx:TrackPointExtension>
        </extensions>
      </trkpt>
      <trkpt lat="30.266549" lon="34.959592">
        <ele>461.4</ele>
        <time>2026-03-24T06:14:47.000Z</time>
        <extensions>
          <gpxtpx:TrackPointExtension>
            <gpxtpx:hr>135</gpxtpx:hr>
            <gpxtpx:cad>56</gpxtpx:cad>
            <gpxtpx:atemp>299.65</gpxtpx:atemp>
          </gpxtpx:TrackPointExtension>
        </extensions>
      </trkpt>
      <trkpt lat="30.266540" lon="34.959487">
        <ele>462.2</ele>
        <time>2026-03-24T06:14:55.000Z</time>
        <extensions>
          <gpxtpx:TrackPointExtension>
            <gpxtpx:hr>136</gpxtpx:hr>
            <gpxtpx:cad>55</gpxtpx:cad>
            <gpxtpx:atemp>299.65</gpxtpx:atemp>
          </gpxtpx:TrackPointExtension>
        </extensions>
      </trkpt>
      <trkpt lat="30.266557" lon="34.959392">
        <ele>463.2</ele>
        <time>2026-03-24T06:15:02.000Z</time>
        <extensions>
          <gpxtpx:TrackPointExtension>
            <gpxtpx:hr>135</gpxtpx:hr>
            <gpxtpx:cad>55</gpxtpx:cad>
            <gpxtpx:atemp>299.65</gpxtpx:atemp>
          </gpxtpx:TrackPointExtension>
        </extensions>
      </trkpt>
      <trkpt lat="30.266560" lon="34.959341">
        <ele>463.8</ele>
        <time>2026-03-24T06:15:06.000Z</time>
        <extensions>
          <gpxtpx:TrackPointExtension>
            <gpxtpx:hr>137</gpxtpx:hr>
            <gpxtpx:cad>55</gpxtpx:cad>
            <gpxtpx:atemp>299.65</gpxtpx:atemp>
          </gpxtpx:TrackPointExtension>
        </extensions>
      </trkpt>
      <trkpt lat="30.266632" lon="34.959154">
        <ele>465.4</ele>
        <time>2026-03-24T06:15:20.000Z</time>
        <extensions>
          <gpxtpx:TrackPointExtension>
            <gpxtpx:hr>140</gpxtpx:hr>
            <gpxtpx:cad>55</gpxtpx:cad>
            <gpxtpx:atemp>299.65</gpxtpx:atemp>
          </gpxtpx:TrackPointExtension>
        </extensions>
      </trkpt>
      <trkpt lat="30.266656" lon="34.959067">
        <ele>466.0</ele>
        <time>2026-03-24T06:15:25.000Z</time>
        <extensions>
          <gpxtpx:TrackPointExtension>
            <gpxtpx:hr>140</gpxtpx:hr>
            <gpxtpx:cad>0</gpxtpx:cad>
            <gpxtpx:atemp>299.65</gpxtpx:atemp>
          </gpxtpx:TrackPointExtension>
        </extensions>
      </trkpt>
      <trkpt lat="30.266674" lon="34.959027">
        <ele>466.2</ele>
        <time>2026-03-24T06:15:27.000Z</time>
        <extensions>
          <gpxtpx:TrackPointExtension>
            <gpxtpx:hr>140</gpxtpx:hr>
            <gpxtpx:cad>75</gpxtpx:cad>
            <gpxtpx:atemp>299.65</gpxtpx:atemp>
          </gpxtpx:TrackPointExtension>
        </extensions>
      </trkpt>
      <trkpt lat="30.266737" lon="34.958930">
        <ele>465.0</ele>
        <time>2026-03-24T06:15:33.000Z</time>
        <extensions>
          <gpxtpx:TrackPointExtension>
            <gpxtpx:hr>139</gpxtpx:hr>
            <gpxtpx:cad>76</gpxtpx:cad>
            <gpxtpx:atemp>299.65</gpxtpx:atemp>
          </gpxtpx:TrackPointExtension>
        </extensions>
      </trkpt>
      <trkpt lat="30.266775" lon="34.958842">
        <ele>464.0</ele>
        <time>2026-03-24T06:15:37.000Z</time>
        <extensions>
          <gpxtpx:TrackPointExtension>
            <gpxtpx:hr>139</gpxtpx:hr>
            <gpxtpx:cad>76</gpxtpx:cad>
            <gpxtpx:atemp>299.65</gpxtpx:atemp>
          </gpxtpx:TrackPointExtension>
        </extensions>
      </trkpt>
      <trkpt lat="30.266844" lon="34.958741">
        <ele>463.6</ele>
        <time>2026-03-24T06:15:42.000Z</time>
        <extensions>
          <gpxtpx:TrackPointExtension>
            <gpxtpx:hr>139</gpxtpx:hr>
            <gpxtpx:cad>76</gpxtpx:cad>
            <gpxtpx:atemp>299.65</gpxtpx:atemp>
          </gpxtpx:TrackPointExtension>
        </extensions>
      </trkpt>
      <trkpt lat="30.266872" lon="34.958710">
        <ele>463.6</ele>
        <time>2026-03-24T06:15:44.000Z</time>
        <extensions>
          <gpxtpx:TrackPointExtension>
            <gpxtpx:hr>138</gpxtpx:hr>
            <gpxtpx:cad>78</gpxtpx:cad>
            <gpxtpx:atemp>299.65</gpxtpx:atemp>
          </gpxtpx:TrackPointExtension>
        </extensions>
      </trkpt>
      <trkpt lat="30.266978" lon="34.958623">
        <ele>462.8</ele>
        <time>2026-03-24T06:15:50.000Z</time>
        <extensions>
          <gpxtpx:TrackPointExtension>
            <gpxtpx:hr>139</gpxtpx:hr>
            <gpxtpx:cad>78</gpxtpx:cad>
            <gpxtpx:atemp>299.65</gpxtpx:atemp>
          </gpxtpx:TrackPointExtension>
        </extensions>
      </trkpt>
      <trkpt lat="30.267060" lon="34.958527">
        <ele>462.8</ele>
        <time>2026-03-24T06:15:56.000Z</time>
        <extensions>
          <gpxtpx:TrackPointExtension>
            <gpxtpx:hr>141</gpxtpx:hr>
            <gpxtpx:cad>77</gpxtpx:cad>
            <gpxtpx:atemp>299.65</gpxtpx:atemp>
          </gpxtpx:TrackPointExtension>
        </extensions>
      </trkpt>
      <trkpt lat="30.267110" lon="34.958453">
        <ele>463.2</ele>
        <time>2026-03-24T06:16:01.000Z</time>
        <extensions>
          <gpxtpx:TrackPointExtension>
            <gpxtpx:hr>141</gpxtpx:hr>
            <gpxtpx:cad>76</gpxtpx:cad>
            <gpxtpx:atemp>299.65</gpxtpx:atemp>
          </gpxtpx:TrackPointExtension>
        </extensions>
      </trkpt>
      <trkpt lat="30.267171" lon="34.958304">
        <ele>465.6</ele>
        <time>2026-03-24T06:16:13.000Z</time>
        <extensions>
          <gpxtpx:TrackPointExtension>
            <gpxtpx:hr>141</gpxtpx:hr>
            <gpxtpx:cad>0</gpxtpx:cad>
            <gpxtpx:atemp>299.65</gpxtpx:atemp>
          </gpxtpx:TrackPointExtension>
        </extensions>
      </trkpt>
      <trkpt lat="30.267203" lon="34.958229">
        <ele>466.6</ele>
        <time>2026-03-24T06:16:19.000Z</time>
        <extensions>
          <gpxtpx:TrackPointExtension>
            <gpxtpx:hr>141</gpxtpx:hr>
            <gpxtpx:cad>0</gpxtpx:cad>
            <gpxtpx:atemp>299.65</gpxtpx:atemp>
          </gpxtpx:TrackPointExtension>
        </extensions>
      </trkpt>
      <trkpt lat="30.267264" lon="34.958144">
        <ele>468.2</ele>
        <time>2026-03-24T06:16:28.000Z</time>
        <extensions>
          <gpxtpx:TrackPointExtension>
            <gpxtpx:hr>139</gpxtpx:hr>
            <gpxtpx:cad>54</gpxtpx:cad>
            <gpxtpx:atemp>298.65</gpxtpx:atemp>
          </gpxtpx:TrackPointExtension>
        </extensions>
      </trkpt>
      <trkpt lat="30.267291" lon="34.958073">
        <ele>468.4</ele>
        <time>2026-03-24T06:16:32.000Z</time>
        <extensions>
          <gpxtpx:TrackPointExtension>
            <gpxtpx:hr>141</gpxtpx:hr>
            <gpxtpx:cad>55</gpxtpx:cad>
            <gpxtpx:atemp>298.65</gpxtpx:atemp>
          </gpxtpx:TrackPointExtension>
        </extensions>
      </trkpt>
      <trkpt lat="30.267327" lon="34.957956">
        <ele>468.0</ele>
        <time>2026-03-24T06:16:38.000Z</time>
        <extensions>
          <gpxtpx:TrackPointExtension>
            <gpxtpx:hr>141</gpxtpx:hr>
            <gpxtpx:cad>75</gpxtpx:cad>
            <gpxtpx:atemp>298.65</gpxtpx:atemp>
          </gpxtpx:TrackPointExtension>
        </extensions>
      </trkpt>
      <trkpt lat="30.267345" lon="34.957849">
        <ele>467.8</ele>
        <time>2026-03-24T06:16:43.000Z</time>
        <extensions>
          <gpxtpx:TrackPointExtension>
            <gpxtpx:hr>142</gpxtpx:hr>
            <gpxtpx:cad>70</gpxtpx:cad>
            <gpxtpx:atemp>298.65</gpxtpx:atemp>
          </gpxtpx:TrackPointExtension>
        </extensions>
      </trkpt>
      <trkpt lat="30.267385" lon="34.957707">
        <ele>466.0</ele>
        <time>2026-03-24T06:16:51.000Z</time>
        <extensions>
          <gpxtpx:TrackPointExtension>
            <gpxtpx:hr>140</gpxtpx:hr>
            <gpxtpx:cad>73</gpxtpx:cad>
            <gpxtpx:atemp>298.65</gpxtpx:atemp>
          </gpxtpx:TrackPointExtension>
        </extensions>
      </trkpt>
      <trkpt lat="30.267389" lon="34.957626">
        <ele>465.2</ele>
        <time>2026-03-24T06:16:55.000Z</time>
        <extensions>
          <gpxtpx:TrackPointExtension>
            <gpxtpx:hr>140</gpxtpx:hr>
            <gpxtpx:cad>72</gpxtpx:cad>
            <gpxtpx:atemp>298.65</gpxtpx:atemp>
          </gpxtpx:TrackPointExtension>
        </extensions>
      </trkpt>
      <trkpt lat="30.267403" lon="34.957568">
        <ele>464.4</ele>
        <time>2026-03-24T06:16:58.000Z</time>
        <extensions>
          <gpxtpx:TrackPointExtension>
            <gpxtpx:hr>139</gpxtpx:hr>
            <gpxtpx:cad>70</gpxtpx:cad>
            <gpxtpx:atemp>298.65</gpxtpx:atemp>
          </gpxtpx:TrackPointExtension>
        </extensions>
      </trkpt>
      <trkpt lat="30.267487" lon="34.957398">
        <ele>464.4</ele>
        <time>2026-03-24T06:17:08.000Z</time>
        <extensions>
          <gpxtpx:TrackPointExtension>
            <gpxtpx:hr>137</gpxtpx:hr>
            <gpxtpx:cad>73</gpxtpx:cad>
            <gpxtpx:atemp>298.65</gpxtpx:atemp>
          </gpxtpx:TrackPointExtension>
        </extensions>
      </trkpt>
      <trkpt lat="30.267551" lon="34.957280">
        <ele>464.8</ele>
        <time>2026-03-24T06:17:15.000Z</time>
        <extensions>
          <gpxtpx:TrackPointExtension>
            <gpxtpx:hr>134</gpxtpx:hr>
            <gpxtpx:cad>72</gpxtpx:cad>
            <gpxtpx:atemp>298.65</gpxtpx:atemp>
          </gpxtpx:TrackPointExtension>
        </extensions>
      </trkpt>
      <trkpt lat="30.267572" lon="34.957234">
        <ele>465.0</ele>
        <time>2026-03-24T06:17:19.000Z</time>
        <extensions>
          <gpxtpx:TrackPointExtension>
            <gpxtpx:hr>134</gpxtpx:hr>
            <gpxtpx:cad>72</gpxtpx:cad>
            <gpxtpx:atemp>298.65</gpxtpx:atemp>
          </gpxtpx:TrackPointExtension>
        </extensions>
      </trkpt>
      <trkpt lat="30.267591" lon="34.957161">
        <ele>465.4</ele>
        <time>2026-03-24T06:17:25.000Z</time>
        <extensions>
          <gpxtpx:TrackPointExtension>
            <gpxtpx:hr>133</gpxtpx:hr>
            <gpxtpx:cad>0</gpxtpx:cad>
            <gpxtpx:atemp>298.65</gpxtpx:atemp>
          </gpxtpx:TrackPointExtension>
        </extensions>
      </trkpt>
      <trkpt lat="30.267600" lon="34.957116">
        <ele>465.8</ele>
        <time>2026-03-24T06:17:29.000Z</time>
        <extensions>
          <gpxtpx:TrackPointExtension>
            <gpxtpx:hr>132</gpxtpx:hr>
            <gpxtpx:cad>0</gpxtpx:cad>
            <gpxtpx:atemp>298.65</gpxtpx:atemp>
          </gpxtpx:TrackPointExtension>
        </extensions>
      </trkpt>
      <trkpt lat="30.267605" lon="34.957032">
        <ele>467.2</ele>
        <time>2026-03-24T06:17:37.000Z</time>
        <extensions>
          <gpxtpx:TrackPointExtension>
            <gpxtpx:hr>133</gpxtpx:hr>
            <gpxtpx:cad>77</gpxtpx:cad>
            <gpxtpx:atemp>298.65</gpxtpx:atemp>
          </gpxtpx:TrackPointExtension>
        </extensions>
      </trkpt>
      <trkpt lat="30.267584" lon="34.956837">
        <ele>470.6</ele>
        <time>2026-03-24T06:17:56.000Z</time>
        <extensions>
          <gpxtpx:TrackPointExtension>
            <gpxtpx:hr>133</gpxtpx:hr>
            <gpxtpx:cad>0</gpxtpx:cad>
            <gpxtpx:atemp>298.65</gpxtpx:atemp>
          </gpxtpx:TrackPointExtension>
        </extensions>
      </trkpt>
      <trkpt lat="30.267597" lon="34.956757">
        <ele>472.2</ele>
        <time>2026-03-24T06:18:04.000Z</time>
        <extensions>
          <gpxtpx:TrackPointExtension>
            <gpxtpx:hr>133</gpxtpx:hr>
            <gpxtpx:cad>0</gpxtpx:cad>
            <gpxtpx:atemp>298.65</gpxtpx:atemp>
          </gpxtpx:TrackPointExtension>
        </extensions>
      </trkpt>
      <trkpt lat="30.267617" lon="34.956697">
        <ele>473.4</ele>
        <time>2026-03-24T06:18:11.000Z</time>
        <extensions>
          <gpxtpx:TrackPointExtension>
            <gpxtpx:hr>135</gpxtpx:hr>
            <gpxtpx:cad>53</gpxtpx:cad>
            <gpxtpx:atemp>298.65</gpxtpx:atemp>
          </gpxtpx:TrackPointExtension>
        </extensions>
      </trkpt>
      <trkpt lat="30.267647" lon="34.956585">
        <ele>474.8</ele>
        <time>2026-03-24T06:18:20.000Z</time>
        <extensions>
          <gpxtpx:TrackPointExtension>
            <gpxtpx:hr>136</gpxtpx:hr>
            <gpxtpx:cad>51</gpxtpx:cad>
            <gpxtpx:atemp>298.65</gpxtpx:atemp>
          </gpxtpx:TrackPointExtension>
        </extensions>
      </trkpt>
      <trkpt lat="30.267648" lon="34.956461">
        <ele>475.6</ele>
        <time>2026-03-24T06:18:29.000Z</time>
        <extensions>
          <gpxtpx:TrackPointExtension>
            <gpxtpx:hr>139</gpxtpx:hr>
            <gpxtpx:cad>0</gpxtpx:cad>
            <gpxtpx:atemp>298.65</gpxtpx:atemp>
          </gpxtpx:TrackPointExtension>
        </extensions>
      </trkpt>
      <trkpt lat="30.267683" lon="34.956343">
        <ele>475.8</ele>
        <time>2026-03-24T06:18:38.000Z</time>
        <extensions>
          <gpxtpx:TrackPointExtension>
            <gpxtpx:hr>140</gpxtpx:hr>
            <gpxtpx:cad>55</gpxtpx:cad>
            <gpxtpx:atemp>298.65</gpxtpx:atemp>
          </gpxtpx:TrackPointExtension>
        </extensions>
      </trkpt>
      <trkpt lat="30.267753" lon="34.956244">
        <ele>476.6</ele>
        <time>2026-03-24T06:18:46.000Z</time>
        <extensions>
          <gpxtpx:TrackPointExtension>
            <gpxtpx:hr>138</gpxtpx:hr>
            <gpxtpx:cad>57</gpxtpx:cad>
            <gpxtpx:atemp>298.65</gpxtpx:atemp>
          </gpxtpx:TrackPointExtension>
        </extensions>
      </trkpt>
      <trkpt lat="30.267828" lon="34.956156">
        <ele>477.2</ele>
        <time>2026-03-24T06:18:53.000Z</time>
        <extensions>
          <gpxtpx:TrackPointExtension>
            <gpxtpx:hr>136</gpxtpx:hr>
            <gpxtpx:cad>58</gpxtpx:cad>
            <gpxtpx:atemp>298.65</gpxtpx:atemp>
          </gpxtpx:TrackPointExtension>
        </extensions>
      </trkpt>
      <trkpt lat="30.267914" lon="34.956086">
        <ele>477.4</ele>
        <time>2026-03-24T06:19:00.000Z</time>
        <extensions>
          <gpxtpx:TrackPointExtension>
            <gpxtpx:hr>132</gpxtpx:hr>
            <gpxtpx:cad>72</gpxtpx:cad>
            <gpxtpx:atemp>298.65</gpxtpx:atemp>
          </gpxtpx:TrackPointExtension>
        </extensions>
      </trkpt>
      <trkpt lat="30.267968" lon="34.956074">
        <ele>477.0</ele>
        <time>2026-03-24T06:19:04.000Z</time>
        <extensions>
          <gpxtpx:TrackPointExtension>
            <gpxtpx:hr>132</gpxtpx:hr>
            <gpxtpx:cad>61</gpxtpx:cad>
            <gpxtpx:atemp>298.65</gpxtpx:atemp>
          </gpxtpx:TrackPointExtension>
        </extensions>
      </trkpt>
      <trkpt lat="30.268052" lon="34.956043">
        <ele>476.2</ele>
        <time>2026-03-24T06:19:11.000Z</time>
        <extensions>
          <gpxtpx:TrackPointExtension>
            <gpxtpx:hr>130</gpxtpx:hr>
            <gpxtpx:cad>60</gpxtpx:cad>
            <gpxtpx:atemp>298.65</gpxtpx:atemp>
          </gpxtpx:TrackPointExtension>
        </extensions>
      </trkpt>
      <trkpt lat="30.268140" lon="34.955991">
        <ele>475.0</ele>
        <time>2026-03-24T06:19:18.000Z</time>
        <extensions>
          <gpxtpx:TrackPointExtension>
            <gpxtpx:hr>128</gpxtpx:hr>
            <gpxtpx:cad>68</gpxtpx:cad>
            <gpxtpx:atemp>298.65</gpxtpx:atemp>
          </gpxtpx:TrackPointExtension>
        </extensions>
      </trkpt>
      <trkpt lat="30.268230" lon="34.955955">
        <ele>474.4</ele>
        <time>2026-03-24T06:19:25.000Z</time>
        <extensions>
          <gpxtpx:TrackPointExtension>
            <gpxtpx:hr>126</gpxtpx:hr>
            <gpxtpx:cad>59</gpxtpx:cad>
            <gpxtpx:atemp>298.65</gpxtpx:atemp>
          </gpxtpx:TrackPointExtension>
        </extensions>
      </trkpt>
      <trkpt lat="30.268300" lon="34.955912">
        <ele>474.2</ele>
        <time>2026-03-24T06:19:32.000Z</time>
        <extensions>
          <gpxtpx:TrackPointExtension>
            <gpxtpx:hr>125</gpxtpx:hr>
            <gpxtpx:cad>0</gpxtpx:cad>
            <gpxtpx:atemp>299.65</gpxtpx:atemp>
          </gpxtpx:TrackPointExtension>
        </extensions>
      </trkpt>
      <trkpt lat="30.268357" lon="34.955844">
        <ele>474.6</ele>
        <time>2026-03-24T06:19:52.000Z</time>
        <extensions>
          <gpxtpx:TrackPointExtension>
            <gpxtpx:hr>116</gpxtpx:hr>
            <gpxtpx:cad>0</gpxtpx:cad>
            <gpxtpx:atemp>299.65</gpxtpx:atemp>
          </gpxtpx:TrackPointExtension>
        </extensions>
      </trkpt>
      <trkpt lat="30.268375" lon="34.955791">
        <ele>475.2</ele>
        <time>2026-03-24T06:20:01.000Z</time>
        <extensions>
          <gpxtpx:TrackPointExtension>
            <gpxtpx:hr>111</gpxtpx:hr>
            <gpxtpx:cad>0</gpxtpx:cad>
            <gpxtpx:atemp>299.65</gpxtpx:atemp>
          </gpxtpx:TrackPointExtension>
        </extensions>
      </trkpt>
      <trkpt lat="30.268383" lon="34.955752">
        <ele>475.6</ele>
        <time>2026-03-24T06:20:04.000Z</time>
        <extensions>
          <gpxtpx:TrackPointExtension>
            <gpxtpx:hr>112</gpxtpx:hr>
            <gpxtpx:cad>53</gpxtpx:cad>
            <gpxtpx:atemp>299.65</gpxtpx:atemp>
          </gpxtpx:TrackPointExtension>
        </extensions>
      </trkpt>
      <trkpt lat="30.268410" lon="34.955659">
        <ele>476.0</ele>
        <time>2026-03-24T06:20:11.000Z</time>
        <extensions>
          <gpxtpx:TrackPointExtension>
            <gpxtpx:hr>110</gpxtpx:hr>
            <gpxtpx:cad>53</gpxtpx:cad>
            <gpxtpx:atemp>299.65</gpxtpx:atemp>
          </gpxtpx:TrackPointExtension>
        </extensions>
      </trkpt>
      <trkpt lat="30.268427" lon="34.955539">
        <ele>477.4</ele>
        <time>2026-03-24T06:20:21.000Z</time>
        <extensions>
          <gpxtpx:TrackPointExtension>
            <gpxtpx:hr>112</gpxtpx:hr>
            <gpxtpx:cad>51</gpxtpx:cad>
            <gpxtpx:atemp>299.65</gpxtpx:atemp>
          </gpxtpx:TrackPointExtension>
        </extensions>
      </trkpt>
      <trkpt lat="30.268459" lon="34.955457">
        <ele>477.8</ele>
        <time>2026-03-24T06:20:28.000Z</time>
        <extensions>
          <gpxtpx:TrackPointExtension>
            <gpxtpx:hr>113</gpxtpx:hr>
            <gpxtpx:cad>53</gpxtpx:cad>
            <gpxtpx:atemp>299.65</gpxtpx:atemp>
          </gpxtpx:TrackPointExtension>
        </extensions>
      </trkpt>
      <trkpt lat="30.268512" lon="34.955352">
        <ele>479.6</ele>
        <time>2026-03-24T06:20:45.000Z</time>
        <extensions>
          <gpxtpx:TrackPointExtension>
            <gpxtpx:hr>109</gpxtpx:hr>
            <gpxtpx:cad>45</gpxtpx:cad>
            <gpxtpx:atemp>298.65</gpxtpx:atemp>
          </gpxtpx:TrackPointExtension>
        </extensions>
      </trkpt>
      <trkpt lat="30.268567" lon="34.955313">
        <ele>480.0</ele>
        <time>2026-03-24T06:20:50.000Z</time>
        <extensions>
          <gpxtpx:TrackPointExtension>
            <gpxtpx:hr>109</gpxtpx:hr>
            <gpxtpx:cad>54</gpxtpx:cad>
            <gpxtpx:atemp>298.65</gpxtpx:atemp>
          </gpxtpx:TrackPointExtension>
        </extensions>
      </trkpt>
      <trkpt lat="30.268652" lon="34.955272">
        <ele>479.2</ele>
        <time>2026-03-24T06:20:57.000Z</time>
        <extensions>
          <gpxtpx:TrackPointExtension>
            <gpxtpx:hr>115</gpxtpx:hr>
            <gpxtpx:cad>65</gpxtpx:cad>
            <gpxtpx:atemp>298.65</gpxtpx:atemp>
          </gpxtpx:TrackPointExtension>
        </extensions>
      </trkpt>
      <trkpt lat="30.268686" lon="34.955245">
        <ele>478.8</ele>
        <time>2026-03-24T06:21:00.000Z</time>
        <extensions>
          <gpxtpx:TrackPointExtension>
            <gpxtpx:hr>112</gpxtpx:hr>
            <gpxtpx:cad>65</gpxtpx:cad>
            <gpxtpx:atemp>298.65</gpxtpx:atemp>
          </gpxtpx:TrackPointExtension>
        </extensions>
      </trkpt>
      <trkpt lat="30.268799" lon="34.955111">
        <ele>476.8</ele>
        <time>2026-03-24T06:21:12.000Z</time>
        <extensions>
          <gpxtpx:TrackPointExtension>
            <gpxtpx:hr>109</gpxtpx:hr>
            <gpxtpx:cad>63</gpxtpx:cad>
            <gpxtpx:atemp>298.65</gpxtpx:atemp>
          </gpxtpx:TrackPointExtension>
        </extensions>
      </trkpt>
      <trkpt lat="30.268820" lon="34.955052">
        <ele>476.8</ele>
        <time>2026-03-24T06:21:16.000Z</time>
        <extensions>
          <gpxtpx:TrackPointExtension>
            <gpxtpx:hr>108</gpxtpx:hr>
            <gpxtpx:cad>63</gpxtpx:cad>
            <gpxtpx:atemp>298.65</gpxtpx:atemp>
          </gpxtpx:TrackPointExtension>
        </extensions>
      </trkpt>
      <trkpt lat="30.268913" lon="34.954876">
        <ele>477.2</ele>
        <time>2026-03-24T06:21:29.000Z</time>
        <extensions>
          <gpxtpx:TrackPointExtension>
            <gpxtpx:hr>110</gpxtpx:hr>
            <gpxtpx:cad>66</gpxtpx:cad>
            <gpxtpx:atemp>298.65</gpxtpx:atemp>
          </gpxtpx:TrackPointExtension>
        </extensions>
      </trkpt>
      <trkpt lat="30.268897" lon="34.954772">
        <ele>477.8</ele>
        <time>2026-03-24T06:21:37.000Z</time>
        <extensions>
          <gpxtpx:TrackPointExtension>
            <gpxtpx:hr>113</gpxtpx:hr>
            <gpxtpx:cad>0</gpxtpx:cad>
            <gpxtpx:atemp>298.65</gpxtpx:atemp>
          </gpxtpx:TrackPointExtension>
        </extensions>
      </trkpt>
      <trkpt lat="30.268908" lon="34.954729">
        <ele>478.4</ele>
        <time>2026-03-24T06:21:40.000Z</time>
        <extensions>
          <gpxtpx:TrackPointExtension>
            <gpxtpx:hr>113</gpxtpx:hr>
            <gpxtpx:cad>51</gpxtpx:cad>
            <gpxtpx:atemp>298.65</gpxtpx:atemp>
          </gpxtpx:TrackPointExtension>
        </extensions>
      </trkpt>
      <trkpt lat="30.268947" lon="34.954655">
        <ele>479.8</ele>
        <time>2026-03-24T06:21:47.000Z</time>
        <extensions>
          <gpxtpx:TrackPointExtension>
            <gpxtpx:hr>113</gpxtpx:hr>
            <gpxtpx:cad>56</gpxtpx:cad>
            <gpxtpx:atemp>298.65</gpxtpx:atemp>
          </gpxtpx:TrackPointExtension>
        </extensions>
      </trkpt>
      <trkpt lat="30.268986" lon="34.954541">
        <ele>484.0</ele>
        <time>2026-03-24T06:21:57.000Z</time>
        <extensions>
          <gpxtpx:TrackPointExtension>
            <gpxtpx:hr>121</gpxtpx:hr>
            <gpxtpx:cad>51</gpxtpx:cad>
            <gpxtpx:atemp>298.65</gpxtpx:atemp>
          </gpxtpx:TrackPointExtension>
        </extensions>
      </trkpt>
      <trkpt lat="30.269003" lon="34.954460">
        <ele>483.8</ele>
        <time>2026-03-24T06:22:02.000Z</time>
        <extensions>
          <gpxtpx:TrackPointExtension>
            <gpxtpx:hr>125</gpxtpx:hr>
            <gpxtpx:cad>53</gpxtpx:cad>
            <gpxtpx:atemp>297.65</gpxtpx:atemp>
          </gpxtpx:TrackPointExtension>
        </extensions>
      </trkpt>
      <trkpt lat="30.268990" lon="34.954257">
        <ele>483.2</ele>
        <time>2026-03-24T06:22:11.000Z</time>
        <extensions>
          <gpxtpx:TrackPointExtension>
            <gpxtpx:hr>125</gpxtpx:hr>
            <gpxtpx:cad>76</gpxtpx:cad>
            <gpxtpx:atemp>297.65</gpxtpx:atemp>
          </gpxtpx:TrackPointExtension>
        </extensions>
      </trkpt>
      <trkpt lat="30.268979" lon="34.954155">
        <ele>483.4</ele>
        <time>2026-03-24T06:22:16.000Z</time>
        <extensions>
          <gpxtpx:TrackPointExtension>
            <gpxtpx:hr>126</gpxtpx:hr>
            <gpxtpx:cad>76</gpxtpx:cad>
            <gpxtpx:atemp>297.65</gpxtpx:atemp>
          </gpxtpx:TrackPointExtension>
        </extensions>
      </trkpt>
      <trkpt lat="30.268996" lon="34.954062">
        <ele>484.4</ele>
        <time>2026-03-24T06:22:21.000Z</time>
        <extensions>
          <gpxtpx:TrackPointExtension>
            <gpxtpx:hr>129</gpxtpx:hr>
            <gpxtpx:cad>75</gpxtpx:cad>
            <gpxtpx:atemp>297.65</gpxtpx:atemp>
          </gpxtpx:TrackPointExtension>
        </extensions>
      </trkpt>
      <trkpt lat="30.269058" lon="34.953987">
        <ele>484.8</ele>
        <time>2026-03-24T06:22:28.000Z</time>
        <extensions>
          <gpxtpx:TrackPointExtension>
            <gpxtpx:hr>131</gpxtpx:hr>
            <gpxtpx:cad>69</gpxtpx:cad>
            <gpxtpx:atemp>297.65</gpxtpx:atemp>
          </gpxtpx:TrackPointExtension>
        </extensions>
      </trkpt>
      <trkpt lat="30.269115" lon="34.953898">
        <ele>484.8</ele>
        <time>2026-03-24T06:22:35.000Z</time>
        <extensions>
          <gpxtpx:TrackPointExtension>
            <gpxtpx:hr>131</gpxtpx:hr>
            <gpxtpx:cad>56</gpxtpx:cad>
            <gpxtpx:atemp>297.65</gpxtpx:atemp>
          </gpxtpx:TrackPointExtension>
        </extensions>
      </trkpt>
      <trkpt lat="30.269160" lon="34.953699">
        <ele>484.6</ele>
        <time>2026-03-24T06:22:45.000Z</time>
        <extensions>
          <gpxtpx:TrackPointExtension>
            <gpxtpx:hr>130</gpxtpx:hr>
            <gpxtpx:cad>74</gpxtpx:cad>
            <gpxtpx:atemp>297.65</gpxtpx:atemp>
          </gpxtpx:TrackPointExtension>
        </extensions>
      </trkpt>
      <trkpt lat="30.269181" lon="34.953590">
        <ele>484.6</ele>
        <time>2026-03-24T06:22:52.000Z</time>
        <extensions>
          <gpxtpx:TrackPointExtension>
            <gpxtpx:hr>132</gpxtpx:hr>
            <gpxtpx:cad>56</gpxtpx:cad>
            <gpxtpx:atemp>297.65</gpxtpx:atemp>
          </gpxtpx:TrackPointExtension>
        </extensions>
      </trkpt>
      <trkpt lat="30.269205" lon="34.953505">
        <ele>484.4</ele>
        <time>2026-03-24T06:22:59.000Z</time>
        <extensions>
          <gpxtpx:TrackPointExtension>
            <gpxtpx:hr>133</gpxtpx:hr>
            <gpxtpx:cad>56</gpxtpx:cad>
            <gpxtpx:atemp>297.65</gpxtpx:atemp>
          </gpxtpx:TrackPointExtension>
        </extensions>
      </trkpt>
      <trkpt lat="30.269271" lon="34.953435">
        <ele>485.0</ele>
        <time>2026-03-24T06:23:04.000Z</time>
        <extensions>
          <gpxtpx:TrackPointExtension>
            <gpxtpx:hr>133</gpxtpx:hr>
            <gpxtpx:cad>58</gpxtpx:cad>
            <gpxtpx:atemp>297.65</gpxtpx:atemp>
          </gpxtpx:TrackPointExtension>
        </extensions>
      </trkpt>
      <trkpt lat="30.269395" lon="34.953257">
        <ele>484.8</ele>
        <time>2026-03-24T06:23:14.000Z</time>
        <extensions>
          <gpxtpx:TrackPointExtension>
            <gpxtpx:hr>131</gpxtpx:hr>
            <gpxtpx:cad>76</gpxtpx:cad>
            <gpxtpx:atemp>297.65</gpxtpx:atemp>
          </gpxtpx:TrackPointExtension>
        </extensions>
      </trkpt>
      <trkpt lat="30.269563" lon="34.953088">
        <ele>483.4</ele>
        <time>2026-03-24T06:23:25.000Z</time>
        <extensions>
          <gpxtpx:TrackPointExtension>
            <gpxtpx:hr>129</gpxtpx:hr>
            <gpxtpx:cad>76</gpxtpx:cad>
            <gpxtpx:atemp>297.65</gpxtpx:atemp>
          </gpxtpx:TrackPointExtension>
        </extensions>
      </trkpt>
      <trkpt lat="30.269652" lon="34.952982">
        <ele>481.6</ele>
        <time>2026-03-24T06:23:31.000Z</time>
        <extensions>
          <gpxtpx:TrackPointExtension>
            <gpxtpx:hr>129</gpxtpx:hr>
            <gpxtpx:cad>75</gpxtpx:cad>
            <gpxtpx:atemp>297.65</gpxtpx:atemp>
          </gpxtpx:TrackPointExtension>
        </extensions>
      </trkpt>
      <trkpt lat="30.269698" lon="34.952864">
        <ele>480.6</ele>
        <time>2026-03-24T06:23:37.000Z</time>
        <extensions>
          <gpxtpx:TrackPointExtension>
            <gpxtpx:hr>129</gpxtpx:hr>
            <gpxtpx:cad>76</gpxtpx:cad>
            <gpxtpx:atemp>297.65</gpxtpx:atemp>
          </gpxtpx:TrackPointExtension>
        </extensions>
      </trkpt>
      <trkpt lat="30.269713" lon="34.952763">
        <ele>479.8</ele>
        <time>2026-03-24T06:23:43.000Z</time>
        <extensions>
          <gpxtpx:TrackPointExtension>
            <gpxtpx:hr>129</gpxtpx:hr>
            <gpxtpx:cad>59</gpxtpx:cad>
            <gpxtpx:atemp>297.65</gpxtpx:atemp>
          </gpxtpx:TrackPointExtension>
        </extensions>
      </trkpt>
      <trkpt lat="30.269735" lon="34.952664">
        <ele>478.2</ele>
        <time>2026-03-24T06:23:51.000Z</time>
        <extensions>
          <gpxtpx:TrackPointExtension>
            <gpxtpx:hr>126</gpxtpx:hr>
            <gpxtpx:cad>56</gpxtpx:cad>
            <gpxtpx:atemp>297.65</gpxtpx:atemp>
          </gpxtpx:TrackPointExtension>
        </extensions>
      </trkpt>
      <trkpt lat="30.269791" lon="34.952579">
        <ele>476.8</ele>
        <time>2026-03-24T06:23:59.000Z</time>
        <extensions>
          <gpxtpx:TrackPointExtension>
            <gpxtpx:hr>118</gpxtpx:hr>
            <gpxtpx:cad>60</gpxtpx:cad>
            <gpxtpx:atemp>297.65</gpxtpx:atemp>
          </gpxtpx:TrackPointExtension>
        </extensions>
      </trkpt>
      <trkpt lat="30.269893" lon="34.952493">
        <ele>475.2</ele>
        <time>2026-03-24T06:24:12.000Z</time>
        <extensions>
          <gpxtpx:TrackPointExtension>
            <gpxtpx:hr>113</gpxtpx:hr>
            <gpxtpx:cad>68</gpxtpx:cad>
            <gpxtpx:atemp>298.65</gpxtpx:atemp>
          </gpxtpx:TrackPointExtension>
        </extensions>
      </trkpt>
      <trkpt lat="30.269901" lon="34.952464">
        <ele>473.8</ele>
        <time>2026-03-24T06:24:16.000Z</time>
        <extensions>
          <gpxtpx:TrackPointExtension>
            <gpxtpx:hr>113</gpxtpx:hr>
            <gpxtpx:cad>83</gpxtpx:cad>
            <gpxtpx:atemp>298.65</gpxtpx:atemp>
          </gpxtpx:TrackPointExtension>
        </extensions>
      </trkpt>
      <trkpt lat="30.269925" lon="34.952436">
        <ele>471.8</ele>
        <time>2026-03-24T06:24:24.000Z</time>
        <extensions>
          <gpxtpx:TrackPointExtension>
            <gpxtpx:hr>113</gpxtpx:hr>
            <gpxtpx:cad>76</gpxtpx:cad>
            <gpxtpx:atemp>298.65</gpxtpx:atemp>
          </gpxtpx:TrackPointExtension>
        </extensions>
      </trkpt>
      <trkpt lat="30.269950" lon="34.952403">
        <ele>471.0</ele>
        <time>2026-03-24T06:24:28.000Z</time>
        <extensions>
          <gpxtpx:TrackPointExtension>
            <gpxtpx:hr>112</gpxtpx:hr>
            <gpxtpx:cad>83</gpxtpx:cad>
            <gpxtpx:atemp>298.65</gpxtpx:atemp>
          </gpxtpx:TrackPointExtension>
        </extensions>
      </trkpt>
      <trkpt lat="30.270012" lon="34.952333">
        <ele>468.2</ele>
        <time>2026-03-24T06:24:37.000Z</time>
        <extensions>
          <gpxtpx:TrackPointExtension>
            <gpxtpx:hr>113</gpxtpx:hr>
            <gpxtpx:cad>79</gpxtpx:cad>
            <gpxtpx:atemp>298.65</gpxtpx:atemp>
          </gpxtpx:TrackPointExtension>
        </extensions>
      </trkpt>
      <trkpt lat="30.270022" lon="34.952224">
        <ele>467.0</ele>
        <time>2026-03-24T06:24:45.000Z</time>
        <extensions>
          <gpxtpx:TrackPointExtension>
            <gpxtpx:hr>112</gpxtpx:hr>
            <gpxtpx:cad>79</gpxtpx:cad>
            <gpxtpx:atemp>298.65</gpxtpx:atemp>
          </gpxtpx:TrackPointExtension>
        </extensions>
      </trkpt>
      <trkpt lat="30.270062" lon="34.952134">
        <ele>465.2</ele>
        <time>2026-03-24T06:24:51.000Z</time>
        <extensions>
          <gpxtpx:TrackPointExtension>
            <gpxtpx:hr>113</gpxtpx:hr>
            <gpxtpx:cad>74</gpxtpx:cad>
            <gpxtpx:atemp>298.65</gpxtpx:atemp>
          </gpxtpx:TrackPointExtension>
        </extensions>
      </trkpt>
      <trkpt lat="30.270073" lon="34.952038">
        <ele>463.6</ele>
        <time>2026-03-24T06:24:56.000Z</time>
        <extensions>
          <gpxtpx:TrackPointExtension>
            <gpxtpx:hr>111</gpxtpx:hr>
            <gpxtpx:cad>70</gpxtpx:cad>
            <gpxtpx:atemp>298.65</gpxtpx:atemp>
          </gpxtpx:TrackPointExtension>
        </extensions>
      </trkpt>
      <trkpt lat="30.270052" lon="34.951931">
        <ele>462.4</ele>
        <time>2026-03-24T06:25:01.000Z</time>
        <extensions>
          <gpxtpx:TrackPointExtension>
            <gpxtpx:hr>112</gpxtpx:hr>
            <gpxtpx:cad>72</gpxtpx:cad>
            <gpxtpx:atemp>298.65</gpxtpx:atemp>
          </gpxtpx:TrackPointExtension>
        </extensions>
      </trkpt>
      <trkpt lat="30.270056" lon="34.951904">
        <ele>462.2</ele>
        <time>2026-03-24T06:25:03.000Z</time>
        <extensions>
          <gpxtpx:TrackPointExtension>
            <gpxtpx:hr>112</gpxtpx:hr>
            <gpxtpx:cad>72</gpxtpx:cad>
            <gpxtpx:atemp>298.65</gpxtpx:atemp>
          </gpxtpx:TrackPointExtension>
        </extensions>
      </trkpt>
      <trkpt lat="30.270092" lon="34.951787">
        <ele>459.8</ele>
        <time>2026-03-24T06:25:13.000Z</time>
        <extensions>
          <gpxtpx:TrackPointExtension>
            <gpxtpx:hr>110</gpxtpx:hr>
            <gpxtpx:cad>79</gpxtpx:cad>
            <gpxtpx:atemp>298.65</gpxtpx:atemp>
          </gpxtpx:TrackPointExtension>
        </extensions>
      </trkpt>
      <trkpt lat="30.270111" lon="34.951670">
        <ele>457.0</ele>
        <time>2026-03-24T06:25:21.000Z</time>
        <extensions>
          <gpxtpx:TrackPointExtension>
            <gpxtpx:hr>109</gpxtpx:hr>
            <gpxtpx:cad>82</gpxtpx:cad>
            <gpxtpx:atemp>298.65</gpxtpx:atemp>
          </gpxtpx:TrackPointExtension>
        </extensions>
      </trkpt>
      <trkpt lat="30.270096" lon="34.951584">
        <ele>455.6</ele>
        <time>2026-03-24T06:25:28.000Z</time>
        <extensions>
          <gpxtpx:TrackPointExtension>
            <gpxtpx:hr>111</gpxtpx:hr>
            <gpxtpx:cad>75</gpxtpx:cad>
            <gpxtpx:atemp>298.65</gpxtpx:atemp>
          </gpxtpx:TrackPointExtension>
        </extensions>
      </trkpt>
      <trkpt lat="30.270067" lon="34.951487">
        <ele>455.6</ele>
        <time>2026-03-24T06:25:35.000Z</time>
        <extensions>
          <gpxtpx:TrackPointExtension>
            <gpxtpx:hr>111</gpxtpx:hr>
            <gpxtpx:cad>60</gpxtpx:cad>
            <gpxtpx:atemp>298.65</gpxtpx:atemp>
          </gpxtpx:TrackPointExtension>
        </extensions>
      </trkpt>
      <trkpt lat="30.269999" lon="34.951386">
        <ele>455.2</ele>
        <time>2026-03-24T06:25:42.000Z</time>
        <extensions>
          <gpxtpx:TrackPointExtension>
            <gpxtpx:hr>109</gpxtpx:hr>
            <gpxtpx:cad>71</gpxtpx:cad>
            <gpxtpx:atemp>298.65</gpxtpx:atemp>
          </gpxtpx:TrackPointExtension>
        </extensions>
      </trkpt>
      <trkpt lat="30.269945" lon="34.951337">
        <ele>455.2</ele>
        <time>2026-03-24T06:25:47.000Z</time>
        <extensions>
          <gpxtpx:TrackPointExtension>
            <gpxtpx:hr>110</gpxtpx:hr>
            <gpxtpx:cad>69</gpxtpx:cad>
            <gpxtpx:atemp>298.65</gpxtpx:atemp>
          </gpxtpx:TrackPointExtension>
        </extensions>
      </trkpt>
      <trkpt lat="30.269861" lon="34.951278">
        <ele>454.8</ele>
        <time>2026-03-24T06:25:55.000Z</time>
        <extensions>
          <gpxtpx:TrackPointExtension>
            <gpxtpx:hr>110</gpxtpx:hr>
            <gpxtpx:cad>58</gpxtpx:cad>
            <gpxtpx:atemp>298.65</gpxtpx:atemp>
          </gpxtpx:TrackPointExtension>
        </extensions>
      </trkpt>
      <trkpt lat="30.269775" lon="34.951170">
        <ele>454.8</ele>
        <time>2026-03-24T06:26:03.000Z</time>
        <extensions>
          <gpxtpx:TrackPointExtension>
            <gpxtpx:hr>110</gpxtpx:hr>
            <gpxtpx:cad>72</gpxtpx:cad>
            <gpxtpx:atemp>299.65</gpxtpx:atemp>
          </gpxtpx:TrackPointExtension>
        </extensions>
      </trkpt>
      <trkpt lat="30.269749" lon="34.951088">
        <ele>455.0</ele>
        <time>2026-03-24T06:26:07.000Z</time>
        <extensions>
          <gpxtpx:TrackPointExtension>
            <gpxtpx:hr>111</gpxtpx:hr>
            <gpxtpx:cad>75</gpxtpx:cad>
            <gpxtpx:atemp>299.65</gpxtpx:atemp>
          </gpxtpx:TrackPointExtension>
        </extensions>
      </trkpt>
      <trkpt lat="30.269752" lon="34.951031">
        <ele>455.2</ele>
        <time>2026-03-24T06:26:10.000Z</time>
        <extensions>
          <gpxtpx:TrackPointExtension>
            <gpxtpx:hr>116</gpxtpx:hr>
            <gpxtpx:cad>76</gpxtpx:cad>
            <gpxtpx:atemp>299.65</gpxtpx:atemp>
          </gpxtpx:TrackPointExtension>
        </extensions>
      </trkpt>
      <trkpt lat="30.269789" lon="34.950946">
        <ele>455.2</ele>
        <time>2026-03-24T06:26:15.000Z</time>
        <extensions>
          <gpxtpx:TrackPointExtension>
            <gpxtpx:hr>119</gpxtpx:hr>
            <gpxtpx:cad>75</gpxtpx:cad>
            <gpxtpx:atemp>299.65</gpxtpx:atemp>
          </gpxtpx:TrackPointExtension>
        </extensions>
      </trkpt>
      <trkpt lat="30.269830" lon="34.950873">
        <ele>455.4</ele>
        <time>2026-03-24T06:26:20.000Z</time>
        <extensions>
          <gpxtpx:TrackPointExtension>
            <gpxtpx:hr>120</gpxtpx:hr>
            <gpxtpx:cad>74</gpxtpx:cad>
            <gpxtpx:atemp>299.65</gpxtpx:atemp>
          </gpxtpx:TrackPointExtension>
        </extensions>
      </trkpt>
      <trkpt lat="30.269893" lon="34.950830">
        <ele>455.8</ele>
        <time>2026-03-24T06:26:24.000Z</time>
        <extensions>
          <gpxtpx:TrackPointExtension>
            <gpxtpx:hr>121</gpxtpx:hr>
            <gpxtpx:cad>75</gpxtpx:cad>
            <gpxtpx:atemp>299.65</gpxtpx:atemp>
          </gpxtpx:TrackPointExtension>
        </extensions>
      </trkpt>
      <trkpt lat="30.269953" lon="34.950798">
        <ele>456.2</ele>
        <time>2026-03-24T06:26:28.000Z</time>
        <extensions>
          <gpxtpx:TrackPointExtension>
            <gpxtpx:hr>121</gpxtpx:hr>
            <gpxtpx:cad>75</gpxtpx:cad>
            <gpxtpx:atemp>299.65</gpxtpx:atemp>
          </gpxtpx:TrackPointExtension>
        </extensions>
      </trkpt>
      <trkpt lat="30.270049" lon="34.950739">
        <ele>456.4</ele>
        <time>2026-03-24T06:26:34.000Z</time>
        <extensions>
          <gpxtpx:TrackPointExtension>
            <gpxtpx:hr>123</gpxtpx:hr>
            <gpxtpx:cad>74</gpxtpx:cad>
            <gpxtpx:atemp>299.65</gpxtpx:atemp>
          </gpxtpx:TrackPointExtension>
        </extensions>
      </trkpt>
      <trkpt lat="30.270104" lon="34.950659">
        <ele>456.6</ele>
        <time>2026-03-24T06:26:39.000Z</time>
        <extensions>
          <gpxtpx:TrackPointExtension>
            <gpxtpx:hr>125</gpxtpx:hr>
            <gpxtpx:cad>75</gpxtpx:cad>
            <gpxtpx:atemp>299.65</gpxtpx:atemp>
          </gpxtpx:TrackPointExtension>
        </extensions>
      </trkpt>
      <trkpt lat="30.270143" lon="34.950583">
        <ele>457.0</ele>
        <time>2026-03-24T06:26:43.000Z</time>
        <extensions>
          <gpxtpx:TrackPointExtension>
            <gpxtpx:hr>127</gpxtpx:hr>
            <gpxtpx:cad>76</gpxtpx:cad>
            <gpxtpx:atemp>299.65</gpxtpx:atemp>
          </gpxtpx:TrackPointExtension>
        </extensions>
      </trkpt>
      <trkpt lat="30.270158" lon="34.950512">
        <ele>457.0</ele>
        <time>2026-03-24T06:26:46.000Z</time>
        <extensions>
          <gpxtpx:TrackPointExtension>
            <gpxtpx:hr>128</gpxtpx:hr>
            <gpxtpx:cad>76</gpxtpx:cad>
            <gpxtpx:atemp>299.65</gpxtpx:atemp>
          </gpxtpx:TrackPointExtension>
        </extensions>
      </trkpt>
      <trkpt lat="30.270157" lon="34.950437">
        <ele>457.2</ele>
        <time>2026-03-24T06:26:49.000Z</time>
        <extensions>
          <gpxtpx:TrackPointExtension>
            <gpxtpx:hr>129</gpxtpx:hr>
            <gpxtpx:cad>76</gpxtpx:cad>
            <gpxtpx:atemp>299.65</gpxtpx:atemp>
          </gpxtpx:TrackPointExtension>
        </extensions>
      </trkpt>
      <trkpt lat="30.270162" lon="34.950302">
        <ele>457.0</ele>
        <time>2026-03-24T06:26:55.000Z</time>
        <extensions>
          <gpxtpx:TrackPointExtension>
            <gpxtpx:hr>131</gpxtpx:hr>
            <gpxtpx:cad>76</gpxtpx:cad>
            <gpxtpx:atemp>299.65</gpxtpx:atemp>
          </gpxtpx:TrackPointExtension>
        </extensions>
      </trkpt>
      <trkpt lat="30.270136" lon="34.950198">
        <ele>456.8</ele>
        <time>2026-03-24T06:27:00.000Z</time>
        <extensions>
          <gpxtpx:TrackPointExtension>
            <gpxtpx:hr>132</gpxtpx:hr>
            <gpxtpx:cad>76</gpxtpx:cad>
            <gpxtpx:atemp>299.65</gpxtpx:atemp>
          </gpxtpx:TrackPointExtension>
        </extensions>
      </trkpt>
      <trkpt lat="30.270143" lon="34.950137">
        <ele>457.4</ele>
        <time>2026-03-24T06:27:03.000Z</time>
        <extensions>
          <gpxtpx:TrackPointExtension>
            <gpxtpx:hr>132</gpxtpx:hr>
            <gpxtpx:cad>76</gpxtpx:cad>
            <gpxtpx:atemp>299.65</gpxtpx:atemp>
          </gpxtpx:TrackPointExtension>
        </extensions>
      </trkpt>
      <trkpt lat="30.270177" lon="34.950040">
        <ele>457.6</ele>
        <time>2026-03-24T06:27:08.000Z</time>
        <extensions>
          <gpxtpx:TrackPointExtension>
            <gpxtpx:hr>133</gpxtpx:hr>
            <gpxtpx:cad>76</gpxtpx:cad>
            <gpxtpx:atemp>299.65</gpxtpx:atemp>
          </gpxtpx:TrackPointExtension>
        </extensions>
      </trkpt>
      <trkpt lat="30.270222" lon="34.949951">
        <ele>458.0</ele>
        <time>2026-03-24T06:27:13.000Z</time>
        <extensions>
          <gpxtpx:TrackPointExtension>
            <gpxtpx:hr>134</gpxtpx:hr>
            <gpxtpx:cad>76</gpxtpx:cad>
            <gpxtpx:atemp>299.65</gpxtpx:atemp>
          </gpxtpx:TrackPointExtension>
        </extensions>
      </trkpt>
      <trkpt lat="30.270279" lon="34.949888">
        <ele>458.2</ele>
        <time>2026-03-24T06:27:18.000Z</time>
        <extensions>
          <gpxtpx:TrackPointExtension>
            <gpxtpx:hr>137</gpxtpx:hr>
            <gpxtpx:cad>75</gpxtpx:cad>
            <gpxtpx:atemp>299.65</gpxtpx:atemp>
          </gpxtpx:TrackPointExtension>
        </extensions>
      </trkpt>
      <trkpt lat="30.270327" lon="34.949869">
        <ele>458.4</ele>
        <time>2026-03-24T06:27:21.000Z</time>
        <extensions>
          <gpxtpx:TrackPointExtension>
            <gpxtpx:hr>138</gpxtpx:hr>
            <gpxtpx:cad>73</gpxtpx:cad>
            <gpxtpx:atemp>299.65</gpxtpx:atemp>
          </gpxtpx:TrackPointExtension>
        </extensions>
      </trkpt>
      <trkpt lat="30.270383" lon="34.949812">
        <ele>458.8</ele>
        <time>2026-03-24T06:27:25.000Z</time>
        <extensions>
          <gpxtpx:TrackPointExtension>
            <gpxtpx:hr>138</gpxtpx:hr>
            <gpxtpx:cad>71</gpxtpx:cad>
            <gpxtpx:atemp>299.65</gpxtpx:atemp>
          </gpxtpx:TrackPointExtension>
        </extensions>
      </trkpt>
      <trkpt lat="30.270468" lon="34.949739">
        <ele>458.6</ele>
        <time>2026-03-24T06:27:31.000Z</time>
        <extensions>
          <gpxtpx:TrackPointExtension>
            <gpxtpx:hr>139</gpxtpx:hr>
            <gpxtpx:cad>72</gpxtpx:cad>
            <gpxtpx:atemp>299.65</gpxtpx:atemp>
          </gpxtpx:TrackPointExtension>
        </extensions>
      </trkpt>
      <trkpt lat="30.270531" lon="34.949666">
        <ele>459.0</ele>
        <time>2026-03-24T06:27:36.000Z</time>
        <extensions>
          <gpxtpx:TrackPointExtension>
            <gpxtpx:hr>142</gpxtpx:hr>
            <gpxtpx:cad>76</gpxtpx:cad>
            <gpxtpx:atemp>299.65</gpxtpx:atemp>
          </gpxtpx:TrackPointExtension>
        </extensions>
      </trkpt>
      <trkpt lat="30.270557" lon="34.949632">
        <ele>459.2</ele>
        <time>2026-03-24T06:27:38.000Z</time>
        <extensions>
          <gpxtpx:TrackPointExtension>
            <gpxtpx:hr>143</gpxtpx:hr>
            <gpxtpx:cad>74</gpxtpx:cad>
            <gpxtpx:atemp>299.65</gpxtpx:atemp>
          </gpxtpx:TrackPointExtension>
        </extensions>
      </trkpt>
      <trkpt lat="30.270612" lon="34.949546">
        <ele>459.4</ele>
        <time>2026-03-24T06:27:43.000Z</time>
        <extensions>
          <gpxtpx:TrackPointExtension>
            <gpxtpx:hr>142</gpxtpx:hr>
            <gpxtpx:cad>75</gpxtpx:cad>
            <gpxtpx:atemp>299.65</gpxtpx:atemp>
          </gpxtpx:TrackPointExtension>
        </extensions>
      </trkpt>
      <trkpt lat="30.270657" lon="34.949438">
        <ele>459.6</ele>
        <time>2026-03-24T06:27:48.000Z</time>
        <extensions>
          <gpxtpx:TrackPointExtension>
            <gpxtpx:hr>143</gpxtpx:hr>
            <gpxtpx:cad>77</gpxtpx:cad>
            <gpxtpx:atemp>299.65</gpxtpx:atemp>
          </gpxtpx:TrackPointExtension>
        </extensions>
      </trkpt>
      <trkpt lat="30.270687" lon="34.949380">
        <ele>459.8</ele>
        <time>2026-03-24T06:27:51.000Z</time>
        <extensions>
          <gpxtpx:TrackPointExtension>
            <gpxtpx:hr>143</gpxtpx:hr>
            <gpxtpx:cad>78</gpxtpx:cad>
            <gpxtpx:atemp>299.65</gpxtpx:atemp>
          </gpxtpx:TrackPointExtension>
        </extensions>
      </trkpt>
      <trkpt lat="30.270780" lon="34.949249">
        <ele>460.0</ele>
        <time>2026-03-24T06:27:59.000Z</time>
        <extensions>
          <gpxtpx:TrackPointExtension>
            <gpxtpx:hr>143</gpxtpx:hr>
            <gpxtpx:cad>76</gpxtpx:cad>
            <gpxtpx:atemp>299.65</gpxtpx:atemp>
          </gpxtpx:TrackPointExtension>
        </extensions>
      </trkpt>
      <trkpt lat="30.270826" lon="34.949170">
        <ele>460.8</ele>
        <time>2026-03-24T06:28:03.000Z</time>
        <extensions>
          <gpxtpx:TrackPointExtension>
            <gpxtpx:hr>142</gpxtpx:hr>
            <gpxtpx:cad>75</gpxtpx:cad>
            <gpxtpx:atemp>299.65</gpxtpx:atemp>
          </gpxtpx:TrackPointExtension>
        </extensions>
      </trkpt>
      <trkpt lat="30.270841" lon="34.949133">
        <ele>460.6</ele>
        <time>2026-03-24T06:28:05.000Z</time>
        <extensions>
          <gpxtpx:TrackPointExtension>
            <gpxtpx:hr>143</gpxtpx:hr>
            <gpxtpx:cad>76</gpxtpx:cad>
            <gpxtpx:atemp>299.65</gpxtpx:atemp>
          </gpxtpx:TrackPointExtension>
        </extensions>
      </trkpt>
      <trkpt lat="30.270861" lon="34.949008">
        <ele>460.8</ele>
        <time>2026-03-24T06:28:11.000Z</time>
        <extensions>
          <gpxtpx:TrackPointExtension>
            <gpxtpx:hr>142</gpxtpx:hr>
            <gpxtpx:cad>76</gpxtpx:cad>
            <gpxtpx:atemp>299.65</gpxtpx:atemp>
          </gpxtpx:TrackPointExtension>
        </extensions>
      </trkpt>
      <trkpt lat="30.270877" lon="34.948946">
        <ele>461.2</ele>
        <time>2026-03-24T06:28:14.000Z</time>
        <extensions>
          <gpxtpx:TrackPointExtension>
            <gpxtpx:hr>143</gpxtpx:hr>
            <gpxtpx:cad>76</gpxtpx:cad>
            <gpxtpx:atemp>299.65</gpxtpx:atemp>
          </gpxtpx:TrackPointExtension>
        </extensions>
      </trkpt>
      <trkpt lat="30.270923" lon="34.948833">
        <ele>461.6</ele>
        <time>2026-03-24T06:28:20.000Z</time>
        <extensions>
          <gpxtpx:TrackPointExtension>
            <gpxtpx:hr>142</gpxtpx:hr>
            <gpxtpx:cad>77</gpxtpx:cad>
            <gpxtpx:atemp>299.65</gpxtpx:atemp>
          </gpxtpx:TrackPointExtension>
        </extensions>
      </trkpt>
      <trkpt lat="30.270934" lon="34.948774">
        <ele>461.6</ele>
        <time>2026-03-24T06:28:23.000Z</time>
        <extensions>
          <gpxtpx:TrackPointExtension>
            <gpxtpx:hr>142</gpxtpx:hr>
            <gpxtpx:cad>76</gpxtpx:cad>
            <gpxtpx:atemp>299.65</gpxtpx:atemp>
          </gpxtpx:TrackPointExtension>
        </extensions>
      </trkpt>
      <trkpt lat="30.270971" lon="34.948674">
        <ele>461.8</ele>
        <time>2026-03-24T06:28:29.000Z</time>
        <extensions>
          <gpxtpx:TrackPointExtension>
            <gpxtpx:hr>143</gpxtpx:hr>
            <gpxtpx:cad>75</gpxtpx:cad>
            <gpxtpx:atemp>299.65</gpxtpx:atemp>
          </gpxtpx:TrackPointExtension>
        </extensions>
      </trkpt>
      <trkpt lat="30.271006" lon="34.948598">
        <ele>462.0</ele>
        <time>2026-03-24T06:28:33.000Z</time>
        <extensions>
          <gpxtpx:TrackPointExtension>
            <gpxtpx:hr>141</gpxtpx:hr>
            <gpxtpx:cad>73</gpxtpx:cad>
            <gpxtpx:atemp>299.65</gpxtpx:atemp>
          </gpxtpx:TrackPointExtension>
        </extensions>
      </trkpt>
      <trkpt lat="30.271049" lon="34.948487">
        <ele>462.0</ele>
        <time>2026-03-24T06:28:39.000Z</time>
        <extensions>
          <gpxtpx:TrackPointExtension>
            <gpxtpx:hr>139</gpxtpx:hr>
            <gpxtpx:cad>75</gpxtpx:cad>
            <gpxtpx:atemp>299.65</gpxtpx:atemp>
          </gpxtpx:TrackPointExtension>
        </extensions>
      </trkpt>
      <trkpt lat="30.271093" lon="34.948441">
        <ele>462.0</ele>
        <time>2026-03-24T06:28:42.000Z</time>
        <extensions>
          <gpxtpx:TrackPointExtension>
            <gpxtpx:hr>138</gpxtpx:hr>
            <gpxtpx:cad>76</gpxtpx:cad>
            <gpxtpx:atemp>299.65</gpxtpx:atemp>
          </gpxtpx:TrackPointExtension>
        </extensions>
      </trkpt>
      <trkpt lat="30.271153" lon="34.948386">
        <ele>462.6</ele>
        <time>2026-03-24T06:28:46.000Z</time>
        <extensions>
          <gpxtpx:TrackPointExtension>
            <gpxtpx:hr>138</gpxtpx:hr>
            <gpxtpx:cad>76</gpxtpx:cad>
            <gpxtpx:atemp>299.65</gpxtpx:atemp>
          </gpxtpx:TrackPointExtension>
        </extensions>
      </trkpt>
      <trkpt lat="30.271286" lon="34.948178">
        <ele>463.6</ele>
        <time>2026-03-24T06:28:58.000Z</time>
        <extensions>
          <gpxtpx:TrackPointExtension>
            <gpxtpx:hr>140</gpxtpx:hr>
            <gpxtpx:cad>77</gpxtpx:cad>
            <gpxtpx:atemp>299.65</gpxtpx:atemp>
          </gpxtpx:TrackPointExtension>
        </extensions>
      </trkpt>
      <trkpt lat="30.271304" lon="34.948141">
        <ele>463.6</ele>
        <time>2026-03-24T06:29:04.000Z</time>
        <extensions>
          <gpxtpx:TrackPointExtension>
            <gpxtpx:hr>141</gpxtpx:hr>
            <gpxtpx:cad>0</gpxtpx:cad>
            <gpxtpx:atemp>299.65</gpxtpx:atemp>
          </gpxtpx:TrackPointExtension>
        </extensions>
      </trkpt>
      <trkpt lat="30.271346" lon="34.948108">
        <ele>463.6</ele>
        <time>2026-03-24T06:29:10.000Z</time>
        <extensions>
          <gpxtpx:TrackPointExtension>
            <gpxtpx:hr>137</gpxtpx:hr>
            <gpxtpx:cad>0</gpxtpx:cad>
            <gpxtpx:atemp>299.65</gpxtpx:atemp>
          </gpxtpx:TrackPointExtension>
        </extensions>
      </trkpt>
      <trkpt lat="30.271406" lon="34.948024">
        <ele>464.4</ele>
        <time>2026-03-24T06:29:17.000Z</time>
        <extensions>
          <gpxtpx:TrackPointExtension>
            <gpxtpx:hr>137</gpxtpx:hr>
            <gpxtpx:cad>53</gpxtpx:cad>
            <gpxtpx:atemp>299.65</gpxtpx:atemp>
          </gpxtpx:TrackPointExtension>
        </extensions>
      </trkpt>
      <trkpt lat="30.271438" lon="34.947964">
        <ele>465.4</ele>
        <time>2026-03-24T06:29:20.000Z</time>
        <extensions>
          <gpxtpx:TrackPointExtension>
            <gpxtpx:hr>137</gpxtpx:hr>
            <gpxtpx:cad>76</gpxtpx:cad>
            <gpxtpx:atemp>299.65</gpxtpx:atemp>
          </gpxtpx:TrackPointExtension>
        </extensions>
      </trkpt>
      <trkpt lat="30.271561" lon="34.947777">
        <ele>466.4</ele>
        <time>2026-03-24T06:29:31.000Z</time>
        <extensions>
          <gpxtpx:TrackPointExtension>
            <gpxtpx:hr>137</gpxtpx:hr>
            <gpxtpx:cad>77</gpxtpx:cad>
            <gpxtpx:atemp>299.65</gpxtpx:atemp>
          </gpxtpx:TrackPointExtension>
        </extensions>
      </trkpt>
      <trkpt lat="30.271606" lon="34.947731">
        <ele>466.4</ele>
        <time>2026-03-24T06:29:34.000Z</time>
        <extensions>
          <gpxtpx:TrackPointExtension>
            <gpxtpx:hr>137</gpxtpx:hr>
            <gpxtpx:cad>77</gpxtpx:cad>
            <gpxtpx:atemp>299.65</gpxtpx:atemp>
          </gpxtpx:TrackPointExtension>
        </extensions>
      </trkpt>
      <trkpt lat="30.271690" lon="34.947625">
        <ele>467.0</ele>
        <time>2026-03-24T06:29:40.000Z</time>
        <extensions>
          <gpxtpx:TrackPointExtension>
            <gpxtpx:hr>137</gpxtpx:hr>
            <gpxtpx:cad>76</gpxtpx:cad>
            <gpxtpx:atemp>299.65</gpxtpx:atemp>
          </gpxtpx:TrackPointExtension>
        </extensions>
      </trkpt>
      <trkpt lat="30.271751" lon="34.947559">
        <ele>467.0</ele>
        <time>2026-03-24T06:29:44.000Z</time>
        <extensions>
          <gpxtpx:TrackPointExtension>
            <gpxtpx:hr>137</gpxtpx:hr>
            <gpxtpx:cad>78</gpxtpx:cad>
            <gpxtpx:atemp>298.65</gpxtpx:atemp>
          </gpxtpx:TrackPointExtension>
        </extensions>
      </trkpt>
      <trkpt lat="30.271871" lon="34.947427">
        <ele>467.2</ele>
        <time>2026-03-24T06:29:52.000Z</time>
        <extensions>
          <gpxtpx:TrackPointExtension>
            <gpxtpx:hr>138</gpxtpx:hr>
            <gpxtpx:cad>79</gpxtpx:cad>
            <gpxtpx:atemp>298.65</gpxtpx:atemp>
          </gpxtpx:TrackPointExtension>
        </extensions>
      </trkpt>
      <trkpt lat="30.271964" lon="34.947331">
        <ele>467.4</ele>
        <time>2026-03-24T06:29:58.000Z</time>
        <extensions>
          <gpxtpx:TrackPointExtension>
            <gpxtpx:hr>136</gpxtpx:hr>
            <gpxtpx:cad>79</gpxtpx:cad>
            <gpxtpx:atemp>298.65</gpxtpx:atemp>
          </gpxtpx:TrackPointExtension>
        </extensions>
      </trkpt>
      <trkpt lat="30.272084" lon="34.947182">
        <ele>467.0</ele>
        <time>2026-03-24T06:30:06.000Z</time>
        <extensions>
          <gpxtpx:TrackPointExtension>
            <gpxtpx:hr>136</gpxtpx:hr>
            <gpxtpx:cad>79</gpxtpx:cad>
            <gpxtpx:atemp>298.65</gpxtpx:atemp>
          </gpxtpx:TrackPointExtension>
        </extensions>
      </trkpt>
      <trkpt lat="30.272152" lon="34.947091">
        <ele>466.6</ele>
        <time>2026-03-24T06:30:11.000Z</time>
        <extensions>
          <gpxtpx:TrackPointExtension>
            <gpxtpx:hr>136</gpxtpx:hr>
            <gpxtpx:cad>78</gpxtpx:cad>
            <gpxtpx:atemp>298.65</gpxtpx:atemp>
          </gpxtpx:TrackPointExtension>
        </extensions>
      </trkpt>
      <trkpt lat="30.272236" lon="34.947001">
        <ele>466.2</ele>
        <time>2026-03-24T06:30:16.000Z</time>
        <extensions>
          <gpxtpx:TrackPointExtension>
            <gpxtpx:hr>137</gpxtpx:hr>
            <gpxtpx:cad>78</gpxtpx:cad>
            <gpxtpx:atemp>298.65</gpxtpx:atemp>
          </gpxtpx:TrackPointExtension>
        </extensions>
      </trkpt>
      <trkpt lat="30.272277" lon="34.946943">
        <ele>466.4</ele>
        <time>2026-03-24T06:30:19.000Z</time>
        <extensions>
          <gpxtpx:TrackPointExtension>
            <gpxtpx:hr>137</gpxtpx:hr>
            <gpxtpx:cad>78</gpxtpx:cad>
            <gpxtpx:atemp>298.65</gpxtpx:atemp>
          </gpxtpx:TrackPointExtension>
        </extensions>
      </trkpt>
      <trkpt lat="30.272337" lon="34.946889">
        <ele>466.6</ele>
        <time>2026-03-24T06:30:23.000Z</time>
        <extensions>
          <gpxtpx:TrackPointExtension>
            <gpxtpx:hr>138</gpxtpx:hr>
            <gpxtpx:cad>80</gpxtpx:cad>
            <gpxtpx:atemp>298.65</gpxtpx:atemp>
          </gpxtpx:TrackPointExtension>
        </extensions>
      </trkpt>
      <trkpt lat="30.272413" lon="34.946789">
        <ele>466.0</ele>
        <time>2026-03-24T06:30:28.000Z</time>
        <extensions>
          <gpxtpx:TrackPointExtension>
            <gpxtpx:hr>138</gpxtpx:hr>
            <gpxtpx:cad>78</gpxtpx:cad>
            <gpxtpx:atemp>298.65</gpxtpx:atemp>
          </gpxtpx:TrackPointExtension>
        </extensions>
      </trkpt>
      <trkpt lat="30.272509" lon="34.946622">
        <ele>465.2</ele>
        <time>2026-03-24T06:30:36.000Z</time>
        <extensions>
          <gpxtpx:TrackPointExtension>
            <gpxtpx:hr>137</gpxtpx:hr>
            <gpxtpx:cad>79</gpxtpx:cad>
            <gpxtpx:atemp>298.65</gpxtpx:atemp>
          </gpxtpx:TrackPointExtension>
        </extensions>
      </trkpt>
      <trkpt lat="30.272580" lon="34.946527">
        <ele>465.4</ele>
        <time>2026-03-24T06:30:44.000Z</time>
        <extensions>
          <gpxtpx:TrackPointExtension>
            <gpxtpx:hr>138</gpxtpx:hr>
            <gpxtpx:cad>64</gpxtpx:cad>
            <gpxtpx:atemp>298.65</gpxtpx:atemp>
          </gpxtpx:TrackPointExtension>
        </extensions>
      </trkpt>
      <trkpt lat="30.272634" lon="34.946417">
        <ele>465.4</ele>
        <time>2026-03-24T06:30:52.000Z</time>
        <extensions>
          <gpxtpx:TrackPointExtension>
            <gpxtpx:hr>135</gpxtpx:hr>
            <gpxtpx:cad>58</gpxtpx:cad>
            <gpxtpx:atemp>298.65</gpxtpx:atemp>
          </gpxtpx:TrackPointExtension>
        </extensions>
      </trkpt>
      <trkpt lat="30.272729" lon="34.946258">
        <ele>466.4</ele>
        <time>2026-03-24T06:31:05.000Z</time>
        <extensions>
          <gpxtpx:TrackPointExtension>
            <gpxtpx:hr>137</gpxtpx:hr>
            <gpxtpx:cad>60</gpxtpx:cad>
            <gpxtpx:atemp>298.65</gpxtpx:atemp>
          </gpxtpx:TrackPointExtension>
        </extensions>
      </trkpt>
      <trkpt lat="30.272753" lon="34.946225">
        <ele>466.4</ele>
        <time>2026-03-24T06:31:07.000Z</time>
        <extensions>
          <gpxtpx:TrackPointExtension>
            <gpxtpx:hr>136</gpxtpx:hr>
            <gpxtpx:cad>60</gpxtpx:cad>
            <gpxtpx:atemp>298.65</gpxtpx:atemp>
          </gpxtpx:TrackPointExtension>
        </extensions>
      </trkpt>
      <trkpt lat="30.272908" lon="34.946048">
        <ele>466.4</ele>
        <time>2026-03-24T06:31:17.000Z</time>
        <extensions>
          <gpxtpx:TrackPointExtension>
            <gpxtpx:hr>125</gpxtpx:hr>
            <gpxtpx:cad>77</gpxtpx:cad>
            <gpxtpx:atemp>298.65</gpxtpx:atemp>
          </gpxtpx:TrackPointExtension>
        </extensions>
      </trkpt>
      <trkpt lat="30.272940" lon="34.946021">
        <ele>466.2</ele>
        <time>2026-03-24T06:31:19.000Z</time>
        <extensions>
          <gpxtpx:TrackPointExtension>
            <gpxtpx:hr>126</gpxtpx:hr>
            <gpxtpx:cad>77</gpxtpx:cad>
            <gpxtpx:atemp>298.65</gpxtpx:atemp>
          </gpxtpx:TrackPointExtension>
        </extensions>
      </trkpt>
      <trkpt lat="30.273030" lon="34.945921">
        <ele>465.2</ele>
        <time>2026-03-24T06:31:25.000Z</time>
        <extensions>
          <gpxtpx:TrackPointExtension>
            <gpxtpx:hr>127</gpxtpx:hr>
            <gpxtpx:cad>78</gpxtpx:cad>
            <gpxtpx:atemp>298.65</gpxtpx:atemp>
          </gpxtpx:TrackPointExtension>
        </extensions>
      </trkpt>
      <trkpt lat="30.273095" lon="34.945832">
        <ele>464.8</ele>
        <time>2026-03-24T06:31:30.000Z</time>
        <extensions>
          <gpxtpx:TrackPointExtension>
            <gpxtpx:hr>129</gpxtpx:hr>
            <gpxtpx:cad>77</gpxtpx:cad>
            <gpxtpx:atemp>298.65</gpxtpx:atemp>
          </gpxtpx:TrackPointExtension>
        </extensions>
      </trkpt>
      <trkpt lat="30.273201" lon="34.945679">
        <ele>464.4</ele>
        <time>2026-03-24T06:31:38.000Z</time>
        <extensions>
          <gpxtpx:TrackPointExtension>
            <gpxtpx:hr>132</gpxtpx:hr>
            <gpxtpx:cad>77</gpxtpx:cad>
            <gpxtpx:atemp>298.65</gpxtpx:atemp>
          </gpxtpx:TrackPointExtension>
        </extensions>
      </trkpt>
      <trkpt lat="30.273264" lon="34.945613">
        <ele>464.0</ele>
        <time>2026-03-24T06:31:42.000Z</time>
        <extensions>
          <gpxtpx:TrackPointExtension>
            <gpxtpx:hr>132</gpxtpx:hr>
            <gpxtpx:cad>78</gpxtpx:cad>
            <gpxtpx:atemp>298.65</gpxtpx:atemp>
          </gpxtpx:TrackPointExtension>
        </extensions>
      </trkpt>
      <trkpt lat="30.273322" lon="34.945543">
        <ele>464.2</ele>
        <time>2026-03-24T06:31:46.000Z</time>
        <extensions>
          <gpxtpx:TrackPointExtension>
            <gpxtpx:hr>133</gpxtpx:hr>
            <gpxtpx:cad>77</gpxtpx:cad>
            <gpxtpx:atemp>298.65</gpxtpx:atemp>
          </gpxtpx:TrackPointExtension>
        </extensions>
      </trkpt>
      <trkpt lat="30.273423" lon="34.945360">
        <ele>463.4</ele>
        <time>2026-03-24T06:31:55.000Z</time>
        <extensions>
          <gpxtpx:TrackPointExtension>
            <gpxtpx:hr>135</gpxtpx:hr>
            <gpxtpx:cad>77</gpxtpx:cad>
            <gpxtpx:atemp>298.65</gpxtpx:atemp>
          </gpxtpx:TrackPointExtension>
        </extensions>
      </trkpt>
      <trkpt lat="30.273469" lon="34.945317">
        <ele>463.2</ele>
        <time>2026-03-24T06:31:58.000Z</time>
        <extensions>
          <gpxtpx:TrackPointExtension>
            <gpxtpx:hr>136</gpxtpx:hr>
            <gpxtpx:cad>78</gpxtpx:cad>
            <gpxtpx:atemp>298.65</gpxtpx:atemp>
          </gpxtpx:TrackPointExtension>
        </extensions>
      </trkpt>
      <trkpt lat="30.273496" lon="34.945259">
        <ele>462.8</ele>
        <time>2026-03-24T06:32:01.000Z</time>
        <extensions>
          <gpxtpx:TrackPointExtension>
            <gpxtpx:hr>137</gpxtpx:hr>
            <gpxtpx:cad>76</gpxtpx:cad>
            <gpxtpx:atemp>298.65</gpxtpx:atemp>
          </gpxtpx:TrackPointExtension>
        </extensions>
      </trkpt>
      <trkpt lat="30.273529" lon="34.945162">
        <ele>462.6</ele>
        <time>2026-03-24T06:32:08.000Z</time>
        <extensions>
          <gpxtpx:TrackPointExtension>
            <gpxtpx:hr>138</gpxtpx:hr>
            <gpxtpx:cad>73</gpxtpx:cad>
            <gpxtpx:atemp>298.65</gpxtpx:atemp>
          </gpxtpx:TrackPointExtension>
        </extensions>
      </trkpt>
      <trkpt lat="30.273625" lon="34.945085">
        <ele>464.2</ele>
        <time>2026-03-24T06:32:15.000Z</time>
        <extensions>
          <gpxtpx:TrackPointExtension>
            <gpxtpx:hr>136</gpxtpx:hr>
            <gpxtpx:cad>73</gpxtpx:cad>
            <gpxtpx:atemp>298.65</gpxtpx:atemp>
          </gpxtpx:TrackPointExtension>
        </extensions>
      </trkpt>
      <trkpt lat="30.273724" lon="34.945053">
        <ele>464.0</ele>
        <time>2026-03-24T06:32:21.000Z</time>
        <extensions>
          <gpxtpx:TrackPointExtension>
            <gpxtpx:hr>137</gpxtpx:hr>
            <gpxtpx:cad>73</gpxtpx:cad>
            <gpxtpx:atemp>298.65</gpxtpx:atemp>
          </gpxtpx:TrackPointExtension>
        </extensions>
      </trkpt>
      <trkpt lat="30.273777" lon="34.945017">
        <ele>463.8</ele>
        <time>2026-03-24T06:32:24.000Z</time>
        <extensions>
          <gpxtpx:TrackPointExtension>
            <gpxtpx:hr>136</gpxtpx:hr>
            <gpxtpx:cad>72</gpxtpx:cad>
            <gpxtpx:atemp>298.65</gpxtpx:atemp>
          </gpxtpx:TrackPointExtension>
        </extensions>
      </trkpt>
      <trkpt lat="30.273874" lon="34.944935">
        <ele>465.0</ele>
        <time>2026-03-24T06:32:30.000Z</time>
        <extensions>
          <gpxtpx:TrackPointExtension>
            <gpxtpx:hr>135</gpxtpx:hr>
            <gpxtpx:cad>74</gpxtpx:cad>
            <gpxtpx:atemp>298.65</gpxtpx:atemp>
          </gpxtpx:TrackPointExtension>
        </extensions>
      </trkpt>
      <trkpt lat="30.273939" lon="34.944846">
        <ele>464.2</ele>
        <time>2026-03-24T06:32:38.000Z</time>
        <extensions>
          <gpxtpx:TrackPointExtension>
            <gpxtpx:hr>136</gpxtpx:hr>
            <gpxtpx:cad>74</gpxtpx:cad>
            <gpxtpx:atemp>298.65</gpxtpx:atemp>
          </gpxtpx:TrackPointExtension>
        </extensions>
      </trkpt>
      <trkpt lat="30.273967" lon="34.944822">
        <ele>463.4</ele>
        <time>2026-03-24T06:32:42.000Z</time>
        <extensions>
          <gpxtpx:TrackPointExtension>
            <gpxtpx:hr>134</gpxtpx:hr>
            <gpxtpx:cad>55</gpxtpx:cad>
            <gpxtpx:atemp>298.65</gpxtpx:atemp>
          </gpxtpx:TrackPointExtension>
        </extensions>
      </trkpt>
      <trkpt lat="30.274013" lon="34.944766">
        <ele>463.6</ele>
        <time>2026-03-24T06:32:48.000Z</time>
        <extensions>
          <gpxtpx:TrackPointExtension>
            <gpxtpx:hr>131</gpxtpx:hr>
            <gpxtpx:cad>49</gpxtpx:cad>
            <gpxtpx:atemp>298.65</gpxtpx:atemp>
          </gpxtpx:TrackPointExtension>
        </extensions>
      </trkpt>
      <trkpt lat="30.274171" lon="34.944645">
        <ele>465.2</ele>
        <time>2026-03-24T06:32:58.000Z</time>
        <extensions>
          <gpxtpx:TrackPointExtension>
            <gpxtpx:hr>128</gpxtpx:hr>
            <gpxtpx:cad>78</gpxtpx:cad>
            <gpxtpx:atemp>298.65</gpxtpx:atemp>
          </gpxtpx:TrackPointExtension>
        </extensions>
      </trkpt>
      <trkpt lat="30.274206" lon="34.944621">
        <ele>465.6</ele>
        <time>2026-03-24T06:33:00.000Z</time>
        <extensions>
          <gpxtpx:TrackPointExtension>
            <gpxtpx:hr>131</gpxtpx:hr>
            <gpxtpx:cad>76</gpxtpx:cad>
            <gpxtpx:atemp>298.65</gpxtpx:atemp>
          </gpxtpx:TrackPointExtension>
        </extensions>
      </trkpt>
      <trkpt lat="30.274281" lon="34.944559">
        <ele>465.2</ele>
        <time>2026-03-24T06:33:04.000Z</time>
        <extensions>
          <gpxtpx:TrackPointExtension>
            <gpxtpx:hr>130</gpxtpx:hr>
            <gpxtpx:cad>77</gpxtpx:cad>
            <gpxtpx:atemp>298.65</gpxtpx:atemp>
          </gpxtpx:TrackPointExtension>
        </extensions>
      </trkpt>
      <trkpt lat="30.274350" lon="34.944493">
        <ele>464.4</ele>
        <time>2026-03-24T06:33:08.000Z</time>
        <extensions>
          <gpxtpx:TrackPointExtension>
            <gpxtpx:hr>129</gpxtpx:hr>
            <gpxtpx:cad>78</gpxtpx:cad>
            <gpxtpx:atemp>298.65</gpxtpx:atemp>
          </gpxtpx:TrackPointExtension>
        </extensions>
      </trkpt>
      <trkpt lat="30.274423" lon="34.944437">
        <ele>464.2</ele>
        <time>2026-03-24T06:33:12.000Z</time>
        <extensions>
          <gpxtpx:TrackPointExtension>
            <gpxtpx:hr>129</gpxtpx:hr>
            <gpxtpx:cad>78</gpxtpx:cad>
            <gpxtpx:atemp>298.65</gpxtpx:atemp>
          </gpxtpx:TrackPointExtension>
        </extensions>
      </trkpt>
      <trkpt lat="30.274477" lon="34.944389">
        <ele>463.6</ele>
        <time>2026-03-24T06:33:15.000Z</time>
        <extensions>
          <gpxtpx:TrackPointExtension>
            <gpxtpx:hr>129</gpxtpx:hr>
            <gpxtpx:cad>77</gpxtpx:cad>
            <gpxtpx:atemp>298.65</gpxtpx:atemp>
          </gpxtpx:TrackPointExtension>
        </extensions>
      </trkpt>
      <trkpt lat="30.274551" lon="34.944306">
        <ele>462.6</ele>
        <time>2026-03-24T06:33:20.000Z</time>
        <extensions>
          <gpxtpx:TrackPointExtension>
            <gpxtpx:hr>130</gpxtpx:hr>
            <gpxtpx:cad>79</gpxtpx:cad>
            <gpxtpx:atemp>298.65</gpxtpx:atemp>
          </gpxtpx:TrackPointExtension>
        </extensions>
      </trkpt>
      <trkpt lat="30.274597" lon="34.944268">
        <ele>462.0</ele>
        <time>2026-03-24T06:33:23.000Z</time>
        <extensions>
          <gpxtpx:TrackPointExtension>
            <gpxtpx:hr>130</gpxtpx:hr>
            <gpxtpx:cad>79</gpxtpx:cad>
            <gpxtpx:atemp>298.65</gpxtpx:atemp>
          </gpxtpx:TrackPointExtension>
        </extensions>
      </trkpt>
      <trkpt lat="30.274636" lon="34.944218">
        <ele>461.8</ele>
        <time>2026-03-24T06:33:26.000Z</time>
        <extensions>
          <gpxtpx:TrackPointExtension>
            <gpxtpx:hr>130</gpxtpx:hr>
            <gpxtpx:cad>78</gpxtpx:cad>
            <gpxtpx:atemp>298.65</gpxtpx:atemp>
          </gpxtpx:TrackPointExtension>
        </extensions>
      </trkpt>
      <trkpt lat="30.274716" lon="34.944147">
        <ele>461.6</ele>
        <time>2026-03-24T06:33:34.000Z</time>
        <extensions>
          <gpxtpx:TrackPointExtension>
            <gpxtpx:hr>131</gpxtpx:hr>
            <gpxtpx:cad>77</gpxtpx:cad>
            <gpxtpx:atemp>298.65</gpxtpx:atemp>
          </gpxtpx:TrackPointExtension>
        </extensions>
      </trkpt>
      <trkpt lat="30.274774" lon="34.944007">
        <ele>461.4</ele>
        <time>2026-03-24T06:33:53.000Z</time>
        <extensions>
          <gpxtpx:TrackPointExtension>
            <gpxtpx:hr>128</gpxtpx:hr>
            <gpxtpx:cad>0</gpxtpx:cad>
            <gpxtpx:atemp>298.65</gpxtpx:atemp>
          </gpxtpx:TrackPointExtension>
        </extensions>
      </trkpt>
      <trkpt lat="30.274816" lon="34.943925">
        <ele>461.8</ele>
        <time>2026-03-24T06:33:58.000Z</time>
        <extensions>
          <gpxtpx:TrackPointExtension>
            <gpxtpx:hr>127</gpxtpx:hr>
            <gpxtpx:cad>0</gpxtpx:cad>
            <gpxtpx:atemp>298.65</gpxtpx:atemp>
          </gpxtpx:TrackPointExtension>
        </extensions>
      </trkpt>
      <trkpt lat="30.274856" lon="34.943819">
        <ele>462.2</ele>
        <time>2026-03-24T06:34:04.000Z</time>
        <extensions>
          <gpxtpx:TrackPointExtension>
            <gpxtpx:hr>124</gpxtpx:hr>
            <gpxtpx:cad>72</gpxtpx:cad>
            <gpxtpx:atemp>298.65</gpxtpx:atemp>
          </gpxtpx:TrackPointExtension>
        </extensions>
      </trkpt>
      <trkpt lat="30.274924" lon="34.943762">
        <ele>462.0</ele>
        <time>2026-03-24T06:34:08.000Z</time>
        <extensions>
          <gpxtpx:TrackPointExtension>
            <gpxtpx:hr>124</gpxtpx:hr>
            <gpxtpx:cad>73</gpxtpx:cad>
            <gpxtpx:atemp>298.65</gpxtpx:atemp>
          </gpxtpx:TrackPointExtension>
        </extensions>
      </trkpt>
      <trkpt lat="30.274952" lon="34.943728">
        <ele>462.2</ele>
        <time>2026-03-24T06:34:10.000Z</time>
        <extensions>
          <gpxtpx:TrackPointExtension>
            <gpxtpx:hr>124</gpxtpx:hr>
            <gpxtpx:cad>76</gpxtpx:cad>
            <gpxtpx:atemp>298.65</gpxtpx:atemp>
          </gpxtpx:TrackPointExtension>
        </extensions>
      </trkpt>
      <trkpt lat="30.275003" lon="34.943654">
        <ele>462.4</ele>
        <time>2026-03-24T06:34:14.000Z</time>
        <extensions>
          <gpxtpx:TrackPointExtension>
            <gpxtpx:hr>125</gpxtpx:hr>
            <gpxtpx:cad>78</gpxtpx:cad>
            <gpxtpx:atemp>298.65</gpxtpx:atemp>
          </gpxtpx:TrackPointExtension>
        </extensions>
      </trkpt>
      <trkpt lat="30.275088" lon="34.943553">
        <ele>462.6</ele>
        <time>2026-03-24T06:34:20.000Z</time>
        <extensions>
          <gpxtpx:TrackPointExtension>
            <gpxtpx:hr>128</gpxtpx:hr>
            <gpxtpx:cad>77</gpxtpx:cad>
            <gpxtpx:atemp>298.65</gpxtpx:atemp>
          </gpxtpx:TrackPointExtension>
        </extensions>
      </trkpt>
      <trkpt lat="30.275168" lon="34.943476">
        <ele>462.4</ele>
        <time>2026-03-24T06:34:26.000Z</time>
        <extensions>
          <gpxtpx:TrackPointExtension>
            <gpxtpx:hr>130</gpxtpx:hr>
            <gpxtpx:cad>74</gpxtpx:cad>
            <gpxtpx:atemp>298.65</gpxtpx:atemp>
          </gpxtpx:TrackPointExtension>
        </extensions>
      </trkpt>
      <trkpt lat="30.275210" lon="34.943427">
        <ele>462.4</ele>
        <time>2026-03-24T06:34:29.000Z</time>
        <extensions>
          <gpxtpx:TrackPointExtension>
            <gpxtpx:hr>130</gpxtpx:hr>
            <gpxtpx:cad>73</gpxtpx:cad>
            <gpxtpx:atemp>298.65</gpxtpx:atemp>
          </gpxtpx:TrackPointExtension>
        </extensions>
      </trkpt>
      <trkpt lat="30.275278" lon="34.943289">
        <ele>461.8</ele>
        <time>2026-03-24T06:34:35.000Z</time>
        <extensions>
          <gpxtpx:TrackPointExtension>
            <gpxtpx:hr>131</gpxtpx:hr>
            <gpxtpx:cad>77</gpxtpx:cad>
            <gpxtpx:atemp>298.65</gpxtpx:atemp>
          </gpxtpx:TrackPointExtension>
        </extensions>
      </trkpt>
      <trkpt lat="30.275440" lon="34.943099">
        <ele>461.2</ele>
        <time>2026-03-24T06:34:46.000Z</time>
        <extensions>
          <gpxtpx:TrackPointExtension>
            <gpxtpx:hr>135</gpxtpx:hr>
            <gpxtpx:cad>78</gpxtpx:cad>
            <gpxtpx:atemp>298.65</gpxtpx:atemp>
          </gpxtpx:TrackPointExtension>
        </extensions>
      </trkpt>
      <trkpt lat="30.275483" lon="34.943021">
        <ele>460.2</ele>
        <time>2026-03-24T06:34:51.000Z</time>
        <extensions>
          <gpxtpx:TrackPointExtension>
            <gpxtpx:hr>135</gpxtpx:hr>
            <gpxtpx:cad>78</gpxtpx:cad>
            <gpxtpx:atemp>298.65</gpxtpx:atemp>
          </gpxtpx:TrackPointExtension>
        </extensions>
      </trkpt>
      <trkpt lat="30.275621" lon="34.942872">
        <ele>460.2</ele>
        <time>2026-03-24T06:35:03.000Z</time>
        <extensions>
          <gpxtpx:TrackPointExtension>
            <gpxtpx:hr>133</gpxtpx:hr>
            <gpxtpx:cad>77</gpxtpx:cad>
            <gpxtpx:atemp>298.65</gpxtpx:atemp>
          </gpxtpx:TrackPointExtension>
        </extensions>
      </trkpt>
      <trkpt lat="30.275705" lon="34.942792">
        <ele>460.0</ele>
        <time>2026-03-24T06:35:09.000Z</time>
        <extensions>
          <gpxtpx:TrackPointExtension>
            <gpxtpx:hr>133</gpxtpx:hr>
            <gpxtpx:cad>76</gpxtpx:cad>
            <gpxtpx:atemp>298.65</gpxtpx:atemp>
          </gpxtpx:TrackPointExtension>
        </extensions>
      </trkpt>
      <trkpt lat="30.275764" lon="34.942710">
        <ele>459.6</ele>
        <time>2026-03-24T06:35:14.000Z</time>
        <extensions>
          <gpxtpx:TrackPointExtension>
            <gpxtpx:hr>132</gpxtpx:hr>
            <gpxtpx:cad>74</gpxtpx:cad>
            <gpxtpx:atemp>298.65</gpxtpx:atemp>
          </gpxtpx:TrackPointExtension>
        </extensions>
      </trkpt>
      <trkpt lat="30.275787" lon="34.942683">
        <ele>459.4</ele>
        <time>2026-03-24T06:35:16.000Z</time>
        <extensions>
          <gpxtpx:TrackPointExtension>
            <gpxtpx:hr>132</gpxtpx:hr>
            <gpxtpx:cad>73</gpxtpx:cad>
            <gpxtpx:atemp>298.65</gpxtpx:atemp>
          </gpxtpx:TrackPointExtension>
        </extensions>
      </trkpt>
      <trkpt lat="30.275875" lon="34.942613">
        <ele>459.0</ele>
        <time>2026-03-24T06:35:22.000Z</time>
        <extensions>
          <gpxtpx:TrackPointExtension>
            <gpxtpx:hr>131</gpxtpx:hr>
            <gpxtpx:cad>73</gpxtpx:cad>
            <gpxtpx:atemp>298.65</gpxtpx:atemp>
          </gpxtpx:TrackPointExtension>
        </extensions>
      </trkpt>
      <trkpt lat="30.275946" lon="34.942585">
        <ele>458.4</ele>
        <time>2026-03-24T06:35:29.000Z</time>
        <extensions>
          <gpxtpx:TrackPointExtension>
            <gpxtpx:hr>133</gpxtpx:hr>
            <gpxtpx:cad>72</gpxtpx:cad>
            <gpxtpx:atemp>298.65</gpxtpx:atemp>
          </gpxtpx:TrackPointExtension>
        </extensions>
      </trkpt>
      <trkpt lat="30.276054" lon="34.942553">
        <ele>459.2</ele>
        <time>2026-03-24T06:35:36.000Z</time>
        <extensions>
          <gpxtpx:TrackPointExtension>
            <gpxtpx:hr>133</gpxtpx:hr>
            <gpxtpx:cad>68</gpxtpx:cad>
            <gpxtpx:atemp>298.65</gpxtpx:atemp>
          </gpxtpx:TrackPointExtension>
        </extensions>
      </trkpt>
      <trkpt lat="30.276084" lon="34.942549">
        <ele>459.6</ele>
        <time>2026-03-24T06:35:38.000Z</time>
        <extensions>
          <gpxtpx:TrackPointExtension>
            <gpxtpx:hr>131</gpxtpx:hr>
            <gpxtpx:cad>68</gpxtpx:cad>
            <gpxtpx:atemp>298.65</gpxtpx:atemp>
          </gpxtpx:TrackPointExtension>
        </extensions>
      </trkpt>
      <trkpt lat="30.276175" lon="34.942526">
        <ele>459.8</ele>
        <time>2026-03-24T06:35:43.000Z</time>
        <extensions>
          <gpxtpx:TrackPointExtension>
            <gpxtpx:hr>132</gpxtpx:hr>
            <gpxtpx:cad>72</gpxtpx:cad>
            <gpxtpx:atemp>298.65</gpxtpx:atemp>
          </gpxtpx:TrackPointExtension>
        </extensions>
      </trkpt>
      <trkpt lat="30.276243" lon="34.942494">
        <ele>459.8</ele>
        <time>2026-03-24T06:35:47.000Z</time>
        <extensions>
          <gpxtpx:TrackPointExtension>
            <gpxtpx:hr>131</gpxtpx:hr>
            <gpxtpx:cad>75</gpxtpx:cad>
            <gpxtpx:atemp>298.65</gpxtpx:atemp>
          </gpxtpx:TrackPointExtension>
        </extensions>
      </trkpt>
      <trkpt lat="30.276319" lon="34.942469">
        <ele>460.0</ele>
        <time>2026-03-24T06:35:51.000Z</time>
        <extensions>
          <gpxtpx:TrackPointExtension>
            <gpxtpx:hr>131</gpxtpx:hr>
            <gpxtpx:cad>78</gpxtpx:cad>
            <gpxtpx:atemp>298.65</gpxtpx:atemp>
          </gpxtpx:TrackPointExtension>
        </extensions>
      </trkpt>
      <trkpt lat="30.276367" lon="34.942444">
        <ele>459.8</ele>
        <time>2026-03-24T06:35:54.000Z</time>
        <extensions>
          <gpxtpx:TrackPointExtension>
            <gpxtpx:hr>130</gpxtpx:hr>
            <gpxtpx:cad>76</gpxtpx:cad>
            <gpxtpx:atemp>298.65</gpxtpx:atemp>
          </gpxtpx:TrackPointExtension>
        </extensions>
      </trkpt>
      <trkpt lat="30.276466" lon="34.942405">
        <ele>456.6</ele>
        <time>2026-03-24T06:36:35.000Z</time>
        <extensions>
          <gpxtpx:TrackPointExtension>
            <gpxtpx:hr>121</gpxtpx:hr>
            <gpxtpx:cad>0</gpxtpx:cad>
            <gpxtpx:atemp>298.65</gpxtpx:atemp>
          </gpxtpx:TrackPointExtension>
        </extensions>
      </trkpt>
      <trkpt lat="30.276553" lon="34.942352">
        <ele>456.6</ele>
        <time>2026-03-24T06:36:43.000Z</time>
        <extensions>
          <gpxtpx:TrackPointExtension>
            <gpxtpx:hr>116</gpxtpx:hr>
            <gpxtpx:cad>0</gpxtpx:cad>
            <gpxtpx:atemp>299.65</gpxtpx:atemp>
          </gpxtpx:TrackPointExtension>
        </extensions>
      </trkpt>
      <trkpt lat="30.276613" lon="34.942336">
        <ele>456.8</ele>
        <time>2026-03-24T06:36:47.000Z</time>
        <extensions>
          <gpxtpx:TrackPointExtension>
            <gpxtpx:hr>112</gpxtpx:hr>
            <gpxtpx:cad>72</gpxtpx:cad>
            <gpxtpx:atemp>299.65</gpxtpx:atemp>
          </gpxtpx:TrackPointExtension>
        </extensions>
      </trkpt>
      <trkpt lat="30.276725" lon="34.942290">
        <ele>457.0</ele>
        <time>2026-03-24T06:36:53.000Z</time>
        <extensions>
          <gpxtpx:TrackPointExtension>
            <gpxtpx:hr>110</gpxtpx:hr>
            <gpxtpx:cad>70</gpxtpx:cad>
            <gpxtpx:atemp>299.65</gpxtpx:atemp>
          </gpxtpx:TrackPointExtension>
        </extensions>
      </trkpt>
      <trkpt lat="30.276772" lon="34.942251">
        <ele>457.2</ele>
        <time>2026-03-24T06:36:56.000Z</time>
        <extensions>
          <gpxtpx:TrackPointExtension>
            <gpxtpx:hr>111</gpxtpx:hr>
            <gpxtpx:cad>74</gpxtpx:cad>
            <gpxtpx:atemp>299.65</gpxtpx:atemp>
          </gpxtpx:TrackPointExtension>
        </extensions>
      </trkpt>
      <trkpt lat="30.276892" lon="34.942184">
        <ele>457.0</ele>
        <time>2026-03-24T06:37:03.000Z</time>
        <extensions>
          <gpxtpx:TrackPointExtension>
            <gpxtpx:hr>118</gpxtpx:hr>
            <gpxtpx:cad>74</gpxtpx:cad>
            <gpxtpx:atemp>299.65</gpxtpx:atemp>
          </gpxtpx:TrackPointExtension>
        </extensions>
      </trkpt>
      <trkpt lat="30.277023" lon="34.942106">
        <ele>457.2</ele>
        <time>2026-03-24T06:37:11.000Z</time>
        <extensions>
          <gpxtpx:TrackPointExtension>
            <gpxtpx:hr>123</gpxtpx:hr>
            <gpxtpx:cad>74</gpxtpx:cad>
            <gpxtpx:atemp>299.65</gpxtpx:atemp>
          </gpxtpx:TrackPointExtension>
        </extensions>
      </trkpt>
      <trkpt lat="30.277102" lon="34.942037">
        <ele>457.2</ele>
        <time>2026-03-24T06:37:16.000Z</time>
        <extensions>
          <gpxtpx:TrackPointExtension>
            <gpxtpx:hr>122</gpxtpx:hr>
            <gpxtpx:cad>76</gpxtpx:cad>
            <gpxtpx:atemp>298.65</gpxtpx:atemp>
          </gpxtpx:TrackPointExtension>
        </extensions>
      </trkpt>
      <trkpt lat="30.277227" lon="34.941941">
        <ele>457.2</ele>
        <time>2026-03-24T06:37:23.000Z</time>
        <extensions>
          <gpxtpx:TrackPointExtension>
            <gpxtpx:hr>124</gpxtpx:hr>
            <gpxtpx:cad>76</gpxtpx:cad>
            <gpxtpx:atemp>298.65</gpxtpx:atemp>
          </gpxtpx:TrackPointExtension>
        </extensions>
      </trkpt>
      <trkpt lat="30.277367" lon="34.941784">
        <ele>457.4</ele>
        <time>2026-03-24T06:37:34.000Z</time>
        <extensions>
          <gpxtpx:TrackPointExtension>
            <gpxtpx:hr>128</gpxtpx:hr>
            <gpxtpx:cad>74</gpxtpx:cad>
            <gpxtpx:atemp>298.65</gpxtpx:atemp>
          </gpxtpx:TrackPointExtension>
        </extensions>
      </trkpt>
      <trkpt lat="30.277433" lon="34.941740">
        <ele>457.8</ele>
        <time>2026-03-24T06:37:43.000Z</time>
        <extensions>
          <gpxtpx:TrackPointExtension>
            <gpxtpx:hr>129</gpxtpx:hr>
            <gpxtpx:cad>56</gpxtpx:cad>
            <gpxtpx:atemp>298.65</gpxtpx:atemp>
          </gpxtpx:TrackPointExtension>
        </extensions>
      </trkpt>
      <trkpt lat="30.277485" lon="34.941637">
        <ele>458.6</ele>
        <time>2026-03-24T06:37:49.000Z</time>
        <extensions>
          <gpxtpx:TrackPointExtension>
            <gpxtpx:hr>129</gpxtpx:hr>
            <gpxtpx:cad>56</gpxtpx:cad>
            <gpxtpx:atemp>298.65</gpxtpx:atemp>
          </gpxtpx:TrackPointExtension>
        </extensions>
      </trkpt>
      <trkpt lat="30.277564" lon="34.941510">
        <ele>457.8</ele>
        <time>2026-03-24T06:37:56.000Z</time>
        <extensions>
          <gpxtpx:TrackPointExtension>
            <gpxtpx:hr>130</gpxtpx:hr>
            <gpxtpx:cad>72</gpxtpx:cad>
            <gpxtpx:atemp>298.65</gpxtpx:atemp>
          </gpxtpx:TrackPointExtension>
        </extensions>
      </trkpt>
      <trkpt lat="30.277578" lon="34.941464">
        <ele>457.6</ele>
        <time>2026-03-24T06:37:58.000Z</time>
        <extensions>
          <gpxtpx:TrackPointExtension>
            <gpxtpx:hr>129</gpxtpx:hr>
            <gpxtpx:cad>72</gpxtpx:cad>
            <gpxtpx:atemp>298.65</gpxtpx:atemp>
          </gpxtpx:TrackPointExtension>
        </extensions>
      </trkpt>
      <trkpt lat="30.277643" lon="34.941337">
        <ele>457.6</ele>
        <time>2026-03-24T06:38:05.000Z</time>
        <extensions>
          <gpxtpx:TrackPointExtension>
            <gpxtpx:hr>133</gpxtpx:hr>
            <gpxtpx:cad>76</gpxtpx:cad>
            <gpxtpx:atemp>298.65</gpxtpx:atemp>
          </gpxtpx:TrackPointExtension>
        </extensions>
      </trkpt>
      <trkpt lat="30.277652" lon="34.941314">
        <ele>457.8</ele>
        <time>2026-03-24T06:38:07.000Z</time>
        <extensions>
          <gpxtpx:TrackPointExtension>
            <gpxtpx:hr>134</gpxtpx:hr>
            <gpxtpx:cad>76</gpxtpx:cad>
            <gpxtpx:atemp>298.65</gpxtpx:atemp>
          </gpxtpx:TrackPointExtension>
        </extensions>
      </trkpt>
      <trkpt lat="30.277708" lon="34.941211">
        <ele>457.6</ele>
        <time>2026-03-24T06:38:12.000Z</time>
        <extensions>
          <gpxtpx:TrackPointExtension>
            <gpxtpx:hr>135</gpxtpx:hr>
            <gpxtpx:cad>76</gpxtpx:cad>
            <gpxtpx:atemp>298.65</gpxtpx:atemp>
          </gpxtpx:TrackPointExtension>
        </extensions>
      </trkpt>
      <trkpt lat="30.277811" lon="34.941036">
        <ele>457.8</ele>
        <time>2026-03-24T06:38:22.000Z</time>
        <extensions>
          <gpxtpx:TrackPointExtension>
            <gpxtpx:hr>136</gpxtpx:hr>
            <gpxtpx:cad>77</gpxtpx:cad>
            <gpxtpx:atemp>298.65</gpxtpx:atemp>
          </gpxtpx:TrackPointExtension>
        </extensions>
      </trkpt>
      <trkpt lat="30.277856" lon="34.940928">
        <ele>457.4</ele>
        <time>2026-03-24T06:38:27.000Z</time>
        <extensions>
          <gpxtpx:TrackPointExtension>
            <gpxtpx:hr>137</gpxtpx:hr>
            <gpxtpx:cad>78</gpxtpx:cad>
            <gpxtpx:atemp>298.65</gpxtpx:atemp>
          </gpxtpx:TrackPointExtension>
        </extensions>
      </trkpt>
      <trkpt lat="30.277913" lon="34.940863">
        <ele>457.6</ele>
        <time>2026-03-24T06:38:30.000Z</time>
        <extensions>
          <gpxtpx:TrackPointExtension>
            <gpxtpx:hr>138</gpxtpx:hr>
            <gpxtpx:cad>76</gpxtpx:cad>
            <gpxtpx:atemp>298.65</gpxtpx:atemp>
          </gpxtpx:TrackPointExtension>
        </extensions>
      </trkpt>
      <trkpt lat="30.277979" lon="34.940825">
        <ele>457.6</ele>
        <time>2026-03-24T06:38:34.000Z</time>
        <extensions>
          <gpxtpx:TrackPointExtension>
            <gpxtpx:hr>140</gpxtpx:hr>
            <gpxtpx:cad>76</gpxtpx:cad>
            <gpxtpx:atemp>298.65</gpxtpx:atemp>
          </gpxtpx:TrackPointExtension>
        </extensions>
      </trkpt>
      <trkpt lat="30.278194" lon="34.940630">
        <ele>458.0</ele>
        <time>2026-03-24T06:38:50.000Z</time>
        <extensions>
          <gpxtpx:TrackPointExtension>
            <gpxtpx:hr>139</gpxtpx:hr>
            <gpxtpx:cad>0</gpxtpx:cad>
            <gpxtpx:atemp>298.65</gpxtpx:atemp>
          </gpxtpx:TrackPointExtension>
        </extensions>
      </trkpt>
      <trkpt lat="30.278256" lon="34.940588">
        <ele>458.8</ele>
        <time>2026-03-24T06:38:55.000Z</time>
        <extensions>
          <gpxtpx:TrackPointExtension>
            <gpxtpx:hr>139</gpxtpx:hr>
            <gpxtpx:cad>61</gpxtpx:cad>
            <gpxtpx:atemp>298.65</gpxtpx:atemp>
          </gpxtpx:TrackPointExtension>
        </extensions>
      </trkpt>
      <trkpt lat="30.278364" lon="34.940490">
        <ele>458.2</ele>
        <time>2026-03-24T06:39:08.000Z</time>
        <extensions>
          <gpxtpx:TrackPointExtension>
            <gpxtpx:hr>139</gpxtpx:hr>
            <gpxtpx:cad>53</gpxtpx:cad>
            <gpxtpx:atemp>298.65</gpxtpx:atemp>
          </gpxtpx:TrackPointExtension>
        </extensions>
      </trkpt>
      <trkpt lat="30.278481" lon="34.940409">
        <ele>458.4</ele>
        <time>2026-03-24T06:39:22.000Z</time>
        <extensions>
          <gpxtpx:TrackPointExtension>
            <gpxtpx:hr>127</gpxtpx:hr>
            <gpxtpx:cad>50</gpxtpx:cad>
            <gpxtpx:atemp>298.65</gpxtpx:atemp>
          </gpxtpx:TrackPointExtension>
        </extensions>
      </trkpt>
      <trkpt lat="30.278490" lon="34.940340">
        <ele>459.0</ele>
        <time>2026-03-24T06:39:27.000Z</time>
        <extensions>
          <gpxtpx:TrackPointExtension>
            <gpxtpx:hr>125</gpxtpx:hr>
            <gpxtpx:cad>52</gpxtpx:cad>
            <gpxtpx:atemp>298.65</gpxtpx:atemp>
          </gpxtpx:TrackPointExtension>
        </extensions>
      </trkpt>
      <trkpt lat="30.278491" lon="34.940237">
        <ele>459.2</ele>
        <time>2026-03-24T06:39:32.000Z</time>
        <extensions>
          <gpxtpx:TrackPointExtension>
            <gpxtpx:hr>122</gpxtpx:hr>
            <gpxtpx:cad>0</gpxtpx:cad>
            <gpxtpx:atemp>298.65</gpxtpx:atemp>
          </gpxtpx:TrackPointExtension>
        </extensions>
      </trkpt>
      <trkpt lat="30.278518" lon="34.940101">
        <ele>457.6</ele>
        <time>2026-03-24T06:39:39.000Z</time>
        <extensions>
          <gpxtpx:TrackPointExtension>
            <gpxtpx:hr>118</gpxtpx:hr>
            <gpxtpx:cad>72</gpxtpx:cad>
            <gpxtpx:atemp>298.65</gpxtpx:atemp>
          </gpxtpx:TrackPointExtension>
        </extensions>
      </trkpt>
      <trkpt lat="30.278554" lon="34.940004">
        <ele>457.2</ele>
        <time>2026-03-24T06:39:44.000Z</time>
        <extensions>
          <gpxtpx:TrackPointExtension>
            <gpxtpx:hr>116</gpxtpx:hr>
            <gpxtpx:cad>71</gpxtpx:cad>
            <gpxtpx:atemp>298.65</gpxtpx:atemp>
          </gpxtpx:TrackPointExtension>
        </extensions>
      </trkpt>
      <trkpt lat="30.278615" lon="34.939874">
        <ele>455.4</ele>
        <time>2026-03-24T06:39:51.000Z</time>
        <extensions>
          <gpxtpx:TrackPointExtension>
            <gpxtpx:hr>116</gpxtpx:hr>
            <gpxtpx:cad>73</gpxtpx:cad>
            <gpxtpx:atemp>298.65</gpxtpx:atemp>
          </gpxtpx:TrackPointExtension>
        </extensions>
      </trkpt>
      <trkpt lat="30.278664" lon="34.939809">
        <ele>454.4</ele>
        <time>2026-03-24T06:39:55.000Z</time>
        <extensions>
          <gpxtpx:TrackPointExtension>
            <gpxtpx:hr>117</gpxtpx:hr>
            <gpxtpx:cad>71</gpxtpx:cad>
            <gpxtpx:atemp>298.65</gpxtpx:atemp>
          </gpxtpx:TrackPointExtension>
        </extensions>
      </trkpt>
      <trkpt lat="30.278738" lon="34.939722">
        <ele>453.2</ele>
        <time>2026-03-24T06:40:00.000Z</time>
        <extensions>
          <gpxtpx:TrackPointExtension>
            <gpxtpx:hr>117</gpxtpx:hr>
            <gpxtpx:cad>73</gpxtpx:cad>
            <gpxtpx:atemp>298.65</gpxtpx:atemp>
          </gpxtpx:TrackPointExtension>
        </extensions>
      </trkpt>
      <trkpt lat="30.278766" lon="34.939607">
        <ele>451.6</ele>
        <time>2026-03-24T06:40:10.000Z</time>
        <extensions>
          <gpxtpx:TrackPointExtension>
            <gpxtpx:hr>117</gpxtpx:hr>
            <gpxtpx:cad>72</gpxtpx:cad>
            <gpxtpx:atemp>298.65</gpxtpx:atemp>
          </gpxtpx:TrackPointExtension>
        </extensions>
      </trkpt>
      <trkpt lat="30.278783" lon="34.939555">
        <ele>451.8</ele>
        <time>2026-03-24T06:40:16.000Z</time>
        <extensions>
          <gpxtpx:TrackPointExtension>
            <gpxtpx:hr>118</gpxtpx:hr>
            <gpxtpx:cad>56</gpxtpx:cad>
            <gpxtpx:atemp>298.65</gpxtpx:atemp>
          </gpxtpx:TrackPointExtension>
        </extensions>
      </trkpt>
      <trkpt lat="30.278841" lon="34.939486">
        <ele>453.8</ele>
        <time>2026-03-24T06:40:26.000Z</time>
        <extensions>
          <gpxtpx:TrackPointExtension>
            <gpxtpx:hr>116</gpxtpx:hr>
            <gpxtpx:cad>53</gpxtpx:cad>
            <gpxtpx:atemp>298.65</gpxtpx:atemp>
          </gpxtpx:TrackPointExtension>
        </extensions>
      </trkpt>
      <trkpt lat="30.278951" lon="34.939370">
        <ele>456.8</ele>
        <time>2026-03-24T06:40:37.000Z</time>
        <extensions>
          <gpxtpx:TrackPointExtension>
            <gpxtpx:hr>124</gpxtpx:hr>
            <gpxtpx:cad>76</gpxtpx:cad>
            <gpxtpx:atemp>298.65</gpxtpx:atemp>
          </gpxtpx:TrackPointExtension>
        </extensions>
      </trkpt>
      <trkpt lat="30.279021" lon="34.939281">
        <ele>457.0</ele>
        <time>2026-03-24T06:40:43.000Z</time>
        <extensions>
          <gpxtpx:TrackPointExtension>
            <gpxtpx:hr>128</gpxtpx:hr>
            <gpxtpx:cad>76</gpxtpx:cad>
            <gpxtpx:atemp>298.65</gpxtpx:atemp>
          </gpxtpx:TrackPointExtension>
        </extensions>
      </trkpt>
      <trkpt lat="30.279138" lon="34.939186">
        <ele>457.2</ele>
        <time>2026-03-24T06:40:51.000Z</time>
        <extensions>
          <gpxtpx:TrackPointExtension>
            <gpxtpx:hr>131</gpxtpx:hr>
            <gpxtpx:cad>76</gpxtpx:cad>
            <gpxtpx:atemp>298.65</gpxtpx:atemp>
          </gpxtpx:TrackPointExtension>
        </extensions>
      </trkpt>
      <trkpt lat="30.279214" lon="34.939086">
        <ele>457.4</ele>
        <time>2026-03-24T06:40:58.000Z</time>
        <extensions>
          <gpxtpx:TrackPointExtension>
            <gpxtpx:hr>132</gpxtpx:hr>
            <gpxtpx:cad>62</gpxtpx:cad>
            <gpxtpx:atemp>298.65</gpxtpx:atemp>
          </gpxtpx:TrackPointExtension>
        </extensions>
      </trkpt>
      <trkpt lat="30.279304" lon="34.938994">
        <ele>457.4</ele>
        <time>2026-03-24T06:41:05.000Z</time>
        <extensions>
          <gpxtpx:TrackPointExtension>
            <gpxtpx:hr>132</gpxtpx:hr>
            <gpxtpx:cad>75</gpxtpx:cad>
            <gpxtpx:atemp>298.65</gpxtpx:atemp>
          </gpxtpx:TrackPointExtension>
        </extensions>
      </trkpt>
      <trkpt lat="30.279364" lon="34.938906">
        <ele>457.2</ele>
        <time>2026-03-24T06:41:10.000Z</time>
        <extensions>
          <gpxtpx:TrackPointExtension>
            <gpxtpx:hr>133</gpxtpx:hr>
            <gpxtpx:cad>74</gpxtpx:cad>
            <gpxtpx:atemp>298.65</gpxtpx:atemp>
          </gpxtpx:TrackPointExtension>
        </extensions>
      </trkpt>
      <trkpt lat="30.279402" lon="34.938827">
        <ele>456.6</ele>
        <time>2026-03-24T06:41:15.000Z</time>
        <extensions>
          <gpxtpx:TrackPointExtension>
            <gpxtpx:hr>135</gpxtpx:hr>
            <gpxtpx:cad>75</gpxtpx:cad>
            <gpxtpx:atemp>298.65</gpxtpx:atemp>
          </gpxtpx:TrackPointExtension>
        </extensions>
      </trkpt>
      <trkpt lat="30.279468" lon="34.938760">
        <ele>457.0</ele>
        <time>2026-03-24T06:41:19.000Z</time>
        <extensions>
          <gpxtpx:TrackPointExtension>
            <gpxtpx:hr>135</gpxtpx:hr>
            <gpxtpx:cad>74</gpxtpx:cad>
            <gpxtpx:atemp>298.65</gpxtpx:atemp>
          </gpxtpx:TrackPointExtension>
        </extensions>
      </trkpt>
      <trkpt lat="30.279516" lon="34.938724">
        <ele>457.6</ele>
        <time>2026-03-24T06:41:24.000Z</time>
        <extensions>
          <gpxtpx:TrackPointExtension>
            <gpxtpx:hr>136</gpxtpx:hr>
            <gpxtpx:cad>74</gpxtpx:cad>
            <gpxtpx:atemp>298.65</gpxtpx:atemp>
          </gpxtpx:TrackPointExtension>
        </extensions>
      </trkpt>
      <trkpt lat="30.279563" lon="34.938644">
        <ele>457.8</ele>
        <time>2026-03-24T06:41:30.000Z</time>
        <extensions>
          <gpxtpx:TrackPointExtension>
            <gpxtpx:hr>137</gpxtpx:hr>
            <gpxtpx:cad>72</gpxtpx:cad>
            <gpxtpx:atemp>298.65</gpxtpx:atemp>
          </gpxtpx:TrackPointExtension>
        </extensions>
      </trkpt>
      <trkpt lat="30.279614" lon="34.938589">
        <ele>458.0</ele>
        <time>2026-03-24T06:41:37.000Z</time>
        <extensions>
          <gpxtpx:TrackPointExtension>
            <gpxtpx:hr>138</gpxtpx:hr>
            <gpxtpx:cad>55</gpxtpx:cad>
            <gpxtpx:atemp>298.65</gpxtpx:atemp>
          </gpxtpx:TrackPointExtension>
        </extensions>
      </trkpt>
      <trkpt lat="30.279660" lon="34.938554">
        <ele>458.2</ele>
        <time>2026-03-24T06:41:42.000Z</time>
        <extensions>
          <gpxtpx:TrackPointExtension>
            <gpxtpx:hr>138</gpxtpx:hr>
            <gpxtpx:cad>53</gpxtpx:cad>
            <gpxtpx:atemp>298.65</gpxtpx:atemp>
          </gpxtpx:TrackPointExtension>
        </extensions>
      </trkpt>
      <trkpt lat="30.279712" lon="34.938493">
        <ele>458.8</ele>
        <time>2026-03-24T06:41:47.000Z</time>
        <extensions>
          <gpxtpx:TrackPointExtension>
            <gpxtpx:hr>137</gpxtpx:hr>
            <gpxtpx:cad>68</gpxtpx:cad>
            <gpxtpx:atemp>298.65</gpxtpx:atemp>
          </gpxtpx:TrackPointExtension>
        </extensions>
      </trkpt>
      <trkpt lat="30.279766" lon="34.938393">
        <ele>458.6</ele>
        <time>2026-03-24T06:41:52.000Z</time>
        <extensions>
          <gpxtpx:TrackPointExtension>
            <gpxtpx:hr>133</gpxtpx:hr>
            <gpxtpx:cad>76</gpxtpx:cad>
            <gpxtpx:atemp>298.65</gpxtpx:atemp>
          </gpxtpx:TrackPointExtension>
        </extensions>
      </trkpt>
      <trkpt lat="30.279840" lon="34.938309">
        <ele>458.2</ele>
        <time>2026-03-24T06:41:58.000Z</time>
        <extensions>
          <gpxtpx:TrackPointExtension>
            <gpxtpx:hr>130</gpxtpx:hr>
            <gpxtpx:cad>76</gpxtpx:cad>
            <gpxtpx:atemp>298.65</gpxtpx:atemp>
          </gpxtpx:TrackPointExtension>
        </extensions>
      </trkpt>
      <trkpt lat="30.279860" lon="34.938277">
        <ele>458.4</ele>
        <time>2026-03-24T06:42:00.000Z</time>
        <extensions>
          <gpxtpx:TrackPointExtension>
            <gpxtpx:hr>129</gpxtpx:hr>
            <gpxtpx:cad>76</gpxtpx:cad>
            <gpxtpx:atemp>298.65</gpxtpx:atemp>
          </gpxtpx:TrackPointExtension>
        </extensions>
      </trkpt>
      <trkpt lat="30.279961" lon="34.938198">
        <ele>458.0</ele>
        <time>2026-03-24T06:42:07.000Z</time>
        <extensions>
          <gpxtpx:TrackPointExtension>
            <gpxtpx:hr>127</gpxtpx:hr>
            <gpxtpx:cad>76</gpxtpx:cad>
            <gpxtpx:atemp>298.65</gpxtpx:atemp>
          </gpxtpx:TrackPointExtension>
        </extensions>
      </trkpt>
      <trkpt lat="30.280005" lon="34.938126">
        <ele>457.6</ele>
        <time>2026-03-24T06:42:11.000Z</time>
        <extensions>
          <gpxtpx:TrackPointExtension>
            <gpxtpx:hr>128</gpxtpx:hr>
            <gpxtpx:cad>76</gpxtpx:cad>
            <gpxtpx:atemp>298.65</gpxtpx:atemp>
          </gpxtpx:TrackPointExtension>
        </extensions>
      </trkpt>
      <trkpt lat="30.280023" lon="34.938047">
        <ele>457.0</ele>
        <time>2026-03-24T06:42:15.000Z</time>
        <extensions>
          <gpxtpx:TrackPointExtension>
            <gpxtpx:hr>128</gpxtpx:hr>
            <gpxtpx:cad>76</gpxtpx:cad>
            <gpxtpx:atemp>298.65</gpxtpx:atemp>
          </gpxtpx:TrackPointExtension>
        </extensions>
      </trkpt>
      <trkpt lat="30.280044" lon="34.937915">
        <ele>457.6</ele>
        <time>2026-03-24T06:42:22.000Z</time>
        <extensions>
          <gpxtpx:TrackPointExtension>
            <gpxtpx:hr>129</gpxtpx:hr>
            <gpxtpx:cad>77</gpxtpx:cad>
            <gpxtpx:atemp>298.65</gpxtpx:atemp>
          </gpxtpx:TrackPointExtension>
        </extensions>
      </trkpt>
      <trkpt lat="30.280104" lon="34.937764">
        <ele>458.4</ele>
        <time>2026-03-24T06:42:32.000Z</time>
        <extensions>
          <gpxtpx:TrackPointExtension>
            <gpxtpx:hr>134</gpxtpx:hr>
            <gpxtpx:cad>72</gpxtpx:cad>
            <gpxtpx:atemp>298.65</gpxtpx:atemp>
          </gpxtpx:TrackPointExtension>
        </extensions>
      </trkpt>
      <trkpt lat="30.280141" lon="34.937583">
        <ele>459.8</ele>
        <time>2026-03-24T06:42:40.000Z</time>
        <extensions>
          <gpxtpx:TrackPointExtension>
            <gpxtpx:hr>136</gpxtpx:hr>
            <gpxtpx:cad>76</gpxtpx:cad>
            <gpxtpx:atemp>298.65</gpxtpx:atemp>
          </gpxtpx:TrackPointExtension>
        </extensions>
      </trkpt>
      <trkpt lat="30.280155" lon="34.937486">
        <ele>459.6</ele>
        <time>2026-03-24T06:42:45.000Z</time>
        <extensions>
          <gpxtpx:TrackPointExtension>
            <gpxtpx:hr>137</gpxtpx:hr>
            <gpxtpx:cad>74</gpxtpx:cad>
            <gpxtpx:atemp>298.65</gpxtpx:atemp>
          </gpxtpx:TrackPointExtension>
        </extensions>
      </trkpt>
      <trkpt lat="30.280194" lon="34.937375">
        <ele>460.0</ele>
        <time>2026-03-24T06:42:51.000Z</time>
        <extensions>
          <gpxtpx:TrackPointExtension>
            <gpxtpx:hr>138</gpxtpx:hr>
            <gpxtpx:cad>76</gpxtpx:cad>
            <gpxtpx:atemp>298.65</gpxtpx:atemp>
          </gpxtpx:TrackPointExtension>
        </extensions>
      </trkpt>
      <trkpt lat="30.280191" lon="34.937310">
        <ele>459.8</ele>
        <time>2026-03-24T06:42:54.000Z</time>
        <extensions>
          <gpxtpx:TrackPointExtension>
            <gpxtpx:hr>138</gpxtpx:hr>
            <gpxtpx:cad>76</gpxtpx:cad>
            <gpxtpx:atemp>298.65</gpxtpx:atemp>
          </gpxtpx:TrackPointExtension>
        </extensions>
      </trkpt>
      <trkpt lat="30.280221" lon="34.937232">
        <ele>460.2</ele>
        <time>2026-03-24T06:43:05.000Z</time>
        <extensions>
          <gpxtpx:TrackPointExtension>
            <gpxtpx:hr>141</gpxtpx:hr>
            <gpxtpx:cad>0</gpxtpx:cad>
            <gpxtpx:atemp>298.65</gpxtpx:atemp>
          </gpxtpx:TrackPointExtension>
        </extensions>
      </trkpt>
      <trkpt lat="30.280186" lon="34.937124">
        <ele>459.8</ele>
        <time>2026-03-24T06:43:13.000Z</time>
        <extensions>
          <gpxtpx:TrackPointExtension>
            <gpxtpx:hr>138</gpxtpx:hr>
            <gpxtpx:cad>52</gpxtpx:cad>
            <gpxtpx:atemp>298.65</gpxtpx:atemp>
          </gpxtpx:TrackPointExtension>
        </extensions>
      </trkpt>
      <trkpt lat="30.280183" lon="34.937037">
        <ele>460.0</ele>
        <time>2026-03-24T06:43:19.000Z</time>
        <extensions>
          <gpxtpx:TrackPointExtension>
            <gpxtpx:hr>137</gpxtpx:hr>
            <gpxtpx:cad>70</gpxtpx:cad>
            <gpxtpx:atemp>299.65</gpxtpx:atemp>
          </gpxtpx:TrackPointExtension>
        </extensions>
      </trkpt>
      <trkpt lat="30.280215" lon="34.936985">
        <ele>460.0</ele>
        <time>2026-03-24T06:43:34.000Z</time>
        <extensions>
          <gpxtpx:TrackPointExtension>
            <gpxtpx:hr>124</gpxtpx:hr>
            <gpxtpx:cad>0</gpxtpx:cad>
            <gpxtpx:atemp>299.65</gpxtpx:atemp>
          </gpxtpx:TrackPointExtension>
        </extensions>
      </trkpt>
      <trkpt lat="30.280243" lon="34.936905">
        <ele>461.0</ele>
        <time>2026-03-24T06:43:40.000Z</time>
        <extensions>
          <gpxtpx:TrackPointExtension>
            <gpxtpx:hr>125</gpxtpx:hr>
            <gpxtpx:cad>56</gpxtpx:cad>
            <gpxtpx:atemp>299.65</gpxtpx:atemp>
          </gpxtpx:TrackPointExtension>
        </extensions>
      </trkpt>
      <trkpt lat="30.280249" lon="34.936840">
        <ele>461.4</ele>
        <time>2026-03-24T06:43:44.000Z</time>
        <extensions>
          <gpxtpx:TrackPointExtension>
            <gpxtpx:hr>127</gpxtpx:hr>
            <gpxtpx:cad>73</gpxtpx:cad>
            <gpxtpx:atemp>298.65</gpxtpx:atemp>
          </gpxtpx:TrackPointExtension>
        </extensions>
      </trkpt>
      <trkpt lat="30.280237" lon="34.936769">
        <ele>461.2</ele>
        <time>2026-03-24T06:43:48.000Z</time>
        <extensions>
          <gpxtpx:TrackPointExtension>
            <gpxtpx:hr>126</gpxtpx:hr>
            <gpxtpx:cad>65</gpxtpx:cad>
            <gpxtpx:atemp>298.65</gpxtpx:atemp>
          </gpxtpx:TrackPointExtension>
        </extensions>
      </trkpt>
      <trkpt lat="30.280237" lon="34.936709">
        <ele>461.2</ele>
        <time>2026-03-24T06:43:53.000Z</time>
        <extensions>
          <gpxtpx:TrackPointExtension>
            <gpxtpx:hr>127</gpxtpx:hr>
            <gpxtpx:cad>0</gpxtpx:cad>
            <gpxtpx:atemp>298.65</gpxtpx:atemp>
          </gpxtpx:TrackPointExtension>
        </extensions>
      </trkpt>
      <trkpt lat="30.280278" lon="34.936613">
        <ele>461.6</ele>
        <time>2026-03-24T06:44:00.000Z</time>
        <extensions>
          <gpxtpx:TrackPointExtension>
            <gpxtpx:hr>120</gpxtpx:hr>
            <gpxtpx:cad>62</gpxtpx:cad>
            <gpxtpx:atemp>298.65</gpxtpx:atemp>
          </gpxtpx:TrackPointExtension>
        </extensions>
      </trkpt>
      <trkpt lat="30.280333" lon="34.936511">
        <ele>461.4</ele>
        <time>2026-03-24T06:44:07.000Z</time>
        <extensions>
          <gpxtpx:TrackPointExtension>
            <gpxtpx:hr>117</gpxtpx:hr>
            <gpxtpx:cad>72</gpxtpx:cad>
            <gpxtpx:atemp>298.65</gpxtpx:atemp>
          </gpxtpx:TrackPointExtension>
        </extensions>
      </trkpt>
      <trkpt lat="30.280337" lon="34.936434">
        <ele>461.4</ele>
        <time>2026-03-24T06:44:11.000Z</time>
        <extensions>
          <gpxtpx:TrackPointExtension>
            <gpxtpx:hr>120</gpxtpx:hr>
            <gpxtpx:cad>72</gpxtpx:cad>
            <gpxtpx:atemp>298.65</gpxtpx:atemp>
          </gpxtpx:TrackPointExtension>
        </extensions>
      </trkpt>
      <trkpt lat="30.280331" lon="34.936331">
        <ele>461.2</ele>
        <time>2026-03-24T06:44:17.000Z</time>
        <extensions>
          <gpxtpx:TrackPointExtension>
            <gpxtpx:hr>121</gpxtpx:hr>
            <gpxtpx:cad>73</gpxtpx:cad>
            <gpxtpx:atemp>299.65</gpxtpx:atemp>
          </gpxtpx:TrackPointExtension>
        </extensions>
      </trkpt>
      <trkpt lat="30.280357" lon="34.936228">
        <ele>460.8</ele>
        <time>2026-03-24T06:44:24.000Z</time>
        <extensions>
          <gpxtpx:TrackPointExtension>
            <gpxtpx:hr>122</gpxtpx:hr>
            <gpxtpx:cad>66</gpxtpx:cad>
            <gpxtpx:atemp>299.65</gpxtpx:atemp>
          </gpxtpx:TrackPointExtension>
        </extensions>
      </trkpt>
      <trkpt lat="30.280429" lon="34.936121">
        <ele>461.2</ele>
        <time>2026-03-24T06:44:32.000Z</time>
        <extensions>
          <gpxtpx:TrackPointExtension>
            <gpxtpx:hr>123</gpxtpx:hr>
            <gpxtpx:cad>67</gpxtpx:cad>
            <gpxtpx:atemp>299.65</gpxtpx:atemp>
          </gpxtpx:TrackPointExtension>
        </extensions>
      </trkpt>
      <trkpt lat="30.280460" lon="34.936095">
        <ele>461.2</ele>
        <time>2026-03-24T06:44:35.000Z</time>
        <extensions>
          <gpxtpx:TrackPointExtension>
            <gpxtpx:hr>122</gpxtpx:hr>
            <gpxtpx:cad>69</gpxtpx:cad>
            <gpxtpx:atemp>299.65</gpxtpx:atemp>
          </gpxtpx:TrackPointExtension>
        </extensions>
      </trkpt>
      <trkpt lat="30.280551" lon="34.936064">
        <ele>462.6</ele>
        <time>2026-03-24T06:44:48.000Z</time>
        <extensions>
          <gpxtpx:TrackPointExtension>
            <gpxtpx:hr>124</gpxtpx:hr>
            <gpxtpx:cad>0</gpxtpx:cad>
            <gpxtpx:atemp>299.65</gpxtpx:atemp>
          </gpxtpx:TrackPointExtension>
        </extensions>
      </trkpt>
      <trkpt lat="30.280624" lon="34.935994">
        <ele>462.0</ele>
        <time>2026-03-24T06:44:56.000Z</time>
        <extensions>
          <gpxtpx:TrackPointExtension>
            <gpxtpx:hr>120</gpxtpx:hr>
            <gpxtpx:cad>53</gpxtpx:cad>
            <gpxtpx:atemp>299.65</gpxtpx:atemp>
          </gpxtpx:TrackPointExtension>
        </extensions>
      </trkpt>
      <trkpt lat="30.280657" lon="34.935902">
        <ele>461.4</ele>
        <time>2026-03-24T06:45:04.000Z</time>
        <extensions>
          <gpxtpx:TrackPointExtension>
            <gpxtpx:hr>120</gpxtpx:hr>
            <gpxtpx:cad>53</gpxtpx:cad>
            <gpxtpx:atemp>299.65</gpxtpx:atemp>
          </gpxtpx:TrackPointExtension>
        </extensions>
      </trkpt>
      <trkpt lat="30.280675" lon="34.935824">
        <ele>462.2</ele>
        <time>2026-03-24T06:45:09.000Z</time>
        <extensions>
          <gpxtpx:TrackPointExtension>
            <gpxtpx:hr>116</gpxtpx:hr>
            <gpxtpx:cad>53</gpxtpx:cad>
            <gpxtpx:atemp>299.65</gpxtpx:atemp>
          </gpxtpx:TrackPointExtension>
        </extensions>
      </trkpt>
      <trkpt lat="30.280683" lon="34.935701">
        <ele>462.4</ele>
        <time>2026-03-24T06:45:16.000Z</time>
        <extensions>
          <gpxtpx:TrackPointExtension>
            <gpxtpx:hr>115</gpxtpx:hr>
            <gpxtpx:cad>70</gpxtpx:cad>
            <gpxtpx:atemp>299.65</gpxtpx:atemp>
          </gpxtpx:TrackPointExtension>
        </extensions>
      </trkpt>
      <trkpt lat="30.280655" lon="34.935602">
        <ele>461.8</ele>
        <time>2026-03-24T06:45:23.000Z</time>
        <extensions>
          <gpxtpx:TrackPointExtension>
            <gpxtpx:hr>117</gpxtpx:hr>
            <gpxtpx:cad>56</gpxtpx:cad>
            <gpxtpx:atemp>299.65</gpxtpx:atemp>
          </gpxtpx:TrackPointExtension>
        </extensions>
      </trkpt>
      <trkpt lat="30.280632" lon="34.935561">
        <ele>461.6</ele>
        <time>2026-03-24T06:45:26.000Z</time>
        <extensions>
          <gpxtpx:TrackPointExtension>
            <gpxtpx:hr>116</gpxtpx:hr>
            <gpxtpx:cad>58</gpxtpx:cad>
            <gpxtpx:atemp>299.65</gpxtpx:atemp>
          </gpxtpx:TrackPointExtension>
        </extensions>
      </trkpt>
      <trkpt lat="30.280599" lon="34.935492">
        <ele>461.2</ele>
        <time>2026-03-24T06:45:32.000Z</time>
        <extensions>
          <gpxtpx:TrackPointExtension>
            <gpxtpx:hr>118</gpxtpx:hr>
            <gpxtpx:cad>70</gpxtpx:cad>
            <gpxtpx:atemp>299.65</gpxtpx:atemp>
          </gpxtpx:TrackPointExtension>
        </extensions>
      </trkpt>
      <trkpt lat="30.280534" lon="34.935422">
        <ele>460.4</ele>
        <time>2026-03-24T06:45:39.000Z</time>
        <extensions>
          <gpxtpx:TrackPointExtension>
            <gpxtpx:hr>120</gpxtpx:hr>
            <gpxtpx:cad>62</gpxtpx:cad>
            <gpxtpx:atemp>299.65</gpxtpx:atemp>
          </gpxtpx:TrackPointExtension>
        </extensions>
      </trkpt>
      <trkpt lat="30.280483" lon="34.935326">
        <ele>459.8</ele>
        <time>2026-03-24T06:45:46.000Z</time>
        <extensions>
          <gpxtpx:TrackPointExtension>
            <gpxtpx:hr>118</gpxtpx:hr>
            <gpxtpx:cad>68</gpxtpx:cad>
            <gpxtpx:atemp>299.65</gpxtpx:atemp>
          </gpxtpx:TrackPointExtension>
        </extensions>
      </trkpt>
      <trkpt lat="30.280452" lon="34.935293">
        <ele>459.8</ele>
        <time>2026-03-24T06:45:49.000Z</time>
        <extensions>
          <gpxtpx:TrackPointExtension>
            <gpxtpx:hr>118</gpxtpx:hr>
            <gpxtpx:cad>75</gpxtpx:cad>
            <gpxtpx:atemp>299.65</gpxtpx:atemp>
          </gpxtpx:TrackPointExtension>
        </extensions>
      </trkpt>
      <trkpt lat="30.280432" lon="34.935260">
        <ele>460.2</ele>
        <time>2026-03-24T06:45:58.000Z</time>
        <extensions>
          <gpxtpx:TrackPointExtension>
            <gpxtpx:hr>116</gpxtpx:hr>
            <gpxtpx:cad>0</gpxtpx:cad>
            <gpxtpx:atemp>300.65</gpxtpx:atemp>
          </gpxtpx:TrackPointExtension>
        </extensions>
      </trkpt>
      <trkpt lat="30.280413" lon="34.935215">
        <ele>460.0</ele>
        <time>2026-03-24T06:46:01.000Z</time>
        <extensions>
          <gpxtpx:TrackPointExtension>
            <gpxtpx:hr>114</gpxtpx:hr>
            <gpxtpx:cad>0</gpxtpx:cad>
            <gpxtpx:atemp>300.65</gpxtpx:atemp>
          </gpxtpx:TrackPointExtension>
        </extensions>
      </trkpt>
      <trkpt lat="30.280368" lon="34.935140">
        <ele>459.2</ele>
        <time>2026-03-24T06:46:05.000Z</time>
        <extensions>
          <gpxtpx:TrackPointExtension>
            <gpxtpx:hr>115</gpxtpx:hr>
            <gpxtpx:cad>74</gpxtpx:cad>
            <gpxtpx:atemp>300.65</gpxtpx:atemp>
          </gpxtpx:TrackPointExtension>
        </extensions>
      </trkpt>
      <trkpt lat="30.280293" lon="34.935056">
        <ele>458.0</ele>
        <time>2026-03-24T06:46:11.000Z</time>
        <extensions>
          <gpxtpx:TrackPointExtension>
            <gpxtpx:hr>117</gpxtpx:hr>
            <gpxtpx:cad>74</gpxtpx:cad>
            <gpxtpx:atemp>300.65</gpxtpx:atemp>
          </gpxtpx:TrackPointExtension>
        </extensions>
      </trkpt>
      <trkpt lat="30.280248" lon="34.934970">
        <ele>456.4</ele>
        <time>2026-03-24T06:46:19.000Z</time>
        <extensions>
          <gpxtpx:TrackPointExtension>
            <gpxtpx:hr>117</gpxtpx:hr>
            <gpxtpx:cad>75</gpxtpx:cad>
            <gpxtpx:atemp>300.65</gpxtpx:atemp>
          </gpxtpx:TrackPointExtension>
        </extensions>
      </trkpt>
      <trkpt lat="30.280249" lon="34.934862">
        <ele>458.8</ele>
        <time>2026-03-24T06:46:30.000Z</time>
        <extensions>
          <gpxtpx:TrackPointExtension>
            <gpxtpx:hr>113</gpxtpx:hr>
            <gpxtpx:cad>0</gpxtpx:cad>
            <gpxtpx:atemp>300.65</gpxtpx:atemp>
          </gpxtpx:TrackPointExtension>
        </extensions>
      </trkpt>
      <trkpt lat="30.280276" lon="34.934819">
        <ele>460.2</ele>
        <time>2026-03-24T06:46:36.000Z</time>
        <extensions>
          <gpxtpx:TrackPointExtension>
            <gpxtpx:hr>115</gpxtpx:hr>
            <gpxtpx:cad>0</gpxtpx:cad>
            <gpxtpx:atemp>300.65</gpxtpx:atemp>
          </gpxtpx:TrackPointExtension>
        </extensions>
      </trkpt>
      <trkpt lat="30.280333" lon="34.934755">
        <ele>462.6</ele>
        <time>2026-03-24T06:46:44.000Z</time>
        <extensions>
          <gpxtpx:TrackPointExtension>
            <gpxtpx:hr>115</gpxtpx:hr>
            <gpxtpx:cad>45</gpxtpx:cad>
            <gpxtpx:atemp>300.65</gpxtpx:atemp>
          </gpxtpx:TrackPointExtension>
        </extensions>
      </trkpt>
      <trkpt lat="30.280396" lon="34.934701">
        <ele>465.0</ele>
        <time>2026-03-24T06:46:53.000Z</time>
        <extensions>
          <gpxtpx:TrackPointExtension>
            <gpxtpx:hr>124</gpxtpx:hr>
            <gpxtpx:cad>52</gpxtpx:cad>
            <gpxtpx:atemp>300.65</gpxtpx:atemp>
          </gpxtpx:TrackPointExtension>
        </extensions>
      </trkpt>
      <trkpt lat="30.280458" lon="34.934625">
        <ele>467.2</ele>
        <time>2026-03-24T06:47:05.000Z</time>
        <extensions>
          <gpxtpx:TrackPointExtension>
            <gpxtpx:hr>133</gpxtpx:hr>
            <gpxtpx:cad>0</gpxtpx:cad>
            <gpxtpx:atemp>299.65</gpxtpx:atemp>
          </gpxtpx:TrackPointExtension>
        </extensions>
      </trkpt>
      <trkpt lat="30.280556" lon="34.934478">
        <ele>471.8</ele>
        <time>2026-03-24T06:47:49.000Z</time>
        <extensions>
          <gpxtpx:TrackPointExtension>
            <gpxtpx:hr>131</gpxtpx:hr>
            <gpxtpx:cad>0</gpxtpx:cad>
            <gpxtpx:atemp>300.65</gpxtpx:atemp>
          </gpxtpx:TrackPointExtension>
        </extensions>
      </trkpt>
      <trkpt lat="30.280586" lon="34.934383">
        <ele>473.8</ele>
        <time>2026-03-24T06:48:02.000Z</time>
        <extensions>
          <gpxtpx:TrackPointExtension>
            <gpxtpx:hr>124</gpxtpx:hr>
            <gpxtpx:cad>40</gpxtpx:cad>
            <gpxtpx:atemp>300.65</gpxtpx:atemp>
          </gpxtpx:TrackPointExtension>
        </extensions>
      </trkpt>
      <trkpt lat="30.280576" lon="34.934283">
        <ele>474.4</ele>
        <time>2026-03-24T06:48:10.000Z</time>
        <extensions>
          <gpxtpx:TrackPointExtension>
            <gpxtpx:hr>123</gpxtpx:hr>
            <gpxtpx:cad>53</gpxtpx:cad>
            <gpxtpx:atemp>300.65</gpxtpx:atemp>
          </gpxtpx:TrackPointExtension>
        </extensions>
      </trkpt>
      <trkpt lat="30.280604" lon="34.934247">
        <ele>476.0</ele>
        <time>2026-03-24T06:48:15.000Z</time>
        <extensions>
          <gpxtpx:TrackPointExtension>
            <gpxtpx:hr>124</gpxtpx:hr>
            <gpxtpx:cad>47</gpxtpx:cad>
            <gpxtpx:atemp>300.65</gpxtpx:atemp>
          </gpxtpx:TrackPointExtension>
        </extensions>
      </trkpt>
      <trkpt lat="30.280703" lon="34.934198">
        <ele>478.0</ele>
        <time>2026-03-24T06:48:26.000Z</time>
        <extensions>
          <gpxtpx:TrackPointExtension>
            <gpxtpx:hr>122</gpxtpx:hr>
            <gpxtpx:cad>0</gpxtpx:cad>
            <gpxtpx:atemp>299.65</gpxtpx:atemp>
          </gpxtpx:TrackPointExtension>
        </extensions>
      </trkpt>
      <trkpt lat="30.280775" lon="34.934127">
        <ele>480.2</ele>
        <time>2026-03-24T06:48:38.000Z</time>
        <extensions>
          <gpxtpx:TrackPointExtension>
            <gpxtpx:hr>128</gpxtpx:hr>
            <gpxtpx:cad>0</gpxtpx:cad>
            <gpxtpx:atemp>299.65</gpxtpx:atemp>
          </gpxtpx:TrackPointExtension>
        </extensions>
      </trkpt>
      <trkpt lat="30.280783" lon="34.934083">
        <ele>481.2</ele>
        <time>2026-03-24T06:48:44.000Z</time>
        <extensions>
          <gpxtpx:TrackPointExtension>
            <gpxtpx:hr>129</gpxtpx:hr>
            <gpxtpx:cad>0</gpxtpx:cad>
            <gpxtpx:atemp>299.65</gpxtpx:atemp>
          </gpxtpx:TrackPointExtension>
        </extensions>
      </trkpt>
      <trkpt lat="30.280814" lon="34.933966">
        <ele>481.4</ele>
        <time>2026-03-24T06:48:53.000Z</time>
        <extensions>
          <gpxtpx:TrackPointExtension>
            <gpxtpx:hr>129</gpxtpx:hr>
            <gpxtpx:cad>0</gpxtpx:cad>
            <gpxtpx:atemp>299.65</gpxtpx:atemp>
          </gpxtpx:TrackPointExtension>
        </extensions>
      </trkpt>
      <trkpt lat="30.280864" lon="34.933892">
        <ele>482.2</ele>
        <time>2026-03-24T06:49:01.000Z</time>
        <extensions>
          <gpxtpx:TrackPointExtension>
            <gpxtpx:hr>133</gpxtpx:hr>
            <gpxtpx:cad>0</gpxtpx:cad>
            <gpxtpx:atemp>299.65</gpxtpx:atemp>
          </gpxtpx:TrackPointExtension>
        </extensions>
      </trkpt>
      <trkpt lat="30.280951" lon="34.933819">
        <ele>483.8</ele>
        <time>2026-03-24T06:49:13.000Z</time>
        <extensions>
          <gpxtpx:TrackPointExtension>
            <gpxtpx:hr>134</gpxtpx:hr>
            <gpxtpx:cad>0</gpxtpx:cad>
            <gpxtpx:atemp>299.65</gpxtpx:atemp>
          </gpxtpx:TrackPointExtension>
        </extensions>
      </trkpt>
      <trkpt lat="30.281005" lon="34.933660">
        <ele>485.0</ele>
        <time>2026-03-24T06:49:26.000Z</time>
        <extensions>
          <gpxtpx:TrackPointExtension>
            <gpxtpx:hr>135</gpxtpx:hr>
            <gpxtpx:cad>52</gpxtpx:cad>
            <gpxtpx:atemp>299.65</gpxtpx:atemp>
          </gpxtpx:TrackPointExtension>
        </extensions>
      </trkpt>
      <trkpt lat="30.281022" lon="34.933571">
        <ele>485.2</ele>
        <time>2026-03-24T06:49:32.000Z</time>
        <extensions>
          <gpxtpx:TrackPointExtension>
            <gpxtpx:hr>134</gpxtpx:hr>
            <gpxtpx:cad>56</gpxtpx:cad>
            <gpxtpx:atemp>299.65</gpxtpx:atemp>
          </gpxtpx:TrackPointExtension>
        </extensions>
      </trkpt>
      <trkpt lat="30.281055" lon="34.933495">
        <ele>484.0</ele>
        <time>2026-03-24T06:49:37.000Z</time>
        <extensions>
          <gpxtpx:TrackPointExtension>
            <gpxtpx:hr>131</gpxtpx:hr>
            <gpxtpx:cad>67</gpxtpx:cad>
            <gpxtpx:atemp>299.65</gpxtpx:atemp>
          </gpxtpx:TrackPointExtension>
        </extensions>
      </trkpt>
      <trkpt lat="30.281108" lon="34.933434">
        <ele>483.2</ele>
        <time>2026-03-24T06:49:43.000Z</time>
        <extensions>
          <gpxtpx:TrackPointExtension>
            <gpxtpx:hr>128</gpxtpx:hr>
            <gpxtpx:cad>67</gpxtpx:cad>
            <gpxtpx:atemp>299.65</gpxtpx:atemp>
          </gpxtpx:TrackPointExtension>
        </extensions>
      </trkpt>
      <trkpt lat="30.281127" lon="34.933404">
        <ele>483.0</ele>
        <time>2026-03-24T06:49:45.000Z</time>
        <extensions>
          <gpxtpx:TrackPointExtension>
            <gpxtpx:hr>128</gpxtpx:hr>
            <gpxtpx:cad>67</gpxtpx:cad>
            <gpxtpx:atemp>299.65</gpxtpx:atemp>
          </gpxtpx:TrackPointExtension>
        </extensions>
      </trkpt>
      <trkpt lat="30.281165" lon="34.933205">
        <ele>482.2</ele>
        <time>2026-03-24T06:49:55.000Z</time>
        <extensions>
          <gpxtpx:TrackPointExtension>
            <gpxtpx:hr>124</gpxtpx:hr>
            <gpxtpx:cad>72</gpxtpx:cad>
            <gpxtpx:atemp>299.65</gpxtpx:atemp>
          </gpxtpx:TrackPointExtension>
        </extensions>
      </trkpt>
      <trkpt lat="30.281187" lon="34.933148">
        <ele>482.4</ele>
        <time>2026-03-24T06:49:59.000Z</time>
        <extensions>
          <gpxtpx:TrackPointExtension>
            <gpxtpx:hr>125</gpxtpx:hr>
            <gpxtpx:cad>69</gpxtpx:cad>
            <gpxtpx:atemp>300.65</gpxtpx:atemp>
          </gpxtpx:TrackPointExtension>
        </extensions>
      </trkpt>
      <trkpt lat="30.281235" lon="34.933092">
        <ele>481.8</ele>
        <time>2026-03-24T06:50:04.000Z</time>
        <extensions>
          <gpxtpx:TrackPointExtension>
            <gpxtpx:hr>125</gpxtpx:hr>
            <gpxtpx:cad>67</gpxtpx:cad>
            <gpxtpx:atemp>300.65</gpxtpx:atemp>
          </gpxtpx:TrackPointExtension>
        </extensions>
      </trkpt>
      <trkpt lat="30.281299" lon="34.932985">
        <ele>480.8</ele>
        <time>2026-03-24T06:50:12.000Z</time>
        <extensions>
          <gpxtpx:TrackPointExtension>
            <gpxtpx:hr>123</gpxtpx:hr>
            <gpxtpx:cad>66</gpxtpx:cad>
            <gpxtpx:atemp>300.65</gpxtpx:atemp>
          </gpxtpx:TrackPointExtension>
        </extensions>
      </trkpt>
      <trkpt lat="30.281355" lon="34.932932">
        <ele>480.2</ele>
        <time>2026-03-24T06:50:18.000Z</time>
        <extensions>
          <gpxtpx:TrackPointExtension>
            <gpxtpx:hr>123</gpxtpx:hr>
            <gpxtpx:cad>0</gpxtpx:cad>
            <gpxtpx:atemp>300.65</gpxtpx:atemp>
          </gpxtpx:TrackPointExtension>
        </extensions>
      </trkpt>
      <trkpt lat="30.281422" lon="34.932837">
        <ele>478.0</ele>
        <time>2026-03-24T06:50:27.000Z</time>
        <extensions>
          <gpxtpx:TrackPointExtension>
            <gpxtpx:hr>117</gpxtpx:hr>
            <gpxtpx:cad>0</gpxtpx:cad>
            <gpxtpx:atemp>300.65</gpxtpx:atemp>
          </gpxtpx:TrackPointExtension>
        </extensions>
      </trkpt>
      <trkpt lat="30.281548" lon="34.932618">
        <ele>476.8</ele>
        <time>2026-03-24T06:50:40.000Z</time>
        <extensions>
          <gpxtpx:TrackPointExtension>
            <gpxtpx:hr>115</gpxtpx:hr>
            <gpxtpx:cad>72</gpxtpx:cad>
            <gpxtpx:atemp>300.65</gpxtpx:atemp>
          </gpxtpx:TrackPointExtension>
        </extensions>
      </trkpt>
      <trkpt lat="30.281556" lon="34.932607">
        <ele>476.6</ele>
        <time>2026-03-24T06:50:41.000Z</time>
        <extensions>
          <gpxtpx:TrackPointExtension>
            <gpxtpx:hr>116</gpxtpx:hr>
            <gpxtpx:cad>72</gpxtpx:cad>
            <gpxtpx:atemp>300.65</gpxtpx:atemp>
          </gpxtpx:TrackPointExtension>
        </extensions>
      </trkpt>
      <trkpt lat="30.281644" lon="34.932469">
        <ele>476.2</ele>
        <time>2026-03-24T06:50:49.000Z</time>
        <extensions>
          <gpxtpx:TrackPointExtension>
            <gpxtpx:hr>119</gpxtpx:hr>
            <gpxtpx:cad>76</gpxtpx:cad>
            <gpxtpx:atemp>300.65</gpxtpx:atemp>
          </gpxtpx:TrackPointExtension>
        </extensions>
      </trkpt>
      <trkpt lat="30.281719" lon="34.932385">
        <ele>476.2</ele>
        <time>2026-03-24T06:50:54.000Z</time>
        <extensions>
          <gpxtpx:TrackPointExtension>
            <gpxtpx:hr>119</gpxtpx:hr>
            <gpxtpx:cad>78</gpxtpx:cad>
            <gpxtpx:atemp>300.65</gpxtpx:atemp>
          </gpxtpx:TrackPointExtension>
        </extensions>
      </trkpt>
      <trkpt lat="30.281838" lon="34.932306">
        <ele>476.8</ele>
        <time>2026-03-24T06:51:01.000Z</time>
        <extensions>
          <gpxtpx:TrackPointExtension>
            <gpxtpx:hr>121</gpxtpx:hr>
            <gpxtpx:cad>78</gpxtpx:cad>
            <gpxtpx:atemp>299.65</gpxtpx:atemp>
          </gpxtpx:TrackPointExtension>
        </extensions>
      </trkpt>
      <trkpt lat="30.281899" lon="34.932278">
        <ele>476.8</ele>
        <time>2026-03-24T06:51:04.000Z</time>
        <extensions>
          <gpxtpx:TrackPointExtension>
            <gpxtpx:hr>122</gpxtpx:hr>
            <gpxtpx:cad>78</gpxtpx:cad>
            <gpxtpx:atemp>299.65</gpxtpx:atemp>
          </gpxtpx:TrackPointExtension>
        </extensions>
      </trkpt>
      <trkpt lat="30.281975" lon="34.932230">
        <ele>476.0</ele>
        <time>2026-03-24T06:51:09.000Z</time>
        <extensions>
          <gpxtpx:TrackPointExtension>
            <gpxtpx:hr>123</gpxtpx:hr>
            <gpxtpx:cad>76</gpxtpx:cad>
            <gpxtpx:atemp>299.65</gpxtpx:atemp>
          </gpxtpx:TrackPointExtension>
        </extensions>
      </trkpt>
      <trkpt lat="30.282087" lon="34.932176">
        <ele>476.0</ele>
        <time>2026-03-24T06:51:15.000Z</time>
        <extensions>
          <gpxtpx:TrackPointExtension>
            <gpxtpx:hr>124</gpxtpx:hr>
            <gpxtpx:cad>76</gpxtpx:cad>
            <gpxtpx:atemp>299.65</gpxtpx:atemp>
          </gpxtpx:TrackPointExtension>
        </extensions>
      </trkpt>
      <trkpt lat="30.282194" lon="34.932107">
        <ele>476.0</ele>
        <time>2026-03-24T06:51:21.000Z</time>
        <extensions>
          <gpxtpx:TrackPointExtension>
            <gpxtpx:hr>126</gpxtpx:hr>
            <gpxtpx:cad>77</gpxtpx:cad>
            <gpxtpx:atemp>299.65</gpxtpx:atemp>
          </gpxtpx:TrackPointExtension>
        </extensions>
      </trkpt>
      <trkpt lat="30.282236" lon="34.932075">
        <ele>475.6</ele>
        <time>2026-03-24T06:51:24.000Z</time>
        <extensions>
          <gpxtpx:TrackPointExtension>
            <gpxtpx:hr>127</gpxtpx:hr>
            <gpxtpx:cad>78</gpxtpx:cad>
            <gpxtpx:atemp>299.65</gpxtpx:atemp>
          </gpxtpx:TrackPointExtension>
        </extensions>
      </trkpt>
      <trkpt lat="30.282298" lon="34.932017">
        <ele>476.0</ele>
        <time>2026-03-24T06:51:28.000Z</time>
        <extensions>
          <gpxtpx:TrackPointExtension>
            <gpxtpx:hr>128</gpxtpx:hr>
            <gpxtpx:cad>77</gpxtpx:cad>
            <gpxtpx:atemp>299.65</gpxtpx:atemp>
          </gpxtpx:TrackPointExtension>
        </extensions>
      </trkpt>
      <trkpt lat="30.282369" lon="34.931936">
        <ele>476.6</ele>
        <time>2026-03-24T06:51:33.000Z</time>
        <extensions>
          <gpxtpx:TrackPointExtension>
            <gpxtpx:hr>129</gpxtpx:hr>
            <gpxtpx:cad>76</gpxtpx:cad>
            <gpxtpx:atemp>299.65</gpxtpx:atemp>
          </gpxtpx:TrackPointExtension>
        </extensions>
      </trkpt>
      <trkpt lat="30.282456" lon="34.931858">
        <ele>476.8</ele>
        <time>2026-03-24T06:51:39.000Z</time>
        <extensions>
          <gpxtpx:TrackPointExtension>
            <gpxtpx:hr>131</gpxtpx:hr>
            <gpxtpx:cad>77</gpxtpx:cad>
            <gpxtpx:atemp>299.65</gpxtpx:atemp>
          </gpxtpx:TrackPointExtension>
        </extensions>
      </trkpt>
      <trkpt lat="30.282468" lon="34.931840">
        <ele>476.8</ele>
        <time>2026-03-24T06:51:40.000Z</time>
        <extensions>
          <gpxtpx:TrackPointExtension>
            <gpxtpx:hr>131</gpxtpx:hr>
            <gpxtpx:cad>77</gpxtpx:cad>
            <gpxtpx:atemp>299.65</gpxtpx:atemp>
          </gpxtpx:TrackPointExtension>
        </extensions>
      </trkpt>
      <trkpt lat="30.282531" lon="34.931762">
        <ele>477.6</ele>
        <time>2026-03-24T06:51:48.000Z</time>
        <extensions>
          <gpxtpx:TrackPointExtension>
            <gpxtpx:hr>132</gpxtpx:hr>
            <gpxtpx:cad>76</gpxtpx:cad>
            <gpxtpx:atemp>299.65</gpxtpx:atemp>
          </gpxtpx:TrackPointExtension>
        </extensions>
      </trkpt>
      <trkpt lat="30.282602" lon="34.931715">
        <ele>479.0</ele>
        <time>2026-03-24T06:51:55.000Z</time>
        <extensions>
          <gpxtpx:TrackPointExtension>
            <gpxtpx:hr>135</gpxtpx:hr>
            <gpxtpx:cad>56</gpxtpx:cad>
            <gpxtpx:atemp>299.65</gpxtpx:atemp>
          </gpxtpx:TrackPointExtension>
        </extensions>
      </trkpt>
      <trkpt lat="30.282734" lon="34.931662">
        <ele>479.0</ele>
        <time>2026-03-24T06:52:08.000Z</time>
        <extensions>
          <gpxtpx:TrackPointExtension>
            <gpxtpx:hr>137</gpxtpx:hr>
            <gpxtpx:cad>51</gpxtpx:cad>
            <gpxtpx:atemp>299.65</gpxtpx:atemp>
          </gpxtpx:TrackPointExtension>
        </extensions>
      </trkpt>
      <trkpt lat="30.282854" lon="34.931646">
        <ele>478.8</ele>
        <time>2026-03-24T06:52:17.000Z</time>
        <extensions>
          <gpxtpx:TrackPointExtension>
            <gpxtpx:hr>136</gpxtpx:hr>
            <gpxtpx:cad>66</gpxtpx:cad>
            <gpxtpx:atemp>299.65</gpxtpx:atemp>
          </gpxtpx:TrackPointExtension>
        </extensions>
      </trkpt>
      <trkpt lat="30.282869" lon="34.931643">
        <ele>478.8</ele>
        <time>2026-03-24T06:52:18.000Z</time>
        <extensions>
          <gpxtpx:TrackPointExtension>
            <gpxtpx:hr>135</gpxtpx:hr>
            <gpxtpx:cad>68</gpxtpx:cad>
            <gpxtpx:atemp>299.65</gpxtpx:atemp>
          </gpxtpx:TrackPointExtension>
        </extensions>
      </trkpt>
      <trkpt lat="30.283057" lon="34.931624">
        <ele>476.2</ele>
        <time>2026-03-24T06:52:31.000Z</time>
        <extensions>
          <gpxtpx:TrackPointExtension>
            <gpxtpx:hr>130</gpxtpx:hr>
            <gpxtpx:cad>66</gpxtpx:cad>
            <gpxtpx:atemp>299.65</gpxtpx:atemp>
          </gpxtpx:TrackPointExtension>
        </extensions>
      </trkpt>
      <trkpt lat="30.283226" lon="34.931536">
        <ele>473.4</ele>
        <time>2026-03-24T06:52:43.000Z</time>
        <extensions>
          <gpxtpx:TrackPointExtension>
            <gpxtpx:hr>121</gpxtpx:hr>
            <gpxtpx:cad>71</gpxtpx:cad>
            <gpxtpx:atemp>299.65</gpxtpx:atemp>
          </gpxtpx:TrackPointExtension>
        </extensions>
      </trkpt>
      <trkpt lat="30.283323" lon="34.931476">
        <ele>472.2</ele>
        <time>2026-03-24T06:52:50.000Z</time>
        <extensions>
          <gpxtpx:TrackPointExtension>
            <gpxtpx:hr>118</gpxtpx:hr>
            <gpxtpx:cad>72</gpxtpx:cad>
            <gpxtpx:atemp>299.65</gpxtpx:atemp>
          </gpxtpx:TrackPointExtension>
        </extensions>
      </trkpt>
      <trkpt lat="30.283371" lon="34.931470">
        <ele>472.0</ele>
        <time>2026-03-24T06:52:54.000Z</time>
        <extensions>
          <gpxtpx:TrackPointExtension>
            <gpxtpx:hr>118</gpxtpx:hr>
            <gpxtpx:cad>70</gpxtpx:cad>
            <gpxtpx:atemp>299.65</gpxtpx:atemp>
          </gpxtpx:TrackPointExtension>
        </extensions>
      </trkpt>
      <trkpt lat="30.283458" lon="34.931421">
        <ele>470.4</ele>
        <time>2026-03-24T06:53:01.000Z</time>
        <extensions>
          <gpxtpx:TrackPointExtension>
            <gpxtpx:hr>115</gpxtpx:hr>
            <gpxtpx:cad>61</gpxtpx:cad>
            <gpxtpx:atemp>299.65</gpxtpx:atemp>
          </gpxtpx:TrackPointExtension>
        </extensions>
      </trkpt>
      <trkpt lat="30.283518" lon="34.931397">
        <ele>470.0</ele>
        <time>2026-03-24T06:53:04.000Z</time>
        <extensions>
          <gpxtpx:TrackPointExtension>
            <gpxtpx:hr>114</gpxtpx:hr>
            <gpxtpx:cad>61</gpxtpx:cad>
            <gpxtpx:atemp>299.65</gpxtpx:atemp>
          </gpxtpx:TrackPointExtension>
        </extensions>
      </trkpt>
      <trkpt lat="30.283593" lon="34.931396">
        <ele>469.4</ele>
        <time>2026-03-24T06:53:08.000Z</time>
        <extensions>
          <gpxtpx:TrackPointExtension>
            <gpxtpx:hr>114</gpxtpx:hr>
            <gpxtpx:cad>76</gpxtpx:cad>
            <gpxtpx:atemp>299.65</gpxtpx:atemp>
          </gpxtpx:TrackPointExtension>
        </extensions>
      </trkpt>
      <trkpt lat="30.283696" lon="34.931381">
        <ele>469.8</ele>
        <time>2026-03-24T06:53:14.000Z</time>
        <extensions>
          <gpxtpx:TrackPointExtension>
            <gpxtpx:hr>117</gpxtpx:hr>
            <gpxtpx:cad>76</gpxtpx:cad>
            <gpxtpx:atemp>299.65</gpxtpx:atemp>
          </gpxtpx:TrackPointExtension>
        </extensions>
      </trkpt>
      <trkpt lat="30.283722" lon="34.931374">
        <ele>470.2</ele>
        <time>2026-03-24T06:53:16.000Z</time>
        <extensions>
          <gpxtpx:TrackPointExtension>
            <gpxtpx:hr>118</gpxtpx:hr>
            <gpxtpx:cad>74</gpxtpx:cad>
            <gpxtpx:atemp>299.65</gpxtpx:atemp>
          </gpxtpx:TrackPointExtension>
        </extensions>
      </trkpt>
      <trkpt lat="30.283819" lon="34.931365">
        <ele>471.4</ele>
        <time>2026-03-24T06:53:22.000Z</time>
        <extensions>
          <gpxtpx:TrackPointExtension>
            <gpxtpx:hr>121</gpxtpx:hr>
            <gpxtpx:cad>71</gpxtpx:cad>
            <gpxtpx:atemp>299.65</gpxtpx:atemp>
          </gpxtpx:TrackPointExtension>
        </extensions>
      </trkpt>
      <trkpt lat="30.283934" lon="34.931330">
        <ele>471.4</ele>
        <time>2026-03-24T06:53:31.000Z</time>
        <extensions>
          <gpxtpx:TrackPointExtension>
            <gpxtpx:hr>126</gpxtpx:hr>
            <gpxtpx:cad>55</gpxtpx:cad>
            <gpxtpx:atemp>299.65</gpxtpx:atemp>
          </gpxtpx:TrackPointExtension>
        </extensions>
      </trkpt>
      <trkpt lat="30.283970" lon="34.931308">
        <ele>471.4</ele>
        <time>2026-03-24T06:53:35.000Z</time>
        <extensions>
          <gpxtpx:TrackPointExtension>
            <gpxtpx:hr>125</gpxtpx:hr>
            <gpxtpx:cad>53</gpxtpx:cad>
            <gpxtpx:atemp>299.65</gpxtpx:atemp>
          </gpxtpx:TrackPointExtension>
        </extensions>
      </trkpt>
      <trkpt lat="30.284034" lon="34.931302">
        <ele>471.8</ele>
        <time>2026-03-24T06:53:42.000Z</time>
        <extensions>
          <gpxtpx:TrackPointExtension>
            <gpxtpx:hr>121</gpxtpx:hr>
            <gpxtpx:cad>59</gpxtpx:cad>
            <gpxtpx:atemp>299.65</gpxtpx:atemp>
          </gpxtpx:TrackPointExtension>
        </extensions>
      </trkpt>
      <trkpt lat="30.284096" lon="34.931290">
        <ele>472.6</ele>
        <time>2026-03-24T06:53:47.000Z</time>
        <extensions>
          <gpxtpx:TrackPointExtension>
            <gpxtpx:hr>121</gpxtpx:hr>
            <gpxtpx:cad>51</gpxtpx:cad>
            <gpxtpx:atemp>299.65</gpxtpx:atemp>
          </gpxtpx:TrackPointExtension>
        </extensions>
      </trkpt>
      <trkpt lat="30.284180" lon="34.931266">
        <ele>474.4</ele>
        <time>2026-03-24T06:53:56.000Z</time>
        <extensions>
          <gpxtpx:TrackPointExtension>
            <gpxtpx:hr>120</gpxtpx:hr>
            <gpxtpx:cad>53</gpxtpx:cad>
            <gpxtpx:atemp>299.65</gpxtpx:atemp>
          </gpxtpx:TrackPointExtension>
        </extensions>
      </trkpt>
      <trkpt lat="30.284211" lon="34.931053">
        <ele>474.0</ele>
        <time>2026-03-24T06:54:15.000Z</time>
        <extensions>
          <gpxtpx:TrackPointExtension>
            <gpxtpx:hr>116</gpxtpx:hr>
            <gpxtpx:cad>0</gpxtpx:cad>
            <gpxtpx:atemp>299.65</gpxtpx:atemp>
          </gpxtpx:TrackPointExtension>
        </extensions>
      </trkpt>
      <trkpt lat="30.284246" lon="34.930986">
        <ele>473.0</ele>
        <time>2026-03-24T06:54:23.000Z</time>
        <extensions>
          <gpxtpx:TrackPointExtension>
            <gpxtpx:hr>113</gpxtpx:hr>
            <gpxtpx:cad>47</gpxtpx:cad>
            <gpxtpx:atemp>299.65</gpxtpx:atemp>
          </gpxtpx:TrackPointExtension>
        </extensions>
      </trkpt>
      <trkpt lat="30.284289" lon="34.930940">
        <ele>474.6</ele>
        <time>2026-03-24T06:54:27.000Z</time>
        <extensions>
          <gpxtpx:TrackPointExtension>
            <gpxtpx:hr>114</gpxtpx:hr>
            <gpxtpx:cad>47</gpxtpx:cad>
            <gpxtpx:atemp>299.65</gpxtpx:atemp>
          </gpxtpx:TrackPointExtension>
        </extensions>
      </trkpt>
      <trkpt lat="30.284362" lon="34.930882">
        <ele>475.2</ele>
        <time>2026-03-24T06:54:32.000Z</time>
        <extensions>
          <gpxtpx:TrackPointExtension>
            <gpxtpx:hr>115</gpxtpx:hr>
            <gpxtpx:cad>73</gpxtpx:cad>
            <gpxtpx:atemp>299.65</gpxtpx:atemp>
          </gpxtpx:TrackPointExtension>
        </extensions>
      </trkpt>
      <trkpt lat="30.284452" lon="34.930771">
        <ele>474.2</ele>
        <time>2026-03-24T06:54:39.000Z</time>
        <extensions>
          <gpxtpx:TrackPointExtension>
            <gpxtpx:hr>120</gpxtpx:hr>
            <gpxtpx:cad>76</gpxtpx:cad>
            <gpxtpx:atemp>299.65</gpxtpx:atemp>
          </gpxtpx:TrackPointExtension>
        </extensions>
      </trkpt>
      <trkpt lat="30.284504" lon="34.930719">
        <ele>474.4</ele>
        <time>2026-03-24T06:54:43.000Z</time>
        <extensions>
          <gpxtpx:TrackPointExtension>
            <gpxtpx:hr>122</gpxtpx:hr>
            <gpxtpx:cad>74</gpxtpx:cad>
            <gpxtpx:atemp>299.65</gpxtpx:atemp>
          </gpxtpx:TrackPointExtension>
        </extensions>
      </trkpt>
      <trkpt lat="30.284585" lon="34.930650">
        <ele>474.6</ele>
        <time>2026-03-24T06:54:49.000Z</time>
        <extensions>
          <gpxtpx:TrackPointExtension>
            <gpxtpx:hr>124</gpxtpx:hr>
            <gpxtpx:cad>74</gpxtpx:cad>
            <gpxtpx:atemp>299.65</gpxtpx:atemp>
          </gpxtpx:TrackPointExtension>
        </extensions>
      </trkpt>
      <trkpt lat="30.284611" lon="34.930637">
        <ele>474.6</ele>
        <time>2026-03-24T06:54:51.000Z</time>
        <extensions>
          <gpxtpx:TrackPointExtension>
            <gpxtpx:hr>125</gpxtpx:hr>
            <gpxtpx:cad>71</gpxtpx:cad>
            <gpxtpx:atemp>299.65</gpxtpx:atemp>
          </gpxtpx:TrackPointExtension>
        </extensions>
      </trkpt>
      <trkpt lat="30.284666" lon="34.930550">
        <ele>474.6</ele>
        <time>2026-03-24T06:54:56.000Z</time>
        <extensions>
          <gpxtpx:TrackPointExtension>
            <gpxtpx:hr>127</gpxtpx:hr>
            <gpxtpx:cad>73</gpxtpx:cad>
            <gpxtpx:atemp>299.65</gpxtpx:atemp>
          </gpxtpx:TrackPointExtension>
        </extensions>
      </trkpt>
      <trkpt lat="30.284715" lon="34.930482">
        <ele>475.0</ele>
        <time>2026-03-24T06:55:04.000Z</time>
        <extensions>
          <gpxtpx:TrackPointExtension>
            <gpxtpx:hr>126</gpxtpx:hr>
            <gpxtpx:cad>0</gpxtpx:cad>
            <gpxtpx:atemp>299.65</gpxtpx:atemp>
          </gpxtpx:TrackPointExtension>
        </extensions>
      </trkpt>
      <trkpt lat="30.284743" lon="34.930431">
        <ele>475.8</ele>
        <time>2026-03-24T06:55:10.000Z</time>
        <extensions>
          <gpxtpx:TrackPointExtension>
            <gpxtpx:hr>124</gpxtpx:hr>
            <gpxtpx:cad>0</gpxtpx:cad>
            <gpxtpx:atemp>299.65</gpxtpx:atemp>
          </gpxtpx:TrackPointExtension>
        </extensions>
      </trkpt>
      <trkpt lat="30.284768" lon="34.930334">
        <ele>477.4</ele>
        <time>2026-03-24T06:55:20.000Z</time>
        <extensions>
          <gpxtpx:TrackPointExtension>
            <gpxtpx:hr>132</gpxtpx:hr>
            <gpxtpx:cad>0</gpxtpx:cad>
            <gpxtpx:atemp>299.65</gpxtpx:atemp>
          </gpxtpx:TrackPointExtension>
        </extensions>
      </trkpt>
      <trkpt lat="30.284786" lon="34.930285">
        <ele>478.0</ele>
        <time>2026-03-24T06:55:25.000Z</time>
        <extensions>
          <gpxtpx:TrackPointExtension>
            <gpxtpx:hr>134</gpxtpx:hr>
            <gpxtpx:cad>0</gpxtpx:cad>
            <gpxtpx:atemp>299.65</gpxtpx:atemp>
          </gpxtpx:TrackPointExtension>
        </extensions>
      </trkpt>
      <trkpt lat="30.284842" lon="34.930237">
        <ele>479.0</ele>
        <time>2026-03-24T06:55:32.000Z</time>
        <extensions>
          <gpxtpx:TrackPointExtension>
            <gpxtpx:hr>138</gpxtpx:hr>
            <gpxtpx:cad>49</gpxtpx:cad>
            <gpxtpx:atemp>300.65</gpxtpx:atemp>
          </gpxtpx:TrackPointExtension>
        </extensions>
      </trkpt>
      <trkpt lat="30.284904" lon="34.930165">
        <ele>479.6</ele>
        <time>2026-03-24T06:55:40.000Z</time>
        <extensions>
          <gpxtpx:TrackPointExtension>
            <gpxtpx:hr>140</gpxtpx:hr>
            <gpxtpx:cad>0</gpxtpx:cad>
            <gpxtpx:atemp>300.65</gpxtpx:atemp>
          </gpxtpx:TrackPointExtension>
        </extensions>
      </trkpt>
      <trkpt lat="30.285011" lon="34.930070">
        <ele>479.4</ele>
        <time>2026-03-24T06:55:49.000Z</time>
        <extensions>
          <gpxtpx:TrackPointExtension>
            <gpxtpx:hr>142</gpxtpx:hr>
            <gpxtpx:cad>73</gpxtpx:cad>
            <gpxtpx:atemp>300.65</gpxtpx:atemp>
          </gpxtpx:TrackPointExtension>
        </extensions>
      </trkpt>
      <trkpt lat="30.285056" lon="34.930019">
        <ele>479.0</ele>
        <time>2026-03-24T06:55:54.000Z</time>
        <extensions>
          <gpxtpx:TrackPointExtension>
            <gpxtpx:hr>143</gpxtpx:hr>
            <gpxtpx:cad>0</gpxtpx:cad>
            <gpxtpx:atemp>300.65</gpxtpx:atemp>
          </gpxtpx:TrackPointExtension>
        </extensions>
      </trkpt>
      <trkpt lat="30.285152" lon="34.929943">
        <ele>478.8</ele>
        <time>2026-03-24T06:56:04.000Z</time>
        <extensions>
          <gpxtpx:TrackPointExtension>
            <gpxtpx:hr>137</gpxtpx:hr>
            <gpxtpx:cad>58</gpxtpx:cad>
            <gpxtpx:atemp>300.65</gpxtpx:atemp>
          </gpxtpx:TrackPointExtension>
        </extensions>
      </trkpt>
      <trkpt lat="30.285201" lon="34.929914">
        <ele>478.8</ele>
        <time>2026-03-24T06:56:08.000Z</time>
        <extensions>
          <gpxtpx:TrackPointExtension>
            <gpxtpx:hr>135</gpxtpx:hr>
            <gpxtpx:cad>54</gpxtpx:cad>
            <gpxtpx:atemp>300.65</gpxtpx:atemp>
          </gpxtpx:TrackPointExtension>
        </extensions>
      </trkpt>
      <trkpt lat="30.285260" lon="34.929893">
        <ele>479.0</ele>
        <time>2026-03-24T06:56:12.000Z</time>
        <extensions>
          <gpxtpx:TrackPointExtension>
            <gpxtpx:hr>131</gpxtpx:hr>
            <gpxtpx:cad>54</gpxtpx:cad>
            <gpxtpx:atemp>300.65</gpxtpx:atemp>
          </gpxtpx:TrackPointExtension>
        </extensions>
      </trkpt>
      <trkpt lat="30.285324" lon="34.929875">
        <ele>479.4</ele>
        <time>2026-03-24T06:56:17.000Z</time>
        <extensions>
          <gpxtpx:TrackPointExtension>
            <gpxtpx:hr>128</gpxtpx:hr>
            <gpxtpx:cad>69</gpxtpx:cad>
            <gpxtpx:atemp>300.65</gpxtpx:atemp>
          </gpxtpx:TrackPointExtension>
        </extensions>
      </trkpt>
      <trkpt lat="30.285371" lon="34.929894">
        <ele>480.6</ele>
        <time>2026-03-24T06:56:26.000Z</time>
        <extensions>
          <gpxtpx:TrackPointExtension>
            <gpxtpx:hr>128</gpxtpx:hr>
            <gpxtpx:cad>47</gpxtpx:cad>
            <gpxtpx:atemp>300.65</gpxtpx:atemp>
          </gpxtpx:TrackPointExtension>
        </extensions>
      </trkpt>
      <trkpt lat="30.285461" lon="34.929945">
        <ele>482.8</ele>
        <time>2026-03-24T06:56:38.000Z</time>
        <extensions>
          <gpxtpx:TrackPointExtension>
            <gpxtpx:hr>130</gpxtpx:hr>
            <gpxtpx:cad>49</gpxtpx:cad>
            <gpxtpx:atemp>300.65</gpxtpx:atemp>
          </gpxtpx:TrackPointExtension>
        </extensions>
      </trkpt>
      <trkpt lat="30.285525" lon="34.929931">
        <ele>484.4</ele>
        <time>2026-03-24T06:56:46.000Z</time>
        <extensions>
          <gpxtpx:TrackPointExtension>
            <gpxtpx:hr>134</gpxtpx:hr>
            <gpxtpx:cad>0</gpxtpx:cad>
            <gpxtpx:atemp>300.65</gpxtpx:atemp>
          </gpxtpx:TrackPointExtension>
        </extensions>
      </trkpt>
      <trkpt lat="30.285547" lon="34.929854">
        <ele>485.4</ele>
        <time>2026-03-24T06:56:54.000Z</time>
        <extensions>
          <gpxtpx:TrackPointExtension>
            <gpxtpx:hr>139</gpxtpx:hr>
            <gpxtpx:cad>52</gpxtpx:cad>
            <gpxtpx:atemp>300.65</gpxtpx:atemp>
          </gpxtpx:TrackPointExtension>
        </extensions>
      </trkpt>
      <trkpt lat="30.285555" lon="34.929812">
        <ele>485.8</ele>
        <time>2026-03-24T06:57:05.000Z</time>
        <extensions>
          <gpxtpx:TrackPointExtension>
            <gpxtpx:hr>140</gpxtpx:hr>
            <gpxtpx:cad>0</gpxtpx:cad>
            <gpxtpx:atemp>300.65</gpxtpx:atemp>
          </gpxtpx:TrackPointExtension>
        </extensions>
      </trkpt>
      <trkpt lat="30.285579" lon="34.929733">
        <ele>486.4</ele>
        <time>2026-03-24T06:57:12.000Z</time>
        <extensions>
          <gpxtpx:TrackPointExtension>
            <gpxtpx:hr>137</gpxtpx:hr>
            <gpxtpx:cad>0</gpxtpx:cad>
            <gpxtpx:atemp>300.65</gpxtpx:atemp>
          </gpxtpx:TrackPointExtension>
        </extensions>
      </trkpt>
      <trkpt lat="30.285622" lon="34.929647">
        <ele>487.4</ele>
        <time>2026-03-24T06:57:19.000Z</time>
        <extensions>
          <gpxtpx:TrackPointExtension>
            <gpxtpx:hr>137</gpxtpx:hr>
            <gpxtpx:cad>55</gpxtpx:cad>
            <gpxtpx:atemp>300.65</gpxtpx:atemp>
          </gpxtpx:TrackPointExtension>
        </extensions>
      </trkpt>
      <trkpt lat="30.285668" lon="34.929594">
        <ele>488.4</ele>
        <time>2026-03-24T06:57:25.000Z</time>
        <extensions>
          <gpxtpx:TrackPointExtension>
            <gpxtpx:hr>139</gpxtpx:hr>
            <gpxtpx:cad>55</gpxtpx:cad>
            <gpxtpx:atemp>300.65</gpxtpx:atemp>
          </gpxtpx:TrackPointExtension>
        </extensions>
      </trkpt>
      <trkpt lat="30.285767" lon="34.929503">
        <ele>488.6</ele>
        <time>2026-03-24T06:57:54.000Z</time>
        <extensions>
          <gpxtpx:TrackPointExtension>
            <gpxtpx:hr>127</gpxtpx:hr>
            <gpxtpx:cad>43</gpxtpx:cad>
            <gpxtpx:atemp>300.65</gpxtpx:atemp>
          </gpxtpx:TrackPointExtension>
        </extensions>
      </trkpt>
      <trkpt lat="30.285833" lon="34.929414">
        <ele>488.6</ele>
        <time>2026-03-24T06:58:01.000Z</time>
        <extensions>
          <gpxtpx:TrackPointExtension>
            <gpxtpx:hr>126</gpxtpx:hr>
            <gpxtpx:cad>52</gpxtpx:cad>
            <gpxtpx:atemp>300.65</gpxtpx:atemp>
          </gpxtpx:TrackPointExtension>
        </extensions>
      </trkpt>
      <trkpt lat="30.285827" lon="34.929405">
        <ele>488.8</ele>
        <time>2026-03-24T06:58:06.000Z</time>
        <extensions>
          <gpxtpx:TrackPointExtension>
            <gpxtpx:hr>126</gpxtpx:hr>
            <gpxtpx:cad>0</gpxtpx:cad>
            <gpxtpx:atemp>300.65</gpxtpx:atemp>
          </gpxtpx:TrackPointExtension>
        </extensions>
      </trkpt>
      <trkpt lat="30.285804" lon="34.929453">
        <ele>489.6</ele>
        <time>2026-03-24T06:59:07.000Z</time>
        <extensions>
          <gpxtpx:TrackPointExtension>
            <gpxtpx:hr>96</gpxtpx:hr>
            <gpxtpx:cad>0</gpxtpx:cad>
            <gpxtpx:atemp>300.65</gpxtpx:atemp>
          </gpxtpx:TrackPointExtension>
        </extensions>
      </trkpt>
      <trkpt lat="30.285872" lon="34.929360">
        <ele>489.2</ele>
        <time>2026-03-24T06:59:16.000Z</time>
        <extensions>
          <gpxtpx:TrackPointExtension>
            <gpxtpx:hr>94</gpxtpx:hr>
            <gpxtpx:cad>0</gpxtpx:cad>
            <gpxtpx:atemp>300.65</gpxtpx:atemp>
          </gpxtpx:TrackPointExtension>
        </extensions>
      </trkpt>
      <trkpt lat="30.285946" lon="34.929229">
        <ele>490.4</ele>
        <time>2026-03-24T06:59:24.000Z</time>
        <extensions>
          <gpxtpx:TrackPointExtension>
            <gpxtpx:hr>97</gpxtpx:hr>
            <gpxtpx:cad>71</gpxtpx:cad>
            <gpxtpx:atemp>300.65</gpxtpx:atemp>
          </gpxtpx:TrackPointExtension>
        </extensions>
      </trkpt>
      <trkpt lat="30.286008" lon="34.929145">
        <ele>491.0</ele>
        <time>2026-03-24T06:59:31.000Z</time>
        <extensions>
          <gpxtpx:TrackPointExtension>
            <gpxtpx:hr>102</gpxtpx:hr>
            <gpxtpx:cad>71</gpxtpx:cad>
            <gpxtpx:atemp>300.65</gpxtpx:atemp>
          </gpxtpx:TrackPointExtension>
        </extensions>
      </trkpt>
      <trkpt lat="30.286080" lon="34.929105">
        <ele>492.0</ele>
        <time>2026-03-24T06:59:38.000Z</time>
        <extensions>
          <gpxtpx:TrackPointExtension>
            <gpxtpx:hr>105</gpxtpx:hr>
            <gpxtpx:cad>55</gpxtpx:cad>
            <gpxtpx:atemp>300.65</gpxtpx:atemp>
          </gpxtpx:TrackPointExtension>
        </extensions>
      </trkpt>
      <trkpt lat="30.286174" lon="34.929129">
        <ele>492.0</ele>
        <time>2026-03-24T06:59:43.000Z</time>
        <extensions>
          <gpxtpx:TrackPointExtension>
            <gpxtpx:hr>106</gpxtpx:hr>
            <gpxtpx:cad>0</gpxtpx:cad>
            <gpxtpx:atemp>300.65</gpxtpx:atemp>
          </gpxtpx:TrackPointExtension>
        </extensions>
      </trkpt>
      <trkpt lat="30.286241" lon="34.929161">
        <ele>491.6</ele>
        <time>2026-03-24T06:59:47.000Z</time>
        <extensions>
          <gpxtpx:TrackPointExtension>
            <gpxtpx:hr>108</gpxtpx:hr>
            <gpxtpx:cad>77</gpxtpx:cad>
            <gpxtpx:atemp>300.65</gpxtpx:atemp>
          </gpxtpx:TrackPointExtension>
        </extensions>
      </trkpt>
      <trkpt lat="30.286283" lon="34.929165">
        <ele>491.6</ele>
        <time>2026-03-24T06:59:50.000Z</time>
        <extensions>
          <gpxtpx:TrackPointExtension>
            <gpxtpx:hr>111</gpxtpx:hr>
            <gpxtpx:cad>74</gpxtpx:cad>
            <gpxtpx:atemp>300.65</gpxtpx:atemp>
          </gpxtpx:TrackPointExtension>
        </extensions>
      </trkpt>
      <trkpt lat="30.286343" lon="34.929186">
        <ele>491.2</ele>
        <time>2026-03-24T06:59:55.000Z</time>
        <extensions>
          <gpxtpx:TrackPointExtension>
            <gpxtpx:hr>113</gpxtpx:hr>
            <gpxtpx:cad>74</gpxtpx:cad>
            <gpxtpx:atemp>300.65</gpxtpx:atemp>
          </gpxtpx:TrackPointExtension>
        </extensions>
      </trkpt>
      <trkpt lat="30.286399" lon="34.929183">
        <ele>490.6</ele>
        <time>2026-03-24T06:59:58.000Z</time>
        <extensions>
          <gpxtpx:TrackPointExtension>
            <gpxtpx:hr>113</gpxtpx:hr>
            <gpxtpx:cad>74</gpxtpx:cad>
            <gpxtpx:atemp>300.65</gpxtpx:atemp>
          </gpxtpx:TrackPointExtension>
        </extensions>
      </trkpt>
      <trkpt lat="30.286462" lon="34.929169">
        <ele>489.6</ele>
        <time>2026-03-24T07:00:02.000Z</time>
        <extensions>
          <gpxtpx:TrackPointExtension>
            <gpxtpx:hr>112</gpxtpx:hr>
            <gpxtpx:cad>65</gpxtpx:cad>
            <gpxtpx:atemp>300.65</gpxtpx:atemp>
          </gpxtpx:TrackPointExtension>
        </extensions>
      </trkpt>
      <trkpt lat="30.286526" lon="34.929147">
        <ele>489.4</ele>
        <time>2026-03-24T07:00:06.000Z</time>
        <extensions>
          <gpxtpx:TrackPointExtension>
            <gpxtpx:hr>113</gpxtpx:hr>
            <gpxtpx:cad>72</gpxtpx:cad>
            <gpxtpx:atemp>300.65</gpxtpx:atemp>
          </gpxtpx:TrackPointExtension>
        </extensions>
      </trkpt>
      <trkpt lat="30.286599" lon="34.929129">
        <ele>489.2</ele>
        <time>2026-03-24T07:00:11.000Z</time>
        <extensions>
          <gpxtpx:TrackPointExtension>
            <gpxtpx:hr>115</gpxtpx:hr>
            <gpxtpx:cad>70</gpxtpx:cad>
            <gpxtpx:atemp>300.65</gpxtpx:atemp>
          </gpxtpx:TrackPointExtension>
        </extensions>
      </trkpt>
      <trkpt lat="30.286690" lon="34.929145">
        <ele>489.4</ele>
        <time>2026-03-24T07:00:17.000Z</time>
        <extensions>
          <gpxtpx:TrackPointExtension>
            <gpxtpx:hr>116</gpxtpx:hr>
            <gpxtpx:cad>71</gpxtpx:cad>
            <gpxtpx:atemp>300.65</gpxtpx:atemp>
          </gpxtpx:TrackPointExtension>
        </extensions>
      </trkpt>
      <trkpt lat="30.286761" lon="34.929187">
        <ele>489.4</ele>
        <time>2026-03-24T07:00:22.000Z</time>
        <extensions>
          <gpxtpx:TrackPointExtension>
            <gpxtpx:hr>116</gpxtpx:hr>
            <gpxtpx:cad>74</gpxtpx:cad>
            <gpxtpx:atemp>299.65</gpxtpx:atemp>
          </gpxtpx:TrackPointExtension>
        </extensions>
      </trkpt>
      <trkpt lat="30.286814" lon="34.929241">
        <ele>489.0</ele>
        <time>2026-03-24T07:00:26.000Z</time>
        <extensions>
          <gpxtpx:TrackPointExtension>
            <gpxtpx:hr>117</gpxtpx:hr>
            <gpxtpx:cad>71</gpxtpx:cad>
            <gpxtpx:atemp>299.65</gpxtpx:atemp>
          </gpxtpx:TrackPointExtension>
        </extensions>
      </trkpt>
      <trkpt lat="30.286883" lon="34.929281">
        <ele>488.2</ele>
        <time>2026-03-24T07:00:30.000Z</time>
        <extensions>
          <gpxtpx:TrackPointExtension>
            <gpxtpx:hr>118</gpxtpx:hr>
            <gpxtpx:cad>72</gpxtpx:cad>
            <gpxtpx:atemp>299.65</gpxtpx:atemp>
          </gpxtpx:TrackPointExtension>
        </extensions>
      </trkpt>
      <trkpt lat="30.286978" lon="34.929276">
        <ele>487.6</ele>
        <time>2026-03-24T07:00:35.000Z</time>
        <extensions>
          <gpxtpx:TrackPointExtension>
            <gpxtpx:hr>118</gpxtpx:hr>
            <gpxtpx:cad>75</gpxtpx:cad>
            <gpxtpx:atemp>299.65</gpxtpx:atemp>
          </gpxtpx:TrackPointExtension>
        </extensions>
      </trkpt>
      <trkpt lat="30.287073" lon="34.929232">
        <ele>487.6</ele>
        <time>2026-03-24T07:00:41.000Z</time>
        <extensions>
          <gpxtpx:TrackPointExtension>
            <gpxtpx:hr>123</gpxtpx:hr>
            <gpxtpx:cad>73</gpxtpx:cad>
            <gpxtpx:atemp>299.65</gpxtpx:atemp>
          </gpxtpx:TrackPointExtension>
        </extensions>
      </trkpt>
      <trkpt lat="30.287103" lon="34.929245">
        <ele>487.0</ele>
        <time>2026-03-24T07:00:46.000Z</time>
        <extensions>
          <gpxtpx:TrackPointExtension>
            <gpxtpx:hr>125</gpxtpx:hr>
            <gpxtpx:cad>0</gpxtpx:cad>
            <gpxtpx:atemp>299.65</gpxtpx:atemp>
          </gpxtpx:TrackPointExtension>
        </extensions>
      </trkpt>
      <trkpt lat="30.287142" lon="34.929225">
        <ele>485.8</ele>
        <time>2026-03-24T07:01:00.000Z</time>
        <extensions>
          <gpxtpx:TrackPointExtension>
            <gpxtpx:hr>120</gpxtpx:hr>
            <gpxtpx:cad>0</gpxtpx:cad>
            <gpxtpx:atemp>300.65</gpxtpx:atemp>
          </gpxtpx:TrackPointExtension>
        </extensions>
      </trkpt>
      <trkpt lat="30.287181" lon="34.929144">
        <ele>485.0</ele>
        <time>2026-03-24T07:01:06.000Z</time>
        <extensions>
          <gpxtpx:TrackPointExtension>
            <gpxtpx:hr>121</gpxtpx:hr>
            <gpxtpx:cad>60</gpxtpx:cad>
            <gpxtpx:atemp>300.65</gpxtpx:atemp>
          </gpxtpx:TrackPointExtension>
        </extensions>
      </trkpt>
      <trkpt lat="30.287200" lon="34.929090">
        <ele>484.8</ele>
        <time>2026-03-24T07:01:09.000Z</time>
        <extensions>
          <gpxtpx:TrackPointExtension>
            <gpxtpx:hr>121</gpxtpx:hr>
            <gpxtpx:cad>60</gpxtpx:cad>
            <gpxtpx:atemp>300.65</gpxtpx:atemp>
          </gpxtpx:TrackPointExtension>
        </extensions>
      </trkpt>
      <trkpt lat="30.287199" lon="34.929011">
        <ele>484.8</ele>
        <time>2026-03-24T07:01:13.000Z</time>
        <extensions>
          <gpxtpx:TrackPointExtension>
            <gpxtpx:hr>123</gpxtpx:hr>
            <gpxtpx:cad>75</gpxtpx:cad>
            <gpxtpx:atemp>300.65</gpxtpx:atemp>
          </gpxtpx:TrackPointExtension>
        </extensions>
      </trkpt>
      <trkpt lat="30.287161" lon="34.928860">
        <ele>484.4</ele>
        <time>2026-03-24T07:01:21.000Z</time>
        <extensions>
          <gpxtpx:TrackPointExtension>
            <gpxtpx:hr>116</gpxtpx:hr>
            <gpxtpx:cad>72</gpxtpx:cad>
            <gpxtpx:atemp>300.65</gpxtpx:atemp>
          </gpxtpx:TrackPointExtension>
        </extensions>
      </trkpt>
      <trkpt lat="30.287116" lon="34.928735">
        <ele>483.8</ele>
        <time>2026-03-24T07:01:27.000Z</time>
        <extensions>
          <gpxtpx:TrackPointExtension>
            <gpxtpx:hr>113</gpxtpx:hr>
            <gpxtpx:cad>75</gpxtpx:cad>
            <gpxtpx:atemp>300.65</gpxtpx:atemp>
          </gpxtpx:TrackPointExtension>
        </extensions>
      </trkpt>
      <trkpt lat="30.287089" lon="34.928618">
        <ele>483.4</ele>
        <time>2026-03-24T07:01:32.000Z</time>
        <extensions>
          <gpxtpx:TrackPointExtension>
            <gpxtpx:hr>115</gpxtpx:hr>
            <gpxtpx:cad>74</gpxtpx:cad>
            <gpxtpx:atemp>300.65</gpxtpx:atemp>
          </gpxtpx:TrackPointExtension>
        </extensions>
      </trkpt>
      <trkpt lat="30.287075" lon="34.928578">
        <ele>483.2</ele>
        <time>2026-03-24T07:01:34.000Z</time>
        <extensions>
          <gpxtpx:TrackPointExtension>
            <gpxtpx:hr>117</gpxtpx:hr>
            <gpxtpx:cad>75</gpxtpx:cad>
            <gpxtpx:atemp>300.65</gpxtpx:atemp>
          </gpxtpx:TrackPointExtension>
        </extensions>
      </trkpt>
      <trkpt lat="30.287005" lon="34.928456">
        <ele>482.6</ele>
        <time>2026-03-24T07:01:40.000Z</time>
        <extensions>
          <gpxtpx:TrackPointExtension>
            <gpxtpx:hr>120</gpxtpx:hr>
            <gpxtpx:cad>75</gpxtpx:cad>
            <gpxtpx:atemp>300.65</gpxtpx:atemp>
          </gpxtpx:TrackPointExtension>
        </extensions>
      </trkpt>
      <trkpt lat="30.286932" lon="34.928248">
        <ele>482.0</ele>
        <time>2026-03-24T07:01:50.000Z</time>
        <extensions>
          <gpxtpx:TrackPointExtension>
            <gpxtpx:hr>121</gpxtpx:hr>
            <gpxtpx:cad>76</gpxtpx:cad>
            <gpxtpx:atemp>300.65</gpxtpx:atemp>
          </gpxtpx:TrackPointExtension>
        </extensions>
      </trkpt>
      <trkpt lat="30.286911" lon="34.928208">
        <ele>481.6</ele>
        <time>2026-03-24T07:01:57.000Z</time>
        <extensions>
          <gpxtpx:TrackPointExtension>
            <gpxtpx:hr>122</gpxtpx:hr>
            <gpxtpx:cad>0</gpxtpx:cad>
            <gpxtpx:atemp>300.65</gpxtpx:atemp>
          </gpxtpx:TrackPointExtension>
        </extensions>
      </trkpt>
      <trkpt lat="30.286898" lon="34.928062">
        <ele>481.4</ele>
        <time>2026-03-24T07:02:04.000Z</time>
        <extensions>
          <gpxtpx:TrackPointExtension>
            <gpxtpx:hr>117</gpxtpx:hr>
            <gpxtpx:cad>0</gpxtpx:cad>
            <gpxtpx:atemp>300.65</gpxtpx:atemp>
          </gpxtpx:TrackPointExtension>
        </extensions>
      </trkpt>
      <trkpt lat="30.286858" lon="34.927813">
        <ele>482.2</ele>
        <time>2026-03-24T07:02:16.000Z</time>
        <extensions>
          <gpxtpx:TrackPointExtension>
            <gpxtpx:hr>128</gpxtpx:hr>
            <gpxtpx:cad>75</gpxtpx:cad>
            <gpxtpx:atemp>300.65</gpxtpx:atemp>
          </gpxtpx:TrackPointExtension>
        </extensions>
      </trkpt>
      <trkpt lat="30.286829" lon="34.927694">
        <ele>482.8</ele>
        <time>2026-03-24T07:02:22.000Z</time>
        <extensions>
          <gpxtpx:TrackPointExtension>
            <gpxtpx:hr>130</gpxtpx:hr>
            <gpxtpx:cad>74</gpxtpx:cad>
            <gpxtpx:atemp>300.65</gpxtpx:atemp>
          </gpxtpx:TrackPointExtension>
        </extensions>
      </trkpt>
      <trkpt lat="30.286821" lon="34.927669">
        <ele>483.0</ele>
        <time>2026-03-24T07:02:23.000Z</time>
        <extensions>
          <gpxtpx:TrackPointExtension>
            <gpxtpx:hr>131</gpxtpx:hr>
            <gpxtpx:cad>74</gpxtpx:cad>
            <gpxtpx:atemp>300.65</gpxtpx:atemp>
          </gpxtpx:TrackPointExtension>
        </extensions>
      </trkpt>
      <trkpt lat="30.286750" lon="34.927514">
        <ele>483.4</ele>
        <time>2026-03-24T07:02:31.000Z</time>
        <extensions>
          <gpxtpx:TrackPointExtension>
            <gpxtpx:hr>134</gpxtpx:hr>
            <gpxtpx:cad>74</gpxtpx:cad>
            <gpxtpx:atemp>300.65</gpxtpx:atemp>
          </gpxtpx:TrackPointExtension>
        </extensions>
      </trkpt>
      <trkpt lat="30.286696" lon="34.927420">
        <ele>483.8</ele>
        <time>2026-03-24T07:02:36.000Z</time>
        <extensions>
          <gpxtpx:TrackPointExtension>
            <gpxtpx:hr>133</gpxtpx:hr>
            <gpxtpx:cad>76</gpxtpx:cad>
            <gpxtpx:atemp>300.65</gpxtpx:atemp>
          </gpxtpx:TrackPointExtension>
        </extensions>
      </trkpt>
      <trkpt lat="30.286684" lon="34.927331">
        <ele>485.0</ele>
        <time>2026-03-24T07:02:43.000Z</time>
        <extensions>
          <gpxtpx:TrackPointExtension>
            <gpxtpx:hr>137</gpxtpx:hr>
            <gpxtpx:cad>76</gpxtpx:cad>
            <gpxtpx:atemp>300.65</gpxtpx:atemp>
          </gpxtpx:TrackPointExtension>
        </extensions>
      </trkpt>
      <trkpt lat="30.286738" lon="34.927193">
        <ele>484.8</ele>
        <time>2026-03-24T07:02:54.000Z</time>
        <extensions>
          <gpxtpx:TrackPointExtension>
            <gpxtpx:hr>136</gpxtpx:hr>
            <gpxtpx:cad>54</gpxtpx:cad>
            <gpxtpx:atemp>300.65</gpxtpx:atemp>
          </gpxtpx:TrackPointExtension>
        </extensions>
      </trkpt>
      <trkpt lat="30.286744" lon="34.927150">
        <ele>485.2</ele>
        <time>2026-03-24T07:02:58.000Z</time>
        <extensions>
          <gpxtpx:TrackPointExtension>
            <gpxtpx:hr>134</gpxtpx:hr>
            <gpxtpx:cad>55</gpxtpx:cad>
            <gpxtpx:atemp>300.65</gpxtpx:atemp>
          </gpxtpx:TrackPointExtension>
        </extensions>
      </trkpt>
      <trkpt lat="30.286783" lon="34.927069">
        <ele>484.8</ele>
        <time>2026-03-24T07:03:07.000Z</time>
        <extensions>
          <gpxtpx:TrackPointExtension>
            <gpxtpx:hr>128</gpxtpx:hr>
            <gpxtpx:cad>52</gpxtpx:cad>
            <gpxtpx:atemp>300.65</gpxtpx:atemp>
          </gpxtpx:TrackPointExtension>
        </extensions>
      </trkpt>
      <trkpt lat="30.286824" lon="34.927019">
        <ele>484.8</ele>
        <time>2026-03-24T07:03:12.000Z</time>
        <extensions>
          <gpxtpx:TrackPointExtension>
            <gpxtpx:hr>128</gpxtpx:hr>
            <gpxtpx:cad>50</gpxtpx:cad>
            <gpxtpx:atemp>300.65</gpxtpx:atemp>
          </gpxtpx:TrackPointExtension>
        </extensions>
      </trkpt>
      <trkpt lat="30.286850" lon="34.926960">
        <ele>484.6</ele>
        <time>2026-03-24T07:03:17.000Z</time>
        <extensions>
          <gpxtpx:TrackPointExtension>
            <gpxtpx:hr>123</gpxtpx:hr>
            <gpxtpx:cad>55</gpxtpx:cad>
            <gpxtpx:atemp>300.65</gpxtpx:atemp>
          </gpxtpx:TrackPointExtension>
        </extensions>
      </trkpt>
      <trkpt lat="30.286943" lon="34.926851">
        <ele>485.0</ele>
        <time>2026-03-24T07:03:25.000Z</time>
        <extensions>
          <gpxtpx:TrackPointExtension>
            <gpxtpx:hr>115</gpxtpx:hr>
            <gpxtpx:cad>73</gpxtpx:cad>
            <gpxtpx:atemp>300.65</gpxtpx:atemp>
          </gpxtpx:TrackPointExtension>
        </extensions>
      </trkpt>
      <trkpt lat="30.287034" lon="34.926801">
        <ele>484.2</ele>
        <time>2026-03-24T07:03:31.000Z</time>
        <extensions>
          <gpxtpx:TrackPointExtension>
            <gpxtpx:hr>116</gpxtpx:hr>
            <gpxtpx:cad>73</gpxtpx:cad>
            <gpxtpx:atemp>300.65</gpxtpx:atemp>
          </gpxtpx:TrackPointExtension>
        </extensions>
      </trkpt>
      <trkpt lat="30.287111" lon="34.926751">
        <ele>484.0</ele>
        <time>2026-03-24T07:03:35.000Z</time>
        <extensions>
          <gpxtpx:TrackPointExtension>
            <gpxtpx:hr>119</gpxtpx:hr>
            <gpxtpx:cad>73</gpxtpx:cad>
            <gpxtpx:atemp>300.65</gpxtpx:atemp>
          </gpxtpx:TrackPointExtension>
        </extensions>
      </trkpt>
      <trkpt lat="30.287144" lon="34.926726">
        <ele>484.0</ele>
        <time>2026-03-24T07:03:37.000Z</time>
        <extensions>
          <gpxtpx:TrackPointExtension>
            <gpxtpx:hr>119</gpxtpx:hr>
            <gpxtpx:cad>75</gpxtpx:cad>
            <gpxtpx:atemp>300.65</gpxtpx:atemp>
          </gpxtpx:TrackPointExtension>
        </extensions>
      </trkpt>
      <trkpt lat="30.287203" lon="34.926670">
        <ele>484.4</ele>
        <time>2026-03-24T07:03:43.000Z</time>
        <extensions>
          <gpxtpx:TrackPointExtension>
            <gpxtpx:hr>120</gpxtpx:hr>
            <gpxtpx:cad>76</gpxtpx:cad>
            <gpxtpx:atemp>300.65</gpxtpx:atemp>
          </gpxtpx:TrackPointExtension>
        </extensions>
      </trkpt>
      <trkpt lat="30.287343" lon="34.926661">
        <ele>487.0</ele>
        <time>2026-03-24T07:03:57.000Z</time>
        <extensions>
          <gpxtpx:TrackPointExtension>
            <gpxtpx:hr>119</gpxtpx:hr>
            <gpxtpx:cad>53</gpxtpx:cad>
            <gpxtpx:atemp>300.65</gpxtpx:atemp>
          </gpxtpx:TrackPointExtension>
        </extensions>
      </trkpt>
      <trkpt lat="30.287432" lon="34.926638">
        <ele>488.0</ele>
        <time>2026-03-24T07:04:06.000Z</time>
        <extensions>
          <gpxtpx:TrackPointExtension>
            <gpxtpx:hr>125</gpxtpx:hr>
            <gpxtpx:cad>53</gpxtpx:cad>
            <gpxtpx:atemp>300.65</gpxtpx:atemp>
          </gpxtpx:TrackPointExtension>
        </extensions>
      </trkpt>
      <trkpt lat="30.287509" lon="34.926681">
        <ele>489.0</ele>
        <time>2026-03-24T07:04:14.000Z</time>
        <extensions>
          <gpxtpx:TrackPointExtension>
            <gpxtpx:hr>128</gpxtpx:hr>
            <gpxtpx:cad>52</gpxtpx:cad>
            <gpxtpx:atemp>300.65</gpxtpx:atemp>
          </gpxtpx:TrackPointExtension>
        </extensions>
      </trkpt>
      <trkpt lat="30.287611" lon="34.926702">
        <ele>490.4</ele>
        <time>2026-03-24T07:04:23.000Z</time>
        <extensions>
          <gpxtpx:TrackPointExtension>
            <gpxtpx:hr>133</gpxtpx:hr>
            <gpxtpx:cad>0</gpxtpx:cad>
            <gpxtpx:atemp>300.65</gpxtpx:atemp>
          </gpxtpx:TrackPointExtension>
        </extensions>
      </trkpt>
      <trkpt lat="30.287678" lon="34.926670">
        <ele>490.6</ele>
        <time>2026-03-24T07:04:29.000Z</time>
        <extensions>
          <gpxtpx:TrackPointExtension>
            <gpxtpx:hr>135</gpxtpx:hr>
            <gpxtpx:cad>55</gpxtpx:cad>
            <gpxtpx:atemp>300.65</gpxtpx:atemp>
          </gpxtpx:TrackPointExtension>
        </extensions>
      </trkpt>
      <trkpt lat="30.287738" lon="34.926573">
        <ele>491.4</ele>
        <time>2026-03-24T07:04:36.000Z</time>
        <extensions>
          <gpxtpx:TrackPointExtension>
            <gpxtpx:hr>137</gpxtpx:hr>
            <gpxtpx:cad>51</gpxtpx:cad>
            <gpxtpx:atemp>300.65</gpxtpx:atemp>
          </gpxtpx:TrackPointExtension>
        </extensions>
      </trkpt>
      <trkpt lat="30.287746" lon="34.926529">
        <ele>491.4</ele>
        <time>2026-03-24T07:04:38.000Z</time>
        <extensions>
          <gpxtpx:TrackPointExtension>
            <gpxtpx:hr>137</gpxtpx:hr>
            <gpxtpx:cad>74</gpxtpx:cad>
            <gpxtpx:atemp>300.65</gpxtpx:atemp>
          </gpxtpx:TrackPointExtension>
        </extensions>
      </trkpt>
      <trkpt lat="30.287747" lon="34.926404">
        <ele>489.8</ele>
        <time>2026-03-24T07:04:44.000Z</time>
        <extensions>
          <gpxtpx:TrackPointExtension>
            <gpxtpx:hr>135</gpxtpx:hr>
            <gpxtpx:cad>76</gpxtpx:cad>
            <gpxtpx:atemp>300.65</gpxtpx:atemp>
          </gpxtpx:TrackPointExtension>
        </extensions>
      </trkpt>
      <trkpt lat="30.287800" lon="34.926264">
        <ele>489.2</ele>
        <time>2026-03-24T07:04:50.000Z</time>
        <extensions>
          <gpxtpx:TrackPointExtension>
            <gpxtpx:hr>133</gpxtpx:hr>
            <gpxtpx:cad>78</gpxtpx:cad>
            <gpxtpx:atemp>300.65</gpxtpx:atemp>
          </gpxtpx:TrackPointExtension>
        </extensions>
      </trkpt>
      <trkpt lat="30.287796" lon="34.926176">
        <ele>489.2</ele>
        <time>2026-03-24T07:04:54.000Z</time>
        <extensions>
          <gpxtpx:TrackPointExtension>
            <gpxtpx:hr>132</gpxtpx:hr>
            <gpxtpx:cad>77</gpxtpx:cad>
            <gpxtpx:atemp>300.65</gpxtpx:atemp>
          </gpxtpx:TrackPointExtension>
        </extensions>
      </trkpt>
      <trkpt lat="30.287738" lon="34.926053">
        <ele>489.0</ele>
        <time>2026-03-24T07:05:01.000Z</time>
        <extensions>
          <gpxtpx:TrackPointExtension>
            <gpxtpx:hr>137</gpxtpx:hr>
            <gpxtpx:cad>75</gpxtpx:cad>
            <gpxtpx:atemp>300.65</gpxtpx:atemp>
          </gpxtpx:TrackPointExtension>
        </extensions>
      </trkpt>
      <trkpt lat="30.287713" lon="34.925969">
        <ele>488.2</ele>
        <time>2026-03-24T07:05:06.000Z</time>
        <extensions>
          <gpxtpx:TrackPointExtension>
            <gpxtpx:hr>137</gpxtpx:hr>
            <gpxtpx:cad>72</gpxtpx:cad>
            <gpxtpx:atemp>300.65</gpxtpx:atemp>
          </gpxtpx:TrackPointExtension>
        </extensions>
      </trkpt>
      <trkpt lat="30.287678" lon="34.925909">
        <ele>487.8</ele>
        <time>2026-03-24T07:05:11.000Z</time>
        <extensions>
          <gpxtpx:TrackPointExtension>
            <gpxtpx:hr>137</gpxtpx:hr>
            <gpxtpx:cad>70</gpxtpx:cad>
            <gpxtpx:atemp>300.65</gpxtpx:atemp>
          </gpxtpx:TrackPointExtension>
        </extensions>
      </trkpt>
      <trkpt lat="30.287679" lon="34.925799">
        <ele>487.0</ele>
        <time>2026-03-24T07:05:19.000Z</time>
        <extensions>
          <gpxtpx:TrackPointExtension>
            <gpxtpx:hr>137</gpxtpx:hr>
            <gpxtpx:cad>0</gpxtpx:cad>
            <gpxtpx:atemp>300.65</gpxtpx:atemp>
          </gpxtpx:TrackPointExtension>
        </extensions>
      </trkpt>
      <trkpt lat="30.287694" lon="34.925754">
        <ele>486.8</ele>
        <time>2026-03-24T07:05:22.000Z</time>
        <extensions>
          <gpxtpx:TrackPointExtension>
            <gpxtpx:hr>136</gpxtpx:hr>
            <gpxtpx:cad>57</gpxtpx:cad>
            <gpxtpx:atemp>300.65</gpxtpx:atemp>
          </gpxtpx:TrackPointExtension>
        </extensions>
      </trkpt>
      <trkpt lat="30.287740" lon="34.925676">
        <ele>487.8</ele>
        <time>2026-03-24T07:05:27.000Z</time>
        <extensions>
          <gpxtpx:TrackPointExtension>
            <gpxtpx:hr>136</gpxtpx:hr>
            <gpxtpx:cad>71</gpxtpx:cad>
            <gpxtpx:atemp>300.65</gpxtpx:atemp>
          </gpxtpx:TrackPointExtension>
        </extensions>
      </trkpt>
      <trkpt lat="30.287795" lon="34.925611">
        <ele>488.6</ele>
        <time>2026-03-24T07:05:32.000Z</time>
        <extensions>
          <gpxtpx:TrackPointExtension>
            <gpxtpx:hr>135</gpxtpx:hr>
            <gpxtpx:cad>70</gpxtpx:cad>
            <gpxtpx:atemp>300.65</gpxtpx:atemp>
          </gpxtpx:TrackPointExtension>
        </extensions>
      </trkpt>
      <trkpt lat="30.287879" lon="34.925579">
        <ele>489.6</ele>
        <time>2026-03-24T07:05:40.000Z</time>
        <extensions>
          <gpxtpx:TrackPointExtension>
            <gpxtpx:hr>135</gpxtpx:hr>
            <gpxtpx:cad>0</gpxtpx:cad>
            <gpxtpx:atemp>300.65</gpxtpx:atemp>
          </gpxtpx:TrackPointExtension>
        </extensions>
      </trkpt>
      <trkpt lat="30.287948" lon="34.925534">
        <ele>489.8</ele>
        <time>2026-03-24T07:05:47.000Z</time>
        <extensions>
          <gpxtpx:TrackPointExtension>
            <gpxtpx:hr>138</gpxtpx:hr>
            <gpxtpx:cad>55</gpxtpx:cad>
            <gpxtpx:atemp>300.65</gpxtpx:atemp>
          </gpxtpx:TrackPointExtension>
        </extensions>
      </trkpt>
      <trkpt lat="30.287925" lon="34.925433">
        <ele>490.2</ele>
        <time>2026-03-24T07:05:55.000Z</time>
        <extensions>
          <gpxtpx:TrackPointExtension>
            <gpxtpx:hr>140</gpxtpx:hr>
            <gpxtpx:cad>53</gpxtpx:cad>
            <gpxtpx:atemp>300.65</gpxtpx:atemp>
          </gpxtpx:TrackPointExtension>
        </extensions>
      </trkpt>
      <trkpt lat="30.287857" lon="34.925355">
        <ele>490.4</ele>
        <time>2026-03-24T07:06:02.000Z</time>
        <extensions>
          <gpxtpx:TrackPointExtension>
            <gpxtpx:hr>140</gpxtpx:hr>
            <gpxtpx:cad>55</gpxtpx:cad>
            <gpxtpx:atemp>300.65</gpxtpx:atemp>
          </gpxtpx:TrackPointExtension>
        </extensions>
      </trkpt>
      <trkpt lat="30.287794" lon="34.925306">
        <ele>491.0</ele>
        <time>2026-03-24T07:06:07.000Z</time>
        <extensions>
          <gpxtpx:TrackPointExtension>
            <gpxtpx:hr>140</gpxtpx:hr>
            <gpxtpx:cad>71</gpxtpx:cad>
            <gpxtpx:atemp>300.65</gpxtpx:atemp>
          </gpxtpx:TrackPointExtension>
        </extensions>
      </trkpt>
      <trkpt lat="30.287769" lon="34.925279">
        <ele>491.4</ele>
        <time>2026-03-24T07:06:10.000Z</time>
        <extensions>
          <gpxtpx:TrackPointExtension>
            <gpxtpx:hr>140</gpxtpx:hr>
            <gpxtpx:cad>70</gpxtpx:cad>
            <gpxtpx:atemp>300.65</gpxtpx:atemp>
          </gpxtpx:TrackPointExtension>
        </extensions>
      </trkpt>
      <trkpt lat="30.287736" lon="34.925210">
        <ele>491.6</ele>
        <time>2026-03-24T07:06:15.000Z</time>
        <extensions>
          <gpxtpx:TrackPointExtension>
            <gpxtpx:hr>143</gpxtpx:hr>
            <gpxtpx:cad>0</gpxtpx:cad>
            <gpxtpx:atemp>300.65</gpxtpx:atemp>
          </gpxtpx:TrackPointExtension>
        </extensions>
      </trkpt>
      <trkpt lat="30.287734" lon="34.925152">
        <ele>491.0</ele>
        <time>2026-03-24T07:06:19.000Z</time>
        <extensions>
          <gpxtpx:TrackPointExtension>
            <gpxtpx:hr>143</gpxtpx:hr>
            <gpxtpx:cad>69</gpxtpx:cad>
            <gpxtpx:atemp>300.65</gpxtpx:atemp>
          </gpxtpx:TrackPointExtension>
        </extensions>
      </trkpt>
      <trkpt lat="30.287723" lon="34.925046">
        <ele>490.6</ele>
        <time>2026-03-24T07:06:26.000Z</time>
        <extensions>
          <gpxtpx:TrackPointExtension>
            <gpxtpx:hr>141</gpxtpx:hr>
            <gpxtpx:cad>0</gpxtpx:cad>
            <gpxtpx:atemp>300.65</gpxtpx:atemp>
          </gpxtpx:TrackPointExtension>
        </extensions>
      </trkpt>
      <trkpt lat="30.287734" lon="34.924840">
        <ele>489.6</ele>
        <time>2026-03-24T07:06:38.000Z</time>
        <extensions>
          <gpxtpx:TrackPointExtension>
            <gpxtpx:hr>135</gpxtpx:hr>
            <gpxtpx:cad>76</gpxtpx:cad>
            <gpxtpx:atemp>300.65</gpxtpx:atemp>
          </gpxtpx:TrackPointExtension>
        </extensions>
      </trkpt>
      <trkpt lat="30.287701" lon="34.924786">
        <ele>489.8</ele>
        <time>2026-03-24T07:06:42.000Z</time>
        <extensions>
          <gpxtpx:TrackPointExtension>
            <gpxtpx:hr>135</gpxtpx:hr>
            <gpxtpx:cad>57</gpxtpx:cad>
            <gpxtpx:atemp>300.65</gpxtpx:atemp>
          </gpxtpx:TrackPointExtension>
        </extensions>
      </trkpt>
      <trkpt lat="30.287637" lon="34.924704">
        <ele>490.2</ele>
        <time>2026-03-24T07:06:50.000Z</time>
        <extensions>
          <gpxtpx:TrackPointExtension>
            <gpxtpx:hr>134</gpxtpx:hr>
            <gpxtpx:cad>55</gpxtpx:cad>
            <gpxtpx:atemp>301.65</gpxtpx:atemp>
          </gpxtpx:TrackPointExtension>
        </extensions>
      </trkpt>
      <trkpt lat="30.287617" lon="34.924592">
        <ele>490.8</ele>
        <time>2026-03-24T07:06:55.000Z</time>
        <extensions>
          <gpxtpx:TrackPointExtension>
            <gpxtpx:hr>134</gpxtpx:hr>
            <gpxtpx:cad>77</gpxtpx:cad>
            <gpxtpx:atemp>301.65</gpxtpx:atemp>
          </gpxtpx:TrackPointExtension>
        </extensions>
      </trkpt>
      <trkpt lat="30.287573" lon="34.924393">
        <ele>490.8</ele>
        <time>2026-03-24T07:07:04.000Z</time>
        <extensions>
          <gpxtpx:TrackPointExtension>
            <gpxtpx:hr>135</gpxtpx:hr>
            <gpxtpx:cad>75</gpxtpx:cad>
            <gpxtpx:atemp>301.65</gpxtpx:atemp>
          </gpxtpx:TrackPointExtension>
        </extensions>
      </trkpt>
      <trkpt lat="30.287570" lon="34.924370">
        <ele>490.6</ele>
        <time>2026-03-24T07:07:05.000Z</time>
        <extensions>
          <gpxtpx:TrackPointExtension>
            <gpxtpx:hr>135</gpxtpx:hr>
            <gpxtpx:cad>75</gpxtpx:cad>
            <gpxtpx:atemp>301.65</gpxtpx:atemp>
          </gpxtpx:TrackPointExtension>
        </extensions>
      </trkpt>
      <trkpt lat="30.287571" lon="34.924243">
        <ele>490.2</ele>
        <time>2026-03-24T07:07:10.000Z</time>
        <extensions>
          <gpxtpx:TrackPointExtension>
            <gpxtpx:hr>135</gpxtpx:hr>
            <gpxtpx:cad>77</gpxtpx:cad>
            <gpxtpx:atemp>301.65</gpxtpx:atemp>
          </gpxtpx:TrackPointExtension>
        </extensions>
      </trkpt>
      <trkpt lat="30.287591" lon="34.924114">
        <ele>489.8</ele>
        <time>2026-03-24T07:07:19.000Z</time>
        <extensions>
          <gpxtpx:TrackPointExtension>
            <gpxtpx:hr>135</gpxtpx:hr>
            <gpxtpx:cad>0</gpxtpx:cad>
            <gpxtpx:atemp>301.65</gpxtpx:atemp>
          </gpxtpx:TrackPointExtension>
        </extensions>
      </trkpt>
      <trkpt lat="30.287702" lon="34.923967">
        <ele>489.0</ele>
        <time>2026-03-24T07:07:34.000Z</time>
        <extensions>
          <gpxtpx:TrackPointExtension>
            <gpxtpx:hr>131</gpxtpx:hr>
            <gpxtpx:cad>56</gpxtpx:cad>
            <gpxtpx:atemp>301.65</gpxtpx:atemp>
          </gpxtpx:TrackPointExtension>
        </extensions>
      </trkpt>
      <trkpt lat="30.287846" lon="34.923831">
        <ele>487.4</ele>
        <time>2026-03-24T07:07:49.000Z</time>
        <extensions>
          <gpxtpx:TrackPointExtension>
            <gpxtpx:hr>124</gpxtpx:hr>
            <gpxtpx:cad>59</gpxtpx:cad>
            <gpxtpx:atemp>301.65</gpxtpx:atemp>
          </gpxtpx:TrackPointExtension>
        </extensions>
      </trkpt>
      <trkpt lat="30.287898" lon="34.923805">
        <ele>486.8</ele>
        <time>2026-03-24T07:07:55.000Z</time>
        <extensions>
          <gpxtpx:TrackPointExtension>
            <gpxtpx:hr>123</gpxtpx:hr>
            <gpxtpx:cad>60</gpxtpx:cad>
            <gpxtpx:atemp>301.65</gpxtpx:atemp>
          </gpxtpx:TrackPointExtension>
        </extensions>
      </trkpt>
      <trkpt lat="30.287976" lon="34.923800">
        <ele>486.0</ele>
        <time>2026-03-24T07:08:01.000Z</time>
        <extensions>
          <gpxtpx:TrackPointExtension>
            <gpxtpx:hr>121</gpxtpx:hr>
            <gpxtpx:cad>64</gpxtpx:cad>
            <gpxtpx:atemp>301.65</gpxtpx:atemp>
          </gpxtpx:TrackPointExtension>
        </extensions>
      </trkpt>
      <trkpt lat="30.288070" lon="34.923811">
        <ele>486.2</ele>
        <time>2026-03-24T07:08:06.000Z</time>
        <extensions>
          <gpxtpx:TrackPointExtension>
            <gpxtpx:hr>117</gpxtpx:hr>
            <gpxtpx:cad>74</gpxtpx:cad>
            <gpxtpx:atemp>301.65</gpxtpx:atemp>
          </gpxtpx:TrackPointExtension>
        </extensions>
      </trkpt>
      <trkpt lat="30.288171" lon="34.923805">
        <ele>488.4</ele>
        <time>2026-03-24T07:08:14.000Z</time>
        <extensions>
          <gpxtpx:TrackPointExtension>
            <gpxtpx:hr>118</gpxtpx:hr>
            <gpxtpx:cad>75</gpxtpx:cad>
            <gpxtpx:atemp>301.65</gpxtpx:atemp>
          </gpxtpx:TrackPointExtension>
        </extensions>
      </trkpt>
      <trkpt lat="30.288252" lon="34.923795">
        <ele>488.2</ele>
        <time>2026-03-24T07:08:21.000Z</time>
        <extensions>
          <gpxtpx:TrackPointExtension>
            <gpxtpx:hr>126</gpxtpx:hr>
            <gpxtpx:cad>55</gpxtpx:cad>
            <gpxtpx:atemp>301.65</gpxtpx:atemp>
          </gpxtpx:TrackPointExtension>
        </extensions>
      </trkpt>
      <trkpt lat="30.288346" lon="34.923763">
        <ele>486.8</ele>
        <time>2026-03-24T07:08:29.000Z</time>
        <extensions>
          <gpxtpx:TrackPointExtension>
            <gpxtpx:hr>125</gpxtpx:hr>
            <gpxtpx:cad>58</gpxtpx:cad>
            <gpxtpx:atemp>301.65</gpxtpx:atemp>
          </gpxtpx:TrackPointExtension>
        </extensions>
      </trkpt>
      <trkpt lat="30.288424" lon="34.923728">
        <ele>486.0</ele>
        <time>2026-03-24T07:08:36.000Z</time>
        <extensions>
          <gpxtpx:TrackPointExtension>
            <gpxtpx:hr>123</gpxtpx:hr>
            <gpxtpx:cad>59</gpxtpx:cad>
            <gpxtpx:atemp>301.65</gpxtpx:atemp>
          </gpxtpx:TrackPointExtension>
        </extensions>
      </trkpt>
      <trkpt lat="30.288459" lon="34.923689">
        <ele>484.4</ele>
        <time>2026-03-24T07:08:40.000Z</time>
        <extensions>
          <gpxtpx:TrackPointExtension>
            <gpxtpx:hr>123</gpxtpx:hr>
            <gpxtpx:cad>67</gpxtpx:cad>
            <gpxtpx:atemp>301.65</gpxtpx:atemp>
          </gpxtpx:TrackPointExtension>
        </extensions>
      </trkpt>
      <trkpt lat="30.288510" lon="34.923603">
        <ele>483.2</ele>
        <time>2026-03-24T07:08:47.000Z</time>
        <extensions>
          <gpxtpx:TrackPointExtension>
            <gpxtpx:hr>123</gpxtpx:hr>
            <gpxtpx:cad>58</gpxtpx:cad>
            <gpxtpx:atemp>301.65</gpxtpx:atemp>
          </gpxtpx:TrackPointExtension>
        </extensions>
      </trkpt>
      <trkpt lat="30.288534" lon="34.923557">
        <ele>483.4</ele>
        <time>2026-03-24T07:08:51.000Z</time>
        <extensions>
          <gpxtpx:TrackPointExtension>
            <gpxtpx:hr>122</gpxtpx:hr>
            <gpxtpx:cad>57</gpxtpx:cad>
            <gpxtpx:atemp>301.65</gpxtpx:atemp>
          </gpxtpx:TrackPointExtension>
        </extensions>
      </trkpt>
      <trkpt lat="30.288592" lon="34.923492">
        <ele>482.6</ele>
        <time>2026-03-24T07:09:03.000Z</time>
        <extensions>
          <gpxtpx:TrackPointExtension>
            <gpxtpx:hr>118</gpxtpx:hr>
            <gpxtpx:cad>0</gpxtpx:cad>
            <gpxtpx:atemp>301.65</gpxtpx:atemp>
          </gpxtpx:TrackPointExtension>
        </extensions>
      </trkpt>
      <trkpt lat="30.288613" lon="34.923439">
        <ele>482.4</ele>
        <time>2026-03-24T07:09:08.000Z</time>
        <extensions>
          <gpxtpx:TrackPointExtension>
            <gpxtpx:hr>111</gpxtpx:hr>
            <gpxtpx:cad>0</gpxtpx:cad>
            <gpxtpx:atemp>301.65</gpxtpx:atemp>
          </gpxtpx:TrackPointExtension>
        </extensions>
      </trkpt>
      <trkpt lat="30.288635" lon="34.923410">
        <ele>483.2</ele>
        <time>2026-03-24T07:09:12.000Z</time>
        <extensions>
          <gpxtpx:TrackPointExtension>
            <gpxtpx:hr>112</gpxtpx:hr>
            <gpxtpx:cad>0</gpxtpx:cad>
            <gpxtpx:atemp>301.65</gpxtpx:atemp>
          </gpxtpx:TrackPointExtension>
        </extensions>
      </trkpt>
      <trkpt lat="30.288725" lon="34.923332">
        <ele>483.0</ele>
        <time>2026-03-24T07:09:22.000Z</time>
        <extensions>
          <gpxtpx:TrackPointExtension>
            <gpxtpx:hr>110</gpxtpx:hr>
            <gpxtpx:cad>56</gpxtpx:cad>
            <gpxtpx:atemp>301.65</gpxtpx:atemp>
          </gpxtpx:TrackPointExtension>
        </extensions>
      </trkpt>
      <trkpt lat="30.288794" lon="34.923287">
        <ele>484.4</ele>
        <time>2026-03-24T07:09:29.000Z</time>
        <extensions>
          <gpxtpx:TrackPointExtension>
            <gpxtpx:hr>109</gpxtpx:hr>
            <gpxtpx:cad>0</gpxtpx:cad>
            <gpxtpx:atemp>301.65</gpxtpx:atemp>
          </gpxtpx:TrackPointExtension>
        </extensions>
      </trkpt>
      <trkpt lat="30.288826" lon="34.923238">
        <ele>485.6</ele>
        <time>2026-03-24T07:09:35.000Z</time>
        <extensions>
          <gpxtpx:TrackPointExtension>
            <gpxtpx:hr>111</gpxtpx:hr>
            <gpxtpx:cad>0</gpxtpx:cad>
            <gpxtpx:atemp>301.65</gpxtpx:atemp>
          </gpxtpx:TrackPointExtension>
        </extensions>
      </trkpt>
      <trkpt lat="30.288890" lon="34.923180">
        <ele>485.8</ele>
        <time>2026-03-24T07:09:43.000Z</time>
        <extensions>
          <gpxtpx:TrackPointExtension>
            <gpxtpx:hr>117</gpxtpx:hr>
            <gpxtpx:cad>51</gpxtpx:cad>
            <gpxtpx:atemp>301.65</gpxtpx:atemp>
          </gpxtpx:TrackPointExtension>
        </extensions>
      </trkpt>
      <trkpt lat="30.288899" lon="34.923142">
        <ele>485.2</ele>
        <time>2026-03-24T07:09:50.000Z</time>
        <extensions>
          <gpxtpx:TrackPointExtension>
            <gpxtpx:hr>122</gpxtpx:hr>
            <gpxtpx:cad>0</gpxtpx:cad>
            <gpxtpx:atemp>301.65</gpxtpx:atemp>
          </gpxtpx:TrackPointExtension>
        </extensions>
      </trkpt>
      <trkpt lat="30.288866" lon="34.923073">
        <ele>484.4</ele>
        <time>2026-03-24T07:09:54.000Z</time>
        <extensions>
          <gpxtpx:TrackPointExtension>
            <gpxtpx:hr>122</gpxtpx:hr>
            <gpxtpx:cad>0</gpxtpx:cad>
            <gpxtpx:atemp>301.65</gpxtpx:atemp>
          </gpxtpx:TrackPointExtension>
        </extensions>
      </trkpt>
      <trkpt lat="30.288804" lon="34.922972">
        <ele>482.8</ele>
        <time>2026-03-24T07:10:02.000Z</time>
        <extensions>
          <gpxtpx:TrackPointExtension>
            <gpxtpx:hr>121</gpxtpx:hr>
            <gpxtpx:cad>69</gpxtpx:cad>
            <gpxtpx:atemp>301.65</gpxtpx:atemp>
          </gpxtpx:TrackPointExtension>
        </extensions>
      </trkpt>
      <trkpt lat="30.288750" lon="34.922869">
        <ele>481.8</ele>
        <time>2026-03-24T07:10:09.000Z</time>
        <extensions>
          <gpxtpx:TrackPointExtension>
            <gpxtpx:hr>120</gpxtpx:hr>
            <gpxtpx:cad>69</gpxtpx:cad>
            <gpxtpx:atemp>301.65</gpxtpx:atemp>
          </gpxtpx:TrackPointExtension>
        </extensions>
      </trkpt>
      <trkpt lat="30.288721" lon="34.922783">
        <ele>480.8</ele>
        <time>2026-03-24T07:10:16.000Z</time>
        <extensions>
          <gpxtpx:TrackPointExtension>
            <gpxtpx:hr>117</gpxtpx:hr>
            <gpxtpx:cad>66</gpxtpx:cad>
            <gpxtpx:atemp>301.65</gpxtpx:atemp>
          </gpxtpx:TrackPointExtension>
        </extensions>
      </trkpt>
      <trkpt lat="30.288701" lon="34.922640">
        <ele>478.8</ele>
        <time>2026-03-24T07:10:28.000Z</time>
        <extensions>
          <gpxtpx:TrackPointExtension>
            <gpxtpx:hr>113</gpxtpx:hr>
            <gpxtpx:cad>61</gpxtpx:cad>
            <gpxtpx:atemp>301.65</gpxtpx:atemp>
          </gpxtpx:TrackPointExtension>
        </extensions>
      </trkpt>
      <trkpt lat="30.288777" lon="34.922575">
        <ele>475.4</ele>
        <time>2026-03-24T07:10:41.000Z</time>
        <extensions>
          <gpxtpx:TrackPointExtension>
            <gpxtpx:hr>112</gpxtpx:hr>
            <gpxtpx:cad>81</gpxtpx:cad>
            <gpxtpx:atemp>301.65</gpxtpx:atemp>
          </gpxtpx:TrackPointExtension>
        </extensions>
      </trkpt>
      <trkpt lat="30.288832" lon="34.922602">
        <ele>474.0</ele>
        <time>2026-03-24T07:10:48.000Z</time>
        <extensions>
          <gpxtpx:TrackPointExtension>
            <gpxtpx:hr>113</gpxtpx:hr>
            <gpxtpx:cad>81</gpxtpx:cad>
            <gpxtpx:atemp>301.65</gpxtpx:atemp>
          </gpxtpx:TrackPointExtension>
        </extensions>
      </trkpt>
      <trkpt lat="30.288909" lon="34.922653">
        <ele>473.2</ele>
        <time>2026-03-24T07:10:56.000Z</time>
        <extensions>
          <gpxtpx:TrackPointExtension>
            <gpxtpx:hr>110</gpxtpx:hr>
            <gpxtpx:cad>71</gpxtpx:cad>
            <gpxtpx:atemp>301.65</gpxtpx:atemp>
          </gpxtpx:TrackPointExtension>
        </extensions>
      </trkpt>
      <trkpt lat="30.288986" lon="34.922718">
        <ele>473.2</ele>
        <time>2026-03-24T07:11:04.000Z</time>
        <extensions>
          <gpxtpx:TrackPointExtension>
            <gpxtpx:hr>110</gpxtpx:hr>
            <gpxtpx:cad>65</gpxtpx:cad>
            <gpxtpx:atemp>301.65</gpxtpx:atemp>
          </gpxtpx:TrackPointExtension>
        </extensions>
      </trkpt>
      <trkpt lat="30.289036" lon="34.922769">
        <ele>473.4</ele>
        <time>2026-03-24T07:11:08.000Z</time>
        <extensions>
          <gpxtpx:TrackPointExtension>
            <gpxtpx:hr>111</gpxtpx:hr>
            <gpxtpx:cad>68</gpxtpx:cad>
            <gpxtpx:atemp>301.65</gpxtpx:atemp>
          </gpxtpx:TrackPointExtension>
        </extensions>
      </trkpt>
      <trkpt lat="30.289105" lon="34.922830">
        <ele>474.0</ele>
        <time>2026-03-24T07:11:15.000Z</time>
        <extensions>
          <gpxtpx:TrackPointExtension>
            <gpxtpx:hr>113</gpxtpx:hr>
            <gpxtpx:cad>70</gpxtpx:cad>
            <gpxtpx:atemp>301.65</gpxtpx:atemp>
          </gpxtpx:TrackPointExtension>
        </extensions>
      </trkpt>
      <trkpt lat="30.289129" lon="34.922861">
        <ele>473.8</ele>
        <time>2026-03-24T07:11:17.000Z</time>
        <extensions>
          <gpxtpx:TrackPointExtension>
            <gpxtpx:hr>113</gpxtpx:hr>
            <gpxtpx:cad>70</gpxtpx:cad>
            <gpxtpx:atemp>301.65</gpxtpx:atemp>
          </gpxtpx:TrackPointExtension>
        </extensions>
      </trkpt>
      <trkpt lat="30.289196" lon="34.922924">
        <ele>474.2</ele>
        <time>2026-03-24T07:11:22.000Z</time>
        <extensions>
          <gpxtpx:TrackPointExtension>
            <gpxtpx:hr>113</gpxtpx:hr>
            <gpxtpx:cad>73</gpxtpx:cad>
            <gpxtpx:atemp>301.65</gpxtpx:atemp>
          </gpxtpx:TrackPointExtension>
        </extensions>
      </trkpt>
      <trkpt lat="30.289262" lon="34.922955">
        <ele>474.2</ele>
        <time>2026-03-24T07:11:27.000Z</time>
        <extensions>
          <gpxtpx:TrackPointExtension>
            <gpxtpx:hr>114</gpxtpx:hr>
            <gpxtpx:cad>72</gpxtpx:cad>
            <gpxtpx:atemp>301.65</gpxtpx:atemp>
          </gpxtpx:TrackPointExtension>
        </extensions>
      </trkpt>
      <trkpt lat="30.289305" lon="34.922962">
        <ele>474.6</ele>
        <time>2026-03-24T07:11:30.000Z</time>
        <extensions>
          <gpxtpx:TrackPointExtension>
            <gpxtpx:hr>115</gpxtpx:hr>
            <gpxtpx:cad>71</gpxtpx:cad>
            <gpxtpx:atemp>301.65</gpxtpx:atemp>
          </gpxtpx:TrackPointExtension>
        </extensions>
      </trkpt>
      <trkpt lat="30.289383" lon="34.922969">
        <ele>473.2</ele>
        <time>2026-03-24T07:11:36.000Z</time>
        <extensions>
          <gpxtpx:TrackPointExtension>
            <gpxtpx:hr>117</gpxtpx:hr>
            <gpxtpx:cad>63</gpxtpx:cad>
            <gpxtpx:atemp>300.65</gpxtpx:atemp>
          </gpxtpx:TrackPointExtension>
        </extensions>
      </trkpt>
      <trkpt lat="30.289458" lon="34.923008">
        <ele>472.4</ele>
        <time>2026-03-24T07:11:43.000Z</time>
        <extensions>
          <gpxtpx:TrackPointExtension>
            <gpxtpx:hr>117</gpxtpx:hr>
            <gpxtpx:cad>60</gpxtpx:cad>
            <gpxtpx:atemp>300.65</gpxtpx:atemp>
          </gpxtpx:TrackPointExtension>
        </extensions>
      </trkpt>
      <trkpt lat="30.289501" lon="34.923055">
        <ele>473.2</ele>
        <time>2026-03-24T07:11:49.000Z</time>
        <extensions>
          <gpxtpx:TrackPointExtension>
            <gpxtpx:hr>116</gpxtpx:hr>
            <gpxtpx:cad>64</gpxtpx:cad>
            <gpxtpx:atemp>300.65</gpxtpx:atemp>
          </gpxtpx:TrackPointExtension>
        </extensions>
      </trkpt>
      <trkpt lat="30.289659" lon="34.923067">
        <ele>469.6</ele>
        <time>2026-03-24T07:12:01.000Z</time>
        <extensions>
          <gpxtpx:TrackPointExtension>
            <gpxtpx:hr>118</gpxtpx:hr>
            <gpxtpx:cad>72</gpxtpx:cad>
            <gpxtpx:atemp>300.65</gpxtpx:atemp>
          </gpxtpx:TrackPointExtension>
        </extensions>
      </trkpt>
      <trkpt lat="30.289692" lon="34.923075">
        <ele>469.2</ele>
        <time>2026-03-24T07:12:03.000Z</time>
        <extensions>
          <gpxtpx:TrackPointExtension>
            <gpxtpx:hr>119</gpxtpx:hr>
            <gpxtpx:cad>71</gpxtpx:cad>
            <gpxtpx:atemp>300.65</gpxtpx:atemp>
          </gpxtpx:TrackPointExtension>
        </extensions>
      </trkpt>
      <trkpt lat="30.289874" lon="34.923150">
        <ele>466.0</ele>
        <time>2026-03-24T07:12:14.000Z</time>
        <extensions>
          <gpxtpx:TrackPointExtension>
            <gpxtpx:hr>121</gpxtpx:hr>
            <gpxtpx:cad>70</gpxtpx:cad>
            <gpxtpx:atemp>300.65</gpxtpx:atemp>
          </gpxtpx:TrackPointExtension>
        </extensions>
      </trkpt>
      <trkpt lat="30.289971" lon="34.923203">
        <ele>464.4</ele>
        <time>2026-03-24T07:12:21.000Z</time>
        <extensions>
          <gpxtpx:TrackPointExtension>
            <gpxtpx:hr>120</gpxtpx:hr>
            <gpxtpx:cad>74</gpxtpx:cad>
            <gpxtpx:atemp>300.65</gpxtpx:atemp>
          </gpxtpx:TrackPointExtension>
        </extensions>
      </trkpt>
      <trkpt lat="30.290133" lon="34.923289">
        <ele>462.6</ele>
        <time>2026-03-24T07:12:32.000Z</time>
        <extensions>
          <gpxtpx:TrackPointExtension>
            <gpxtpx:hr>118</gpxtpx:hr>
            <gpxtpx:cad>75</gpxtpx:cad>
            <gpxtpx:atemp>300.65</gpxtpx:atemp>
          </gpxtpx:TrackPointExtension>
        </extensions>
      </trkpt>
      <trkpt lat="30.290197" lon="34.923310">
        <ele>461.6</ele>
        <time>2026-03-24T07:12:36.000Z</time>
        <extensions>
          <gpxtpx:TrackPointExtension>
            <gpxtpx:hr>119</gpxtpx:hr>
            <gpxtpx:cad>74</gpxtpx:cad>
            <gpxtpx:atemp>300.65</gpxtpx:atemp>
          </gpxtpx:TrackPointExtension>
        </extensions>
      </trkpt>
      <trkpt lat="30.290310" lon="34.923325">
        <ele>460.6</ele>
        <time>2026-03-24T07:12:42.000Z</time>
        <extensions>
          <gpxtpx:TrackPointExtension>
            <gpxtpx:hr>120</gpxtpx:hr>
            <gpxtpx:cad>74</gpxtpx:cad>
            <gpxtpx:atemp>299.65</gpxtpx:atemp>
          </gpxtpx:TrackPointExtension>
        </extensions>
      </trkpt>
      <trkpt lat="30.290532" lon="34.923320">
        <ele>456.2</ele>
        <time>2026-03-24T07:12:57.000Z</time>
        <extensions>
          <gpxtpx:TrackPointExtension>
            <gpxtpx:hr>119</gpxtpx:hr>
            <gpxtpx:cad>80</gpxtpx:cad>
            <gpxtpx:atemp>299.65</gpxtpx:atemp>
          </gpxtpx:TrackPointExtension>
        </extensions>
      </trkpt>
      <trkpt lat="30.290606" lon="34.923298">
        <ele>454.8</ele>
        <time>2026-03-24T07:13:02.000Z</time>
        <extensions>
          <gpxtpx:TrackPointExtension>
            <gpxtpx:hr>120</gpxtpx:hr>
            <gpxtpx:cad>78</gpxtpx:cad>
            <gpxtpx:atemp>299.65</gpxtpx:atemp>
          </gpxtpx:TrackPointExtension>
        </extensions>
      </trkpt>
      <trkpt lat="30.290703" lon="34.923307">
        <ele>452.4</ele>
        <time>2026-03-24T07:13:09.000Z</time>
        <extensions>
          <gpxtpx:TrackPointExtension>
            <gpxtpx:hr>119</gpxtpx:hr>
            <gpxtpx:cad>81</gpxtpx:cad>
            <gpxtpx:atemp>299.65</gpxtpx:atemp>
          </gpxtpx:TrackPointExtension>
        </extensions>
      </trkpt>
      <trkpt lat="30.290767" lon="34.923320">
        <ele>451.4</ele>
        <time>2026-03-24T07:13:13.000Z</time>
        <extensions>
          <gpxtpx:TrackPointExtension>
            <gpxtpx:hr>119</gpxtpx:hr>
            <gpxtpx:cad>78</gpxtpx:cad>
            <gpxtpx:atemp>299.65</gpxtpx:atemp>
          </gpxtpx:TrackPointExtension>
        </extensions>
      </trkpt>
      <trkpt lat="30.290847" lon="34.923369">
        <ele>450.6</ele>
        <time>2026-03-24T07:13:19.000Z</time>
        <extensions>
          <gpxtpx:TrackPointExtension>
            <gpxtpx:hr>120</gpxtpx:hr>
            <gpxtpx:cad>78</gpxtpx:cad>
            <gpxtpx:atemp>299.65</gpxtpx:atemp>
          </gpxtpx:TrackPointExtension>
        </extensions>
      </trkpt>
      <trkpt lat="30.290908" lon="34.923385">
        <ele>450.4</ele>
        <time>2026-03-24T07:13:22.000Z</time>
        <extensions>
          <gpxtpx:TrackPointExtension>
            <gpxtpx:hr>121</gpxtpx:hr>
            <gpxtpx:cad>72</gpxtpx:cad>
            <gpxtpx:atemp>299.65</gpxtpx:atemp>
          </gpxtpx:TrackPointExtension>
        </extensions>
      </trkpt>
      <trkpt lat="30.291006" lon="34.923395">
        <ele>449.6</ele>
        <time>2026-03-24T07:13:27.000Z</time>
        <extensions>
          <gpxtpx:TrackPointExtension>
            <gpxtpx:hr>125</gpxtpx:hr>
            <gpxtpx:cad>73</gpxtpx:cad>
            <gpxtpx:atemp>299.65</gpxtpx:atemp>
          </gpxtpx:TrackPointExtension>
        </extensions>
      </trkpt>
      <trkpt lat="30.291081" lon="34.923410">
        <ele>449.6</ele>
        <time>2026-03-24T07:13:31.000Z</time>
        <extensions>
          <gpxtpx:TrackPointExtension>
            <gpxtpx:hr>126</gpxtpx:hr>
            <gpxtpx:cad>75</gpxtpx:cad>
            <gpxtpx:atemp>299.65</gpxtpx:atemp>
          </gpxtpx:TrackPointExtension>
        </extensions>
      </trkpt>
      <trkpt lat="30.291168" lon="34.923439">
        <ele>448.6</ele>
        <time>2026-03-24T07:13:36.000Z</time>
        <extensions>
          <gpxtpx:TrackPointExtension>
            <gpxtpx:hr>125</gpxtpx:hr>
            <gpxtpx:cad>76</gpxtpx:cad>
            <gpxtpx:atemp>299.65</gpxtpx:atemp>
          </gpxtpx:TrackPointExtension>
        </extensions>
      </trkpt>
      <trkpt lat="30.291360" lon="34.923463">
        <ele>448.2</ele>
        <time>2026-03-24T07:13:46.000Z</time>
        <extensions>
          <gpxtpx:TrackPointExtension>
            <gpxtpx:hr>128</gpxtpx:hr>
            <gpxtpx:cad>75</gpxtpx:cad>
            <gpxtpx:atemp>299.65</gpxtpx:atemp>
          </gpxtpx:TrackPointExtension>
        </extensions>
      </trkpt>
      <trkpt lat="30.291441" lon="34.923460">
        <ele>448.2</ele>
        <time>2026-03-24T07:13:50.000Z</time>
        <extensions>
          <gpxtpx:TrackPointExtension>
            <gpxtpx:hr>132</gpxtpx:hr>
            <gpxtpx:cad>78</gpxtpx:cad>
            <gpxtpx:atemp>299.65</gpxtpx:atemp>
          </gpxtpx:TrackPointExtension>
        </extensions>
      </trkpt>
      <trkpt lat="30.291514" lon="34.923465">
        <ele>448.0</ele>
        <time>2026-03-24T07:13:54.000Z</time>
        <extensions>
          <gpxtpx:TrackPointExtension>
            <gpxtpx:hr>134</gpxtpx:hr>
            <gpxtpx:cad>78</gpxtpx:cad>
            <gpxtpx:atemp>299.65</gpxtpx:atemp>
          </gpxtpx:TrackPointExtension>
        </extensions>
      </trkpt>
      <trkpt lat="30.291755" lon="34.923456">
        <ele>448.6</ele>
        <time>2026-03-24T07:14:10.000Z</time>
        <extensions>
          <gpxtpx:TrackPointExtension>
            <gpxtpx:hr>139</gpxtpx:hr>
            <gpxtpx:cad>70</gpxtpx:cad>
            <gpxtpx:atemp>299.65</gpxtpx:atemp>
          </gpxtpx:TrackPointExtension>
        </extensions>
      </trkpt>
      <trkpt lat="30.291788" lon="34.923451">
        <ele>448.8</ele>
        <time>2026-03-24T07:14:12.000Z</time>
        <extensions>
          <gpxtpx:TrackPointExtension>
            <gpxtpx:hr>141</gpxtpx:hr>
            <gpxtpx:cad>72</gpxtpx:cad>
            <gpxtpx:atemp>300.65</gpxtpx:atemp>
          </gpxtpx:TrackPointExtension>
        </extensions>
      </trkpt>
      <trkpt lat="30.291992" lon="34.923456">
        <ele>450.2</ele>
        <time>2026-03-24T07:14:25.000Z</time>
        <extensions>
          <gpxtpx:TrackPointExtension>
            <gpxtpx:hr>147</gpxtpx:hr>
            <gpxtpx:cad>72</gpxtpx:cad>
            <gpxtpx:atemp>300.65</gpxtpx:atemp>
          </gpxtpx:TrackPointExtension>
        </extensions>
      </trkpt>
      <trkpt lat="30.292087" lon="34.923447">
        <ele>451.6</ele>
        <time>2026-03-24T07:14:33.000Z</time>
        <extensions>
          <gpxtpx:TrackPointExtension>
            <gpxtpx:hr>150</gpxtpx:hr>
            <gpxtpx:cad>47</gpxtpx:cad>
            <gpxtpx:atemp>300.65</gpxtpx:atemp>
          </gpxtpx:TrackPointExtension>
        </extensions>
      </trkpt>
      <trkpt lat="30.292226" lon="34.923458">
        <ele>454.6</ele>
        <time>2026-03-24T07:14:46.000Z</time>
        <extensions>
          <gpxtpx:TrackPointExtension>
            <gpxtpx:hr>150</gpxtpx:hr>
            <gpxtpx:cad>0</gpxtpx:cad>
            <gpxtpx:atemp>300.65</gpxtpx:atemp>
          </gpxtpx:TrackPointExtension>
        </extensions>
      </trkpt>
      <trkpt lat="30.292413" lon="34.923449">
        <ele>456.2</ele>
        <time>2026-03-24T07:15:01.000Z</time>
        <extensions>
          <gpxtpx:TrackPointExtension>
            <gpxtpx:hr>151</gpxtpx:hr>
            <gpxtpx:cad>55</gpxtpx:cad>
            <gpxtpx:atemp>300.65</gpxtpx:atemp>
          </gpxtpx:TrackPointExtension>
        </extensions>
      </trkpt>
      <trkpt lat="30.292458" lon="34.923440">
        <ele>456.2</ele>
        <time>2026-03-24T07:15:05.000Z</time>
        <extensions>
          <gpxtpx:TrackPointExtension>
            <gpxtpx:hr>150</gpxtpx:hr>
            <gpxtpx:cad>55</gpxtpx:cad>
            <gpxtpx:atemp>300.65</gpxtpx:atemp>
          </gpxtpx:TrackPointExtension>
        </extensions>
      </trkpt>
      <trkpt lat="30.292535" lon="34.923435">
        <ele>457.8</ele>
        <time>2026-03-24T07:15:12.000Z</time>
        <extensions>
          <gpxtpx:TrackPointExtension>
            <gpxtpx:hr>147</gpxtpx:hr>
            <gpxtpx:cad>55</gpxtpx:cad>
            <gpxtpx:atemp>300.65</gpxtpx:atemp>
          </gpxtpx:TrackPointExtension>
        </extensions>
      </trkpt>
      <trkpt lat="30.292642" lon="34.923462">
        <ele>458.4</ele>
        <time>2026-03-24T07:15:21.000Z</time>
        <extensions>
          <gpxtpx:TrackPointExtension>
            <gpxtpx:hr>145</gpxtpx:hr>
            <gpxtpx:cad>56</gpxtpx:cad>
            <gpxtpx:atemp>299.65</gpxtpx:atemp>
          </gpxtpx:TrackPointExtension>
        </extensions>
      </trkpt>
      <trkpt lat="30.292716" lon="34.923505">
        <ele>458.8</ele>
        <time>2026-03-24T07:15:27.000Z</time>
        <extensions>
          <gpxtpx:TrackPointExtension>
            <gpxtpx:hr>139</gpxtpx:hr>
            <gpxtpx:cad>57</gpxtpx:cad>
            <gpxtpx:atemp>299.65</gpxtpx:atemp>
          </gpxtpx:TrackPointExtension>
        </extensions>
      </trkpt>
      <trkpt lat="30.292753" lon="34.923552">
        <ele>459.0</ele>
        <time>2026-03-24T07:15:31.000Z</time>
        <extensions>
          <gpxtpx:TrackPointExtension>
            <gpxtpx:hr>136</gpxtpx:hr>
            <gpxtpx:cad>56</gpxtpx:cad>
            <gpxtpx:atemp>299.65</gpxtpx:atemp>
          </gpxtpx:TrackPointExtension>
        </extensions>
      </trkpt>
      <trkpt lat="30.292786" lon="34.923645">
        <ele>459.0</ele>
        <time>2026-03-24T07:15:39.000Z</time>
        <extensions>
          <gpxtpx:TrackPointExtension>
            <gpxtpx:hr>132</gpxtpx:hr>
            <gpxtpx:cad>55</gpxtpx:cad>
            <gpxtpx:atemp>299.65</gpxtpx:atemp>
          </gpxtpx:TrackPointExtension>
        </extensions>
      </trkpt>
      <trkpt lat="30.292859" lon="34.923686">
        <ele>456.2</ele>
        <time>2026-03-24T07:15:47.000Z</time>
        <extensions>
          <gpxtpx:TrackPointExtension>
            <gpxtpx:hr>126</gpxtpx:hr>
            <gpxtpx:cad>53</gpxtpx:cad>
            <gpxtpx:atemp>299.65</gpxtpx:atemp>
          </gpxtpx:TrackPointExtension>
        </extensions>
      </trkpt>
      <trkpt lat="30.292951" lon="34.923698">
        <ele>454.6</ele>
        <time>2026-03-24T07:15:56.000Z</time>
        <extensions>
          <gpxtpx:TrackPointExtension>
            <gpxtpx:hr>117</gpxtpx:hr>
            <gpxtpx:cad>55</gpxtpx:cad>
            <gpxtpx:atemp>299.65</gpxtpx:atemp>
          </gpxtpx:TrackPointExtension>
        </extensions>
      </trkpt>
      <trkpt lat="30.293004" lon="34.923726">
        <ele>454.0</ele>
        <time>2026-03-24T07:16:02.000Z</time>
        <extensions>
          <gpxtpx:TrackPointExtension>
            <gpxtpx:hr>113</gpxtpx:hr>
            <gpxtpx:cad>51</gpxtpx:cad>
            <gpxtpx:atemp>300.65</gpxtpx:atemp>
          </gpxtpx:TrackPointExtension>
        </extensions>
      </trkpt>
      <trkpt lat="30.293061" lon="34.923736">
        <ele>453.2</ele>
        <time>2026-03-24T07:16:06.000Z</time>
        <extensions>
          <gpxtpx:TrackPointExtension>
            <gpxtpx:hr>109</gpxtpx:hr>
            <gpxtpx:cad>57</gpxtpx:cad>
            <gpxtpx:atemp>300.65</gpxtpx:atemp>
          </gpxtpx:TrackPointExtension>
        </extensions>
      </trkpt>
      <trkpt lat="30.293149" lon="34.923800">
        <ele>452.2</ele>
        <time>2026-03-24T07:16:14.000Z</time>
        <extensions>
          <gpxtpx:TrackPointExtension>
            <gpxtpx:hr>103</gpxtpx:hr>
            <gpxtpx:cad>75</gpxtpx:cad>
            <gpxtpx:atemp>300.65</gpxtpx:atemp>
          </gpxtpx:TrackPointExtension>
        </extensions>
      </trkpt>
      <trkpt lat="30.293272" lon="34.923876">
        <ele>450.8</ele>
        <time>2026-03-24T07:16:24.000Z</time>
        <extensions>
          <gpxtpx:TrackPointExtension>
            <gpxtpx:hr>107</gpxtpx:hr>
            <gpxtpx:cad>64</gpxtpx:cad>
            <gpxtpx:atemp>300.65</gpxtpx:atemp>
          </gpxtpx:TrackPointExtension>
        </extensions>
      </trkpt>
      <trkpt lat="30.293353" lon="34.923941">
        <ele>450.0</ele>
        <time>2026-03-24T07:16:30.000Z</time>
        <extensions>
          <gpxtpx:TrackPointExtension>
            <gpxtpx:hr>109</gpxtpx:hr>
            <gpxtpx:cad>69</gpxtpx:cad>
            <gpxtpx:atemp>300.65</gpxtpx:atemp>
          </gpxtpx:TrackPointExtension>
        </extensions>
      </trkpt>
      <trkpt lat="30.293379" lon="34.923955">
        <ele>449.8</ele>
        <time>2026-03-24T07:16:32.000Z</time>
        <extensions>
          <gpxtpx:TrackPointExtension>
            <gpxtpx:hr>109</gpxtpx:hr>
            <gpxtpx:cad>69</gpxtpx:cad>
            <gpxtpx:atemp>300.65</gpxtpx:atemp>
          </gpxtpx:TrackPointExtension>
        </extensions>
      </trkpt>
      <trkpt lat="30.293456" lon="34.924011">
        <ele>450.4</ele>
        <time>2026-03-24T07:16:39.000Z</time>
        <extensions>
          <gpxtpx:TrackPointExtension>
            <gpxtpx:hr>108</gpxtpx:hr>
            <gpxtpx:cad>59</gpxtpx:cad>
            <gpxtpx:atemp>300.65</gpxtpx:atemp>
          </gpxtpx:TrackPointExtension>
        </extensions>
      </trkpt>
      <trkpt lat="30.293536" lon="34.924059">
        <ele>450.0</ele>
        <time>2026-03-24T07:16:45.000Z</time>
        <extensions>
          <gpxtpx:TrackPointExtension>
            <gpxtpx:hr>108</gpxtpx:hr>
            <gpxtpx:cad>60</gpxtpx:cad>
            <gpxtpx:atemp>300.65</gpxtpx:atemp>
          </gpxtpx:TrackPointExtension>
        </extensions>
      </trkpt>
      <trkpt lat="30.293571" lon="34.924076">
        <ele>450.0</ele>
        <time>2026-03-24T07:16:47.000Z</time>
        <extensions>
          <gpxtpx:TrackPointExtension>
            <gpxtpx:hr>107</gpxtpx:hr>
            <gpxtpx:cad>61</gpxtpx:cad>
            <gpxtpx:atemp>300.65</gpxtpx:atemp>
          </gpxtpx:TrackPointExtension>
        </extensions>
      </trkpt>
      <trkpt lat="30.293672" lon="34.924111">
        <ele>450.0</ele>
        <time>2026-03-24T07:16:54.000Z</time>
        <extensions>
          <gpxtpx:TrackPointExtension>
            <gpxtpx:hr>108</gpxtpx:hr>
            <gpxtpx:cad>73</gpxtpx:cad>
            <gpxtpx:atemp>300.65</gpxtpx:atemp>
          </gpxtpx:TrackPointExtension>
        </extensions>
      </trkpt>
      <trkpt lat="30.294430" lon="34.924227">
        <ele>428.3</ele>
        <time>2026-03-24T07:19:01.080Z</time>
      </trkpt>
      <trkpt lat="30.295254" lon="34.925233">
        <ele>418.5</ele>
        <time>2026-03-24T07:22:14.585Z</time>
      </trkpt>
      <trkpt lat="30.296914" lon="34.926814">
        <ele>415.8</ele>
        <time>2026-03-24T07:28:00.796Z</time>
      </trkpt>
      <trkpt lat="30.298213" lon="34.928950">
        <ele>401.9</ele>
        <time>2026-03-24T07:34:04.756Z</time>
      </trkpt>
      <trkpt lat="30.298999" lon="34.930294">
        <ele>419.6</ele>
        <time>2026-03-24T07:37:52.000Z</time>
        <extensions>
          <gpxtpx:TrackPointExtension>
            <gpxtpx:hr>144</gpxtpx:hr>
            <gpxtpx:cad>55</gpxtpx:cad>
            <gpxtpx:atemp>301.65</gpxtpx:atemp>
          </gpxtpx:TrackPointExtension>
        </extensions>
      </trkpt>
      <trkpt lat="30.299055" lon="34.930334">
        <ele>419.4</ele>
        <time>2026-03-24T07:37:57.000Z</time>
        <extensions>
          <gpxtpx:TrackPointExtension>
            <gpxtpx:hr>140</gpxtpx:hr>
            <gpxtpx:cad>53</gpxtpx:cad>
            <gpxtpx:atemp>301.65</gpxtpx:atemp>
          </gpxtpx:TrackPointExtension>
        </extensions>
      </trkpt>
      <trkpt lat="30.299137" lon="34.930380">
        <ele>419.4</ele>
        <time>2026-03-24T07:38:05.000Z</time>
        <extensions>
          <gpxtpx:TrackPointExtension>
            <gpxtpx:hr>138</gpxtpx:hr>
            <gpxtpx:cad>53</gpxtpx:cad>
            <gpxtpx:atemp>301.65</gpxtpx:atemp>
          </gpxtpx:TrackPointExtension>
        </extensions>
      </trkpt>
      <trkpt lat="30.299219" lon="34.930404">
        <ele>419.0</ele>
        <time>2026-03-24T07:38:12.000Z</time>
        <extensions>
          <gpxtpx:TrackPointExtension>
            <gpxtpx:hr>135</gpxtpx:hr>
            <gpxtpx:cad>55</gpxtpx:cad>
            <gpxtpx:atemp>301.65</gpxtpx:atemp>
          </gpxtpx:TrackPointExtension>
        </extensions>
      </trkpt>
      <trkpt lat="30.299299" lon="34.930451">
        <ele>419.4</ele>
        <time>2026-03-24T07:38:19.000Z</time>
        <extensions>
          <gpxtpx:TrackPointExtension>
            <gpxtpx:hr>131</gpxtpx:hr>
            <gpxtpx:cad>57</gpxtpx:cad>
            <gpxtpx:atemp>301.65</gpxtpx:atemp>
          </gpxtpx:TrackPointExtension>
        </extensions>
      </trkpt>
      <trkpt lat="30.299409" lon="34.930487">
        <ele>418.4</ele>
        <time>2026-03-24T07:38:29.000Z</time>
        <extensions>
          <gpxtpx:TrackPointExtension>
            <gpxtpx:hr>128</gpxtpx:hr>
            <gpxtpx:cad>55</gpxtpx:cad>
            <gpxtpx:atemp>301.65</gpxtpx:atemp>
          </gpxtpx:TrackPointExtension>
        </extensions>
      </trkpt>
      <trkpt lat="30.299448" lon="34.930487">
        <ele>418.6</ele>
        <time>2026-03-24T07:38:32.000Z</time>
        <extensions>
          <gpxtpx:TrackPointExtension>
            <gpxtpx:hr>127</gpxtpx:hr>
            <gpxtpx:cad>55</gpxtpx:cad>
            <gpxtpx:atemp>301.65</gpxtpx:atemp>
          </gpxtpx:TrackPointExtension>
        </extensions>
      </trkpt>
      <trkpt lat="30.299496" lon="34.930539">
        <ele>418.0</ele>
        <time>2026-03-24T07:38:40.000Z</time>
        <extensions>
          <gpxtpx:TrackPointExtension>
            <gpxtpx:hr>122</gpxtpx:hr>
            <gpxtpx:cad>56</gpxtpx:cad>
            <gpxtpx:atemp>301.65</gpxtpx:atemp>
          </gpxtpx:TrackPointExtension>
        </extensions>
      </trkpt>
      <trkpt lat="30.299476" lon="34.930583">
        <ele>417.6</ele>
        <time>2026-03-24T07:38:47.000Z</time>
        <extensions>
          <gpxtpx:TrackPointExtension>
            <gpxtpx:hr>123</gpxtpx:hr>
            <gpxtpx:cad>0</gpxtpx:cad>
            <gpxtpx:atemp>301.65</gpxtpx:atemp>
          </gpxtpx:TrackPointExtension>
        </extensions>
      </trkpt>
      <trkpt lat="30.299448" lon="34.930632">
        <ele>416.4</ele>
        <time>2026-03-24T07:38:54.000Z</time>
        <extensions>
          <gpxtpx:TrackPointExtension>
            <gpxtpx:hr>120</gpxtpx:hr>
            <gpxtpx:cad>0</gpxtpx:cad>
            <gpxtpx:atemp>301.65</gpxtpx:atemp>
          </gpxtpx:TrackPointExtension>
        </extensions>
      </trkpt>
      <trkpt lat="30.299382" lon="34.930685">
        <ele>414.8</ele>
        <time>2026-03-24T07:39:04.000Z</time>
        <extensions>
          <gpxtpx:TrackPointExtension>
            <gpxtpx:hr>118</gpxtpx:hr>
            <gpxtpx:cad>69</gpxtpx:cad>
            <gpxtpx:atemp>301.65</gpxtpx:atemp>
          </gpxtpx:TrackPointExtension>
        </extensions>
      </trkpt>
      <trkpt lat="30.299384" lon="34.930758">
        <ele>413.6</ele>
        <time>2026-03-24T07:39:13.000Z</time>
        <extensions>
          <gpxtpx:TrackPointExtension>
            <gpxtpx:hr>119</gpxtpx:hr>
            <gpxtpx:cad>0</gpxtpx:cad>
            <gpxtpx:atemp>301.65</gpxtpx:atemp>
          </gpxtpx:TrackPointExtension>
        </extensions>
      </trkpt>
      <trkpt lat="30.299414" lon="34.930830">
        <ele>413.8</ele>
        <time>2026-03-24T07:39:22.000Z</time>
        <extensions>
          <gpxtpx:TrackPointExtension>
            <gpxtpx:hr>119</gpxtpx:hr>
            <gpxtpx:cad>45</gpxtpx:cad>
            <gpxtpx:atemp>300.65</gpxtpx:atemp>
          </gpxtpx:TrackPointExtension>
        </extensions>
      </trkpt>
      <trkpt lat="30.299423" lon="34.930954">
        <ele>410.8</ele>
        <time>2026-03-24T07:39:35.000Z</time>
        <extensions>
          <gpxtpx:TrackPointExtension>
            <gpxtpx:hr>117</gpxtpx:hr>
            <gpxtpx:cad>0</gpxtpx:cad>
            <gpxtpx:atemp>300.65</gpxtpx:atemp>
          </gpxtpx:TrackPointExtension>
        </extensions>
      </trkpt>
      <trkpt lat="30.299433" lon="34.930987">
        <ele>409.8</ele>
        <time>2026-03-24T07:39:39.000Z</time>
        <extensions>
          <gpxtpx:TrackPointExtension>
            <gpxtpx:hr>116</gpxtpx:hr>
            <gpxtpx:cad>0</gpxtpx:cad>
            <gpxtpx:atemp>300.65</gpxtpx:atemp>
          </gpxtpx:TrackPointExtension>
        </extensions>
      </trkpt>
      <trkpt lat="30.299472" lon="34.931067">
        <ele>407.4</ele>
        <time>2026-03-24T07:39:50.000Z</time>
        <extensions>
          <gpxtpx:TrackPointExtension>
            <gpxtpx:hr>115</gpxtpx:hr>
            <gpxtpx:cad>0</gpxtpx:cad>
            <gpxtpx:atemp>300.65</gpxtpx:atemp>
          </gpxtpx:TrackPointExtension>
        </extensions>
      </trkpt>
      <trkpt lat="30.299502" lon="34.931114">
        <ele>405.6</ele>
        <time>2026-03-24T07:39:58.000Z</time>
        <extensions>
          <gpxtpx:TrackPointExtension>
            <gpxtpx:hr>114</gpxtpx:hr>
            <gpxtpx:cad>0</gpxtpx:cad>
            <gpxtpx:atemp>300.65</gpxtpx:atemp>
          </gpxtpx:TrackPointExtension>
        </extensions>
      </trkpt>
      <trkpt lat="30.299546" lon="34.931221">
        <ele>402.4</ele>
        <time>2026-03-24T07:40:17.000Z</time>
        <extensions>
          <gpxtpx:TrackPointExtension>
            <gpxtpx:hr>113</gpxtpx:hr>
            <gpxtpx:cad>0</gpxtpx:cad>
            <gpxtpx:atemp>301.65</gpxtpx:atemp>
          </gpxtpx:TrackPointExtension>
        </extensions>
      </trkpt>
      <trkpt lat="30.299553" lon="34.931254">
        <ele>401.0</ele>
        <time>2026-03-24T07:40:24.000Z</time>
        <extensions>
          <gpxtpx:TrackPointExtension>
            <gpxtpx:hr>118</gpxtpx:hr>
            <gpxtpx:cad>0</gpxtpx:cad>
            <gpxtpx:atemp>301.65</gpxtpx:atemp>
          </gpxtpx:TrackPointExtension>
        </extensions>
      </trkpt>
      <trkpt lat="30.299551" lon="34.931289">
        <ele>399.6</ele>
        <time>2026-03-24T07:40:33.000Z</time>
        <extensions>
          <gpxtpx:TrackPointExtension>
            <gpxtpx:hr>118</gpxtpx:hr>
            <gpxtpx:cad>0</gpxtpx:cad>
            <gpxtpx:atemp>301.65</gpxtpx:atemp>
          </gpxtpx:TrackPointExtension>
        </extensions>
      </trkpt>
      <trkpt lat="30.299526" lon="34.931336">
        <ele>398.6</ele>
        <time>2026-03-24T07:40:46.000Z</time>
        <extensions>
          <gpxtpx:TrackPointExtension>
            <gpxtpx:hr>120</gpxtpx:hr>
            <gpxtpx:cad>0</gpxtpx:cad>
            <gpxtpx:atemp>301.65</gpxtpx:atemp>
          </gpxtpx:TrackPointExtension>
        </extensions>
      </trkpt>
      <trkpt lat="30.299521" lon="34.931371">
        <ele>397.8</ele>
        <time>2026-03-24T07:40:54.000Z</time>
        <extensions>
          <gpxtpx:TrackPointExtension>
            <gpxtpx:hr>120</gpxtpx:hr>
            <gpxtpx:cad>0</gpxtpx:cad>
            <gpxtpx:atemp>301.65</gpxtpx:atemp>
          </gpxtpx:TrackPointExtension>
        </extensions>
      </trkpt>
      <trkpt lat="30.299396" lon="34.931460">
        <ele>394.0</ele>
        <time>2026-03-24T07:41:20.000Z</time>
        <extensions>
          <gpxtpx:TrackPointExtension>
            <gpxtpx:hr>122</gpxtpx:hr>
            <gpxtpx:cad>40</gpxtpx:cad>
            <gpxtpx:atemp>301.65</gpxtpx:atemp>
          </gpxtpx:TrackPointExtension>
        </extensions>
      </trkpt>
      <trkpt lat="30.299326" lon="34.931502">
        <ele>393.0</ele>
        <time>2026-03-24T07:41:29.000Z</time>
        <extensions>
          <gpxtpx:TrackPointExtension>
            <gpxtpx:hr>120</gpxtpx:hr>
            <gpxtpx:cad>0</gpxtpx:cad>
            <gpxtpx:atemp>301.65</gpxtpx:atemp>
          </gpxtpx:TrackPointExtension>
        </extensions>
      </trkpt>
      <trkpt lat="30.299291" lon="34.931540">
        <ele>392.0</ele>
        <time>2026-03-24T07:41:40.000Z</time>
        <extensions>
          <gpxtpx:TrackPointExtension>
            <gpxtpx:hr>120</gpxtpx:hr>
            <gpxtpx:cad>0</gpxtpx:cad>
            <gpxtpx:atemp>301.65</gpxtpx:atemp>
          </gpxtpx:TrackPointExtension>
        </extensions>
      </trkpt>
      <trkpt lat="30.299196" lon="34.931571">
        <ele>390.0</ele>
        <time>2026-03-24T07:41:54.000Z</time>
        <extensions>
          <gpxtpx:TrackPointExtension>
            <gpxtpx:hr>114</gpxtpx:hr>
            <gpxtpx:cad>68</gpxtpx:cad>
            <gpxtpx:atemp>301.65</gpxtpx:atemp>
          </gpxtpx:TrackPointExtension>
        </extensions>
      </trkpt>
      <trkpt lat="30.299027" lon="34.931588">
        <ele>386.6</ele>
        <time>2026-03-24T07:42:15.000Z</time>
        <extensions>
          <gpxtpx:TrackPointExtension>
            <gpxtpx:hr>120</gpxtpx:hr>
            <gpxtpx:cad>50</gpxtpx:cad>
            <gpxtpx:atemp>301.65</gpxtpx:atemp>
          </gpxtpx:TrackPointExtension>
        </extensions>
      </trkpt>
      <trkpt lat="30.298986" lon="34.931625">
        <ele>385.4</ele>
        <time>2026-03-24T07:42:21.000Z</time>
        <extensions>
          <gpxtpx:TrackPointExtension>
            <gpxtpx:hr>115</gpxtpx:hr>
            <gpxtpx:cad>75</gpxtpx:cad>
            <gpxtpx:atemp>302.65</gpxtpx:atemp>
          </gpxtpx:TrackPointExtension>
        </extensions>
      </trkpt>
      <trkpt lat="30.298910" lon="34.931685">
        <ele>384.4</ele>
        <time>2026-03-24T07:42:31.000Z</time>
        <extensions>
          <gpxtpx:TrackPointExtension>
            <gpxtpx:hr>115</gpxtpx:hr>
            <gpxtpx:cad>0</gpxtpx:cad>
            <gpxtpx:atemp>302.65</gpxtpx:atemp>
          </gpxtpx:TrackPointExtension>
        </extensions>
      </trkpt>
      <trkpt lat="30.298891" lon="34.931706">
        <ele>384.2</ele>
        <time>2026-03-24T07:42:34.000Z</time>
        <extensions>
          <gpxtpx:TrackPointExtension>
            <gpxtpx:hr>114</gpxtpx:hr>
            <gpxtpx:cad>0</gpxtpx:cad>
            <gpxtpx:atemp>302.65</gpxtpx:atemp>
          </gpxtpx:TrackPointExtension>
        </extensions>
      </trkpt>
      <trkpt lat="30.298842" lon="34.931792">
        <ele>383.4</ele>
        <time>2026-03-24T07:42:44.000Z</time>
        <extensions>
          <gpxtpx:TrackPointExtension>
            <gpxtpx:hr>114</gpxtpx:hr>
            <gpxtpx:cad>60</gpxtpx:cad>
            <gpxtpx:atemp>302.65</gpxtpx:atemp>
          </gpxtpx:TrackPointExtension>
        </extensions>
      </trkpt>
      <trkpt lat="30.298809" lon="34.931816">
        <ele>383.2</ele>
        <time>2026-03-24T07:42:54.000Z</time>
        <extensions>
          <gpxtpx:TrackPointExtension>
            <gpxtpx:hr>111</gpxtpx:hr>
            <gpxtpx:cad>0</gpxtpx:cad>
            <gpxtpx:atemp>302.65</gpxtpx:atemp>
          </gpxtpx:TrackPointExtension>
        </extensions>
      </trkpt>
      <trkpt lat="30.298762" lon="34.931846">
        <ele>382.0</ele>
        <time>2026-03-24T07:43:19.000Z</time>
        <extensions>
          <gpxtpx:TrackPointExtension>
            <gpxtpx:hr>103</gpxtpx:hr>
            <gpxtpx:cad>0</gpxtpx:cad>
            <gpxtpx:atemp>302.65</gpxtpx:atemp>
          </gpxtpx:TrackPointExtension>
        </extensions>
      </trkpt>
      <trkpt lat="30.298752" lon="34.931895">
        <ele>381.4</ele>
        <time>2026-03-24T07:43:29.000Z</time>
        <extensions>
          <gpxtpx:TrackPointExtension>
            <gpxtpx:hr>107</gpxtpx:hr>
            <gpxtpx:cad>44</gpxtpx:cad>
            <gpxtpx:atemp>303.65</gpxtpx:atemp>
          </gpxtpx:TrackPointExtension>
        </extensions>
      </trkpt>
      <trkpt lat="30.298708" lon="34.931966">
        <ele>381.8</ele>
        <time>2026-03-24T07:43:38.000Z</time>
        <extensions>
          <gpxtpx:TrackPointExtension>
            <gpxtpx:hr>106</gpxtpx:hr>
            <gpxtpx:cad>0</gpxtpx:cad>
            <gpxtpx:atemp>303.65</gpxtpx:atemp>
          </gpxtpx:TrackPointExtension>
        </extensions>
      </trkpt>
      <trkpt lat="30.298716" lon="34.932020">
        <ele>382.2</ele>
        <time>2026-03-24T07:43:46.000Z</time>
        <extensions>
          <gpxtpx:TrackPointExtension>
            <gpxtpx:hr>109</gpxtpx:hr>
            <gpxtpx:cad>53</gpxtpx:cad>
            <gpxtpx:atemp>303.65</gpxtpx:atemp>
          </gpxtpx:TrackPointExtension>
        </extensions>
      </trkpt>
      <trkpt lat="30.298684" lon="34.932068">
        <ele>381.4</ele>
        <time>2026-03-24T07:43:51.000Z</time>
        <extensions>
          <gpxtpx:TrackPointExtension>
            <gpxtpx:hr>108</gpxtpx:hr>
            <gpxtpx:cad>53</gpxtpx:cad>
            <gpxtpx:atemp>303.65</gpxtpx:atemp>
          </gpxtpx:TrackPointExtension>
        </extensions>
      </trkpt>
      <trkpt lat="30.298632" lon="34.932135">
        <ele>380.8</ele>
        <time>2026-03-24T07:43:58.000Z</time>
        <extensions>
          <gpxtpx:TrackPointExtension>
            <gpxtpx:hr>94</gpxtpx:hr>
            <gpxtpx:cad>62</gpxtpx:cad>
            <gpxtpx:atemp>302.65</gpxtpx:atemp>
          </gpxtpx:TrackPointExtension>
        </extensions>
      </trkpt>
      <trkpt lat="30.298608" lon="34.932191">
        <ele>380.4</ele>
        <time>2026-03-24T07:44:03.000Z</time>
        <extensions>
          <gpxtpx:TrackPointExtension>
            <gpxtpx:hr>93</gpxtpx:hr>
            <gpxtpx:cad>62</gpxtpx:cad>
            <gpxtpx:atemp>302.65</gpxtpx:atemp>
          </gpxtpx:TrackPointExtension>
        </extensions>
      </trkpt>
      <trkpt lat="30.298510" lon="34.932273">
        <ele>379.0</ele>
        <time>2026-03-24T07:44:15.000Z</time>
        <extensions>
          <gpxtpx:TrackPointExtension>
            <gpxtpx:hr>100</gpxtpx:hr>
            <gpxtpx:cad>55</gpxtpx:cad>
            <gpxtpx:atemp>302.65</gpxtpx:atemp>
          </gpxtpx:TrackPointExtension>
        </extensions>
      </trkpt>
      <trkpt lat="30.298454" lon="34.932366">
        <ele>378.0</ele>
        <time>2026-03-24T07:44:25.000Z</time>
        <extensions>
          <gpxtpx:TrackPointExtension>
            <gpxtpx:hr>103</gpxtpx:hr>
            <gpxtpx:cad>55</gpxtpx:cad>
            <gpxtpx:atemp>302.65</gpxtpx:atemp>
          </gpxtpx:TrackPointExtension>
        </extensions>
      </trkpt>
      <trkpt lat="30.298454" lon="34.932437">
        <ele>376.6</ele>
        <time>2026-03-24T07:44:31.000Z</time>
        <extensions>
          <gpxtpx:TrackPointExtension>
            <gpxtpx:hr>102</gpxtpx:hr>
            <gpxtpx:cad>57</gpxtpx:cad>
            <gpxtpx:atemp>302.65</gpxtpx:atemp>
          </gpxtpx:TrackPointExtension>
        </extensions>
      </trkpt>
      <trkpt lat="30.298441" lon="34.932499">
        <ele>376.0</ele>
        <time>2026-03-24T07:44:35.000Z</time>
        <extensions>
          <gpxtpx:TrackPointExtension>
            <gpxtpx:hr>101</gpxtpx:hr>
            <gpxtpx:cad>60</gpxtpx:cad>
            <gpxtpx:atemp>302.65</gpxtpx:atemp>
          </gpxtpx:TrackPointExtension>
        </extensions>
      </trkpt>
      <trkpt lat="30.298343" lon="34.932686">
        <ele>374.0</ele>
        <time>2026-03-24T07:44:50.000Z</time>
        <extensions>
          <gpxtpx:TrackPointExtension>
            <gpxtpx:hr>104</gpxtpx:hr>
            <gpxtpx:cad>60</gpxtpx:cad>
            <gpxtpx:atemp>302.65</gpxtpx:atemp>
          </gpxtpx:TrackPointExtension>
        </extensions>
      </trkpt>
      <trkpt lat="30.298295" lon="34.932742">
        <ele>373.4</ele>
        <time>2026-03-24T07:44:57.000Z</time>
        <extensions>
          <gpxtpx:TrackPointExtension>
            <gpxtpx:hr>107</gpxtpx:hr>
            <gpxtpx:cad>62</gpxtpx:cad>
            <gpxtpx:atemp>302.65</gpxtpx:atemp>
          </gpxtpx:TrackPointExtension>
        </extensions>
      </trkpt>
      <trkpt lat="30.298280" lon="34.932853">
        <ele>372.0</ele>
        <time>2026-03-24T07:45:06.000Z</time>
        <extensions>
          <gpxtpx:TrackPointExtension>
            <gpxtpx:hr>106</gpxtpx:hr>
            <gpxtpx:cad>57</gpxtpx:cad>
            <gpxtpx:atemp>302.65</gpxtpx:atemp>
          </gpxtpx:TrackPointExtension>
        </extensions>
      </trkpt>
      <trkpt lat="30.298265" lon="34.932926">
        <ele>371.2</ele>
        <time>2026-03-24T07:45:12.000Z</time>
        <extensions>
          <gpxtpx:TrackPointExtension>
            <gpxtpx:hr>102</gpxtpx:hr>
            <gpxtpx:cad>60</gpxtpx:cad>
            <gpxtpx:atemp>302.65</gpxtpx:atemp>
          </gpxtpx:TrackPointExtension>
        </extensions>
      </trkpt>
      <trkpt lat="30.298232" lon="34.932987">
        <ele>370.8</ele>
        <time>2026-03-24T07:45:18.000Z</time>
        <extensions>
          <gpxtpx:TrackPointExtension>
            <gpxtpx:hr>102</gpxtpx:hr>
            <gpxtpx:cad>58</gpxtpx:cad>
            <gpxtpx:atemp>302.65</gpxtpx:atemp>
          </gpxtpx:TrackPointExtension>
        </extensions>
      </trkpt>
      <trkpt lat="30.298207" lon="34.933072">
        <ele>369.8</ele>
        <time>2026-03-24T07:45:25.000Z</time>
        <extensions>
          <gpxtpx:TrackPointExtension>
            <gpxtpx:hr>103</gpxtpx:hr>
            <gpxtpx:cad>57</gpxtpx:cad>
            <gpxtpx:atemp>302.65</gpxtpx:atemp>
          </gpxtpx:TrackPointExtension>
        </extensions>
      </trkpt>
      <trkpt lat="30.298173" lon="34.933236">
        <ele>369.2</ele>
        <time>2026-03-24T07:45:36.000Z</time>
        <extensions>
          <gpxtpx:TrackPointExtension>
            <gpxtpx:hr>102</gpxtpx:hr>
            <gpxtpx:cad>62</gpxtpx:cad>
            <gpxtpx:atemp>302.65</gpxtpx:atemp>
          </gpxtpx:TrackPointExtension>
        </extensions>
      </trkpt>
      <trkpt lat="30.298150" lon="34.933311">
        <ele>368.8</ele>
        <time>2026-03-24T07:45:40.000Z</time>
        <extensions>
          <gpxtpx:TrackPointExtension>
            <gpxtpx:hr>104</gpxtpx:hr>
            <gpxtpx:cad>68</gpxtpx:cad>
            <gpxtpx:atemp>302.65</gpxtpx:atemp>
          </gpxtpx:TrackPointExtension>
        </extensions>
      </trkpt>
      <trkpt lat="30.298121" lon="34.933361">
        <ele>368.6</ele>
        <time>2026-03-24T07:45:43.000Z</time>
        <extensions>
          <gpxtpx:TrackPointExtension>
            <gpxtpx:hr>105</gpxtpx:hr>
            <gpxtpx:cad>73</gpxtpx:cad>
            <gpxtpx:atemp>302.65</gpxtpx:atemp>
          </gpxtpx:TrackPointExtension>
        </extensions>
      </trkpt>
      <trkpt lat="30.298075" lon="34.933554">
        <ele>367.8</ele>
        <time>2026-03-24T07:45:58.000Z</time>
        <extensions>
          <gpxtpx:TrackPointExtension>
            <gpxtpx:hr>114</gpxtpx:hr>
            <gpxtpx:cad>51</gpxtpx:cad>
            <gpxtpx:atemp>302.65</gpxtpx:atemp>
          </gpxtpx:TrackPointExtension>
        </extensions>
      </trkpt>
      <trkpt lat="30.298036" lon="34.933606">
        <ele>367.6</ele>
        <time>2026-03-24T07:46:04.000Z</time>
        <extensions>
          <gpxtpx:TrackPointExtension>
            <gpxtpx:hr>111</gpxtpx:hr>
            <gpxtpx:cad>58</gpxtpx:cad>
            <gpxtpx:atemp>302.65</gpxtpx:atemp>
          </gpxtpx:TrackPointExtension>
        </extensions>
      </trkpt>
      <trkpt lat="30.298011" lon="34.933683">
        <ele>367.4</ele>
        <time>2026-03-24T07:46:08.000Z</time>
        <extensions>
          <gpxtpx:TrackPointExtension>
            <gpxtpx:hr>112</gpxtpx:hr>
            <gpxtpx:cad>58</gpxtpx:cad>
            <gpxtpx:atemp>302.65</gpxtpx:atemp>
          </gpxtpx:TrackPointExtension>
        </extensions>
      </trkpt>
      <trkpt lat="30.298021" lon="34.933808">
        <ele>367.0</ele>
        <time>2026-03-24T07:46:14.000Z</time>
        <extensions>
          <gpxtpx:TrackPointExtension>
            <gpxtpx:hr>113</gpxtpx:hr>
            <gpxtpx:cad>76</gpxtpx:cad>
            <gpxtpx:atemp>302.65</gpxtpx:atemp>
          </gpxtpx:TrackPointExtension>
        </extensions>
      </trkpt>
      <trkpt lat="30.297978" lon="34.933960">
        <ele>366.8</ele>
        <time>2026-03-24T07:46:23.000Z</time>
        <extensions>
          <gpxtpx:TrackPointExtension>
            <gpxtpx:hr>118</gpxtpx:hr>
            <gpxtpx:cad>71</gpxtpx:cad>
            <gpxtpx:atemp>302.65</gpxtpx:atemp>
          </gpxtpx:TrackPointExtension>
        </extensions>
      </trkpt>
      <trkpt lat="30.297964" lon="34.934025">
        <ele>367.0</ele>
        <time>2026-03-24T07:46:27.000Z</time>
        <extensions>
          <gpxtpx:TrackPointExtension>
            <gpxtpx:hr>120</gpxtpx:hr>
            <gpxtpx:cad>71</gpxtpx:cad>
            <gpxtpx:atemp>302.65</gpxtpx:atemp>
          </gpxtpx:TrackPointExtension>
        </extensions>
      </trkpt>
      <trkpt lat="30.297936" lon="34.934096">
        <ele>367.0</ele>
        <time>2026-03-24T07:46:32.000Z</time>
        <extensions>
          <gpxtpx:TrackPointExtension>
            <gpxtpx:hr>121</gpxtpx:hr>
            <gpxtpx:cad>62</gpxtpx:cad>
            <gpxtpx:atemp>302.65</gpxtpx:atemp>
          </gpxtpx:TrackPointExtension>
        </extensions>
      </trkpt>
      <trkpt lat="30.297862" lon="34.934303">
        <ele>366.6</ele>
        <time>2026-03-24T07:46:52.000Z</time>
        <extensions>
          <gpxtpx:TrackPointExtension>
            <gpxtpx:hr>121</gpxtpx:hr>
            <gpxtpx:cad>0</gpxtpx:cad>
            <gpxtpx:atemp>302.65</gpxtpx:atemp>
          </gpxtpx:TrackPointExtension>
        </extensions>
      </trkpt>
      <trkpt lat="30.297850" lon="34.934371">
        <ele>366.6</ele>
        <time>2026-03-24T07:46:57.000Z</time>
        <extensions>
          <gpxtpx:TrackPointExtension>
            <gpxtpx:hr>123</gpxtpx:hr>
            <gpxtpx:cad>55</gpxtpx:cad>
            <gpxtpx:atemp>302.65</gpxtpx:atemp>
          </gpxtpx:TrackPointExtension>
        </extensions>
      </trkpt>
      <trkpt lat="30.297841" lon="34.934486">
        <ele>365.6</ele>
        <time>2026-03-24T07:47:06.000Z</time>
        <extensions>
          <gpxtpx:TrackPointExtension>
            <gpxtpx:hr>123</gpxtpx:hr>
            <gpxtpx:cad>0</gpxtpx:cad>
            <gpxtpx:atemp>302.65</gpxtpx:atemp>
          </gpxtpx:TrackPointExtension>
        </extensions>
      </trkpt>
      <trkpt lat="30.297823" lon="34.934563">
        <ele>365.4</ele>
        <time>2026-03-24T07:47:11.000Z</time>
        <extensions>
          <gpxtpx:TrackPointExtension>
            <gpxtpx:hr>123</gpxtpx:hr>
            <gpxtpx:cad>55</gpxtpx:cad>
            <gpxtpx:atemp>302.65</gpxtpx:atemp>
          </gpxtpx:TrackPointExtension>
        </extensions>
      </trkpt>
      <trkpt lat="30.297758" lon="34.934764">
        <ele>365.8</ele>
        <time>2026-03-24T07:47:23.000Z</time>
        <extensions>
          <gpxtpx:TrackPointExtension>
            <gpxtpx:hr>115</gpxtpx:hr>
            <gpxtpx:cad>74</gpxtpx:cad>
            <gpxtpx:atemp>303.65</gpxtpx:atemp>
          </gpxtpx:TrackPointExtension>
        </extensions>
      </trkpt>
      <trkpt lat="30.297741" lon="34.934894">
        <ele>365.6</ele>
        <time>2026-03-24T07:47:30.000Z</time>
        <extensions>
          <gpxtpx:TrackPointExtension>
            <gpxtpx:hr>117</gpxtpx:hr>
            <gpxtpx:cad>71</gpxtpx:cad>
            <gpxtpx:atemp>303.65</gpxtpx:atemp>
          </gpxtpx:TrackPointExtension>
        </extensions>
      </trkpt>
      <trkpt lat="30.297731" lon="34.934979">
        <ele>365.8</ele>
        <time>2026-03-24T07:47:35.000Z</time>
        <extensions>
          <gpxtpx:TrackPointExtension>
            <gpxtpx:hr>124</gpxtpx:hr>
            <gpxtpx:cad>70</gpxtpx:cad>
            <gpxtpx:atemp>303.65</gpxtpx:atemp>
          </gpxtpx:TrackPointExtension>
        </extensions>
      </trkpt>
      <trkpt lat="30.297711" lon="34.935095">
        <ele>365.8</ele>
        <time>2026-03-24T07:47:43.000Z</time>
        <extensions>
          <gpxtpx:TrackPointExtension>
            <gpxtpx:hr>126</gpxtpx:hr>
            <gpxtpx:cad>120</gpxtpx:cad>
            <gpxtpx:atemp>302.65</gpxtpx:atemp>
          </gpxtpx:TrackPointExtension>
        </extensions>
      </trkpt>
      <trkpt lat="30.297689" lon="34.935280">
        <ele>366.2</ele>
        <time>2026-03-24T07:47:54.000Z</time>
        <extensions>
          <gpxtpx:TrackPointExtension>
            <gpxtpx:hr>127</gpxtpx:hr>
            <gpxtpx:cad>66</gpxtpx:cad>
            <gpxtpx:atemp>302.65</gpxtpx:atemp>
          </gpxtpx:TrackPointExtension>
        </extensions>
      </trkpt>
      <trkpt lat="30.297726" lon="34.935349">
        <ele>365.6</ele>
        <time>2026-03-24T07:48:01.000Z</time>
        <extensions>
          <gpxtpx:TrackPointExtension>
            <gpxtpx:hr>129</gpxtpx:hr>
            <gpxtpx:cad>71</gpxtpx:cad>
            <gpxtpx:atemp>302.65</gpxtpx:atemp>
          </gpxtpx:TrackPointExtension>
        </extensions>
      </trkpt>
      <trkpt lat="30.297735" lon="34.935402">
        <ele>366.0</ele>
        <time>2026-03-24T07:48:05.000Z</time>
        <extensions>
          <gpxtpx:TrackPointExtension>
            <gpxtpx:hr>130</gpxtpx:hr>
            <gpxtpx:cad>71</gpxtpx:cad>
            <gpxtpx:atemp>302.65</gpxtpx:atemp>
          </gpxtpx:TrackPointExtension>
        </extensions>
      </trkpt>
      <trkpt lat="30.297738" lon="34.935484">
        <ele>365.0</ele>
        <time>2026-03-24T07:48:14.000Z</time>
        <extensions>
          <gpxtpx:TrackPointExtension>
            <gpxtpx:hr>128</gpxtpx:hr>
            <gpxtpx:cad>0</gpxtpx:cad>
            <gpxtpx:atemp>302.65</gpxtpx:atemp>
          </gpxtpx:TrackPointExtension>
        </extensions>
      </trkpt>
      <trkpt lat="30.297688" lon="34.935674">
        <ele>365.2</ele>
        <time>2026-03-24T07:48:49.000Z</time>
        <extensions>
          <gpxtpx:TrackPointExtension>
            <gpxtpx:hr>108</gpxtpx:hr>
            <gpxtpx:cad>0</gpxtpx:cad>
            <gpxtpx:atemp>303.65</gpxtpx:atemp>
          </gpxtpx:TrackPointExtension>
        </extensions>
      </trkpt>
      <trkpt lat="30.297671" lon="34.935707">
        <ele>365.6</ele>
        <time>2026-03-24T07:48:52.000Z</time>
        <extensions>
          <gpxtpx:TrackPointExtension>
            <gpxtpx:hr>108</gpxtpx:hr>
            <gpxtpx:cad>53</gpxtpx:cad>
            <gpxtpx:atemp>303.65</gpxtpx:atemp>
          </gpxtpx:TrackPointExtension>
        </extensions>
      </trkpt>
      <trkpt lat="30.297624" lon="34.935824">
        <ele>365.8</ele>
        <time>2026-03-24T07:49:00.000Z</time>
        <extensions>
          <gpxtpx:TrackPointExtension>
            <gpxtpx:hr>107</gpxtpx:hr>
            <gpxtpx:cad>68</gpxtpx:cad>
            <gpxtpx:atemp>303.65</gpxtpx:atemp>
          </gpxtpx:TrackPointExtension>
        </extensions>
      </trkpt>
      <trkpt lat="30.297612" lon="34.935909">
        <ele>365.8</ele>
        <time>2026-03-24T07:49:05.000Z</time>
        <extensions>
          <gpxtpx:TrackPointExtension>
            <gpxtpx:hr>111</gpxtpx:hr>
            <gpxtpx:cad>68</gpxtpx:cad>
            <gpxtpx:atemp>303.65</gpxtpx:atemp>
          </gpxtpx:TrackPointExtension>
        </extensions>
      </trkpt>
      <trkpt lat="30.297623" lon="34.936004">
        <ele>365.2</ele>
        <time>2026-03-24T07:49:11.000Z</time>
        <extensions>
          <gpxtpx:TrackPointExtension>
            <gpxtpx:hr>115</gpxtpx:hr>
            <gpxtpx:cad>68</gpxtpx:cad>
            <gpxtpx:atemp>303.65</gpxtpx:atemp>
          </gpxtpx:TrackPointExtension>
        </extensions>
      </trkpt>
      <trkpt lat="30.297621" lon="34.936105">
        <ele>364.2</ele>
        <time>2026-03-24T07:49:20.000Z</time>
        <extensions>
          <gpxtpx:TrackPointExtension>
            <gpxtpx:hr>116</gpxtpx:hr>
            <gpxtpx:cad>0</gpxtpx:cad>
            <gpxtpx:atemp>303.65</gpxtpx:atemp>
          </gpxtpx:TrackPointExtension>
        </extensions>
      </trkpt>
      <trkpt lat="30.297631" lon="34.936160">
        <ele>364.2</ele>
        <time>2026-03-24T07:49:24.000Z</time>
        <extensions>
          <gpxtpx:TrackPointExtension>
            <gpxtpx:hr>110</gpxtpx:hr>
            <gpxtpx:cad>0</gpxtpx:cad>
            <gpxtpx:atemp>303.65</gpxtpx:atemp>
          </gpxtpx:TrackPointExtension>
        </extensions>
      </trkpt>
      <trkpt lat="30.297621" lon="34.936235">
        <ele>363.8</ele>
        <time>2026-03-24T07:49:29.000Z</time>
        <extensions>
          <gpxtpx:TrackPointExtension>
            <gpxtpx:hr>106</gpxtpx:hr>
            <gpxtpx:cad>53</gpxtpx:cad>
            <gpxtpx:atemp>303.65</gpxtpx:atemp>
          </gpxtpx:TrackPointExtension>
        </extensions>
      </trkpt>
      <trkpt lat="30.297638" lon="34.936354">
        <ele>363.2</ele>
        <time>2026-03-24T07:49:38.000Z</time>
        <extensions>
          <gpxtpx:TrackPointExtension>
            <gpxtpx:hr>106</gpxtpx:hr>
            <gpxtpx:cad>63</gpxtpx:cad>
            <gpxtpx:atemp>303.65</gpxtpx:atemp>
          </gpxtpx:TrackPointExtension>
        </extensions>
      </trkpt>
      <trkpt lat="30.297632" lon="34.936415">
        <ele>363.2</ele>
        <time>2026-03-24T07:49:42.000Z</time>
        <extensions>
          <gpxtpx:TrackPointExtension>
            <gpxtpx:hr>107</gpxtpx:hr>
            <gpxtpx:cad>62</gpxtpx:cad>
            <gpxtpx:atemp>303.65</gpxtpx:atemp>
          </gpxtpx:TrackPointExtension>
        </extensions>
      </trkpt>
      <trkpt lat="30.297632" lon="34.936506">
        <ele>363.8</ele>
        <time>2026-03-24T07:49:47.000Z</time>
        <extensions>
          <gpxtpx:TrackPointExtension>
            <gpxtpx:hr>113</gpxtpx:hr>
            <gpxtpx:cad>68</gpxtpx:cad>
            <gpxtpx:atemp>303.65</gpxtpx:atemp>
          </gpxtpx:TrackPointExtension>
        </extensions>
      </trkpt>
      <trkpt lat="30.297637" lon="34.936552">
        <ele>364.0</ele>
        <time>2026-03-24T07:49:50.000Z</time>
        <extensions>
          <gpxtpx:TrackPointExtension>
            <gpxtpx:hr>116</gpxtpx:hr>
            <gpxtpx:cad>69</gpxtpx:cad>
            <gpxtpx:atemp>303.65</gpxtpx:atemp>
          </gpxtpx:TrackPointExtension>
        </extensions>
      </trkpt>
      <trkpt lat="30.297673" lon="34.936655">
        <ele>364.0</ele>
        <time>2026-03-24T07:49:57.000Z</time>
        <extensions>
          <gpxtpx:TrackPointExtension>
            <gpxtpx:hr>118</gpxtpx:hr>
            <gpxtpx:cad>60</gpxtpx:cad>
            <gpxtpx:atemp>303.65</gpxtpx:atemp>
          </gpxtpx:TrackPointExtension>
        </extensions>
      </trkpt>
      <trkpt lat="30.297679" lon="34.936716">
        <ele>363.4</ele>
        <time>2026-03-24T07:50:01.000Z</time>
        <extensions>
          <gpxtpx:TrackPointExtension>
            <gpxtpx:hr>117</gpxtpx:hr>
            <gpxtpx:cad>0</gpxtpx:cad>
            <gpxtpx:atemp>303.65</gpxtpx:atemp>
          </gpxtpx:TrackPointExtension>
        </extensions>
      </trkpt>
      <trkpt lat="30.297699" lon="34.936783">
        <ele>362.6</ele>
        <time>2026-03-24T07:50:06.000Z</time>
        <extensions>
          <gpxtpx:TrackPointExtension>
            <gpxtpx:hr>117</gpxtpx:hr>
            <gpxtpx:cad>65</gpxtpx:cad>
            <gpxtpx:atemp>303.65</gpxtpx:atemp>
          </gpxtpx:TrackPointExtension>
        </extensions>
      </trkpt>
      <trkpt lat="30.297715" lon="34.936948">
        <ele>362.2</ele>
        <time>2026-03-24T07:50:15.000Z</time>
        <extensions>
          <gpxtpx:TrackPointExtension>
            <gpxtpx:hr>116</gpxtpx:hr>
            <gpxtpx:cad>73</gpxtpx:cad>
            <gpxtpx:atemp>303.65</gpxtpx:atemp>
          </gpxtpx:TrackPointExtension>
        </extensions>
      </trkpt>
      <trkpt lat="30.297698" lon="34.937129">
        <ele>362.2</ele>
        <time>2026-03-24T07:50:28.000Z</time>
        <extensions>
          <gpxtpx:TrackPointExtension>
            <gpxtpx:hr>120</gpxtpx:hr>
            <gpxtpx:cad>0</gpxtpx:cad>
            <gpxtpx:atemp>303.65</gpxtpx:atemp>
          </gpxtpx:TrackPointExtension>
        </extensions>
      </trkpt>
      <trkpt lat="30.297655" lon="34.937203">
        <ele>363.0</ele>
        <time>2026-03-24T07:50:35.000Z</time>
        <extensions>
          <gpxtpx:TrackPointExtension>
            <gpxtpx:hr>120</gpxtpx:hr>
            <gpxtpx:cad>0</gpxtpx:cad>
            <gpxtpx:atemp>302.65</gpxtpx:atemp>
          </gpxtpx:TrackPointExtension>
        </extensions>
      </trkpt>
      <trkpt lat="30.297626" lon="34.937266">
        <ele>361.8</ele>
        <time>2026-03-24T07:50:43.000Z</time>
        <extensions>
          <gpxtpx:TrackPointExtension>
            <gpxtpx:hr>120</gpxtpx:hr>
            <gpxtpx:cad>0</gpxtpx:cad>
            <gpxtpx:atemp>303.65</gpxtpx:atemp>
          </gpxtpx:TrackPointExtension>
        </extensions>
      </trkpt>
      <trkpt lat="30.297605" lon="34.937327">
        <ele>362.0</ele>
        <time>2026-03-24T07:50:56.000Z</time>
        <extensions>
          <gpxtpx:TrackPointExtension>
            <gpxtpx:hr>121</gpxtpx:hr>
            <gpxtpx:cad>0</gpxtpx:cad>
            <gpxtpx:atemp>303.65</gpxtpx:atemp>
          </gpxtpx:TrackPointExtension>
        </extensions>
      </trkpt>
      <trkpt lat="30.297583" lon="34.937432">
        <ele>362.4</ele>
        <time>2026-03-24T07:51:05.000Z</time>
        <extensions>
          <gpxtpx:TrackPointExtension>
            <gpxtpx:hr>121</gpxtpx:hr>
            <gpxtpx:cad>55</gpxtpx:cad>
            <gpxtpx:atemp>303.65</gpxtpx:atemp>
          </gpxtpx:TrackPointExtension>
        </extensions>
      </trkpt>
      <trkpt lat="30.297557" lon="34.937598">
        <ele>362.0</ele>
        <time>2026-03-24T07:51:13.000Z</time>
        <extensions>
          <gpxtpx:TrackPointExtension>
            <gpxtpx:hr>120</gpxtpx:hr>
            <gpxtpx:cad>75</gpxtpx:cad>
            <gpxtpx:atemp>303.65</gpxtpx:atemp>
          </gpxtpx:TrackPointExtension>
        </extensions>
      </trkpt>
      <trkpt lat="30.297568" lon="34.937664">
        <ele>362.0</ele>
        <time>2026-03-24T07:51:16.000Z</time>
        <extensions>
          <gpxtpx:TrackPointExtension>
            <gpxtpx:hr>122</gpxtpx:hr>
            <gpxtpx:cad>74</gpxtpx:cad>
            <gpxtpx:atemp>303.65</gpxtpx:atemp>
          </gpxtpx:TrackPointExtension>
        </extensions>
      </trkpt>
      <trkpt lat="30.297612" lon="34.937764">
        <ele>362.0</ele>
        <time>2026-03-24T07:51:21.000Z</time>
        <extensions>
          <gpxtpx:TrackPointExtension>
            <gpxtpx:hr>125</gpxtpx:hr>
            <gpxtpx:cad>75</gpxtpx:cad>
            <gpxtpx:atemp>303.65</gpxtpx:atemp>
          </gpxtpx:TrackPointExtension>
        </extensions>
      </trkpt>
      <trkpt lat="30.297625" lon="34.937856">
        <ele>361.8</ele>
        <time>2026-03-24T07:51:25.000Z</time>
        <extensions>
          <gpxtpx:TrackPointExtension>
            <gpxtpx:hr>122</gpxtpx:hr>
            <gpxtpx:cad>76</gpxtpx:cad>
            <gpxtpx:atemp>303.65</gpxtpx:atemp>
          </gpxtpx:TrackPointExtension>
        </extensions>
      </trkpt>
      <trkpt lat="30.297601" lon="34.937967">
        <ele>361.8</ele>
        <time>2026-03-24T07:51:30.000Z</time>
        <extensions>
          <gpxtpx:TrackPointExtension>
            <gpxtpx:hr>124</gpxtpx:hr>
            <gpxtpx:cad>76</gpxtpx:cad>
            <gpxtpx:atemp>303.65</gpxtpx:atemp>
          </gpxtpx:TrackPointExtension>
        </extensions>
      </trkpt>
      <trkpt lat="30.297601" lon="34.938091">
        <ele>363.0</ele>
        <time>2026-03-24T07:51:36.000Z</time>
        <extensions>
          <gpxtpx:TrackPointExtension>
            <gpxtpx:hr>126</gpxtpx:hr>
            <gpxtpx:cad>76</gpxtpx:cad>
            <gpxtpx:atemp>303.65</gpxtpx:atemp>
          </gpxtpx:TrackPointExtension>
        </extensions>
      </trkpt>
      <trkpt lat="30.297630" lon="34.938172">
        <ele>364.2</ele>
        <time>2026-03-24T07:51:40.000Z</time>
        <extensions>
          <gpxtpx:TrackPointExtension>
            <gpxtpx:hr>130</gpxtpx:hr>
            <gpxtpx:cad>75</gpxtpx:cad>
            <gpxtpx:atemp>302.65</gpxtpx:atemp>
          </gpxtpx:TrackPointExtension>
        </extensions>
      </trkpt>
      <trkpt lat="30.297668" lon="34.938252">
        <ele>364.0</ele>
        <time>2026-03-24T07:51:44.000Z</time>
        <extensions>
          <gpxtpx:TrackPointExtension>
            <gpxtpx:hr>130</gpxtpx:hr>
            <gpxtpx:cad>76</gpxtpx:cad>
            <gpxtpx:atemp>302.65</gpxtpx:atemp>
          </gpxtpx:TrackPointExtension>
        </extensions>
      </trkpt>
      <trkpt lat="30.297721" lon="34.938324">
        <ele>363.4</ele>
        <time>2026-03-24T07:51:49.000Z</time>
        <extensions>
          <gpxtpx:TrackPointExtension>
            <gpxtpx:hr>132</gpxtpx:hr>
            <gpxtpx:cad>76</gpxtpx:cad>
            <gpxtpx:atemp>302.65</gpxtpx:atemp>
          </gpxtpx:TrackPointExtension>
        </extensions>
      </trkpt>
      <trkpt lat="30.297796" lon="34.938394">
        <ele>362.0</ele>
        <time>2026-03-24T07:51:58.000Z</time>
        <extensions>
          <gpxtpx:TrackPointExtension>
            <gpxtpx:hr>133</gpxtpx:hr>
            <gpxtpx:cad>60</gpxtpx:cad>
            <gpxtpx:atemp>302.65</gpxtpx:atemp>
          </gpxtpx:TrackPointExtension>
        </extensions>
      </trkpt>
      <trkpt lat="30.297869" lon="34.938426">
        <ele>361.6</ele>
        <time>2026-03-24T07:52:06.000Z</time>
        <extensions>
          <gpxtpx:TrackPointExtension>
            <gpxtpx:hr>131</gpxtpx:hr>
            <gpxtpx:cad>0</gpxtpx:cad>
            <gpxtpx:atemp>302.65</gpxtpx:atemp>
          </gpxtpx:TrackPointExtension>
        </extensions>
      </trkpt>
      <trkpt lat="30.297904" lon="34.938433">
        <ele>362.0</ele>
        <time>2026-03-24T07:52:08.000Z</time>
        <extensions>
          <gpxtpx:TrackPointExtension>
            <gpxtpx:hr>131</gpxtpx:hr>
            <gpxtpx:cad>0</gpxtpx:cad>
            <gpxtpx:atemp>302.65</gpxtpx:atemp>
          </gpxtpx:TrackPointExtension>
        </extensions>
      </trkpt>
      <trkpt lat="30.298033" lon="34.938435">
        <ele>362.6</ele>
        <time>2026-03-24T07:52:15.000Z</time>
        <extensions>
          <gpxtpx:TrackPointExtension>
            <gpxtpx:hr>130</gpxtpx:hr>
            <gpxtpx:cad>72</gpxtpx:cad>
            <gpxtpx:atemp>302.65</gpxtpx:atemp>
          </gpxtpx:TrackPointExtension>
        </extensions>
      </trkpt>
      <trkpt lat="30.298148" lon="34.938451">
        <ele>362.4</ele>
        <time>2026-03-24T07:52:21.000Z</time>
        <extensions>
          <gpxtpx:TrackPointExtension>
            <gpxtpx:hr>133</gpxtpx:hr>
            <gpxtpx:cad>76</gpxtpx:cad>
            <gpxtpx:atemp>302.65</gpxtpx:atemp>
          </gpxtpx:TrackPointExtension>
        </extensions>
      </trkpt>
      <trkpt lat="30.298206" lon="34.938471">
        <ele>362.4</ele>
        <time>2026-03-24T07:52:24.000Z</time>
        <extensions>
          <gpxtpx:TrackPointExtension>
            <gpxtpx:hr>134</gpxtpx:hr>
            <gpxtpx:cad>77</gpxtpx:cad>
            <gpxtpx:atemp>302.65</gpxtpx:atemp>
          </gpxtpx:TrackPointExtension>
        </extensions>
      </trkpt>
      <trkpt lat="30.298295" lon="34.938516">
        <ele>361.8</ele>
        <time>2026-03-24T07:52:29.000Z</time>
        <extensions>
          <gpxtpx:TrackPointExtension>
            <gpxtpx:hr>135</gpxtpx:hr>
            <gpxtpx:cad>77</gpxtpx:cad>
            <gpxtpx:atemp>302.65</gpxtpx:atemp>
          </gpxtpx:TrackPointExtension>
        </extensions>
      </trkpt>
      <trkpt lat="30.298373" lon="34.938579">
        <ele>361.2</ele>
        <time>2026-03-24T07:52:34.000Z</time>
        <extensions>
          <gpxtpx:TrackPointExtension>
            <gpxtpx:hr>134</gpxtpx:hr>
            <gpxtpx:cad>78</gpxtpx:cad>
            <gpxtpx:atemp>302.65</gpxtpx:atemp>
          </gpxtpx:TrackPointExtension>
        </extensions>
      </trkpt>
      <trkpt lat="30.298428" lon="34.938651">
        <ele>360.6</ele>
        <time>2026-03-24T07:52:39.000Z</time>
        <extensions>
          <gpxtpx:TrackPointExtension>
            <gpxtpx:hr>134</gpxtpx:hr>
            <gpxtpx:cad>76</gpxtpx:cad>
            <gpxtpx:atemp>302.65</gpxtpx:atemp>
          </gpxtpx:TrackPointExtension>
        </extensions>
      </trkpt>
      <trkpt lat="30.298470" lon="34.938740">
        <ele>360.4</ele>
        <time>2026-03-24T07:52:43.000Z</time>
        <extensions>
          <gpxtpx:TrackPointExtension>
            <gpxtpx:hr>134</gpxtpx:hr>
            <gpxtpx:cad>75</gpxtpx:cad>
            <gpxtpx:atemp>302.65</gpxtpx:atemp>
          </gpxtpx:TrackPointExtension>
        </extensions>
      </trkpt>
      <trkpt lat="30.298520" lon="34.938812">
        <ele>360.4</ele>
        <time>2026-03-24T07:52:47.000Z</time>
        <extensions>
          <gpxtpx:TrackPointExtension>
            <gpxtpx:hr>134</gpxtpx:hr>
            <gpxtpx:cad>78</gpxtpx:cad>
            <gpxtpx:atemp>301.65</gpxtpx:atemp>
          </gpxtpx:TrackPointExtension>
        </extensions>
      </trkpt>
      <trkpt lat="30.298599" lon="34.938878">
        <ele>358.4</ele>
        <time>2026-03-24T07:52:57.000Z</time>
        <extensions>
          <gpxtpx:TrackPointExtension>
            <gpxtpx:hr>137</gpxtpx:hr>
            <gpxtpx:cad>0</gpxtpx:cad>
            <gpxtpx:atemp>301.65</gpxtpx:atemp>
          </gpxtpx:TrackPointExtension>
        </extensions>
      </trkpt>
      <trkpt lat="30.298627" lon="34.938890">
        <ele>358.6</ele>
        <time>2026-03-24T07:53:00.000Z</time>
        <extensions>
          <gpxtpx:TrackPointExtension>
            <gpxtpx:hr>136</gpxtpx:hr>
            <gpxtpx:cad>52</gpxtpx:cad>
            <gpxtpx:atemp>301.65</gpxtpx:atemp>
          </gpxtpx:TrackPointExtension>
        </extensions>
      </trkpt>
      <trkpt lat="30.298738" lon="34.938991">
        <ele>358.4</ele>
        <time>2026-03-24T07:53:16.000Z</time>
        <extensions>
          <gpxtpx:TrackPointExtension>
            <gpxtpx:hr>128</gpxtpx:hr>
            <gpxtpx:cad>0</gpxtpx:cad>
            <gpxtpx:atemp>301.65</gpxtpx:atemp>
          </gpxtpx:TrackPointExtension>
        </extensions>
      </trkpt>
      <trkpt lat="30.298795" lon="34.939063">
        <ele>358.6</ele>
        <time>2026-03-24T07:53:22.000Z</time>
        <extensions>
          <gpxtpx:TrackPointExtension>
            <gpxtpx:hr>132</gpxtpx:hr>
            <gpxtpx:cad>0</gpxtpx:cad>
            <gpxtpx:atemp>301.65</gpxtpx:atemp>
          </gpxtpx:TrackPointExtension>
        </extensions>
      </trkpt>
      <trkpt lat="30.298861" lon="34.939113">
        <ele>358.6</ele>
        <time>2026-03-24T07:53:26.000Z</time>
        <extensions>
          <gpxtpx:TrackPointExtension>
            <gpxtpx:hr>133</gpxtpx:hr>
            <gpxtpx:cad>77</gpxtpx:cad>
            <gpxtpx:atemp>301.65</gpxtpx:atemp>
          </gpxtpx:TrackPointExtension>
        </extensions>
      </trkpt>
      <trkpt lat="30.298921" lon="34.939183">
        <ele>358.6</ele>
        <time>2026-03-24T07:53:30.000Z</time>
        <extensions>
          <gpxtpx:TrackPointExtension>
            <gpxtpx:hr>133</gpxtpx:hr>
            <gpxtpx:cad>76</gpxtpx:cad>
            <gpxtpx:atemp>301.65</gpxtpx:atemp>
          </gpxtpx:TrackPointExtension>
        </extensions>
      </trkpt>
      <trkpt lat="30.298968" lon="34.939228">
        <ele>358.6</ele>
        <time>2026-03-24T07:53:33.000Z</time>
        <extensions>
          <gpxtpx:TrackPointExtension>
            <gpxtpx:hr>133</gpxtpx:hr>
            <gpxtpx:cad>78</gpxtpx:cad>
            <gpxtpx:atemp>301.65</gpxtpx:atemp>
          </gpxtpx:TrackPointExtension>
        </extensions>
      </trkpt>
      <trkpt lat="30.299023" lon="34.939265">
        <ele>358.6</ele>
        <time>2026-03-24T07:53:36.000Z</time>
        <extensions>
          <gpxtpx:TrackPointExtension>
            <gpxtpx:hr>134</gpxtpx:hr>
            <gpxtpx:cad>78</gpxtpx:cad>
            <gpxtpx:atemp>301.65</gpxtpx:atemp>
          </gpxtpx:TrackPointExtension>
        </extensions>
      </trkpt>
      <trkpt lat="30.299117" lon="34.939311">
        <ele>358.0</ele>
        <time>2026-03-24T07:53:41.000Z</time>
        <extensions>
          <gpxtpx:TrackPointExtension>
            <gpxtpx:hr>124</gpxtpx:hr>
            <gpxtpx:cad>78</gpxtpx:cad>
            <gpxtpx:atemp>301.65</gpxtpx:atemp>
          </gpxtpx:TrackPointExtension>
        </extensions>
      </trkpt>
      <trkpt lat="30.299154" lon="34.939340">
        <ele>358.0</ele>
        <time>2026-03-24T07:53:43.000Z</time>
        <extensions>
          <gpxtpx:TrackPointExtension>
            <gpxtpx:hr>123</gpxtpx:hr>
            <gpxtpx:cad>78</gpxtpx:cad>
            <gpxtpx:atemp>301.65</gpxtpx:atemp>
          </gpxtpx:TrackPointExtension>
        </extensions>
      </trkpt>
      <trkpt lat="30.299215" lon="34.939425">
        <ele>357.6</ele>
        <time>2026-03-24T07:53:48.000Z</time>
        <extensions>
          <gpxtpx:TrackPointExtension>
            <gpxtpx:hr>123</gpxtpx:hr>
            <gpxtpx:cad>78</gpxtpx:cad>
            <gpxtpx:atemp>301.65</gpxtpx:atemp>
          </gpxtpx:TrackPointExtension>
        </extensions>
      </trkpt>
      <trkpt lat="30.299269" lon="34.939536">
        <ele>357.4</ele>
        <time>2026-03-24T07:53:53.000Z</time>
        <extensions>
          <gpxtpx:TrackPointExtension>
            <gpxtpx:hr>126</gpxtpx:hr>
            <gpxtpx:cad>78</gpxtpx:cad>
            <gpxtpx:atemp>301.65</gpxtpx:atemp>
          </gpxtpx:TrackPointExtension>
        </extensions>
      </trkpt>
      <trkpt lat="30.299305" lon="34.939596">
        <ele>357.2</ele>
        <time>2026-03-24T07:53:56.000Z</time>
        <extensions>
          <gpxtpx:TrackPointExtension>
            <gpxtpx:hr>127</gpxtpx:hr>
            <gpxtpx:cad>78</gpxtpx:cad>
            <gpxtpx:atemp>301.65</gpxtpx:atemp>
          </gpxtpx:TrackPointExtension>
        </extensions>
      </trkpt>
      <trkpt lat="30.299357" lon="34.939669">
        <ele>357.2</ele>
        <time>2026-03-24T07:54:00.000Z</time>
        <extensions>
          <gpxtpx:TrackPointExtension>
            <gpxtpx:hr>129</gpxtpx:hr>
            <gpxtpx:cad>79</gpxtpx:cad>
            <gpxtpx:atemp>301.65</gpxtpx:atemp>
          </gpxtpx:TrackPointExtension>
        </extensions>
      </trkpt>
      <trkpt lat="30.299408" lon="34.939751">
        <ele>358.0</ele>
        <time>2026-03-24T07:54:04.000Z</time>
        <extensions>
          <gpxtpx:TrackPointExtension>
            <gpxtpx:hr>129</gpxtpx:hr>
            <gpxtpx:cad>80</gpxtpx:cad>
            <gpxtpx:atemp>301.65</gpxtpx:atemp>
          </gpxtpx:TrackPointExtension>
        </extensions>
      </trkpt>
      <trkpt lat="30.299435" lon="34.939820">
        <ele>357.8</ele>
        <time>2026-03-24T07:54:07.000Z</time>
        <extensions>
          <gpxtpx:TrackPointExtension>
            <gpxtpx:hr>129</gpxtpx:hr>
            <gpxtpx:cad>79</gpxtpx:cad>
            <gpxtpx:atemp>301.65</gpxtpx:atemp>
          </gpxtpx:TrackPointExtension>
        </extensions>
      </trkpt>
      <trkpt lat="30.299454" lon="34.939913">
        <ele>356.6</ele>
        <time>2026-03-24T07:54:11.000Z</time>
        <extensions>
          <gpxtpx:TrackPointExtension>
            <gpxtpx:hr>129</gpxtpx:hr>
            <gpxtpx:cad>79</gpxtpx:cad>
            <gpxtpx:atemp>301.65</gpxtpx:atemp>
          </gpxtpx:TrackPointExtension>
        </extensions>
      </trkpt>
      <trkpt lat="30.299431" lon="34.940125">
        <ele>357.2</ele>
        <time>2026-03-24T07:54:22.000Z</time>
        <extensions>
          <gpxtpx:TrackPointExtension>
            <gpxtpx:hr>132</gpxtpx:hr>
            <gpxtpx:cad>75</gpxtpx:cad>
            <gpxtpx:atemp>301.65</gpxtpx:atemp>
          </gpxtpx:TrackPointExtension>
        </extensions>
      </trkpt>
      <trkpt lat="30.299395" lon="34.940294">
        <ele>357.4</ele>
        <time>2026-03-24T07:54:30.000Z</time>
        <extensions>
          <gpxtpx:TrackPointExtension>
            <gpxtpx:hr>138</gpxtpx:hr>
            <gpxtpx:cad>79</gpxtpx:cad>
            <gpxtpx:atemp>300.65</gpxtpx:atemp>
          </gpxtpx:TrackPointExtension>
        </extensions>
      </trkpt>
      <trkpt lat="30.299356" lon="34.940399">
        <ele>357.6</ele>
        <time>2026-03-24T07:54:35.000Z</time>
        <extensions>
          <gpxtpx:TrackPointExtension>
            <gpxtpx:hr>138</gpxtpx:hr>
            <gpxtpx:cad>79</gpxtpx:cad>
            <gpxtpx:atemp>300.65</gpxtpx:atemp>
          </gpxtpx:TrackPointExtension>
        </extensions>
      </trkpt>
      <trkpt lat="30.299303" lon="34.940517">
        <ele>357.2</ele>
        <time>2026-03-24T07:54:41.000Z</time>
        <extensions>
          <gpxtpx:TrackPointExtension>
            <gpxtpx:hr>140</gpxtpx:hr>
            <gpxtpx:cad>77</gpxtpx:cad>
            <gpxtpx:atemp>300.65</gpxtpx:atemp>
          </gpxtpx:TrackPointExtension>
        </extensions>
      </trkpt>
      <trkpt lat="30.299265" lon="34.940637">
        <ele>357.0</ele>
        <time>2026-03-24T07:54:47.000Z</time>
        <extensions>
          <gpxtpx:TrackPointExtension>
            <gpxtpx:hr>144</gpxtpx:hr>
            <gpxtpx:cad>78</gpxtpx:cad>
            <gpxtpx:atemp>300.65</gpxtpx:atemp>
          </gpxtpx:TrackPointExtension>
        </extensions>
      </trkpt>
      <trkpt lat="30.299195" lon="34.940787">
        <ele>358.4</ele>
        <time>2026-03-24T07:54:55.000Z</time>
        <extensions>
          <gpxtpx:TrackPointExtension>
            <gpxtpx:hr>146</gpxtpx:hr>
            <gpxtpx:cad>77</gpxtpx:cad>
            <gpxtpx:atemp>300.65</gpxtpx:atemp>
          </gpxtpx:TrackPointExtension>
        </extensions>
      </trkpt>
      <trkpt lat="30.299176" lon="34.940853">
        <ele>358.6</ele>
        <time>2026-03-24T07:54:58.000Z</time>
        <extensions>
          <gpxtpx:TrackPointExtension>
            <gpxtpx:hr>147</gpxtpx:hr>
            <gpxtpx:cad>77</gpxtpx:cad>
            <gpxtpx:atemp>300.65</gpxtpx:atemp>
          </gpxtpx:TrackPointExtension>
        </extensions>
      </trkpt>
      <trkpt lat="30.299152" lon="34.940984">
        <ele>358.6</ele>
        <time>2026-03-24T07:55:04.000Z</time>
        <extensions>
          <gpxtpx:TrackPointExtension>
            <gpxtpx:hr>149</gpxtpx:hr>
            <gpxtpx:cad>80</gpxtpx:cad>
            <gpxtpx:atemp>300.65</gpxtpx:atemp>
          </gpxtpx:TrackPointExtension>
        </extensions>
      </trkpt>
      <trkpt lat="30.299145" lon="34.941060">
        <ele>358.6</ele>
        <time>2026-03-24T07:55:07.000Z</time>
        <extensions>
          <gpxtpx:TrackPointExtension>
            <gpxtpx:hr>149</gpxtpx:hr>
            <gpxtpx:cad>79</gpxtpx:cad>
            <gpxtpx:atemp>300.65</gpxtpx:atemp>
          </gpxtpx:TrackPointExtension>
        </extensions>
      </trkpt>
      <trkpt lat="30.299145" lon="34.941152">
        <ele>358.8</ele>
        <time>2026-03-24T07:55:11.000Z</time>
        <extensions>
          <gpxtpx:TrackPointExtension>
            <gpxtpx:hr>150</gpxtpx:hr>
            <gpxtpx:cad>79</gpxtpx:cad>
            <gpxtpx:atemp>300.65</gpxtpx:atemp>
          </gpxtpx:TrackPointExtension>
        </extensions>
      </trkpt>
      <trkpt lat="30.299137" lon="34.941285">
        <ele>358.8</ele>
        <time>2026-03-24T07:55:17.000Z</time>
        <extensions>
          <gpxtpx:TrackPointExtension>
            <gpxtpx:hr>150</gpxtpx:hr>
            <gpxtpx:cad>79</gpxtpx:cad>
            <gpxtpx:atemp>300.65</gpxtpx:atemp>
          </gpxtpx:TrackPointExtension>
        </extensions>
      </trkpt>
      <trkpt lat="30.299140" lon="34.941360">
        <ele>358.4</ele>
        <time>2026-03-24T07:55:21.000Z</time>
        <extensions>
          <gpxtpx:TrackPointExtension>
            <gpxtpx:hr>150</gpxtpx:hr>
            <gpxtpx:cad>77</gpxtpx:cad>
            <gpxtpx:atemp>300.65</gpxtpx:atemp>
          </gpxtpx:TrackPointExtension>
        </extensions>
      </trkpt>
      <trkpt lat="30.299130" lon="34.941504">
        <ele>358.6</ele>
        <time>2026-03-24T07:55:28.000Z</time>
        <extensions>
          <gpxtpx:TrackPointExtension>
            <gpxtpx:hr>148</gpxtpx:hr>
            <gpxtpx:cad>77</gpxtpx:cad>
            <gpxtpx:atemp>300.65</gpxtpx:atemp>
          </gpxtpx:TrackPointExtension>
        </extensions>
      </trkpt>
      <trkpt lat="30.299131" lon="34.941551">
        <ele>358.2</ele>
        <time>2026-03-24T07:55:30.000Z</time>
        <extensions>
          <gpxtpx:TrackPointExtension>
            <gpxtpx:hr>148</gpxtpx:hr>
            <gpxtpx:cad>78</gpxtpx:cad>
            <gpxtpx:atemp>300.65</gpxtpx:atemp>
          </gpxtpx:TrackPointExtension>
        </extensions>
      </trkpt>
      <trkpt lat="30.299118" lon="34.941728">
        <ele>358.6</ele>
        <time>2026-03-24T07:55:39.000Z</time>
        <extensions>
          <gpxtpx:TrackPointExtension>
            <gpxtpx:hr>148</gpxtpx:hr>
            <gpxtpx:cad>78</gpxtpx:cad>
            <gpxtpx:atemp>300.65</gpxtpx:atemp>
          </gpxtpx:TrackPointExtension>
        </extensions>
      </trkpt>
      <trkpt lat="30.299097" lon="34.941824">
        <ele>358.2</ele>
        <time>2026-03-24T07:55:43.000Z</time>
        <extensions>
          <gpxtpx:TrackPointExtension>
            <gpxtpx:hr>148</gpxtpx:hr>
            <gpxtpx:cad>77</gpxtpx:cad>
            <gpxtpx:atemp>300.65</gpxtpx:atemp>
          </gpxtpx:TrackPointExtension>
        </extensions>
      </trkpt>
      <trkpt lat="30.299020" lon="34.942050">
        <ele>358.0</ele>
        <time>2026-03-24T07:55:55.000Z</time>
        <extensions>
          <gpxtpx:TrackPointExtension>
            <gpxtpx:hr>151</gpxtpx:hr>
            <gpxtpx:cad>77</gpxtpx:cad>
            <gpxtpx:atemp>300.65</gpxtpx:atemp>
          </gpxtpx:TrackPointExtension>
        </extensions>
      </trkpt>
      <trkpt lat="30.298969" lon="34.942203">
        <ele>358.4</ele>
        <time>2026-03-24T07:56:03.000Z</time>
        <extensions>
          <gpxtpx:TrackPointExtension>
            <gpxtpx:hr>150</gpxtpx:hr>
            <gpxtpx:cad>76</gpxtpx:cad>
            <gpxtpx:atemp>300.65</gpxtpx:atemp>
          </gpxtpx:TrackPointExtension>
        </extensions>
      </trkpt>
      <trkpt lat="30.298917" lon="34.942399">
        <ele>358.0</ele>
        <time>2026-03-24T07:56:12.000Z</time>
        <extensions>
          <gpxtpx:TrackPointExtension>
            <gpxtpx:hr>149</gpxtpx:hr>
            <gpxtpx:cad>78</gpxtpx:cad>
            <gpxtpx:atemp>300.65</gpxtpx:atemp>
          </gpxtpx:TrackPointExtension>
        </extensions>
      </trkpt>
      <trkpt lat="30.298873" lon="34.942530">
        <ele>358.0</ele>
        <time>2026-03-24T07:56:18.000Z</time>
        <extensions>
          <gpxtpx:TrackPointExtension>
            <gpxtpx:hr>148</gpxtpx:hr>
            <gpxtpx:cad>79</gpxtpx:cad>
            <gpxtpx:atemp>300.65</gpxtpx:atemp>
          </gpxtpx:TrackPointExtension>
        </extensions>
      </trkpt>
      <trkpt lat="30.298809" lon="34.942694">
        <ele>357.8</ele>
        <time>2026-03-24T07:56:26.000Z</time>
        <extensions>
          <gpxtpx:TrackPointExtension>
            <gpxtpx:hr>149</gpxtpx:hr>
            <gpxtpx:cad>79</gpxtpx:cad>
            <gpxtpx:atemp>300.65</gpxtpx:atemp>
          </gpxtpx:TrackPointExtension>
        </extensions>
      </trkpt>
      <trkpt lat="30.298756" lon="34.942818">
        <ele>357.6</ele>
        <time>2026-03-24T07:56:32.000Z</time>
        <extensions>
          <gpxtpx:TrackPointExtension>
            <gpxtpx:hr>148</gpxtpx:hr>
            <gpxtpx:cad>81</gpxtpx:cad>
            <gpxtpx:atemp>300.65</gpxtpx:atemp>
          </gpxtpx:TrackPointExtension>
        </extensions>
      </trkpt>
      <trkpt lat="30.298654" lon="34.943002">
        <ele>358.0</ele>
        <time>2026-03-24T07:56:45.000Z</time>
        <extensions>
          <gpxtpx:TrackPointExtension>
            <gpxtpx:hr>147</gpxtpx:hr>
            <gpxtpx:cad>56</gpxtpx:cad>
            <gpxtpx:atemp>300.65</gpxtpx:atemp>
          </gpxtpx:TrackPointExtension>
        </extensions>
      </trkpt>
      <trkpt lat="30.298611" lon="34.943055">
        <ele>357.4</ele>
        <time>2026-03-24T07:56:50.000Z</time>
        <extensions>
          <gpxtpx:TrackPointExtension>
            <gpxtpx:hr>145</gpxtpx:hr>
            <gpxtpx:cad>57</gpxtpx:cad>
            <gpxtpx:atemp>300.65</gpxtpx:atemp>
          </gpxtpx:TrackPointExtension>
        </extensions>
      </trkpt>
      <trkpt lat="30.298531" lon="34.943112">
        <ele>357.0</ele>
        <time>2026-03-24T07:56:58.000Z</time>
        <extensions>
          <gpxtpx:TrackPointExtension>
            <gpxtpx:hr>142</gpxtpx:hr>
            <gpxtpx:cad>57</gpxtpx:cad>
            <gpxtpx:atemp>301.65</gpxtpx:atemp>
          </gpxtpx:TrackPointExtension>
        </extensions>
      </trkpt>
      <trkpt lat="30.298478" lon="34.943144">
        <ele>357.0</ele>
        <time>2026-03-24T07:57:03.000Z</time>
        <extensions>
          <gpxtpx:TrackPointExtension>
            <gpxtpx:hr>139</gpxtpx:hr>
            <gpxtpx:cad>59</gpxtpx:cad>
            <gpxtpx:atemp>301.65</gpxtpx:atemp>
          </gpxtpx:TrackPointExtension>
        </extensions>
      </trkpt>
      <trkpt lat="30.298430" lon="34.943169">
        <ele>356.8</ele>
        <time>2026-03-24T07:57:07.000Z</time>
        <extensions>
          <gpxtpx:TrackPointExtension>
            <gpxtpx:hr>140</gpxtpx:hr>
            <gpxtpx:cad>56</gpxtpx:cad>
            <gpxtpx:atemp>301.65</gpxtpx:atemp>
          </gpxtpx:TrackPointExtension>
        </extensions>
      </trkpt>
      <trkpt lat="30.298353" lon="34.943222">
        <ele>357.0</ele>
        <time>2026-03-24T07:57:14.000Z</time>
        <extensions>
          <gpxtpx:TrackPointExtension>
            <gpxtpx:hr>139</gpxtpx:hr>
            <gpxtpx:cad>59</gpxtpx:cad>
            <gpxtpx:atemp>301.65</gpxtpx:atemp>
          </gpxtpx:TrackPointExtension>
        </extensions>
      </trkpt>
      <trkpt lat="30.298273" lon="34.943261">
        <ele>356.8</ele>
        <time>2026-03-24T07:57:19.000Z</time>
        <extensions>
          <gpxtpx:TrackPointExtension>
            <gpxtpx:hr>138</gpxtpx:hr>
            <gpxtpx:cad>77</gpxtpx:cad>
            <gpxtpx:atemp>301.65</gpxtpx:atemp>
          </gpxtpx:TrackPointExtension>
        </extensions>
      </trkpt>
      <trkpt lat="30.298203" lon="34.943311">
        <ele>356.6</ele>
        <time>2026-03-24T07:57:23.000Z</time>
        <extensions>
          <gpxtpx:TrackPointExtension>
            <gpxtpx:hr>138</gpxtpx:hr>
            <gpxtpx:cad>76</gpxtpx:cad>
            <gpxtpx:atemp>302.65</gpxtpx:atemp>
          </gpxtpx:TrackPointExtension>
        </extensions>
      </trkpt>
      <trkpt lat="30.298045" lon="34.943512">
        <ele>356.8</ele>
        <time>2026-03-24T07:57:35.000Z</time>
        <extensions>
          <gpxtpx:TrackPointExtension>
            <gpxtpx:hr>140</gpxtpx:hr>
            <gpxtpx:cad>79</gpxtpx:cad>
            <gpxtpx:atemp>302.65</gpxtpx:atemp>
          </gpxtpx:TrackPointExtension>
        </extensions>
      </trkpt>
      <trkpt lat="30.297979" lon="34.943618">
        <ele>356.6</ele>
        <time>2026-03-24T07:57:41.000Z</time>
        <extensions>
          <gpxtpx:TrackPointExtension>
            <gpxtpx:hr>140</gpxtpx:hr>
            <gpxtpx:cad>76</gpxtpx:cad>
            <gpxtpx:atemp>302.65</gpxtpx:atemp>
          </gpxtpx:TrackPointExtension>
        </extensions>
      </trkpt>
      <trkpt lat="30.297964" lon="34.943633">
        <ele>356.6</ele>
        <time>2026-03-24T07:57:42.000Z</time>
        <extensions>
          <gpxtpx:TrackPointExtension>
            <gpxtpx:hr>140</gpxtpx:hr>
            <gpxtpx:cad>76</gpxtpx:cad>
            <gpxtpx:atemp>302.65</gpxtpx:atemp>
          </gpxtpx:TrackPointExtension>
        </extensions>
      </trkpt>
      <trkpt lat="30.297890" lon="34.943735">
        <ele>357.0</ele>
        <time>2026-03-24T07:57:49.000Z</time>
        <extensions>
          <gpxtpx:TrackPointExtension>
            <gpxtpx:hr>141</gpxtpx:hr>
            <gpxtpx:cad>76</gpxtpx:cad>
            <gpxtpx:atemp>302.65</gpxtpx:atemp>
          </gpxtpx:TrackPointExtension>
        </extensions>
      </trkpt>
      <trkpt lat="30.297841" lon="34.943834">
        <ele>357.2</ele>
        <time>2026-03-24T07:57:54.000Z</time>
        <extensions>
          <gpxtpx:TrackPointExtension>
            <gpxtpx:hr>141</gpxtpx:hr>
            <gpxtpx:cad>75</gpxtpx:cad>
            <gpxtpx:atemp>302.65</gpxtpx:atemp>
          </gpxtpx:TrackPointExtension>
        </extensions>
      </trkpt>
      <trkpt lat="30.297815" lon="34.943869">
        <ele>357.4</ele>
        <time>2026-03-24T07:57:56.000Z</time>
        <extensions>
          <gpxtpx:TrackPointExtension>
            <gpxtpx:hr>142</gpxtpx:hr>
            <gpxtpx:cad>75</gpxtpx:cad>
            <gpxtpx:atemp>302.65</gpxtpx:atemp>
          </gpxtpx:TrackPointExtension>
        </extensions>
      </trkpt>
      <trkpt lat="30.297769" lon="34.943956">
        <ele>358.0</ele>
        <time>2026-03-24T07:58:01.000Z</time>
        <extensions>
          <gpxtpx:TrackPointExtension>
            <gpxtpx:hr>144</gpxtpx:hr>
            <gpxtpx:cad>78</gpxtpx:cad>
            <gpxtpx:atemp>302.65</gpxtpx:atemp>
          </gpxtpx:TrackPointExtension>
        </extensions>
      </trkpt>
      <trkpt lat="30.297721" lon="34.944010">
        <ele>358.0</ele>
        <time>2026-03-24T07:58:05.000Z</time>
        <extensions>
          <gpxtpx:TrackPointExtension>
            <gpxtpx:hr>146</gpxtpx:hr>
            <gpxtpx:cad>77</gpxtpx:cad>
            <gpxtpx:atemp>302.65</gpxtpx:atemp>
          </gpxtpx:TrackPointExtension>
        </extensions>
      </trkpt>
      <trkpt lat="30.297692" lon="34.944051">
        <ele>358.6</ele>
        <time>2026-03-24T07:58:08.000Z</time>
        <extensions>
          <gpxtpx:TrackPointExtension>
            <gpxtpx:hr>147</gpxtpx:hr>
            <gpxtpx:cad>78</gpxtpx:cad>
            <gpxtpx:atemp>302.65</gpxtpx:atemp>
          </gpxtpx:TrackPointExtension>
        </extensions>
      </trkpt>
      <trkpt lat="30.297626" lon="34.944129">
        <ele>359.4</ele>
        <time>2026-03-24T07:58:13.000Z</time>
        <extensions>
          <gpxtpx:TrackPointExtension>
            <gpxtpx:hr>150</gpxtpx:hr>
            <gpxtpx:cad>77</gpxtpx:cad>
            <gpxtpx:atemp>302.65</gpxtpx:atemp>
          </gpxtpx:TrackPointExtension>
        </extensions>
      </trkpt>
      <trkpt lat="30.297536" lon="34.944202">
        <ele>360.0</ele>
        <time>2026-03-24T07:58:19.000Z</time>
        <extensions>
          <gpxtpx:TrackPointExtension>
            <gpxtpx:hr>152</gpxtpx:hr>
            <gpxtpx:cad>76</gpxtpx:cad>
            <gpxtpx:atemp>301.65</gpxtpx:atemp>
          </gpxtpx:TrackPointExtension>
        </extensions>
      </trkpt>
      <trkpt lat="30.297456" lon="34.944253">
        <ele>360.4</ele>
        <time>2026-03-24T07:58:24.000Z</time>
        <extensions>
          <gpxtpx:TrackPointExtension>
            <gpxtpx:hr>153</gpxtpx:hr>
            <gpxtpx:cad>77</gpxtpx:cad>
            <gpxtpx:atemp>301.65</gpxtpx:atemp>
          </gpxtpx:TrackPointExtension>
        </extensions>
      </trkpt>
      <trkpt lat="30.297279" lon="34.944408">
        <ele>362.0</ele>
        <time>2026-03-24T07:58:36.000Z</time>
        <extensions>
          <gpxtpx:TrackPointExtension>
            <gpxtpx:hr>153</gpxtpx:hr>
            <gpxtpx:cad>78</gpxtpx:cad>
            <gpxtpx:atemp>301.65</gpxtpx:atemp>
          </gpxtpx:TrackPointExtension>
        </extensions>
      </trkpt>
      <trkpt lat="30.297148" lon="34.944534">
        <ele>363.0</ele>
        <time>2026-03-24T07:58:46.000Z</time>
        <extensions>
          <gpxtpx:TrackPointExtension>
            <gpxtpx:hr>153</gpxtpx:hr>
            <gpxtpx:cad>76</gpxtpx:cad>
            <gpxtpx:atemp>301.65</gpxtpx:atemp>
          </gpxtpx:TrackPointExtension>
        </extensions>
      </trkpt>
      <trkpt lat="30.297080" lon="34.944602">
        <ele>363.4</ele>
        <time>2026-03-24T07:58:52.000Z</time>
        <extensions>
          <gpxtpx:TrackPointExtension>
            <gpxtpx:hr>155</gpxtpx:hr>
            <gpxtpx:cad>76</gpxtpx:cad>
            <gpxtpx:atemp>301.65</gpxtpx:atemp>
          </gpxtpx:TrackPointExtension>
        </extensions>
      </trkpt>
      <trkpt lat="30.297020" lon="34.944674">
        <ele>364.4</ele>
        <time>2026-03-24T07:58:59.000Z</time>
        <extensions>
          <gpxtpx:TrackPointExtension>
            <gpxtpx:hr>156</gpxtpx:hr>
            <gpxtpx:cad>55</gpxtpx:cad>
            <gpxtpx:atemp>301.65</gpxtpx:atemp>
          </gpxtpx:TrackPointExtension>
        </extensions>
      </trkpt>
      <trkpt lat="30.296981" lon="34.944711">
        <ele>364.6</ele>
        <time>2026-03-24T07:59:04.000Z</time>
        <extensions>
          <gpxtpx:TrackPointExtension>
            <gpxtpx:hr>153</gpxtpx:hr>
            <gpxtpx:cad>55</gpxtpx:cad>
            <gpxtpx:atemp>301.65</gpxtpx:atemp>
          </gpxtpx:TrackPointExtension>
        </extensions>
      </trkpt>
      <trkpt lat="30.296917" lon="34.944784">
        <ele>364.8</ele>
        <time>2026-03-24T07:59:11.000Z</time>
        <extensions>
          <gpxtpx:TrackPointExtension>
            <gpxtpx:hr>151</gpxtpx:hr>
            <gpxtpx:cad>55</gpxtpx:cad>
            <gpxtpx:atemp>301.65</gpxtpx:atemp>
          </gpxtpx:TrackPointExtension>
        </extensions>
      </trkpt>
      <trkpt lat="30.296855" lon="34.944864">
        <ele>365.0</ele>
        <time>2026-03-24T07:59:18.000Z</time>
        <extensions>
          <gpxtpx:TrackPointExtension>
            <gpxtpx:hr>149</gpxtpx:hr>
            <gpxtpx:cad>59</gpxtpx:cad>
            <gpxtpx:atemp>301.65</gpxtpx:atemp>
          </gpxtpx:TrackPointExtension>
        </extensions>
      </trkpt>
      <trkpt lat="30.296826" lon="34.944907">
        <ele>364.8</ele>
        <time>2026-03-24T07:59:22.000Z</time>
        <extensions>
          <gpxtpx:TrackPointExtension>
            <gpxtpx:hr>147</gpxtpx:hr>
            <gpxtpx:cad>57</gpxtpx:cad>
            <gpxtpx:atemp>301.65</gpxtpx:atemp>
          </gpxtpx:TrackPointExtension>
        </extensions>
      </trkpt>
      <trkpt lat="30.296776" lon="34.944970">
        <ele>364.6</ele>
        <time>2026-03-24T07:59:27.000Z</time>
        <extensions>
          <gpxtpx:TrackPointExtension>
            <gpxtpx:hr>145</gpxtpx:hr>
            <gpxtpx:cad>57</gpxtpx:cad>
            <gpxtpx:atemp>301.65</gpxtpx:atemp>
          </gpxtpx:TrackPointExtension>
        </extensions>
      </trkpt>
      <trkpt lat="30.296716" lon="34.945057">
        <ele>365.0</ele>
        <time>2026-03-24T07:59:32.000Z</time>
        <extensions>
          <gpxtpx:TrackPointExtension>
            <gpxtpx:hr>143</gpxtpx:hr>
            <gpxtpx:cad>79</gpxtpx:cad>
            <gpxtpx:atemp>301.65</gpxtpx:atemp>
          </gpxtpx:TrackPointExtension>
        </extensions>
      </trkpt>
      <trkpt lat="30.296627" lon="34.945159">
        <ele>365.8</ele>
        <time>2026-03-24T07:59:39.000Z</time>
        <extensions>
          <gpxtpx:TrackPointExtension>
            <gpxtpx:hr>140</gpxtpx:hr>
            <gpxtpx:cad>79</gpxtpx:cad>
            <gpxtpx:atemp>301.65</gpxtpx:atemp>
          </gpxtpx:TrackPointExtension>
        </extensions>
      </trkpt>
      <trkpt lat="30.296593" lon="34.945210">
        <ele>366.4</ele>
        <time>2026-03-24T07:59:42.000Z</time>
        <extensions>
          <gpxtpx:TrackPointExtension>
            <gpxtpx:hr>141</gpxtpx:hr>
            <gpxtpx:cad>78</gpxtpx:cad>
            <gpxtpx:atemp>301.65</gpxtpx:atemp>
          </gpxtpx:TrackPointExtension>
        </extensions>
      </trkpt>
      <trkpt lat="30.296541" lon="34.945307">
        <ele>366.4</ele>
        <time>2026-03-24T07:59:48.000Z</time>
        <extensions>
          <gpxtpx:TrackPointExtension>
            <gpxtpx:hr>140</gpxtpx:hr>
            <gpxtpx:cad>74</gpxtpx:cad>
            <gpxtpx:atemp>301.65</gpxtpx:atemp>
          </gpxtpx:TrackPointExtension>
        </extensions>
      </trkpt>
      <trkpt lat="30.296593" lon="34.945530">
        <ele>366.6</ele>
        <time>2026-03-24T08:00:01.000Z</time>
        <extensions>
          <gpxtpx:TrackPointExtension>
            <gpxtpx:hr>143</gpxtpx:hr>
            <gpxtpx:cad>76</gpxtpx:cad>
            <gpxtpx:atemp>301.65</gpxtpx:atemp>
          </gpxtpx:TrackPointExtension>
        </extensions>
      </trkpt>
      <trkpt lat="30.296586" lon="34.945559">
        <ele>367.2</ele>
        <time>2026-03-24T08:00:03.000Z</time>
        <extensions>
          <gpxtpx:TrackPointExtension>
            <gpxtpx:hr>143</gpxtpx:hr>
            <gpxtpx:cad>76</gpxtpx:cad>
            <gpxtpx:atemp>301.65</gpxtpx:atemp>
          </gpxtpx:TrackPointExtension>
        </extensions>
      </trkpt>
      <trkpt lat="30.296555" lon="34.945771">
        <ele>367.4</ele>
        <time>2026-03-24T08:00:14.000Z</time>
        <extensions>
          <gpxtpx:TrackPointExtension>
            <gpxtpx:hr>143</gpxtpx:hr>
            <gpxtpx:cad>77</gpxtpx:cad>
            <gpxtpx:atemp>301.65</gpxtpx:atemp>
          </gpxtpx:TrackPointExtension>
        </extensions>
      </trkpt>
      <trkpt lat="30.296522" lon="34.945874">
        <ele>367.8</ele>
        <time>2026-03-24T08:00:19.000Z</time>
        <extensions>
          <gpxtpx:TrackPointExtension>
            <gpxtpx:hr>147</gpxtpx:hr>
            <gpxtpx:cad>77</gpxtpx:cad>
            <gpxtpx:atemp>301.65</gpxtpx:atemp>
          </gpxtpx:TrackPointExtension>
        </extensions>
      </trkpt>
      <trkpt lat="30.296451" lon="34.946018">
        <ele>367.2</ele>
        <time>2026-03-24T08:00:28.000Z</time>
        <extensions>
          <gpxtpx:TrackPointExtension>
            <gpxtpx:hr>147</gpxtpx:hr>
            <gpxtpx:cad>75</gpxtpx:cad>
            <gpxtpx:atemp>301.65</gpxtpx:atemp>
          </gpxtpx:TrackPointExtension>
        </extensions>
      </trkpt>
      <trkpt lat="30.296455" lon="34.946117">
        <ele>367.4</ele>
        <time>2026-03-24T08:00:34.000Z</time>
        <extensions>
          <gpxtpx:TrackPointExtension>
            <gpxtpx:hr>146</gpxtpx:hr>
            <gpxtpx:cad>75</gpxtpx:cad>
            <gpxtpx:atemp>301.65</gpxtpx:atemp>
          </gpxtpx:TrackPointExtension>
        </extensions>
      </trkpt>
      <trkpt lat="30.296474" lon="34.946240">
        <ele>368.4</ele>
        <time>2026-03-24T08:00:41.000Z</time>
        <extensions>
          <gpxtpx:TrackPointExtension>
            <gpxtpx:hr>143</gpxtpx:hr>
            <gpxtpx:cad>76</gpxtpx:cad>
            <gpxtpx:atemp>301.65</gpxtpx:atemp>
          </gpxtpx:TrackPointExtension>
        </extensions>
      </trkpt>
      <trkpt lat="30.296473" lon="34.946343">
        <ele>368.4</ele>
        <time>2026-03-24T08:00:46.000Z</time>
        <extensions>
          <gpxtpx:TrackPointExtension>
            <gpxtpx:hr>145</gpxtpx:hr>
            <gpxtpx:cad>76</gpxtpx:cad>
            <gpxtpx:atemp>301.65</gpxtpx:atemp>
          </gpxtpx:TrackPointExtension>
        </extensions>
      </trkpt>
      <trkpt lat="30.296442" lon="34.946562">
        <ele>364.8</ele>
        <time>2026-03-24T08:01:03.000Z</time>
        <extensions>
          <gpxtpx:TrackPointExtension>
            <gpxtpx:hr>148</gpxtpx:hr>
            <gpxtpx:cad>65</gpxtpx:cad>
            <gpxtpx:atemp>301.65</gpxtpx:atemp>
          </gpxtpx:TrackPointExtension>
        </extensions>
      </trkpt>
      <trkpt lat="30.296455" lon="34.946605">
        <ele>365.8</ele>
        <time>2026-03-24T08:01:07.000Z</time>
        <extensions>
          <gpxtpx:TrackPointExtension>
            <gpxtpx:hr>151</gpxtpx:hr>
            <gpxtpx:cad>65</gpxtpx:cad>
            <gpxtpx:atemp>301.65</gpxtpx:atemp>
          </gpxtpx:TrackPointExtension>
        </extensions>
      </trkpt>
      <trkpt lat="30.296452" lon="34.946733">
        <ele>368.6</ele>
        <time>2026-03-24T08:01:14.000Z</time>
        <extensions>
          <gpxtpx:TrackPointExtension>
            <gpxtpx:hr>152</gpxtpx:hr>
            <gpxtpx:cad>74</gpxtpx:cad>
            <gpxtpx:atemp>301.65</gpxtpx:atemp>
          </gpxtpx:TrackPointExtension>
        </extensions>
      </trkpt>
      <trkpt lat="30.296429" lon="34.946825">
        <ele>368.6</ele>
        <time>2026-03-24T08:01:19.000Z</time>
        <extensions>
          <gpxtpx:TrackPointExtension>
            <gpxtpx:hr>154</gpxtpx:hr>
            <gpxtpx:cad>75</gpxtpx:cad>
            <gpxtpx:atemp>301.65</gpxtpx:atemp>
          </gpxtpx:TrackPointExtension>
        </extensions>
      </trkpt>
      <trkpt lat="30.296381" lon="34.947043">
        <ele>367.8</ele>
        <time>2026-03-24T08:01:30.000Z</time>
        <extensions>
          <gpxtpx:TrackPointExtension>
            <gpxtpx:hr>152</gpxtpx:hr>
            <gpxtpx:cad>76</gpxtpx:cad>
            <gpxtpx:atemp>301.65</gpxtpx:atemp>
          </gpxtpx:TrackPointExtension>
        </extensions>
      </trkpt>
      <trkpt lat="30.296346" lon="34.947158">
        <ele>365.8</ele>
        <time>2026-03-24T08:01:42.000Z</time>
        <extensions>
          <gpxtpx:TrackPointExtension>
            <gpxtpx:hr>149</gpxtpx:hr>
            <gpxtpx:cad>80</gpxtpx:cad>
            <gpxtpx:atemp>301.65</gpxtpx:atemp>
          </gpxtpx:TrackPointExtension>
        </extensions>
      </trkpt>
      <trkpt lat="30.296344" lon="34.947199">
        <ele>364.4</ele>
        <time>2026-03-24T08:01:46.000Z</time>
        <extensions>
          <gpxtpx:TrackPointExtension>
            <gpxtpx:hr>149</gpxtpx:hr>
            <gpxtpx:cad>80</gpxtpx:cad>
            <gpxtpx:atemp>301.65</gpxtpx:atemp>
          </gpxtpx:TrackPointExtension>
        </extensions>
      </trkpt>
      <trkpt lat="30.296367" lon="34.947322">
        <ele>363.2</ele>
        <time>2026-03-24T08:01:53.000Z</time>
        <extensions>
          <gpxtpx:TrackPointExtension>
            <gpxtpx:hr>148</gpxtpx:hr>
            <gpxtpx:cad>0</gpxtpx:cad>
            <gpxtpx:atemp>301.65</gpxtpx:atemp>
          </gpxtpx:TrackPointExtension>
        </extensions>
      </trkpt>
      <trkpt lat="30.296359" lon="34.947418">
        <ele>367.2</ele>
        <time>2026-03-24T08:02:05.000Z</time>
        <extensions>
          <gpxtpx:TrackPointExtension>
            <gpxtpx:hr>145</gpxtpx:hr>
            <gpxtpx:cad>0</gpxtpx:cad>
            <gpxtpx:atemp>302.65</gpxtpx:atemp>
          </gpxtpx:TrackPointExtension>
        </extensions>
      </trkpt>
      <trkpt lat="30.296362" lon="34.947473">
        <ele>367.8</ele>
        <time>2026-03-24T08:02:10.000Z</time>
        <extensions>
          <gpxtpx:TrackPointExtension>
            <gpxtpx:hr>145</gpxtpx:hr>
            <gpxtpx:cad>79</gpxtpx:cad>
            <gpxtpx:atemp>302.65</gpxtpx:atemp>
          </gpxtpx:TrackPointExtension>
        </extensions>
      </trkpt>
      <trkpt lat="30.296354" lon="34.947551">
        <ele>367.6</ele>
        <time>2026-03-24T08:02:15.000Z</time>
        <extensions>
          <gpxtpx:TrackPointExtension>
            <gpxtpx:hr>146</gpxtpx:hr>
            <gpxtpx:cad>52</gpxtpx:cad>
            <gpxtpx:atemp>302.65</gpxtpx:atemp>
          </gpxtpx:TrackPointExtension>
        </extensions>
      </trkpt>
      <trkpt lat="30.296369" lon="34.947667">
        <ele>368.8</ele>
        <time>2026-03-24T08:02:20.000Z</time>
        <extensions>
          <gpxtpx:TrackPointExtension>
            <gpxtpx:hr>148</gpxtpx:hr>
            <gpxtpx:cad>52</gpxtpx:cad>
            <gpxtpx:atemp>302.65</gpxtpx:atemp>
          </gpxtpx:TrackPointExtension>
        </extensions>
      </trkpt>
      <trkpt lat="30.296365" lon="34.947702">
        <ele>369.0</ele>
        <time>2026-03-24T08:02:22.000Z</time>
        <extensions>
          <gpxtpx:TrackPointExtension>
            <gpxtpx:hr>149</gpxtpx:hr>
            <gpxtpx:cad>52</gpxtpx:cad>
            <gpxtpx:atemp>302.65</gpxtpx:atemp>
          </gpxtpx:TrackPointExtension>
        </extensions>
      </trkpt>
      <trkpt lat="30.296367" lon="34.947810">
        <ele>368.6</ele>
        <time>2026-03-24T08:02:27.000Z</time>
        <extensions>
          <gpxtpx:TrackPointExtension>
            <gpxtpx:hr>151</gpxtpx:hr>
            <gpxtpx:cad>73</gpxtpx:cad>
            <gpxtpx:atemp>301.65</gpxtpx:atemp>
          </gpxtpx:TrackPointExtension>
        </extensions>
      </trkpt>
      <trkpt lat="30.296383" lon="34.947851">
        <ele>368.4</ele>
        <time>2026-03-24T08:02:29.000Z</time>
        <extensions>
          <gpxtpx:TrackPointExtension>
            <gpxtpx:hr>151</gpxtpx:hr>
            <gpxtpx:cad>75</gpxtpx:cad>
            <gpxtpx:atemp>301.65</gpxtpx:atemp>
          </gpxtpx:TrackPointExtension>
        </extensions>
      </trkpt>
      <trkpt lat="30.296428" lon="34.948084">
        <ele>368.2</ele>
        <time>2026-03-24T08:02:41.000Z</time>
        <extensions>
          <gpxtpx:TrackPointExtension>
            <gpxtpx:hr>148</gpxtpx:hr>
            <gpxtpx:cad>79</gpxtpx:cad>
            <gpxtpx:atemp>302.65</gpxtpx:atemp>
          </gpxtpx:TrackPointExtension>
        </extensions>
      </trkpt>
      <trkpt lat="30.296448" lon="34.948202">
        <ele>368.0</ele>
        <time>2026-03-24T08:02:50.000Z</time>
        <extensions>
          <gpxtpx:TrackPointExtension>
            <gpxtpx:hr>150</gpxtpx:hr>
            <gpxtpx:cad>56</gpxtpx:cad>
            <gpxtpx:atemp>302.65</gpxtpx:atemp>
          </gpxtpx:TrackPointExtension>
        </extensions>
      </trkpt>
      <trkpt lat="30.296452" lon="34.948296">
        <ele>368.8</ele>
        <time>2026-03-24T08:02:58.000Z</time>
        <extensions>
          <gpxtpx:TrackPointExtension>
            <gpxtpx:hr>147</gpxtpx:hr>
            <gpxtpx:cad>56</gpxtpx:cad>
            <gpxtpx:atemp>302.65</gpxtpx:atemp>
          </gpxtpx:TrackPointExtension>
        </extensions>
      </trkpt>
      <trkpt lat="30.296468" lon="34.948351">
        <ele>369.6</ele>
        <time>2026-03-24T08:03:04.000Z</time>
        <extensions>
          <gpxtpx:TrackPointExtension>
            <gpxtpx:hr>146</gpxtpx:hr>
            <gpxtpx:cad>48</gpxtpx:cad>
            <gpxtpx:atemp>302.65</gpxtpx:atemp>
          </gpxtpx:TrackPointExtension>
        </extensions>
      </trkpt>
      <trkpt lat="30.296499" lon="34.948407">
        <ele>370.2</ele>
        <time>2026-03-24T08:03:10.000Z</time>
        <extensions>
          <gpxtpx:TrackPointExtension>
            <gpxtpx:hr>145</gpxtpx:hr>
            <gpxtpx:cad>0</gpxtpx:cad>
            <gpxtpx:atemp>302.65</gpxtpx:atemp>
          </gpxtpx:TrackPointExtension>
        </extensions>
      </trkpt>
      <trkpt lat="30.296546" lon="34.948470">
        <ele>372.2</ele>
        <time>2026-03-24T08:03:22.000Z</time>
        <extensions>
          <gpxtpx:TrackPointExtension>
            <gpxtpx:hr>146</gpxtpx:hr>
            <gpxtpx:cad>0</gpxtpx:cad>
            <gpxtpx:atemp>302.65</gpxtpx:atemp>
          </gpxtpx:TrackPointExtension>
        </extensions>
      </trkpt>
      <trkpt lat="30.296533" lon="34.948495">
        <ele>374.2</ele>
        <time>2026-03-24T08:03:37.000Z</time>
        <extensions>
          <gpxtpx:TrackPointExtension>
            <gpxtpx:hr>148</gpxtpx:hr>
            <gpxtpx:cad>0</gpxtpx:cad>
            <gpxtpx:atemp>302.65</gpxtpx:atemp>
          </gpxtpx:TrackPointExtension>
        </extensions>
      </trkpt>
      <trkpt lat="30.296529" lon="34.948553">
        <ele>375.2</ele>
        <time>2026-03-24T08:03:55.000Z</time>
        <extensions>
          <gpxtpx:TrackPointExtension>
            <gpxtpx:hr>149</gpxtpx:hr>
            <gpxtpx:cad>0</gpxtpx:cad>
            <gpxtpx:atemp>302.65</gpxtpx:atemp>
          </gpxtpx:TrackPointExtension>
        </extensions>
      </trkpt>
      <trkpt lat="30.296505" lon="34.948647">
        <ele>377.0</ele>
        <time>2026-03-24T08:04:04.000Z</time>
        <extensions>
          <gpxtpx:TrackPointExtension>
            <gpxtpx:hr>151</gpxtpx:hr>
            <gpxtpx:cad>49</gpxtpx:cad>
            <gpxtpx:atemp>302.65</gpxtpx:atemp>
          </gpxtpx:TrackPointExtension>
        </extensions>
      </trkpt>
      <trkpt lat="30.296428" lon="34.948699">
        <ele>378.0</ele>
        <time>2026-03-24T08:04:13.000Z</time>
        <extensions>
          <gpxtpx:TrackPointExtension>
            <gpxtpx:hr>151</gpxtpx:hr>
            <gpxtpx:cad>56</gpxtpx:cad>
            <gpxtpx:atemp>302.65</gpxtpx:atemp>
          </gpxtpx:TrackPointExtension>
        </extensions>
      </trkpt>
      <trkpt lat="30.296390" lon="34.948767">
        <ele>379.4</ele>
        <time>2026-03-24T08:04:21.000Z</time>
        <extensions>
          <gpxtpx:TrackPointExtension>
            <gpxtpx:hr>156</gpxtpx:hr>
            <gpxtpx:cad>52</gpxtpx:cad>
            <gpxtpx:atemp>302.65</gpxtpx:atemp>
          </gpxtpx:TrackPointExtension>
        </extensions>
      </trkpt>
      <trkpt lat="30.296373" lon="34.948824">
        <ele>380.4</ele>
        <time>2026-03-24T08:04:27.000Z</time>
        <extensions>
          <gpxtpx:TrackPointExtension>
            <gpxtpx:hr>154</gpxtpx:hr>
            <gpxtpx:cad>0</gpxtpx:cad>
            <gpxtpx:atemp>302.65</gpxtpx:atemp>
          </gpxtpx:TrackPointExtension>
        </extensions>
      </trkpt>
      <trkpt lat="30.296376" lon="34.948961">
        <ele>381.0</ele>
        <time>2026-03-24T08:04:40.000Z</time>
        <extensions>
          <gpxtpx:TrackPointExtension>
            <gpxtpx:hr>155</gpxtpx:hr>
            <gpxtpx:cad>0</gpxtpx:cad>
            <gpxtpx:atemp>302.65</gpxtpx:atemp>
          </gpxtpx:TrackPointExtension>
        </extensions>
      </trkpt>
      <trkpt lat="30.296375" lon="34.949080">
        <ele>381.2</ele>
        <time>2026-03-24T08:05:12.000Z</time>
        <extensions>
          <gpxtpx:TrackPointExtension>
            <gpxtpx:hr>133</gpxtpx:hr>
            <gpxtpx:cad>55</gpxtpx:cad>
            <gpxtpx:atemp>303.65</gpxtpx:atemp>
          </gpxtpx:TrackPointExtension>
        </extensions>
      </trkpt>
      <trkpt lat="30.296392" lon="34.949160">
        <ele>382.4</ele>
        <time>2026-03-24T08:05:20.000Z</time>
        <extensions>
          <gpxtpx:TrackPointExtension>
            <gpxtpx:hr>133</gpxtpx:hr>
            <gpxtpx:cad>78</gpxtpx:cad>
            <gpxtpx:atemp>303.65</gpxtpx:atemp>
          </gpxtpx:TrackPointExtension>
        </extensions>
      </trkpt>
      <trkpt lat="30.296381" lon="34.949211">
        <ele>382.8</ele>
        <time>2026-03-24T08:05:24.000Z</time>
        <extensions>
          <gpxtpx:TrackPointExtension>
            <gpxtpx:hr>132</gpxtpx:hr>
            <gpxtpx:cad>78</gpxtpx:cad>
            <gpxtpx:atemp>303.65</gpxtpx:atemp>
          </gpxtpx:TrackPointExtension>
        </extensions>
      </trkpt>
      <trkpt lat="30.296298" lon="34.949366">
        <ele>384.6</ele>
        <time>2026-03-24T08:05:40.000Z</time>
        <extensions>
          <gpxtpx:TrackPointExtension>
            <gpxtpx:hr>130</gpxtpx:hr>
            <gpxtpx:cad>53</gpxtpx:cad>
            <gpxtpx:atemp>303.65</gpxtpx:atemp>
          </gpxtpx:TrackPointExtension>
        </extensions>
      </trkpt>
      <trkpt lat="30.296270" lon="34.949469">
        <ele>384.8</ele>
        <time>2026-03-24T08:05:49.000Z</time>
        <extensions>
          <gpxtpx:TrackPointExtension>
            <gpxtpx:hr>128</gpxtpx:hr>
            <gpxtpx:cad>50</gpxtpx:cad>
            <gpxtpx:atemp>303.65</gpxtpx:atemp>
          </gpxtpx:TrackPointExtension>
        </extensions>
      </trkpt>
      <trkpt lat="30.296259" lon="34.949540">
        <ele>384.8</ele>
        <time>2026-03-24T08:05:56.000Z</time>
        <extensions>
          <gpxtpx:TrackPointExtension>
            <gpxtpx:hr>127</gpxtpx:hr>
            <gpxtpx:cad>48</gpxtpx:cad>
            <gpxtpx:atemp>303.65</gpxtpx:atemp>
          </gpxtpx:TrackPointExtension>
        </extensions>
      </trkpt>
      <trkpt lat="30.296235" lon="34.949593">
        <ele>385.0</ele>
        <time>2026-03-24T08:06:02.000Z</time>
        <extensions>
          <gpxtpx:TrackPointExtension>
            <gpxtpx:hr>124</gpxtpx:hr>
            <gpxtpx:cad>47</gpxtpx:cad>
            <gpxtpx:atemp>303.65</gpxtpx:atemp>
          </gpxtpx:TrackPointExtension>
        </extensions>
      </trkpt>
      <trkpt lat="30.296211" lon="34.949705">
        <ele>385.8</ele>
        <time>2026-03-24T08:06:10.000Z</time>
        <extensions>
          <gpxtpx:TrackPointExtension>
            <gpxtpx:hr>121</gpxtpx:hr>
            <gpxtpx:cad>56</gpxtpx:cad>
            <gpxtpx:atemp>303.65</gpxtpx:atemp>
          </gpxtpx:TrackPointExtension>
        </extensions>
      </trkpt>
      <trkpt lat="30.296221" lon="34.949843">
        <ele>385.6</ele>
        <time>2026-03-24T08:06:16.000Z</time>
        <extensions>
          <gpxtpx:TrackPointExtension>
            <gpxtpx:hr>122</gpxtpx:hr>
            <gpxtpx:cad>77</gpxtpx:cad>
            <gpxtpx:atemp>303.65</gpxtpx:atemp>
          </gpxtpx:TrackPointExtension>
        </extensions>
      </trkpt>
      <trkpt lat="30.296260" lon="34.950092">
        <ele>386.2</ele>
        <time>2026-03-24T08:06:27.000Z</time>
        <extensions>
          <gpxtpx:TrackPointExtension>
            <gpxtpx:hr>129</gpxtpx:hr>
            <gpxtpx:cad>78</gpxtpx:cad>
            <gpxtpx:atemp>303.65</gpxtpx:atemp>
          </gpxtpx:TrackPointExtension>
        </extensions>
      </trkpt>
      <trkpt lat="30.296266" lon="34.950227">
        <ele>387.4</ele>
        <time>2026-03-24T08:06:33.000Z</time>
        <extensions>
          <gpxtpx:TrackPointExtension>
            <gpxtpx:hr>131</gpxtpx:hr>
            <gpxtpx:cad>78</gpxtpx:cad>
            <gpxtpx:atemp>303.65</gpxtpx:atemp>
          </gpxtpx:TrackPointExtension>
        </extensions>
      </trkpt>
      <trkpt lat="30.296253" lon="34.950472">
        <ele>388.8</ele>
        <time>2026-03-24T08:06:44.000Z</time>
        <extensions>
          <gpxtpx:TrackPointExtension>
            <gpxtpx:hr>139</gpxtpx:hr>
            <gpxtpx:cad>78</gpxtpx:cad>
            <gpxtpx:atemp>303.65</gpxtpx:atemp>
          </gpxtpx:TrackPointExtension>
        </extensions>
      </trkpt>
      <trkpt lat="30.296240" lon="34.950534">
        <ele>389.0</ele>
        <time>2026-03-24T08:06:47.000Z</time>
        <extensions>
          <gpxtpx:TrackPointExtension>
            <gpxtpx:hr>140</gpxtpx:hr>
            <gpxtpx:cad>78</gpxtpx:cad>
            <gpxtpx:atemp>303.65</gpxtpx:atemp>
          </gpxtpx:TrackPointExtension>
        </extensions>
      </trkpt>
      <trkpt lat="30.296225" lon="34.950642">
        <ele>388.8</ele>
        <time>2026-03-24T08:06:52.000Z</time>
        <extensions>
          <gpxtpx:TrackPointExtension>
            <gpxtpx:hr>143</gpxtpx:hr>
            <gpxtpx:cad>77</gpxtpx:cad>
            <gpxtpx:atemp>303.65</gpxtpx:atemp>
          </gpxtpx:TrackPointExtension>
        </extensions>
      </trkpt>
      <trkpt lat="30.296223" lon="34.950764">
        <ele>388.8</ele>
        <time>2026-03-24T08:06:57.000Z</time>
        <extensions>
          <gpxtpx:TrackPointExtension>
            <gpxtpx:hr>145</gpxtpx:hr>
            <gpxtpx:cad>78</gpxtpx:cad>
            <gpxtpx:atemp>303.65</gpxtpx:atemp>
          </gpxtpx:TrackPointExtension>
        </extensions>
      </trkpt>
      <trkpt lat="30.296230" lon="34.950874">
        <ele>389.4</ele>
        <time>2026-03-24T08:07:02.000Z</time>
        <extensions>
          <gpxtpx:TrackPointExtension>
            <gpxtpx:hr>146</gpxtpx:hr>
            <gpxtpx:cad>78</gpxtpx:cad>
            <gpxtpx:atemp>303.65</gpxtpx:atemp>
          </gpxtpx:TrackPointExtension>
        </extensions>
      </trkpt>
      <trkpt lat="30.296273" lon="34.951134">
        <ele>389.2</ele>
        <time>2026-03-24T08:07:14.000Z</time>
        <extensions>
          <gpxtpx:TrackPointExtension>
            <gpxtpx:hr>149</gpxtpx:hr>
            <gpxtpx:cad>78</gpxtpx:cad>
            <gpxtpx:atemp>303.65</gpxtpx:atemp>
          </gpxtpx:TrackPointExtension>
        </extensions>
      </trkpt>
      <trkpt lat="30.296277" lon="34.951253">
        <ele>389.8</ele>
        <time>2026-03-24T08:07:19.000Z</time>
        <extensions>
          <gpxtpx:TrackPointExtension>
            <gpxtpx:hr>150</gpxtpx:hr>
            <gpxtpx:cad>77</gpxtpx:cad>
            <gpxtpx:atemp>303.65</gpxtpx:atemp>
          </gpxtpx:TrackPointExtension>
        </extensions>
      </trkpt>
      <trkpt lat="30.296266" lon="34.951349">
        <ele>389.4</ele>
        <time>2026-03-24T08:07:23.000Z</time>
        <extensions>
          <gpxtpx:TrackPointExtension>
            <gpxtpx:hr>151</gpxtpx:hr>
            <gpxtpx:cad>79</gpxtpx:cad>
            <gpxtpx:atemp>303.65</gpxtpx:atemp>
          </gpxtpx:TrackPointExtension>
        </extensions>
      </trkpt>
      <trkpt lat="30.296235" lon="34.951450">
        <ele>389.0</ele>
        <time>2026-03-24T08:07:28.000Z</time>
        <extensions>
          <gpxtpx:TrackPointExtension>
            <gpxtpx:hr>151</gpxtpx:hr>
            <gpxtpx:cad>78</gpxtpx:cad>
            <gpxtpx:atemp>303.65</gpxtpx:atemp>
          </gpxtpx:TrackPointExtension>
        </extensions>
      </trkpt>
      <trkpt lat="30.296235" lon="34.951544">
        <ele>388.4</ele>
        <time>2026-03-24T08:07:32.000Z</time>
        <extensions>
          <gpxtpx:TrackPointExtension>
            <gpxtpx:hr>151</gpxtpx:hr>
            <gpxtpx:cad>77</gpxtpx:cad>
            <gpxtpx:atemp>303.65</gpxtpx:atemp>
          </gpxtpx:TrackPointExtension>
        </extensions>
      </trkpt>
      <trkpt lat="30.296278" lon="34.951655">
        <ele>388.6</ele>
        <time>2026-03-24T08:07:37.000Z</time>
        <extensions>
          <gpxtpx:TrackPointExtension>
            <gpxtpx:hr>151</gpxtpx:hr>
            <gpxtpx:cad>77</gpxtpx:cad>
            <gpxtpx:atemp>303.65</gpxtpx:atemp>
          </gpxtpx:TrackPointExtension>
        </extensions>
      </trkpt>
      <trkpt lat="30.296284" lon="34.951745">
        <ele>388.2</ele>
        <time>2026-03-24T08:07:41.000Z</time>
        <extensions>
          <gpxtpx:TrackPointExtension>
            <gpxtpx:hr>149</gpxtpx:hr>
            <gpxtpx:cad>78</gpxtpx:cad>
            <gpxtpx:atemp>303.65</gpxtpx:atemp>
          </gpxtpx:TrackPointExtension>
        </extensions>
      </trkpt>
      <trkpt lat="30.296267" lon="34.951872">
        <ele>388.2</ele>
        <time>2026-03-24T08:07:46.000Z</time>
        <extensions>
          <gpxtpx:TrackPointExtension>
            <gpxtpx:hr>149</gpxtpx:hr>
            <gpxtpx:cad>79</gpxtpx:cad>
            <gpxtpx:atemp>303.65</gpxtpx:atemp>
          </gpxtpx:TrackPointExtension>
        </extensions>
      </trkpt>
      <trkpt lat="30.296225" lon="34.951971">
        <ele>388.8</ele>
        <time>2026-03-24T08:07:51.000Z</time>
        <extensions>
          <gpxtpx:TrackPointExtension>
            <gpxtpx:hr>149</gpxtpx:hr>
            <gpxtpx:cad>80</gpxtpx:cad>
            <gpxtpx:atemp>303.65</gpxtpx:atemp>
          </gpxtpx:TrackPointExtension>
        </extensions>
      </trkpt>
      <trkpt lat="30.296203" lon="34.952036">
        <ele>388.4</ele>
        <time>2026-03-24T08:07:54.000Z</time>
        <extensions>
          <gpxtpx:TrackPointExtension>
            <gpxtpx:hr>150</gpxtpx:hr>
            <gpxtpx:cad>78</gpxtpx:cad>
            <gpxtpx:atemp>303.65</gpxtpx:atemp>
          </gpxtpx:TrackPointExtension>
        </extensions>
      </trkpt>
      <trkpt lat="30.296140" lon="34.952142">
        <ele>387.8</ele>
        <time>2026-03-24T08:07:59.000Z</time>
        <extensions>
          <gpxtpx:TrackPointExtension>
            <gpxtpx:hr>150</gpxtpx:hr>
            <gpxtpx:cad>78</gpxtpx:cad>
            <gpxtpx:atemp>303.65</gpxtpx:atemp>
          </gpxtpx:TrackPointExtension>
        </extensions>
      </trkpt>
      <trkpt lat="30.296128" lon="34.952156">
        <ele>387.8</ele>
        <time>2026-03-24T08:08:00.000Z</time>
        <extensions>
          <gpxtpx:TrackPointExtension>
            <gpxtpx:hr>149</gpxtpx:hr>
            <gpxtpx:cad>78</gpxtpx:cad>
            <gpxtpx:atemp>303.65</gpxtpx:atemp>
          </gpxtpx:TrackPointExtension>
        </extensions>
      </trkpt>
      <trkpt lat="30.296065" lon="34.952247">
        <ele>387.6</ele>
        <time>2026-03-24T08:08:05.000Z</time>
        <extensions>
          <gpxtpx:TrackPointExtension>
            <gpxtpx:hr>149</gpxtpx:hr>
            <gpxtpx:cad>79</gpxtpx:cad>
            <gpxtpx:atemp>303.65</gpxtpx:atemp>
          </gpxtpx:TrackPointExtension>
        </extensions>
      </trkpt>
      <trkpt lat="30.296004" lon="34.952305">
        <ele>387.8</ele>
        <time>2026-03-24T08:08:10.000Z</time>
        <extensions>
          <gpxtpx:TrackPointExtension>
            <gpxtpx:hr>150</gpxtpx:hr>
            <gpxtpx:cad>78</gpxtpx:cad>
            <gpxtpx:atemp>303.65</gpxtpx:atemp>
          </gpxtpx:TrackPointExtension>
        </extensions>
      </trkpt>
      <trkpt lat="30.295940" lon="34.952394">
        <ele>390.2</ele>
        <time>2026-03-24T08:08:21.000Z</time>
        <extensions>
          <gpxtpx:TrackPointExtension>
            <gpxtpx:hr>149</gpxtpx:hr>
            <gpxtpx:cad>53</gpxtpx:cad>
            <gpxtpx:atemp>303.65</gpxtpx:atemp>
          </gpxtpx:TrackPointExtension>
        </extensions>
      </trkpt>
      <trkpt lat="30.295897" lon="34.952472">
        <ele>391.2</ele>
        <time>2026-03-24T08:08:30.000Z</time>
        <extensions>
          <gpxtpx:TrackPointExtension>
            <gpxtpx:hr>150</gpxtpx:hr>
            <gpxtpx:cad>48</gpxtpx:cad>
            <gpxtpx:atemp>303.65</gpxtpx:atemp>
          </gpxtpx:TrackPointExtension>
        </extensions>
      </trkpt>
      <trkpt lat="30.295890" lon="34.952526">
        <ele>391.2</ele>
        <time>2026-03-24T08:08:34.000Z</time>
        <extensions>
          <gpxtpx:TrackPointExtension>
            <gpxtpx:hr>149</gpxtpx:hr>
            <gpxtpx:cad>49</gpxtpx:cad>
            <gpxtpx:atemp>303.65</gpxtpx:atemp>
          </gpxtpx:TrackPointExtension>
        </extensions>
      </trkpt>
      <trkpt lat="30.295825" lon="34.952689">
        <ele>390.8</ele>
        <time>2026-03-24T08:08:43.000Z</time>
        <extensions>
          <gpxtpx:TrackPointExtension>
            <gpxtpx:hr>148</gpxtpx:hr>
            <gpxtpx:cad>76</gpxtpx:cad>
            <gpxtpx:atemp>303.65</gpxtpx:atemp>
          </gpxtpx:TrackPointExtension>
        </extensions>
      </trkpt>
      <trkpt lat="30.295767" lon="34.952918">
        <ele>392.4</ele>
        <time>2026-03-24T08:08:54.000Z</time>
        <extensions>
          <gpxtpx:TrackPointExtension>
            <gpxtpx:hr>148</gpxtpx:hr>
            <gpxtpx:cad>77</gpxtpx:cad>
            <gpxtpx:atemp>303.65</gpxtpx:atemp>
          </gpxtpx:TrackPointExtension>
        </extensions>
      </trkpt>
      <trkpt lat="30.295733" lon="34.953005">
        <ele>392.4</ele>
        <time>2026-03-24T08:08:58.000Z</time>
        <extensions>
          <gpxtpx:TrackPointExtension>
            <gpxtpx:hr>149</gpxtpx:hr>
            <gpxtpx:cad>78</gpxtpx:cad>
            <gpxtpx:atemp>302.65</gpxtpx:atemp>
          </gpxtpx:TrackPointExtension>
        </extensions>
      </trkpt>
      <trkpt lat="30.295703" lon="34.953120">
        <ele>392.8</ele>
        <time>2026-03-24T08:09:03.000Z</time>
        <extensions>
          <gpxtpx:TrackPointExtension>
            <gpxtpx:hr>150</gpxtpx:hr>
            <gpxtpx:cad>79</gpxtpx:cad>
            <gpxtpx:atemp>302.65</gpxtpx:atemp>
          </gpxtpx:TrackPointExtension>
        </extensions>
      </trkpt>
      <trkpt lat="30.295664" lon="34.953330">
        <ele>393.4</ele>
        <time>2026-03-24T08:09:12.000Z</time>
        <extensions>
          <gpxtpx:TrackPointExtension>
            <gpxtpx:hr>151</gpxtpx:hr>
            <gpxtpx:cad>79</gpxtpx:cad>
            <gpxtpx:atemp>302.65</gpxtpx:atemp>
          </gpxtpx:TrackPointExtension>
        </extensions>
      </trkpt>
      <trkpt lat="30.295648" lon="34.953463">
        <ele>394.2</ele>
        <time>2026-03-24T08:09:18.000Z</time>
        <extensions>
          <gpxtpx:TrackPointExtension>
            <gpxtpx:hr>152</gpxtpx:hr>
            <gpxtpx:cad>80</gpxtpx:cad>
            <gpxtpx:atemp>302.65</gpxtpx:atemp>
          </gpxtpx:TrackPointExtension>
        </extensions>
      </trkpt>
      <trkpt lat="30.295650" lon="34.953554">
        <ele>394.2</ele>
        <time>2026-03-24T08:09:22.000Z</time>
        <extensions>
          <gpxtpx:TrackPointExtension>
            <gpxtpx:hr>152</gpxtpx:hr>
            <gpxtpx:cad>78</gpxtpx:cad>
            <gpxtpx:atemp>302.65</gpxtpx:atemp>
          </gpxtpx:TrackPointExtension>
        </extensions>
      </trkpt>
      <trkpt lat="30.295647" lon="34.953645">
        <ele>394.0</ele>
        <time>2026-03-24T08:09:26.000Z</time>
        <extensions>
          <gpxtpx:TrackPointExtension>
            <gpxtpx:hr>152</gpxtpx:hr>
            <gpxtpx:cad>79</gpxtpx:cad>
            <gpxtpx:atemp>302.65</gpxtpx:atemp>
          </gpxtpx:TrackPointExtension>
        </extensions>
      </trkpt>
      <trkpt lat="30.295615" lon="34.953721">
        <ele>393.0</ele>
        <time>2026-03-24T08:09:33.000Z</time>
        <extensions>
          <gpxtpx:TrackPointExtension>
            <gpxtpx:hr>153</gpxtpx:hr>
            <gpxtpx:cad>78</gpxtpx:cad>
            <gpxtpx:atemp>302.65</gpxtpx:atemp>
          </gpxtpx:TrackPointExtension>
        </extensions>
      </trkpt>
      <trkpt lat="30.295609" lon="34.953799">
        <ele>392.4</ele>
        <time>2026-03-24T08:09:40.000Z</time>
        <extensions>
          <gpxtpx:TrackPointExtension>
            <gpxtpx:hr>151</gpxtpx:hr>
            <gpxtpx:cad>55</gpxtpx:cad>
            <gpxtpx:atemp>302.65</gpxtpx:atemp>
          </gpxtpx:TrackPointExtension>
        </extensions>
      </trkpt>
      <trkpt lat="30.295610" lon="34.953885">
        <ele>392.4</ele>
        <time>2026-03-24T08:09:48.000Z</time>
        <extensions>
          <gpxtpx:TrackPointExtension>
            <gpxtpx:hr>149</gpxtpx:hr>
            <gpxtpx:cad>55</gpxtpx:cad>
            <gpxtpx:atemp>302.65</gpxtpx:atemp>
          </gpxtpx:TrackPointExtension>
        </extensions>
      </trkpt>
      <trkpt lat="30.295624" lon="34.954023">
        <ele>392.8</ele>
        <time>2026-03-24T08:09:57.000Z</time>
        <extensions>
          <gpxtpx:TrackPointExtension>
            <gpxtpx:hr>144</gpxtpx:hr>
            <gpxtpx:cad>55</gpxtpx:cad>
            <gpxtpx:atemp>302.65</gpxtpx:atemp>
          </gpxtpx:TrackPointExtension>
        </extensions>
      </trkpt>
      <trkpt lat="30.295634" lon="34.954085">
        <ele>393.0</ele>
        <time>2026-03-24T08:10:00.000Z</time>
        <extensions>
          <gpxtpx:TrackPointExtension>
            <gpxtpx:hr>140</gpxtpx:hr>
            <gpxtpx:cad>0</gpxtpx:cad>
            <gpxtpx:atemp>302.65</gpxtpx:atemp>
          </gpxtpx:TrackPointExtension>
        </extensions>
      </trkpt>
      <trkpt lat="30.295671" lon="34.954212">
        <ele>393.2</ele>
        <time>2026-03-24T08:10:06.000Z</time>
        <extensions>
          <gpxtpx:TrackPointExtension>
            <gpxtpx:hr>137</gpxtpx:hr>
            <gpxtpx:cad>77</gpxtpx:cad>
            <gpxtpx:atemp>301.65</gpxtpx:atemp>
          </gpxtpx:TrackPointExtension>
        </extensions>
      </trkpt>
      <trkpt lat="30.295698" lon="34.954269">
        <ele>392.8</ele>
        <time>2026-03-24T08:10:09.000Z</time>
        <extensions>
          <gpxtpx:TrackPointExtension>
            <gpxtpx:hr>136</gpxtpx:hr>
            <gpxtpx:cad>78</gpxtpx:cad>
            <gpxtpx:atemp>301.65</gpxtpx:atemp>
          </gpxtpx:TrackPointExtension>
        </extensions>
      </trkpt>
      <trkpt lat="30.295782" lon="34.954551">
        <ele>391.0</ele>
        <time>2026-03-24T08:10:21.000Z</time>
        <extensions>
          <gpxtpx:TrackPointExtension>
            <gpxtpx:hr>133</gpxtpx:hr>
            <gpxtpx:cad>80</gpxtpx:cad>
            <gpxtpx:atemp>301.65</gpxtpx:atemp>
          </gpxtpx:TrackPointExtension>
        </extensions>
      </trkpt>
      <trkpt lat="30.295838" lon="34.954698">
        <ele>390.2</ele>
        <time>2026-03-24T08:10:27.000Z</time>
        <extensions>
          <gpxtpx:TrackPointExtension>
            <gpxtpx:hr>135</gpxtpx:hr>
            <gpxtpx:cad>81</gpxtpx:cad>
            <gpxtpx:atemp>301.65</gpxtpx:atemp>
          </gpxtpx:TrackPointExtension>
        </extensions>
      </trkpt>
      <trkpt lat="30.295949" lon="34.954944">
        <ele>389.8</ele>
        <time>2026-03-24T08:10:38.000Z</time>
        <extensions>
          <gpxtpx:TrackPointExtension>
            <gpxtpx:hr>136</gpxtpx:hr>
            <gpxtpx:cad>80</gpxtpx:cad>
            <gpxtpx:atemp>301.65</gpxtpx:atemp>
          </gpxtpx:TrackPointExtension>
        </extensions>
      </trkpt>
      <trkpt lat="30.296060" lon="34.955150">
        <ele>389.4</ele>
        <time>2026-03-24T08:10:48.000Z</time>
        <extensions>
          <gpxtpx:TrackPointExtension>
            <gpxtpx:hr>136</gpxtpx:hr>
            <gpxtpx:cad>79</gpxtpx:cad>
            <gpxtpx:atemp>301.65</gpxtpx:atemp>
          </gpxtpx:TrackPointExtension>
        </extensions>
      </trkpt>
      <trkpt lat="30.296116" lon="34.955228">
        <ele>388.8</ele>
        <time>2026-03-24T08:10:52.000Z</time>
        <extensions>
          <gpxtpx:TrackPointExtension>
            <gpxtpx:hr>136</gpxtpx:hr>
            <gpxtpx:cad>79</gpxtpx:cad>
            <gpxtpx:atemp>301.65</gpxtpx:atemp>
          </gpxtpx:TrackPointExtension>
        </extensions>
      </trkpt>
      <trkpt lat="30.296188" lon="34.955316">
        <ele>387.4</ele>
        <time>2026-03-24T08:10:57.000Z</time>
        <extensions>
          <gpxtpx:TrackPointExtension>
            <gpxtpx:hr>137</gpxtpx:hr>
            <gpxtpx:cad>78</gpxtpx:cad>
            <gpxtpx:atemp>301.65</gpxtpx:atemp>
          </gpxtpx:TrackPointExtension>
        </extensions>
      </trkpt>
      <trkpt lat="30.296289" lon="34.955456">
        <ele>387.0</ele>
        <time>2026-03-24T08:11:04.000Z</time>
        <extensions>
          <gpxtpx:TrackPointExtension>
            <gpxtpx:hr>138</gpxtpx:hr>
            <gpxtpx:cad>81</gpxtpx:cad>
            <gpxtpx:atemp>301.65</gpxtpx:atemp>
          </gpxtpx:TrackPointExtension>
        </extensions>
      </trkpt>
      <trkpt lat="30.296329" lon="34.955534">
        <ele>386.2</ele>
        <time>2026-03-24T08:11:08.000Z</time>
        <extensions>
          <gpxtpx:TrackPointExtension>
            <gpxtpx:hr>138</gpxtpx:hr>
            <gpxtpx:cad>80</gpxtpx:cad>
            <gpxtpx:atemp>301.65</gpxtpx:atemp>
          </gpxtpx:TrackPointExtension>
        </extensions>
      </trkpt>
      <trkpt lat="30.296354" lon="34.955611">
        <ele>385.8</ele>
        <time>2026-03-24T08:11:11.000Z</time>
        <extensions>
          <gpxtpx:TrackPointExtension>
            <gpxtpx:hr>138</gpxtpx:hr>
            <gpxtpx:cad>80</gpxtpx:cad>
            <gpxtpx:atemp>301.65</gpxtpx:atemp>
          </gpxtpx:TrackPointExtension>
        </extensions>
      </trkpt>
      <trkpt lat="30.296401" lon="34.955873">
        <ele>384.6</ele>
        <time>2026-03-24T08:11:23.000Z</time>
        <extensions>
          <gpxtpx:TrackPointExtension>
            <gpxtpx:hr>140</gpxtpx:hr>
            <gpxtpx:cad>78</gpxtpx:cad>
            <gpxtpx:atemp>301.65</gpxtpx:atemp>
          </gpxtpx:TrackPointExtension>
        </extensions>
      </trkpt>
      <trkpt lat="30.296388" lon="34.955963">
        <ele>382.8</ele>
        <time>2026-03-24T08:11:28.000Z</time>
        <extensions>
          <gpxtpx:TrackPointExtension>
            <gpxtpx:hr>140</gpxtpx:hr>
            <gpxtpx:cad>80</gpxtpx:cad>
            <gpxtpx:atemp>301.65</gpxtpx:atemp>
          </gpxtpx:TrackPointExtension>
        </extensions>
      </trkpt>
      <trkpt lat="30.296284" lon="34.955995">
        <ele>381.4</ele>
        <time>2026-03-24T08:11:34.000Z</time>
        <extensions>
          <gpxtpx:TrackPointExtension>
            <gpxtpx:hr>140</gpxtpx:hr>
            <gpxtpx:cad>79</gpxtpx:cad>
            <gpxtpx:atemp>301.65</gpxtpx:atemp>
          </gpxtpx:TrackPointExtension>
        </extensions>
      </trkpt>
      <trkpt lat="30.296206" lon="34.956009">
        <ele>380.8</ele>
        <time>2026-03-24T08:11:39.000Z</time>
        <extensions>
          <gpxtpx:TrackPointExtension>
            <gpxtpx:hr>139</gpxtpx:hr>
            <gpxtpx:cad>79</gpxtpx:cad>
            <gpxtpx:atemp>301.65</gpxtpx:atemp>
          </gpxtpx:TrackPointExtension>
        </extensions>
      </trkpt>
      <trkpt lat="30.296212" lon="34.956079">
        <ele>380.2</ele>
        <time>2026-03-24T08:11:45.000Z</time>
        <extensions>
          <gpxtpx:TrackPointExtension>
            <gpxtpx:hr>139</gpxtpx:hr>
            <gpxtpx:cad>0</gpxtpx:cad>
            <gpxtpx:atemp>301.65</gpxtpx:atemp>
          </gpxtpx:TrackPointExtension>
        </extensions>
      </trkpt>
      <trkpt lat="30.296213" lon="34.956142">
        <ele>378.8</ele>
        <time>2026-03-24T08:11:49.000Z</time>
        <extensions>
          <gpxtpx:TrackPointExtension>
            <gpxtpx:hr>138</gpxtpx:hr>
            <gpxtpx:cad>0</gpxtpx:cad>
            <gpxtpx:atemp>301.65</gpxtpx:atemp>
          </gpxtpx:TrackPointExtension>
        </extensions>
      </trkpt>
      <trkpt lat="30.296191" lon="34.956221">
        <ele>377.0</ele>
        <time>2026-03-24T08:11:55.000Z</time>
        <extensions>
          <gpxtpx:TrackPointExtension>
            <gpxtpx:hr>138</gpxtpx:hr>
            <gpxtpx:cad>0</gpxtpx:cad>
            <gpxtpx:atemp>301.65</gpxtpx:atemp>
          </gpxtpx:TrackPointExtension>
        </extensions>
      </trkpt>
      <trkpt lat="30.296148" lon="34.956315">
        <ele>376.6</ele>
        <time>2026-03-24T08:12:10.000Z</time>
        <extensions>
          <gpxtpx:TrackPointExtension>
            <gpxtpx:hr>139</gpxtpx:hr>
            <gpxtpx:cad>0</gpxtpx:cad>
            <gpxtpx:atemp>301.65</gpxtpx:atemp>
          </gpxtpx:TrackPointExtension>
        </extensions>
      </trkpt>
      <trkpt lat="30.296115" lon="34.956356">
        <ele>376.4</ele>
        <time>2026-03-24T08:12:14.000Z</time>
        <extensions>
          <gpxtpx:TrackPointExtension>
            <gpxtpx:hr>139</gpxtpx:hr>
            <gpxtpx:cad>52</gpxtpx:cad>
            <gpxtpx:atemp>302.65</gpxtpx:atemp>
          </gpxtpx:TrackPointExtension>
        </extensions>
      </trkpt>
      <trkpt lat="30.296034" lon="34.956426">
        <ele>376.6</ele>
        <time>2026-03-24T08:12:20.000Z</time>
        <extensions>
          <gpxtpx:TrackPointExtension>
            <gpxtpx:hr>139</gpxtpx:hr>
            <gpxtpx:cad>80</gpxtpx:cad>
            <gpxtpx:atemp>302.65</gpxtpx:atemp>
          </gpxtpx:TrackPointExtension>
        </extensions>
      </trkpt>
      <trkpt lat="30.295956" lon="34.956508">
        <ele>376.6</ele>
        <time>2026-03-24T08:12:26.000Z</time>
        <extensions>
          <gpxtpx:TrackPointExtension>
            <gpxtpx:hr>134</gpxtpx:hr>
            <gpxtpx:cad>76</gpxtpx:cad>
            <gpxtpx:atemp>302.65</gpxtpx:atemp>
          </gpxtpx:TrackPointExtension>
        </extensions>
      </trkpt>
      <trkpt lat="30.295884" lon="34.956561">
        <ele>377.0</ele>
        <time>2026-03-24T08:12:31.000Z</time>
        <extensions>
          <gpxtpx:TrackPointExtension>
            <gpxtpx:hr>134</gpxtpx:hr>
            <gpxtpx:cad>72</gpxtpx:cad>
            <gpxtpx:atemp>302.65</gpxtpx:atemp>
          </gpxtpx:TrackPointExtension>
        </extensions>
      </trkpt>
      <trkpt lat="30.295834" lon="34.956587">
        <ele>377.4</ele>
        <time>2026-03-24T08:12:34.000Z</time>
        <extensions>
          <gpxtpx:TrackPointExtension>
            <gpxtpx:hr>134</gpxtpx:hr>
            <gpxtpx:cad>76</gpxtpx:cad>
            <gpxtpx:atemp>302.65</gpxtpx:atemp>
          </gpxtpx:TrackPointExtension>
        </extensions>
      </trkpt>
      <trkpt lat="30.295771" lon="34.956631">
        <ele>377.6</ele>
        <time>2026-03-24T08:12:38.000Z</time>
        <extensions>
          <gpxtpx:TrackPointExtension>
            <gpxtpx:hr>133</gpxtpx:hr>
            <gpxtpx:cad>76</gpxtpx:cad>
            <gpxtpx:atemp>302.65</gpxtpx:atemp>
          </gpxtpx:TrackPointExtension>
        </extensions>
      </trkpt>
      <trkpt lat="30.295700" lon="34.956688">
        <ele>378.2</ele>
        <time>2026-03-24T08:12:43.000Z</time>
        <extensions>
          <gpxtpx:TrackPointExtension>
            <gpxtpx:hr>134</gpxtpx:hr>
            <gpxtpx:cad>77</gpxtpx:cad>
            <gpxtpx:atemp>302.65</gpxtpx:atemp>
          </gpxtpx:TrackPointExtension>
        </extensions>
      </trkpt>
      <trkpt lat="30.295612" lon="34.956774">
        <ele>379.8</ele>
        <time>2026-03-24T08:12:49.000Z</time>
        <extensions>
          <gpxtpx:TrackPointExtension>
            <gpxtpx:hr>137</gpxtpx:hr>
            <gpxtpx:cad>76</gpxtpx:cad>
            <gpxtpx:atemp>302.65</gpxtpx:atemp>
          </gpxtpx:TrackPointExtension>
        </extensions>
      </trkpt>
      <trkpt lat="30.295533" lon="34.956879">
        <ele>380.0</ele>
        <time>2026-03-24T08:12:55.000Z</time>
        <extensions>
          <gpxtpx:TrackPointExtension>
            <gpxtpx:hr>144</gpxtpx:hr>
            <gpxtpx:cad>77</gpxtpx:cad>
            <gpxtpx:atemp>302.65</gpxtpx:atemp>
          </gpxtpx:TrackPointExtension>
        </extensions>
      </trkpt>
      <trkpt lat="30.295420" lon="34.957003">
        <ele>380.0</ele>
        <time>2026-03-24T08:13:03.000Z</time>
        <extensions>
          <gpxtpx:TrackPointExtension>
            <gpxtpx:hr>147</gpxtpx:hr>
            <gpxtpx:cad>78</gpxtpx:cad>
            <gpxtpx:atemp>302.65</gpxtpx:atemp>
          </gpxtpx:TrackPointExtension>
        </extensions>
      </trkpt>
      <trkpt lat="30.295365" lon="34.957043">
        <ele>379.2</ele>
        <time>2026-03-24T08:13:07.000Z</time>
        <extensions>
          <gpxtpx:TrackPointExtension>
            <gpxtpx:hr>146</gpxtpx:hr>
            <gpxtpx:cad>78</gpxtpx:cad>
            <gpxtpx:atemp>302.65</gpxtpx:atemp>
          </gpxtpx:TrackPointExtension>
        </extensions>
      </trkpt>
      <trkpt lat="30.295307" lon="34.957126">
        <ele>378.6</ele>
        <time>2026-03-24T08:13:12.000Z</time>
        <extensions>
          <gpxtpx:TrackPointExtension>
            <gpxtpx:hr>147</gpxtpx:hr>
            <gpxtpx:cad>75</gpxtpx:cad>
            <gpxtpx:atemp>302.65</gpxtpx:atemp>
          </gpxtpx:TrackPointExtension>
        </extensions>
      </trkpt>
      <trkpt lat="30.295195" lon="34.957228">
        <ele>378.4</ele>
        <time>2026-03-24T08:13:19.000Z</time>
        <extensions>
          <gpxtpx:TrackPointExtension>
            <gpxtpx:hr>147</gpxtpx:hr>
            <gpxtpx:cad>77</gpxtpx:cad>
            <gpxtpx:atemp>302.65</gpxtpx:atemp>
          </gpxtpx:TrackPointExtension>
        </extensions>
      </trkpt>
      <trkpt lat="30.295118" lon="34.957332">
        <ele>378.4</ele>
        <time>2026-03-24T08:13:25.000Z</time>
        <extensions>
          <gpxtpx:TrackPointExtension>
            <gpxtpx:hr>147</gpxtpx:hr>
            <gpxtpx:cad>77</gpxtpx:cad>
            <gpxtpx:atemp>302.65</gpxtpx:atemp>
          </gpxtpx:TrackPointExtension>
        </extensions>
      </trkpt>
      <trkpt lat="30.295000" lon="34.957504">
        <ele>380.0</ele>
        <time>2026-03-24T08:13:36.000Z</time>
        <extensions>
          <gpxtpx:TrackPointExtension>
            <gpxtpx:hr>146</gpxtpx:hr>
            <gpxtpx:cad>78</gpxtpx:cad>
            <gpxtpx:atemp>302.65</gpxtpx:atemp>
          </gpxtpx:TrackPointExtension>
        </extensions>
      </trkpt>
      <trkpt lat="30.294938" lon="34.957601">
        <ele>379.2</ele>
        <time>2026-03-24T08:13:48.000Z</time>
        <extensions>
          <gpxtpx:TrackPointExtension>
            <gpxtpx:hr>151</gpxtpx:hr>
            <gpxtpx:cad>51</gpxtpx:cad>
            <gpxtpx:atemp>302.65</gpxtpx:atemp>
          </gpxtpx:TrackPointExtension>
        </extensions>
      </trkpt>
      <trkpt lat="30.294903" lon="34.957666">
        <ele>378.6</ele>
        <time>2026-03-24T08:13:54.000Z</time>
        <extensions>
          <gpxtpx:TrackPointExtension>
            <gpxtpx:hr>151</gpxtpx:hr>
            <gpxtpx:cad>49</gpxtpx:cad>
            <gpxtpx:atemp>302.65</gpxtpx:atemp>
          </gpxtpx:TrackPointExtension>
        </extensions>
      </trkpt>
      <trkpt lat="30.294871" lon="34.957763">
        <ele>378.6</ele>
        <time>2026-03-24T08:14:02.000Z</time>
        <extensions>
          <gpxtpx:TrackPointExtension>
            <gpxtpx:hr>151</gpxtpx:hr>
            <gpxtpx:cad>53</gpxtpx:cad>
            <gpxtpx:atemp>303.65</gpxtpx:atemp>
          </gpxtpx:TrackPointExtension>
        </extensions>
      </trkpt>
      <trkpt lat="30.294840" lon="34.957820">
        <ele>378.6</ele>
        <time>2026-03-24T08:14:07.000Z</time>
        <extensions>
          <gpxtpx:TrackPointExtension>
            <gpxtpx:hr>149</gpxtpx:hr>
            <gpxtpx:cad>56</gpxtpx:cad>
            <gpxtpx:atemp>303.65</gpxtpx:atemp>
          </gpxtpx:TrackPointExtension>
        </extensions>
      </trkpt>
      <trkpt lat="30.294782" lon="34.957980">
        <ele>378.4</ele>
        <time>2026-03-24T08:14:21.000Z</time>
        <extensions>
          <gpxtpx:TrackPointExtension>
            <gpxtpx:hr>133</gpxtpx:hr>
            <gpxtpx:cad>55</gpxtpx:cad>
            <gpxtpx:atemp>303.65</gpxtpx:atemp>
          </gpxtpx:TrackPointExtension>
        </extensions>
      </trkpt>
      <trkpt lat="30.294753" lon="34.958036">
        <ele>378.6</ele>
        <time>2026-03-24T08:14:25.000Z</time>
        <extensions>
          <gpxtpx:TrackPointExtension>
            <gpxtpx:hr>132</gpxtpx:hr>
            <gpxtpx:cad>56</gpxtpx:cad>
            <gpxtpx:atemp>303.65</gpxtpx:atemp>
          </gpxtpx:TrackPointExtension>
        </extensions>
      </trkpt>
      <trkpt lat="30.294689" lon="34.958184">
        <ele>378.2</ele>
        <time>2026-03-24T08:14:33.000Z</time>
        <extensions>
          <gpxtpx:TrackPointExtension>
            <gpxtpx:hr>129</gpxtpx:hr>
            <gpxtpx:cad>77</gpxtpx:cad>
            <gpxtpx:atemp>303.65</gpxtpx:atemp>
          </gpxtpx:TrackPointExtension>
        </extensions>
      </trkpt>
      <trkpt lat="30.294654" lon="34.958247">
        <ele>378.0</ele>
        <time>2026-03-24T08:14:36.000Z</time>
        <extensions>
          <gpxtpx:TrackPointExtension>
            <gpxtpx:hr>126</gpxtpx:hr>
            <gpxtpx:cad>78</gpxtpx:cad>
            <gpxtpx:atemp>303.65</gpxtpx:atemp>
          </gpxtpx:TrackPointExtension>
        </extensions>
      </trkpt>
      <trkpt lat="30.294601" lon="34.958389">
        <ele>377.8</ele>
        <time>2026-03-24T08:14:42.000Z</time>
        <extensions>
          <gpxtpx:TrackPointExtension>
            <gpxtpx:hr>126</gpxtpx:hr>
            <gpxtpx:cad>80</gpxtpx:cad>
            <gpxtpx:atemp>303.65</gpxtpx:atemp>
          </gpxtpx:TrackPointExtension>
        </extensions>
      </trkpt>
      <trkpt lat="30.294515" lon="34.958596">
        <ele>377.6</ele>
        <time>2026-03-24T08:14:51.000Z</time>
        <extensions>
          <gpxtpx:TrackPointExtension>
            <gpxtpx:hr>129</gpxtpx:hr>
            <gpxtpx:cad>78</gpxtpx:cad>
            <gpxtpx:atemp>303.65</gpxtpx:atemp>
          </gpxtpx:TrackPointExtension>
        </extensions>
      </trkpt>
      <trkpt lat="30.294507" lon="34.958618">
        <ele>377.6</ele>
        <time>2026-03-24T08:14:52.000Z</time>
        <extensions>
          <gpxtpx:TrackPointExtension>
            <gpxtpx:hr>129</gpxtpx:hr>
            <gpxtpx:cad>79</gpxtpx:cad>
            <gpxtpx:atemp>303.65</gpxtpx:atemp>
          </gpxtpx:TrackPointExtension>
        </extensions>
      </trkpt>
      <trkpt lat="30.294423" lon="34.958800">
        <ele>377.4</ele>
        <time>2026-03-24T08:15:00.000Z</time>
        <extensions>
          <gpxtpx:TrackPointExtension>
            <gpxtpx:hr>135</gpxtpx:hr>
            <gpxtpx:cad>80</gpxtpx:cad>
            <gpxtpx:atemp>303.65</gpxtpx:atemp>
          </gpxtpx:TrackPointExtension>
        </extensions>
      </trkpt>
      <trkpt lat="30.294366" lon="34.958902">
        <ele>377.4</ele>
        <time>2026-03-24T08:15:05.000Z</time>
        <extensions>
          <gpxtpx:TrackPointExtension>
            <gpxtpx:hr>137</gpxtpx:hr>
            <gpxtpx:cad>79</gpxtpx:cad>
            <gpxtpx:atemp>303.65</gpxtpx:atemp>
          </gpxtpx:TrackPointExtension>
        </extensions>
      </trkpt>
      <trkpt lat="30.294347" lon="34.958972">
        <ele>377.4</ele>
        <time>2026-03-24T08:15:08.000Z</time>
        <extensions>
          <gpxtpx:TrackPointExtension>
            <gpxtpx:hr>138</gpxtpx:hr>
            <gpxtpx:cad>77</gpxtpx:cad>
            <gpxtpx:atemp>303.65</gpxtpx:atemp>
          </gpxtpx:TrackPointExtension>
        </extensions>
      </trkpt>
      <trkpt lat="30.294291" lon="34.959112">
        <ele>377.8</ele>
        <time>2026-03-24T08:15:15.000Z</time>
        <extensions>
          <gpxtpx:TrackPointExtension>
            <gpxtpx:hr>142</gpxtpx:hr>
            <gpxtpx:cad>78</gpxtpx:cad>
            <gpxtpx:atemp>303.65</gpxtpx:atemp>
          </gpxtpx:TrackPointExtension>
        </extensions>
      </trkpt>
      <trkpt lat="30.294277" lon="34.959132">
        <ele>378.0</ele>
        <time>2026-03-24T08:15:16.000Z</time>
        <extensions>
          <gpxtpx:TrackPointExtension>
            <gpxtpx:hr>142</gpxtpx:hr>
            <gpxtpx:cad>78</gpxtpx:cad>
            <gpxtpx:atemp>303.65</gpxtpx:atemp>
          </gpxtpx:TrackPointExtension>
        </extensions>
      </trkpt>
      <trkpt lat="30.294223" lon="34.959240">
        <ele>378.2</ele>
        <time>2026-03-24T08:15:21.000Z</time>
        <extensions>
          <gpxtpx:TrackPointExtension>
            <gpxtpx:hr>143</gpxtpx:hr>
            <gpxtpx:cad>78</gpxtpx:cad>
            <gpxtpx:atemp>303.65</gpxtpx:atemp>
          </gpxtpx:TrackPointExtension>
        </extensions>
      </trkpt>
      <trkpt lat="30.294200" lon="34.959280">
        <ele>378.4</ele>
        <time>2026-03-24T08:15:23.000Z</time>
        <extensions>
          <gpxtpx:TrackPointExtension>
            <gpxtpx:hr>143</gpxtpx:hr>
            <gpxtpx:cad>78</gpxtpx:cad>
            <gpxtpx:atemp>303.65</gpxtpx:atemp>
          </gpxtpx:TrackPointExtension>
        </extensions>
      </trkpt>
      <trkpt lat="30.294135" lon="34.959435">
        <ele>378.6</ele>
        <time>2026-03-24T08:15:30.000Z</time>
        <extensions>
          <gpxtpx:TrackPointExtension>
            <gpxtpx:hr>147</gpxtpx:hr>
            <gpxtpx:cad>77</gpxtpx:cad>
            <gpxtpx:atemp>303.65</gpxtpx:atemp>
          </gpxtpx:TrackPointExtension>
        </extensions>
      </trkpt>
      <trkpt lat="30.294117" lon="34.959505">
        <ele>378.0</ele>
        <time>2026-03-24T08:15:33.000Z</time>
        <extensions>
          <gpxtpx:TrackPointExtension>
            <gpxtpx:hr>148</gpxtpx:hr>
            <gpxtpx:cad>79</gpxtpx:cad>
            <gpxtpx:atemp>302.65</gpxtpx:atemp>
          </gpxtpx:TrackPointExtension>
        </extensions>
      </trkpt>
      <trkpt lat="30.294128" lon="34.959637">
        <ele>378.0</ele>
        <time>2026-03-24T08:15:38.000Z</time>
        <extensions>
          <gpxtpx:TrackPointExtension>
            <gpxtpx:hr>149</gpxtpx:hr>
            <gpxtpx:cad>80</gpxtpx:cad>
            <gpxtpx:atemp>302.65</gpxtpx:atemp>
          </gpxtpx:TrackPointExtension>
        </extensions>
      </trkpt>
      <trkpt lat="30.294119" lon="34.959720">
        <ele>377.8</ele>
        <time>2026-03-24T08:15:41.000Z</time>
        <extensions>
          <gpxtpx:TrackPointExtension>
            <gpxtpx:hr>150</gpxtpx:hr>
            <gpxtpx:cad>80</gpxtpx:cad>
            <gpxtpx:atemp>302.65</gpxtpx:atemp>
          </gpxtpx:TrackPointExtension>
        </extensions>
      </trkpt>
      <trkpt lat="30.294036" lon="34.960004">
        <ele>377.0</ele>
        <time>2026-03-24T08:15:53.000Z</time>
        <extensions>
          <gpxtpx:TrackPointExtension>
            <gpxtpx:hr>152</gpxtpx:hr>
            <gpxtpx:cad>80</gpxtpx:cad>
            <gpxtpx:atemp>302.65</gpxtpx:atemp>
          </gpxtpx:TrackPointExtension>
        </extensions>
      </trkpt>
      <trkpt lat="30.294025" lon="34.960055">
        <ele>376.8</ele>
        <time>2026-03-24T08:15:55.000Z</time>
        <extensions>
          <gpxtpx:TrackPointExtension>
            <gpxtpx:hr>152</gpxtpx:hr>
            <gpxtpx:cad>80</gpxtpx:cad>
            <gpxtpx:atemp>302.65</gpxtpx:atemp>
          </gpxtpx:TrackPointExtension>
        </extensions>
      </trkpt>
      <trkpt lat="30.293985" lon="34.960182">
        <ele>376.2</ele>
        <time>2026-03-24T08:16:00.000Z</time>
        <extensions>
          <gpxtpx:TrackPointExtension>
            <gpxtpx:hr>153</gpxtpx:hr>
            <gpxtpx:cad>81</gpxtpx:cad>
            <gpxtpx:atemp>302.65</gpxtpx:atemp>
          </gpxtpx:TrackPointExtension>
        </extensions>
      </trkpt>
      <trkpt lat="30.293957" lon="34.960302">
        <ele>376.6</ele>
        <time>2026-03-24T08:16:05.000Z</time>
        <extensions>
          <gpxtpx:TrackPointExtension>
            <gpxtpx:hr>153</gpxtpx:hr>
            <gpxtpx:cad>80</gpxtpx:cad>
            <gpxtpx:atemp>302.65</gpxtpx:atemp>
          </gpxtpx:TrackPointExtension>
        </extensions>
      </trkpt>
      <trkpt lat="30.293879" lon="34.960570">
        <ele>375.8</ele>
        <time>2026-03-24T08:16:16.000Z</time>
        <extensions>
          <gpxtpx:TrackPointExtension>
            <gpxtpx:hr>152</gpxtpx:hr>
            <gpxtpx:cad>81</gpxtpx:cad>
            <gpxtpx:atemp>302.65</gpxtpx:atemp>
          </gpxtpx:TrackPointExtension>
        </extensions>
      </trkpt>
      <trkpt lat="30.293870" lon="34.960683">
        <ele>376.0</ele>
        <time>2026-03-24T08:16:21.000Z</time>
        <extensions>
          <gpxtpx:TrackPointExtension>
            <gpxtpx:hr>153</gpxtpx:hr>
            <gpxtpx:cad>79</gpxtpx:cad>
            <gpxtpx:atemp>302.65</gpxtpx:atemp>
          </gpxtpx:TrackPointExtension>
        </extensions>
      </trkpt>
      <trkpt lat="30.293870" lon="34.960807">
        <ele>375.4</ele>
        <time>2026-03-24T08:16:26.000Z</time>
        <extensions>
          <gpxtpx:TrackPointExtension>
            <gpxtpx:hr>154</gpxtpx:hr>
            <gpxtpx:cad>78</gpxtpx:cad>
            <gpxtpx:atemp>302.65</gpxtpx:atemp>
          </gpxtpx:TrackPointExtension>
        </extensions>
      </trkpt>
      <trkpt lat="30.293858" lon="34.960871">
        <ele>375.2</ele>
        <time>2026-03-24T08:16:29.000Z</time>
        <extensions>
          <gpxtpx:TrackPointExtension>
            <gpxtpx:hr>154</gpxtpx:hr>
            <gpxtpx:cad>78</gpxtpx:cad>
            <gpxtpx:atemp>302.65</gpxtpx:atemp>
          </gpxtpx:TrackPointExtension>
        </extensions>
      </trkpt>
      <trkpt lat="30.293836" lon="34.960961">
        <ele>375.2</ele>
        <time>2026-03-24T08:16:33.000Z</time>
        <extensions>
          <gpxtpx:TrackPointExtension>
            <gpxtpx:hr>156</gpxtpx:hr>
            <gpxtpx:cad>76</gpxtpx:cad>
            <gpxtpx:atemp>302.65</gpxtpx:atemp>
          </gpxtpx:TrackPointExtension>
        </extensions>
      </trkpt>
      <trkpt lat="30.293822" lon="34.961079">
        <ele>375.0</ele>
        <time>2026-03-24T08:16:38.000Z</time>
        <extensions>
          <gpxtpx:TrackPointExtension>
            <gpxtpx:hr>157</gpxtpx:hr>
            <gpxtpx:cad>79</gpxtpx:cad>
            <gpxtpx:atemp>302.65</gpxtpx:atemp>
          </gpxtpx:TrackPointExtension>
        </extensions>
      </trkpt>
      <trkpt lat="30.293798" lon="34.961174">
        <ele>374.8</ele>
        <time>2026-03-24T08:16:42.000Z</time>
        <extensions>
          <gpxtpx:TrackPointExtension>
            <gpxtpx:hr>157</gpxtpx:hr>
            <gpxtpx:cad>79</gpxtpx:cad>
            <gpxtpx:atemp>302.65</gpxtpx:atemp>
          </gpxtpx:TrackPointExtension>
        </extensions>
      </trkpt>
      <trkpt lat="30.293796" lon="34.961223">
        <ele>374.6</ele>
        <time>2026-03-24T08:16:44.000Z</time>
        <extensions>
          <gpxtpx:TrackPointExtension>
            <gpxtpx:hr>156</gpxtpx:hr>
            <gpxtpx:cad>80</gpxtpx:cad>
            <gpxtpx:atemp>302.65</gpxtpx:atemp>
          </gpxtpx:TrackPointExtension>
        </extensions>
      </trkpt>
      <trkpt lat="30.293781" lon="34.961360">
        <ele>374.6</ele>
        <time>2026-03-24T08:16:50.000Z</time>
        <extensions>
          <gpxtpx:TrackPointExtension>
            <gpxtpx:hr>157</gpxtpx:hr>
            <gpxtpx:cad>79</gpxtpx:cad>
            <gpxtpx:atemp>302.65</gpxtpx:atemp>
          </gpxtpx:TrackPointExtension>
        </extensions>
      </trkpt>
      <trkpt lat="30.293765" lon="34.961421">
        <ele>374.8</ele>
        <time>2026-03-24T08:16:53.000Z</time>
        <extensions>
          <gpxtpx:TrackPointExtension>
            <gpxtpx:hr>157</gpxtpx:hr>
            <gpxtpx:cad>79</gpxtpx:cad>
            <gpxtpx:atemp>302.65</gpxtpx:atemp>
          </gpxtpx:TrackPointExtension>
        </extensions>
      </trkpt>
      <trkpt lat="30.293718" lon="34.961518">
        <ele>375.2</ele>
        <time>2026-03-24T08:17:02.000Z</time>
        <extensions>
          <gpxtpx:TrackPointExtension>
            <gpxtpx:hr>157</gpxtpx:hr>
            <gpxtpx:cad>0</gpxtpx:cad>
            <gpxtpx:atemp>302.65</gpxtpx:atemp>
          </gpxtpx:TrackPointExtension>
        </extensions>
      </trkpt>
      <trkpt lat="30.293688" lon="34.961572">
        <ele>376.0</ele>
        <time>2026-03-24T08:17:09.000Z</time>
        <extensions>
          <gpxtpx:TrackPointExtension>
            <gpxtpx:hr>152</gpxtpx:hr>
            <gpxtpx:cad>52</gpxtpx:cad>
            <gpxtpx:atemp>303.65</gpxtpx:atemp>
          </gpxtpx:TrackPointExtension>
        </extensions>
      </trkpt>
      <trkpt lat="30.293667" lon="34.961698">
        <ele>376.0</ele>
        <time>2026-03-24T08:17:18.000Z</time>
        <extensions>
          <gpxtpx:TrackPointExtension>
            <gpxtpx:hr>159</gpxtpx:hr>
            <gpxtpx:cad>55</gpxtpx:cad>
            <gpxtpx:atemp>303.65</gpxtpx:atemp>
          </gpxtpx:TrackPointExtension>
        </extensions>
      </trkpt>
      <trkpt lat="30.293632" lon="34.961781">
        <ele>376.2</ele>
        <time>2026-03-24T08:17:26.000Z</time>
        <extensions>
          <gpxtpx:TrackPointExtension>
            <gpxtpx:hr>158</gpxtpx:hr>
            <gpxtpx:cad>53</gpxtpx:cad>
            <gpxtpx:atemp>303.65</gpxtpx:atemp>
          </gpxtpx:TrackPointExtension>
        </extensions>
      </trkpt>
      <trkpt lat="30.293585" lon="34.961871">
        <ele>376.2</ele>
        <time>2026-03-24T08:17:34.000Z</time>
        <extensions>
          <gpxtpx:TrackPointExtension>
            <gpxtpx:hr>155</gpxtpx:hr>
            <gpxtpx:cad>52</gpxtpx:cad>
            <gpxtpx:atemp>303.65</gpxtpx:atemp>
          </gpxtpx:TrackPointExtension>
        </extensions>
      </trkpt>
      <trkpt lat="30.293612" lon="34.961926">
        <ele>376.8</ele>
        <time>2026-03-24T08:17:38.000Z</time>
        <extensions>
          <gpxtpx:TrackPointExtension>
            <gpxtpx:hr>154</gpxtpx:hr>
            <gpxtpx:cad>53</gpxtpx:cad>
            <gpxtpx:atemp>303.65</gpxtpx:atemp>
          </gpxtpx:TrackPointExtension>
        </extensions>
      </trkpt>
      <trkpt lat="30.293671" lon="34.962118">
        <ele>376.6</ele>
        <time>2026-03-24T08:17:50.000Z</time>
        <extensions>
          <gpxtpx:TrackPointExtension>
            <gpxtpx:hr>152</gpxtpx:hr>
            <gpxtpx:cad>59</gpxtpx:cad>
            <gpxtpx:atemp>303.65</gpxtpx:atemp>
          </gpxtpx:TrackPointExtension>
        </extensions>
      </trkpt>
      <trkpt lat="30.293677" lon="34.962183">
        <ele>376.4</ele>
        <time>2026-03-24T08:17:54.000Z</time>
        <extensions>
          <gpxtpx:TrackPointExtension>
            <gpxtpx:hr>147</gpxtpx:hr>
            <gpxtpx:cad>59</gpxtpx:cad>
            <gpxtpx:atemp>303.65</gpxtpx:atemp>
          </gpxtpx:TrackPointExtension>
        </extensions>
      </trkpt>
      <trkpt lat="30.293675" lon="34.962311">
        <ele>376.8</ele>
        <time>2026-03-24T08:18:02.000Z</time>
        <extensions>
          <gpxtpx:TrackPointExtension>
            <gpxtpx:hr>140</gpxtpx:hr>
            <gpxtpx:cad>72</gpxtpx:cad>
            <gpxtpx:atemp>303.65</gpxtpx:atemp>
          </gpxtpx:TrackPointExtension>
        </extensions>
      </trkpt>
      <trkpt lat="30.293647" lon="34.962399">
        <ele>375.8</ele>
        <time>2026-03-24T08:18:09.000Z</time>
        <extensions>
          <gpxtpx:TrackPointExtension>
            <gpxtpx:hr>139</gpxtpx:hr>
            <gpxtpx:cad>59</gpxtpx:cad>
            <gpxtpx:atemp>303.65</gpxtpx:atemp>
          </gpxtpx:TrackPointExtension>
        </extensions>
      </trkpt>
      <trkpt lat="30.293618" lon="34.962517">
        <ele>376.6</ele>
        <time>2026-03-24T08:18:17.000Z</time>
        <extensions>
          <gpxtpx:TrackPointExtension>
            <gpxtpx:hr>140</gpxtpx:hr>
            <gpxtpx:cad>59</gpxtpx:cad>
            <gpxtpx:atemp>304.65</gpxtpx:atemp>
          </gpxtpx:TrackPointExtension>
        </extensions>
      </trkpt>
      <trkpt lat="30.293650" lon="34.962577">
        <ele>376.2</ele>
        <time>2026-03-24T08:18:23.000Z</time>
        <extensions>
          <gpxtpx:TrackPointExtension>
            <gpxtpx:hr>141</gpxtpx:hr>
            <gpxtpx:cad>0</gpxtpx:cad>
            <gpxtpx:atemp>304.65</gpxtpx:atemp>
          </gpxtpx:TrackPointExtension>
        </extensions>
      </trkpt>
      <trkpt lat="30.293633" lon="34.962804">
        <ele>374.8</ele>
        <time>2026-03-24T08:18:33.000Z</time>
        <extensions>
          <gpxtpx:TrackPointExtension>
            <gpxtpx:hr>137</gpxtpx:hr>
            <gpxtpx:cad>77</gpxtpx:cad>
            <gpxtpx:atemp>304.65</gpxtpx:atemp>
          </gpxtpx:TrackPointExtension>
        </extensions>
      </trkpt>
      <trkpt lat="30.293638" lon="34.962869">
        <ele>374.4</ele>
        <time>2026-03-24T08:18:36.000Z</time>
        <extensions>
          <gpxtpx:TrackPointExtension>
            <gpxtpx:hr>133</gpxtpx:hr>
            <gpxtpx:cad>78</gpxtpx:cad>
            <gpxtpx:atemp>304.65</gpxtpx:atemp>
          </gpxtpx:TrackPointExtension>
        </extensions>
      </trkpt>
      <trkpt lat="30.293656" lon="34.962957">
        <ele>374.0</ele>
        <time>2026-03-24T08:18:41.000Z</time>
        <extensions>
          <gpxtpx:TrackPointExtension>
            <gpxtpx:hr>131</gpxtpx:hr>
            <gpxtpx:cad>77</gpxtpx:cad>
            <gpxtpx:atemp>303.65</gpxtpx:atemp>
          </gpxtpx:TrackPointExtension>
        </extensions>
      </trkpt>
      <trkpt lat="30.293635" lon="34.963039">
        <ele>373.8</ele>
        <time>2026-03-24T08:18:47.000Z</time>
        <extensions>
          <gpxtpx:TrackPointExtension>
            <gpxtpx:hr>132</gpxtpx:hr>
            <gpxtpx:cad>64</gpxtpx:cad>
            <gpxtpx:atemp>303.65</gpxtpx:atemp>
          </gpxtpx:TrackPointExtension>
        </extensions>
      </trkpt>
      <trkpt lat="30.293581" lon="34.963144">
        <ele>373.6</ele>
        <time>2026-03-24T08:18:53.000Z</time>
        <extensions>
          <gpxtpx:TrackPointExtension>
            <gpxtpx:hr>132</gpxtpx:hr>
            <gpxtpx:cad>61</gpxtpx:cad>
            <gpxtpx:atemp>303.65</gpxtpx:atemp>
          </gpxtpx:TrackPointExtension>
        </extensions>
      </trkpt>
      <trkpt lat="30.293524" lon="34.963207">
        <ele>373.8</ele>
        <time>2026-03-24T08:18:57.000Z</time>
        <extensions>
          <gpxtpx:TrackPointExtension>
            <gpxtpx:hr>132</gpxtpx:hr>
            <gpxtpx:cad>76</gpxtpx:cad>
            <gpxtpx:atemp>303.65</gpxtpx:atemp>
          </gpxtpx:TrackPointExtension>
        </extensions>
      </trkpt>
      <trkpt lat="30.293442" lon="34.963277">
        <ele>374.2</ele>
        <time>2026-03-24T08:19:04.000Z</time>
        <extensions>
          <gpxtpx:TrackPointExtension>
            <gpxtpx:hr>132</gpxtpx:hr>
            <gpxtpx:cad>76</gpxtpx:cad>
            <gpxtpx:atemp>303.65</gpxtpx:atemp>
          </gpxtpx:TrackPointExtension>
        </extensions>
      </trkpt>
      <trkpt lat="30.293395" lon="34.963346">
        <ele>373.4</ele>
        <time>2026-03-24T08:19:09.000Z</time>
        <extensions>
          <gpxtpx:TrackPointExtension>
            <gpxtpx:hr>133</gpxtpx:hr>
            <gpxtpx:cad>62</gpxtpx:cad>
            <gpxtpx:atemp>303.65</gpxtpx:atemp>
          </gpxtpx:TrackPointExtension>
        </extensions>
      </trkpt>
      <trkpt lat="30.293372" lon="34.963416">
        <ele>373.4</ele>
        <time>2026-03-24T08:19:13.000Z</time>
        <extensions>
          <gpxtpx:TrackPointExtension>
            <gpxtpx:hr>134</gpxtpx:hr>
            <gpxtpx:cad>75</gpxtpx:cad>
            <gpxtpx:atemp>303.65</gpxtpx:atemp>
          </gpxtpx:TrackPointExtension>
        </extensions>
      </trkpt>
      <trkpt lat="30.293344" lon="34.963548">
        <ele>372.4</ele>
        <time>2026-03-24T08:19:19.000Z</time>
        <extensions>
          <gpxtpx:TrackPointExtension>
            <gpxtpx:hr>137</gpxtpx:hr>
            <gpxtpx:cad>77</gpxtpx:cad>
            <gpxtpx:atemp>303.65</gpxtpx:atemp>
          </gpxtpx:TrackPointExtension>
        </extensions>
      </trkpt>
      <trkpt lat="30.293334" lon="34.963573">
        <ele>372.2</ele>
        <time>2026-03-24T08:19:20.000Z</time>
        <extensions>
          <gpxtpx:TrackPointExtension>
            <gpxtpx:hr>137</gpxtpx:hr>
            <gpxtpx:cad>77</gpxtpx:cad>
            <gpxtpx:atemp>303.65</gpxtpx:atemp>
          </gpxtpx:TrackPointExtension>
        </extensions>
      </trkpt>
      <trkpt lat="30.293308" lon="34.963706">
        <ele>371.8</ele>
        <time>2026-03-24T08:19:26.000Z</time>
        <extensions>
          <gpxtpx:TrackPointExtension>
            <gpxtpx:hr>137</gpxtpx:hr>
            <gpxtpx:cad>78</gpxtpx:cad>
            <gpxtpx:atemp>302.65</gpxtpx:atemp>
          </gpxtpx:TrackPointExtension>
        </extensions>
      </trkpt>
      <trkpt lat="30.293292" lon="34.963766">
        <ele>371.2</ele>
        <time>2026-03-24T08:19:29.000Z</time>
        <extensions>
          <gpxtpx:TrackPointExtension>
            <gpxtpx:hr>137</gpxtpx:hr>
            <gpxtpx:cad>78</gpxtpx:cad>
            <gpxtpx:atemp>302.65</gpxtpx:atemp>
          </gpxtpx:TrackPointExtension>
        </extensions>
      </trkpt>
      <trkpt lat="30.293231" lon="34.963921">
        <ele>370.6</ele>
        <time>2026-03-24T08:19:36.000Z</time>
        <extensions>
          <gpxtpx:TrackPointExtension>
            <gpxtpx:hr>137</gpxtpx:hr>
            <gpxtpx:cad>78</gpxtpx:cad>
            <gpxtpx:atemp>302.65</gpxtpx:atemp>
          </gpxtpx:TrackPointExtension>
        </extensions>
      </trkpt>
      <trkpt lat="30.293207" lon="34.964000">
        <ele>370.2</ele>
        <time>2026-03-24T08:19:40.000Z</time>
        <extensions>
          <gpxtpx:TrackPointExtension>
            <gpxtpx:hr>138</gpxtpx:hr>
            <gpxtpx:cad>78</gpxtpx:cad>
            <gpxtpx:atemp>302.65</gpxtpx:atemp>
          </gpxtpx:TrackPointExtension>
        </extensions>
      </trkpt>
      <trkpt lat="30.293193" lon="34.964057">
        <ele>369.8</ele>
        <time>2026-03-24T08:19:44.000Z</time>
        <extensions>
          <gpxtpx:TrackPointExtension>
            <gpxtpx:hr>139</gpxtpx:hr>
            <gpxtpx:cad>77</gpxtpx:cad>
            <gpxtpx:atemp>302.65</gpxtpx:atemp>
          </gpxtpx:TrackPointExtension>
        </extensions>
      </trkpt>
      <trkpt lat="30.293184" lon="34.964142">
        <ele>369.6</ele>
        <time>2026-03-24T08:19:51.000Z</time>
        <extensions>
          <gpxtpx:TrackPointExtension>
            <gpxtpx:hr>140</gpxtpx:hr>
            <gpxtpx:cad>57</gpxtpx:cad>
            <gpxtpx:atemp>302.65</gpxtpx:atemp>
          </gpxtpx:TrackPointExtension>
        </extensions>
      </trkpt>
      <trkpt lat="30.293169" lon="34.964207">
        <ele>370.0</ele>
        <time>2026-03-24T08:19:57.000Z</time>
        <extensions>
          <gpxtpx:TrackPointExtension>
            <gpxtpx:hr>139</gpxtpx:hr>
            <gpxtpx:cad>57</gpxtpx:cad>
            <gpxtpx:atemp>303.65</gpxtpx:atemp>
          </gpxtpx:TrackPointExtension>
        </extensions>
      </trkpt>
      <trkpt lat="30.293141" lon="34.964277">
        <ele>369.6</ele>
        <time>2026-03-24T08:20:03.000Z</time>
        <extensions>
          <gpxtpx:TrackPointExtension>
            <gpxtpx:hr>134</gpxtpx:hr>
            <gpxtpx:cad>51</gpxtpx:cad>
            <gpxtpx:atemp>303.65</gpxtpx:atemp>
          </gpxtpx:TrackPointExtension>
        </extensions>
      </trkpt>
      <trkpt lat="30.293082" lon="34.964378">
        <ele>370.0</ele>
        <time>2026-03-24T08:20:10.000Z</time>
        <extensions>
          <gpxtpx:TrackPointExtension>
            <gpxtpx:hr>133</gpxtpx:hr>
            <gpxtpx:cad>55</gpxtpx:cad>
            <gpxtpx:atemp>303.65</gpxtpx:atemp>
          </gpxtpx:TrackPointExtension>
        </extensions>
      </trkpt>
      <trkpt lat="30.293044" lon="34.964432">
        <ele>370.0</ele>
        <time>2026-03-24T08:20:13.000Z</time>
        <extensions>
          <gpxtpx:TrackPointExtension>
            <gpxtpx:hr>133</gpxtpx:hr>
            <gpxtpx:cad>80</gpxtpx:cad>
            <gpxtpx:atemp>302.65</gpxtpx:atemp>
          </gpxtpx:TrackPointExtension>
        </extensions>
      </trkpt>
      <trkpt lat="30.292971" lon="34.964575">
        <ele>370.4</ele>
        <time>2026-03-24T08:20:20.000Z</time>
        <extensions>
          <gpxtpx:TrackPointExtension>
            <gpxtpx:hr>133</gpxtpx:hr>
            <gpxtpx:cad>80</gpxtpx:cad>
            <gpxtpx:atemp>302.65</gpxtpx:atemp>
          </gpxtpx:TrackPointExtension>
        </extensions>
      </trkpt>
      <trkpt lat="30.292950" lon="34.964664">
        <ele>369.6</ele>
        <time>2026-03-24T08:20:24.000Z</time>
        <extensions>
          <gpxtpx:TrackPointExtension>
            <gpxtpx:hr>134</gpxtpx:hr>
            <gpxtpx:cad>79</gpxtpx:cad>
            <gpxtpx:atemp>302.65</gpxtpx:atemp>
          </gpxtpx:TrackPointExtension>
        </extensions>
      </trkpt>
      <trkpt lat="30.292906" lon="34.964752">
        <ele>368.6</ele>
        <time>2026-03-24T08:20:29.000Z</time>
        <extensions>
          <gpxtpx:TrackPointExtension>
            <gpxtpx:hr>132</gpxtpx:hr>
            <gpxtpx:cad>78</gpxtpx:cad>
            <gpxtpx:atemp>302.65</gpxtpx:atemp>
          </gpxtpx:TrackPointExtension>
        </extensions>
      </trkpt>
      <trkpt lat="30.292809" lon="34.964795">
        <ele>366.8</ele>
        <time>2026-03-24T08:20:35.000Z</time>
        <extensions>
          <gpxtpx:TrackPointExtension>
            <gpxtpx:hr>133</gpxtpx:hr>
            <gpxtpx:cad>77</gpxtpx:cad>
            <gpxtpx:atemp>302.65</gpxtpx:atemp>
          </gpxtpx:TrackPointExtension>
        </extensions>
      </trkpt>
      <trkpt lat="30.292779" lon="34.964814">
        <ele>366.4</ele>
        <time>2026-03-24T08:20:37.000Z</time>
        <extensions>
          <gpxtpx:TrackPointExtension>
            <gpxtpx:hr>132</gpxtpx:hr>
            <gpxtpx:cad>77</gpxtpx:cad>
            <gpxtpx:atemp>302.65</gpxtpx:atemp>
          </gpxtpx:TrackPointExtension>
        </extensions>
      </trkpt>
      <trkpt lat="30.292665" lon="34.964831">
        <ele>364.2</ele>
        <time>2026-03-24T08:20:44.000Z</time>
        <extensions>
          <gpxtpx:TrackPointExtension>
            <gpxtpx:hr>133</gpxtpx:hr>
            <gpxtpx:cad>75</gpxtpx:cad>
            <gpxtpx:atemp>302.65</gpxtpx:atemp>
          </gpxtpx:TrackPointExtension>
        </extensions>
      </trkpt>
      <trkpt lat="30.292584" lon="34.964852">
        <ele>362.8</ele>
        <time>2026-03-24T08:20:49.000Z</time>
        <extensions>
          <gpxtpx:TrackPointExtension>
            <gpxtpx:hr>134</gpxtpx:hr>
            <gpxtpx:cad>75</gpxtpx:cad>
            <gpxtpx:atemp>302.65</gpxtpx:atemp>
          </gpxtpx:TrackPointExtension>
        </extensions>
      </trkpt>
      <trkpt lat="30.292509" lon="34.964866">
        <ele>361.4</ele>
        <time>2026-03-24T08:20:54.000Z</time>
        <extensions>
          <gpxtpx:TrackPointExtension>
            <gpxtpx:hr>135</gpxtpx:hr>
            <gpxtpx:cad>77</gpxtpx:cad>
            <gpxtpx:atemp>302.65</gpxtpx:atemp>
          </gpxtpx:TrackPointExtension>
        </extensions>
      </trkpt>
      <trkpt lat="30.292407" lon="34.964915">
        <ele>359.6</ele>
        <time>2026-03-24T08:21:00.000Z</time>
        <extensions>
          <gpxtpx:TrackPointExtension>
            <gpxtpx:hr>134</gpxtpx:hr>
            <gpxtpx:cad>40</gpxtpx:cad>
            <gpxtpx:atemp>302.65</gpxtpx:atemp>
          </gpxtpx:TrackPointExtension>
        </extensions>
      </trkpt>
      <trkpt lat="30.292302" lon="34.964943">
        <ele>359.0</ele>
        <time>2026-03-24T08:21:06.000Z</time>
        <extensions>
          <gpxtpx:TrackPointExtension>
            <gpxtpx:hr>134</gpxtpx:hr>
            <gpxtpx:cad>76</gpxtpx:cad>
            <gpxtpx:atemp>302.65</gpxtpx:atemp>
          </gpxtpx:TrackPointExtension>
        </extensions>
      </trkpt>
      <trkpt lat="30.292203" lon="34.964983">
        <ele>358.8</ele>
        <time>2026-03-24T08:21:11.000Z</time>
        <extensions>
          <gpxtpx:TrackPointExtension>
            <gpxtpx:hr>135</gpxtpx:hr>
            <gpxtpx:cad>76</gpxtpx:cad>
            <gpxtpx:atemp>302.65</gpxtpx:atemp>
          </gpxtpx:TrackPointExtension>
        </extensions>
      </trkpt>
      <trkpt lat="30.292142" lon="34.965014">
        <ele>358.4</ele>
        <time>2026-03-24T08:21:14.000Z</time>
        <extensions>
          <gpxtpx:TrackPointExtension>
            <gpxtpx:hr>136</gpxtpx:hr>
            <gpxtpx:cad>76</gpxtpx:cad>
            <gpxtpx:atemp>302.65</gpxtpx:atemp>
          </gpxtpx:TrackPointExtension>
        </extensions>
      </trkpt>
      <trkpt lat="30.292061" lon="34.965045">
        <ele>357.8</ele>
        <time>2026-03-24T08:21:18.000Z</time>
        <extensions>
          <gpxtpx:TrackPointExtension>
            <gpxtpx:hr>136</gpxtpx:hr>
            <gpxtpx:cad>77</gpxtpx:cad>
            <gpxtpx:atemp>302.65</gpxtpx:atemp>
          </gpxtpx:TrackPointExtension>
        </extensions>
      </trkpt>
      <trkpt lat="30.291990" lon="34.965065">
        <ele>357.6</ele>
        <time>2026-03-24T08:21:22.000Z</time>
        <extensions>
          <gpxtpx:TrackPointExtension>
            <gpxtpx:hr>137</gpxtpx:hr>
            <gpxtpx:cad>76</gpxtpx:cad>
            <gpxtpx:atemp>302.65</gpxtpx:atemp>
          </gpxtpx:TrackPointExtension>
        </extensions>
      </trkpt>
      <trkpt lat="30.291903" lon="34.965069">
        <ele>356.8</ele>
        <time>2026-03-24T08:21:28.000Z</time>
        <extensions>
          <gpxtpx:TrackPointExtension>
            <gpxtpx:hr>138</gpxtpx:hr>
            <gpxtpx:cad>76</gpxtpx:cad>
            <gpxtpx:atemp>302.65</gpxtpx:atemp>
          </gpxtpx:TrackPointExtension>
        </extensions>
      </trkpt>
      <trkpt lat="30.291801" lon="34.965091">
        <ele>356.0</ele>
        <time>2026-03-24T08:21:34.000Z</time>
        <extensions>
          <gpxtpx:TrackPointExtension>
            <gpxtpx:hr>140</gpxtpx:hr>
            <gpxtpx:cad>75</gpxtpx:cad>
            <gpxtpx:atemp>302.65</gpxtpx:atemp>
          </gpxtpx:TrackPointExtension>
        </extensions>
      </trkpt>
      <trkpt lat="30.291708" lon="34.965080">
        <ele>355.2</ele>
        <time>2026-03-24T08:21:39.000Z</time>
        <extensions>
          <gpxtpx:TrackPointExtension>
            <gpxtpx:hr>140</gpxtpx:hr>
            <gpxtpx:cad>75</gpxtpx:cad>
            <gpxtpx:atemp>302.65</gpxtpx:atemp>
          </gpxtpx:TrackPointExtension>
        </extensions>
      </trkpt>
      <trkpt lat="30.291630" lon="34.965119">
        <ele>354.2</ele>
        <time>2026-03-24T08:21:44.000Z</time>
        <extensions>
          <gpxtpx:TrackPointExtension>
            <gpxtpx:hr>140</gpxtpx:hr>
            <gpxtpx:cad>76</gpxtpx:cad>
            <gpxtpx:atemp>302.65</gpxtpx:atemp>
          </gpxtpx:TrackPointExtension>
        </extensions>
      </trkpt>
      <trkpt lat="30.291597" lon="34.965148">
        <ele>353.6</ele>
        <time>2026-03-24T08:21:46.000Z</time>
        <extensions>
          <gpxtpx:TrackPointExtension>
            <gpxtpx:hr>140</gpxtpx:hr>
            <gpxtpx:cad>76</gpxtpx:cad>
            <gpxtpx:atemp>302.65</gpxtpx:atemp>
          </gpxtpx:TrackPointExtension>
        </extensions>
      </trkpt>
      <trkpt lat="30.291532" lon="34.965223">
        <ele>352.6</ele>
        <time>2026-03-24T08:21:52.000Z</time>
        <extensions>
          <gpxtpx:TrackPointExtension>
            <gpxtpx:hr>140</gpxtpx:hr>
            <gpxtpx:cad>75</gpxtpx:cad>
            <gpxtpx:atemp>302.65</gpxtpx:atemp>
          </gpxtpx:TrackPointExtension>
        </extensions>
      </trkpt>
      <trkpt lat="30.291420" lon="34.965321">
        <ele>351.6</ele>
        <time>2026-03-24T08:22:01.000Z</time>
        <extensions>
          <gpxtpx:TrackPointExtension>
            <gpxtpx:hr>140</gpxtpx:hr>
            <gpxtpx:cad>75</gpxtpx:cad>
            <gpxtpx:atemp>302.65</gpxtpx:atemp>
          </gpxtpx:TrackPointExtension>
        </extensions>
      </trkpt>
      <trkpt lat="30.291345" lon="34.965360">
        <ele>351.4</ele>
        <time>2026-03-24T08:22:06.000Z</time>
        <extensions>
          <gpxtpx:TrackPointExtension>
            <gpxtpx:hr>139</gpxtpx:hr>
            <gpxtpx:cad>74</gpxtpx:cad>
            <gpxtpx:atemp>302.65</gpxtpx:atemp>
          </gpxtpx:TrackPointExtension>
        </extensions>
      </trkpt>
      <trkpt lat="30.291277" lon="34.965408">
        <ele>350.8</ele>
        <time>2026-03-24T08:22:10.000Z</time>
        <extensions>
          <gpxtpx:TrackPointExtension>
            <gpxtpx:hr>140</gpxtpx:hr>
            <gpxtpx:cad>75</gpxtpx:cad>
            <gpxtpx:atemp>302.65</gpxtpx:atemp>
          </gpxtpx:TrackPointExtension>
        </extensions>
      </trkpt>
      <trkpt lat="30.291213" lon="34.965473">
        <ele>350.6</ele>
        <time>2026-03-24T08:22:14.000Z</time>
        <extensions>
          <gpxtpx:TrackPointExtension>
            <gpxtpx:hr>144</gpxtpx:hr>
            <gpxtpx:cad>76</gpxtpx:cad>
            <gpxtpx:atemp>303.65</gpxtpx:atemp>
          </gpxtpx:TrackPointExtension>
        </extensions>
      </trkpt>
      <trkpt lat="30.291106" lon="34.965559">
        <ele>350.2</ele>
        <time>2026-03-24T08:22:20.000Z</time>
        <extensions>
          <gpxtpx:TrackPointExtension>
            <gpxtpx:hr>144</gpxtpx:hr>
            <gpxtpx:cad>78</gpxtpx:cad>
            <gpxtpx:atemp>303.65</gpxtpx:atemp>
          </gpxtpx:TrackPointExtension>
        </extensions>
      </trkpt>
      <trkpt lat="30.291030" lon="34.965594">
        <ele>350.4</ele>
        <time>2026-03-24T08:22:24.000Z</time>
        <extensions>
          <gpxtpx:TrackPointExtension>
            <gpxtpx:hr>145</gpxtpx:hr>
            <gpxtpx:cad>78</gpxtpx:cad>
            <gpxtpx:atemp>303.65</gpxtpx:atemp>
          </gpxtpx:TrackPointExtension>
        </extensions>
      </trkpt>
      <trkpt lat="30.290956" lon="34.965648">
        <ele>350.2</ele>
        <time>2026-03-24T08:22:28.000Z</time>
        <extensions>
          <gpxtpx:TrackPointExtension>
            <gpxtpx:hr>145</gpxtpx:hr>
            <gpxtpx:cad>78</gpxtpx:cad>
            <gpxtpx:atemp>303.65</gpxtpx:atemp>
          </gpxtpx:TrackPointExtension>
        </extensions>
      </trkpt>
      <trkpt lat="30.290874" lon="34.965720">
        <ele>350.2</ele>
        <time>2026-03-24T08:22:33.000Z</time>
        <extensions>
          <gpxtpx:TrackPointExtension>
            <gpxtpx:hr>145</gpxtpx:hr>
            <gpxtpx:cad>78</gpxtpx:cad>
            <gpxtpx:atemp>303.65</gpxtpx:atemp>
          </gpxtpx:TrackPointExtension>
        </extensions>
      </trkpt>
      <trkpt lat="30.290855" lon="34.965741">
        <ele>350.2</ele>
        <time>2026-03-24T08:22:34.000Z</time>
        <extensions>
          <gpxtpx:TrackPointExtension>
            <gpxtpx:hr>145</gpxtpx:hr>
            <gpxtpx:cad>78</gpxtpx:cad>
            <gpxtpx:atemp>303.65</gpxtpx:atemp>
          </gpxtpx:TrackPointExtension>
        </extensions>
      </trkpt>
      <trkpt lat="30.290782" lon="34.965796">
        <ele>350.2</ele>
        <time>2026-03-24T08:22:38.000Z</time>
        <extensions>
          <gpxtpx:TrackPointExtension>
            <gpxtpx:hr>147</gpxtpx:hr>
            <gpxtpx:cad>79</gpxtpx:cad>
            <gpxtpx:atemp>303.65</gpxtpx:atemp>
          </gpxtpx:TrackPointExtension>
        </extensions>
      </trkpt>
      <trkpt lat="30.290678" lon="34.965864">
        <ele>350.6</ele>
        <time>2026-03-24T08:22:44.000Z</time>
        <extensions>
          <gpxtpx:TrackPointExtension>
            <gpxtpx:hr>149</gpxtpx:hr>
            <gpxtpx:cad>79</gpxtpx:cad>
            <gpxtpx:atemp>303.65</gpxtpx:atemp>
          </gpxtpx:TrackPointExtension>
        </extensions>
      </trkpt>
      <trkpt lat="30.290542" lon="34.965967">
        <ele>350.2</ele>
        <time>2026-03-24T08:22:52.000Z</time>
        <extensions>
          <gpxtpx:TrackPointExtension>
            <gpxtpx:hr>151</gpxtpx:hr>
            <gpxtpx:cad>76</gpxtpx:cad>
            <gpxtpx:atemp>303.65</gpxtpx:atemp>
          </gpxtpx:TrackPointExtension>
        </extensions>
      </trkpt>
      <trkpt lat="30.290457" lon="34.966078">
        <ele>350.0</ele>
        <time>2026-03-24T08:22:58.000Z</time>
        <extensions>
          <gpxtpx:TrackPointExtension>
            <gpxtpx:hr>150</gpxtpx:hr>
            <gpxtpx:cad>78</gpxtpx:cad>
            <gpxtpx:atemp>303.65</gpxtpx:atemp>
          </gpxtpx:TrackPointExtension>
        </extensions>
      </trkpt>
      <trkpt lat="30.290434" lon="34.966124">
        <ele>350.2</ele>
        <time>2026-03-24T08:23:00.000Z</time>
        <extensions>
          <gpxtpx:TrackPointExtension>
            <gpxtpx:hr>151</gpxtpx:hr>
            <gpxtpx:cad>78</gpxtpx:cad>
            <gpxtpx:atemp>303.65</gpxtpx:atemp>
          </gpxtpx:TrackPointExtension>
        </extensions>
      </trkpt>
      <trkpt lat="30.290373" lon="34.966283">
        <ele>349.6</ele>
        <time>2026-03-24T08:23:07.000Z</time>
        <extensions>
          <gpxtpx:TrackPointExtension>
            <gpxtpx:hr>151</gpxtpx:hr>
            <gpxtpx:cad>80</gpxtpx:cad>
            <gpxtpx:atemp>303.65</gpxtpx:atemp>
          </gpxtpx:TrackPointExtension>
        </extensions>
      </trkpt>
      <trkpt lat="30.290324" lon="34.966364">
        <ele>349.4</ele>
        <time>2026-03-24T08:23:11.000Z</time>
        <extensions>
          <gpxtpx:TrackPointExtension>
            <gpxtpx:hr>151</gpxtpx:hr>
            <gpxtpx:cad>80</gpxtpx:cad>
            <gpxtpx:atemp>303.65</gpxtpx:atemp>
          </gpxtpx:TrackPointExtension>
        </extensions>
      </trkpt>
      <trkpt lat="30.290276" lon="34.966414">
        <ele>349.4</ele>
        <time>2026-03-24T08:23:14.000Z</time>
        <extensions>
          <gpxtpx:TrackPointExtension>
            <gpxtpx:hr>152</gpxtpx:hr>
            <gpxtpx:cad>80</gpxtpx:cad>
            <gpxtpx:atemp>303.65</gpxtpx:atemp>
          </gpxtpx:TrackPointExtension>
        </extensions>
      </trkpt>
      <trkpt lat="30.290188" lon="34.966485">
        <ele>349.0</ele>
        <time>2026-03-24T08:23:19.000Z</time>
        <extensions>
          <gpxtpx:TrackPointExtension>
            <gpxtpx:hr>152</gpxtpx:hr>
            <gpxtpx:cad>81</gpxtpx:cad>
            <gpxtpx:atemp>303.65</gpxtpx:atemp>
          </gpxtpx:TrackPointExtension>
        </extensions>
      </trkpt>
      <trkpt lat="30.290107" lon="34.966560">
        <ele>349.2</ele>
        <time>2026-03-24T08:23:24.000Z</time>
        <extensions>
          <gpxtpx:TrackPointExtension>
            <gpxtpx:hr>152</gpxtpx:hr>
            <gpxtpx:cad>79</gpxtpx:cad>
            <gpxtpx:atemp>303.65</gpxtpx:atemp>
          </gpxtpx:TrackPointExtension>
        </extensions>
      </trkpt>
      <trkpt lat="30.290071" lon="34.966672">
        <ele>349.0</ele>
        <time>2026-03-24T08:23:29.000Z</time>
        <extensions>
          <gpxtpx:TrackPointExtension>
            <gpxtpx:hr>152</gpxtpx:hr>
            <gpxtpx:cad>78</gpxtpx:cad>
            <gpxtpx:atemp>303.65</gpxtpx:atemp>
          </gpxtpx:TrackPointExtension>
        </extensions>
      </trkpt>
      <trkpt lat="30.290050" lon="34.966704">
        <ele>348.4</ele>
        <time>2026-03-24T08:23:32.000Z</time>
        <extensions>
          <gpxtpx:TrackPointExtension>
            <gpxtpx:hr>152</gpxtpx:hr>
            <gpxtpx:cad>78</gpxtpx:cad>
            <gpxtpx:atemp>302.65</gpxtpx:atemp>
          </gpxtpx:TrackPointExtension>
        </extensions>
      </trkpt>
      <trkpt lat="30.290001" lon="34.966767">
        <ele>347.6</ele>
        <time>2026-03-24T08:23:41.000Z</time>
        <extensions>
          <gpxtpx:TrackPointExtension>
            <gpxtpx:hr>151</gpxtpx:hr>
            <gpxtpx:cad>0</gpxtpx:cad>
            <gpxtpx:atemp>302.65</gpxtpx:atemp>
          </gpxtpx:TrackPointExtension>
        </extensions>
      </trkpt>
      <trkpt lat="30.289965" lon="34.966877">
        <ele>348.2</ele>
        <time>2026-03-24T08:23:53.000Z</time>
        <extensions>
          <gpxtpx:TrackPointExtension>
            <gpxtpx:hr>148</gpxtpx:hr>
            <gpxtpx:cad>48</gpxtpx:cad>
            <gpxtpx:atemp>302.65</gpxtpx:atemp>
          </gpxtpx:TrackPointExtension>
        </extensions>
      </trkpt>
      <trkpt lat="30.289868" lon="34.967103">
        <ele>348.6</ele>
        <time>2026-03-24T08:24:05.000Z</time>
        <extensions>
          <gpxtpx:TrackPointExtension>
            <gpxtpx:hr>141</gpxtpx:hr>
            <gpxtpx:cad>78</gpxtpx:cad>
            <gpxtpx:atemp>302.65</gpxtpx:atemp>
          </gpxtpx:TrackPointExtension>
        </extensions>
      </trkpt>
      <trkpt lat="30.289815" lon="34.967162">
        <ele>348.4</ele>
        <time>2026-03-24T08:24:09.000Z</time>
        <extensions>
          <gpxtpx:TrackPointExtension>
            <gpxtpx:hr>141</gpxtpx:hr>
            <gpxtpx:cad>79</gpxtpx:cad>
            <gpxtpx:atemp>302.65</gpxtpx:atemp>
          </gpxtpx:TrackPointExtension>
        </extensions>
      </trkpt>
      <trkpt lat="30.289784" lon="34.967215">
        <ele>348.0</ele>
        <time>2026-03-24T08:24:12.000Z</time>
        <extensions>
          <gpxtpx:TrackPointExtension>
            <gpxtpx:hr>140</gpxtpx:hr>
            <gpxtpx:cad>79</gpxtpx:cad>
            <gpxtpx:atemp>302.65</gpxtpx:atemp>
          </gpxtpx:TrackPointExtension>
        </extensions>
      </trkpt>
      <trkpt lat="30.289744" lon="34.967269">
        <ele>348.0</ele>
        <time>2026-03-24T08:24:15.000Z</time>
        <extensions>
          <gpxtpx:TrackPointExtension>
            <gpxtpx:hr>139</gpxtpx:hr>
            <gpxtpx:cad>76</gpxtpx:cad>
            <gpxtpx:atemp>302.65</gpxtpx:atemp>
          </gpxtpx:TrackPointExtension>
        </extensions>
      </trkpt>
      <trkpt lat="30.289673" lon="34.967353">
        <ele>347.6</ele>
        <time>2026-03-24T08:24:20.000Z</time>
        <extensions>
          <gpxtpx:TrackPointExtension>
            <gpxtpx:hr>138</gpxtpx:hr>
            <gpxtpx:cad>77</gpxtpx:cad>
            <gpxtpx:atemp>302.65</gpxtpx:atemp>
          </gpxtpx:TrackPointExtension>
        </extensions>
      </trkpt>
      <trkpt lat="30.289654" lon="34.967389">
        <ele>347.6</ele>
        <time>2026-03-24T08:24:22.000Z</time>
        <extensions>
          <gpxtpx:TrackPointExtension>
            <gpxtpx:hr>138</gpxtpx:hr>
            <gpxtpx:cad>77</gpxtpx:cad>
            <gpxtpx:atemp>302.65</gpxtpx:atemp>
          </gpxtpx:TrackPointExtension>
        </extensions>
      </trkpt>
      <trkpt lat="30.289643" lon="34.967520">
        <ele>347.6</ele>
        <time>2026-03-24T08:24:28.000Z</time>
        <extensions>
          <gpxtpx:TrackPointExtension>
            <gpxtpx:hr>138</gpxtpx:hr>
            <gpxtpx:cad>77</gpxtpx:cad>
            <gpxtpx:atemp>302.65</gpxtpx:atemp>
          </gpxtpx:TrackPointExtension>
        </extensions>
      </trkpt>
      <trkpt lat="30.289646" lon="34.967630">
        <ele>348.0</ele>
        <time>2026-03-24T08:24:33.000Z</time>
        <extensions>
          <gpxtpx:TrackPointExtension>
            <gpxtpx:hr>139</gpxtpx:hr>
            <gpxtpx:cad>79</gpxtpx:cad>
            <gpxtpx:atemp>302.65</gpxtpx:atemp>
          </gpxtpx:TrackPointExtension>
        </extensions>
      </trkpt>
      <trkpt lat="30.289636" lon="34.967729">
        <ele>346.8</ele>
        <time>2026-03-24T08:24:37.000Z</time>
        <extensions>
          <gpxtpx:TrackPointExtension>
            <gpxtpx:hr>140</gpxtpx:hr>
            <gpxtpx:cad>76</gpxtpx:cad>
            <gpxtpx:atemp>302.65</gpxtpx:atemp>
          </gpxtpx:TrackPointExtension>
        </extensions>
      </trkpt>
      <trkpt lat="30.289577" lon="34.967849">
        <ele>346.6</ele>
        <time>2026-03-24T08:24:43.000Z</time>
        <extensions>
          <gpxtpx:TrackPointExtension>
            <gpxtpx:hr>142</gpxtpx:hr>
            <gpxtpx:cad>77</gpxtpx:cad>
            <gpxtpx:atemp>302.65</gpxtpx:atemp>
          </gpxtpx:TrackPointExtension>
        </extensions>
      </trkpt>
      <trkpt lat="30.289581" lon="34.968011">
        <ele>345.8</ele>
        <time>2026-03-24T08:24:50.000Z</time>
        <extensions>
          <gpxtpx:TrackPointExtension>
            <gpxtpx:hr>142</gpxtpx:hr>
            <gpxtpx:cad>77</gpxtpx:cad>
            <gpxtpx:atemp>302.65</gpxtpx:atemp>
          </gpxtpx:TrackPointExtension>
        </extensions>
      </trkpt>
      <trkpt lat="30.289589" lon="34.968052">
        <ele>345.6</ele>
        <time>2026-03-24T08:24:52.000Z</time>
        <extensions>
          <gpxtpx:TrackPointExtension>
            <gpxtpx:hr>143</gpxtpx:hr>
            <gpxtpx:cad>78</gpxtpx:cad>
            <gpxtpx:atemp>302.65</gpxtpx:atemp>
          </gpxtpx:TrackPointExtension>
        </extensions>
      </trkpt>
      <trkpt lat="30.289574" lon="34.968152">
        <ele>345.2</ele>
        <time>2026-03-24T08:24:58.000Z</time>
        <extensions>
          <gpxtpx:TrackPointExtension>
            <gpxtpx:hr>143</gpxtpx:hr>
            <gpxtpx:cad>76</gpxtpx:cad>
            <gpxtpx:atemp>302.65</gpxtpx:atemp>
          </gpxtpx:TrackPointExtension>
        </extensions>
      </trkpt>
      <trkpt lat="30.289543" lon="34.968263">
        <ele>344.2</ele>
        <time>2026-03-24T08:25:06.000Z</time>
        <extensions>
          <gpxtpx:TrackPointExtension>
            <gpxtpx:hr>145</gpxtpx:hr>
            <gpxtpx:cad>59</gpxtpx:cad>
            <gpxtpx:atemp>302.65</gpxtpx:atemp>
          </gpxtpx:TrackPointExtension>
        </extensions>
      </trkpt>
      <trkpt lat="30.289545" lon="34.968392">
        <ele>343.8</ele>
        <time>2026-03-24T08:25:15.000Z</time>
        <extensions>
          <gpxtpx:TrackPointExtension>
            <gpxtpx:hr>143</gpxtpx:hr>
            <gpxtpx:cad>62</gpxtpx:cad>
            <gpxtpx:atemp>302.65</gpxtpx:atemp>
          </gpxtpx:TrackPointExtension>
        </extensions>
      </trkpt>
      <trkpt lat="30.289550" lon="34.968451">
        <ele>343.8</ele>
        <time>2026-03-24T08:25:20.000Z</time>
        <extensions>
          <gpxtpx:TrackPointExtension>
            <gpxtpx:hr>141</gpxtpx:hr>
            <gpxtpx:cad>56</gpxtpx:cad>
            <gpxtpx:atemp>302.65</gpxtpx:atemp>
          </gpxtpx:TrackPointExtension>
        </extensions>
      </trkpt>
      <trkpt lat="30.289540" lon="34.968566">
        <ele>344.0</ele>
        <time>2026-03-24T08:25:31.000Z</time>
        <extensions>
          <gpxtpx:TrackPointExtension>
            <gpxtpx:hr>138</gpxtpx:hr>
            <gpxtpx:cad>51</gpxtpx:cad>
            <gpxtpx:atemp>302.65</gpxtpx:atemp>
          </gpxtpx:TrackPointExtension>
        </extensions>
      </trkpt>
      <trkpt lat="30.289510" lon="34.968677">
        <ele>345.2</ele>
        <time>2026-03-24T08:25:40.000Z</time>
        <extensions>
          <gpxtpx:TrackPointExtension>
            <gpxtpx:hr>137</gpxtpx:hr>
            <gpxtpx:cad>55</gpxtpx:cad>
            <gpxtpx:atemp>302.65</gpxtpx:atemp>
          </gpxtpx:TrackPointExtension>
        </extensions>
      </trkpt>
      <trkpt lat="30.289456" lon="34.968746">
        <ele>345.0</ele>
        <time>2026-03-24T08:25:47.000Z</time>
        <extensions>
          <gpxtpx:TrackPointExtension>
            <gpxtpx:hr>135</gpxtpx:hr>
            <gpxtpx:cad>56</gpxtpx:cad>
            <gpxtpx:atemp>302.65</gpxtpx:atemp>
          </gpxtpx:TrackPointExtension>
        </extensions>
      </trkpt>
      <trkpt lat="30.289425" lon="34.968799">
        <ele>344.8</ele>
        <time>2026-03-24T08:25:52.000Z</time>
        <extensions>
          <gpxtpx:TrackPointExtension>
            <gpxtpx:hr>131</gpxtpx:hr>
            <gpxtpx:cad>54</gpxtpx:cad>
            <gpxtpx:atemp>302.65</gpxtpx:atemp>
          </gpxtpx:TrackPointExtension>
        </extensions>
      </trkpt>
      <trkpt lat="30.289364" lon="34.968872">
        <ele>344.4</ele>
        <time>2026-03-24T08:25:59.000Z</time>
        <extensions>
          <gpxtpx:TrackPointExtension>
            <gpxtpx:hr>128</gpxtpx:hr>
            <gpxtpx:cad>55</gpxtpx:cad>
            <gpxtpx:atemp>302.65</gpxtpx:atemp>
          </gpxtpx:TrackPointExtension>
        </extensions>
      </trkpt>
      <trkpt lat="30.289277" lon="34.968947">
        <ele>344.6</ele>
        <time>2026-03-24T08:26:06.000Z</time>
        <extensions>
          <gpxtpx:TrackPointExtension>
            <gpxtpx:hr>127</gpxtpx:hr>
            <gpxtpx:cad>56</gpxtpx:cad>
            <gpxtpx:atemp>302.65</gpxtpx:atemp>
          </gpxtpx:TrackPointExtension>
        </extensions>
      </trkpt>
      <trkpt lat="30.289197" lon="34.969028">
        <ele>344.4</ele>
        <time>2026-03-24T08:26:11.000Z</time>
        <extensions>
          <gpxtpx:TrackPointExtension>
            <gpxtpx:hr>126</gpxtpx:hr>
            <gpxtpx:cad>76</gpxtpx:cad>
            <gpxtpx:atemp>302.65</gpxtpx:atemp>
          </gpxtpx:TrackPointExtension>
        </extensions>
      </trkpt>
      <trkpt lat="30.289133" lon="34.969119">
        <ele>344.6</ele>
        <time>2026-03-24T08:26:16.000Z</time>
        <extensions>
          <gpxtpx:TrackPointExtension>
            <gpxtpx:hr>134</gpxtpx:hr>
            <gpxtpx:cad>78</gpxtpx:cad>
            <gpxtpx:atemp>302.65</gpxtpx:atemp>
          </gpxtpx:TrackPointExtension>
        </extensions>
      </trkpt>
      <trkpt lat="30.289104" lon="34.969202">
        <ele>344.6</ele>
        <time>2026-03-24T08:26:20.000Z</time>
        <extensions>
          <gpxtpx:TrackPointExtension>
            <gpxtpx:hr>134</gpxtpx:hr>
            <gpxtpx:cad>80</gpxtpx:cad>
            <gpxtpx:atemp>302.65</gpxtpx:atemp>
          </gpxtpx:TrackPointExtension>
        </extensions>
      </trkpt>
      <trkpt lat="30.289064" lon="34.969296">
        <ele>343.8</ele>
        <time>2026-03-24T08:26:25.000Z</time>
        <extensions>
          <gpxtpx:TrackPointExtension>
            <gpxtpx:hr>133</gpxtpx:hr>
            <gpxtpx:cad>76</gpxtpx:cad>
            <gpxtpx:atemp>302.65</gpxtpx:atemp>
          </gpxtpx:TrackPointExtension>
        </extensions>
      </trkpt>
      <trkpt lat="30.289013" lon="34.969382">
        <ele>343.6</ele>
        <time>2026-03-24T08:26:30.000Z</time>
        <extensions>
          <gpxtpx:TrackPointExtension>
            <gpxtpx:hr>134</gpxtpx:hr>
            <gpxtpx:cad>76</gpxtpx:cad>
            <gpxtpx:atemp>302.65</gpxtpx:atemp>
          </gpxtpx:TrackPointExtension>
        </extensions>
      </trkpt>
      <trkpt lat="30.288976" lon="34.969425">
        <ele>343.8</ele>
        <time>2026-03-24T08:26:33.000Z</time>
        <extensions>
          <gpxtpx:TrackPointExtension>
            <gpxtpx:hr>136</gpxtpx:hr>
            <gpxtpx:cad>79</gpxtpx:cad>
            <gpxtpx:atemp>302.65</gpxtpx:atemp>
          </gpxtpx:TrackPointExtension>
        </extensions>
      </trkpt>
      <trkpt lat="30.288910" lon="34.969550">
        <ele>343.8</ele>
        <time>2026-03-24T08:26:39.000Z</time>
        <extensions>
          <gpxtpx:TrackPointExtension>
            <gpxtpx:hr>140</gpxtpx:hr>
            <gpxtpx:cad>80</gpxtpx:cad>
            <gpxtpx:atemp>302.65</gpxtpx:atemp>
          </gpxtpx:TrackPointExtension>
        </extensions>
      </trkpt>
      <trkpt lat="30.288864" lon="34.969659">
        <ele>343.8</ele>
        <time>2026-03-24T08:26:44.000Z</time>
        <extensions>
          <gpxtpx:TrackPointExtension>
            <gpxtpx:hr>141</gpxtpx:hr>
            <gpxtpx:cad>79</gpxtpx:cad>
            <gpxtpx:atemp>302.65</gpxtpx:atemp>
          </gpxtpx:TrackPointExtension>
        </extensions>
      </trkpt>
      <trkpt lat="30.288828" lon="34.969713">
        <ele>343.6</ele>
        <time>2026-03-24T08:26:47.000Z</time>
        <extensions>
          <gpxtpx:TrackPointExtension>
            <gpxtpx:hr>141</gpxtpx:hr>
            <gpxtpx:cad>79</gpxtpx:cad>
            <gpxtpx:atemp>302.65</gpxtpx:atemp>
          </gpxtpx:TrackPointExtension>
        </extensions>
      </trkpt>
      <trkpt lat="30.288752" lon="34.969906">
        <ele>343.0</ele>
        <time>2026-03-24T08:26:56.000Z</time>
        <extensions>
          <gpxtpx:TrackPointExtension>
            <gpxtpx:hr>143</gpxtpx:hr>
            <gpxtpx:cad>80</gpxtpx:cad>
            <gpxtpx:atemp>302.65</gpxtpx:atemp>
          </gpxtpx:TrackPointExtension>
        </extensions>
      </trkpt>
      <trkpt lat="30.288738" lon="34.969991">
        <ele>343.0</ele>
        <time>2026-03-24T08:27:00.000Z</time>
        <extensions>
          <gpxtpx:TrackPointExtension>
            <gpxtpx:hr>143</gpxtpx:hr>
            <gpxtpx:cad>78</gpxtpx:cad>
            <gpxtpx:atemp>302.65</gpxtpx:atemp>
          </gpxtpx:TrackPointExtension>
        </extensions>
      </trkpt>
      <trkpt lat="30.288704" lon="34.970079">
        <ele>342.6</ele>
        <time>2026-03-24T08:27:04.000Z</time>
        <extensions>
          <gpxtpx:TrackPointExtension>
            <gpxtpx:hr>145</gpxtpx:hr>
            <gpxtpx:cad>77</gpxtpx:cad>
            <gpxtpx:atemp>302.65</gpxtpx:atemp>
          </gpxtpx:TrackPointExtension>
        </extensions>
      </trkpt>
      <trkpt lat="30.288603" lon="34.970309">
        <ele>342.6</ele>
        <time>2026-03-24T08:27:15.000Z</time>
        <extensions>
          <gpxtpx:TrackPointExtension>
            <gpxtpx:hr>148</gpxtpx:hr>
            <gpxtpx:cad>80</gpxtpx:cad>
            <gpxtpx:atemp>302.65</gpxtpx:atemp>
          </gpxtpx:TrackPointExtension>
        </extensions>
      </trkpt>
      <trkpt lat="30.288544" lon="34.970406">
        <ele>342.4</ele>
        <time>2026-03-24T08:27:20.000Z</time>
        <extensions>
          <gpxtpx:TrackPointExtension>
            <gpxtpx:hr>147</gpxtpx:hr>
            <gpxtpx:cad>79</gpxtpx:cad>
            <gpxtpx:atemp>302.65</gpxtpx:atemp>
          </gpxtpx:TrackPointExtension>
        </extensions>
      </trkpt>
      <trkpt lat="30.288488" lon="34.970473">
        <ele>341.6</ele>
        <time>2026-03-24T08:27:28.000Z</time>
        <extensions>
          <gpxtpx:TrackPointExtension>
            <gpxtpx:hr>148</gpxtpx:hr>
            <gpxtpx:cad>79</gpxtpx:cad>
            <gpxtpx:atemp>302.65</gpxtpx:atemp>
          </gpxtpx:TrackPointExtension>
        </extensions>
      </trkpt>
      <trkpt lat="30.288451" lon="34.970552">
        <ele>341.8</ele>
        <time>2026-03-24T08:27:35.000Z</time>
        <extensions>
          <gpxtpx:TrackPointExtension>
            <gpxtpx:hr>147</gpxtpx:hr>
            <gpxtpx:cad>53</gpxtpx:cad>
            <gpxtpx:atemp>302.65</gpxtpx:atemp>
          </gpxtpx:TrackPointExtension>
        </extensions>
      </trkpt>
      <trkpt lat="30.288437" lon="34.970589">
        <ele>342.0</ele>
        <time>2026-03-24T08:27:38.000Z</time>
        <extensions>
          <gpxtpx:TrackPointExtension>
            <gpxtpx:hr>147</gpxtpx:hr>
            <gpxtpx:cad>53</gpxtpx:cad>
            <gpxtpx:atemp>302.65</gpxtpx:atemp>
          </gpxtpx:TrackPointExtension>
        </extensions>
      </trkpt>
      <trkpt lat="30.288376" lon="34.970665">
        <ele>341.4</ele>
        <time>2026-03-24T08:27:45.000Z</time>
        <extensions>
          <gpxtpx:TrackPointExtension>
            <gpxtpx:hr>145</gpxtpx:hr>
            <gpxtpx:cad>57</gpxtpx:cad>
            <gpxtpx:atemp>302.65</gpxtpx:atemp>
          </gpxtpx:TrackPointExtension>
        </extensions>
      </trkpt>
      <trkpt lat="30.288309" lon="34.970760">
        <ele>341.4</ele>
        <time>2026-03-24T08:27:54.000Z</time>
        <extensions>
          <gpxtpx:TrackPointExtension>
            <gpxtpx:hr>144</gpxtpx:hr>
            <gpxtpx:cad>57</gpxtpx:cad>
            <gpxtpx:atemp>302.65</gpxtpx:atemp>
          </gpxtpx:TrackPointExtension>
        </extensions>
      </trkpt>
      <trkpt lat="30.288280" lon="34.970793">
        <ele>341.4</ele>
        <time>2026-03-24T08:27:58.000Z</time>
        <extensions>
          <gpxtpx:TrackPointExtension>
            <gpxtpx:hr>137</gpxtpx:hr>
            <gpxtpx:cad>59</gpxtpx:cad>
            <gpxtpx:atemp>302.65</gpxtpx:atemp>
          </gpxtpx:TrackPointExtension>
        </extensions>
      </trkpt>
      <trkpt lat="30.288211" lon="34.970847">
        <ele>341.0</ele>
        <time>2026-03-24T08:28:07.000Z</time>
        <extensions>
          <gpxtpx:TrackPointExtension>
            <gpxtpx:hr>129</gpxtpx:hr>
            <gpxtpx:cad>50</gpxtpx:cad>
            <gpxtpx:atemp>303.65</gpxtpx:atemp>
          </gpxtpx:TrackPointExtension>
        </extensions>
      </trkpt>
      <trkpt lat="30.288164" lon="34.970933">
        <ele>340.8</ele>
        <time>2026-03-24T08:28:16.000Z</time>
        <extensions>
          <gpxtpx:TrackPointExtension>
            <gpxtpx:hr>125</gpxtpx:hr>
            <gpxtpx:cad>53</gpxtpx:cad>
            <gpxtpx:atemp>303.65</gpxtpx:atemp>
          </gpxtpx:TrackPointExtension>
        </extensions>
      </trkpt>
      <trkpt lat="30.288085" lon="34.971014">
        <ele>340.2</ele>
        <time>2026-03-24T08:28:25.000Z</time>
        <extensions>
          <gpxtpx:TrackPointExtension>
            <gpxtpx:hr>120</gpxtpx:hr>
            <gpxtpx:cad>54</gpxtpx:cad>
            <gpxtpx:atemp>303.65</gpxtpx:atemp>
          </gpxtpx:TrackPointExtension>
        </extensions>
      </trkpt>
      <trkpt lat="30.288047" lon="34.971079">
        <ele>340.4</ele>
        <time>2026-03-24T08:28:30.000Z</time>
        <extensions>
          <gpxtpx:TrackPointExtension>
            <gpxtpx:hr>116</gpxtpx:hr>
            <gpxtpx:cad>55</gpxtpx:cad>
            <gpxtpx:atemp>303.65</gpxtpx:atemp>
          </gpxtpx:TrackPointExtension>
        </extensions>
      </trkpt>
      <trkpt lat="30.287936" lon="34.971263">
        <ele>340.2</ele>
        <time>2026-03-24T08:28:40.000Z</time>
        <extensions>
          <gpxtpx:TrackPointExtension>
            <gpxtpx:hr>122</gpxtpx:hr>
            <gpxtpx:cad>76</gpxtpx:cad>
            <gpxtpx:atemp>303.65</gpxtpx:atemp>
          </gpxtpx:TrackPointExtension>
        </extensions>
      </trkpt>
      <trkpt lat="30.287872" lon="34.971400">
        <ele>341.0</ele>
        <time>2026-03-24T08:28:47.000Z</time>
        <extensions>
          <gpxtpx:TrackPointExtension>
            <gpxtpx:hr>127</gpxtpx:hr>
            <gpxtpx:cad>79</gpxtpx:cad>
            <gpxtpx:atemp>303.65</gpxtpx:atemp>
          </gpxtpx:TrackPointExtension>
        </extensions>
      </trkpt>
      <trkpt lat="30.287788" lon="34.971624">
        <ele>340.2</ele>
        <time>2026-03-24T08:29:03.000Z</time>
        <extensions>
          <gpxtpx:TrackPointExtension>
            <gpxtpx:hr>132</gpxtpx:hr>
            <gpxtpx:cad>55</gpxtpx:cad>
            <gpxtpx:atemp>303.65</gpxtpx:atemp>
          </gpxtpx:TrackPointExtension>
        </extensions>
      </trkpt>
      <trkpt lat="30.287744" lon="34.971690">
        <ele>339.8</ele>
        <time>2026-03-24T08:29:09.000Z</time>
        <extensions>
          <gpxtpx:TrackPointExtension>
            <gpxtpx:hr>132</gpxtpx:hr>
            <gpxtpx:cad>57</gpxtpx:cad>
            <gpxtpx:atemp>303.65</gpxtpx:atemp>
          </gpxtpx:TrackPointExtension>
        </extensions>
      </trkpt>
      <trkpt lat="30.287687" lon="34.971890">
        <ele>340.2</ele>
        <time>2026-03-24T08:29:25.000Z</time>
        <extensions>
          <gpxtpx:TrackPointExtension>
            <gpxtpx:hr>130</gpxtpx:hr>
            <gpxtpx:cad>57</gpxtpx:cad>
            <gpxtpx:atemp>303.65</gpxtpx:atemp>
          </gpxtpx:TrackPointExtension>
        </extensions>
      </trkpt>
      <trkpt lat="30.287683" lon="34.971945">
        <ele>341.0</ele>
        <time>2026-03-24T08:29:29.000Z</time>
        <extensions>
          <gpxtpx:TrackPointExtension>
            <gpxtpx:hr>130</gpxtpx:hr>
            <gpxtpx:cad>57</gpxtpx:cad>
            <gpxtpx:atemp>303.65</gpxtpx:atemp>
          </gpxtpx:TrackPointExtension>
        </extensions>
      </trkpt>
      <trkpt lat="30.287659" lon="34.972036">
        <ele>340.8</ele>
        <time>2026-03-24T08:29:36.000Z</time>
        <extensions>
          <gpxtpx:TrackPointExtension>
            <gpxtpx:hr>129</gpxtpx:hr>
            <gpxtpx:cad>51</gpxtpx:cad>
            <gpxtpx:atemp>303.65</gpxtpx:atemp>
          </gpxtpx:TrackPointExtension>
        </extensions>
      </trkpt>
      <trkpt lat="30.287642" lon="34.972082">
        <ele>340.4</ele>
        <time>2026-03-24T08:29:39.000Z</time>
        <extensions>
          <gpxtpx:TrackPointExtension>
            <gpxtpx:hr>130</gpxtpx:hr>
            <gpxtpx:cad>59</gpxtpx:cad>
            <gpxtpx:atemp>303.65</gpxtpx:atemp>
          </gpxtpx:TrackPointExtension>
        </extensions>
      </trkpt>
      <trkpt lat="30.287603" lon="34.972166">
        <ele>341.2</ele>
        <time>2026-03-24T08:29:45.000Z</time>
        <extensions>
          <gpxtpx:TrackPointExtension>
            <gpxtpx:hr>130</gpxtpx:hr>
            <gpxtpx:cad>59</gpxtpx:cad>
            <gpxtpx:atemp>303.65</gpxtpx:atemp>
          </gpxtpx:TrackPointExtension>
        </extensions>
      </trkpt>
      <trkpt lat="30.287596" lon="34.972243">
        <ele>340.8</ele>
        <time>2026-03-24T08:29:49.000Z</time>
        <extensions>
          <gpxtpx:TrackPointExtension>
            <gpxtpx:hr>131</gpxtpx:hr>
            <gpxtpx:cad>59</gpxtpx:cad>
            <gpxtpx:atemp>303.65</gpxtpx:atemp>
          </gpxtpx:TrackPointExtension>
        </extensions>
      </trkpt>
      <trkpt lat="30.287572" lon="34.972333">
        <ele>341.2</ele>
        <time>2026-03-24T08:29:54.000Z</time>
        <extensions>
          <gpxtpx:TrackPointExtension>
            <gpxtpx:hr>130</gpxtpx:hr>
            <gpxtpx:cad>74</gpxtpx:cad>
            <gpxtpx:atemp>303.65</gpxtpx:atemp>
          </gpxtpx:TrackPointExtension>
        </extensions>
      </trkpt>
      <trkpt lat="30.287561" lon="34.972424">
        <ele>341.4</ele>
        <time>2026-03-24T08:29:58.000Z</time>
        <extensions>
          <gpxtpx:TrackPointExtension>
            <gpxtpx:hr>132</gpxtpx:hr>
            <gpxtpx:cad>75</gpxtpx:cad>
            <gpxtpx:atemp>303.65</gpxtpx:atemp>
          </gpxtpx:TrackPointExtension>
        </extensions>
      </trkpt>
      <trkpt lat="30.287525" lon="34.972561">
        <ele>341.4</ele>
        <time>2026-03-24T08:30:04.000Z</time>
        <extensions>
          <gpxtpx:TrackPointExtension>
            <gpxtpx:hr>137</gpxtpx:hr>
            <gpxtpx:cad>78</gpxtpx:cad>
            <gpxtpx:atemp>303.65</gpxtpx:atemp>
          </gpxtpx:TrackPointExtension>
        </extensions>
      </trkpt>
      <trkpt lat="30.287503" lon="34.972621">
        <ele>341.8</ele>
        <time>2026-03-24T08:30:07.000Z</time>
        <extensions>
          <gpxtpx:TrackPointExtension>
            <gpxtpx:hr>138</gpxtpx:hr>
            <gpxtpx:cad>78</gpxtpx:cad>
            <gpxtpx:atemp>303.65</gpxtpx:atemp>
          </gpxtpx:TrackPointExtension>
        </extensions>
      </trkpt>
      <trkpt lat="30.287487" lon="34.972706">
        <ele>341.6</ele>
        <time>2026-03-24T08:30:11.000Z</time>
        <extensions>
          <gpxtpx:TrackPointExtension>
            <gpxtpx:hr>139</gpxtpx:hr>
            <gpxtpx:cad>79</gpxtpx:cad>
            <gpxtpx:atemp>303.65</gpxtpx:atemp>
          </gpxtpx:TrackPointExtension>
        </extensions>
      </trkpt>
      <trkpt lat="30.287480" lon="34.972780">
        <ele>341.4</ele>
        <time>2026-03-24T08:30:14.000Z</time>
        <extensions>
          <gpxtpx:TrackPointExtension>
            <gpxtpx:hr>140</gpxtpx:hr>
            <gpxtpx:cad>78</gpxtpx:cad>
            <gpxtpx:atemp>302.65</gpxtpx:atemp>
          </gpxtpx:TrackPointExtension>
        </extensions>
      </trkpt>
      <trkpt lat="30.287451" lon="34.972881">
        <ele>341.0</ele>
        <time>2026-03-24T08:30:18.000Z</time>
        <extensions>
          <gpxtpx:TrackPointExtension>
            <gpxtpx:hr>141</gpxtpx:hr>
            <gpxtpx:cad>79</gpxtpx:cad>
            <gpxtpx:atemp>302.65</gpxtpx:atemp>
          </gpxtpx:TrackPointExtension>
        </extensions>
      </trkpt>
      <trkpt lat="30.287433" lon="34.972985">
        <ele>341.2</ele>
        <time>2026-03-24T08:30:23.000Z</time>
        <extensions>
          <gpxtpx:TrackPointExtension>
            <gpxtpx:hr>141</gpxtpx:hr>
            <gpxtpx:cad>80</gpxtpx:cad>
            <gpxtpx:atemp>302.65</gpxtpx:atemp>
          </gpxtpx:TrackPointExtension>
        </extensions>
      </trkpt>
      <trkpt lat="30.287439" lon="34.973090">
        <ele>341.8</ele>
        <time>2026-03-24T08:30:27.000Z</time>
        <extensions>
          <gpxtpx:TrackPointExtension>
            <gpxtpx:hr>140</gpxtpx:hr>
            <gpxtpx:cad>78</gpxtpx:cad>
            <gpxtpx:atemp>302.65</gpxtpx:atemp>
          </gpxtpx:TrackPointExtension>
        </extensions>
      </trkpt>
      <trkpt lat="30.287447" lon="34.973131">
        <ele>341.8</ele>
        <time>2026-03-24T08:30:29.000Z</time>
        <extensions>
          <gpxtpx:TrackPointExtension>
            <gpxtpx:hr>141</gpxtpx:hr>
            <gpxtpx:cad>80</gpxtpx:cad>
            <gpxtpx:atemp>302.65</gpxtpx:atemp>
          </gpxtpx:TrackPointExtension>
        </extensions>
      </trkpt>
      <trkpt lat="30.287443" lon="34.973218">
        <ele>341.6</ele>
        <time>2026-03-24T08:30:33.000Z</time>
        <extensions>
          <gpxtpx:TrackPointExtension>
            <gpxtpx:hr>146</gpxtpx:hr>
            <gpxtpx:cad>77</gpxtpx:cad>
            <gpxtpx:atemp>302.65</gpxtpx:atemp>
          </gpxtpx:TrackPointExtension>
        </extensions>
      </trkpt>
      <trkpt lat="30.287451" lon="34.973326">
        <ele>342.2</ele>
        <time>2026-03-24T08:30:38.000Z</time>
        <extensions>
          <gpxtpx:TrackPointExtension>
            <gpxtpx:hr>147</gpxtpx:hr>
            <gpxtpx:cad>77</gpxtpx:cad>
            <gpxtpx:atemp>302.65</gpxtpx:atemp>
          </gpxtpx:TrackPointExtension>
        </extensions>
      </trkpt>
      <trkpt lat="30.287446" lon="34.973437">
        <ele>342.4</ele>
        <time>2026-03-24T08:30:43.000Z</time>
        <extensions>
          <gpxtpx:TrackPointExtension>
            <gpxtpx:hr>148</gpxtpx:hr>
            <gpxtpx:cad>76</gpxtpx:cad>
            <gpxtpx:atemp>302.65</gpxtpx:atemp>
          </gpxtpx:TrackPointExtension>
        </extensions>
      </trkpt>
      <trkpt lat="30.287468" lon="34.973605">
        <ele>342.8</ele>
        <time>2026-03-24T08:30:51.000Z</time>
        <extensions>
          <gpxtpx:TrackPointExtension>
            <gpxtpx:hr>152</gpxtpx:hr>
            <gpxtpx:cad>78</gpxtpx:cad>
            <gpxtpx:atemp>302.65</gpxtpx:atemp>
          </gpxtpx:TrackPointExtension>
        </extensions>
      </trkpt>
      <trkpt lat="30.287448" lon="34.973757">
        <ele>344.0</ele>
        <time>2026-03-24T08:30:59.000Z</time>
        <extensions>
          <gpxtpx:TrackPointExtension>
            <gpxtpx:hr>153</gpxtpx:hr>
            <gpxtpx:cad>77</gpxtpx:cad>
            <gpxtpx:atemp>302.65</gpxtpx:atemp>
          </gpxtpx:TrackPointExtension>
        </extensions>
      </trkpt>
      <trkpt lat="30.287417" lon="34.973860">
        <ele>344.4</ele>
        <time>2026-03-24T08:31:07.000Z</time>
        <extensions>
          <gpxtpx:TrackPointExtension>
            <gpxtpx:hr>156</gpxtpx:hr>
            <gpxtpx:cad>59</gpxtpx:cad>
            <gpxtpx:atemp>302.65</gpxtpx:atemp>
          </gpxtpx:TrackPointExtension>
        </extensions>
      </trkpt>
      <trkpt lat="30.287412" lon="34.973885">
        <ele>344.4</ele>
        <time>2026-03-24T08:31:09.000Z</time>
        <extensions>
          <gpxtpx:TrackPointExtension>
            <gpxtpx:hr>156</gpxtpx:hr>
            <gpxtpx:cad>59</gpxtpx:cad>
            <gpxtpx:atemp>302.65</gpxtpx:atemp>
          </gpxtpx:TrackPointExtension>
        </extensions>
      </trkpt>
      <trkpt lat="30.287410" lon="34.973995">
        <ele>345.6</ele>
        <time>2026-03-24T08:31:16.000Z</time>
        <extensions>
          <gpxtpx:TrackPointExtension>
            <gpxtpx:hr>155</gpxtpx:hr>
            <gpxtpx:cad>58</gpxtpx:cad>
            <gpxtpx:atemp>302.65</gpxtpx:atemp>
          </gpxtpx:TrackPointExtension>
        </extensions>
      </trkpt>
      <trkpt lat="30.287403" lon="34.974077">
        <ele>346.4</ele>
        <time>2026-03-24T08:31:23.000Z</time>
        <extensions>
          <gpxtpx:TrackPointExtension>
            <gpxtpx:hr>155</gpxtpx:hr>
            <gpxtpx:cad>59</gpxtpx:cad>
            <gpxtpx:atemp>302.65</gpxtpx:atemp>
          </gpxtpx:TrackPointExtension>
        </extensions>
      </trkpt>
      <trkpt lat="30.287409" lon="34.974127">
        <ele>346.6</ele>
        <time>2026-03-24T08:31:27.000Z</time>
        <extensions>
          <gpxtpx:TrackPointExtension>
            <gpxtpx:hr>154</gpxtpx:hr>
            <gpxtpx:cad>57</gpxtpx:cad>
            <gpxtpx:atemp>302.65</gpxtpx:atemp>
          </gpxtpx:TrackPointExtension>
        </extensions>
      </trkpt>
      <trkpt lat="30.287397" lon="34.974219">
        <ele>346.6</ele>
        <time>2026-03-24T08:31:34.000Z</time>
        <extensions>
          <gpxtpx:TrackPointExtension>
            <gpxtpx:hr>154</gpxtpx:hr>
            <gpxtpx:cad>55</gpxtpx:cad>
            <gpxtpx:atemp>303.65</gpxtpx:atemp>
          </gpxtpx:TrackPointExtension>
        </extensions>
      </trkpt>
      <trkpt lat="30.287385" lon="34.974275">
        <ele>346.8</ele>
        <time>2026-03-24T08:31:38.000Z</time>
        <extensions>
          <gpxtpx:TrackPointExtension>
            <gpxtpx:hr>153</gpxtpx:hr>
            <gpxtpx:cad>54</gpxtpx:cad>
            <gpxtpx:atemp>303.65</gpxtpx:atemp>
          </gpxtpx:TrackPointExtension>
        </extensions>
      </trkpt>
      <trkpt lat="30.287423" lon="34.974262">
        <ele>346.4</ele>
        <time>2026-03-24T08:31:53.000Z</time>
        <extensions>
          <gpxtpx:TrackPointExtension>
            <gpxtpx:hr>147</gpxtpx:hr>
            <gpxtpx:cad>0</gpxtpx:cad>
            <gpxtpx:atemp>303.65</gpxtpx:atemp>
          </gpxtpx:TrackPointExtension>
        </extensions>
      </trkpt>
      <trkpt lat="30.287462" lon="34.974235">
        <ele>346.6</ele>
        <time>2026-03-24T08:31:55.000Z</time>
        <extensions>
          <gpxtpx:TrackPointExtension>
            <gpxtpx:hr>148</gpxtpx:hr>
            <gpxtpx:cad>0</gpxtpx:cad>
            <gpxtpx:atemp>303.65</gpxtpx:atemp>
          </gpxtpx:TrackPointExtension>
        </extensions>
      </trkpt>
      <trkpt lat="30.287443" lon="34.974234">
        <ele>346.8</ele>
        <time>2026-03-24T08:31:59.000Z</time>
        <extensions>
          <gpxtpx:TrackPointExtension>
            <gpxtpx:hr>145</gpxtpx:hr>
            <gpxtpx:cad>77</gpxtpx:cad>
            <gpxtpx:atemp>303.65</gpxtpx:atemp>
          </gpxtpx:TrackPointExtension>
        </extensions>
      </trkpt>
      <trkpt lat="30.287320" lon="34.974293">
        <ele>347.8</ele>
        <time>2026-03-24T08:32:06.000Z</time>
        <extensions>
          <gpxtpx:TrackPointExtension>
            <gpxtpx:hr>140</gpxtpx:hr>
            <gpxtpx:cad>77</gpxtpx:cad>
            <gpxtpx:atemp>303.65</gpxtpx:atemp>
          </gpxtpx:TrackPointExtension>
        </extensions>
      </trkpt>
      <trkpt lat="30.287286" lon="34.974313">
        <ele>347.8</ele>
        <time>2026-03-24T08:32:08.000Z</time>
        <extensions>
          <gpxtpx:TrackPointExtension>
            <gpxtpx:hr>139</gpxtpx:hr>
            <gpxtpx:cad>77</gpxtpx:cad>
            <gpxtpx:atemp>303.65</gpxtpx:atemp>
          </gpxtpx:TrackPointExtension>
        </extensions>
      </trkpt>
      <trkpt lat="30.287183" lon="34.974346">
        <ele>347.2</ele>
        <time>2026-03-24T08:32:16.000Z</time>
        <extensions>
          <gpxtpx:TrackPointExtension>
            <gpxtpx:hr>138</gpxtpx:hr>
            <gpxtpx:cad>0</gpxtpx:cad>
            <gpxtpx:atemp>302.65</gpxtpx:atemp>
          </gpxtpx:TrackPointExtension>
        </extensions>
      </trkpt>
      <trkpt lat="30.287121" lon="34.974399">
        <ele>344.8</ele>
        <time>2026-03-24T08:32:25.000Z</time>
        <extensions>
          <gpxtpx:TrackPointExtension>
            <gpxtpx:hr>133</gpxtpx:hr>
            <gpxtpx:cad>0</gpxtpx:cad>
            <gpxtpx:atemp>302.65</gpxtpx:atemp>
          </gpxtpx:TrackPointExtension>
        </extensions>
      </trkpt>
      <trkpt lat="30.287082" lon="34.974470">
        <ele>342.2</ele>
        <time>2026-03-24T08:32:34.000Z</time>
        <extensions>
          <gpxtpx:TrackPointExtension>
            <gpxtpx:hr>130</gpxtpx:hr>
            <gpxtpx:cad>0</gpxtpx:cad>
            <gpxtpx:atemp>302.65</gpxtpx:atemp>
          </gpxtpx:TrackPointExtension>
        </extensions>
      </trkpt>
      <trkpt lat="30.287060" lon="34.974517">
        <ele>341.2</ele>
        <time>2026-03-24T08:32:39.000Z</time>
        <extensions>
          <gpxtpx:TrackPointExtension>
            <gpxtpx:hr>130</gpxtpx:hr>
            <gpxtpx:cad>59</gpxtpx:cad>
            <gpxtpx:atemp>303.65</gpxtpx:atemp>
          </gpxtpx:TrackPointExtension>
        </extensions>
      </trkpt>
      <trkpt lat="30.286986" lon="34.974601">
        <ele>340.4</ele>
        <time>2026-03-24T08:32:47.000Z</time>
        <extensions>
          <gpxtpx:TrackPointExtension>
            <gpxtpx:hr>130</gpxtpx:hr>
            <gpxtpx:cad>62</gpxtpx:cad>
            <gpxtpx:atemp>303.65</gpxtpx:atemp>
          </gpxtpx:TrackPointExtension>
        </extensions>
      </trkpt>
      <trkpt lat="30.286961" lon="34.974659">
        <ele>339.8</ele>
        <time>2026-03-24T08:32:50.000Z</time>
        <extensions>
          <gpxtpx:TrackPointExtension>
            <gpxtpx:hr>129</gpxtpx:hr>
            <gpxtpx:cad>62</gpxtpx:cad>
            <gpxtpx:atemp>303.65</gpxtpx:atemp>
          </gpxtpx:TrackPointExtension>
        </extensions>
      </trkpt>
      <trkpt lat="30.286951" lon="34.974723">
        <ele>339.2</ele>
        <time>2026-03-24T08:32:53.000Z</time>
        <extensions>
          <gpxtpx:TrackPointExtension>
            <gpxtpx:hr>128</gpxtpx:hr>
            <gpxtpx:cad>75</gpxtpx:cad>
            <gpxtpx:atemp>303.65</gpxtpx:atemp>
          </gpxtpx:TrackPointExtension>
        </extensions>
      </trkpt>
      <trkpt lat="30.286952" lon="34.974806">
        <ele>339.6</ele>
        <time>2026-03-24T08:32:57.000Z</time>
        <extensions>
          <gpxtpx:TrackPointExtension>
            <gpxtpx:hr>126</gpxtpx:hr>
            <gpxtpx:cad>73</gpxtpx:cad>
            <gpxtpx:atemp>303.65</gpxtpx:atemp>
          </gpxtpx:TrackPointExtension>
        </extensions>
      </trkpt>
      <trkpt lat="30.286934" lon="34.974908">
        <ele>340.2</ele>
        <time>2026-03-24T08:33:03.000Z</time>
        <extensions>
          <gpxtpx:TrackPointExtension>
            <gpxtpx:hr>126</gpxtpx:hr>
            <gpxtpx:cad>74</gpxtpx:cad>
            <gpxtpx:atemp>303.65</gpxtpx:atemp>
          </gpxtpx:TrackPointExtension>
        </extensions>
      </trkpt>
      <trkpt lat="30.286954" lon="34.974977">
        <ele>340.4</ele>
        <time>2026-03-24T08:33:07.000Z</time>
        <extensions>
          <gpxtpx:TrackPointExtension>
            <gpxtpx:hr>124</gpxtpx:hr>
            <gpxtpx:cad>74</gpxtpx:cad>
            <gpxtpx:atemp>303.65</gpxtpx:atemp>
          </gpxtpx:TrackPointExtension>
        </extensions>
      </trkpt>
      <trkpt lat="30.286970" lon="34.975093">
        <ele>340.2</ele>
        <time>2026-03-24T08:33:13.000Z</time>
        <extensions>
          <gpxtpx:TrackPointExtension>
            <gpxtpx:hr>126</gpxtpx:hr>
            <gpxtpx:cad>0</gpxtpx:cad>
            <gpxtpx:atemp>303.65</gpxtpx:atemp>
          </gpxtpx:TrackPointExtension>
        </extensions>
      </trkpt>
      <trkpt lat="30.286976" lon="34.975243">
        <ele>341.2</ele>
        <time>2026-03-24T08:33:20.000Z</time>
        <extensions>
          <gpxtpx:TrackPointExtension>
            <gpxtpx:hr>127</gpxtpx:hr>
            <gpxtpx:cad>75</gpxtpx:cad>
            <gpxtpx:atemp>303.65</gpxtpx:atemp>
          </gpxtpx:TrackPointExtension>
        </extensions>
      </trkpt>
      <trkpt lat="30.286928" lon="34.975337">
        <ele>341.2</ele>
        <time>2026-03-24T08:33:27.000Z</time>
        <extensions>
          <gpxtpx:TrackPointExtension>
            <gpxtpx:hr>129</gpxtpx:hr>
            <gpxtpx:cad>75</gpxtpx:cad>
            <gpxtpx:atemp>303.65</gpxtpx:atemp>
          </gpxtpx:TrackPointExtension>
        </extensions>
      </trkpt>
      <trkpt lat="30.286911" lon="34.975452">
        <ele>340.4</ele>
        <time>2026-03-24T08:33:33.000Z</time>
        <extensions>
          <gpxtpx:TrackPointExtension>
            <gpxtpx:hr>140</gpxtpx:hr>
            <gpxtpx:cad>77</gpxtpx:cad>
            <gpxtpx:atemp>303.65</gpxtpx:atemp>
          </gpxtpx:TrackPointExtension>
        </extensions>
      </trkpt>
      <trkpt lat="30.286914" lon="34.975510">
        <ele>340.8</ele>
        <time>2026-03-24T08:33:36.000Z</time>
        <extensions>
          <gpxtpx:TrackPointExtension>
            <gpxtpx:hr>139</gpxtpx:hr>
            <gpxtpx:cad>76</gpxtpx:cad>
            <gpxtpx:atemp>303.65</gpxtpx:atemp>
          </gpxtpx:TrackPointExtension>
        </extensions>
      </trkpt>
      <trkpt lat="30.286934" lon="34.975580">
        <ele>341.0</ele>
        <time>2026-03-24T08:33:41.000Z</time>
        <extensions>
          <gpxtpx:TrackPointExtension>
            <gpxtpx:hr>140</gpxtpx:hr>
            <gpxtpx:cad>64</gpxtpx:cad>
            <gpxtpx:atemp>303.65</gpxtpx:atemp>
          </gpxtpx:TrackPointExtension>
        </extensions>
      </trkpt>
      <trkpt lat="30.286921" lon="34.975675">
        <ele>341.2</ele>
        <time>2026-03-24T08:33:50.000Z</time>
        <extensions>
          <gpxtpx:TrackPointExtension>
            <gpxtpx:hr>142</gpxtpx:hr>
            <gpxtpx:cad>56</gpxtpx:cad>
            <gpxtpx:atemp>303.65</gpxtpx:atemp>
          </gpxtpx:TrackPointExtension>
        </extensions>
      </trkpt>
      <trkpt lat="30.286921" lon="34.975743">
        <ele>342.0</ele>
        <time>2026-03-24T08:33:57.000Z</time>
        <extensions>
          <gpxtpx:TrackPointExtension>
            <gpxtpx:hr>145</gpxtpx:hr>
            <gpxtpx:cad>53</gpxtpx:cad>
            <gpxtpx:atemp>303.65</gpxtpx:atemp>
          </gpxtpx:TrackPointExtension>
        </extensions>
      </trkpt>
      <trkpt lat="30.286931" lon="34.975825">
        <ele>342.4</ele>
        <time>2026-03-24T08:34:03.000Z</time>
        <extensions>
          <gpxtpx:TrackPointExtension>
            <gpxtpx:hr>144</gpxtpx:hr>
            <gpxtpx:cad>52</gpxtpx:cad>
            <gpxtpx:atemp>303.65</gpxtpx:atemp>
          </gpxtpx:TrackPointExtension>
        </extensions>
      </trkpt>
      <trkpt lat="30.286935" lon="34.975926">
        <ele>343.2</ele>
        <time>2026-03-24T08:34:10.000Z</time>
        <extensions>
          <gpxtpx:TrackPointExtension>
            <gpxtpx:hr>144</gpxtpx:hr>
            <gpxtpx:cad>55</gpxtpx:cad>
            <gpxtpx:atemp>303.65</gpxtpx:atemp>
          </gpxtpx:TrackPointExtension>
        </extensions>
      </trkpt>
      <trkpt lat="30.286913" lon="34.976132">
        <ele>344.4</ele>
        <time>2026-03-24T08:34:24.000Z</time>
        <extensions>
          <gpxtpx:TrackPointExtension>
            <gpxtpx:hr>142</gpxtpx:hr>
            <gpxtpx:cad>57</gpxtpx:cad>
            <gpxtpx:atemp>303.65</gpxtpx:atemp>
          </gpxtpx:TrackPointExtension>
        </extensions>
      </trkpt>
      <trkpt lat="30.286917" lon="34.976173">
        <ele>344.8</ele>
        <time>2026-03-24T08:34:26.000Z</time>
        <extensions>
          <gpxtpx:TrackPointExtension>
            <gpxtpx:hr>142</gpxtpx:hr>
            <gpxtpx:cad>57</gpxtpx:cad>
            <gpxtpx:atemp>303.65</gpxtpx:atemp>
          </gpxtpx:TrackPointExtension>
        </extensions>
      </trkpt>
      <trkpt lat="30.286944" lon="34.976281">
        <ele>345.0</ele>
        <time>2026-03-24T08:34:33.000Z</time>
        <extensions>
          <gpxtpx:TrackPointExtension>
            <gpxtpx:hr>145</gpxtpx:hr>
            <gpxtpx:cad>73</gpxtpx:cad>
            <gpxtpx:atemp>303.65</gpxtpx:atemp>
          </gpxtpx:TrackPointExtension>
        </extensions>
      </trkpt>
      <trkpt lat="30.286953" lon="34.976397">
        <ele>343.6</ele>
        <time>2026-03-24T08:34:39.000Z</time>
        <extensions>
          <gpxtpx:TrackPointExtension>
            <gpxtpx:hr>140</gpxtpx:hr>
            <gpxtpx:cad>75</gpxtpx:cad>
            <gpxtpx:atemp>303.65</gpxtpx:atemp>
          </gpxtpx:TrackPointExtension>
        </extensions>
      </trkpt>
      <trkpt lat="30.287001" lon="34.976622">
        <ele>344.6</ele>
        <time>2026-03-24T08:34:49.000Z</time>
        <extensions>
          <gpxtpx:TrackPointExtension>
            <gpxtpx:hr>141</gpxtpx:hr>
            <gpxtpx:cad>77</gpxtpx:cad>
            <gpxtpx:atemp>303.65</gpxtpx:atemp>
          </gpxtpx:TrackPointExtension>
        </extensions>
      </trkpt>
      <trkpt lat="30.287034" lon="34.976706">
        <ele>345.0</ele>
        <time>2026-03-24T08:34:53.000Z</time>
        <extensions>
          <gpxtpx:TrackPointExtension>
            <gpxtpx:hr>144</gpxtpx:hr>
            <gpxtpx:cad>78</gpxtpx:cad>
            <gpxtpx:atemp>303.65</gpxtpx:atemp>
          </gpxtpx:TrackPointExtension>
        </extensions>
      </trkpt>
      <trkpt lat="30.287054" lon="34.976775">
        <ele>345.2</ele>
        <time>2026-03-24T08:34:56.000Z</time>
        <extensions>
          <gpxtpx:TrackPointExtension>
            <gpxtpx:hr>144</gpxtpx:hr>
            <gpxtpx:cad>79</gpxtpx:cad>
            <gpxtpx:atemp>303.65</gpxtpx:atemp>
          </gpxtpx:TrackPointExtension>
        </extensions>
      </trkpt>
      <trkpt lat="30.287107" lon="34.976893">
        <ele>345.2</ele>
        <time>2026-03-24T08:35:02.000Z</time>
        <extensions>
          <gpxtpx:TrackPointExtension>
            <gpxtpx:hr>146</gpxtpx:hr>
            <gpxtpx:cad>79</gpxtpx:cad>
            <gpxtpx:atemp>303.65</gpxtpx:atemp>
          </gpxtpx:TrackPointExtension>
        </extensions>
      </trkpt>
      <trkpt lat="30.287097" lon="34.976986">
        <ele>345.4</ele>
        <time>2026-03-24T08:35:07.000Z</time>
        <extensions>
          <gpxtpx:TrackPointExtension>
            <gpxtpx:hr>146</gpxtpx:hr>
            <gpxtpx:cad>76</gpxtpx:cad>
            <gpxtpx:atemp>303.65</gpxtpx:atemp>
          </gpxtpx:TrackPointExtension>
        </extensions>
      </trkpt>
      <trkpt lat="30.287098" lon="34.977084">
        <ele>345.6</ele>
        <time>2026-03-24T08:35:12.000Z</time>
        <extensions>
          <gpxtpx:TrackPointExtension>
            <gpxtpx:hr>147</gpxtpx:hr>
            <gpxtpx:cad>77</gpxtpx:cad>
            <gpxtpx:atemp>303.65</gpxtpx:atemp>
          </gpxtpx:TrackPointExtension>
        </extensions>
      </trkpt>
      <trkpt lat="30.287118" lon="34.977204">
        <ele>346.4</ele>
        <time>2026-03-24T08:35:20.000Z</time>
        <extensions>
          <gpxtpx:TrackPointExtension>
            <gpxtpx:hr>150</gpxtpx:hr>
            <gpxtpx:cad>62</gpxtpx:cad>
            <gpxtpx:atemp>303.65</gpxtpx:atemp>
          </gpxtpx:TrackPointExtension>
        </extensions>
      </trkpt>
      <trkpt lat="30.287124" lon="34.977292">
        <ele>346.6</ele>
        <time>2026-03-24T08:35:26.000Z</time>
        <extensions>
          <gpxtpx:TrackPointExtension>
            <gpxtpx:hr>150</gpxtpx:hr>
            <gpxtpx:cad>57</gpxtpx:cad>
            <gpxtpx:atemp>303.65</gpxtpx:atemp>
          </gpxtpx:TrackPointExtension>
        </extensions>
      </trkpt>
      <trkpt lat="30.287121" lon="34.977398">
        <ele>347.0</ele>
        <time>2026-03-24T08:35:34.000Z</time>
        <extensions>
          <gpxtpx:TrackPointExtension>
            <gpxtpx:hr>150</gpxtpx:hr>
            <gpxtpx:cad>57</gpxtpx:cad>
            <gpxtpx:atemp>303.65</gpxtpx:atemp>
          </gpxtpx:TrackPointExtension>
        </extensions>
      </trkpt>
      <trkpt lat="30.287087" lon="34.977449">
        <ele>347.6</ele>
        <time>2026-03-24T08:35:38.000Z</time>
        <extensions>
          <gpxtpx:TrackPointExtension>
            <gpxtpx:hr>149</gpxtpx:hr>
            <gpxtpx:cad>57</gpxtpx:cad>
            <gpxtpx:atemp>303.65</gpxtpx:atemp>
          </gpxtpx:TrackPointExtension>
        </extensions>
      </trkpt>
      <trkpt lat="30.287072" lon="34.977562">
        <ele>348.2</ele>
        <time>2026-03-24T08:35:44.000Z</time>
        <extensions>
          <gpxtpx:TrackPointExtension>
            <gpxtpx:hr>150</gpxtpx:hr>
            <gpxtpx:cad>0</gpxtpx:cad>
            <gpxtpx:atemp>303.65</gpxtpx:atemp>
          </gpxtpx:TrackPointExtension>
        </extensions>
      </trkpt>
      <trkpt lat="30.287081" lon="34.977707">
        <ele>348.0</ele>
        <time>2026-03-24T08:35:54.000Z</time>
        <extensions>
          <gpxtpx:TrackPointExtension>
            <gpxtpx:hr>149</gpxtpx:hr>
            <gpxtpx:cad>58</gpxtpx:cad>
            <gpxtpx:atemp>303.65</gpxtpx:atemp>
          </gpxtpx:TrackPointExtension>
        </extensions>
      </trkpt>
      <trkpt lat="30.287062" lon="34.977806">
        <ele>348.0</ele>
        <time>2026-03-24T08:36:01.000Z</time>
        <extensions>
          <gpxtpx:TrackPointExtension>
            <gpxtpx:hr>146</gpxtpx:hr>
            <gpxtpx:cad>57</gpxtpx:cad>
            <gpxtpx:atemp>303.65</gpxtpx:atemp>
          </gpxtpx:TrackPointExtension>
        </extensions>
      </trkpt>
      <trkpt lat="30.287017" lon="34.977876">
        <ele>348.4</ele>
        <time>2026-03-24T08:36:07.000Z</time>
        <extensions>
          <gpxtpx:TrackPointExtension>
            <gpxtpx:hr>144</gpxtpx:hr>
            <gpxtpx:cad>55</gpxtpx:cad>
            <gpxtpx:atemp>303.65</gpxtpx:atemp>
          </gpxtpx:TrackPointExtension>
        </extensions>
      </trkpt>
      <trkpt lat="30.286939" lon="34.977958">
        <ele>348.4</ele>
        <time>2026-03-24T08:36:17.000Z</time>
        <extensions>
          <gpxtpx:TrackPointExtension>
            <gpxtpx:hr>140</gpxtpx:hr>
            <gpxtpx:cad>60</gpxtpx:cad>
            <gpxtpx:atemp>303.65</gpxtpx:atemp>
          </gpxtpx:TrackPointExtension>
        </extensions>
      </trkpt>
      <trkpt lat="30.286855" lon="34.978119">
        <ele>345.4</ele>
        <time>2026-03-24T08:36:29.000Z</time>
        <extensions>
          <gpxtpx:TrackPointExtension>
            <gpxtpx:hr>135</gpxtpx:hr>
            <gpxtpx:cad>71</gpxtpx:cad>
            <gpxtpx:atemp>302.65</gpxtpx:atemp>
          </gpxtpx:TrackPointExtension>
        </extensions>
      </trkpt>
      <trkpt lat="30.286840" lon="34.978171">
        <ele>344.6</ele>
        <time>2026-03-24T08:36:33.000Z</time>
        <extensions>
          <gpxtpx:TrackPointExtension>
            <gpxtpx:hr>132</gpxtpx:hr>
            <gpxtpx:cad>67</gpxtpx:cad>
            <gpxtpx:atemp>302.65</gpxtpx:atemp>
          </gpxtpx:TrackPointExtension>
        </extensions>
      </trkpt>
      <trkpt lat="30.286847" lon="34.978248">
        <ele>343.8</ele>
        <time>2026-03-24T08:36:38.000Z</time>
        <extensions>
          <gpxtpx:TrackPointExtension>
            <gpxtpx:hr>131</gpxtpx:hr>
            <gpxtpx:cad>65</gpxtpx:cad>
            <gpxtpx:atemp>302.65</gpxtpx:atemp>
          </gpxtpx:TrackPointExtension>
        </extensions>
      </trkpt>
      <trkpt lat="30.286862" lon="34.978279">
        <ele>343.6</ele>
        <time>2026-03-24T08:36:40.000Z</time>
        <extensions>
          <gpxtpx:TrackPointExtension>
            <gpxtpx:hr>129</gpxtpx:hr>
            <gpxtpx:cad>64</gpxtpx:cad>
            <gpxtpx:atemp>302.65</gpxtpx:atemp>
          </gpxtpx:TrackPointExtension>
        </extensions>
      </trkpt>
      <trkpt lat="30.286888" lon="34.978377">
        <ele>343.6</ele>
        <time>2026-03-24T08:36:45.000Z</time>
        <extensions>
          <gpxtpx:TrackPointExtension>
            <gpxtpx:hr>129</gpxtpx:hr>
            <gpxtpx:cad>73</gpxtpx:cad>
            <gpxtpx:atemp>302.65</gpxtpx:atemp>
          </gpxtpx:TrackPointExtension>
        </extensions>
      </trkpt>
      <trkpt lat="30.286889" lon="34.978507">
        <ele>342.0</ele>
        <time>2026-03-24T08:36:52.000Z</time>
        <extensions>
          <gpxtpx:TrackPointExtension>
            <gpxtpx:hr>129</gpxtpx:hr>
            <gpxtpx:cad>74</gpxtpx:cad>
            <gpxtpx:atemp>302.65</gpxtpx:atemp>
          </gpxtpx:TrackPointExtension>
        </extensions>
      </trkpt>
      <trkpt lat="30.286877" lon="34.978610">
        <ele>340.8</ele>
        <time>2026-03-24T08:36:58.000Z</time>
        <extensions>
          <gpxtpx:TrackPointExtension>
            <gpxtpx:hr>129</gpxtpx:hr>
            <gpxtpx:cad>73</gpxtpx:cad>
            <gpxtpx:atemp>302.65</gpxtpx:atemp>
          </gpxtpx:TrackPointExtension>
        </extensions>
      </trkpt>
      <trkpt lat="30.286831" lon="34.978696">
        <ele>339.6</ele>
        <time>2026-03-24T08:37:06.000Z</time>
        <extensions>
          <gpxtpx:TrackPointExtension>
            <gpxtpx:hr>129</gpxtpx:hr>
            <gpxtpx:cad>73</gpxtpx:cad>
            <gpxtpx:atemp>302.65</gpxtpx:atemp>
          </gpxtpx:TrackPointExtension>
        </extensions>
      </trkpt>
      <trkpt lat="30.286802" lon="34.978724">
        <ele>339.2</ele>
        <time>2026-03-24T08:37:16.000Z</time>
        <extensions>
          <gpxtpx:TrackPointExtension>
            <gpxtpx:hr>127</gpxtpx:hr>
            <gpxtpx:cad>0</gpxtpx:cad>
            <gpxtpx:atemp>302.65</gpxtpx:atemp>
          </gpxtpx:TrackPointExtension>
        </extensions>
      </trkpt>
      <trkpt lat="30.286785" lon="34.978808">
        <ele>338.4</ele>
        <time>2026-03-24T08:37:23.000Z</time>
        <extensions>
          <gpxtpx:TrackPointExtension>
            <gpxtpx:hr>121</gpxtpx:hr>
            <gpxtpx:cad>52</gpxtpx:cad>
            <gpxtpx:atemp>302.65</gpxtpx:atemp>
          </gpxtpx:TrackPointExtension>
        </extensions>
      </trkpt>
      <trkpt lat="30.286757" lon="34.978832">
        <ele>337.8</ele>
        <time>2026-03-24T08:37:31.000Z</time>
        <extensions>
          <gpxtpx:TrackPointExtension>
            <gpxtpx:hr>122</gpxtpx:hr>
            <gpxtpx:cad>0</gpxtpx:cad>
            <gpxtpx:atemp>302.65</gpxtpx:atemp>
          </gpxtpx:TrackPointExtension>
        </extensions>
      </trkpt>
      <trkpt lat="30.286717" lon="34.978910">
        <ele>338.2</ele>
        <time>2026-03-24T08:37:51.000Z</time>
        <extensions>
          <gpxtpx:TrackPointExtension>
            <gpxtpx:hr>117</gpxtpx:hr>
            <gpxtpx:cad>0</gpxtpx:cad>
            <gpxtpx:atemp>302.65</gpxtpx:atemp>
          </gpxtpx:TrackPointExtension>
        </extensions>
      </trkpt>
      <trkpt lat="30.286625" lon="34.978977">
        <ele>337.4</ele>
        <time>2026-03-24T08:38:00.000Z</time>
        <extensions>
          <gpxtpx:TrackPointExtension>
            <gpxtpx:hr>118</gpxtpx:hr>
            <gpxtpx:cad>56</gpxtpx:cad>
            <gpxtpx:atemp>302.65</gpxtpx:atemp>
          </gpxtpx:TrackPointExtension>
        </extensions>
      </trkpt>
      <trkpt lat="30.286562" lon="34.979062">
        <ele>336.0</ele>
        <time>2026-03-24T08:38:08.000Z</time>
        <extensions>
          <gpxtpx:TrackPointExtension>
            <gpxtpx:hr>118</gpxtpx:hr>
            <gpxtpx:cad>68</gpxtpx:cad>
            <gpxtpx:atemp>302.65</gpxtpx:atemp>
          </gpxtpx:TrackPointExtension>
        </extensions>
      </trkpt>
      <trkpt lat="30.286485" lon="34.979137">
        <ele>334.4</ele>
        <time>2026-03-24T08:38:16.000Z</time>
        <extensions>
          <gpxtpx:TrackPointExtension>
            <gpxtpx:hr>117</gpxtpx:hr>
            <gpxtpx:cad>62</gpxtpx:cad>
            <gpxtpx:atemp>302.65</gpxtpx:atemp>
          </gpxtpx:TrackPointExtension>
        </extensions>
      </trkpt>
      <trkpt lat="30.286430" lon="34.979221">
        <ele>332.4</ele>
        <time>2026-03-24T08:38:23.000Z</time>
        <extensions>
          <gpxtpx:TrackPointExtension>
            <gpxtpx:hr>115</gpxtpx:hr>
            <gpxtpx:cad>63</gpxtpx:cad>
            <gpxtpx:atemp>302.65</gpxtpx:atemp>
          </gpxtpx:TrackPointExtension>
        </extensions>
      </trkpt>
      <trkpt lat="30.286384" lon="34.979273">
        <ele>333.4</ele>
        <time>2026-03-24T08:38:28.000Z</time>
        <extensions>
          <gpxtpx:TrackPointExtension>
            <gpxtpx:hr>115</gpxtpx:hr>
            <gpxtpx:cad>62</gpxtpx:cad>
            <gpxtpx:atemp>302.65</gpxtpx:atemp>
          </gpxtpx:TrackPointExtension>
        </extensions>
      </trkpt>
      <trkpt lat="30.286363" lon="34.979319">
        <ele>332.4</ele>
        <time>2026-03-24T08:38:35.000Z</time>
        <extensions>
          <gpxtpx:TrackPointExtension>
            <gpxtpx:hr>116</gpxtpx:hr>
            <gpxtpx:cad>56</gpxtpx:cad>
            <gpxtpx:atemp>302.65</gpxtpx:atemp>
          </gpxtpx:TrackPointExtension>
        </extensions>
      </trkpt>
      <trkpt lat="30.286339" lon="34.979388">
        <ele>330.8</ele>
        <time>2026-03-24T08:38:51.000Z</time>
        <extensions>
          <gpxtpx:TrackPointExtension>
            <gpxtpx:hr>119</gpxtpx:hr>
            <gpxtpx:cad>0</gpxtpx:cad>
            <gpxtpx:atemp>302.65</gpxtpx:atemp>
          </gpxtpx:TrackPointExtension>
        </extensions>
      </trkpt>
      <trkpt lat="30.286304" lon="34.979393">
        <ele>329.4</ele>
        <time>2026-03-24T08:38:59.000Z</time>
        <extensions>
          <gpxtpx:TrackPointExtension>
            <gpxtpx:hr>118</gpxtpx:hr>
            <gpxtpx:cad>0</gpxtpx:cad>
            <gpxtpx:atemp>302.65</gpxtpx:atemp>
          </gpxtpx:TrackPointExtension>
        </extensions>
      </trkpt>
      <trkpt lat="30.286303" lon="34.979420">
        <ele>328.6</ele>
        <time>2026-03-24T08:39:08.000Z</time>
        <extensions>
          <gpxtpx:TrackPointExtension>
            <gpxtpx:hr>118</gpxtpx:hr>
            <gpxtpx:cad>0</gpxtpx:cad>
            <gpxtpx:atemp>302.65</gpxtpx:atemp>
          </gpxtpx:TrackPointExtension>
        </extensions>
      </trkpt>
      <trkpt lat="30.286323" lon="34.979473">
        <ele>327.4</ele>
        <time>2026-03-24T08:39:15.000Z</time>
        <extensions>
          <gpxtpx:TrackPointExtension>
            <gpxtpx:hr>118</gpxtpx:hr>
            <gpxtpx:cad>0</gpxtpx:cad>
            <gpxtpx:atemp>302.65</gpxtpx:atemp>
          </gpxtpx:TrackPointExtension>
        </extensions>
      </trkpt>
      <trkpt lat="30.286313" lon="34.979563">
        <ele>326.2</ele>
        <time>2026-03-24T08:39:23.000Z</time>
        <extensions>
          <gpxtpx:TrackPointExtension>
            <gpxtpx:hr>116</gpxtpx:hr>
            <gpxtpx:cad>62</gpxtpx:cad>
            <gpxtpx:atemp>302.65</gpxtpx:atemp>
          </gpxtpx:TrackPointExtension>
        </extensions>
      </trkpt>
      <trkpt lat="30.286248" lon="34.979608">
        <ele>326.2</ele>
        <time>2026-03-24T08:39:29.000Z</time>
        <extensions>
          <gpxtpx:TrackPointExtension>
            <gpxtpx:hr>117</gpxtpx:hr>
            <gpxtpx:cad>59</gpxtpx:cad>
            <gpxtpx:atemp>302.65</gpxtpx:atemp>
          </gpxtpx:TrackPointExtension>
        </extensions>
      </trkpt>
      <trkpt lat="30.286201" lon="34.979714">
        <ele>325.2</ele>
        <time>2026-03-24T08:39:37.000Z</time>
        <extensions>
          <gpxtpx:TrackPointExtension>
            <gpxtpx:hr>118</gpxtpx:hr>
            <gpxtpx:cad>66</gpxtpx:cad>
            <gpxtpx:atemp>302.65</gpxtpx:atemp>
          </gpxtpx:TrackPointExtension>
        </extensions>
      </trkpt>
      <trkpt lat="30.286127" lon="34.979740">
        <ele>324.4</ele>
        <time>2026-03-24T08:39:42.000Z</time>
        <extensions>
          <gpxtpx:TrackPointExtension>
            <gpxtpx:hr>119</gpxtpx:hr>
            <gpxtpx:cad>70</gpxtpx:cad>
            <gpxtpx:atemp>302.65</gpxtpx:atemp>
          </gpxtpx:TrackPointExtension>
        </extensions>
      </trkpt>
      <trkpt lat="30.286055" lon="34.979748">
        <ele>324.0</ele>
        <time>2026-03-24T08:39:48.000Z</time>
        <extensions>
          <gpxtpx:TrackPointExtension>
            <gpxtpx:hr>119</gpxtpx:hr>
            <gpxtpx:cad>71</gpxtpx:cad>
            <gpxtpx:atemp>303.65</gpxtpx:atemp>
          </gpxtpx:TrackPointExtension>
        </extensions>
      </trkpt>
      <trkpt lat="30.285899" lon="34.979807">
        <ele>323.2</ele>
        <time>2026-03-24T08:39:59.000Z</time>
        <extensions>
          <gpxtpx:TrackPointExtension>
            <gpxtpx:hr>119</gpxtpx:hr>
            <gpxtpx:cad>70</gpxtpx:cad>
            <gpxtpx:atemp>303.65</gpxtpx:atemp>
          </gpxtpx:TrackPointExtension>
        </extensions>
      </trkpt>
      <trkpt lat="30.285836" lon="34.979813">
        <ele>321.6</ele>
        <time>2026-03-24T08:40:06.000Z</time>
        <extensions>
          <gpxtpx:TrackPointExtension>
            <gpxtpx:hr>121</gpxtpx:hr>
            <gpxtpx:cad>67</gpxtpx:cad>
            <gpxtpx:atemp>303.65</gpxtpx:atemp>
          </gpxtpx:TrackPointExtension>
        </extensions>
      </trkpt>
      <trkpt lat="30.285787" lon="34.979790">
        <ele>321.4</ele>
        <time>2026-03-24T08:40:17.000Z</time>
        <extensions>
          <gpxtpx:TrackPointExtension>
            <gpxtpx:hr>122</gpxtpx:hr>
            <gpxtpx:cad>0</gpxtpx:cad>
            <gpxtpx:atemp>303.65</gpxtpx:atemp>
          </gpxtpx:TrackPointExtension>
        </extensions>
      </trkpt>
      <trkpt lat="30.285749" lon="34.979776">
        <ele>321.2</ele>
        <time>2026-03-24T08:40:22.000Z</time>
        <extensions>
          <gpxtpx:TrackPointExtension>
            <gpxtpx:hr>121</gpxtpx:hr>
            <gpxtpx:cad>0</gpxtpx:cad>
            <gpxtpx:atemp>303.65</gpxtpx:atemp>
          </gpxtpx:TrackPointExtension>
        </extensions>
      </trkpt>
      <trkpt lat="30.285642" lon="34.979797">
        <ele>319.6</ele>
        <time>2026-03-24T08:40:31.000Z</time>
        <extensions>
          <gpxtpx:TrackPointExtension>
            <gpxtpx:hr>119</gpxtpx:hr>
            <gpxtpx:cad>0</gpxtpx:cad>
            <gpxtpx:atemp>303.65</gpxtpx:atemp>
          </gpxtpx:TrackPointExtension>
        </extensions>
      </trkpt>
      <trkpt lat="30.285453" lon="34.979918">
        <ele>320.8</ele>
        <time>2026-03-24T08:40:43.000Z</time>
        <extensions>
          <gpxtpx:TrackPointExtension>
            <gpxtpx:hr>122</gpxtpx:hr>
            <gpxtpx:cad>76</gpxtpx:cad>
            <gpxtpx:atemp>303.65</gpxtpx:atemp>
          </gpxtpx:TrackPointExtension>
        </extensions>
      </trkpt>
      <trkpt lat="30.285399" lon="34.979975">
        <ele>320.2</ele>
        <time>2026-03-24T08:40:47.000Z</time>
        <extensions>
          <gpxtpx:TrackPointExtension>
            <gpxtpx:hr>125</gpxtpx:hr>
            <gpxtpx:cad>75</gpxtpx:cad>
            <gpxtpx:atemp>303.65</gpxtpx:atemp>
          </gpxtpx:TrackPointExtension>
        </extensions>
      </trkpt>
      <trkpt lat="30.285335" lon="34.980057">
        <ele>319.2</ele>
        <time>2026-03-24T08:40:54.000Z</time>
        <extensions>
          <gpxtpx:TrackPointExtension>
            <gpxtpx:hr>128</gpxtpx:hr>
            <gpxtpx:cad>76</gpxtpx:cad>
            <gpxtpx:atemp>303.65</gpxtpx:atemp>
          </gpxtpx:TrackPointExtension>
        </extensions>
      </trkpt>
      <trkpt lat="30.285186" lon="34.980172">
        <ele>319.4</ele>
        <time>2026-03-24T08:41:04.000Z</time>
        <extensions>
          <gpxtpx:TrackPointExtension>
            <gpxtpx:hr>131</gpxtpx:hr>
            <gpxtpx:cad>78</gpxtpx:cad>
            <gpxtpx:atemp>303.65</gpxtpx:atemp>
          </gpxtpx:TrackPointExtension>
        </extensions>
      </trkpt>
      <trkpt lat="30.285126" lon="34.980228">
        <ele>318.8</ele>
        <time>2026-03-24T08:41:08.000Z</time>
        <extensions>
          <gpxtpx:TrackPointExtension>
            <gpxtpx:hr>134</gpxtpx:hr>
            <gpxtpx:cad>77</gpxtpx:cad>
            <gpxtpx:atemp>303.65</gpxtpx:atemp>
          </gpxtpx:TrackPointExtension>
        </extensions>
      </trkpt>
      <trkpt lat="30.285011" lon="34.980320">
        <ele>318.4</ele>
        <time>2026-03-24T08:41:16.000Z</time>
        <extensions>
          <gpxtpx:TrackPointExtension>
            <gpxtpx:hr>133</gpxtpx:hr>
            <gpxtpx:cad>76</gpxtpx:cad>
            <gpxtpx:atemp>303.65</gpxtpx:atemp>
          </gpxtpx:TrackPointExtension>
        </extensions>
      </trkpt>
      <trkpt lat="30.284841" lon="34.980429">
        <ele>317.4</ele>
        <time>2026-03-24T08:41:27.000Z</time>
        <extensions>
          <gpxtpx:TrackPointExtension>
            <gpxtpx:hr>134</gpxtpx:hr>
            <gpxtpx:cad>76</gpxtpx:cad>
            <gpxtpx:atemp>303.65</gpxtpx:atemp>
          </gpxtpx:TrackPointExtension>
        </extensions>
      </trkpt>
      <trkpt lat="30.284795" lon="34.980490">
        <ele>317.4</ele>
        <time>2026-03-24T08:41:31.000Z</time>
        <extensions>
          <gpxtpx:TrackPointExtension>
            <gpxtpx:hr>135</gpxtpx:hr>
            <gpxtpx:cad>77</gpxtpx:cad>
            <gpxtpx:atemp>303.65</gpxtpx:atemp>
          </gpxtpx:TrackPointExtension>
        </extensions>
      </trkpt>
      <trkpt lat="30.284743" lon="34.980596">
        <ele>316.4</ele>
        <time>2026-03-24T08:41:36.000Z</time>
        <extensions>
          <gpxtpx:TrackPointExtension>
            <gpxtpx:hr>135</gpxtpx:hr>
            <gpxtpx:cad>76</gpxtpx:cad>
            <gpxtpx:atemp>303.65</gpxtpx:atemp>
          </gpxtpx:TrackPointExtension>
        </extensions>
      </trkpt>
      <trkpt lat="30.284689" lon="34.980653">
        <ele>315.8</ele>
        <time>2026-03-24T08:41:43.000Z</time>
        <extensions>
          <gpxtpx:TrackPointExtension>
            <gpxtpx:hr>137</gpxtpx:hr>
            <gpxtpx:cad>75</gpxtpx:cad>
            <gpxtpx:atemp>303.65</gpxtpx:atemp>
          </gpxtpx:TrackPointExtension>
        </extensions>
      </trkpt>
      <trkpt lat="30.284627" lon="34.980738">
        <ele>314.8</ele>
        <time>2026-03-24T08:41:51.000Z</time>
        <extensions>
          <gpxtpx:TrackPointExtension>
            <gpxtpx:hr>138</gpxtpx:hr>
            <gpxtpx:cad>56</gpxtpx:cad>
            <gpxtpx:atemp>303.65</gpxtpx:atemp>
          </gpxtpx:TrackPointExtension>
        </extensions>
      </trkpt>
      <trkpt lat="30.284597" lon="34.980810">
        <ele>312.8</ele>
        <time>2026-03-24T08:42:27.000Z</time>
        <extensions>
          <gpxtpx:TrackPointExtension>
            <gpxtpx:hr>128</gpxtpx:hr>
            <gpxtpx:cad>0</gpxtpx:cad>
            <gpxtpx:atemp>303.65</gpxtpx:atemp>
          </gpxtpx:TrackPointExtension>
        </extensions>
      </trkpt>
      <trkpt lat="30.284670" lon="34.980853">
        <ele>311.0</ele>
        <time>2026-03-24T08:42:36.000Z</time>
        <extensions>
          <gpxtpx:TrackPointExtension>
            <gpxtpx:hr>121</gpxtpx:hr>
            <gpxtpx:cad>0</gpxtpx:cad>
            <gpxtpx:atemp>303.65</gpxtpx:atemp>
          </gpxtpx:TrackPointExtension>
        </extensions>
      </trkpt>
      <trkpt lat="30.284677" lon="34.980878">
        <ele>309.8</ele>
        <time>2026-03-24T08:42:43.000Z</time>
        <extensions>
          <gpxtpx:TrackPointExtension>
            <gpxtpx:hr>120</gpxtpx:hr>
            <gpxtpx:cad>0</gpxtpx:cad>
            <gpxtpx:atemp>303.65</gpxtpx:atemp>
          </gpxtpx:TrackPointExtension>
        </extensions>
      </trkpt>
      <trkpt lat="30.284703" lon="34.980911">
        <ele>308.4</ele>
        <time>2026-03-24T08:42:52.000Z</time>
        <extensions>
          <gpxtpx:TrackPointExtension>
            <gpxtpx:hr>117</gpxtpx:hr>
            <gpxtpx:cad>0</gpxtpx:cad>
            <gpxtpx:atemp>303.65</gpxtpx:atemp>
          </gpxtpx:TrackPointExtension>
        </extensions>
      </trkpt>
      <trkpt lat="30.284739" lon="34.980975">
        <ele>305.6</ele>
        <time>2026-03-24T08:43:08.000Z</time>
        <extensions>
          <gpxtpx:TrackPointExtension>
            <gpxtpx:hr>116</gpxtpx:hr>
            <gpxtpx:cad>0</gpxtpx:cad>
            <gpxtpx:atemp>303.65</gpxtpx:atemp>
          </gpxtpx:TrackPointExtension>
        </extensions>
      </trkpt>
      <trkpt lat="30.284742" lon="34.981011">
        <ele>304.8</ele>
        <time>2026-03-24T08:43:15.000Z</time>
        <extensions>
          <gpxtpx:TrackPointExtension>
            <gpxtpx:hr>121</gpxtpx:hr>
            <gpxtpx:cad>0</gpxtpx:cad>
            <gpxtpx:atemp>303.65</gpxtpx:atemp>
          </gpxtpx:TrackPointExtension>
        </extensions>
      </trkpt>
      <trkpt lat="30.284777" lon="34.981057">
        <ele>304.0</ele>
        <time>2026-03-24T08:43:22.000Z</time>
        <extensions>
          <gpxtpx:TrackPointExtension>
            <gpxtpx:hr>123</gpxtpx:hr>
            <gpxtpx:cad>62</gpxtpx:cad>
            <gpxtpx:atemp>304.65</gpxtpx:atemp>
          </gpxtpx:TrackPointExtension>
        </extensions>
      </trkpt>
      <trkpt lat="30.284808" lon="34.981092">
        <ele>303.4</ele>
        <time>2026-03-24T08:43:26.000Z</time>
        <extensions>
          <gpxtpx:TrackPointExtension>
            <gpxtpx:hr>122</gpxtpx:hr>
            <gpxtpx:cad>63</gpxtpx:cad>
            <gpxtpx:atemp>304.65</gpxtpx:atemp>
          </gpxtpx:TrackPointExtension>
        </extensions>
      </trkpt>
      <trkpt lat="30.284846" lon="34.981153">
        <ele>301.8</ele>
        <time>2026-03-24T08:43:34.000Z</time>
        <extensions>
          <gpxtpx:TrackPointExtension>
            <gpxtpx:hr>126</gpxtpx:hr>
            <gpxtpx:cad>65</gpxtpx:cad>
            <gpxtpx:atemp>304.65</gpxtpx:atemp>
          </gpxtpx:TrackPointExtension>
        </extensions>
      </trkpt>
      <trkpt lat="30.284804" lon="34.981257">
        <ele>300.2</ele>
        <time>2026-03-24T08:43:42.000Z</time>
        <extensions>
          <gpxtpx:TrackPointExtension>
            <gpxtpx:hr>123</gpxtpx:hr>
            <gpxtpx:cad>68</gpxtpx:cad>
            <gpxtpx:atemp>304.65</gpxtpx:atemp>
          </gpxtpx:TrackPointExtension>
        </extensions>
      </trkpt>
      <trkpt lat="30.284790" lon="34.981316">
        <ele>299.8</ele>
        <time>2026-03-24T08:43:45.000Z</time>
        <extensions>
          <gpxtpx:TrackPointExtension>
            <gpxtpx:hr>122</gpxtpx:hr>
            <gpxtpx:cad>72</gpxtpx:cad>
            <gpxtpx:atemp>304.65</gpxtpx:atemp>
          </gpxtpx:TrackPointExtension>
        </extensions>
      </trkpt>
      <trkpt lat="30.284821" lon="34.981490">
        <ele>298.8</ele>
        <time>2026-03-24T08:43:54.000Z</time>
        <extensions>
          <gpxtpx:TrackPointExtension>
            <gpxtpx:hr>125</gpxtpx:hr>
            <gpxtpx:cad>71</gpxtpx:cad>
            <gpxtpx:atemp>304.65</gpxtpx:atemp>
          </gpxtpx:TrackPointExtension>
        </extensions>
      </trkpt>
      <trkpt lat="30.284808" lon="34.981554">
        <ele>298.0</ele>
        <time>2026-03-24T08:43:58.000Z</time>
        <extensions>
          <gpxtpx:TrackPointExtension>
            <gpxtpx:hr>125</gpxtpx:hr>
            <gpxtpx:cad>70</gpxtpx:cad>
            <gpxtpx:atemp>304.65</gpxtpx:atemp>
          </gpxtpx:TrackPointExtension>
        </extensions>
      </trkpt>
      <trkpt lat="30.284852" lon="34.981654">
        <ele>296.6</ele>
        <time>2026-03-24T08:44:04.000Z</time>
        <extensions>
          <gpxtpx:TrackPointExtension>
            <gpxtpx:hr>125</gpxtpx:hr>
            <gpxtpx:cad>71</gpxtpx:cad>
            <gpxtpx:atemp>304.65</gpxtpx:atemp>
          </gpxtpx:TrackPointExtension>
        </extensions>
      </trkpt>
      <trkpt lat="30.284842" lon="34.981764">
        <ele>297.2</ele>
        <time>2026-03-24T08:44:09.000Z</time>
        <extensions>
          <gpxtpx:TrackPointExtension>
            <gpxtpx:hr>124</gpxtpx:hr>
            <gpxtpx:cad>76</gpxtpx:cad>
            <gpxtpx:atemp>304.65</gpxtpx:atemp>
          </gpxtpx:TrackPointExtension>
        </extensions>
      </trkpt>
      <trkpt lat="30.284860" lon="34.981845">
        <ele>297.8</ele>
        <time>2026-03-24T08:44:13.000Z</time>
        <extensions>
          <gpxtpx:TrackPointExtension>
            <gpxtpx:hr>122</gpxtpx:hr>
            <gpxtpx:cad>75</gpxtpx:cad>
            <gpxtpx:atemp>304.65</gpxtpx:atemp>
          </gpxtpx:TrackPointExtension>
        </extensions>
      </trkpt>
      <trkpt lat="30.284878" lon="34.981894">
        <ele>298.0</ele>
        <time>2026-03-24T08:44:15.000Z</time>
        <extensions>
          <gpxtpx:TrackPointExtension>
            <gpxtpx:hr>122</gpxtpx:hr>
            <gpxtpx:cad>74</gpxtpx:cad>
            <gpxtpx:atemp>304.65</gpxtpx:atemp>
          </gpxtpx:TrackPointExtension>
        </extensions>
      </trkpt>
      <trkpt lat="30.284884" lon="34.981988">
        <ele>297.0</ele>
        <time>2026-03-24T08:44:19.000Z</time>
        <extensions>
          <gpxtpx:TrackPointExtension>
            <gpxtpx:hr>126</gpxtpx:hr>
            <gpxtpx:cad>74</gpxtpx:cad>
            <gpxtpx:atemp>304.65</gpxtpx:atemp>
          </gpxtpx:TrackPointExtension>
        </extensions>
      </trkpt>
      <trkpt lat="30.284915" lon="34.982091">
        <ele>295.8</ele>
        <time>2026-03-24T08:44:25.000Z</time>
        <extensions>
          <gpxtpx:TrackPointExtension>
            <gpxtpx:hr>136</gpxtpx:hr>
            <gpxtpx:cad>75</gpxtpx:cad>
            <gpxtpx:atemp>303.65</gpxtpx:atemp>
          </gpxtpx:TrackPointExtension>
        </extensions>
      </trkpt>
      <trkpt lat="30.284901" lon="34.982167">
        <ele>295.2</ele>
        <time>2026-03-24T08:44:29.000Z</time>
        <extensions>
          <gpxtpx:TrackPointExtension>
            <gpxtpx:hr>140</gpxtpx:hr>
            <gpxtpx:cad>75</gpxtpx:cad>
            <gpxtpx:atemp>303.65</gpxtpx:atemp>
          </gpxtpx:TrackPointExtension>
        </extensions>
      </trkpt>
      <trkpt lat="30.284910" lon="34.982270">
        <ele>295.6</ele>
        <time>2026-03-24T08:44:34.000Z</time>
        <extensions>
          <gpxtpx:TrackPointExtension>
            <gpxtpx:hr>142</gpxtpx:hr>
            <gpxtpx:cad>69</gpxtpx:cad>
            <gpxtpx:atemp>303.65</gpxtpx:atemp>
          </gpxtpx:TrackPointExtension>
        </extensions>
      </trkpt>
      <trkpt lat="30.284922" lon="34.982347">
        <ele>295.2</ele>
        <time>2026-03-24T08:44:38.000Z</time>
        <extensions>
          <gpxtpx:TrackPointExtension>
            <gpxtpx:hr>143</gpxtpx:hr>
            <gpxtpx:cad>69</gpxtpx:cad>
            <gpxtpx:atemp>303.65</gpxtpx:atemp>
          </gpxtpx:TrackPointExtension>
        </extensions>
      </trkpt>
      <trkpt lat="30.284978" lon="34.982416">
        <ele>294.4</ele>
        <time>2026-03-24T08:44:43.000Z</time>
        <extensions>
          <gpxtpx:TrackPointExtension>
            <gpxtpx:hr>144</gpxtpx:hr>
            <gpxtpx:cad>70</gpxtpx:cad>
            <gpxtpx:atemp>303.65</gpxtpx:atemp>
          </gpxtpx:TrackPointExtension>
        </extensions>
      </trkpt>
      <trkpt lat="30.285021" lon="34.982518">
        <ele>295.2</ele>
        <time>2026-03-24T08:44:49.000Z</time>
        <extensions>
          <gpxtpx:TrackPointExtension>
            <gpxtpx:hr>145</gpxtpx:hr>
            <gpxtpx:cad>73</gpxtpx:cad>
            <gpxtpx:atemp>303.65</gpxtpx:atemp>
          </gpxtpx:TrackPointExtension>
        </extensions>
      </trkpt>
      <trkpt lat="30.285054" lon="34.982565">
        <ele>295.4</ele>
        <time>2026-03-24T08:44:52.000Z</time>
        <extensions>
          <gpxtpx:TrackPointExtension>
            <gpxtpx:hr>145</gpxtpx:hr>
            <gpxtpx:cad>73</gpxtpx:cad>
            <gpxtpx:atemp>303.65</gpxtpx:atemp>
          </gpxtpx:TrackPointExtension>
        </extensions>
      </trkpt>
      <trkpt lat="30.285077" lon="34.982698">
        <ele>295.8</ele>
        <time>2026-03-24T08:44:58.000Z</time>
        <extensions>
          <gpxtpx:TrackPointExtension>
            <gpxtpx:hr>147</gpxtpx:hr>
            <gpxtpx:cad>75</gpxtpx:cad>
            <gpxtpx:atemp>303.65</gpxtpx:atemp>
          </gpxtpx:TrackPointExtension>
        </extensions>
      </trkpt>
      <trkpt lat="30.285099" lon="34.982889">
        <ele>296.0</ele>
        <time>2026-03-24T08:45:07.000Z</time>
        <extensions>
          <gpxtpx:TrackPointExtension>
            <gpxtpx:hr>150</gpxtpx:hr>
            <gpxtpx:cad>77</gpxtpx:cad>
            <gpxtpx:atemp>303.65</gpxtpx:atemp>
          </gpxtpx:TrackPointExtension>
        </extensions>
      </trkpt>
      <trkpt lat="30.285140" lon="34.982970">
        <ele>296.2</ele>
        <time>2026-03-24T08:45:11.000Z</time>
        <extensions>
          <gpxtpx:TrackPointExtension>
            <gpxtpx:hr>153</gpxtpx:hr>
            <gpxtpx:cad>76</gpxtpx:cad>
            <gpxtpx:atemp>303.65</gpxtpx:atemp>
          </gpxtpx:TrackPointExtension>
        </extensions>
      </trkpt>
      <trkpt lat="30.285201" lon="34.983058">
        <ele>296.6</ele>
        <time>2026-03-24T08:45:16.000Z</time>
        <extensions>
          <gpxtpx:TrackPointExtension>
            <gpxtpx:hr>156</gpxtpx:hr>
            <gpxtpx:cad>78</gpxtpx:cad>
            <gpxtpx:atemp>303.65</gpxtpx:atemp>
          </gpxtpx:TrackPointExtension>
        </extensions>
      </trkpt>
      <trkpt lat="30.285241" lon="34.983144">
        <ele>297.2</ele>
        <time>2026-03-24T08:45:21.000Z</time>
        <extensions>
          <gpxtpx:TrackPointExtension>
            <gpxtpx:hr>159</gpxtpx:hr>
            <gpxtpx:cad>77</gpxtpx:cad>
            <gpxtpx:atemp>303.65</gpxtpx:atemp>
          </gpxtpx:TrackPointExtension>
        </extensions>
      </trkpt>
      <trkpt lat="30.285327" lon="34.983286">
        <ele>297.4</ele>
        <time>2026-03-24T08:45:29.000Z</time>
        <extensions>
          <gpxtpx:TrackPointExtension>
            <gpxtpx:hr>161</gpxtpx:hr>
            <gpxtpx:cad>78</gpxtpx:cad>
            <gpxtpx:atemp>303.65</gpxtpx:atemp>
          </gpxtpx:TrackPointExtension>
        </extensions>
      </trkpt>
      <trkpt lat="30.285375" lon="34.983374">
        <ele>297.8</ele>
        <time>2026-03-24T08:45:34.000Z</time>
        <extensions>
          <gpxtpx:TrackPointExtension>
            <gpxtpx:hr>163</gpxtpx:hr>
            <gpxtpx:cad>78</gpxtpx:cad>
            <gpxtpx:atemp>303.65</gpxtpx:atemp>
          </gpxtpx:TrackPointExtension>
        </extensions>
      </trkpt>
      <trkpt lat="30.285459" lon="34.983452">
        <ele>298.2</ele>
        <time>2026-03-24T08:45:40.000Z</time>
        <extensions>
          <gpxtpx:TrackPointExtension>
            <gpxtpx:hr>159</gpxtpx:hr>
            <gpxtpx:cad>76</gpxtpx:cad>
            <gpxtpx:atemp>303.65</gpxtpx:atemp>
          </gpxtpx:TrackPointExtension>
        </extensions>
      </trkpt>
      <trkpt lat="30.285533" lon="34.983512">
        <ele>298.6</ele>
        <time>2026-03-24T08:45:45.000Z</time>
        <extensions>
          <gpxtpx:TrackPointExtension>
            <gpxtpx:hr>158</gpxtpx:hr>
            <gpxtpx:cad>75</gpxtpx:cad>
            <gpxtpx:atemp>303.65</gpxtpx:atemp>
          </gpxtpx:TrackPointExtension>
        </extensions>
      </trkpt>
      <trkpt lat="30.285586" lon="34.983522">
        <ele>298.8</ele>
        <time>2026-03-24T08:45:48.000Z</time>
        <extensions>
          <gpxtpx:TrackPointExtension>
            <gpxtpx:hr>158</gpxtpx:hr>
            <gpxtpx:cad>76</gpxtpx:cad>
            <gpxtpx:atemp>303.65</gpxtpx:atemp>
          </gpxtpx:TrackPointExtension>
        </extensions>
      </trkpt>
      <trkpt lat="30.285668" lon="34.983611">
        <ele>299.0</ele>
        <time>2026-03-24T08:45:55.000Z</time>
        <extensions>
          <gpxtpx:TrackPointExtension>
            <gpxtpx:hr>159</gpxtpx:hr>
            <gpxtpx:cad>75</gpxtpx:cad>
            <gpxtpx:atemp>303.65</gpxtpx:atemp>
          </gpxtpx:TrackPointExtension>
        </extensions>
      </trkpt>
      <trkpt lat="30.285756" lon="34.983667">
        <ele>299.8</ele>
        <time>2026-03-24T08:46:04.000Z</time>
        <extensions>
          <gpxtpx:TrackPointExtension>
            <gpxtpx:hr>160</gpxtpx:hr>
            <gpxtpx:cad>0</gpxtpx:cad>
            <gpxtpx:atemp>303.65</gpxtpx:atemp>
          </gpxtpx:TrackPointExtension>
        </extensions>
      </trkpt>
      <trkpt lat="30.285804" lon="34.983718">
        <ele>299.8</ele>
        <time>2026-03-24T08:46:08.000Z</time>
        <extensions>
          <gpxtpx:TrackPointExtension>
            <gpxtpx:hr>160</gpxtpx:hr>
            <gpxtpx:cad>0</gpxtpx:cad>
            <gpxtpx:atemp>303.65</gpxtpx:atemp>
          </gpxtpx:TrackPointExtension>
        </extensions>
      </trkpt>
      <trkpt lat="30.285853" lon="34.983752">
        <ele>300.4</ele>
        <time>2026-03-24T08:46:13.000Z</time>
        <extensions>
          <gpxtpx:TrackPointExtension>
            <gpxtpx:hr>160</gpxtpx:hr>
            <gpxtpx:cad>0</gpxtpx:cad>
            <gpxtpx:atemp>303.65</gpxtpx:atemp>
          </gpxtpx:TrackPointExtension>
        </extensions>
      </trkpt>
      <trkpt lat="30.285898" lon="34.983818">
        <ele>300.4</ele>
        <time>2026-03-24T08:46:18.000Z</time>
        <extensions>
          <gpxtpx:TrackPointExtension>
            <gpxtpx:hr>159</gpxtpx:hr>
            <gpxtpx:cad>57</gpxtpx:cad>
            <gpxtpx:atemp>304.65</gpxtpx:atemp>
          </gpxtpx:TrackPointExtension>
        </extensions>
      </trkpt>
      <trkpt lat="30.285916" lon="34.983867">
        <ele>300.0</ele>
        <time>2026-03-24T08:46:22.000Z</time>
        <extensions>
          <gpxtpx:TrackPointExtension>
            <gpxtpx:hr>159</gpxtpx:hr>
            <gpxtpx:cad>66</gpxtpx:cad>
            <gpxtpx:atemp>304.65</gpxtpx:atemp>
          </gpxtpx:TrackPointExtension>
        </extensions>
      </trkpt>
      <trkpt lat="30.285969" lon="34.983978">
        <ele>298.4</ele>
        <time>2026-03-24T08:46:31.000Z</time>
        <extensions>
          <gpxtpx:TrackPointExtension>
            <gpxtpx:hr>156</gpxtpx:hr>
            <gpxtpx:cad>66</gpxtpx:cad>
            <gpxtpx:atemp>304.65</gpxtpx:atemp>
          </gpxtpx:TrackPointExtension>
        </extensions>
      </trkpt>
      <trkpt lat="30.286023" lon="34.984060">
        <ele>297.2</ele>
        <time>2026-03-24T08:46:36.000Z</time>
        <extensions>
          <gpxtpx:TrackPointExtension>
            <gpxtpx:hr>155</gpxtpx:hr>
            <gpxtpx:cad>66</gpxtpx:cad>
            <gpxtpx:atemp>304.65</gpxtpx:atemp>
          </gpxtpx:TrackPointExtension>
        </extensions>
      </trkpt>
      <trkpt lat="30.286099" lon="34.984098">
        <ele>297.2</ele>
        <time>2026-03-24T08:46:42.000Z</time>
        <extensions>
          <gpxtpx:TrackPointExtension>
            <gpxtpx:hr>156</gpxtpx:hr>
            <gpxtpx:cad>69</gpxtpx:cad>
            <gpxtpx:atemp>304.65</gpxtpx:atemp>
          </gpxtpx:TrackPointExtension>
        </extensions>
      </trkpt>
      <trkpt lat="30.286202" lon="34.984106">
        <ele>298.4</ele>
        <time>2026-03-24T08:46:49.000Z</time>
        <extensions>
          <gpxtpx:TrackPointExtension>
            <gpxtpx:hr>148</gpxtpx:hr>
            <gpxtpx:cad>75</gpxtpx:cad>
            <gpxtpx:atemp>304.65</gpxtpx:atemp>
          </gpxtpx:TrackPointExtension>
        </extensions>
      </trkpt>
      <trkpt lat="30.286265" lon="34.984128">
        <ele>298.6</ele>
        <time>2026-03-24T08:46:55.000Z</time>
        <extensions>
          <gpxtpx:TrackPointExtension>
            <gpxtpx:hr>146</gpxtpx:hr>
            <gpxtpx:cad>74</gpxtpx:cad>
            <gpxtpx:atemp>304.65</gpxtpx:atemp>
          </gpxtpx:TrackPointExtension>
        </extensions>
      </trkpt>
      <trkpt lat="30.286299" lon="34.984171">
        <ele>298.2</ele>
        <time>2026-03-24T08:46:59.000Z</time>
        <extensions>
          <gpxtpx:TrackPointExtension>
            <gpxtpx:hr>145</gpxtpx:hr>
            <gpxtpx:cad>61</gpxtpx:cad>
            <gpxtpx:atemp>304.65</gpxtpx:atemp>
          </gpxtpx:TrackPointExtension>
        </extensions>
      </trkpt>
      <trkpt lat="30.286428" lon="34.984236">
        <ele>298.8</ele>
        <time>2026-03-24T08:47:09.000Z</time>
        <extensions>
          <gpxtpx:TrackPointExtension>
            <gpxtpx:hr>147</gpxtpx:hr>
            <gpxtpx:cad>57</gpxtpx:cad>
            <gpxtpx:atemp>304.65</gpxtpx:atemp>
          </gpxtpx:TrackPointExtension>
        </extensions>
      </trkpt>
      <trkpt lat="30.286493" lon="34.984244">
        <ele>298.6</ele>
        <time>2026-03-24T08:47:16.000Z</time>
        <extensions>
          <gpxtpx:TrackPointExtension>
            <gpxtpx:hr>149</gpxtpx:hr>
            <gpxtpx:cad>75</gpxtpx:cad>
            <gpxtpx:atemp>304.65</gpxtpx:atemp>
          </gpxtpx:TrackPointExtension>
        </extensions>
      </trkpt>
      <trkpt lat="30.286487" lon="34.984309">
        <ele>297.2</ele>
        <time>2026-03-24T08:47:23.000Z</time>
        <extensions>
          <gpxtpx:TrackPointExtension>
            <gpxtpx:hr>146</gpxtpx:hr>
            <gpxtpx:cad>0</gpxtpx:cad>
            <gpxtpx:atemp>304.65</gpxtpx:atemp>
          </gpxtpx:TrackPointExtension>
        </extensions>
      </trkpt>
      <trkpt lat="30.286492" lon="34.984371">
        <ele>296.8</ele>
        <time>2026-03-24T08:47:27.000Z</time>
        <extensions>
          <gpxtpx:TrackPointExtension>
            <gpxtpx:hr>147</gpxtpx:hr>
            <gpxtpx:cad>0</gpxtpx:cad>
            <gpxtpx:atemp>304.65</gpxtpx:atemp>
          </gpxtpx:TrackPointExtension>
        </extensions>
      </trkpt>
      <trkpt lat="30.286458" lon="34.984463">
        <ele>297.0</ele>
        <time>2026-03-24T08:47:32.000Z</time>
        <extensions>
          <gpxtpx:TrackPointExtension>
            <gpxtpx:hr>148</gpxtpx:hr>
            <gpxtpx:cad>0</gpxtpx:cad>
            <gpxtpx:atemp>304.65</gpxtpx:atemp>
          </gpxtpx:TrackPointExtension>
        </extensions>
      </trkpt>
      <trkpt lat="30.286467" lon="34.984519">
        <ele>296.8</ele>
        <time>2026-03-24T08:47:37.000Z</time>
        <extensions>
          <gpxtpx:TrackPointExtension>
            <gpxtpx:hr>147</gpxtpx:hr>
            <gpxtpx:cad>69</gpxtpx:cad>
            <gpxtpx:atemp>304.65</gpxtpx:atemp>
          </gpxtpx:TrackPointExtension>
        </extensions>
      </trkpt>
      <trkpt lat="30.286502" lon="34.984641">
        <ele>297.8</ele>
        <time>2026-03-24T08:47:43.000Z</time>
        <extensions>
          <gpxtpx:TrackPointExtension>
            <gpxtpx:hr>145</gpxtpx:hr>
            <gpxtpx:cad>71</gpxtpx:cad>
            <gpxtpx:atemp>304.65</gpxtpx:atemp>
          </gpxtpx:TrackPointExtension>
        </extensions>
      </trkpt>
      <trkpt lat="30.286546" lon="34.984727">
        <ele>297.8</ele>
        <time>2026-03-24T08:47:48.000Z</time>
        <extensions>
          <gpxtpx:TrackPointExtension>
            <gpxtpx:hr>144</gpxtpx:hr>
            <gpxtpx:cad>75</gpxtpx:cad>
            <gpxtpx:atemp>304.65</gpxtpx:atemp>
          </gpxtpx:TrackPointExtension>
        </extensions>
      </trkpt>
      <trkpt lat="30.286562" lon="34.984819">
        <ele>298.0</ele>
        <time>2026-03-24T08:47:52.000Z</time>
        <extensions>
          <gpxtpx:TrackPointExtension>
            <gpxtpx:hr>146</gpxtpx:hr>
            <gpxtpx:cad>77</gpxtpx:cad>
            <gpxtpx:atemp>304.65</gpxtpx:atemp>
          </gpxtpx:TrackPointExtension>
        </extensions>
      </trkpt>
      <trkpt lat="30.286624" lon="34.984954">
        <ele>297.2</ele>
        <time>2026-03-24T08:47:58.000Z</time>
        <extensions>
          <gpxtpx:TrackPointExtension>
            <gpxtpx:hr>146</gpxtpx:hr>
            <gpxtpx:cad>77</gpxtpx:cad>
            <gpxtpx:atemp>303.65</gpxtpx:atemp>
          </gpxtpx:TrackPointExtension>
        </extensions>
      </trkpt>
      <trkpt lat="30.286658" lon="34.985046">
        <ele>297.2</ele>
        <time>2026-03-24T08:48:02.000Z</time>
        <extensions>
          <gpxtpx:TrackPointExtension>
            <gpxtpx:hr>146</gpxtpx:hr>
            <gpxtpx:cad>79</gpxtpx:cad>
            <gpxtpx:atemp>303.65</gpxtpx:atemp>
          </gpxtpx:TrackPointExtension>
        </extensions>
      </trkpt>
      <trkpt lat="30.286680" lon="34.985120">
        <ele>297.0</ele>
        <time>2026-03-24T08:48:05.000Z</time>
        <extensions>
          <gpxtpx:TrackPointExtension>
            <gpxtpx:hr>146</gpxtpx:hr>
            <gpxtpx:cad>82</gpxtpx:cad>
            <gpxtpx:atemp>303.65</gpxtpx:atemp>
          </gpxtpx:TrackPointExtension>
        </extensions>
      </trkpt>
      <trkpt lat="30.286726" lon="34.985206">
        <ele>297.0</ele>
        <time>2026-03-24T08:48:09.000Z</time>
        <extensions>
          <gpxtpx:TrackPointExtension>
            <gpxtpx:hr>147</gpxtpx:hr>
            <gpxtpx:cad>81</gpxtpx:cad>
            <gpxtpx:atemp>303.65</gpxtpx:atemp>
          </gpxtpx:TrackPointExtension>
        </extensions>
      </trkpt>
      <trkpt lat="30.286755" lon="34.985381">
        <ele>296.6</ele>
        <time>2026-03-24T08:48:16.000Z</time>
        <extensions>
          <gpxtpx:TrackPointExtension>
            <gpxtpx:hr>148</gpxtpx:hr>
            <gpxtpx:cad>81</gpxtpx:cad>
            <gpxtpx:atemp>303.65</gpxtpx:atemp>
          </gpxtpx:TrackPointExtension>
        </extensions>
      </trkpt>
      <trkpt lat="30.286767" lon="34.985482">
        <ele>296.6</ele>
        <time>2026-03-24T08:48:20.000Z</time>
        <extensions>
          <gpxtpx:TrackPointExtension>
            <gpxtpx:hr>148</gpxtpx:hr>
            <gpxtpx:cad>82</gpxtpx:cad>
            <gpxtpx:atemp>303.65</gpxtpx:atemp>
          </gpxtpx:TrackPointExtension>
        </extensions>
      </trkpt>
      <trkpt lat="30.286798" lon="34.985603">
        <ele>297.2</ele>
        <time>2026-03-24T08:48:25.000Z</time>
        <extensions>
          <gpxtpx:TrackPointExtension>
            <gpxtpx:hr>148</gpxtpx:hr>
            <gpxtpx:cad>80</gpxtpx:cad>
            <gpxtpx:atemp>303.65</gpxtpx:atemp>
          </gpxtpx:TrackPointExtension>
        </extensions>
      </trkpt>
      <trkpt lat="30.286828" lon="34.985694">
        <ele>296.8</ele>
        <time>2026-03-24T08:48:29.000Z</time>
        <extensions>
          <gpxtpx:TrackPointExtension>
            <gpxtpx:hr>149</gpxtpx:hr>
            <gpxtpx:cad>80</gpxtpx:cad>
            <gpxtpx:atemp>303.65</gpxtpx:atemp>
          </gpxtpx:TrackPointExtension>
        </extensions>
      </trkpt>
      <trkpt lat="30.286831" lon="34.985821">
        <ele>296.2</ele>
        <time>2026-03-24T08:48:34.000Z</time>
        <extensions>
          <gpxtpx:TrackPointExtension>
            <gpxtpx:hr>150</gpxtpx:hr>
            <gpxtpx:cad>79</gpxtpx:cad>
            <gpxtpx:atemp>303.65</gpxtpx:atemp>
          </gpxtpx:TrackPointExtension>
        </extensions>
      </trkpt>
      <trkpt lat="30.286837" lon="34.985869">
        <ele>295.8</ele>
        <time>2026-03-24T08:48:36.000Z</time>
        <extensions>
          <gpxtpx:TrackPointExtension>
            <gpxtpx:hr>151</gpxtpx:hr>
            <gpxtpx:cad>80</gpxtpx:cad>
            <gpxtpx:atemp>303.65</gpxtpx:atemp>
          </gpxtpx:TrackPointExtension>
        </extensions>
      </trkpt>
      <trkpt lat="30.286829" lon="34.986003">
        <ele>295.6</ele>
        <time>2026-03-24T08:48:41.000Z</time>
        <extensions>
          <gpxtpx:TrackPointExtension>
            <gpxtpx:hr>153</gpxtpx:hr>
            <gpxtpx:cad>80</gpxtpx:cad>
            <gpxtpx:atemp>303.65</gpxtpx:atemp>
          </gpxtpx:TrackPointExtension>
        </extensions>
      </trkpt>
      <trkpt lat="30.286860" lon="34.986194">
        <ele>294.4</ele>
        <time>2026-03-24T08:48:49.000Z</time>
        <extensions>
          <gpxtpx:TrackPointExtension>
            <gpxtpx:hr>154</gpxtpx:hr>
            <gpxtpx:cad>79</gpxtpx:cad>
            <gpxtpx:atemp>303.65</gpxtpx:atemp>
          </gpxtpx:TrackPointExtension>
        </extensions>
      </trkpt>
      <trkpt lat="30.286931" lon="34.986259">
        <ele>293.8</ele>
        <time>2026-03-24T08:48:53.000Z</time>
        <extensions>
          <gpxtpx:TrackPointExtension>
            <gpxtpx:hr>153</gpxtpx:hr>
            <gpxtpx:cad>79</gpxtpx:cad>
            <gpxtpx:atemp>303.65</gpxtpx:atemp>
          </gpxtpx:TrackPointExtension>
        </extensions>
      </trkpt>
      <trkpt lat="30.286992" lon="34.986349">
        <ele>293.4</ele>
        <time>2026-03-24T08:48:58.000Z</time>
        <extensions>
          <gpxtpx:TrackPointExtension>
            <gpxtpx:hr>154</gpxtpx:hr>
            <gpxtpx:cad>79</gpxtpx:cad>
            <gpxtpx:atemp>303.65</gpxtpx:atemp>
          </gpxtpx:TrackPointExtension>
        </extensions>
      </trkpt>
      <trkpt lat="30.287018" lon="34.986395">
        <ele>293.2</ele>
        <time>2026-03-24T08:49:00.000Z</time>
        <extensions>
          <gpxtpx:TrackPointExtension>
            <gpxtpx:hr>154</gpxtpx:hr>
            <gpxtpx:cad>79</gpxtpx:cad>
            <gpxtpx:atemp>303.65</gpxtpx:atemp>
          </gpxtpx:TrackPointExtension>
        </extensions>
      </trkpt>
      <trkpt lat="30.287043" lon="34.986488">
        <ele>293.4</ele>
        <time>2026-03-24T08:49:04.000Z</time>
        <extensions>
          <gpxtpx:TrackPointExtension>
            <gpxtpx:hr>154</gpxtpx:hr>
            <gpxtpx:cad>78</gpxtpx:cad>
            <gpxtpx:atemp>303.65</gpxtpx:atemp>
          </gpxtpx:TrackPointExtension>
        </extensions>
      </trkpt>
      <trkpt lat="30.287091" lon="34.986567">
        <ele>293.0</ele>
        <time>2026-03-24T08:49:08.000Z</time>
        <extensions>
          <gpxtpx:TrackPointExtension>
            <gpxtpx:hr>155</gpxtpx:hr>
            <gpxtpx:cad>79</gpxtpx:cad>
            <gpxtpx:atemp>303.65</gpxtpx:atemp>
          </gpxtpx:TrackPointExtension>
        </extensions>
      </trkpt>
      <trkpt lat="30.287102" lon="34.986611">
        <ele>293.2</ele>
        <time>2026-03-24T08:49:10.000Z</time>
        <extensions>
          <gpxtpx:TrackPointExtension>
            <gpxtpx:hr>155</gpxtpx:hr>
            <gpxtpx:cad>79</gpxtpx:cad>
            <gpxtpx:atemp>303.65</gpxtpx:atemp>
          </gpxtpx:TrackPointExtension>
        </extensions>
      </trkpt>
      <trkpt lat="30.287118" lon="34.986736">
        <ele>293.0</ele>
        <time>2026-03-24T08:49:15.000Z</time>
        <extensions>
          <gpxtpx:TrackPointExtension>
            <gpxtpx:hr>155</gpxtpx:hr>
            <gpxtpx:cad>78</gpxtpx:cad>
            <gpxtpx:atemp>303.65</gpxtpx:atemp>
          </gpxtpx:TrackPointExtension>
        </extensions>
      </trkpt>
      <trkpt lat="30.287145" lon="34.986813">
        <ele>292.2</ele>
        <time>2026-03-24T08:49:19.000Z</time>
        <extensions>
          <gpxtpx:TrackPointExtension>
            <gpxtpx:hr>155</gpxtpx:hr>
            <gpxtpx:cad>78</gpxtpx:cad>
            <gpxtpx:atemp>303.65</gpxtpx:atemp>
          </gpxtpx:TrackPointExtension>
        </extensions>
      </trkpt>
      <trkpt lat="30.287257" lon="34.986991">
        <ele>292.0</ele>
        <time>2026-03-24T08:49:28.000Z</time>
        <extensions>
          <gpxtpx:TrackPointExtension>
            <gpxtpx:hr>157</gpxtpx:hr>
            <gpxtpx:cad>77</gpxtpx:cad>
            <gpxtpx:atemp>303.65</gpxtpx:atemp>
          </gpxtpx:TrackPointExtension>
        </extensions>
      </trkpt>
      <trkpt lat="30.287303" lon="34.987075">
        <ele>292.0</ele>
        <time>2026-03-24T08:49:32.000Z</time>
        <extensions>
          <gpxtpx:TrackPointExtension>
            <gpxtpx:hr>157</gpxtpx:hr>
            <gpxtpx:cad>78</gpxtpx:cad>
            <gpxtpx:atemp>303.65</gpxtpx:atemp>
          </gpxtpx:TrackPointExtension>
        </extensions>
      </trkpt>
      <trkpt lat="30.287331" lon="34.987175">
        <ele>292.0</ele>
        <time>2026-03-24T08:49:36.000Z</time>
        <extensions>
          <gpxtpx:TrackPointExtension>
            <gpxtpx:hr>158</gpxtpx:hr>
            <gpxtpx:cad>80</gpxtpx:cad>
            <gpxtpx:atemp>303.65</gpxtpx:atemp>
          </gpxtpx:TrackPointExtension>
        </extensions>
      </trkpt>
      <trkpt lat="30.287379" lon="34.987503">
        <ele>293.2</ele>
        <time>2026-03-24T08:49:49.000Z</time>
        <extensions>
          <gpxtpx:TrackPointExtension>
            <gpxtpx:hr>161</gpxtpx:hr>
            <gpxtpx:cad>82</gpxtpx:cad>
            <gpxtpx:atemp>303.65</gpxtpx:atemp>
          </gpxtpx:TrackPointExtension>
        </extensions>
      </trkpt>
      <trkpt lat="30.287404" lon="34.987673">
        <ele>293.0</ele>
        <time>2026-03-24T08:49:55.000Z</time>
        <extensions>
          <gpxtpx:TrackPointExtension>
            <gpxtpx:hr>164</gpxtpx:hr>
            <gpxtpx:cad>82</gpxtpx:cad>
            <gpxtpx:atemp>303.65</gpxtpx:atemp>
          </gpxtpx:TrackPointExtension>
        </extensions>
      </trkpt>
      <trkpt lat="30.287434" lon="34.987777">
        <ele>292.6</ele>
        <time>2026-03-24T08:50:00.000Z</time>
        <extensions>
          <gpxtpx:TrackPointExtension>
            <gpxtpx:hr>163</gpxtpx:hr>
            <gpxtpx:cad>82</gpxtpx:cad>
            <gpxtpx:atemp>303.65</gpxtpx:atemp>
          </gpxtpx:TrackPointExtension>
        </extensions>
      </trkpt>
      <trkpt lat="30.287551" lon="34.987756">
        <ele>291.8</ele>
        <time>2026-03-24T08:50:05.000Z</time>
        <extensions>
          <gpxtpx:TrackPointExtension>
            <gpxtpx:hr>161</gpxtpx:hr>
            <gpxtpx:cad>80</gpxtpx:cad>
            <gpxtpx:atemp>303.65</gpxtpx:atemp>
          </gpxtpx:TrackPointExtension>
        </extensions>
      </trkpt>
      <trkpt lat="30.287602" lon="34.987754">
        <ele>292.0</ele>
        <time>2026-03-24T08:50:07.000Z</time>
        <extensions>
          <gpxtpx:TrackPointExtension>
            <gpxtpx:hr>160</gpxtpx:hr>
            <gpxtpx:cad>80</gpxtpx:cad>
            <gpxtpx:atemp>303.65</gpxtpx:atemp>
          </gpxtpx:TrackPointExtension>
        </extensions>
      </trkpt>
      <trkpt lat="30.287800" lon="34.987722">
        <ele>291.8</ele>
        <time>2026-03-24T08:50:15.000Z</time>
        <extensions>
          <gpxtpx:TrackPointExtension>
            <gpxtpx:hr>160</gpxtpx:hr>
            <gpxtpx:cad>80</gpxtpx:cad>
            <gpxtpx:atemp>303.65</gpxtpx:atemp>
          </gpxtpx:TrackPointExtension>
        </extensions>
      </trkpt>
      <trkpt lat="30.287916" lon="34.987713">
        <ele>292.0</ele>
        <time>2026-03-24T08:50:20.000Z</time>
        <extensions>
          <gpxtpx:TrackPointExtension>
            <gpxtpx:hr>161</gpxtpx:hr>
            <gpxtpx:cad>83</gpxtpx:cad>
            <gpxtpx:atemp>303.65</gpxtpx:atemp>
          </gpxtpx:TrackPointExtension>
        </extensions>
      </trkpt>
      <trkpt lat="30.287965" lon="34.987703">
        <ele>291.8</ele>
        <time>2026-03-24T08:50:24.000Z</time>
        <extensions>
          <gpxtpx:TrackPointExtension>
            <gpxtpx:hr>163</gpxtpx:hr>
            <gpxtpx:cad>80</gpxtpx:cad>
            <gpxtpx:atemp>303.65</gpxtpx:atemp>
          </gpxtpx:TrackPointExtension>
        </extensions>
      </trkpt>
    </trkseg>
  </trk>
</gpx>
